[{"ccaa":"Andalucía","dosisAdministradas":251172,"dosisEntregadas":251420,"dosisEntregadasModerna":6800,"dosisEntregadasPfizer":244620,"dosisPautaCompletada":37978,"porcentajeEntregadas":0.9990136027364569,"porcentajePoblacionAdministradas":0.02967388989027116,"porcentajePoblacionCompletas":0.004486785908671023},{"ccaa":"Aragón","dosisAdministradas":43531,"dosisEntregadas":42465,"dosisEntregadasModerna":1200,"dosisEntregadasPfizer":41265,"dosisPautaCompletada":2945,"porcentajeEntregadas":1.0251030260214293,"porcentajePoblacionAdministradas":0.03274506898271464,"porcentajePoblacionCompletas":0.002215300088536781},{"ccaa":"Asturias","dosisAdministradas":44087,"dosisEntregadas":45395,"dosisEntregadasModerna":1200,"dosisEntregadasPfizer":44195,"dosisPautaCompletada":10694,"porcentajeEntregadas":0.9711862539927305,"porcentajePoblacionAdministradas":0.04327413858089644,"porcentajePoblacionCompletas":0.01049682759053931},{"ccaa":"Baleares","dosisAdministradas":22372,"dosisEntregadas":23190,"dosisEntregadasModerna":600,"dosisEntregadasPfizer":22590,"dosisPautaCompletada":2879,"porcentajeEntregadas":0.9647261750754635,"porcentajePoblacionAdministradas":0.019096183409401106,"porcentajePoblacionCompletas":0.0024574428766165647},{"ccaa":"Canarias","dosisAdministradas":52768,"dosisEntregadas":47485,"dosisEntregadasModerna":1300,"dosisEntregadasPfizer":46185,"dosisPautaCompletada":5149,"porcentajeEntregadas":1.1112561861640518,"porcentajePoblacionAdministradas":0.024250534938270698,"porcentajePoblacionCompletas":0.002366320580601043},{"ccaa":"Cantabria","dosisAdministradas":20743,"dosisEntregadas":21125,"dosisEntregadasModerna":500,"dosisEntregadasPfizer":20625,"dosisPautaCompletada":300,"porcentajeEntregadas":0.9819171597633136,"porcentajePoblacionAdministradas":0.035585558538698416,"porcentajePoblacionCompletas":0.0005146636244327978},{"ccaa":"Castilla y Leon","dosisAdministradas":99536,"dosisEntregadas":95815,"dosisEntregadasModerna":2500,"dosisEntregadasPfizer":93315,"dosisPautaCompletada":13245,"porcentajeEntregadas":1.0388352554401712,"porcentajePoblacionAdministradas":0.04156133946966034,"porcentajePoblacionCompletas":0.0055304607506394795},{"ccaa":"Castilla La Mancha","dosisAdministradas":64349,"dosisEntregadas":63575,"dosisEntregadasModerna":1700,"dosisEntregadasPfizer":61875,"dosisPautaCompletada":3623,"porcentajeEntregadas":1.0121745969327567,"porcentajePoblacionAdministradas":0.03146310349835055,"porcentajePoblacionCompletas":0.0017714467042925924},{"ccaa":"Cataluña","dosisAdministradas":182713,"dosisEntregadas":217020,"dosisEntregadasModerna":5800,"dosisEntregadasPfizer":211220,"dosisPautaCompletada":9620,"porcentajeEntregadas":0.841917795594876,"porcentajePoblacionAdministradas":0.023483515603602297,"porcentajePoblacionCompletas":0.0012364277315059908},{"ccaa":"C. Valenciana","dosisAdministradas":105490,"dosisEntregadas":111900,"dosisEntregadasModerna":2900,"dosisEntregadasPfizer":109000,"dosisPautaCompletada":5393,"porcentajeEntregadas":0.9427167113494191,"porcentajePoblacionAdministradas":0.02085873776262009,"porcentajePoblacionCompletas":0.0010663681178671926},{"ccaa":"Extremadura","dosisAdministradas":35441,"dosisEntregadas":40275,"dosisEntregadasModerna":1000,"dosisEntregadasPfizer":39275,"dosisPautaCompletada":1721,"porcentajeEntregadas":0.8799751707014277,"porcentajePoblacionAdministradas":0.03330961750472515,"porcentajePoblacionCompletas":0.0016175009657072878},{"ccaa":"Galicia","dosisAdministradas":70384,"dosisEntregadas":68605,"dosisEntregadasModerna":1800,"dosisEntregadasPfizer":66805,"dosisPautaCompletada":12042,"porcentajeEntregadas":1.025931054587858,"porcentajePoblacionAdministradas":0.02605059776395088,"porcentajePoblacionCompletas":0.004456997304408622},{"ccaa":"La Rioja","dosisAdministradas":9387,"dosisEntregadas":11965,"dosisEntregadasModerna":200,"dosisEntregadasPfizer":11765,"dosisPautaCompletada":455,"porcentajeEntregadas":0.7845382365231927,"porcentajePoblacionAdministradas":0.02934226073257188,"porcentajePoblacionCompletas":0.0014222572316310007},{"ccaa":"Madrid","dosisAdministradas":169501,"dosisEntregadas":176615,"dosisEntregadasModerna":4700,"dosisEntregadasPfizer":171915,"dosisPautaCompletada":4073,"porcentajeEntregadas":0.9597202955581349,"porcentajePoblacionAdministradas":0.025000560481235088,"porcentajePoblacionCompletas":0.000600747386977484},{"ccaa":"Murcia","dosisAdministradas":48652,"dosisEntregadas":46385,"dosisEntregadasModerna":1200,"dosisEntregadasPfizer":45185,"dosisPautaCompletada":5829,"porcentajeEntregadas":1.0488735582623694,"porcentajePoblacionAdministradas":0.03219319623278992,"porcentajePoblacionCompletas":0.003857069408059945},{"ccaa":"Navarra","dosisAdministradas":18703,"dosisEntregadas":21125,"dosisEntregadasModerna":500,"dosisEntregadasPfizer":20625,"dosisPautaCompletada":1757,"porcentajeEntregadas":0.8853491124260355,"porcentajePoblacionAdministradas":0.028286577222824665,"porcentajePoblacionCompletas":0.002657301832887929},{"ccaa":"País Vasco","dosisAdministradas":48927,"dosisEntregadas":57380,"dosisEntregadasModerna":1400,"dosisEntregadasPfizer":55980,"dosisPautaCompletada":5159,"porcentajeEntregadas":0.8526838619728129,"porcentajePoblacionAdministradas":0.022034186833259476,"porcentajePoblacionCompletas":0.0023233464114453296},{"ccaa":"Ceuta","dosisAdministradas":1829,"dosisEntregadas":2180,"dosisEntregadasModerna":200,"dosisEntregadasPfizer":1980,"dosisPautaCompletada":503,"porcentajeEntregadas":0.8389908256880734,"porcentajePoblacionAdministradas":0.021721574309398826,"porcentajePoblacionCompletas":0.005973729840146315},{"ccaa":"Melilla","dosisAdministradas":1631,"dosisEntregadas":2180,"dosisEntregadasModerna":200,"dosisEntregadasPfizer":1980,"dosisPautaCompletada":332,"porcentajeEntregadas":0.748165137614679,"porcentajePoblacionAdministradas":0.018730763930359686,"porcentajePoblacionCompletas":0.0038127612660204878},{"ccaa":"Totales","dosisAdministradas":1291216,"dosisEntregadas":1346100,"dosisEntregadasModerna":35700,"dosisEntregadasPfizer":1310400,"dosisPautaCompletada":123697,"porcentajeEntregadas":0.9592273976673352,"porcentajePoblacionAdministradas":0.027507797187899447,"porcentajePoblacionCompletas":0.0026352151682999575}]
