[{"ccaa":"Andalucía","dosisAdministradas":1185021,"dosisEntregadas":1354820,"dosisEntregadasModerna":111200,"dosisEntregadasPfizer":899820,"dosisEntregadasAstrazeneca":343800,"dosisPautaCompletada":420167,"porcentajeEntregadas":0.8746704359250675,"porcentajePoblacionAdministradas":0.14000040877032083,"porcentajePoblacionCompletas":0.04963924837770756,"fechaUltRegistro":1616281156000},{"ccaa":"Aragón","dosisAdministradas":206488,"dosisEntregadas":240985,"dosisEntregadasModerna":21700,"dosisEntregadasPfizer":165285,"dosisEntregadasAstrazeneca":54000,"dosisPautaCompletada":72018,"porcentajeEntregadas":0.8568500114114986,"porcentajePoblacionAdministradas":0.15532525795646276,"porcentajePoblacionCompletas":0.054173678022493,"fechaUltRegistro":1616281156000},{"ccaa":"Asturias","dosisAdministradas":186327,"dosisEntregadas":223395,"dosisEntregadasModerna":20700,"dosisEntregadasPfizer":161195,"dosisEntregadasAstrazeneca":41500,"dosisPautaCompletada":73510,"porcentajeEntregadas":0.8340696971731686,"porcentajePoblacionAdministradas":0.18289156484593397,"porcentajePoblacionCompletas":0.07215464710870999,"fechaUltRegistro":1616281156000},{"ccaa":"Baleares","dosisAdministradas":124537,"dosisEntregadas":145540,"dosisEntregadasModerna":11100,"dosisEntregadasPfizer":86940,"dosisEntregadasAstrazeneca":47500,"dosisPautaCompletada":35863,"porcentajeEntregadas":0.8556891576198983,"porcentajePoblacionAdministradas":0.10630168931059296,"porcentajePoblacionCompletas":0.03061176585067727,"fechaUltRegistro":1616194756000},{"ccaa":"Canarias","dosisAdministradas":237712,"dosisEntregadas":297300,"dosisEntregadasModerna":22900,"dosisEntregadasPfizer":186000,"dosisEntregadasAstrazeneca":88400,"dosisPautaCompletada":79378,"porcentajeEntregadas":0.7995694584594686,"porcentajePoblacionAdministradas":0.10924505687625462,"porcentajePoblacionCompletas":0.03647966499261013,"fechaUltRegistro":1616194756000},{"ccaa":"Cantabria","dosisAdministradas":90057,"dosisEntregadas":112425,"dosisEntregadasModerna":9700,"dosisEntregadasPfizer":79125,"dosisEntregadasAstrazeneca":23600,"dosisPautaCompletada":36150,"porcentajeEntregadas":0.801040693795864,"porcentajePoblacionAdministradas":0.15449687341848156,"porcentajePoblacionCompletas":0.062016966744152136,"fechaUltRegistro":1616108356000},{"ccaa":"Castilla y Leon","dosisAdministradas":425312,"dosisEntregadas":509755,"dosisEntregadasModerna":47700,"dosisEntregadasPfizer":364755,"dosisEntregadasAstrazeneca":97300,"dosisPautaCompletada":152775,"porcentajeEntregadas":0.8343459112711008,"porcentajePoblacionAdministradas":0.17758937884303347,"porcentajePoblacionCompletas":0.0637913281373308,"fechaUltRegistro":1616281156000},{"ccaa":"Castilla La Mancha","dosisAdministradas":267942,"dosisEntregadas":353815,"dosisEntregadasModerna":31000,"dosisEntregadasPfizer":239715,"dosisEntregadasAstrazeneca":83100,"dosisPautaCompletada":93690,"porcentajeEntregadas":0.7572940661079943,"porcentajePoblacionAdministradas":0.13100882496317023,"porcentajePoblacionCompletas":0.04580923039612834,"fechaUltRegistro":1616194756000},{"ccaa":"Cataluña","dosisAdministradas":1006049,"dosisEntregadas":1241120,"dosisEntregadasModerna":105400,"dosisEntregadasPfizer":819620,"dosisEntregadasAstrazeneca":316100,"dosisPautaCompletada":342038,"porcentajeEntregadas":0.8105976859610674,"porcentajePoblacionAdministradas":0.12930424977690963,"porcentajePoblacionCompletas":0.04396104661422517,"fechaUltRegistro":1616194756000},{"ccaa":"C. Valenciana","dosisAdministradas":560267,"dosisEntregadas":713840,"dosisEntregadasModerna":57800,"dosisEntregadasPfizer":450640,"dosisEntregadasAstrazeneca":205400,"dosisPautaCompletada":198337,"porcentajeEntregadas":0.7848635548582316,"porcentajePoblacionAdministradas":0.11078265646080074,"porcentajePoblacionCompletas":0.03921755115769059,"fechaUltRegistro":1616281156000},{"ccaa":"Extremadura","dosisAdministradas":170024,"dosisEntregadas":204405,"dosisEntregadasModerna":17800,"dosisEntregadasPfizer":143405,"dosisEntregadasAstrazeneca":43200,"dosisPautaCompletada":64751,"porcentajeEntregadas":0.8317996135123896,"porcentajePoblacionAdministradas":0.15979894491192093,"porcentajePoblacionCompletas":0.060856946560437296,"fechaUltRegistro":1616021956000},{"ccaa":"Galicia","dosisAdministradas":385402,"dosisEntregadas":464875,"dosisEntregadasModerna":41400,"dosisEntregadasPfizer":313675,"dosisEntregadasAstrazeneca":109800,"dosisPautaCompletada":119986,"porcentajeEntregadas":0.8290443667652595,"porcentajePoblacionAdministradas":0.14264538076014716,"porcentajePoblacionCompletas":0.0444093405220705,"fechaUltRegistro":1616194756000},{"ccaa":"La Rioja","dosisAdministradas":50050,"dosisEntregadas":58715,"dosisEntregadasModerna":4800,"dosisEntregadasPfizer":41015,"dosisEntregadasAstrazeneca":12900,"dosisPautaCompletada":16774,"porcentajeEntregadas":0.8524227199182491,"porcentajePoblacionAdministradas":0.15644829547941008,"porcentajePoblacionCompletas":0.05243284132610639,"fechaUltRegistro":1616108356000},{"ccaa":"Madrid","dosisAdministradas":848206,"dosisEntregadas":1028695,"dosisEntregadasModerna":85200,"dosisEntregadasPfizer":667995,"dosisEntregadasAstrazeneca":275500,"dosisPautaCompletada":232389,"porcentajeEntregadas":0.8245456622225247,"porcentajePoblacionAdministradas":0.12510619644454304,"porcentajePoblacionCompletas":0.03427622993182188,"fechaUltRegistro":1616281156000},{"ccaa":"Murcia","dosisAdministradas":198036,"dosisEntregadas":243285,"dosisEntregadasModerna":19800,"dosisEntregadasPfizer":162185,"dosisEntregadasAstrazeneca":61300,"dosisPautaCompletada":64677,"porcentajeEntregadas":0.814008261915038,"porcentajePoblacionAdministradas":0.13104110435658933,"porcentajePoblacionCompletas":0.042796994013568894,"fechaUltRegistro":1616281156000},{"ccaa":"Navarra","dosisAdministradas":99308,"dosisEntregadas":113285,"dosisEntregadasModerna":9700,"dosisEntregadasPfizer":76785,"dosisEntregadasAstrazeneca":26800,"dosisPautaCompletada":30828,"porcentajeEntregadas":0.8766209118594694,"porcentajePoblacionAdministradas":0.1501942688790179,"porcentajePoblacionCompletas":0.04662453096429657,"fechaUltRegistro":1616281156000},{"ccaa":"País Vasco","dosisAdministradas":262965,"dosisEntregadas":359500,"dosisEntregadasModerna":30800,"dosisEntregadasPfizer":238500,"dosisEntregadasAstrazeneca":90200,"dosisPautaCompletada":72611,"porcentajeEntregadas":0.7314742698191933,"porcentajePoblacionAdministradas":0.1184258168415819,"porcentajePoblacionCompletas":0.03270023382079024,"fechaUltRegistro":1616281156000},{"ccaa":"Ceuta","dosisAdministradas":9432,"dosisEntregadas":9890,"dosisEntregadasModerna":900,"dosisEntregadasPfizer":5490,"dosisEntregadasAstrazeneca":3500,"dosisPautaCompletada":2542,"porcentajeEntregadas":0.953690596562184,"porcentajePoblacionAdministradas":0.11201634165459252,"porcentajePoblacionCompletas":0.030189306667300065,"fechaUltRegistro":1615935556000},{"ccaa":"Melilla","dosisAdministradas":8773,"dosisEntregadas":8620,"dosisEntregadasModerna":800,"dosisEntregadasPfizer":4320,"dosisEntregadasAstrazeneca":3500,"dosisPautaCompletada":2384,"porcentajeEntregadas":1.0177494199535964,"porcentajePoblacionAdministradas":0.10075106803252332,"porcentajePoblacionCompletas":0.02737838210299049,"fechaUltRegistro":1616194756000},{"ccaa":"Totales","dosisAdministradas":6321908,"dosisEntregadas":7684265,"dosisEntregadasModerna":650400,"dosisEntregadasPfizer":5106465,"dosisEntregadasAstrazeneca":1927400,"dosisPautaCompletada":2110868,"porcentajeEntregadas":0.8227082225821207,"porcentajePoblacionAdministradas":0.13468061354921176,"porcentajePoblacionCompletas":0.044969492969748615,"fechaUltRegistro":null}]