[{"ccaa":"Andalucía","dosisAdministradas":12802416,"dosisEntregadas":13316870,"dosisEntregadasModerna":2019500,"dosisEntregadasPfizer":9434970,"dosisEntregadasAstrazeneca":1528900,"dosisEntregadasJanssen":333500,"dosisPrimeraDosis":6813703,"dosisPautaCompletada":6662207,"porcentajeEntregadas":0.9613682494460034,"porcentajePoblacionAdministradas":1.512499333976103,"porcentajePoblacionPrimeraDosis":0.8049825321572878,"porcentajePoblacionCompletas":0.7870845354744707,"fechaUltRegistro":1634169600000,"etarios":{"unaDosis":{"etarioTotal":{"vacunados":6813703,"personasINE":7451975,"porcentaje":0.914348612280637},"etarioRangos":[{"rango":{"min":12,"max":19},"vacunados":656671,"personasINE":752907,"porcentaje":0.8165627907377416},{"rango":{"min":20,"max":29},"vacunados":758319,"personasINE":928672,"porcentaje":0.8998739453936644},{"rango":{"min":30,"max":39},"vacunados":923412,"personasINE":1140217,"porcentaje":0.8998739453936644},{"rango":{"min":40,"max":49},"vacunados":1246428,"personasINE":1385114,"porcentaje":0.8998739453936644},{"rango":{"min":50,"max":59},"vacunados":1212922,"personasINE":1265021,"porcentaje":0.9588157034547252},{"rango":{"min":60,"max":69},"vacunados":927994,"personasINE":927994,"porcentaje":1},{"rango":{"min":70,"max":79},"vacunados":653950,"personasINE":653950,"porcentaje":1},{"rango":{"min":80,"max":null},"vacunados":434007,"personasINE":434007,"porcentaje":1}]},"pautaCompleta":{"etarioTotal":{"vacunados":6662207,"personasINE":7451975,"porcentaje":0.8940189681258995},"etarioRangos":[{"rango":{"min":12,"max":19},"vacunados":628596,"personasINE":752907,"porcentaje":0.775302797973881},{"rango":{"min":20,"max":29},"vacunados":720002,"personasINE":928672,"porcentaje":0.8859819480562611},{"rango":{"min":30,"max":39},"vacunados":893317,"personasINE":1140217,"porcentaje":0.8859819480562611},{"rango":{"min":40,"max":49},"vacunados":1227186,"personasINE":1385114,"porcentaje":0.8859819480562611},{"rango":{"min":50,"max":59},"vacunados":1199243,"personasINE":1265021,"porcentaje":0.9480024442281986},{"rango":{"min":60,"max":69},"vacunados":917558,"personasINE":916147,"porcentaje":1.0015401458499564},{"rango":{"min":70,"max":79},"vacunados":648773,"personasINE":650381,"porcentaje":0.9975276030511346},{"rango":{"min":80,"max":null},"vacunados":427532,"personasINE":427532,"porcentaje":1}]}}},{"ccaa":"Aragón","dosisAdministradas":1996629,"dosisEntregadas":2136845,"dosisEntregadasModerna":275200,"dosisEntregadasPfizer":1531845,"dosisEntregadasAstrazeneca":265100,"dosisEntregadasJanssen":64700,"dosisPrimeraDosis":1063909,"dosisPautaCompletada":1043394,"porcentajeEntregadas":0.9343817637685466,"porcentajePoblacionAdministradas":1.5019125298727012,"porcentajePoblacionPrimeraDosis":0.8002980312037618,"porcentajePoblacionCompletas":0.7848661529978764,"fechaUltRegistro":1634169600000,"etarios":{"unaDosis":{"etarioTotal":{"vacunados":1063909,"personasINE":1185134,"porcentaje":0.8977119886865114},"etarioRangos":[{"rango":{"min":12,"max":19},"vacunados":87564,"personasINE":103109,"porcentaje":0.7912132575670432},{"rango":{"min":20,"max":29},"vacunados":103175,"personasINE":130401,"porcentaje":0.8720032752869366},{"rango":{"min":30,"max":39},"vacunados":124993,"personasINE":164286,"porcentaje":0.8720032752869366},{"rango":{"min":40,"max":49},"vacunados":187431,"personasINE":214943,"porcentaje":0.8720032752869366},{"rango":{"min":50,"max":59},"vacunados":185802,"personasINE":198266,"porcentaje":0.9371349601041026},{"rango":{"min":60,"max":69},"vacunados":154458,"personasINE":156367,"porcentaje":0.9877915416935799},{"rango":{"min":70,"max":79},"vacunados":119247,"personasINE":119247,"porcentaje":1},{"rango":{"min":80,"max":null},"vacunados":101239,"personasINE":101239,"porcentaje":1}]},"pautaCompleta":{"etarioTotal":{"vacunados":1043394,"personasINE":1185134,"porcentaje":0.8804017098488441},"etarioRangos":[{"rango":{"min":12,"max":19},"vacunados":84148,"personasINE":103109,"porcentaje":0.759518715347275},{"rango":{"min":20,"max":29},"vacunados":99042,"personasINE":130400.99999999999,"porcentaje":0.8591347473516234},{"rango":{"min":30,"max":39},"vacunados":121190,"personasINE":164286,"porcentaje":0.8591347473516234},{"rango":{"min":40,"max":49},"vacunados":184665,"personasINE":214943,"porcentaje":0.8591347473516234},{"rango":{"min":50,"max":59},"vacunados":183652,"personasINE":198266,"porcentaje":0.9262909424712256},{"rango":{"min":60,"max":69},"vacunados":152357,"personasINE":156367,"porcentaje":0.9743552028241252},{"rango":{"min":70,"max":79},"vacunados":118457,"personasINE":118955,"porcentaje":0.9958135429364046},{"rango":{"min":80,"max":null},"vacunados":99883,"personasINE":99883,"porcentaje":1}]}}},{"ccaa":"Asturias","dosisAdministradas":1671298,"dosisEntregadas":1650625,"dosisEntregadasModerna":162000,"dosisEntregadasPfizer":1224725,"dosisEntregadasAstrazeneca":220900,"dosisEntregadasJanssen":43000,"dosisPrimeraDosis":872720,"dosisPautaCompletada":862769,"porcentajeEntregadas":1.0125243468383187,"porcentajePoblacionAdministradas":1.6404831642428621,"porcentajePoblacionPrimeraDosis":0.8566290793730565,"porcentajePoblacionCompletas":0.846861552596036,"fechaUltRegistro":1634169600000,"etarios":{"unaDosis":{"etarioTotal":{"vacunados":872720,"personasINE":933927,"porcentaje":0.9344627577958449},"etarioRangos":[{"rango":{"min":12,"max":19},"vacunados":60392,"personasINE":64000,"porcentaje":0.840034887689449},{"rango":{"min":20,"max":29},"vacunados":66456,"personasINE":79111,"porcentaje":0.9014210176474463},{"rango":{"min":30,"max":39},"vacunados":90800,"personasINE":114451,"porcentaje":0.9014210176474463},{"rango":{"min":40,"max":49},"vacunados":150531,"personasINE":166993,"porcentaje":0.9014210176474463},{"rango":{"min":50,"max":59},"vacunados":153122,"personasINE":162645,"porcentaje":0.9414491684343201},{"rango":{"min":60,"max":69},"vacunados":148143,"personasINE":149652,"porcentaje":0.989916606527143},{"rango":{"min":70,"max":79},"vacunados":114336,"personasINE":114336,"porcentaje":1},{"rango":{"min":80,"max":null},"vacunados":88940,"personasINE":88940,"porcentaje":1}]},"pautaCompleta":{"etarioTotal":{"vacunados":862769,"personasINE":933927,"porcentaje":0.9238077494279532},"etarioRangos":[{"rango":{"min":12,"max":19},"vacunados":58840,"personasINE":63999.99999999999,"porcentaje":0.8126429952851058},{"rango":{"min":20,"max":29},"vacunados":64289,"personasINE":79111,"porcentaje":0.8945225248962532},{"rango":{"min":30,"max":39},"vacunados":88819,"personasINE":114451,"porcentaje":0.8945225248962532},{"rango":{"min":40,"max":49},"vacunados":149379,"personasINE":166993,"porcentaje":0.8945225248962532},{"rango":{"min":50,"max":59},"vacunados":152219,"personasINE":162645,"porcentaje":0.9358971994220542},{"rango":{"min":60,"max":69},"vacunados":147188,"personasINE":149652,"porcentaje":0.9835351348461765},{"rango":{"min":70,"max":79},"vacunados":113898,"personasINE":113898,"porcentaje":1},{"rango":{"min":80,"max":null},"vacunados":88137,"personasINE":88137,"porcentaje":1}]}}},{"ccaa":"Baleares","dosisAdministradas":1597772,"dosisEntregadas":1891250,"dosisEntregadasModerna":305100,"dosisEntregadasPfizer":1272150,"dosisEntregadasAstrazeneca":256400,"dosisEntregadasJanssen":57600,"dosisPrimeraDosis":852811,"dosisPautaCompletada":834662,"porcentajeEntregadas":0.8448232650363516,"porcentajePoblacionAdministradas":1.3638184855357423,"porcentajePoblacionPrimeraDosis":0.7279382831018579,"porcentajePoblacionCompletas":0.712446747579901,"fechaUltRegistro":1634169600000,"etarios":{"unaDosis":{"etarioTotal":{"vacunados":852811,"personasINE":1034867,"porcentaje":0.8240778766740073},"etarioRangos":[{"rango":{"min":12,"max":19},"vacunados":73874,"personasINE":95480,"porcentaje":0.6960099172115817},{"rango":{"min":20,"max":29},"vacunados":96009,"personasINE":137942,"porcentaje":0.8091884445996547},{"rango":{"min":30,"max":39},"vacunados":125281,"personasINE":182187,"porcentaje":0.8091884445996547},{"rango":{"min":40,"max":49},"vacunados":166832,"personasINE":206172,"porcentaje":0.8091884445996547},{"rango":{"min":50,"max":59},"vacunados":149940,"personasINE":165797,"porcentaje":0.9043589449748789},{"rango":{"min":60,"max":69},"vacunados":110218,"personasINE":117231,"porcentaje":0.9401779392822718},{"rango":{"min":70,"max":79},"vacunados":79188,"personasINE":80516,"porcentaje":0.9835063838243331},{"rango":{"min":80,"max":null},"vacunados":51469,"personasINE":51469,"porcentaje":1}]},"pautaCompleta":{"etarioTotal":{"vacunados":834662,"personasINE":1034867,"porcentaje":0.8065403573599312},"etarioRangos":[{"rango":{"min":12,"max":19},"vacunados":71354,"personasINE":95480,"porcentaje":0.6646126632932682},{"rango":{"min":20,"max":29},"vacunados":91678,"personasINE":137942,"porcentaje":0.7960052771472362},{"rango":{"min":30,"max":39},"vacunados":120658,"personasINE":182187,"porcentaje":0.7960052771472362},{"rango":{"min":40,"max":49},"vacunados":164114,"personasINE":206172,"porcentaje":0.7960052771472362},{"rango":{"min":50,"max":59},"vacunados":148153,"personasINE":165797,"porcentaje":0.8935807041140672},{"rango":{"min":60,"max":69},"vacunados":109146,"personasINE":117231,"porcentaje":0.9310336003275584},{"rango":{"min":70,"max":79},"vacunados":78725,"personasINE":80516,"porcentaje":0.977755973967907},{"rango":{"min":80,"max":null},"vacunados":50834,"personasINE":50834,"porcentaje":1}]}}},{"ccaa":"Canarias","dosisAdministradas":3134909,"dosisEntregadas":3522840,"dosisEntregadasModerna":574700,"dosisEntregadasPfizer":2358690,"dosisEntregadasAstrazeneca":455800,"dosisEntregadasJanssen":133650,"dosisPrimeraDosis":1668495,"dosisPautaCompletada":1625164,"porcentajeEntregadas":0.8898811754152899,"porcentajePoblacionAdministradas":1.4407068722104164,"porcentajePoblacionPrimeraDosis":0.7667885137172143,"porcentajePoblacionCompletas":0.7468749310646559,"fechaUltRegistro":1634169600000,"etarios":{"unaDosis":{"etarioTotal":{"vacunados":1668495,"personasINE":1960774,"porcentaje":0.8509369259282303},"etarioRangos":[{"rango":{"min":12,"max":19},"vacunados":147929,"personasINE":179797,"porcentaje":0.7390128223461557},{"rango":{"min":20,"max":29},"vacunados":186045,"personasINE":251747.99999999997,"porcentaje":0.8178277188315237},{"rango":{"min":30,"max":39},"vacunados":228353,"personasINE":310934,"porcentaje":0.8178277188315237},{"rango":{"min":40,"max":49},"vacunados":317255,"personasINE":387924,"porcentaje":0.8178277188315237},{"rango":{"min":50,"max":59},"vacunados":320317,"personasINE":350512,"porcentaje":0.9138545898571233},{"rango":{"min":60,"max":69},"vacunados":224254,"personasINE":235092,"porcentaje":0.9538988991543736},{"rango":{"min":70,"max":79},"vacunados":151327,"personasINE":154531,"porcentaje":0.9792662960829865},{"rango":{"min":80,"max":null},"vacunados":93015,"personasINE":93015,"porcentaje":1}]},"pautaCompleta":{"etarioTotal":{"vacunados":1625164,"personasINE":1960774,"porcentaje":0.8288379996878784},"etarioRangos":[{"rango":{"min":12,"max":19},"vacunados":137862,"personasINE":179797,"porcentaje":0.6956996679218902},{"rango":{"min":20,"max":29},"vacunados":175141,"personasINE":251747.99999999997,"porcentaje":0.8055108732638352},{"rango":{"min":30,"max":39},"vacunados":219894,"personasINE":310934,"porcentaje":0.8055108732638352},{"rango":{"min":40,"max":49},"vacunados":312477,"personasINE":387924,"porcentaje":0.8055108732638352},{"rango":{"min":50,"max":59},"vacunados":317554,"personasINE":350512,"porcentaje":0.9059718354863742},{"rango":{"min":60,"max":69},"vacunados":220291,"personasINE":235092,"porcentaje":0.9370416687934936},{"rango":{"min":70,"max":79},"vacunados":150090,"personasINE":154531,"porcentaje":0.971261429745488},{"rango":{"min":80,"max":null},"vacunados":91855,"personasINE":91855,"porcentaje":1}]}}},{"ccaa":"Cantabria","dosisAdministradas":917527,"dosisEntregadas":989605,"dosisEntregadasModerna":114900,"dosisEntregadasPfizer":727305,"dosisEntregadasAstrazeneca":125200,"dosisEntregadasJanssen":22200,"dosisPrimeraDosis":480983,"dosisPautaCompletada":474190,"porcentajeEntregadas":0.9271648789163353,"porcentajePoblacionAdministradas":1.5740592377831721,"porcentajePoblacionPrimeraDosis":0.8251481802352013,"porcentajePoblacionCompletas":0.8134944802326279,"fechaUltRegistro":1634169600000,"etarios":{"unaDosis":{"etarioTotal":{"vacunados":480983,"personasINE":524127,"porcentaje":0.9176840727533594},"etarioRangos":[{"rango":{"min":12,"max":19},"vacunados":38843,"personasINE":43963,"porcentaje":0.8081378081378081},{"rango":{"min":20,"max":29},"vacunados":40815,"personasINE":50505,"porcentaje":0.8986079432130839},{"rango":{"min":30,"max":39},"vacunados":54412,"personasINE":70473,"porcentaje":0.8986079432130839},{"rango":{"min":40,"max":49},"vacunados":87856,"personasINE":97769,"porcentaje":0.8986079432130839},{"rango":{"min":50,"max":59},"vacunados":84208,"personasINE":89964,"porcentaje":0.9360188519852385},{"rango":{"min":60,"max":69},"vacunados":76633,"personasINE":77345,"porcentaje":0.9907944922102269},{"rango":{"min":70,"max":79},"vacunados":55908,"personasINE":55908,"porcentaje":1},{"rango":{"min":80,"max":null},"vacunados":42308,"personasINE":42308,"porcentaje":1}]},"pautaCompleta":{"etarioTotal":{"vacunados":474190,"personasINE":524127,"porcentaje":0.9047234735092831},"etarioRangos":[{"rango":{"min":12,"max":19},"vacunados":37321,"personasINE":43963,"porcentaje":0.7811701811701812},{"rango":{"min":20,"max":29},"vacunados":39453,"personasINE":50505,"porcentaje":0.8883797522732154},{"rango":{"min":30,"max":39},"vacunados":53234,"personasINE":70473,"porcentaje":0.8883797522732154},{"rango":{"min":40,"max":49},"vacunados":86856,"personasINE":97769,"porcentaje":0.8883797522732154},{"rango":{"min":50,"max":59},"vacunados":83621,"personasINE":89964,"porcentaje":0.9294940198301543},{"rango":{"min":60,"max":69},"vacunados":76187,"personasINE":77345,"porcentaje":0.9850281207576443},{"rango":{"min":70,"max":79},"vacunados":55680,"personasINE":55680,"porcentaje":1},{"rango":{"min":80,"max":null},"vacunados":41838,"personasINE":41838,"porcentaje":1}]}}},{"ccaa":"Castilla y Leon","dosisAdministradas":3788288,"dosisEntregadas":3912325,"dosisEntregadasModerna":412400,"dosisEntregadasPfizer":2916525,"dosisEntregadasAstrazeneca":481200,"dosisEntregadasJanssen":102200,"dosisPrimeraDosis":1996918,"dosisPautaCompletada":1955431,"porcentajeEntregadas":0.9682958343184679,"porcentajePoblacionAdministradas":1.581802800763951,"porcentajePoblacionPrimeraDosis":0.8338147694409579,"porcentajePoblacionCompletas":0.8164918381339152,"fechaUltRegistro":1634169600000,"etarios":{"unaDosis":{"etarioTotal":{"vacunados":1996918,"personasINE":2176253,"porcentaje":0.9175945995249634},"etarioRangos":[{"rango":{"min":12,"max":19},"vacunados":141977,"personasINE":165342,"porcentaje":0.8123560467474858},{"rango":{"min":20,"max":29},"vacunados":171412,"personasINE":211006,"porcentaje":0.8805136180344338},{"rango":{"min":30,"max":39},"vacunados":211018,"personasINE":267783,"porcentaje":0.8805136180344338},{"rango":{"min":40,"max":49},"vacunados":319895,"personasINE":363305,"porcentaje":0.8805136180344338},{"rango":{"min":50,"max":59},"vacunados":352539,"personasINE":381175,"porcentaje":0.9248744015216108},{"rango":{"min":60,"max":69},"vacunados":320310,"personasINE":320310,"porcentaje":1},{"rango":{"min":70,"max":79},"vacunados":250453,"personasINE":250453,"porcentaje":1},{"rango":{"min":80,"max":null},"vacunados":229314,"personasINE":229314,"porcentaje":1}]},"pautaCompleta":{"etarioTotal":{"vacunados":1955431,"personasINE":2176253,"porcentaje":0.8985310990955555},"etarioRangos":[{"rango":{"min":12,"max":19},"vacunados":131043,"personasINE":165342,"porcentaje":0.7747267850203312},{"rango":{"min":20,"max":29},"vacunados":163472,"personasINE":211006,"porcentaje":0.8663987558662831},{"rango":{"min":30,"max":39},"vacunados":204593,"personasINE":267783,"porcentaje":0.8663987558662831},{"rango":{"min":40,"max":49},"vacunados":314767,"personasINE":363305,"porcentaje":0.8663987558662831},{"rango":{"min":50,"max":59},"vacunados":348271,"personasINE":381175,"porcentaje":0.9136774447432282},{"rango":{"min":60,"max":69},"vacunados":317479,"personasINE":318575,"porcentaje":0.9965596798242172},{"rango":{"min":70,"max":79},"vacunados":248988,"personasINE":248988,"porcentaje":1},{"rango":{"min":80,"max":null},"vacunados":226818,"personasINE":226818,"porcentaje":1}]}}},{"ccaa":"Castilla La Mancha","dosisAdministradas":3015354,"dosisEntregadas":3267280,"dosisEntregadasModerna":446800,"dosisEntregadasPfizer":2330505,"dosisEntregadasAstrazeneca":394900,"dosisEntregadasJanssen":95075,"dosisPrimeraDosis":1613694,"dosisPautaCompletada":1550399,"porcentajeEntregadas":0.9228942729120246,"porcentajePoblacionAdministradas":1.4743414036918259,"porcentajePoblacionPrimeraDosis":0.7890071537501326,"porcentajePoblacionCompletas":0.7580593979819296,"fechaUltRegistro":1634169600000},{"ccaa":"Cataluña","dosisAdministradas":11086095,"dosisEntregadas":11863410,"dosisEntregadasModerna":1604900,"dosisEntregadasPfizer":8368460,"dosisEntregadasAstrazeneca":1514300,"dosisEntregadasJanssen":375750,"dosisPrimeraDosis":5937131,"dosisPautaCompletada":5791932,"porcentajeEntregadas":0.9344779452113684,"porcentajePoblacionAdministradas":1.4248602174750424,"porcentajePoblacionPrimeraDosis":0.7630803964640224,"porcentajePoblacionCompletas":0.7444184349061286,"fechaUltRegistro":1634169600000,"etarios":{"unaDosis":{"etarioTotal":{"vacunados":5937131,"personasINE":6868360,"porcentaje":0.8644175611062903},"etarioRangos":[{"rango":{"min":12,"max":19},"vacunados":520198,"personasINE":656166,"porcentaje":0.7460697193465525},{"rango":{"min":20,"max":29},"vacunados":625904,"personasINE":838934.9999999999,"porcentaje":0.8531708632205688},{"rango":{"min":30,"max":39},"vacunados":769125,"personasINE":1044652,"porcentaje":0.8531708632205688},{"rango":{"min":40,"max":49},"vacunados":1123417,"personasINE":1316755,"porcentaje":0.8531708632205688},{"rango":{"min":50,"max":59},"vacunados":1023189,"personasINE":1091780,"porcentaje":0.9371750719009324},{"rango":{"min":60,"max":69},"vacunados":798533,"personasINE":837584,"porcentaje":0.95337661655428},{"rango":{"min":70,"max":79},"vacunados":618076,"personasINE":635292,"porcentaje":0.9729006504095754},{"rango":{"min":80,"max":null},"vacunados":458689,"personasINE":458689,"porcentaje":1}]},"pautaCompleta":{"etarioTotal":{"vacunados":5791932,"personasINE":6868360,"porcentaje":0.8432772889015718},"etarioRangos":[{"rango":{"min":12,"max":19},"vacunados":494452,"personasINE":656166,"porcentaje":0.705357387640282},{"rango":{"min":20,"max":29},"vacunados":591749,"personasINE":838935,"porcentaje":0.8381802233521042},{"rango":{"min":30,"max":39},"vacunados":737799,"personasINE":1044651.9999999999,"porcentaje":0.8381802233521042},{"rango":{"min":40,"max":49},"vacunados":1103678,"personasINE":1316755,"porcentaje":0.8381802233521042},{"rango":{"min":50,"max":59},"vacunados":1011365,"personasINE":1091780,"porcentaje":0.9263450512007914},{"rango":{"min":60,"max":69},"vacunados":786142,"personasINE":837584,"porcentaje":0.9385828764637338},{"rango":{"min":70,"max":79},"vacunados":613900,"personasINE":635292,"porcentaje":0.966327295165058},{"rango":{"min":80,"max":null},"vacunados":452847,"personasINE":452847,"porcentaje":1}]}}},{"ccaa":"C. Valenciana","dosisAdministradas":7634375,"dosisEntregadas":8088540,"dosisEntregadasModerna":1213650,"dosisEntregadasPfizer":5797540,"dosisEntregadasAstrazeneca":863900,"dosisEntregadasJanssen":213450,"dosisPrimeraDosis":4064301,"dosisPautaCompletada":3992155,"porcentajeEntregadas":0.9438508062023554,"porcentajePoblacionAdministradas":1.5095594474026235,"porcentajePoblacionPrimeraDosis":0.8036419447090207,"porcentajePoblacionCompletas":0.7893763793035605,"fechaUltRegistro":1634169600000,"etarios":{"unaDosis":{"etarioTotal":{"vacunados":4064301,"personasINE":4488459,"porcentaje":0.9055003064526155},"etarioRangos":[{"rango":{"min":12,"max":19},"vacunados":367476,"personasINE":424531,"porcentaje":0.8180696186590096},{"rango":{"min":20,"max":29},"vacunados":422227,"personasINE":516126,"porcentaje":0.8826263404369249},{"rango":{"min":30,"max":39},"vacunados":507292,"personasINE":648759,"porcentaje":0.8826263404369249},{"rango":{"min":40,"max":49},"vacunados":751634,"personasINE":851588,"porcentaje":0.8826263404369249},{"rango":{"min":50,"max":59},"vacunados":714376,"personasINE":752334,"porcentaje":0.9495463451073592},{"rango":{"min":60,"max":69},"vacunados":569749,"personasINE":580728,"porcentaje":0.9810944194183852},{"rango":{"min":70,"max":79},"vacunados":434332,"personasINE":437862,"porcentaje":0.9919380992184752},{"rango":{"min":80,"max":null},"vacunados":297215,"personasINE":297215,"porcentaje":1}]},"pautaCompleta":{"etarioTotal":{"vacunados":3992155,"personasINE":4488459,"porcentaje":0.8894266384075247},"etarioRangos":[{"rango":{"min":12,"max":19},"vacunados":352434,"personasINE":424531,"porcentaje":0.7864629954700983},{"rango":{"min":20,"max":29},"vacunados":405914,"personasINE":516126,"porcentaje":0.8722574766201496},{"rango":{"min":30,"max":39},"vacunados":493688,"personasINE":648759,"porcentaje":0.8722574766201496},{"rango":{"min":40,"max":49},"vacunados":742804,"personasINE":851588,"porcentaje":0.8722574766201496},{"rango":{"min":50,"max":59},"vacunados":708709,"personasINE":752334,"porcentaje":0.9420137864299633},{"rango":{"min":60,"max":69},"vacunados":563928,"personasINE":580728,"porcentaje":0.9710707939000702},{"rango":{"min":70,"max":79},"vacunados":431583,"personasINE":437862,"porcentaje":0.9856598654370555},{"rango":{"min":80,"max":null},"vacunados":293095,"personasINE":293095,"porcentaje":1}]}}},{"ccaa":"Extremadura","dosisAdministradas":1702881,"dosisEntregadas":1682775,"dosisEntregadasModerna":218200,"dosisEntregadasPfizer":1226825,"dosisEntregadasAstrazeneca":186000,"dosisEntregadasJanssen":51750,"dosisPrimeraDosis":895803,"dosisPautaCompletada":880732,"porcentajeEntregadas":1.011948121406605,"porcentajePoblacionAdministradas":1.600471622303656,"porcentajePoblacionPrimeraDosis":0.8419303995255581,"porcentajePoblacionCompletas":0.8277657527770546,"fechaUltRegistro":1634169600000,"etarios":{"unaDosis":{"etarioTotal":{"vacunados":895803,"personasINE":953437,"porcentaje":0.9395513285093824},"etarioRangos":[{"rango":{"min":12,"max":19},"vacunados":75705,"personasINE":84750,"porcentaje":0.8184962936816096},{"rango":{"min":20,"max":29},"vacunados":92752,"personasINE":113320,"porcentaje":0.9162037443414799},{"rango":{"min":30,"max":39},"vacunados":112828,"personasINE":133479,"porcentaje":0.9162037443414799},{"rango":{"min":40,"max":49},"vacunados":146129,"personasINE":159494,"porcentaje":0.9162037443414799},{"rango":{"min":50,"max":59},"vacunados":161410,"personasINE":169216,"porcentaje":0.9538696104387292},{"rango":{"min":60,"max":69},"vacunados":132818,"personasINE":132818,"porcentaje":1},{"rango":{"min":70,"max":79},"vacunados":95910,"personasINE":95910,"porcentaje":1},{"rango":{"min":80,"max":null},"vacunados":78251,"personasINE":78251,"porcentaje":1}]},"pautaCompleta":{"etarioTotal":{"vacunados":880732,"personasINE":953437,"porcentaje":0.923744306126152},"etarioRangos":[{"rango":{"min":12,"max":19},"vacunados":72778,"personasINE":84750,"porcentaje":0.7873455700670667},{"rango":{"min":20,"max":29},"vacunados":89222,"personasINE":113320,"porcentaje":0.90420329291384},{"rango":{"min":30,"max":39},"vacunados":110046,"personasINE":133479,"porcentaje":0.90420329291384},{"rango":{"min":40,"max":49},"vacunados":144215,"personasINE":159494,"porcentaje":0.90420329291384},{"rango":{"min":50,"max":59},"vacunados":160164,"personasINE":169216,"porcentaje":0.9465062405446294},{"rango":{"min":60,"max":69},"vacunados":131560,"personasINE":125297,"porcentaje":1.0499852350814465},{"rango":{"min":70,"max":79},"vacunados":95392,"personasINE":95392,"porcentaje":1},{"rango":{"min":80,"max":null},"vacunados":77355,"personasINE":77355,"porcentaje":1}]}}},{"ccaa":"Galicia","dosisAdministradas":4397541,"dosisEntregadas":4358529,"dosisEntregadasModerna":507400,"dosisEntregadasPfizer":3155029,"dosisEntregadasAstrazeneca":573400,"dosisEntregadasJanssen":122700,"dosisPrimeraDosis":2305128,"dosisPautaCompletada":2278484,"porcentajeEntregadas":1.0089507262656736,"porcentajePoblacionAdministradas":1.627622353680983,"porcentajePoblacionPrimeraDosis":0.8531763230623517,"porcentajePoblacionCompletas":0.8433148186462528,"fechaUltRegistro":1634169600000,"etarios":{"unaDosis":{"etarioTotal":{"vacunados":2305128,"personasINE":2454497,"porcentaje":0.9391447616354797},"etarioRangos":[{"rango":{"min":12,"max":19},"vacunados":167304,"personasINE":180007,"porcentaje":0.8568756737567159},{"rango":{"min":20,"max":29},"vacunados":197922,"personasINE":230981,"porcentaje":0.9191170995959127},{"rango":{"min":30,"max":39},"vacunados":262716,"personasINE":323408,"porcentaje":0.9191170995959127},{"rango":{"min":40,"max":49},"vacunados":407372,"personasINE":443221,"porcentaje":0.9191170995959127},{"rango":{"min":50,"max":59},"vacunados":390571,"personasINE":405889,"porcentaje":0.9622606180507479},{"rango":{"min":60,"max":69},"vacunados":345760,"personasINE":346927,"porcentaje":0.996636179945637},{"rango":{"min":70,"max":79},"vacunados":291243,"personasINE":291243,"porcentaje":1},{"rango":{"min":80,"max":null},"vacunados":242240,"personasINE":242240,"porcentaje":1}]},"pautaCompleta":{"etarioTotal":{"vacunados":2278484,"personasINE":2454497,"porcentaje":0.9282895843832769},"etarioRangos":[{"rango":{"min":12,"max":19},"vacunados":162040,"personasINE":180007,"porcentaje":0.8306917019148761},{"rango":{"min":20,"max":29},"vacunados":191874,"personasINE":230981,"porcentaje":0.9110308401452097},{"rango":{"min":30,"max":39},"vacunados":257826,"personasINE":323408,"porcentaje":0.9110308401452097},{"rango":{"min":40,"max":49},"vacunados":403788,"personasINE":443221,"porcentaje":0.9110308401452097},{"rango":{"min":50,"max":59},"vacunados":388182,"personasINE":405889,"porcentaje":0.9563747724131474},{"rango":{"min":60,"max":69},"vacunados":344252,"personasINE":346927,"porcentaje":0.992289444177017},{"rango":{"min":70,"max":79},"vacunados":289936,"personasINE":289936,"porcentaje":1},{"rango":{"min":80,"max":null},"vacunados":240586,"personasINE":240586,"porcentaje":1}]}}},{"ccaa":"La Rioja","dosisAdministradas":479107,"dosisEntregadas":510565,"dosisEntregadasModerna":67600,"dosisEntregadasPfizer":374465,"dosisEntregadasAstrazeneca":53300,"dosisEntregadasJanssen":15200,"dosisPrimeraDosis":258859,"dosisPautaCompletada":253273,"porcentajeEntregadas":0.9383859058102298,"porcentajePoblacionAdministradas":1.4976118581868878,"porcentajePoblacionPrimeraDosis":0.8091518345555369,"porcentajePoblacionCompletas":0.7916908919272054,"fechaUltRegistro":1634169600000,"etarios":{"unaDosis":{"etarioTotal":{"vacunados":258859,"personasINE":283970,"porcentaje":0.9115716448920661},"etarioRangos":[{"rango":{"min":12,"max":19},"vacunados":21530,"personasINE":25532,"porcentaje":0.778087858690656},{"rango":{"min":20,"max":29},"vacunados":23699,"personasINE":30458,"porcentaje":0.895574820103122},{"rango":{"min":30,"max":39},"vacunados":30841,"personasINE":39319,"porcentaje":0.895574820103122},{"rango":{"min":40,"max":49},"vacunados":47418,"personasINE":52947,"porcentaje":0.895574820103122},{"rango":{"min":50,"max":59},"vacunados":45342,"personasINE":47664,"porcentaje":0.9512839879154078},{"rango":{"min":60,"max":69},"vacunados":38012,"personasINE":38012,"porcentaje":1},{"rango":{"min":70,"max":79},"vacunados":28658,"personasINE":28658,"porcentaje":1},{"rango":{"min":80,"max":null},"vacunados":23359,"personasINE":23359,"porcentaje":1}]},"pautaCompleta":{"etarioTotal":{"vacunados":253273,"personasINE":283970,"porcentaje":0.8919005528753037},"etarioRangos":[{"rango":{"min":12,"max":19},"vacunados":20287,"personasINE":25532,"porcentaje":0.7408890931774903},{"rango":{"min":20,"max":29},"vacunados":22566,"personasINE":30458,"porcentaje":0.8809375413148998},{"rango":{"min":30,"max":39},"vacunados":29937,"personasINE":39319,"porcentaje":0.8809375413148998},{"rango":{"min":40,"max":49},"vacunados":46643,"personasINE":52947,"porcentaje":0.8809375413148998},{"rango":{"min":50,"max":59},"vacunados":44715,"personasINE":47664,"porcentaje":0.9381294058408862},{"rango":{"min":60,"max":69},"vacunados":37425,"personasINE":37718,"porcentaje":0.9922318256535341},{"rango":{"min":70,"max":79},"vacunados":28546,"personasINE":28546,"porcentaje":1},{"rango":{"min":80,"max":null},"vacunados":23154,"personasINE":23154,"porcentaje":1}]}}},{"ccaa":"Madrid","dosisAdministradas":9815994,"dosisEntregadas":10825829,"dosisEntregadasModerna":1645800,"dosisEntregadasPfizer":7637679,"dosisEntregadasAstrazeneca":1220900,"dosisEntregadasJanssen":321450,"dosisPrimeraDosis":5310890,"dosisPautaCompletada":5181533,"porcentajeEntregadas":0.9067198456580092,"porcentajePoblacionAdministradas":1.447810642299696,"porcentajePoblacionPrimeraDosis":0.7833300491099559,"porcentajePoblacionCompletas":0.7642505303922424,"fechaUltRegistro":1634169600000,"etarios":{"unaDosis":{"etarioTotal":{"vacunados":5310890,"personasINE":5977937,"porcentaje":0.8884151840342245},"etarioRangos":[{"rango":{"min":12,"max":19},"vacunados":446438,"personasINE":553542,"porcentaje":0.7934220007407656},{"rango":{"min":20,"max":29},"vacunados":589096,"personasINE":742475,"porcentaje":0.8802534539881353},{"rango":{"min":30,"max":39},"vacunados":738271,"personasINE":949640,"porcentaje":0.8802534539881353},{"rango":{"min":40,"max":49},"vacunados":1026350,"personasINE":1165971,"porcentaje":0.8802534539881353},{"rango":{"min":50,"max":59},"vacunados":938363,"personasINE":972783,"porcentaje":0.9646169803543031},{"rango":{"min":60,"max":69},"vacunados":687901,"personasINE":703323,"porcentaje":0.9780726636268116},{"rango":{"min":70,"max":79},"vacunados":510707,"personasINE":526081,"porcentaje":0.9707763633356841},{"rango":{"min":80,"max":null},"vacunados":373764,"personasINE":373764,"porcentaje":1}]},"pautaCompleta":{"etarioTotal":{"vacunados":5181533,"personasINE":5977937,"porcentaje":0.8667761135655997},"etarioRangos":[{"rango":{"min":12,"max":19},"vacunados":425912,"personasINE":553542,"porcentaje":0.7511310145122732},{"rango":{"min":20,"max":29},"vacunados":557696,"personasINE":742475,"porcentaje":0.8617589974364714},{"rango":{"min":30,"max":39},"vacunados":708678,"personasINE":949640,"porcentaje":0.8617589974364714},{"rango":{"min":40,"max":49},"vacunados":1004786,"personasINE":1165971,"porcentaje":0.8617589974364714},{"rango":{"min":50,"max":59},"vacunados":930035,"personasINE":972783,"porcentaje":0.956055975484769},{"rango":{"min":60,"max":69},"vacunados":675217,"personasINE":703323,"porcentaje":0.9600382754438572},{"rango":{"min":70,"max":79},"vacunados":508466,"personasINE":526081,"porcentaje":0.9665165630387716},{"rango":{"min":80,"max":null},"vacunados":370743,"personasINE":370743,"porcentaje":1}]}}},{"ccaa":"Murcia","dosisAdministradas":2213574,"dosisEntregadas":2407175,"dosisEntregadasModerna":398000,"dosisEntregadasPfizer":1687865,"dosisEntregadasAstrazeneca":253010,"dosisEntregadasJanssen":68300,"dosisPrimeraDosis":1185417,"dosisPautaCompletada":1149701,"porcentajeEntregadas":0.9195733588127162,"porcentajePoblacionAdministradas":1.4647295518745729,"porcentajePoblacionPrimeraDosis":0.7843945181839417,"porcentajePoblacionCompletas":0.7607611177759352,"fechaUltRegistro":1634169600000,"etarios":{"unaDosis":{"etarioTotal":{"vacunados":1185417,"personasINE":1310137,"porcentaje":0.9048038487578016},"etarioRangos":[{"rango":{"min":12,"max":19},"vacunados":117600,"personasINE":141894,"porcentaje":0.8060412893037945},{"rango":{"min":20,"max":29},"vacunados":138839,"personasINE":172248,"porcentaje":0.90836766250782},{"rango":{"min":30,"max":39},"vacunados":165702,"personasINE":209003,"porcentaje":0.90836766250782},{"rango":{"min":40,"max":49},"vacunados":230868,"personasINE":254157,"porcentaje":0.90836766250782},{"rango":{"min":50,"max":59},"vacunados":207111,"personasINE":213256,"porcentaje":0.9711848670142926},{"rango":{"min":60,"max":69},"vacunados":148104,"personasINE":148104,"porcentaje":1},{"rango":{"min":70,"max":79},"vacunados":103245,"personasINE":103245,"porcentaje":1},{"rango":{"min":80,"max":null},"vacunados":73948,"personasINE":73948,"porcentaje":1}]},"pautaCompleta":{"etarioTotal":{"vacunados":1149701,"personasINE":1310137,"porcentaje":0.8775425776082959},"etarioRangos":[{"rango":{"min":12,"max":19},"vacunados":112110,"personasINE":141894,"porcentaje":0.7572743950582881},{"rango":{"min":20,"max":29},"vacunados":130439,"personasINE":172248,"porcentaje":0.8862986264395629},{"rango":{"min":30,"max":39},"vacunados":158377,"personasINE":209003,"porcentaje":0.8862986264395629},{"rango":{"min":40,"max":49},"vacunados":225259,"personasINE":254157,"porcentaje":0.8862986264395629},{"rango":{"min":50,"max":59},"vacunados":204251,"personasINE":213256,"porcentaje":0.9577737554863638},{"rango":{"min":60,"max":69},"vacunados":145187,"personasINE":146909,"porcentaje":0.9882784580931052},{"rango":{"min":70,"max":79},"vacunados":101196,"personasINE":102899,"porcentaje":0.983449790571337},{"rango":{"min":80,"max":null},"vacunados":72882,"personasINE":72882,"porcentaje":1}]}}},{"ccaa":"Navarra","dosisAdministradas":976866,"dosisEntregadas":1046175,"dosisEntregadasModerna":151500,"dosisEntregadasPfizer":734325,"dosisEntregadasAstrazeneca":136600,"dosisEntregadasJanssen":23750,"dosisPrimeraDosis":525394,"dosisPautaCompletada":516405,"porcentajeEntregadas":0.9337500896121586,"porcentajePoblacionAdministradas":1.4774204964632327,"porcentajePoblacionPrimeraDosis":0.7946103808698467,"porcentajePoblacionCompletas":0.7810153403599834,"fechaUltRegistro":1634169600000,"etarios":{"unaDosis":{"etarioTotal":{"vacunados":525394,"personasINE":581354,"porcentaje":0.9037419541277776},"etarioRangos":[{"rango":{"min":12,"max":19},"vacunados":48165,"personasINE":56388,"porcentaje":0.82849677807624},{"rango":{"min":20,"max":29},"vacunados":56443,"personasINE":68127,"porcentaje":0.8803725856928576},{"rango":{"min":30,"max":39},"vacunados":63687,"personasINE":81341,"porcentaje":0.8803725856928576},{"rango":{"min":40,"max":49},"vacunados":95082,"personasINE":108002,"porcentaje":0.8803725856928576},{"rango":{"min":50,"max":59},"vacunados":91462,"personasINE":96694,"porcentaje":0.9458911618094195},{"rango":{"min":60,"max":69},"vacunados":72170,"personasINE":73844,"porcentaje":0.9773305888088403},{"rango":{"min":70,"max":79},"vacunados":55886,"personasINE":55886,"porcentaje":1},{"rango":{"min":80,"max":null},"vacunados":42499,"personasINE":42499,"porcentaje":1}]},"pautaCompleta":{"etarioTotal":{"vacunados":516405,"personasINE":581354,"porcentaje":0.8882797744575595},"etarioRangos":[{"rango":{"min":12,"max":19},"vacunados":46622,"personasINE":56388,"porcentaje":0.796277540475876},{"rango":{"min":20,"max":29},"vacunados":54248,"personasINE":68127,"porcentaje":0.8671783855854521},{"rango":{"min":30,"max":39},"vacunados":61975,"personasINE":81341,"porcentaje":0.8671783855854521},{"rango":{"min":40,"max":49},"vacunados":93657,"personasINE":108002,"porcentaje":0.8671783855854521},{"rango":{"min":50,"max":59},"vacunados":90560,"personasINE":96694,"porcentaje":0.9365627650112727},{"rango":{"min":60,"max":69},"vacunados":71507,"personasINE":73844,"porcentaje":0.9683522019392232},{"rango":{"min":70,"max":79},"vacunados":55729,"personasINE":55792,"porcentaje":0.9988708058503011},{"rango":{"min":80,"max":null},"vacunados":42107,"personasINE":42107,"porcentaje":1}]}}},{"ccaa":"País Vasco","dosisAdministradas":3357121,"dosisEntregadas":3668820,"dosisEntregadasModerna":526100,"dosisEntregadasPfizer":2597220,"dosisEntregadasAstrazeneca":444200,"dosisEntregadasJanssen":101300,"dosisPrimeraDosis":1805509,"dosisPautaCompletada":1772038,"porcentajeEntregadas":0.9150410758772576,"porcentajePoblacionAdministradas":1.511873430536491,"porcentajePoblacionPrimeraDosis":0.8131077449083631,"porcentajePoblacionCompletas":0.7980341399970458,"fechaUltRegistro":1634169600000,"etarios":{"unaDosis":{"etarioTotal":{"vacunados":1805509,"personasINE":1983943,"porcentaje":0.9100609241293727},"etarioRangos":[{"rango":{"min":12,"max":19},"vacunados":143740,"personasINE":168606,"porcentaje":0.7996566336201336},{"rango":{"min":20,"max":29},"vacunados":161158,"personasINE":201534,"porcentaje":0.8827281689324088},{"rango":{"min":30,"max":39},"vacunados":201269,"personasINE":260543,"porcentaje":0.8827281689324088},{"rango":{"min":40,"max":49},"vacunados":319665,"personasINE":362133,"porcentaje":0.8827281689324088},{"rango":{"min":50,"max":59},"vacunados":323438,"personasINE":339977,"porcentaje":0.9513525914988367},{"rango":{"min":60,"max":69},"vacunados":278391,"personasINE":280119,"porcentaje":0.9938311931714735},{"rango":{"min":70,"max":79},"vacunados":213696,"personasINE":213696,"porcentaje":1},{"rango":{"min":80,"max":null},"vacunados":164152,"personasINE":164152,"porcentaje":1}]},"pautaCompleta":{"etarioTotal":{"vacunados":1772038,"personasINE":1983943,"porcentaje":0.8931899757200685},"etarioRangos":[{"rango":{"min":12,"max":19},"vacunados":139629,"personasINE":168606,"porcentaje":0.7698304008256671},{"rango":{"min":20,"max":29},"vacunados":155147,"personasINE":201534,"porcentaje":0.8698434000767674},{"rango":{"min":30,"max":39},"vacunados":195261,"personasINE":260543,"porcentaje":0.8698434000767674},{"rango":{"min":40,"max":49},"vacunados":314999,"personasINE":362133,"porcentaje":0.8698434000767674},{"rango":{"min":50,"max":59},"vacunados":320085,"personasINE":339977,"porcentaje":0.9414901596284454},{"rango":{"min":60,"max":69},"vacunados":272960,"personasINE":280119,"porcentaje":0.9744430045801963},{"rango":{"min":70,"max":79},"vacunados":212114,"personasINE":213081,"porcentaje":0.9954618196835945},{"rango":{"min":80,"max":null},"vacunados":161843,"personasINE":157950,"porcentaje":1.0246470402025958}]}}},{"ccaa":"Ceuta","dosisAdministradas":113471,"dosisEntregadas":140230,"dosisEntregadasModerna":22400,"dosisEntregadasPfizer":95580,"dosisEntregadasAstrazeneca":18100,"dosisEntregadasJanssen":4150,"dosisPrimeraDosis":62130,"dosisPautaCompletada":58928,"porcentajeEntregadas":0.8091777793624759,"porcentajePoblacionAdministradas":1.3476045699627088,"porcentajePoblacionPrimeraDosis":0.7378684591814921,"porcentajePoblacionCompletas":0.6998408588869623,"fechaUltRegistro":1634169600000,"etarios":{"unaDosis":{"etarioTotal":{"vacunados":62130,"personasINE":70965,"porcentaje":0.8755020080321285},"etarioRangos":[{"rango":{"min":12,"max":19},"vacunados":8269,"personasINE":9126,"porcentaje":0.8272088994255494},{"rango":{"min":20,"max":29},"vacunados":9072,"personasINE":10967,"porcentaje":0.8787375415282392},{"rango":{"min":30,"max":39},"vacunados":9174,"personasINE":11894,"porcentaje":0.8787375415282392},{"rango":{"min":40,"max":49},"vacunados":11109,"personasINE":12642,"porcentaje":0.8787375415282392},{"rango":{"min":50,"max":59},"vacunados":10565,"personasINE":11556,"porcentaje":0.9142436829352717},{"rango":{"min":60,"max":69},"vacunados":7653,"personasINE":7857,"porcentaje":0.9740358915616648},{"rango":{"min":70,"max":79},"vacunados":3890,"personasINE":4318,"porcentaje":0.9008800370541917},{"rango":{"min":80,"max":null},"vacunados":2398,"personasINE":2605,"porcentaje":0.9205374280230326}]},"pautaCompleta":{"etarioTotal":{"vacunados":58928,"personasINE":70965,"porcentaje":0.8303811738180793},"etarioRangos":[{"rango":{"min":12,"max":19},"vacunados":7134,"personasINE":9126,"porcentaje":0.7487918300355613},{"rango":{"min":20,"max":29},"vacunados":8212,"personasINE":10967,"porcentaje":0.8542161050466698},{"rango":{"min":30,"max":39},"vacunados":8655,"personasINE":11894,"porcentaje":0.8542161050466698},{"rango":{"min":40,"max":49},"vacunados":10799,"personasINE":12642,"porcentaje":0.8542161050466698},{"rango":{"min":50,"max":59},"vacunados":10393,"personasINE":11556,"porcentaje":0.8993596400138456},{"rango":{"min":60,"max":69},"vacunados":7503,"personasINE":7857,"porcentaje":0.9549446353570065},{"rango":{"min":70,"max":79},"vacunados":3856,"personasINE":4318,"porcentaje":0.8930060213061602},{"rango":{"min":80,"max":null},"vacunados":2376,"personasINE":2605,"porcentaje":0.9120921305182341}]}}},{"ccaa":"Melilla","dosisAdministradas":101394,"dosisEntregadas":141100,"dosisEntregadasModerna":23500,"dosisEntregadasPfizer":96750,"dosisEntregadasAstrazeneca":15100,"dosisEntregadasJanssen":5750,"dosisPrimeraDosis":56979,"dosisPautaCompletada":54376,"porcentajeEntregadas":0.7185967399007795,"porcentajePoblacionAdministradas":1.164431071707474,"porcentajePoblacionPrimeraDosis":0.6543594101704259,"porcentajePoblacionCompletas":0.6244659837383435,"fechaUltRegistro":1634083200000,"etarios":{"unaDosis":{"etarioTotal":{"vacunados":56979,"personasINE":70927,"porcentaje":0.8033471033597924},"etarioRangos":[{"rango":{"min":12,"max":19},"vacunados":7630,"personasINE":9574,"porcentaje":0.7167986661108795},{"rango":{"min":20,"max":29},"vacunados":8598,"personasINE":11995,"porcentaje":0.8358606898850192},{"rango":{"min":30,"max":39},"vacunados":8560,"personasINE":12133,"porcentaje":0.8358606898850192},{"rango":{"min":40,"max":49},"vacunados":10032,"personasINE":12002,"porcentaje":0.8358606898850192},{"rango":{"min":50,"max":59},"vacunados":9670,"personasINE":11299,"porcentaje":0.855827949376051},{"rango":{"min":60,"max":69},"vacunados":7164,"personasINE":7827,"porcentaje":0.915293215791491},{"rango":{"min":70,"max":79},"vacunados":3314,"personasINE":3748,"porcentaje":0.884204909284952},{"rango":{"min":80,"max":null},"vacunados":2011,"personasINE":2349,"porcentaje":0.8561089825457642}]},"pautaCompleta":{"etarioTotal":{"vacunados":54376,"personasINE":70927,"porcentaje":0.7666473980289593},"etarioRangos":[{"rango":{"min":12,"max":19},"vacunados":6970,"personasINE":9574,"porcentaje":0.6504376823676532},{"rango":{"min":20,"max":29},"vacunados":7802,"personasINE":11995,"porcentaje":0.8159473421096484},{"rango":{"min":30,"max":39},"vacunados":8157,"personasINE":12133,"porcentaje":0.8159473421096484},{"rango":{"min":40,"max":49},"vacunados":9793,"personasINE":12002,"porcentaje":0.8159473421096484},{"rango":{"min":50,"max":59},"vacunados":9465,"personasINE":11299,"porcentaje":0.8376847508629082},{"rango":{"min":60,"max":69},"vacunados":6990,"personasINE":7827,"porcentaje":0.8930624760444614},{"rango":{"min":70,"max":79},"vacunados":3237,"personasINE":3748,"porcentaje":0.8636606189967982},{"rango":{"min":80,"max":null},"vacunados":1962,"personasINE":2349,"porcentaje":0.8352490421455939}]}}},{"ccaa":"Fuerzas Armadas","dosisAdministradas":172748,"dosisEntregadas":212238,"dosisEntregadasModerna":58300,"dosisEntregadasPfizer":48138,"dosisEntregadasAstrazeneca":103800,"dosisEntregadasJanssen":2000,"dosisPrimeraDosis":92644,"dosisPautaCompletada":86640,"porcentajeEntregadas":0.8139352990510653,"porcentajePoblacionAdministradas":null,"porcentajePoblacionPrimeraDosis":null,"porcentajePoblacionCompletas":null,"fechaUltRegistro":1634169600000},{"ccaa":"Sanidad Exterior","dosisAdministradas":6692,"dosisEntregadas":8995,"dosisEntregadasModerna":4910,"dosisEntregadasPfizer":0,"dosisEntregadasAstrazeneca":0,"dosisEntregadasJanssen":4085,"dosisPrimeraDosis":5035,"dosisPautaCompletada":4752,"porcentajeEntregadas":0.7439688715953308,"porcentajePoblacionAdministradas":null,"porcentajePoblacionPrimeraDosis":null,"porcentajePoblacionCompletas":null,"fechaUltRegistro":1634169600000,"etarios":{"unaDosis":{"etarioTotal":{"vacunados":5035,"personasINE":"-","porcentaje":"-"},"etarioRangos":[{"rango":{"min":12,"max":19},"vacunados":169,"personasINE":null,"porcentaje":"-"},{"rango":{"min":20,"max":29},"vacunados":1219,"personasINE":null,"porcentaje":"-"},{"rango":{"min":30,"max":39},"vacunados":1446,"personasINE":null,"porcentaje":"-"},{"rango":{"min":40,"max":49},"vacunados":1269,"personasINE":null,"porcentaje":"-"},{"rango":{"min":50,"max":59},"vacunados":655,"personasINE":null,"porcentaje":"-"},{"rango":{"min":60,"max":69},"vacunados":218,"personasINE":null,"porcentaje":"-"},{"rango":{"min":70,"max":79},"vacunados":33,"personasINE":null,"porcentaje":"-"},{"rango":{"min":80,"max":null},"vacunados":26,"personasINE":null,"porcentaje":"-"}]},"pautaCompleta":{"etarioTotal":{"vacunados":4752,"personasINE":"-","porcentaje":"-"},"etarioRangos":[{"rango":{"min":12,"max":19},"vacunados":148,"personasINE":null,"porcentaje":"-"},{"rango":{"min":20,"max":29},"vacunados":1151,"personasINE":null,"porcentaje":"-"},{"rango":{"min":30,"max":39},"vacunados":1356,"personasINE":null,"porcentaje":"-"},{"rango":{"min":40,"max":49},"vacunados":1205,"personasINE":null,"porcentaje":"-"},{"rango":{"min":50,"max":59},"vacunados":628,"personasINE":null,"porcentaje":"-"},{"rango":{"min":60,"max":69},"vacunados":206,"personasINE":null,"porcentaje":"-"},{"rango":{"min":70,"max":79},"vacunados":32,"personasINE":null,"porcentaje":"-"},{"rango":{"min":80,"max":null},"vacunados":26,"personasINE":null,"porcentaje":"-"}]}}},{"ccaa":"Totales","dosisAdministradas":70982052,"dosisEntregadas":75642021,"dosisEntregadasModerna":10752860,"dosisEntregadasPfizer":53616591,"dosisEntregadasAstrazeneca":9111010,"dosisEntregadasJanssen":2161560,"dosisPrimeraDosis":37868453,"dosisPautaCompletada":37029165,"porcentajeEntregadas":0.9383944408360004,"porcentajePoblacionAdministradas":1.5121868768640818,"porcentajePoblacionPrimeraDosis":0.8067416489135066,"porcentajePoblacionCompletas":0.788861631870473,"fechaUltRegistro":null,"etarios":{"unaDosis":{"etarioTotal":{"vacunados":37868453,"personasINE":42119827,"porcentaje":0.899064780109377},"etarioRangos":[{"rango":{"min":12,"max":19},"vacunados":3279814,"personasINE":3888686,"porcentaje":0.7978053002847528},{"rango":{"min":20,"max":29},"vacunados":3944860,"personasINE":4944640,"porcentaje":0.8812986291864516},{"rango":{"min":30,"max":39},"vacunados":4865397,"personasINE":6230403,"porcentaje":0.8812986291864516},{"rango":{"min":40,"max":49},"vacunados":6954977,"personasINE":7891737,"porcentaje":0.8812986291864516},{"rango":{"min":50,"max":59},"vacunados":6670504,"personasINE":7033306,"porcentaje":0.9484165767848007},{"rango":{"min":60,"max":69},"vacunados":5274164,"personasINE":5336986,"porcentaje":0.9882289367069728},{"rango":{"min":70,"max":79},"vacunados":3941753,"personasINE":3960045,"porcentaje":0.9953808605710288},{"rango":{"min":80,"max":null},"vacunados":2936984,"personasINE":2936984,"porcentaje":1}]},"pautaCompleta":{"etarioTotal":{"vacunados":37029165,"personasINE":42119827,"porcentaje":0.8791385824068081},"etarioRangos":[{"rango":{"min":12,"max":19},"vacunados":3128906,"personasINE":3888686,"porcentaje":0.7585409655707999},{"rango":{"min":20,"max":29},"vacunados":3750712,"personasINE":4944640,"porcentaje":0.8662980025816877},{"rango":{"min":30,"max":39},"vacunados":4696407,"personasINE":6230403,"porcentaje":0.8662980025816877},{"rango":{"min":40,"max":49},"vacunados":6836596,"personasINE":7891737,"porcentaje":0.8662980025816877},{"rango":{"min":50,"max":59},"vacunados":6596796,"personasINE":7033306,"porcentaje":0.9379367256308768},{"rango":{"min":60,"max":69},"vacunados":5201971,"personasINE":5336986,"porcentaje":0.9747020134585326},{"rango":{"min":70,"max":79},"vacunados":3915707,"personasINE":3960045,"porcentaje":0.9888036625846424},{"rango":{"min":80,"max":null},"vacunados":2902070,"personasINE":2902070,"porcentaje":1}]}}}]