[{"ccaa":"Andalucía","dosisAdministradas":12783867,"dosisEntregadas":13316870,"dosisEntregadasModerna":2019500,"dosisEntregadasPfizer":9434970,"dosisEntregadasAstrazeneca":1528900,"dosisEntregadasJanssen":333500,"dosisPrimeraDosis":6807967,"dosisPautaCompletada":6649094,"porcentajeEntregadas":0.9599753545690541,"porcentajePoblacionAdministradas":1.5103079233747039,"porcentajePoblacionPrimeraDosis":0.8043048713017362,"porcentajePoblacionCompletas":0.7855353432152574,"fechaUltRegistro":1633996800000,"etarios":{"unaDosis":{"etarioTotal":{"vacunados":6807967,"personasINE":7451975,"porcentaje":0.9135788834503604},"etarioRangos":[{"rango":{"min":12,"max":19},"vacunados":655154,"personasINE":752907,"porcentaje":0.814875435029806},{"rango":{"min":20,"max":29},"vacunados":756752,"personasINE":928672,"porcentaje":0.8993064830764832},{"rango":{"min":30,"max":39},"vacunados":922218,"personasINE":1140217,"porcentaje":0.8993064830764832},{"rango":{"min":40,"max":49},"vacunados":1245642,"personasINE":1385114,"porcentaje":0.8993064830764832},{"rango":{"min":50,"max":59},"vacunados":1212532,"personasINE":1265021,"porcentaje":0.9585074081774136},{"rango":{"min":60,"max":69},"vacunados":927771,"personasINE":927771,"porcentaje":1},{"rango":{"min":70,"max":79},"vacunados":653913,"personasINE":653913,"porcentaje":1},{"rango":{"min":80,"max":null},"vacunados":433985,"personasINE":433985,"porcentaje":1}]},"pautaCompleta":{"etarioTotal":{"vacunados":6649094,"personasINE":7451975,"porcentaje":0.8922593003868102},"etarioRangos":[{"rango":{"min":12,"max":19},"vacunados":624184,"personasINE":752907,"porcentaje":0.7716621153647358},{"rango":{"min":20,"max":29},"vacunados":716621,"personasINE":928672,"porcentaje":0.884906224325218},{"rango":{"min":30,"max":39},"vacunados":890912,"personasINE":1140217,"porcentaje":0.884906224325218},{"rango":{"min":40,"max":49},"vacunados":1225696,"personasINE":1385114,"porcentaje":0.884906224325218},{"rango":{"min":50,"max":59},"vacunados":1198572,"personasINE":1265021,"porcentaje":0.9474720182510804},{"rango":{"min":60,"max":69},"vacunados":917018,"personasINE":916147,"porcentaje":1.000950720790441},{"rango":{"min":70,"max":79},"vacunados":648613,"personasINE":650381,"porcentaje":0.9972815934044814},{"rango":{"min":80,"max":null},"vacunados":427478,"personasINE":427478,"porcentaje":1}]}}},{"ccaa":"Aragón","dosisAdministradas":1992391,"dosisEntregadas":2136845,"dosisEntregadasModerna":275200,"dosisEntregadasPfizer":1531845,"dosisEntregadasAstrazeneca":265100,"dosisEntregadasJanssen":64700,"dosisPrimeraDosis":1062530,"dosisPautaCompletada":1040857,"porcentajeEntregadas":0.9323984659626693,"porcentajePoblacionAdministradas":1.4987246039727966,"porcentajePoblacionPrimeraDosis":0.7992607141164638,"porcentajePoblacionCompletas":0.7829577603579383,"fechaUltRegistro":1633996800000,"etarios":{"unaDosis":{"etarioTotal":{"vacunados":1062530,"personasINE":1185134,"porcentaje":0.8965484071843353},"etarioRangos":[{"rango":{"min":12,"max":19},"vacunados":87261,"personasINE":103109,"porcentaje":0.7884678798475472},{"rango":{"min":20,"max":29},"vacunados":102817,"personasINE":130401,"porcentaje":0.8710262720814356},{"rango":{"min":30,"max":39},"vacunados":124675,"personasINE":164286,"porcentaje":0.8710262720814356},{"rango":{"min":40,"max":49},"vacunados":187221,"personasINE":214943,"porcentaje":0.8710262720814356},{"rango":{"min":50,"max":59},"vacunados":185699,"personasINE":198266,"porcentaje":0.9366154560035508},{"rango":{"min":60,"max":69},"vacunados":154401,"personasINE":156367,"porcentaje":0.987427014651429},{"rango":{"min":70,"max":79},"vacunados":119229,"personasINE":119229,"porcentaje":1},{"rango":{"min":80,"max":null},"vacunados":101227,"personasINE":101227,"porcentaje":1}]},"pautaCompleta":{"etarioTotal":{"vacunados":1040857,"personasINE":1185134,"porcentaje":0.8782610236479588},"etarioRangos":[{"rango":{"min":12,"max":19},"vacunados":83457,"personasINE":103109,"porcentaje":0.754587771566169},{"rango":{"min":20,"max":29},"vacunados":98399,"personasINE":130401,"porcentaje":0.8576134137887719},{"rango":{"min":30,"max":39},"vacunados":120622,"personasINE":164286,"porcentaje":0.8576134137887719},{"rango":{"min":40,"max":49},"vacunados":184338,"personasINE":214943,"porcentaje":0.8576134137887719},{"rango":{"min":50,"max":59},"vacunados":183491,"personasINE":198266,"porcentaje":0.9254789020810427},{"rango":{"min":60,"max":69},"vacunados":152271,"personasINE":156367,"porcentaje":0.9738052146552661},{"rango":{"min":70,"max":79},"vacunados":118418,"personasINE":118955,"porcentaje":0.9954856878651591},{"rango":{"min":80,"max":null},"vacunados":99861,"personasINE":99861,"porcentaje":1}]}}},{"ccaa":"Asturias","dosisAdministradas":1669051,"dosisEntregadas":1650625,"dosisEntregadasModerna":162000,"dosisEntregadasPfizer":1224725,"dosisEntregadasAstrazeneca":220900,"dosisEntregadasJanssen":43000,"dosisPrimeraDosis":872627,"dosisPautaCompletada":862462,"porcentajeEntregadas":1.011163044301401,"porcentajePoblacionAdministradas":1.6382775936803091,"porcentajePoblacionPrimeraDosis":0.856537794076075,"porcentajePoblacionCompletas":0.8465602129597638,"fechaUltRegistro":1633996800000,"etarios":{"unaDosis":{"etarioTotal":{"vacunados":872627,"personasINE":933927,"porcentaje":0.9343631782783879},"etarioRangos":[{"rango":{"min":12,"max":19},"vacunados":60378,"personasINE":64000,"porcentaje":0.839731516476849},{"rango":{"min":20,"max":29},"vacunados":66432,"personasINE":79111,"porcentaje":0.9013731114477852},{"rango":{"min":30,"max":39},"vacunados":90778,"personasINE":114451,"porcentaje":0.9013731114477852},{"rango":{"min":40,"max":49},"vacunados":150523,"personasINE":166993,"porcentaje":0.9013731114477852},{"rango":{"min":50,"max":59},"vacunados":153115,"personasINE":162645,"porcentaje":0.9414061299148452},{"rango":{"min":60,"max":69},"vacunados":148138,"personasINE":149652,"porcentaje":0.9898831956806458},{"rango":{"min":70,"max":79},"vacunados":114334,"personasINE":114334,"porcentaje":1},{"rango":{"min":80,"max":null},"vacunados":88929,"personasINE":88929,"porcentaje":1}]},"pautaCompleta":{"etarioTotal":{"vacunados":862462,"personasINE":933927,"porcentaje":0.9234790299455953},"etarioRangos":[{"rango":{"min":12,"max":19},"vacunados":58747,"personasINE":64000,"porcentaje":0.8117328816473057},{"rango":{"min":20,"max":29},"vacunados":64217,"personasINE":79111,"porcentaje":0.8943368883725665},{"rango":{"min":30,"max":39},"vacunados":88755,"personasINE":114451,"porcentaje":0.8943368883725665},{"rango":{"min":40,"max":49},"vacunados":149348,"personasINE":166993,"porcentaje":0.8943368883725665},{"rango":{"min":50,"max":59},"vacunados":152198,"personasINE":162645,"porcentaje":0.9357680838636294},{"rango":{"min":60,"max":69},"vacunados":147174,"personasINE":149652,"porcentaje":0.9834415844759843},{"rango":{"min":70,"max":79},"vacunados":113893,"personasINE":113893,"porcentaje":1},{"rango":{"min":80,"max":null},"vacunados":88130,"personasINE":88130,"porcentaje":1}]}}},{"ccaa":"Baleares","dosisAdministradas":1590620,"dosisEntregadas":1891250,"dosisEntregadasModerna":305100,"dosisEntregadasPfizer":1272150,"dosisEntregadasAstrazeneca":256400,"dosisEntregadasJanssen":57600,"dosisPrimeraDosis":851037,"dosisPautaCompletada":833391,"porcentajeEntregadas":0.8410416391275611,"porcentajePoblacionAdministradas":1.3577137160138382,"porcentajePoblacionPrimeraDosis":0.7264240407735781,"porcentajePoblacionCompletas":0.7113618535555246,"fechaUltRegistro":1633996800000,"etarios":{"unaDosis":{"etarioTotal":{"vacunados":851037,"personasINE":1034867,"porcentaje":0.8223636467294831},"etarioRangos":[{"rango":{"min":12,"max":19},"vacunados":73590,"personasINE":95480,"porcentaje":0.6925519421206014},{"rango":{"min":20,"max":29},"vacunados":95532,"personasINE":137942,"porcentaje":0.8081359253438877},{"rango":{"min":30,"max":39},"vacunados":124890,"personasINE":182187,"porcentaje":0.8081359253438877},{"rango":{"min":40,"max":49},"vacunados":166615,"personasINE":206172,"porcentaje":0.8081359253438877},{"rango":{"min":50,"max":59},"vacunados":149689,"personasINE":165797,"porcentaje":0.9028450454471432},{"rango":{"min":60,"max":69},"vacunados":110107,"personasINE":117231,"porcentaje":0.939231090752446},{"rango":{"min":70,"max":79},"vacunados":79158,"personasINE":80516,"porcentaje":0.9831337870733767},{"rango":{"min":80,"max":null},"vacunados":51456,"personasINE":51456,"porcentaje":1}]},"pautaCompleta":{"etarioTotal":{"vacunados":833391,"personasINE":1034867,"porcentaje":0.8053121802125297},"etarioRangos":[{"rango":{"min":12,"max":19},"vacunados":71139,"personasINE":95480,"porcentaje":0.6619303765350655},{"rango":{"min":20,"max":29},"vacunados":91308,"personasINE":137942,"porcentaje":0.7950740158702443},{"rango":{"min":30,"max":39},"vacunados":120361,"personasINE":182187,"porcentaje":0.7950740158702443},{"rango":{"min":40,"max":49},"vacunados":163922,"personasINE":206172,"porcentaje":0.7950740158702443},{"rango":{"min":50,"max":59},"vacunados":148034,"personasINE":165797,"porcentaje":0.8928629589196427},{"rango":{"min":60,"max":69},"vacunados":109099,"personasINE":117231,"porcentaje":0.9306326824815961},{"rango":{"min":70,"max":79},"vacunados":78703,"personasINE":80516,"porcentaje":0.9774827363505391},{"rango":{"min":80,"max":null},"vacunados":50825,"personasINE":50825,"porcentaje":1}]}}},{"ccaa":"Canarias","dosisAdministradas":3130216,"dosisEntregadas":3522840,"dosisEntregadasModerna":574700,"dosisEntregadasPfizer":2358690,"dosisEntregadasAstrazeneca":455800,"dosisEntregadasJanssen":133650,"dosisPrimeraDosis":1667012,"dosisPautaCompletada":1622556,"porcentajeEntregadas":0.8885490115929193,"porcentajePoblacionAdministradas":1.4385501150760678,"porcentajePoblacionPrimeraDosis":0.7661069729479327,"porcentajePoblacionCompletas":0.7456763752141591,"fechaUltRegistro":1633996800000,"etarios":{"unaDosis":{"etarioTotal":{"vacunados":1667012,"personasINE":1960774,"porcentaje":0.8501805919499137},"etarioRangos":[{"rango":{"min":12,"max":19},"vacunados":147479,"personasINE":179797,"porcentaje":0.7378052655830434},{"rango":{"min":20,"max":29},"vacunados":185741,"personasINE":251748,"porcentaje":0.8173301986987141},{"rango":{"min":30,"max":39},"vacunados":228082,"personasINE":310934,"porcentaje":0.8173301986987141},{"rango":{"min":40,"max":49},"vacunados":317062,"personasINE":387924,"porcentaje":0.8173301986987141},{"rango":{"min":50,"max":59},"vacunados":320190,"personasINE":350512,"porcentaje":0.9134922627470672},{"rango":{"min":60,"max":69},"vacunados":224192,"personasINE":235092,"porcentaje":0.9536351726132748},{"rango":{"min":70,"max":79},"vacunados":151290,"personasINE":154531,"porcentaje":0.9790268619241447},{"rango":{"min":80,"max":null},"vacunados":92976,"personasINE":92976,"porcentaje":1}]},"pautaCompleta":{"etarioTotal":{"vacunados":1622556,"personasINE":1960774,"porcentaje":0.8275079126916207},"etarioRangos":[{"rango":{"min":12,"max":19},"vacunados":136987,"personasINE":179797,"porcentaje":0.6936658881103326},{"rango":{"min":20,"max":29},"vacunados":174629,"personasINE":251748,"porcentaje":0.8047401037316588},{"rango":{"min":30,"max":39},"vacunados":219368,"personasINE":310934,"porcentaje":0.8047401037316588},{"rango":{"min":40,"max":49},"vacunados":312178,"personasINE":387924,"porcentaje":0.8047401037316588},{"rango":{"min":50,"max":59},"vacunados":317385,"personasINE":350512,"porcentaje":0.9054896836627562},{"rango":{"min":60,"max":69},"vacunados":220159,"personasINE":235092,"porcentaje":0.9364801864801865},{"rango":{"min":70,"max":79},"vacunados":150047,"personasINE":154531,"porcentaje":0.9709831684257527},{"rango":{"min":80,"max":null},"vacunados":91803,"personasINE":91803,"porcentaje":1}]}}},{"ccaa":"Cantabria","dosisAdministradas":915979,"dosisEntregadas":989605,"dosisEntregadasModerna":114900,"dosisEntregadasPfizer":727305,"dosisEntregadasAstrazeneca":125200,"dosisEntregadasJanssen":22200,"dosisPrimeraDosis":480596,"dosisPautaCompletada":473505,"porcentajeEntregadas":0.9256006184285649,"porcentajePoblacionAdministradas":1.571403573481099,"porcentajePoblacionPrimeraDosis":0.824484264159683,"porcentajePoblacionCompletas":0.8123193316235064,"fechaUltRegistro":1633910400000,"etarios":{"unaDosis":{"etarioTotal":{"vacunados":480596,"personasINE":524127,"porcentaje":0.916945702091287},"etarioRangos":[{"rango":{"min":12,"max":19},"vacunados":38708,"personasINE":43963,"porcentaje":0.8062172062172063},{"rango":{"min":20,"max":29},"vacunados":40718,"personasINE":50505,"porcentaje":0.8981374464298499},{"rango":{"min":30,"max":39},"vacunados":54346,"personasINE":70473,"porcentaje":0.8981374464298499},{"rango":{"min":40,"max":49},"vacunados":87810,"personasINE":97769,"porcentaje":0.8981374464298499},{"rango":{"min":50,"max":59},"vacunados":84184,"personasINE":89964,"porcentaje":0.9357520786092215},{"rango":{"min":60,"max":69},"vacunados":76620,"personasINE":77345,"porcentaje":0.9906264141185597},{"rango":{"min":70,"max":79},"vacunados":55904,"personasINE":55904,"porcentaje":1},{"rango":{"min":80,"max":null},"vacunados":42306,"personasINE":42306,"porcentaje":1}]},"pautaCompleta":{"etarioTotal":{"vacunados":473505,"personasINE":524127,"porcentaje":0.9034165383580697},"etarioRangos":[{"rango":{"min":12,"max":19},"vacunados":37046,"personasINE":43963,"porcentaje":0.7779229779229779},{"rango":{"min":20,"max":29},"vacunados":39289,"personasINE":50505,"porcentaje":0.8876126379527253},{"rango":{"min":30,"max":39},"vacunados":53135,"personasINE":70473,"porcentaje":0.8876126379527253},{"rango":{"min":40,"max":49},"vacunados":86781,"personasINE":97769,"porcentaje":0.8876126379527253},{"rango":{"min":50,"max":59},"vacunados":83586,"personasINE":89964,"porcentaje":0.9291049753234627},{"rango":{"min":60,"max":69},"vacunados":76157,"personasINE":77345,"porcentaje":0.9846402482384123},{"rango":{"min":70,"max":79},"vacunados":55673,"personasINE":55673,"porcentaje":1},{"rango":{"min":80,"max":null},"vacunados":41838,"personasINE":41838,"porcentaje":1}]}}},{"ccaa":"Castilla y Leon","dosisAdministradas":3784669,"dosisEntregadas":3912325,"dosisEntregadasModerna":412400,"dosisEntregadasPfizer":2916525,"dosisEntregadasAstrazeneca":481200,"dosisEntregadasJanssen":102200,"dosisPrimeraDosis":1995650,"dosisPautaCompletada":1952577,"porcentajeEntregadas":0.9673708089179708,"porcentajePoblacionAdministradas":1.5802916843081893,"porcentajePoblacionPrimeraDosis":0.83328531498782,"porcentajePoblacionCompletas":0.8153001480635245,"fechaUltRegistro":1633996800000,"etarios":{"unaDosis":{"etarioTotal":{"vacunados":1995650,"personasINE":2176253,"porcentaje":0.9170119466808316},"etarioRangos":[{"rango":{"min":12,"max":19},"vacunados":141640,"personasINE":165342,"porcentaje":0.810649934125096},{"rango":{"min":20,"max":29},"vacunados":171052,"personasINE":211006,"porcentaje":0.8801145043420817},{"rango":{"min":30,"max":39},"vacunados":210790,"personasINE":267783,"porcentaje":0.8801145043420817},{"rango":{"min":40,"max":49},"vacunados":319750,"personasINE":363305,"porcentaje":0.8801145043420817},{"rango":{"min":50,"max":59},"vacunados":352412,"personasINE":381175,"porcentaje":0.9245412212238473},{"rango":{"min":60,"max":69},"vacunados":320265,"personasINE":320265,"porcentaje":1},{"rango":{"min":70,"max":79},"vacunados":250433,"personasINE":250433,"porcentaje":1},{"rango":{"min":80,"max":null},"vacunados":229308,"personasINE":229308,"porcentaje":1}]},"pautaCompleta":{"etarioTotal":{"vacunados":1952577,"personasINE":2176253,"porcentaje":0.8972196706908617},"etarioRangos":[{"rango":{"min":12,"max":19},"vacunados":130007,"personasINE":165342,"porcentaje":0.7714946494412481},{"rango":{"min":20,"max":29},"vacunados":162790,"personasINE":211006,"porcentaje":0.8656170435309175},{"rango":{"min":30,"max":39},"vacunados":204121,"personasINE":267783,"porcentaje":0.8656170435309175},{"rango":{"min":40,"max":49},"vacunados":314483,"personasINE":363305,"porcentaje":0.8656170435309175},{"rango":{"min":50,"max":59},"vacunados":348126,"personasINE":381175,"porcentaje":0.9132970420410572},{"rango":{"min":60,"max":69},"vacunados":317311,"personasINE":318575,"porcentaje":0.9960323314761045},{"rango":{"min":70,"max":79},"vacunados":248934,"personasINE":248934,"porcentaje":1},{"rango":{"min":80,"max":null},"vacunados":226805,"personasINE":226805,"porcentaje":1}]}}},{"ccaa":"Castilla La Mancha","dosisAdministradas":3010205,"dosisEntregadas":3267280,"dosisEntregadasModerna":446800,"dosisEntregadasPfizer":2330505,"dosisEntregadasAstrazeneca":394900,"dosisEntregadasJanssen":95075,"dosisPrimeraDosis":1612358,"dosisPautaCompletada":1547975,"porcentajeEntregadas":0.9213183443108641,"porcentajePoblacionAdministradas":1.4718238273516653,"porcentajePoblacionPrimeraDosis":0.7883539236102113,"porcentajePoblacionCompletas":0.7568741959915334,"fechaUltRegistro":1633910400000},{"ccaa":"Cataluña","dosisAdministradas":11060754,"dosisEntregadas":11863410,"dosisEntregadasModerna":1604900,"dosisEntregadasPfizer":8368460,"dosisEntregadasAstrazeneca":1514300,"dosisEntregadasJanssen":375750,"dosisPrimeraDosis":5928518,"dosisPautaCompletada":5778139,"porcentajeEntregadas":0.9323418814657843,"porcentajePoblacionAdministradas":1.4216032200588165,"porcentajePoblacionPrimeraDosis":0.7619733952112717,"porcentajePoblacionCompletas":0.7426456648748747,"fechaUltRegistro":1633996800000,"etarios":{"unaDosis":{"etarioTotal":{"vacunados":5928518,"personasINE":6868360,"porcentaje":0.8631635499595245},"etarioRangos":[{"rango":{"min":12,"max":19},"vacunados":517992,"personasINE":656166,"porcentaje":0.7425450124264693},{"rango":{"min":20,"max":29},"vacunados":622947,"personasINE":838935,"porcentaje":0.8524653409328234},{"rango":{"min":30,"max":39},"vacunados":767374,"personasINE":1044652,"porcentaje":0.8524653409328234},{"rango":{"min":40,"max":49},"vacunados":1122488,"personasINE":1316755,"porcentaje":0.8524653409328234},{"rango":{"min":50,"max":59},"vacunados":1022737,"personasINE":1091780,"porcentaje":0.9367610690798512},{"rango":{"min":60,"max":69},"vacunados":798328,"personasINE":837584,"porcentaje":0.9531318649830942},{"rango":{"min":70,"max":79},"vacunados":618005,"personasINE":635292,"porcentaje":0.9727888907777841},{"rango":{"min":80,"max":null},"vacunados":458647,"personasINE":458647,"porcentaje":1}]},"pautaCompleta":{"etarioTotal":{"vacunados":5778139,"personasINE":6868360,"porcentaje":0.841269094805747},"etarioRangos":[{"rango":{"min":12,"max":19},"vacunados":490228,"personasINE":656166,"porcentaje":0.701049544958787},{"rango":{"min":20,"max":29},"vacunados":588135,"personasINE":838935,"porcentaje":0.8370873852766839},{"rango":{"min":30,"max":39},"vacunados":734559,"personasINE":1044652,"porcentaje":0.8370873852766839},{"rango":{"min":40,"max":49},"vacunados":1102239,"personasINE":1316755,"porcentaje":0.8370873852766839},{"rango":{"min":50,"max":59},"vacunados":1010727,"personasINE":1091780,"porcentaje":0.9257606843869645},{"rango":{"min":60,"max":69},"vacunados":785732,"personasINE":837584,"porcentaje":0.9380933733213624},{"rango":{"min":70,"max":79},"vacunados":613782,"personasINE":635292,"porcentaje":0.9661415538051793},{"rango":{"min":80,"max":null},"vacunados":452737,"personasINE":452737,"porcentaje":1}]}}},{"ccaa":"C. Valenciana","dosisAdministradas":7613228,"dosisEntregadas":8088540,"dosisEntregadasModerna":1213650,"dosisEntregadasPfizer":5797540,"dosisEntregadasAstrazeneca":863900,"dosisEntregadasJanssen":213450,"dosisPrimeraDosis":4057103,"dosisPautaCompletada":3980079,"porcentajeEntregadas":0.9412363665136106,"porcentajePoblacionAdministradas":1.5053780109871706,"porcentajePoblacionPrimeraDosis":0.8022186705179567,"porcentajePoblacionCompletas":0.786988568921331,"fechaUltRegistro":1633910400000,"etarios":{"unaDosis":{"etarioTotal":{"vacunados":4057103,"personasINE":4488459,"porcentaje":0.9038966380220917},"etarioRangos":[{"rango":{"min":12,"max":19},"vacunados":363623,"personasINE":424531,"porcentaje":0.8150703510383124},{"rango":{"min":20,"max":29},"vacunados":420679,"personasINE":516126,"porcentaje":0.8820955673400752},{"rango":{"min":30,"max":39},"vacunados":506512,"personasINE":648759,"porcentaje":0.8820955673400752},{"rango":{"min":40,"max":49},"vacunados":751182,"personasINE":851588,"porcentaje":0.8820955673400752},{"rango":{"min":50,"max":59},"vacunados":714138,"personasINE":752334,"porcentaje":0.9492299962516648},{"rango":{"min":60,"max":69},"vacunados":569547,"personasINE":580728,"porcentaje":0.9807465801545646},{"rango":{"min":70,"max":79},"vacunados":434243,"personasINE":437862,"porcentaje":0.9917348388304991},{"rango":{"min":80,"max":null},"vacunados":297179,"personasINE":297179,"porcentaje":1}]},"pautaCompleta":{"etarioTotal":{"vacunados":3980079,"personasINE":4488459,"porcentaje":0.8867361827299748},"etarioRangos":[{"rango":{"min":12,"max":19},"vacunados":346985,"personasINE":424531,"porcentaje":0.7813150277257879},{"rango":{"min":20,"max":29},"vacunados":403257,"personasINE":516126,"porcentaje":0.8711607021235621},{"rango":{"min":30,"max":39},"vacunados":491939,"personasINE":648759,"porcentaje":0.8711607021235621},{"rango":{"min":40,"max":49},"vacunados":741870,"personasINE":851588,"porcentaje":0.8711607021235621},{"rango":{"min":50,"max":59},"vacunados":708195,"personasINE":752334,"porcentaje":0.9413305792374131},{"rango":{"min":60,"max":69},"vacunados":563357,"personasINE":580728,"porcentaje":0.9700875452879834},{"rango":{"min":70,"max":79},"vacunados":431443,"personasINE":437862,"porcentaje":0.9853401299952953},{"rango":{"min":80,"max":null},"vacunados":293033,"personasINE":293033,"porcentaje":1}]}}},{"ccaa":"Extremadura","dosisAdministradas":1699867,"dosisEntregadas":1682775,"dosisEntregadasModerna":218200,"dosisEntregadasPfizer":1226825,"dosisEntregadasAstrazeneca":186000,"dosisEntregadasJanssen":51750,"dosisPrimeraDosis":895119,"dosisPautaCompletada":879288,"porcentajeEntregadas":1.010157032282985,"porcentajePoblacionAdministradas":1.5976388809261768,"porcentajePoblacionPrimeraDosis":0.8412875345281474,"porcentajePoblacionCompletas":0.8264085933380765,"fechaUltRegistro":1633910400000,"etarios":{"unaDosis":{"etarioTotal":{"vacunados":895119,"personasINE":953437,"porcentaje":0.9388339240033688},"etarioRangos":[{"rango":{"min":12,"max":19},"vacunados":75405,"personasINE":84750,"porcentaje":0.8168108012707377},{"rango":{"min":20,"max":29},"vacunados":92561,"personasINE":113320,"porcentaje":0.9159341417231996},{"rango":{"min":30,"max":39},"vacunados":112737,"personasINE":133479,"porcentaje":0.9159341417231996},{"rango":{"min":40,"max":49},"vacunados":146086,"personasINE":159494,"porcentaje":0.9159341417231996},{"rango":{"min":50,"max":59},"vacunados":161384,"personasINE":169216,"porcentaje":0.9537159606656581},{"rango":{"min":60,"max":69},"vacunados":132794,"personasINE":132794,"porcentaje":1},{"rango":{"min":70,"max":79},"vacunados":95905,"personasINE":95905,"porcentaje":1},{"rango":{"min":80,"max":null},"vacunados":78247,"personasINE":78247,"porcentaje":1}]},"pautaCompleta":{"etarioTotal":{"vacunados":879288,"personasINE":953437,"porcentaje":0.9222297855023457},"etarioRangos":[{"rango":{"min":12,"max":19},"vacunados":72230,"personasINE":84750,"porcentaje":0.7835686551358984},{"rango":{"min":20,"max":29},"vacunados":88794,"personasINE":113320,"porcentaje":0.9035261514539732},{"rango":{"min":30,"max":39},"vacunados":109833,"personasINE":133479,"porcentaje":0.9035261514539732},{"rango":{"min":40,"max":49},"vacunados":144107,"personasINE":159494,"porcentaje":0.9035261514539732},{"rango":{"min":50,"max":59},"vacunados":160103,"personasINE":169216,"porcentaje":0.946145754538578},{"rango":{"min":60,"max":69},"vacunados":131498,"personasINE":125297,"porcentaje":1.0494904107839773},{"rango":{"min":70,"max":79},"vacunados":95378,"personasINE":95378,"porcentaje":1},{"rango":{"min":80,"max":null},"vacunados":77345,"personasINE":77345,"porcentaje":1}]}}},{"ccaa":"Galicia","dosisAdministradas":4394853,"dosisEntregadas":4358529,"dosisEntregadasModerna":507400,"dosisEntregadasPfizer":3155029,"dosisEntregadasAstrazeneca":573400,"dosisEntregadasJanssen":122700,"dosisPrimeraDosis":2304479,"dosisPautaCompletada":2276643,"porcentajeEntregadas":1.0083340044313116,"porcentajePoblacionAdministradas":1.6266274683833373,"porcentajePoblacionPrimeraDosis":0.8529361145213651,"porcentajePoblacionCompletas":0.8426334258512506,"fechaUltRegistro":1633910400000,"etarios":{"unaDosis":{"etarioTotal":{"vacunados":2304479,"personasINE":2454497,"porcentaje":0.9388803490083711},"etarioRangos":[{"rango":{"min":12,"max":19},"vacunados":167228,"personasINE":180007,"porcentaje":0.8561223650430122},{"rango":{"min":20,"max":29},"vacunados":197748,"personasINE":230981,"porcentaje":0.9189140406253313},{"rango":{"min":30,"max":39},"vacunados":262574,"personasINE":323408,"porcentaje":0.9189140406253313},{"rango":{"min":40,"max":49},"vacunados":407282,"personasINE":443221,"porcentaje":0.9189140406253313},{"rango":{"min":50,"max":59},"vacunados":390496,"personasINE":405889,"porcentaje":0.9620758384681526},{"rango":{"min":60,"max":69},"vacunados":345699,"personasINE":346927,"porcentaje":0.9964603504483652},{"rango":{"min":70,"max":79},"vacunados":291236,"personasINE":291236,"porcentaje":1},{"rango":{"min":80,"max":null},"vacunados":242216,"personasINE":242216,"porcentaje":1}]},"pautaCompleta":{"etarioTotal":{"vacunados":2276643,"personasINE":2454497,"porcentaje":0.9275395325396609},"etarioRangos":[{"rango":{"min":12,"max":19},"vacunados":161692,"personasINE":180007,"porcentaje":0.8290508743143375},{"rango":{"min":20,"max":29},"vacunados":191495,"personasINE":230981,"porcentaje":0.9102908030079803},{"rango":{"min":30,"max":39},"vacunados":257425,"personasINE":323408,"porcentaje":0.9102908030079803},{"rango":{"min":40,"max":49},"vacunados":403460,"personasINE":443221,"porcentaje":0.9102908030079803},{"rango":{"min":50,"max":59},"vacunados":388012,"personasINE":405889,"porcentaje":0.9559559386925982},{"rango":{"min":60,"max":69},"vacunados":344085,"personasINE":346927,"porcentaje":0.9918080748976009},{"rango":{"min":70,"max":79},"vacunados":289909,"personasINE":289909,"porcentaje":1},{"rango":{"min":80,"max":null},"vacunados":240565,"personasINE":240565,"porcentaje":1}]}}},{"ccaa":"La Rioja","dosisAdministradas":477721,"dosisEntregadas":510565,"dosisEntregadasModerna":67600,"dosisEntregadasPfizer":374465,"dosisEntregadasAstrazeneca":53300,"dosisEntregadasJanssen":15200,"dosisPrimeraDosis":258505,"dosisPautaCompletada":252910,"porcentajeEntregadas":0.9356712661463281,"porcentajePoblacionAdministradas":1.4932794438505348,"porcentajePoblacionPrimeraDosis":0.8080452871709272,"porcentajePoblacionCompletas":0.7905562119819701,"fechaUltRegistro":1633910400000,"etarios":{"unaDosis":{"etarioTotal":{"vacunados":258505,"personasINE":283970,"porcentaje":0.9103250343346128},"etarioRangos":[{"rango":{"min":12,"max":19},"vacunados":21397,"personasINE":25532,"porcentaje":0.774673320638256},{"rango":{"min":20,"max":29},"vacunados":23595,"personasINE":30458,"porcentaje":0.895102649819631},{"rango":{"min":30,"max":39},"vacunados":30780,"personasINE":39319,"porcentaje":0.895102649819631},{"rango":{"min":40,"max":49},"vacunados":47393,"personasINE":52947,"porcentaje":0.895102649819631},{"rango":{"min":50,"max":59},"vacunados":45320,"personasINE":47664,"porcentaje":0.9508224236320914},{"rango":{"min":60,"max":69},"vacunados":38003,"personasINE":38003,"porcentaje":1},{"rango":{"min":70,"max":79},"vacunados":28658,"personasINE":28658,"porcentaje":1},{"rango":{"min":80,"max":null},"vacunados":23359,"personasINE":23359,"porcentaje":1}]},"pautaCompleta":{"etarioTotal":{"vacunados":252910,"personasINE":283970,"porcentaje":0.8906222488291017},"etarioRangos":[{"rango":{"min":12,"max":19},"vacunados":20170,"personasINE":25532,"porcentaje":0.7373432267384595},{"rango":{"min":20,"max":29},"vacunados":22458,"personasINE":30458,"porcentaje":0.8804653710314088},{"rango":{"min":30,"max":39},"vacunados":29863,"personasINE":39319,"porcentaje":0.8804653710314088},{"rango":{"min":40,"max":49},"vacunados":46618,"personasINE":52947,"porcentaje":0.8804653710314088},{"rango":{"min":50,"max":59},"vacunados":44695,"personasINE":47664,"porcentaje":0.9377098019469621},{"rango":{"min":60,"max":69},"vacunados":37413,"personasINE":37718,"porcentaje":0.9919136751683546},{"rango":{"min":70,"max":79},"vacunados":28542,"personasINE":28542,"porcentaje":1},{"rango":{"min":80,"max":null},"vacunados":23151,"personasINE":23151,"porcentaje":1}]}}},{"ccaa":"Madrid","dosisAdministradas":9802899,"dosisEntregadas":10825829,"dosisEntregadasModerna":1645800,"dosisEntregadasPfizer":7637679,"dosisEntregadasAstrazeneca":1220900,"dosisEntregadasJanssen":321450,"dosisPrimeraDosis":5307091,"dosisPautaCompletada":5174888,"porcentajeEntregadas":0.9055102385230729,"porcentajePoblacionAdministradas":1.4458791944645693,"porcentajePoblacionPrimeraDosis":0.7827697153699295,"porcentajePoblacionCompletas":0.7632704257061473,"fechaUltRegistro":1633996800000,"etarios":{"unaDosis":{"etarioTotal":{"vacunados":5307091,"personasINE":5977937,"porcentaje":0.8877796805152012},"etarioRangos":[{"rango":{"min":12,"max":19},"vacunados":445859,"personasINE":553542,"porcentaje":0.7919418162227685},{"rango":{"min":20,"max":29},"vacunados":587997,"personasINE":742475,"porcentaje":0.8796813985939615},{"rango":{"min":30,"max":39},"vacunados":737508,"personasINE":949640,"porcentaje":0.8796813985939615},{"rango":{"min":40,"max":49},"vacunados":1025683,"personasINE":1165971,"porcentaje":0.8796813985939615},{"rango":{"min":50,"max":59},"vacunados":938029,"personasINE":972783,"porcentaje":0.96427363553845},{"rango":{"min":60,"max":69},"vacunados":687651,"personasINE":703323,"porcentaje":0.9777172081675134},{"rango":{"min":70,"max":79},"vacunados":510631,"personasINE":526081,"porcentaje":0.9706318988900948},{"rango":{"min":80,"max":null},"vacunados":373733,"personasINE":373733,"porcentaje":1}]},"pautaCompleta":{"etarioTotal":{"vacunados":5174888,"personasINE":5977937,"porcentaje":0.8656645260731253},"etarioRangos":[{"rango":{"min":12,"max":19},"vacunados":424381,"personasINE":553542,"porcentaje":0.748519478770329},{"rango":{"min":20,"max":29},"vacunados":555757,"personasINE":742475,"porcentaje":0.8609605213165679},{"rango":{"min":30,"max":39},"vacunados":707341,"personasINE":949640,"porcentaje":0.8609605213165679},{"rango":{"min":40,"max":49},"vacunados":1003855,"personasINE":1165971,"porcentaje":0.8609605213165679},{"rango":{"min":50,"max":59},"vacunados":929586,"personasINE":972783,"porcentaje":0.9555944131424994},{"rango":{"min":60,"max":69},"vacunados":674905,"personasINE":703323,"porcentaje":0.9595946670306531},{"rango":{"min":70,"max":79},"vacunados":508367,"personasINE":526081,"porcentaje":0.966328379089912},{"rango":{"min":80,"max":null},"vacunados":370696,"personasINE":370696,"porcentaje":1}]}}},{"ccaa":"Murcia","dosisAdministradas":2210397,"dosisEntregadas":2407175,"dosisEntregadasModerna":398000,"dosisEntregadasPfizer":1687865,"dosisEntregadasAstrazeneca":253010,"dosisEntregadasJanssen":68300,"dosisPrimeraDosis":1184231,"dosisPautaCompletada":1147400,"porcentajeEntregadas":0.9182535544777592,"porcentajePoblacionAdministradas":1.4626273200150075,"porcentajePoblacionPrimeraDosis":0.7836097378926465,"porcentajePoblacionCompletas":0.7592385381382709,"fechaUltRegistro":1633910400000,"etarios":{"unaDosis":{"etarioTotal":{"vacunados":1184231,"personasINE":1310137,"porcentaje":0.9038985999174132},"etarioRangos":[{"rango":{"min":12,"max":19},"vacunados":117330,"personasINE":141894,"porcentaje":0.8046537550508569},{"rango":{"min":20,"max":29},"vacunados":138600,"personasINE":172248,"porcentaje":0.9077696069752161},{"rango":{"min":30,"max":39},"vacunados":165326,"personasINE":209003,"porcentaje":0.9077696069752161},{"rango":{"min":40,"max":49},"vacunados":230716,"personasINE":254157,"porcentaje":0.9077696069752161},{"rango":{"min":50,"max":59},"vacunados":207035,"personasINE":213256,"porcentaje":0.9708284878268373},{"rango":{"min":60,"max":69},"vacunados":148052,"personasINE":148052,"porcentaje":1},{"rango":{"min":70,"max":79},"vacunados":103228,"personasINE":103228,"porcentaje":1},{"rango":{"min":80,"max":null},"vacunados":73944,"personasINE":73944,"porcentaje":1}]},"pautaCompleta":{"etarioTotal":{"vacunados":1147400,"personasINE":1310137,"porcentaje":0.8757862727333096},"etarioRangos":[{"rango":{"min":12,"max":19},"vacunados":111459,"personasINE":141894,"porcentaje":0.7540871301843853},{"rango":{"min":20,"max":29},"vacunados":129890,"personasINE":172248,"porcentaje":0.8852087489229099},{"rango":{"min":30,"max":39},"vacunados":157878,"personasINE":209003,"porcentaje":0.8852087489229099},{"rango":{"min":40,"max":49},"vacunados":224982,"personasINE":254157,"porcentaje":0.8852087489229099},{"rango":{"min":50,"max":59},"vacunados":204097,"personasINE":213256,"porcentaje":0.957051618711783},{"rango":{"min":60,"max":69},"vacunados":145097,"personasINE":146909,"porcentaje":0.9876658339516299},{"rango":{"min":70,"max":79},"vacunados":101163,"personasINE":102899,"porcentaje":0.9831290877462366},{"rango":{"min":80,"max":null},"vacunados":72834,"personasINE":72834,"porcentaje":1}]}}},{"ccaa":"Navarra","dosisAdministradas":976253,"dosisEntregadas":1046175,"dosisEntregadasModerna":151500,"dosisEntregadasPfizer":734325,"dosisEntregadasAstrazeneca":136600,"dosisEntregadasJanssen":23750,"dosisPrimeraDosis":525209,"dosisPautaCompletada":515996,"porcentajeEntregadas":0.9331641455779387,"porcentajePoblacionAdministradas":1.476493390018406,"porcentajePoblacionPrimeraDosis":0.7943305852869871,"porcentajePoblacionCompletas":0.7803967652605804,"fechaUltRegistro":1633996800000,"etarios":{"unaDosis":{"etarioTotal":{"vacunados":525209,"personasINE":581354,"porcentaje":0.903423731495784},"etarioRangos":[{"rango":{"min":12,"max":19},"vacunados":48088,"personasINE":56388,"porcentaje":0.8276747838595564},{"rango":{"min":20,"max":29},"vacunados":56387,"personasINE":68127,"porcentaje":0.8802985129905002},{"rango":{"min":30,"max":39},"vacunados":63657,"personasINE":81341,"porcentaje":0.8802985129905002},{"rango":{"min":40,"max":49},"vacunados":95074,"personasINE":108002,"porcentaje":0.8802985129905002},{"rango":{"min":50,"max":59},"vacunados":91452,"personasINE":96694,"porcentaje":0.9457877427761805},{"rango":{"min":60,"max":69},"vacunados":72166,"personasINE":73844,"porcentaje":0.9772764205622664},{"rango":{"min":70,"max":79},"vacunados":55886,"personasINE":55886,"porcentaje":1},{"rango":{"min":80,"max":null},"vacunados":42499,"personasINE":42499,"porcentaje":1}]},"pautaCompleta":{"etarioTotal":{"vacunados":515996,"personasINE":581354,"porcentaje":0.8875762444225034},"etarioRangos":[{"rango":{"min":12,"max":19},"vacunados":46485,"personasINE":56388,"porcentaje":0.7942812688067873},{"rango":{"min":20,"max":29},"vacunados":54112,"personasINE":68127,"porcentaje":0.86695616747838},{"rango":{"min":30,"max":39},"vacunados":61895,"personasINE":81341,"porcentaje":0.86695616747838},{"rango":{"min":40,"max":49},"vacunados":93633,"personasINE":108002,"porcentaje":0.86695616747838},{"rango":{"min":50,"max":59},"vacunados":90540,"personasINE":96694,"porcentaje":0.936355926944795},{"rango":{"min":60,"max":69},"vacunados":71499,"personasINE":73844,"porcentaje":0.9682438654460755},{"rango":{"min":70,"max":79},"vacunados":55726,"personasINE":55792,"porcentaje":0.9988170347003155},{"rango":{"min":80,"max":null},"vacunados":42106,"personasINE":42106,"porcentaje":1}]}}},{"ccaa":"País Vasco","dosisAdministradas":3353000,"dosisEntregadas":3668820,"dosisEntregadasModerna":526100,"dosisEntregadasPfizer":2597220,"dosisEntregadasAstrazeneca":444200,"dosisEntregadasJanssen":101300,"dosisPrimeraDosis":1803623,"dosisPautaCompletada":1769273,"porcentajeEntregadas":0.9139178264401088,"porcentajePoblacionAdministradas":1.510017545566232,"porcentajePoblacionPrimeraDosis":0.8122583881857453,"porcentajePoblacionCompletas":0.7967889271985099,"fechaUltRegistro":1633996800000,"etarios":{"unaDosis":{"etarioTotal":{"vacunados":1803623,"personasINE":1983943,"porcentaje":0.9091102919791546},"etarioRangos":[{"rango":{"min":12,"max":19},"vacunados":143202,"personasINE":168606,"porcentaje":0.7965951154643881},{"rango":{"min":20,"max":29},"vacunados":160541,"personasINE":201534,"porcentaje":0.8821896927371987},{"rango":{"min":30,"max":39},"vacunados":200921,"personasINE":260543,"porcentaje":0.8821896927371987},{"rango":{"min":40,"max":49},"vacunados":319470,"personasINE":362133,"porcentaje":0.8821896927371987},{"rango":{"min":50,"max":59},"vacunados":323312,"personasINE":339977,"porcentaje":0.9509819781926424},{"rango":{"min":60,"max":69},"vacunados":278346,"personasINE":280119,"porcentaje":0.993670547160314},{"rango":{"min":70,"max":79},"vacunados":213684,"personasINE":213684,"porcentaje":1},{"rango":{"min":80,"max":null},"vacunados":164147,"personasINE":164147,"porcentaje":1}]},"pautaCompleta":{"etarioTotal":{"vacunados":1769273,"personasINE":1983943,"porcentaje":0.8917962864860532},"etarioRangos":[{"rango":{"min":12,"max":19},"vacunados":138756,"personasINE":168606,"porcentaje":0.7649676977581946},{"rango":{"min":20,"max":29},"vacunados":154167,"personasINE":201534,"porcentaje":0.8691668530622727},{"rango":{"min":30,"max":39},"vacunados":194722,"personasINE":260543,"porcentaje":0.8691668530622727},{"rango":{"min":40,"max":49},"vacunados":314754,"personasINE":362133,"porcentaje":0.8691668530622727},{"rango":{"min":50,"max":59},"vacunados":319980,"personasINE":339977,"porcentaje":0.941181315206617},{"rango":{"min":60,"max":69},"vacunados":272924,"personasINE":280119,"porcentaje":0.9743144877712686},{"rango":{"min":70,"max":79},"vacunados":212130,"personasINE":213081,"porcentaje":0.9955369084995846},{"rango":{"min":80,"max":null},"vacunados":161840,"personasINE":157950,"porcentaje":1.024628046850269}]}}},{"ccaa":"Ceuta","dosisAdministradas":113120,"dosisEntregadas":140230,"dosisEntregadasModerna":22400,"dosisEntregadasPfizer":95580,"dosisEntregadasAstrazeneca":18100,"dosisEntregadasJanssen":4150,"dosisPrimeraDosis":62014,"dosisPautaCompletada":58656,"porcentajeEntregadas":0.8066747486272552,"porcentajePoblacionAdministradas":1.3434360228973183,"porcentajePoblacionPrimeraDosis":0.7364908196954941,"porcentajePoblacionCompletas":0.6966105318163464,"fechaUltRegistro":1633910400000,"etarios":{"unaDosis":{"etarioTotal":{"vacunados":62014,"personasINE":70965,"porcentaje":0.8738673994222504},"etarioRangos":[{"rango":{"min":12,"max":19},"vacunados":8243,"personasINE":9126,"porcentaje":0.823926324427829},{"rango":{"min":20,"max":29},"vacunados":9036,"personasINE":10967,"porcentaje":0.8778674260401835},{"rango":{"min":30,"max":39},"vacunados":9145,"personasINE":11894,"porcentaje":0.8778674260401835},{"rango":{"min":40,"max":49},"vacunados":11098,"personasINE":12642,"porcentaje":0.8778674260401835},{"rango":{"min":50,"max":59},"vacunados":10561,"personasINE":11556,"porcentaje":0.9138975424022153},{"rango":{"min":60,"max":69},"vacunados":7645,"personasINE":7857,"porcentaje":0.9730176912307497},{"rango":{"min":70,"max":79},"vacunados":3889,"personasINE":4318,"porcentaje":0.9006484483557202},{"rango":{"min":80,"max":null},"vacunados":2397,"personasINE":2605,"porcentaje":0.9201535508637236}]},"pautaCompleta":{"etarioTotal":{"vacunados":58656,"personasINE":70965,"porcentaje":0.8265482984569859},"etarioRangos":[{"rango":{"min":12,"max":19},"vacunados":7014,"personasINE":9126,"porcentaje":0.7435944196225038},{"rango":{"min":20,"max":29},"vacunados":8155,"personasINE":10967,"porcentaje":0.8527131782945736},{"rango":{"min":30,"max":39},"vacunados":8611,"personasINE":11894,"porcentaje":0.8527131782945736},{"rango":{"min":40,"max":49},"vacunados":10780,"personasINE":12642,"porcentaje":0.8527131782945736},{"rango":{"min":50,"max":59},"vacunados":10371,"personasINE":11556,"porcentaje":0.8974558670820353},{"rango":{"min":60,"max":69},"vacunados":7494,"personasINE":7857,"porcentaje":0.953799159984727},{"rango":{"min":70,"max":79},"vacunados":3856,"personasINE":4318,"porcentaje":0.8930060213061602},{"rango":{"min":80,"max":null},"vacunados":2375,"personasINE":2605,"porcentaje":0.9117082533589251}]}}},{"ccaa":"Melilla","dosisAdministradas":101221,"dosisEntregadas":141100,"dosisEntregadasModerna":23500,"dosisEntregadasPfizer":96750,"dosisEntregadasAstrazeneca":15100,"dosisEntregadasJanssen":5750,"dosisPrimeraDosis":56872,"dosisPautaCompletada":54240,"porcentajeEntregadas":0.7173706591070163,"porcentajePoblacionAdministradas":1.1624443015296981,"porcentajePoblacionPrimeraDosis":0.6531305985575819,"porcentajePoblacionCompletas":0.6229041297257568,"fechaUltRegistro":1633910400000,"etarios":{"unaDosis":{"etarioTotal":{"vacunados":56872,"personasINE":70927,"porcentaje":0.8018385100173417},"etarioRangos":[{"rango":{"min":12,"max":19},"vacunados":7603,"personasINE":9574,"porcentaje":0.7137974155898291},{"rango":{"min":20,"max":29},"vacunados":8562,"personasINE":11995,"porcentaje":0.834694217630395},{"rango":{"min":30,"max":39},"vacunados":8546,"personasINE":12133,"porcentaje":0.834694217630395},{"rango":{"min":40,"max":49},"vacunados":10018,"personasINE":12002,"porcentaje":0.834694217630395},{"rango":{"min":50,"max":59},"vacunados":9662,"personasINE":11299,"porcentaje":0.8551199221170015},{"rango":{"min":60,"max":69},"vacunados":7158,"personasINE":7827,"porcentaje":0.9145266385588348},{"rango":{"min":70,"max":79},"vacunados":3313,"personasINE":3748,"porcentaje":0.8839381003201707},{"rango":{"min":80,"max":null},"vacunados":2010,"personasINE":2349,"porcentaje":0.855683269476373}]},"pautaCompleta":{"etarioTotal":{"vacunados":54240,"personasINE":70927,"porcentaje":0.7647299335936949},"etarioRangos":[{"rango":{"min":12,"max":19},"vacunados":6931,"personasINE":9574,"porcentaje":0.6470195914964568},{"rango":{"min":20,"max":29},"vacunados":7761,"personasINE":11995,"porcentaje":0.814197633727712},{"rango":{"min":30,"max":39},"vacunados":8139,"personasINE":12133,"porcentaje":0.814197633727712},{"rango":{"min":40,"max":49},"vacunados":9772,"personasINE":12002,"porcentaje":0.814197633727712},{"rango":{"min":50,"max":59},"vacunados":9456,"personasINE":11299,"porcentaje":0.8368882201964776},{"rango":{"min":60,"max":69},"vacunados":6984,"personasINE":7827,"porcentaje":0.8922958988118053},{"rango":{"min":70,"max":79},"vacunados":3236,"personasINE":3748,"porcentaje":0.8633938100320171},{"rango":{"min":80,"max":null},"vacunados":1961,"personasINE":2349,"porcentaje":0.8348233290762026}]}}},{"ccaa":"Fuerzas Armadas","dosisAdministradas":172716,"dosisEntregadas":212238,"dosisEntregadasModerna":58300,"dosisEntregadasPfizer":48138,"dosisEntregadasAstrazeneca":103800,"dosisEntregadasJanssen":2000,"dosisPrimeraDosis":92628,"dosisPautaCompletada":86611,"porcentajeEntregadas":0.8137845249201369,"porcentajePoblacionAdministradas":null,"porcentajePoblacionPrimeraDosis":null,"porcentajePoblacionCompletas":null,"fechaUltRegistro":1633651200000},{"ccaa":"Sanidad Exterior","dosisAdministradas":6531,"dosisEntregadas":8845,"dosisEntregadasModerna":4810,"dosisEntregadasPfizer":0,"dosisEntregadasAstrazeneca":0,"dosisEntregadasJanssen":4035,"dosisPrimeraDosis":4963,"dosisPautaCompletada":4625,"porcentajeEntregadas":0.7383832673827021,"porcentajePoblacionAdministradas":null,"porcentajePoblacionPrimeraDosis":null,"porcentajePoblacionCompletas":null,"fechaUltRegistro":1633910400000,"etarios":{"unaDosis":{"etarioTotal":{"vacunados":4963,"personasINE":"-","porcentaje":"-"},"etarioRangos":[{"rango":{"min":12,"max":19},"vacunados":169,"personasINE":null,"porcentaje":"-"},{"rango":{"min":20,"max":29},"vacunados":1196,"personasINE":null,"porcentaje":"-"},{"rango":{"min":30,"max":39},"vacunados":1419,"personasINE":null,"porcentaje":"-"},{"rango":{"min":40,"max":49},"vacunados":1254,"personasINE":null,"porcentaje":"-"},{"rango":{"min":50,"max":59},"vacunados":650,"personasINE":null,"porcentaje":"-"},{"rango":{"min":60,"max":69},"vacunados":216,"personasINE":null,"porcentaje":"-"},{"rango":{"min":70,"max":79},"vacunados":33,"personasINE":null,"porcentaje":"-"},{"rango":{"min":80,"max":null},"vacunados":26,"personasINE":null,"porcentaje":"-"}]},"pautaCompleta":{"etarioTotal":{"vacunados":4625,"personasINE":"-","porcentaje":"-"},"etarioRangos":[{"rango":{"min":12,"max":19},"vacunados":148,"personasINE":null,"porcentaje":"-"},{"rango":{"min":20,"max":29},"vacunados":1112,"personasINE":null,"porcentaje":"-"},{"rango":{"min":30,"max":39},"vacunados":1307,"personasINE":null,"porcentaje":"-"},{"rango":{"min":40,"max":49},"vacunados":1176,"personasINE":null,"porcentaje":"-"},{"rango":{"min":50,"max":59},"vacunados":620,"personasINE":null,"porcentaje":"-"},{"rango":{"min":60,"max":69},"vacunados":205,"personasINE":null,"porcentaje":"-"},{"rango":{"min":70,"max":79},"vacunados":32,"personasINE":null,"porcentaje":"-"},{"rango":{"min":80,"max":null},"vacunados":25,"personasINE":null,"porcentaje":"-"}]}}},{"ccaa":"Totales","dosisAdministradas":70859558,"dosisEntregadas":75641871,"dosisEntregadasModerna":10752760,"dosisEntregadasPfizer":53616591,"dosisEntregadasAstrazeneca":9111010,"dosisEntregadasJanssen":2161510,"dosisPrimeraDosis":37830132,"dosisPautaCompletada":36961165,"porcentajeEntregadas":0.9367769075939436,"porcentajePoblacionAdministradas":1.509577290157648,"porcentajePoblacionPrimeraDosis":0.8059252662974009,"porcentajePoblacionCompletas":0.7874129740093737,"fechaUltRegistro":null,"etarios":{"unaDosis":{"etarioTotal":{"vacunados":37830132,"personasINE":42119827,"porcentaje":0.8981549710543683},"etarioRangos":[{"rango":{"min":12,"max":19},"vacunados":3268245,"personasINE":3888686,"porcentaje":0.7956518573647424},{"rango":{"min":20,"max":29},"vacunados":3934212,"personasINE":4944640,"porcentaje":0.8807469128786223},{"rango":{"min":30,"max":39},"vacunados":4858275,"personasINE":6230403,"porcentaje":0.8807469128786223},{"rango":{"min":40,"max":49},"vacunados":6950623,"personasINE":7891737,"porcentaje":0.8807469128786223},{"rango":{"min":50,"max":59},"vacunados":6668020,"personasINE":7033306,"porcentaje":0.9480634000568154},{"rango":{"min":60,"max":69},"vacunados":5272738,"personasINE":5336986,"porcentaje":0.9879617447000986},{"rango":{"min":70,"max":79},"vacunados":3941302,"personasINE":3960045,"porcentaje":0.9952669729763172},{"rango":{"min":80,"max":null},"vacunados":2936717,"personasINE":2936717,"porcentaje":1}]},"pautaCompleta":{"etarioTotal":{"vacunados":36961165,"personasINE":42119827,"porcentaje":0.8775241408280238},"etarioRangos":[{"rango":{"min":12,"max":19},"vacunados":3106301,"personasINE":3888686,"porcentaje":0.7550262506471654},{"rango":{"min":20,"max":29},"vacunados":3733333,"personasINE":4944640,"porcentaje":0.8653750118636746},{"rango":{"min":30,"max":39},"vacunados":4683341,"personasINE":6230403,"porcentaje":0.8653750118636746},{"rango":{"min":40,"max":49},"vacunados":6829312,"personasINE":7891737,"porcentaje":0.8653750118636746},{"rango":{"min":50,"max":59},"vacunados":6593204,"personasINE":7033306,"porcentaje":0.937426012745642},{"rango":{"min":60,"max":69},"vacunados":5199168,"personasINE":5336986,"porcentaje":0.9741768106568014},{"rango":{"min":70,"max":79},"vacunados":3914921,"personasINE":3960045,"porcentaje":0.9886051799916415},{"rango":{"min":80,"max":null},"vacunados":2901585,"personasINE":2901585,"porcentaje":1}]}}}]