[{"ccaa":"Andalucía","dosisAdministradas":3142850,"dosisEntregadas":3467300,"dosisEntregadasModerna":282000,"dosisEntregadasPfizer":2185650,"dosisEntregadasAstrazeneca":951000,"dosisEntregadasJanssen":48650,"dosisPrimeraDosis":2178787,"dosisPautaCompletada":990328,"porcentajeEntregadas":0.9064257491419837,"porcentajePoblacionAdministradas":0.37130167710428996,"porcentajePoblacionPrimeraDosis":0.25740562456147276,"porcentajePoblacionCompletas":0.11699904458798137,"fechaUltRegistro":1620172800000,"etarios":{"unaDosis":{"etarioTotal":{"vacunados":2178787,"personasINE":7062213,"porcentaje":0.30851335126822144},"etarioRangos":[{"rango":{"min":16,"max":17},"vacunados":377,"personasINE":181921,"porcentaje":0.0020723280984603206},{"rango":{"min":18,"max":24},"vacunados":31432,"personasINE":625846,"porcentaje":0.05022321785231511},{"rango":{"min":25,"max":49},"vacunados":342937,"personasINE":3009381,"porcentaje":0.11395599294339932},{"rango":{"min":50,"max":59},"vacunados":161716,"personasINE":1265021,"porcentaje":0.12783661298903337},{"rango":{"min":60,"max":69},"vacunados":615058,"personasINE":916147,"porcentaje":0.6713529597324447},{"rango":{"min":70,"max":79},"vacunados":601130,"personasINE":650381,"porcentaje":0.9242736180792489},{"rango":{"min":80,"max":null},"vacunados":426137,"personasINE":413516,"porcentaje":1}]},"pautaCompleta":{"etarioTotal":{"vacunados":990328,"personasINE":7062213,"porcentaje":0.14022913214313984},"etarioRangos":[{"rango":{"min":16,"max":17},"vacunados":245,"personasINE":181921,"porcentaje":0.0013467384194238159},{"rango":{"min":18,"max":24},"vacunados":13914,"personasINE":625846,"porcentaje":0.02223230635012447},{"rango":{"min":25,"max":49},"vacunados":143998,"personasINE":3009381,"porcentaje":0.04784970729861058},{"rango":{"min":50,"max":59},"vacunados":76789,"personasINE":1265021,"porcentaje":0.06070175910123231},{"rango":{"min":60,"max":69},"vacunados":53692,"personasINE":916147,"porcentaje":0.058606315362054344},{"rango":{"min":70,"max":79},"vacunados":290960,"personasINE":650381,"porcentaje":0.4473685424389704},{"rango":{"min":80,"max":null},"vacunados":410730,"personasINE":413516,"porcentaje":0.9932626548912254}]}}},{"ccaa":"Aragón","dosisAdministradas":582785,"dosisEntregadas":660615,"dosisEntregadasModerna":58700,"dosisEntregadasPfizer":444915,"dosisEntregadasAstrazeneca":149400,"dosisEntregadasJanssen":7600,"dosisPrimeraDosis":409210,"dosisPautaCompletada":181357,"porcentajeEntregadas":0.882185539232382,"porcentajePoblacionAdministradas":0.43838494468519795,"porcentajePoblacionPrimeraDosis":0.30781763980649784,"porcentajePoblacionCompletas":0.136421113126236,"fechaUltRegistro":1620172800000,"etarios":{"unaDosis":{"etarioTotal":{"vacunados":409210,"personasINE":1132764,"porcentaje":0.3612491216175655},"etarioRangos":[{"rango":{"min":16,"max":17},"vacunados":38,"personasINE":25106,"porcentaje":0.0015135824105791443},{"rango":{"min":18,"max":24},"vacunados":5997,"personasINE":89180,"porcentaje":0.06724601928683561},{"rango":{"min":25,"max":49},"vacunados":53372,"personasINE":446083,"porcentaje":0.1196458954947846},{"rango":{"min":50,"max":59},"vacunados":30155,"personasINE":198266,"porcentaje":0.152093651962515},{"rango":{"min":60,"max":69},"vacunados":109988,"personasINE":156367,"porcentaje":0.7033964967032686},{"rango":{"min":70,"max":79},"vacunados":110184,"personasINE":118955,"porcentaje":0.9262662351309319},{"rango":{"min":80,"max":null},"vacunados":99476,"personasINE":98807,"porcentaje":1}]},"pautaCompleta":{"etarioTotal":{"vacunados":181357,"personasINE":1132764,"porcentaje":0.1601013097167636},"etarioRangos":[{"rango":{"min":16,"max":17},"vacunados":28,"personasINE":25106,"porcentaje":0.0011152712499004221},{"rango":{"min":18,"max":24},"vacunados":1510,"personasINE":89180,"porcentaje":0.016932047544292443},{"rango":{"min":25,"max":49},"vacunados":22330,"personasINE":446083,"porcentaje":0.05005794885705127},{"rango":{"min":50,"max":59},"vacunados":14549,"personasINE":198266,"porcentaje":0.07338121513522237},{"rango":{"min":60,"max":69},"vacunados":16393,"personasINE":156367,"porcentaje":0.1048366982803277},{"rango":{"min":70,"max":79},"vacunados":31054,"personasINE":118955,"porcentaje":0.26105670211424487},{"rango":{"min":80,"max":null},"vacunados":95493,"personasINE":98807,"porcentaje":0.9664598662038115}]}}},{"ccaa":"Asturias","dosisAdministradas":533789,"dosisEntregadas":594015,"dosisEntregadasModerna":53800,"dosisEntregadasPfizer":419765,"dosisEntregadasAstrazeneca":114600,"dosisEntregadasJanssen":5850,"dosisPrimeraDosis":356508,"dosisPautaCompletada":182899,"porcentajeEntregadas":0.8986119879127632,"porcentajePoblacionAdministradas":0.52394717624148,"porcentajePoblacionPrimeraDosis":0.34993482426107986,"porcentajePoblacionCompletas":0.17952676916794924,"fechaUltRegistro":1620172800000,"etarios":{"unaDosis":{"etarioTotal":{"vacunados":356508,"personasINE":901209,"porcentaje":0.39558859265719715},"etarioRangos":[{"rango":{"min":16,"max":17},"vacunados":37,"personasINE":15563,"porcentaje":0.002377433656749984},{"rango":{"min":18,"max":24},"vacunados":4240,"personasINE":54179,"porcentaje":0.07825910408091696},{"rango":{"min":25,"max":49},"vacunados":42664,"personasINE":322095,"porcentaje":0.1324578152408451},{"rango":{"min":50,"max":59},"vacunados":26701,"personasINE":162645,"porcentaje":0.16416735835715823},{"rango":{"min":60,"max":69},"vacunados":90915,"personasINE":149652,"porcentaje":0.6075094218587123},{"rango":{"min":70,"max":79},"vacunados":104672,"personasINE":109249,"porcentaje":0.9581048796785325},{"rango":{"min":80,"max":null},"vacunados":87279,"personasINE":87826,"porcentaje":0.9937717760116594}]},"pautaCompleta":{"etarioTotal":{"vacunados":182899,"personasINE":901209,"porcentaje":0.2029484836480772},"etarioRangos":[{"rango":{"min":16,"max":17},"vacunados":33,"personasINE":15563,"porcentaje":0.002120413801966202},{"rango":{"min":18,"max":24},"vacunados":2720,"personasINE":54179,"porcentaje":0.050203953561342954},{"rango":{"min":25,"max":49},"vacunados":23156,"personasINE":322095,"porcentaje":0.07189183315481458},{"rango":{"min":50,"max":59},"vacunados":15241,"personasINE":162645,"porcentaje":0.09370715361677273},{"rango":{"min":60,"max":69},"vacunados":11932,"personasINE":149652,"porcentaje":0.07973164408093443},{"rango":{"min":70,"max":79},"vacunados":45867,"personasINE":109249,"porcentaje":0.4198390831952695},{"rango":{"min":80,"max":null},"vacunados":83950,"personasINE":87826,"porcentaje":0.9558672830369139}]}}},{"ccaa":"Baleares","dosisAdministradas":361244,"dosisEntregadas":410410,"dosisEntregadasModerna":32000,"dosisEntregadasPfizer":240210,"dosisEntregadasAstrazeneca":131500,"dosisEntregadasJanssen":6700,"dosisPrimeraDosis":259161,"dosisPautaCompletada":106446,"porcentajeEntregadas":0.8802027241051631,"porcentajePoblacionAdministradas":0.30834890396681985,"porcentajePoblacionPrimeraDosis":0.22121339122849099,"porcentajePoblacionCompletas":0.09085966114773422,"fechaUltRegistro":1620172800000,"etarios":{"unaDosis":{"etarioTotal":{"vacunados":259161,"personasINE":986279,"porcentaje":0.2627664180216754},"etarioRangos":[{"rango":{"min":16,"max":17},"vacunados":36,"personasINE":23300,"porcentaje":0.0015450643776824034},{"rango":{"min":18,"max":24},"vacunados":3848,"personasINE":85839,"porcentaje":0.044828108435559594},{"rango":{"min":25,"max":49},"vacunados":44306,"personasINE":464054,"porcentaje":0.0954759575394243},{"rango":{"min":50,"max":59},"vacunados":23821,"personasINE":165797,"porcentaje":0.14367569980156455},{"rango":{"min":60,"max":69},"vacunados":70527,"personasINE":117231,"porcentaje":0.6016070834506231},{"rango":{"min":70,"max":79},"vacunados":67161,"personasINE":80516,"porcentaje":0.8341323463659397},{"rango":{"min":80,"max":null},"vacunados":49462,"personasINE":49542,"porcentaje":0.9983852085099512}]},"pautaCompleta":{"etarioTotal":{"vacunados":106446,"personasINE":986279,"porcentaje":0.10792686450791307},"etarioRangos":[{"rango":{"min":16,"max":17},"vacunados":32,"personasINE":23300,"porcentaje":0.0013733905579399143},{"rango":{"min":18,"max":24},"vacunados":1351,"personasINE":85839,"porcentaje":0.01573876676102937},{"rango":{"min":25,"max":49},"vacunados":18558,"personasINE":464054,"porcentaje":0.039991035526037916},{"rango":{"min":50,"max":59},"vacunados":8083,"personasINE":165797,"porcentaje":0.04875238997086799},{"rango":{"min":60,"max":69},"vacunados":5424,"personasINE":117231,"porcentaje":0.046267625457430205},{"rango":{"min":70,"max":79},"vacunados":26198,"personasINE":80516,"porcentaje":0.3253763227184659},{"rango":{"min":80,"max":null},"vacunados":46800,"personasINE":49542,"porcentaje":0.9446530216785758}]}}},{"ccaa":"Canarias","dosisAdministradas":670357,"dosisEntregadas":806190,"dosisEntregadasModerna":62500,"dosisEntregadasPfizer":486690,"dosisEntregadasAstrazeneca":244500,"dosisEntregadasJanssen":12500,"dosisPrimeraDosis":475909,"dosisPautaCompletada":204189,"porcentajeEntregadas":0.8315124226299011,"porcentajePoblacionAdministradas":0.3080752700427215,"porcentajePoblacionPrimeraDosis":0.21871300469863306,"porcentajePoblacionCompletas":0.09383892659396899,"fechaUltRegistro":1620172800000,"etarios":{"unaDosis":{"etarioTotal":{"vacunados":475909,"personasINE":1871033,"porcentaje":0.2543562834006669},"etarioRangos":[{"rango":{"min":16,"max":17},"vacunados":60,"personasINE":44352,"porcentaje":0.0013528138528138528},{"rango":{"min":18,"max":24},"vacunados":6161,"personasINE":163899,"porcentaje":0.03759022324724373},{"rango":{"min":25,"max":49},"vacunados":69699,"personasINE":832411,"porcentaje":0.08373147399541812},{"rango":{"min":50,"max":59},"vacunados":33762,"personasINE":350512,"porcentaje":0.09632195188752453},{"rango":{"min":60,"max":69},"vacunados":151429,"personasINE":235092,"porcentaje":0.6441265547104963},{"rango":{"min":70,"max":79},"vacunados":127010,"personasINE":154531,"porcentaje":0.8219062841759905},{"rango":{"min":80,"max":null},"vacunados":87788,"personasINE":90236,"porcentaje":0.972871137905049}]},"pautaCompleta":{"etarioTotal":{"vacunados":204189,"personasINE":1871033,"porcentaje":0.1091316935617918},"etarioRangos":[{"rango":{"min":16,"max":17},"vacunados":35,"personasINE":44352,"porcentaje":0.0007891414141414141},{"rango":{"min":18,"max":24},"vacunados":2616,"personasINE":163899,"porcentaje":0.015961049182728386},{"rango":{"min":25,"max":49},"vacunados":36752,"personasINE":832411,"porcentaje":0.04415126662189712},{"rango":{"min":50,"max":59},"vacunados":18614,"personasINE":350512,"porcentaje":0.05310517186287488},{"rango":{"min":60,"max":69},"vacunados":15324,"personasINE":235092,"porcentaje":0.06518299219029146},{"rango":{"min":70,"max":79},"vacunados":53886,"personasINE":154531,"porcentaje":0.34870673198257957},{"rango":{"min":80,"max":null},"vacunados":76962,"personasINE":90236,"porcentaje":0.8528968482645507}]}}},{"ccaa":"Cantabria","dosisAdministradas":251268,"dosisEntregadas":292665,"dosisEntregadasModerna":25500,"dosisEntregadasPfizer":198465,"dosisEntregadasAstrazeneca":65400,"dosisEntregadasJanssen":3300,"dosisPrimeraDosis":171848,"dosisPautaCompletada":80522,"porcentajeEntregadas":0.8585515862846599,"porcentajePoblacionAdministradas":0.4310616652799341,"porcentajePoblacionPrimeraDosis":0.29481304843842476,"porcentajePoblacionCompletas":0.13813914788859247,"fechaUltRegistro":1620172800000,"etarios":{"unaDosis":{"etarioTotal":{"vacunados":171848,"personasINE":501384,"porcentaje":0.3427472755413017},"etarioRangos":[{"rango":{"min":16,"max":17},"vacunados":5,"personasINE":10791,"porcentaje":0.0004633490872022982},{"rango":{"min":18,"max":24},"vacunados":1632,"personasINE":34935,"porcentaje":0.04671532846715328},{"rango":{"min":25,"max":49},"vacunados":23449,"personasINE":194241,"porcentaje":0.1207211659742279},{"rango":{"min":50,"max":59},"vacunados":12077,"personasINE":89964,"porcentaje":0.1342425859232582},{"rango":{"min":60,"max":69},"vacunados":40737,"personasINE":77345,"porcentaje":0.5266920938651497},{"rango":{"min":70,"max":79},"vacunados":52474,"personasINE":53066,"porcentaje":0.9888440809557909},{"rango":{"min":80,"max":null},"vacunados":41474,"personasINE":41042,"porcentaje":1}]},"pautaCompleta":{"etarioTotal":{"vacunados":80522,"personasINE":501384,"porcentaje":0.16059946069280231},"etarioRangos":[{"rango":{"min":16,"max":17},"vacunados":5,"personasINE":10791,"porcentaje":0.0004633490872022982},{"rango":{"min":18,"max":24},"vacunados":668,"personasINE":34935,"porcentaje":0.019121225132388724},{"rango":{"min":25,"max":49},"vacunados":11377,"personasINE":194241,"porcentaje":0.058571568309471224},{"rango":{"min":50,"max":59},"vacunados":5924,"personasINE":89964,"porcentaje":0.06584856164688098},{"rango":{"min":60,"max":69},"vacunados":4035,"personasINE":77345,"porcentaje":0.05216885383670567},{"rango":{"min":70,"max":79},"vacunados":19125,"personasINE":53066,"porcentaje":0.3604002562846267},{"rango":{"min":80,"max":null},"vacunados":39388,"personasINE":41042,"porcentaje":0.9596998196968959}]}}},{"ccaa":"Castilla y Leon","dosisAdministradas":1192445,"dosisEntregadas":1393815,"dosisEntregadasModerna":128400,"dosisEntregadasPfizer":982515,"dosisEntregadasAstrazeneca":269100,"dosisEntregadasJanssen":13800,"dosisPrimeraDosis":816851,"dosisPautaCompletada":386520,"porcentajeEntregadas":0.8555260203111604,"porcentajePoblacionAdministradas":0.4979064001356205,"porcentajePoblacionPrimeraDosis":0.3410768134858897,"porcentajePoblacionCompletas":0.16139174702432402,"fechaUltRegistro":1620172800000,"etarios":{"unaDosis":{"etarioTotal":{"vacunados":816851,"personasINE":2092873,"porcentaje":0.390301274850409},"etarioRangos":[{"rango":{"min":16,"max":17},"vacunados":105,"personasINE":40684,"porcentaje":0.00258086717136958},{"rango":{"min":18,"max":24},"vacunados":8021,"personasINE":144422,"porcentaje":0.05553862984863802},{"rango":{"min":25,"max":49},"vacunados":90668,"personasINE":738950,"porcentaje":0.12269842343866297},{"rango":{"min":50,"max":59},"vacunados":58177,"personasINE":381175,"porcentaje":0.1526254345117072},{"rango":{"min":60,"max":69},"vacunados":193119,"personasINE":318575,"porcentaje":0.6061963430903241},{"rango":{"min":70,"max":79},"vacunados":240009,"personasINE":245410,"porcentaje":0.977991931869117},{"rango":{"min":80,"max":null},"vacunados":226752,"personasINE":223657,"porcentaje":1}]},"pautaCompleta":{"etarioTotal":{"vacunados":386520,"personasINE":2092873,"porcentaje":0.18468392492043234},"etarioRangos":[{"rango":{"min":16,"max":17},"vacunados":93,"personasINE":40684,"porcentaje":0.0022859109232130567},{"rango":{"min":18,"max":24},"vacunados":2832,"personasINE":144422,"porcentaje":0.019609200814280373},{"rango":{"min":25,"max":49},"vacunados":44025,"personasINE":738950,"porcentaje":0.059577779281412814},{"rango":{"min":50,"max":59},"vacunados":31481,"personasINE":381175,"porcentaje":0.08258936184167377},{"rango":{"min":60,"max":69},"vacunados":28712,"personasINE":318575,"porcentaje":0.09012634387506867},{"rango":{"min":70,"max":79},"vacunados":62959,"personasINE":245410,"porcentaje":0.25654618801189844},{"rango":{"min":80,"max":null},"vacunados":216418,"personasINE":223657,"porcentaje":0.967633474472071}]}}},{"ccaa":"Castilla La Mancha","dosisAdministradas":801477,"dosisEntregadas":941665,"dosisEntregadasModerna":81200,"dosisEntregadasPfizer":619965,"dosisEntregadasAstrazeneca":228800,"dosisEntregadasJanssen":11700,"dosisPrimeraDosis":561280,"dosisPautaCompletada":246196,"porcentajeEntregadas":0.8511275241195118,"porcentajePoblacionAdministradas":0.3918779437527778,"porcentajePoblacionPrimeraDosis":0.27443488992143145,"porcentajePoblacionCompletas":0.12037623317969061,"fechaUltRegistro":1620172800000},{"ccaa":"Cataluña","dosisAdministradas":2930201,"dosisEntregadas":3364940,"dosisEntregadasModerna":285700,"dosisEntregadasPfizer":2160440,"dosisEntregadasAstrazeneca":874100,"dosisEntregadasJanssen":44700,"dosisPrimeraDosis":2026562,"dosisPautaCompletada":929062,"porcentajeEntregadas":0.8708033427044761,"porcentajePoblacionAdministradas":0.37660933215037273,"porcentajePoblacionPrimeraDosis":0.26046751106197963,"porcentajePoblacionCompletas":0.11940935770149884,"fechaUltRegistro":1620172800000,"etarios":{"unaDosis":{"etarioTotal":{"vacunados":2026562,"personasINE":6531658,"porcentaje":0.3102676227077413},"etarioRangos":[{"rango":{"min":16,"max":17},"vacunados":447,"personasINE":159864,"porcentaje":0.002796126707701546},{"rango":{"min":18,"max":24},"vacunados":40490,"personasINE":556316,"porcentaje":0.0727823754844369},{"rango":{"min":25,"max":49},"vacunados":319124,"personasINE":2803626,"porcentaje":0.11382545318098776},{"rango":{"min":50,"max":59},"vacunados":148384,"personasINE":1091780,"porcentaje":0.13591016505156717},{"rango":{"min":60,"max":69},"vacunados":579852,"personasINE":837584,"porcentaje":0.6922911612447229},{"rango":{"min":70,"max":79},"vacunados":490832,"personasINE":635292,"porcentaje":0.7726085012875968},{"rango":{"min":80,"max":null},"vacunados":447433,"personasINE":447196,"porcentaje":1}]},"pautaCompleta":{"etarioTotal":{"vacunados":929062,"personasINE":6531658,"porcentaje":0.14223984170634776},"etarioRangos":[{"rango":{"min":16,"max":17},"vacunados":292,"personasINE":159864,"porcentaje":0.0018265525696842316},{"rango":{"min":18,"max":24},"vacunados":18823,"personasINE":556316,"porcentaje":0.033835086533552876},{"rango":{"min":25,"max":49},"vacunados":139488,"personasINE":2803626,"porcentaje":0.049752713093686535},{"rango":{"min":50,"max":59},"vacunados":75909,"personasINE":1091780,"porcentaje":0.06952774368462511},{"rango":{"min":60,"max":69},"vacunados":60880,"personasINE":837584,"porcentaje":0.07268524709163499},{"rango":{"min":70,"max":79},"vacunados":211593,"personasINE":635292,"porcentaje":0.3330641657694415},{"rango":{"min":80,"max":null},"vacunados":422077,"personasINE":447196,"porcentaje":0.943829998479414}]}}},{"ccaa":"C. Valenciana","dosisAdministradas":1882334,"dosisEntregadas":2094860,"dosisEntregadasModerna":174300,"dosisEntregadasPfizer":1323460,"dosisEntregadasAstrazeneca":568100,"dosisEntregadasJanssen":29000,"dosisPrimeraDosis":1332435,"dosisPautaCompletada":573882,"porcentajeEntregadas":0.8985488290386947,"porcentajePoblacionAdministradas":0.3721974716813321,"porcentajePoblacionPrimeraDosis":0.2634648995235255,"porcentajePoblacionCompletas":0.11347477623175602,"fechaUltRegistro":1620172800000,"etarios":{"unaDosis":{"etarioTotal":{"vacunados":1332435,"personasINE":4269305,"porcentaje":0.3120964653497466},"etarioRangos":[{"rango":{"min":16,"max":17},"vacunados":143,"personasINE":103049,"porcentaje":0.0013876893516676532},{"rango":{"min":18,"max":24},"vacunados":18153,"personasINE":352834,"porcentaje":0.05144912338380088},{"rango":{"min":25,"max":49},"vacunados":207324,"personasINE":1765967,"porcentaje":0.11739970225944199},{"rango":{"min":50,"max":59},"vacunados":98668,"personasINE":752334,"porcentaje":0.13114919703216923},{"rango":{"min":60,"max":69},"vacunados":329385,"personasINE":580728,"porcentaje":0.5671932470967476},{"rango":{"min":70,"max":79},"vacunados":388466,"personasINE":437862,"porcentaje":0.8871882008486692},{"rango":{"min":80,"max":null},"vacunados":290296,"personasINE":276531,"porcentaje":1}]},"pautaCompleta":{"etarioTotal":{"vacunados":573882,"personasINE":4269305,"porcentaje":0.1344204735899637},"etarioRangos":[{"rango":{"min":16,"max":17},"vacunados":114,"personasINE":103049,"porcentaje":0.0011062698327979892},{"rango":{"min":18,"max":24},"vacunados":5661,"personasINE":352834,"porcentaje":0.01604437214100682},{"rango":{"min":25,"max":49},"vacunados":70485,"personasINE":1765967,"porcentaje":0.039912976856305925},{"rango":{"min":50,"max":59},"vacunados":35272,"personasINE":752334,"porcentaje":0.04688343209266097},{"rango":{"min":60,"max":69},"vacunados":28020,"personasINE":580728,"porcentaje":0.04824978303095425},{"rango":{"min":70,"max":79},"vacunados":155464,"personasINE":437862,"porcentaje":0.35505250512718617},{"rango":{"min":80,"max":null},"vacunados":278866,"personasINE":276531,"porcentaje":1.00844389959896}]}}},{"ccaa":"Extremadura","dosisAdministradas":482847,"dosisEntregadas":533695,"dosisEntregadasModerna":46000,"dosisEntregadasPfizer":362195,"dosisEntregadasAstrazeneca":119400,"dosisEntregadasJanssen":6100,"dosisPrimeraDosis":326353,"dosisPautaCompletada":160400,"porcentajeEntregadas":0.9047246086247763,"porcentajePoblacionAdministradas":0.4538091160888244,"porcentajePoblacionPrimeraDosis":0.3067264919590183,"porcentajePoblacionCompletas":0.15075372161501974,"fechaUltRegistro":1620172800000,"etarios":{"unaDosis":{"etarioTotal":{"vacunados":326353,"personasINE":911213,"porcentaje":0.3581522651674197},"etarioRangos":[{"rango":{"min":16,"max":17},"vacunados":63,"personasINE":20953,"porcentaje":0.0030067293466329403},{"rango":{"min":18,"max":24},"vacunados":2364,"personasINE":76088,"porcentaje":0.031069288192619074},{"rango":{"min":25,"max":49},"vacunados":43716,"personasINE":351778,"porcentaje":0.12427155763009626},{"rango":{"min":50,"max":59},"vacunados":24854,"personasINE":169216,"porcentaje":0.14687736384266264},{"rango":{"min":60,"max":69},"vacunados":85145,"personasINE":125297,"porcentaje":0.6795454001292928},{"rango":{"min":70,"max":79},"vacunados":92722,"personasINE":91876,"porcentaje":1.0092080630414908},{"rango":{"min":80,"max":null},"vacunados":77489,"personasINE":76005,"porcentaje":1}]},"pautaCompleta":{"etarioTotal":{"vacunados":160400,"personasINE":911213,"porcentaje":0.17602909528288116},"etarioRangos":[{"rango":{"min":16,"max":17},"vacunados":45,"personasINE":20953,"porcentaje":0.002147663819023529},{"rango":{"min":18,"max":24},"vacunados":940,"personasINE":76088,"porcentaje":0.012354116286405216},{"rango":{"min":25,"max":49},"vacunados":20319,"personasINE":351778,"porcentaje":0.05776086054272865},{"rango":{"min":50,"max":59},"vacunados":13453,"personasINE":169216,"porcentaje":0.07950193835098336},{"rango":{"min":60,"max":69},"vacunados":8937,"personasINE":125297,"porcentaje":0.07132652816907029},{"rango":{"min":70,"max":79},"vacunados":42085,"personasINE":91876,"porcentaje":0.45806304149070487},{"rango":{"min":80,"max":null},"vacunados":74621,"personasINE":76005,"porcentaje":0.9817906716663377}]}}},{"ccaa":"Galicia","dosisAdministradas":1289078,"dosisEntregadas":1460045,"dosisEntregadasModerna":129800,"dosisEntregadasPfizer":1010995,"dosisEntregadasAstrazeneca":303700,"dosisEntregadasJanssen":15550,"dosisPrimeraDosis":860812,"dosisPautaCompletada":436571,"porcentajeEntregadas":0.8829029242249383,"porcentajePoblacionAdministradas":0.47711486224650873,"porcentajePoblacionPrimeraDosis":0.31860461415068886,"porcentajePoblacionCompletas":0.16158410315420832,"fechaUltRegistro":1620172800000,"etarios":{"unaDosis":{"etarioTotal":{"vacunados":860812,"personasINE":2362643,"porcentaje":0.3643428143820289},"etarioRangos":[{"rango":{"min":16,"max":17},"vacunados":42,"personasINE":44014,"porcentaje":0.0009542418321443177},{"rango":{"min":18,"max":24},"vacunados":5231,"personasINE":152745,"porcentaje":0.03424662018396674},{"rango":{"min":25,"max":49},"vacunados":97904,"personasINE":889004,"porcentaje":0.1101277384578697},{"rango":{"min":50,"max":59},"vacunados":66959,"personasINE":405889,"porcentaje":0.16496874761326372},{"rango":{"min":60,"max":69},"vacunados":177603,"personasINE":346927,"porcentaje":0.5119319049828926},{"rango":{"min":70,"max":79},"vacunados":276249,"personasINE":289762,"porcentaje":0.9533651755578716},{"rango":{"min":80,"max":null},"vacunados":236824,"personasINE":234302,"porcentaje":1}]},"pautaCompleta":{"etarioTotal":{"vacunados":436571,"personasINE":2362643,"porcentaje":0.1847807730579694},"etarioRangos":[{"rango":{"min":16,"max":17},"vacunados":9,"personasINE":44014,"porcentaje":0.0002044803926023538},{"rango":{"min":18,"max":24},"vacunados":1692,"personasINE":152745,"porcentaje":0.011077285672198763},{"rango":{"min":25,"max":49},"vacunados":40333,"personasINE":889004,"porcentaje":0.04536874974690778},{"rango":{"min":50,"max":59},"vacunados":24359,"personasINE":405889,"porcentaje":0.06001394469916652},{"rango":{"min":60,"max":69},"vacunados":17511,"personasINE":346927,"porcentaje":0.050474595520095006},{"rango":{"min":70,"max":79},"vacunados":128410,"personasINE":289762,"porcentaje":0.4431567976477247},{"rango":{"min":80,"max":null},"vacunados":224257,"personasINE":234302,"porcentaje":0.9571279801282107}]}}},{"ccaa":"La Rioja","dosisAdministradas":141144,"dosisEntregadas":154995,"dosisEntregadasModerna":13200,"dosisEntregadasPfizer":104195,"dosisEntregadasAstrazeneca":35700,"dosisEntregadasJanssen":1900,"dosisPrimeraDosis":102182,"dosisPautaCompletada":40052,"porcentajeEntregadas":0.91063582696216,"porcentajePoblacionAdministradas":0.441193570772145,"porcentajePoblacionPrimeraDosis":0.3194045899835581,"porcentajePoblacionCompletas":0.1251961464643623,"fechaUltRegistro":1620172800000,"etarios":{"unaDosis":{"etarioTotal":{"vacunados":102182,"personasINE":270788,"porcentaje":0.3773505472916082},"etarioRangos":[{"rango":{"min":16,"max":17},"vacunados":10,"personasINE":6286,"porcentaje":0.001590836780146357},{"rango":{"min":18,"max":24},"vacunados":1341,"personasINE":21170,"porcentaje":0.06334435521965046},{"rango":{"min":25,"max":49},"vacunados":13379,"personasINE":107618,"porcentaje":0.12431935178130053},{"rango":{"min":50,"max":59},"vacunados":6984,"personasINE":47664,"porcentaje":0.14652567975830816},{"rango":{"min":60,"max":69},"vacunados":29612,"personasINE":37718,"porcentaje":0.7850893472612546},{"rango":{"min":70,"max":79},"vacunados":27802,"personasINE":28125,"porcentaje":0.9885155555555556},{"rango":{"min":80,"max":null},"vacunados":23054,"personasINE":22207,"porcentaje":1}]},"pautaCompleta":{"etarioTotal":{"vacunados":40052,"personasINE":270788,"porcentaje":0.14790906539433063},"etarioRangos":[{"rango":{"min":16,"max":17},"vacunados":9,"personasINE":6286,"porcentaje":0.0014317531021317213},{"rango":{"min":18,"max":24},"vacunados":397,"personasINE":21170,"porcentaje":0.018752952290977797},{"rango":{"min":25,"max":49},"vacunados":4762,"personasINE":107618,"porcentaje":0.04424910330985523},{"rango":{"min":50,"max":59},"vacunados":3434,"personasINE":47664,"porcentaje":0.07204598858677408},{"rango":{"min":60,"max":69},"vacunados":3121,"personasINE":37718,"porcentaje":0.082745638687099},{"rango":{"min":70,"max":79},"vacunados":6224,"personasINE":28125,"porcentaje":0.2212977777777778},{"rango":{"min":80,"max":null},"vacunados":22105,"personasINE":22207,"porcentaje":0.9954068536947809}]}}},{"ccaa":"Madrid","dosisAdministradas":2411194,"dosisEntregadas":2798555,"dosisEntregadasModerna":232200,"dosisEntregadasPfizer":1765455,"dosisEntregadasAstrazeneca":762000,"dosisEntregadasJanssen":38900,"dosisPrimeraDosis":1771335,"dosisPautaCompletada":661812,"porcentajeEntregadas":0.8615853538701223,"porcentajePoblacionAdministradas":0.3556392081993095,"porcentajePoblacionPrimeraDosis":0.2612631654092221,"porcentajePoblacionCompletas":0.09761400188321695,"fechaUltRegistro":1620172800000,"etarios":{"unaDosis":{"etarioTotal":{"vacunados":1771335,"personasINE":5695623,"porcentaje":0.3109993410729608},"etarioRangos":[{"rango":{"min":16,"max":17},"vacunados":282,"personasINE":135861,"porcentaje":0.002075650849029523},{"rango":{"min":18,"max":24},"vacunados":24168,"personasINE":479716,"porcentaje":0.05037980805309808},{"rango":{"min":25,"max":49},"vacunados":283005,"personasINE":2513737,"porcentaje":0.11258337686082513},{"rango":{"min":50,"max":59},"vacunados":118602,"personasINE":972783,"porcentaje":0.12192030493953944},{"rango":{"min":60,"max":69},"vacunados":518993,"personasINE":703323,"porcentaje":0.7379155807502386},{"rango":{"min":70,"max":79},"vacunados":462709,"personasINE":526081,"porcentaje":0.8795394625542454},{"rango":{"min":80,"max":null},"vacunados":363576,"personasINE":364122,"porcentaje":0.998500502578806}]},"pautaCompleta":{"etarioTotal":{"vacunados":661812,"personasINE":5695623,"porcentaje":0.11619659517492643},"etarioRangos":[{"rango":{"min":16,"max":17},"vacunados":134,"personasINE":135861,"porcentaje":0.000986302176489206},{"rango":{"min":18,"max":24},"vacunados":14275,"personasINE":479716,"porcentaje":0.02975718967055508},{"rango":{"min":25,"max":49},"vacunados":114039,"personasINE":2513737,"porcentaje":0.04536632113860758},{"rango":{"min":50,"max":59},"vacunados":52942,"personasINE":972783,"porcentaje":0.05442323724818382},{"rango":{"min":60,"max":69},"vacunados":55022,"personasINE":703323,"porcentaje":0.07823148112602603},{"rango":{"min":70,"max":79},"vacunados":91741,"personasINE":526081,"porcentaje":0.17438569345785154},{"rango":{"min":80,"max":null},"vacunados":333659,"personasINE":364122,"porcentaje":0.9163384799600134}]}}},{"ccaa":"Murcia","dosisAdministradas":470231,"dosisEntregadas":606155,"dosisEntregadasModerna":47900,"dosisEntregadasPfizer":379805,"dosisEntregadasAstrazeneca":169800,"dosisEntregadasJanssen":8650,"dosisPrimeraDosis":340133,"dosisPautaCompletada":130579,"porcentajeEntregadas":0.7757603253293299,"porcentajePoblacionAdministradas":0.31115347483641037,"porcentajePoblacionPrimeraDosis":0.22506717944272658,"porcentajePoblacionCompletas":0.08640457475296956,"fechaUltRegistro":1620172800000,"etarios":{"unaDosis":{"etarioTotal":{"vacunados":340133,"personasINE":1237479,"porcentaje":0.2748596137793045},"etarioRangos":[{"rango":{"min":16,"max":17},"vacunados":123,"personasINE":34712,"porcentaje":0.0035434431896750403},{"rango":{"min":18,"max":24},"vacunados":7153,"personasINE":118667,"porcentaje":0.06027792056763886},{"rango":{"min":25,"max":49},"vacunados":59632,"personasINE":551265,"porcentaje":0.10817302023527704},{"rango":{"min":50,"max":59},"vacunados":26248,"personasINE":213256,"porcentaje":0.12308211726750948},{"rango":{"min":60,"max":69},"vacunados":85273,"personasINE":146909,"porcentaje":0.5804477601780694},{"rango":{"min":70,"max":79},"vacunados":89568,"personasINE":102899,"porcentaje":0.8704457769268895},{"rango":{"min":80,"max":null},"vacunados":72136,"personasINE":69771,"porcentaje":1}]},"pautaCompleta":{"etarioTotal":{"vacunados":130579,"personasINE":1237479,"porcentaje":0.10552017448376902},"etarioRangos":[{"rango":{"min":16,"max":17},"vacunados":105,"personasINE":34712,"porcentaje":0.0030248905277713758},{"rango":{"min":18,"max":24},"vacunados":2562,"personasINE":118667,"porcentaje":0.021589826994867993},{"rango":{"min":25,"max":49},"vacunados":27963,"personasINE":551265,"porcentaje":0.05072515033604528},{"rango":{"min":50,"max":59},"vacunados":14045,"personasINE":213256,"porcentaje":0.06585981168173463},{"rango":{"min":60,"max":69},"vacunados":7775,"personasINE":146909,"porcentaje":0.05292391888856367},{"rango":{"min":70,"max":79},"vacunados":13044,"personasINE":102899,"porcentaje":0.1267650803214803},{"rango":{"min":80,"max":null},"vacunados":65085,"personasINE":69771,"porcentaje":0.9328374252913102}]}}},{"ccaa":"Navarra","dosisAdministradas":273349,"dosisEntregadas":301345,"dosisEntregadasModerna":25900,"dosisEntregadasPfizer":197295,"dosisEntregadasAstrazeneca":74300,"dosisEntregadasJanssen":3850,"dosisPrimeraDosis":193069,"dosisPautaCompletada":83911,"porcentajeEntregadas":0.9070965172808575,"porcentajePoblacionAdministradas":0.41341536637341064,"porcentajePoblacionPrimeraDosis":0.29199920749791664,"porcentajePoblacionCompletas":0.12690771434232156,"fechaUltRegistro":1620172800000,"etarios":{"unaDosis":{"etarioTotal":{"vacunados":193069,"personasINE":552935,"porcentaje":0.34917124074258277},"etarioRangos":[{"rango":{"min":16,"max":17},"vacunados":8,"personasINE":13906,"porcentaje":0.0005752912411908529},{"rango":{"min":18,"max":24},"vacunados":3403,"personasINE":48505,"porcentaje":0.07015771569941243},{"rango":{"min":25,"max":49},"vacunados":27393,"personasINE":223028,"porcentaje":0.1228231432824578},{"rango":{"min":50,"max":59},"vacunados":14589,"personasINE":96694,"porcentaje":0.15087802759219807},{"rango":{"min":60,"max":69},"vacunados":52461,"personasINE":73844,"porcentaje":0.7104300958777965},{"rango":{"min":70,"max":79},"vacunados":53411,"personasINE":55792,"porcentaje":0.957323630628047},{"rango":{"min":80,"max":null},"vacunados":41804,"personasINE":41166,"porcentaje":1}]},"pautaCompleta":{"etarioTotal":{"vacunados":83911,"personasINE":552935,"porcentaje":0.15175563131290296},"etarioRangos":[{"rango":{"min":16,"max":17},"vacunados":4,"personasINE":13906,"porcentaje":0.00028764562059542645},{"rango":{"min":18,"max":24},"vacunados":937,"personasINE":48505,"porcentaje":0.019317596124110915},{"rango":{"min":25,"max":49},"vacunados":12606,"personasINE":223028,"porcentaje":0.05652205104291838},{"rango":{"min":50,"max":59},"vacunados":7818,"personasINE":96694,"porcentaje":0.08085300018615425},{"rango":{"min":60,"max":69},"vacunados":5845,"personasINE":73844,"porcentaje":0.0791533503060506},{"rango":{"min":70,"max":79},"vacunados":17384,"personasINE":55792,"porcentaje":0.31158589045024376},{"rango":{"min":80,"max":null},"vacunados":39317,"personasINE":41166,"porcentaje":0.9550842928630423}]}}},{"ccaa":"País Vasco","dosisAdministradas":951644,"dosisEntregadas":1069940,"dosisEntregadasModerna":93000,"dosisEntregadasPfizer":714690,"dosisEntregadasAstrazeneca":249500,"dosisEntregadasJanssen":12750,"dosisPrimeraDosis":685764,"dosisPautaCompletada":278413,"porcentajeEntregadas":0.8894367908480849,"porcentajePoblacionAdministradas":0.4285711712295947,"porcentajePoblacionPrimeraDosis":0.30883258935809166,"porcentajePoblacionCompletas":0.12538279597785007,"fechaUltRegistro":1620172800000,"etarios":{"unaDosis":{"etarioTotal":{"vacunados":685764,"personasINE":1898123,"porcentaje":0.36128533293153287},"etarioRangos":[{"rango":{"min":16,"max":17},"vacunados":17,"personasINE":41824,"porcentaje":0.0004064651874521806},{"rango":{"min":18,"max":24},"vacunados":12259,"personasINE":140323,"porcentaje":0.08736272742173415},{"rango":{"min":25,"max":49},"vacunados":95820,"personasINE":724849,"porcentaje":0.132193049862799},{"rango":{"min":50,"max":59},"vacunados":52477,"personasINE":339977,"porcentaje":0.15435455927901004},{"rango":{"min":60,"max":69},"vacunados":195452,"personasINE":280119,"porcentaje":0.6977463149589995},{"rango":{"min":70,"max":79},"vacunados":170391,"personasINE":213081,"porcentaje":0.7996536528362453},{"rango":{"min":80,"max":null},"vacunados":159348,"personasINE":157950,"porcentaje":1}]},"pautaCompleta":{"etarioTotal":{"vacunados":278413,"personasINE":1898123,"porcentaje":0.14667806037859507},"etarioRangos":[{"rango":{"min":16,"max":17},"vacunados":8,"personasINE":41824,"porcentaje":0.00019127773527161438},{"rango":{"min":18,"max":24},"vacunados":3664,"personasINE":140323,"porcentaje":0.026111186334385666},{"rango":{"min":25,"max":49},"vacunados":39023,"personasINE":724849,"porcentaje":0.053836040333917826},{"rango":{"min":50,"max":59},"vacunados":23853,"personasINE":339977,"porcentaje":0.0701606285131053},{"rango":{"min":60,"max":69},"vacunados":14842,"personasINE":280119,"porcentaje":0.052984624391776355},{"rango":{"min":70,"max":79},"vacunados":50323,"personasINE":213081,"porcentaje":0.23616840544206194},{"rango":{"min":80,"max":null},"vacunados":146700,"personasINE":157950,"porcentaje":0.9287749287749287}]}}},{"ccaa":"Ceuta","dosisAdministradas":24464,"dosisEntregadas":27300,"dosisEntregadasModerna":2000,"dosisEntregadasPfizer":14850,"dosisEntregadasAstrazeneca":10000,"dosisEntregadasJanssen":450,"dosisPrimeraDosis":17206,"dosisPautaCompletada":7705,"porcentajeEntregadas":0.8961172161172161,"porcentajePoblacionAdministradas":0.29053941711598297,"porcentajePoblacionPrimeraDosis":0.20434193962138666,"porcentajePoblacionCompletas":0.09150613999667466,"fechaUltRegistro":1620172800000,"etarios":{"unaDosis":{"etarioTotal":{"vacunados":17206,"personasINE":66158,"porcentaje":0.26007436742344087},"etarioRangos":[{"rango":{"min":16,"max":17},"vacunados":6,"personasINE":2175,"porcentaje":0.002758620689655172},{"rango":{"min":18,"max":24},"vacunados":317,"personasINE":7581,"porcentaje":0.041815063975728796},{"rango":{"min":25,"max":49},"vacunados":3686,"personasINE":30066,"porcentaje":0.1225969533692543},{"rango":{"min":50,"max":59},"vacunados":1933,"personasINE":11556,"porcentaje":0.1672724125995154},{"rango":{"min":60,"max":69},"vacunados":5485,"personasINE":7857,"porcentaje":0.6981036018836706},{"rango":{"min":70,"max":79},"vacunados":3504,"personasINE":4318,"porcentaje":0.8114867994441871},{"rango":{"min":80,"max":null},"vacunados":2275,"personasINE":2605,"porcentaje":0.8733205374280231}]},"pautaCompleta":{"etarioTotal":{"vacunados":7705,"personasINE":66158,"porcentaje":0.11646361740076785},"etarioRangos":[{"rango":{"min":16,"max":17},"vacunados":0,"personasINE":2175,"porcentaje":0},{"rango":{"min":18,"max":24},"vacunados":51,"personasINE":7581,"porcentaje":0.006727344677483181},{"rango":{"min":25,"max":49},"vacunados":898,"personasINE":30066,"porcentaje":0.029867624559302867},{"rango":{"min":50,"max":59},"vacunados":648,"personasINE":11556,"porcentaje":0.056074766355140186},{"rango":{"min":60,"max":69},"vacunados":831,"personasINE":7857,"porcentaje":0.1057655593738068},{"rango":{"min":70,"max":79},"vacunados":3049,"personasINE":4318,"porcentaje":0.706113941639648},{"rango":{"min":80,"max":null},"vacunados":2228,"personasINE":2605,"porcentaje":0.855278310940499}]}}},{"ccaa":"Melilla","dosisAdministradas":21551,"dosisEntregadas":26030,"dosisEntregadasModerna":1900,"dosisEntregadasPfizer":13680,"dosisEntregadasAstrazeneca":10000,"dosisEntregadasJanssen":450,"dosisPrimeraDosis":15209,"dosisPautaCompletada":6593,"porcentajeEntregadas":0.8279293123319247,"porcentajePoblacionAdministradas":0.24749643989158895,"porcentajePoblacionPrimeraDosis":0.174663512334053,"porcentajePoblacionCompletas":0.07571546694841289,"fechaUltRegistro":1620172800000,"etarios":{"unaDosis":{"etarioTotal":{"vacunados":15209,"personasINE":66178,"porcentaje":0.2298195775030977},"etarioRangos":[{"rango":{"min":16,"max":17},"vacunados":6,"personasINE":2324,"porcentaje":0.0025817555938037868},{"rango":{"min":18,"max":24},"vacunados":213,"personasINE":8536,"porcentaje":0.024953139643861293},{"rango":{"min":25,"max":49},"vacunados":3414,"personasINE":30095,"porcentaje":0.11344077089217477},{"rango":{"min":50,"max":59},"vacunados":1799,"personasINE":11299,"porcentaje":0.15921762987875032},{"rango":{"min":60,"max":69},"vacunados":5056,"personasINE":7827,"porcentaje":0.6459690813849496},{"rango":{"min":70,"max":79},"vacunados":2894,"personasINE":3748,"porcentaje":0.772145144076841},{"rango":{"min":80,"max":null},"vacunados":1827,"personasINE":2349,"porcentaje":0.7777777777777778}]},"pautaCompleta":{"etarioTotal":{"vacunados":6593,"personasINE":66178,"porcentaje":0.09962525310526157},"etarioRangos":[{"rango":{"min":16,"max":17},"vacunados":6,"personasINE":2324,"porcentaje":0.0025817555938037868},{"rango":{"min":18,"max":24},"vacunados":73,"personasINE":8536,"porcentaje":0.008552014995313965},{"rango":{"min":25,"max":49},"vacunados":877,"personasINE":30095,"porcentaje":0.029141053331118126},{"rango":{"min":50,"max":59},"vacunados":570,"personasINE":11299,"porcentaje":0.05044694220727498},{"rango":{"min":60,"max":69},"vacunados":1133,"personasINE":7827,"porcentaje":0.14475533409991057},{"rango":{"min":70,"max":79},"vacunados":2296,"personasINE":3748,"porcentaje":0.6125933831376734},{"rango":{"min":80,"max":null},"vacunados":1638,"personasINE":2349,"porcentaje":0.6973180076628352}]}}},{"ccaa":"Fuerzas Armadas","dosisAdministradas":75328,"dosisEntregadas":87940,"dosisEntregadasModerna":0,"dosisEntregadasPfizer":21840,"dosisEntregadasAstrazeneca":66100,"dosisEntregadasJanssen":0,"dosisPrimeraDosis":65938,"dosisPautaCompletada":9390,"porcentajeEntregadas":0.8565840345690243,"porcentajePoblacionAdministradas":null,"porcentajePoblacionPrimeraDosis":null,"porcentajePoblacionCompletas":null,"fechaUltRegistro":1620172800000},{"ccaa":"Totales","dosisAdministradas":18489580,"dosisEntregadas":21092475,"dosisEntregadasModerna":1776000,"dosisEntregadasPfizer":13647075,"dosisEntregadasAstrazeneca":5397000,"dosisEntregadasJanssen":272400,"dosisPrimeraDosis":12966552,"dosisPautaCompletada":5696827,"porcentajeEntregadas":0.8765960372123234,"porcentajePoblacionAdministradas":0.39389816787388154,"porcentajePoblacionPrimeraDosis":0.27623672773753727,"porcentajePoblacionCompletas":0.12136401789518535,"fechaUltRegistro":null,"etarios":{"unaDosis":{"etarioTotal":{"vacunados":12966552,"personasINE":40129822,"porcentaje":0.3231151137425927},"etarioRangos":[{"rango":{"min":16,"max":17},"vacunados":1909,"personasINE":949049,"porcentaje":0.0020114872888544215},{"rango":{"min":18,"max":24},"vacunados":189257,"personasINE":3310299,"porcentaje":0.05717217689399054},{"rango":{"min":25,"max":49},"vacunados":1947642,"personasINE":16706113,"porcentaje":0.11658259464664222},{"rango":{"min":50,"max":59},"vacunados":964098,"personasINE":7033306,"porcentaje":0.13707607773641584},{"rango":{"min":60,"max":69},"vacunados":3484074,"personasINE":5336986,"porcentaje":0.6528167771097769},{"rango":{"min":70,"max":79},"vacunados":3509240,"personasINE":3960045,"porcentaje":0.8861616471529995},{"rango":{"min":80,"max":null},"vacunados":2870332,"personasINE":2834024,"porcentaje":1}]},"pautaCompleta":{"etarioTotal":{"vacunados":5696827,"personasINE":40129822,"porcentaje":0.14195993692670753},"etarioRangos":[{"rango":{"min":16,"max":17},"vacunados":1286,"personasINE":949049,"porcentaje":0.0013550406775624862},{"rango":{"min":18,"max":24},"vacunados":78979,"personasINE":3310299,"porcentaje":0.023858569875410046},{"rango":{"min":25,"max":49},"vacunados":814148,"personasINE":16706113,"porcentaje":0.048733538435900677},{"rango":{"min":50,"max":59},"vacunados":448213,"personasINE":7033306,"porcentaje":0.06372721448490937},{"rango":{"min":60,"max":69},"vacunados":354958,"personasINE":5336986,"porcentaje":0.06650907459753501},{"rango":{"min":70,"max":79},"vacunados":1289765,"personasINE":3960045,"porcentaje":0.3256945312490136},{"rango":{"min":80,"max":null},"vacunados":2709478,"personasINE":2834024,"porcentaje":0.9560533008894773}]}}}]