[{"ccaa":"Andalucía","dosisAdministradas":12511703,"dosisEntregadas":13392170,"dosisEntregadasModerna":2019500,"dosisEntregadasPfizer":9306270,"dosisEntregadasAstrazeneca":1603000,"dosisEntregadasJanssen":463400,"dosisPrimeraDosis":6728143,"dosisPautaCompletada":6463863,"porcentajeEntregadas":0.9342550908478611,"porcentajePoblacionAdministradas":1.4781540026825257,"porcentajePoblacionPrimeraDosis":0.7948743273453994,"porcentajePoblacionCompletas":0.763651835904471,"fechaUltRegistro":1631750400000,"etarios":{"unaDosis":{"etarioTotal":{"vacunados":6728143,"personasINE":7451975,"porcentaje":0.9028670922809054},"etarioRangos":[{"rango":{"min":12,"max":19},"vacunados":633021,"personasINE":752907,"porcentaje":0.7908917249577891},{"rango":{"min":20,"max":29},"vacunados":734479,"personasINE":928672,"porcentaje":0.8919800103096207},{"rango":{"min":30,"max":39},"vacunados":906076,"personasINE":1140217,"porcentaje":0.8919800103096207},{"rango":{"min":40,"max":49},"vacunados":1235494,"personasINE":1385114,"porcentaje":0.8919800103096207},{"rango":{"min":50,"max":59},"vacunados":1206923,"personasINE":1265021,"porcentaje":0.954073489689104},{"rango":{"min":60,"max":69},"vacunados":925134,"personasINE":925134,"porcentaje":1},{"rango":{"min":70,"max":79},"vacunados":653309,"personasINE":653309,"porcentaje":1},{"rango":{"min":80,"max":null},"vacunados":433707,"personasINE":433707,"porcentaje":1}]},"pautaCompleta":{"etarioTotal":{"vacunados":6463863,"personasINE":7451975,"porcentaje":0.8674026684201168},"etarioRangos":[{"rango":{"min":12,"max":19},"vacunados":535370,"personasINE":752907,"porcentaje":0.7291508735053926},{"rango":{"min":20,"max":29},"vacunados":677142,"personasINE":928672,"porcentaje":0.8738147184997047},{"rango":{"min":30,"max":39},"vacunados":864060,"personasINE":1140217,"porcentaje":0.8738147184997047},{"rango":{"min":40,"max":49},"vacunados":1210333,"personasINE":1385114,"porcentaje":0.8738147184997047},{"rango":{"min":50,"max":59},"vacunados":1190939,"personasINE":1265021,"porcentaje":0.9414381263235946},{"rango":{"min":60,"max":69},"vacunados":911498,"personasINE":916147,"porcentaje":0.9949254868487263},{"rango":{"min":70,"max":79},"vacunados":647470,"personasINE":650381,"porcentaje":0.9955241619912021},{"rango":{"min":80,"max":null},"vacunados":427051,"personasINE":427051,"porcentaje":1}]}}},{"ccaa":"Aragón","dosisAdministradas":1946372,"dosisEntregadas":2113445,"dosisEntregadasModerna":275200,"dosisEntregadasPfizer":1508445,"dosisEntregadasAstrazeneca":265100,"dosisEntregadasJanssen":64700,"dosisPrimeraDosis":1052999,"dosisPautaCompletada":1016260,"porcentajeEntregadas":0.9209475524558245,"porcentajePoblacionAdministradas":1.4641080013329413,"porcentajePoblacionPrimeraDosis":0.7920912658503029,"porcentajePoblacionCompletas":0.7644553032177892,"fechaUltRegistro":1631750400000,"etarios":{"unaDosis":{"etarioTotal":{"vacunados":1052999,"personasINE":1185134,"porcentaje":0.8885062786149077},"etarioRangos":[{"rango":{"min":12,"max":19},"vacunados":84986,"personasINE":103109,"porcentaje":0.7688591345158396},{"rango":{"min":20,"max":29},"vacunados":100260,"personasINE":130400.99999999999,"porcentaje":0.8647269276040624},{"rango":{"min":30,"max":39},"vacunados":122691,"personasINE":164286,"porcentaje":0.8647269276040624},{"rango":{"min":40,"max":49},"vacunados":185867,"personasINE":214943,"porcentaje":0.8647269276040624},{"rango":{"min":50,"max":59},"vacunados":184943,"personasINE":198266,"porcentaje":0.9328023967800834},{"rango":{"min":60,"max":69},"vacunados":154016,"personasINE":156367,"porcentaje":0.9849648583140944},{"rango":{"min":70,"max":79},"vacunados":119095,"personasINE":119095,"porcentaje":1},{"rango":{"min":80,"max":null},"vacunados":101141,"personasINE":101141,"porcentaje":1}]},"pautaCompleta":{"etarioTotal":{"vacunados":1016260,"personasINE":1185134,"porcentaje":0.8575064085580196},"etarioRangos":[{"rango":{"min":12,"max":19},"vacunados":71584,"personasINE":103109,"porcentaje":0.7181693391921841},{"rango":{"min":20,"max":29},"vacunados":93650,"personasINE":130401.00000000001,"porcentaje":0.8480062156013455},{"rango":{"min":30,"max":39},"vacunados":116714,"personasINE":164286,"porcentaje":0.8480062156013455},{"rango":{"min":40,"max":49},"vacunados":182273,"personasINE":214943,"porcentaje":0.8480062156013455},{"rango":{"min":50,"max":59},"vacunados":182467,"personasINE":198266,"porcentaje":0.9203141234503143},{"rango":{"min":60,"max":69},"vacunados":151590,"personasINE":156367,"porcentaje":0.9694500757832535},{"rango":{"min":70,"max":79},"vacunados":118223,"personasINE":118955,"porcentaje":0.9938464125089319},{"rango":{"min":80,"max":null},"vacunados":99759,"personasINE":99759,"porcentaje":1}]}}},{"ccaa":"Asturias","dosisAdministradas":1642121,"dosisEntregadas":1632755,"dosisEntregadasModerna":162000,"dosisEntregadasPfizer":1200155,"dosisEntregadasAstrazeneca":220900,"dosisEntregadasJanssen":49700,"dosisPrimeraDosis":867778,"dosisPautaCompletada":846963,"porcentajeEntregadas":1.0057363168387174,"porcentajePoblacionAdministradas":1.6118441200489997,"porcentajePoblacionPrimeraDosis":0.8517781983227063,"porcentajePoblacionCompletas":0.8313469783585137,"fechaUltRegistro":1631750400000,"etarios":{"unaDosis":{"etarioTotal":{"vacunados":867778,"personasINE":933927,"porcentaje":0.9291711236531335},"etarioRangos":[{"rango":{"min":12,"max":19},"vacunados":59121,"personasINE":64000,"porcentaje":0.822970256980698},{"rango":{"min":20,"max":29},"vacunados":65106,"personasINE":79111,"porcentaje":0.8978100878479937},{"rango":{"min":30,"max":39},"vacunados":89870,"personasINE":114451,"porcentaje":0.8978100878479937},{"rango":{"min":40,"max":49},"vacunados":149928,"personasINE":166993,"porcentaje":0.8978100878479937},{"rango":{"min":50,"max":59},"vacunados":152771,"personasINE":162645,"porcentaje":0.9392910941006487},{"rango":{"min":60,"max":69},"vacunados":147867,"personasINE":149652,"porcentaje":0.9880723278004971},{"rango":{"min":70,"max":79},"vacunados":114249,"personasINE":114249,"porcentaje":1},{"rango":{"min":80,"max":null},"vacunados":88866,"personasINE":88866,"porcentaje":1}]},"pautaCompleta":{"etarioTotal":{"vacunados":846963,"personasINE":933927,"porcentaje":0.9068835144502729},"etarioRangos":[{"rango":{"min":12,"max":19},"vacunados":51125,"personasINE":64000,"porcentaje":0.7741780536208618},{"rango":{"min":20,"max":29},"vacunados":61246,"personasINE":79111,"porcentaje":0.8883546016898912},{"rango":{"min":30,"max":39},"vacunados":86626,"personasINE":114451,"porcentaje":0.8883546016898912},{"rango":{"min":40,"max":49},"vacunados":148349,"personasINE":166993,"porcentaje":0.8883546016898912},{"rango":{"min":50,"max":59},"vacunados":151554,"personasINE":162645,"porcentaje":0.9318085400719358},{"rango":{"min":60,"max":69},"vacunados":146333,"personasINE":149652,"porcentaje":0.9778218800951541},{"rango":{"min":70,"max":79},"vacunados":113708,"personasINE":113708,"porcentaje":1},{"rango":{"min":80,"max":null},"vacunados":88022,"personasINE":88022,"porcentaje":1}]}}},{"ccaa":"Baleares","dosisAdministradas":1557909,"dosisEntregadas":1891250,"dosisEntregadasModerna":305100,"dosisEntregadasPfizer":1272150,"dosisEntregadasAstrazeneca":256400,"dosisEntregadasJanssen":57600,"dosisPrimeraDosis":838977,"dosisPautaCompletada":808731,"porcentajeEntregadas":0.8237456708526107,"porcentajePoblacionAdministradas":1.3297924190576018,"porcentajePoblacionPrimeraDosis":0.7161299243817768,"porcentajePoblacionCompletas":0.6903126901872146,"fechaUltRegistro":1631750400000,"etarios":{"unaDosis":{"etarioTotal":{"vacunados":838977,"personasINE":1034867,"porcentaje":0.8107099752915109},"etarioRangos":[{"rango":{"min":12,"max":19},"vacunados":71817,"personasINE":95480,"porcentaje":0.6692885415609459},{"rango":{"min":20,"max":29},"vacunados":92323,"personasINE":137942,"porcentaje":0.7986875036377393},{"rango":{"min":30,"max":39},"vacunados":121070,"personasINE":182187,"porcentaje":0.7986875036377393},{"rango":{"min":40,"max":49},"vacunados":164667,"personasINE":206172,"porcentaje":0.7986875036377393},{"rango":{"min":50,"max":59},"vacunados":148934,"personasINE":165797,"porcentaje":0.8982912839194919},{"rango":{"min":60,"max":69},"vacunados":109729,"personasINE":117231,"porcentaje":0.9360066876508774},{"rango":{"min":70,"max":79},"vacunados":79042,"personasINE":80516,"porcentaje":0.9816930796363456},{"rango":{"min":80,"max":null},"vacunados":51395,"personasINE":51395,"porcentaje":1}]},"pautaCompleta":{"etarioTotal":{"vacunados":808731,"personasINE":1034867,"porcentaje":0.7814830311527955},"etarioRangos":[{"rango":{"min":12,"max":19},"vacunados":64014,"personasINE":95480,"porcentaje":0.6230952139304925},{"rango":{"min":20,"max":29},"vacunados":85951,"personasINE":137942,"porcentaje":0.7764633412878568},{"rango":{"min":30,"max":39},"vacunados":114824,"personasINE":182187,"porcentaje":0.7764633412878568},{"rango":{"min":40,"max":49},"vacunados":160085,"personasINE":206172,"porcentaje":0.7764633412878568},{"rango":{"min":50,"max":59},"vacunados":146430,"personasINE":165797,"porcentaje":0.883188477475467},{"rango":{"min":60,"max":69},"vacunados":108271,"personasINE":117231,"porcentaje":0.9235697042591123},{"rango":{"min":70,"max":79},"vacunados":78461,"personasINE":80516,"porcentaje":0.9744771225594913},{"rango":{"min":80,"max":null},"vacunados":50695,"personasINE":50695,"porcentaje":1}]}}},{"ccaa":"Canarias","dosisAdministradas":3076768,"dosisEntregadas":3488910,"dosisEntregadasModerna":574700,"dosisEntregadasPfizer":2324760,"dosisEntregadasAstrazeneca":455800,"dosisEntregadasJanssen":133650,"dosisPrimeraDosis":1651530,"dosisPautaCompletada":1589575,"porcentajeEntregadas":0.8818708421828021,"porcentajePoblacionAdministradas":1.4139870732442628,"porcentajePoblacionPrimeraDosis":0.7589919262924918,"porcentajePoblacionCompletas":0.7305193313087789,"fechaUltRegistro":1631750400000,"etarios":{"unaDosis":{"etarioTotal":{"vacunados":1651530,"personasINE":1960774,"porcentaje":0.842284730417682},"etarioRangos":[{"rango":{"min":12,"max":19},"vacunados":143269,"personasINE":179797,"porcentaje":0.721741582852694},{"rango":{"min":20,"max":29},"vacunados":181697,"personasINE":251748,"porcentaje":0.8123807756158423},{"rango":{"min":30,"max":39},"vacunados":224851,"personasINE":310934,"porcentaje":0.8123807756158423},{"rango":{"min":40,"max":49},"vacunados":315142,"personasINE":387924,"porcentaje":0.8123807756158423},{"rango":{"min":50,"max":59},"vacunados":319101,"personasINE":350512,"porcentaje":0.91038537910257},{"rango":{"min":60,"max":69},"vacunados":223578,"personasINE":235092,"porcentaje":0.9510234291256189},{"rango":{"min":70,"max":79},"vacunados":151040,"personasINE":154531,"porcentaje":0.9774090635535911},{"rango":{"min":80,"max":null},"vacunados":92852,"personasINE":92852,"porcentaje":1}]},"pautaCompleta":{"etarioTotal":{"vacunados":1589575,"personasINE":1960774,"porcentaje":0.8106875142163248},"etarioRangos":[{"rango":{"min":12,"max":19},"vacunados":124659,"personasINE":179797,"porcentaje":0.6674333063221952},{"rango":{"min":20,"max":29},"vacunados":168025,"personasINE":251748,"porcentaje":0.796431775296192},{"rango":{"min":30,"max":39},"vacunados":213810,"personasINE":310934,"porcentaje":0.796431775296192},{"rango":{"min":40,"max":49},"vacunados":308955,"personasINE":387924,"porcentaje":0.796431775296192},{"rango":{"min":50,"max":59},"vacunados":315550,"personasINE":350512,"porcentaje":0.9002544848678504},{"rango":{"min":60,"max":69},"vacunados":217346,"personasINE":235092,"porcentaje":0.9245146580913004},{"rango":{"min":70,"max":79},"vacunados":149685,"personasINE":154531,"porcentaje":0.9686405963851913},{"rango":{"min":80,"max":null},"vacunados":91545,"personasINE":91545,"porcentaje":1}]}}},{"ccaa":"Cantabria","dosisAdministradas":880328,"dosisEntregadas":931515,"dosisEntregadasModerna":114900,"dosisEntregadasPfizer":666465,"dosisEntregadasAstrazeneca":125200,"dosisEntregadasJanssen":24950,"dosisPrimeraDosis":473230,"dosisPautaCompletada":447802,"porcentajeEntregadas":0.9450497308148553,"porcentajePoblacionAdministradas":1.5102426638989201,"porcentajePoblacionPrimeraDosis":0.811847556634443,"porcentajePoblacionCompletas":0.7682246678275191,"fechaUltRegistro":1631750400000,"etarios":{"unaDosis":{"etarioTotal":{"vacunados":473230,"personasINE":524127,"porcentaje":0.902891856363057},"etarioRangos":[{"rango":{"min":12,"max":19},"vacunados":36405,"personasINE":43963,"porcentaje":0.7733491733491733},{"rango":{"min":20,"max":29},"vacunados":39058,"personasINE":50505,"porcentaje":0.8870705438329123},{"rango":{"min":30,"max":39},"vacunados":53024,"personasINE":70473,"porcentaje":0.8870705438329123},{"rango":{"min":40,"max":49},"vacunados":86728,"personasINE":97769,"porcentaje":0.8870705438329123},{"rango":{"min":50,"max":59},"vacunados":83634,"personasINE":89964,"porcentaje":0.9296385220754969},{"rango":{"min":60,"max":69},"vacunados":76308,"personasINE":77345,"porcentaje":0.9865925399185468},{"rango":{"min":70,"max":79},"vacunados":55830,"personasINE":55830,"porcentaje":1},{"rango":{"min":80,"max":null},"vacunados":42243,"personasINE":42243,"porcentaje":1}]},"pautaCompleta":{"etarioTotal":{"vacunados":447802,"personasINE":524127,"porcentaje":0.8543768972023956},"etarioRangos":[{"rango":{"min":12,"max":19},"vacunados":20744,"personasINE":43963,"porcentaje":0.6999504999505},{"rango":{"min":20,"max":29},"vacunados":35351,"personasINE":50505,"porcentaje":0.8714725526496129},{"rango":{"min":30,"max":39},"vacunados":50447,"personasINE":70473,"porcentaje":0.8714725526496129},{"rango":{"min":40,"max":49},"vacunados":85203,"personasINE":97769,"porcentaje":0.8714725526496129},{"rango":{"min":50,"max":59},"vacunados":82899,"personasINE":89964,"porcentaje":0.921468587434974},{"rango":{"min":60,"max":69},"vacunados":75771,"personasINE":77345,"porcentaje":0.9796496218242937},{"rango":{"min":70,"max":79},"vacunados":55619,"personasINE":55619,"porcentaje":1},{"rango":{"min":80,"max":null},"vacunados":41768,"personasINE":41768,"porcentaje":1}]}}},{"ccaa":"Castilla y Leon","dosisAdministradas":3666332,"dosisEntregadas":3815215,"dosisEntregadasModerna":412400,"dosisEntregadasPfizer":2819415,"dosisEntregadasAstrazeneca":481200,"dosisEntregadasJanssen":102200,"dosisPrimeraDosis":1973116,"dosisPautaCompletada":1896170,"porcentajeEntregadas":0.9609765111533688,"porcentajePoblacionAdministradas":1.5308799716733517,"porcentajePoblacionPrimeraDosis":0.8238762245721983,"porcentajePoblacionCompletas":0.7917473583646705,"fechaUltRegistro":1631750400000,"etarios":{"unaDosis":{"etarioTotal":{"vacunados":1973116,"personasINE":2176253,"porcentaje":0.9066574520517605},"etarioRangos":[{"rango":{"min":12,"max":19},"vacunados":134613,"personasINE":165342,"porcentaje":0.7823711174089837},{"rango":{"min":20,"max":29},"vacunados":165085,"personasINE":211005.99999999997,"porcentaje":0.8732992939816407},{"rango":{"min":30,"max":39},"vacunados":207184,"personasINE":267783,"porcentaje":0.8732992939816407},{"rango":{"min":40,"max":49},"vacunados":317274,"personasINE":363305,"porcentaje":0.8732992939816407},{"rango":{"min":50,"max":59},"vacunados":350441,"personasINE":381175,"porcentaje":0.9193703679412344},{"rango":{"min":60,"max":69},"vacunados":319177,"personasINE":319177,"porcentaje":1},{"rango":{"min":70,"max":79},"vacunados":250178,"personasINE":250178,"porcentaje":1},{"rango":{"min":80,"max":null},"vacunados":229164,"personasINE":229164,"porcentaje":1}]},"pautaCompleta":{"etarioTotal":{"vacunados":1896170,"personasINE":2176253,"porcentaje":0.871300349729558},"etarioRangos":[{"rango":{"min":12,"max":19},"vacunados":101827,"personasINE":165342,"porcentaje":0.7167710870780926},{"rango":{"min":20,"max":29},"vacunados":151243,"personasINE":211006,"porcentaje":0.8542877196845625},{"rango":{"min":30,"max":39},"vacunados":197719,"personasINE":267783,"porcentaje":0.8542877196845625},{"rango":{"min":40,"max":49},"vacunados":310367,"personasINE":363305,"porcentaje":0.8542877196845625},{"rango":{"min":50,"max":59},"vacunados":344898,"personasINE":381175,"porcentaje":0.9048284908506592},{"rango":{"min":60,"max":69},"vacunados":314981,"personasINE":318575,"porcentaje":0.9887185121243035},{"rango":{"min":70,"max":79},"vacunados":248631,"personasINE":248631,"porcentaje":1},{"rango":{"min":80,"max":null},"vacunados":226504,"personasINE":226504,"porcentaje":1}]}}},{"ccaa":"Castilla La Mancha","dosisAdministradas":2943319,"dosisEntregadas":3216670,"dosisEntregadasModerna":446800,"dosisEntregadasPfizer":2256795,"dosisEntregadasAstrazeneca":411700,"dosisEntregadasJanssen":101375,"dosisPrimeraDosis":1596183,"dosisPautaCompletada":1509939,"porcentajeEntregadas":0.9150205025694274,"porcentajePoblacionAdministradas":1.439120271110066,"porcentajePoblacionPrimeraDosis":0.7804452428368377,"porcentajePoblacionCompletas":0.7382766947923965,"fechaUltRegistro":1631750400000},{"ccaa":"Cataluña","dosisAdministradas":10764739,"dosisEntregadas":11863410,"dosisEntregadasModerna":1604900,"dosisEntregadasPfizer":8368460,"dosisEntregadasAstrazeneca":1514300,"dosisEntregadasJanssen":375750,"dosisPrimeraDosis":5831495,"dosisPautaCompletada":5587226,"porcentajeEntregadas":0.9073899494327516,"porcentajePoblacionAdministradas":1.3835573619567638,"porcentajePoblacionPrimeraDosis":0.7495033403470404,"porcentajePoblacionCompletas":0.7181082295832943,"fechaUltRegistro":1631750400000,"etarios":{"unaDosis":{"etarioTotal":{"vacunados":5831495,"personasINE":6868360,"porcentaje":0.8490374703713841},"etarioRangos":[{"rango":{"min":12,"max":19},"vacunados":491578,"personasINE":656166,"porcentaje":0.7066125504359694},{"rango":{"min":20,"max":29},"vacunados":592802,"personasINE":838935,"porcentaje":0.8449149614013237},{"rango":{"min":30,"max":39},"vacunados":745139,"personasINE":1044652,"porcentaje":0.8449149614013237},{"rango":{"min":40,"max":49},"vacunados":1112546,"personasINE":1316755,"porcentaje":0.8449149614013237},{"rango":{"min":50,"max":59},"vacunados":1017902,"personasINE":1091780,"porcentaje":0.9323325212039055},{"rango":{"min":60,"max":69},"vacunados":795963,"personasINE":837584,"porcentaje":0.9503082675886837},{"rango":{"min":70,"max":79},"vacunados":617350,"personasINE":635292,"porcentaje":0.9717578688225257},{"rango":{"min":80,"max":null},"vacunados":458215,"personasINE":458215,"porcentaje":1}]},"pautaCompleta":{"etarioTotal":{"vacunados":5587226,"personasINE":6868360,"porcentaje":0.8134730852779994},"etarioRangos":[{"rango":{"min":12,"max":19},"vacunados":412043,"personasINE":656166,"porcentaje":0.6480943100478583},{"rango":{"min":20,"max":29},"vacunados":543709,"personasINE":838935,"porcentaje":0.8238715630470361},{"rango":{"min":30,"max":39},"vacunados":697738,"personasINE":1044652.0000000001,"porcentaje":0.8238715630470361},{"rango":{"min":40,"max":49},"vacunados":1084837,"personasINE":1316755,"porcentaje":0.8238715630470361},{"rango":{"min":50,"max":59},"vacunados":1003100,"personasINE":1091780,"porcentaje":0.9187748447489421},{"rango":{"min":60,"max":69},"vacunados":781133,"personasINE":837584,"porcentaje":0.9326025807560794},{"rango":{"min":70,"max":79},"vacunados":612678,"personasINE":635292,"porcentaje":0.9644037702347896},{"rango":{"min":80,"max":null},"vacunados":451988,"personasINE":451988,"porcentaje":1}]}}},{"ccaa":"C. Valenciana","dosisAdministradas":7447196,"dosisEntregadas":8010150,"dosisEntregadasModerna":1213650,"dosisEntregadasPfizer":5719150,"dosisEntregadasAstrazeneca":863900,"dosisEntregadasJanssen":213450,"dosisPrimeraDosis":4031680,"dosisPautaCompletada":3863368,"porcentajeEntregadas":0.9297199178542225,"porcentajePoblacionAdministradas":1.4725481887461682,"porcentajePoblacionPrimeraDosis":0.797191732513036,"porcentajePoblacionCompletas":0.7639110815479956,"fechaUltRegistro":1631750400000,"etarios":{"unaDosis":{"etarioTotal":{"vacunados":4031680,"personasINE":4488459,"porcentaje":0.8982325559841362},"etarioRangos":[{"rango":{"min":12,"max":19},"vacunados":355337,"personasINE":424531,"porcentaje":0.8021510251372727},{"rango":{"min":20,"max":29},"vacunados":414011,"personasINE":516126,"porcentaje":0.8791258214065957},{"rango":{"min":30,"max":39},"vacunados":501316,"personasINE":648759,"porcentaje":0.8791258214065957},{"rango":{"min":40,"max":49},"vacunados":748653,"personasINE":851588,"porcentaje":0.8791258214065957},{"rango":{"min":50,"max":59},"vacunados":712907,"personasINE":752334,"porcentaje":0.9475937549014135},{"rango":{"min":60,"max":69},"vacunados":568500,"personasINE":580728,"porcentaje":0.9789436707029797},{"rango":{"min":70,"max":79},"vacunados":433961,"personasINE":437862,"porcentaje":0.9910908002978107},{"rango":{"min":80,"max":null},"vacunados":296995,"personasINE":296995,"porcentaje":1}]},"pautaCompleta":{"etarioTotal":{"vacunados":3863368,"personasINE":4488459,"porcentaje":0.860733717295847},"etarioRangos":[{"rango":{"min":12,"max":19},"vacunados":297819,"personasINE":424531,"porcentaje":0.7287329063058245},{"rango":{"min":20,"max":29},"vacunados":376118,"personasINE":516126,"porcentaje":0.8620894141298374},{"rango":{"min":30,"max":39},"vacunados":469344,"personasINE":648759,"porcentaje":0.8620894141298374},{"rango":{"min":40,"max":49},"vacunados":734145,"personasINE":851588,"porcentaje":0.8620894141298374},{"rango":{"min":50,"max":59},"vacunados":704997,"personasINE":752334,"porcentaje":0.9370798076386286},{"rango":{"min":60,"max":69},"vacunados":557507,"personasINE":580728,"porcentaje":0.960013982449615},{"rango":{"min":70,"max":79},"vacunados":430769,"personasINE":437862,"porcentaje":0.9838008322256784},{"rango":{"min":80,"max":null},"vacunados":292669,"personasINE":292669,"porcentaje":1}]}}},{"ccaa":"Extremadura","dosisAdministradas":1662986,"dosisEntregadas":1672245,"dosisEntregadasModerna":218200,"dosisEntregadasPfizer":1216295,"dosisEntregadasAstrazeneca":186000,"dosisEntregadasJanssen":51750,"dosisPrimeraDosis":888591,"dosisPautaCompletada":859755,"porcentajeEntregadas":0.994463131897539,"porcentajePoblacionAdministradas":1.5629758634269029,"porcentajePoblacionPrimeraDosis":0.8351521212195262,"porcentajePoblacionCompletas":0.8080502863286864,"fechaUltRegistro":1631750400000,"etarios":{"unaDosis":{"etarioTotal":{"vacunados":888591,"personasINE":953437,"porcentaje":0.9319871160863277},"etarioRangos":[{"rango":{"min":12,"max":19},"vacunados":73218,"personasINE":84750,"porcentaje":0.7969290504765266},{"rango":{"min":20,"max":29},"vacunados":90308,"personasINE":113320,"porcentaje":0.9128556560121384},{"rango":{"min":30,"max":39},"vacunados":111766,"personasINE":133479,"porcentaje":0.9128556560121384},{"rango":{"min":40,"max":49},"vacunados":145595,"personasINE":159494,"porcentaje":0.9128556560121384},{"rango":{"min":50,"max":59},"vacunados":161081,"personasINE":169216,"porcentaje":0.951925349848714},{"rango":{"min":60,"max":69},"vacunados":132573,"personasINE":132573,"porcentaje":1},{"rango":{"min":70,"max":79},"vacunados":95841,"personasINE":95841,"porcentaje":1},{"rango":{"min":80,"max":null},"vacunados":78209,"personasINE":78209,"porcentaje":1}]},"pautaCompleta":{"etarioTotal":{"vacunados":859755,"personasINE":953437,"porcentaje":0.9017428524380741},"etarioRangos":[{"rango":{"min":12,"max":19},"vacunados":61763,"personasINE":84750,"porcentaje":0.744405224144017},{"rango":{"min":20,"max":29},"vacunados":84356,"personasINE":113319.99999999999,"porcentaje":0.8981529085733633},{"rango":{"min":30,"max":39},"vacunados":107587,"personasINE":133479,"porcentaje":0.8981529085733633},{"rango":{"min":40,"max":49},"vacunados":143250,"personasINE":159494,"porcentaje":0.8981529085733633},{"rango":{"min":50,"max":59},"vacunados":159502,"personasINE":169216,"porcentaje":0.9425940809379728},{"rango":{"min":60,"max":69},"vacunados":130903,"personasINE":125297.00000000001,"porcentaje":1.044741693735684},{"rango":{"min":70,"max":79},"vacunados":95194,"personasINE":95194,"porcentaje":1},{"rango":{"min":80,"max":null},"vacunados":77200,"personasINE":77200,"porcentaje":1}]}}},{"ccaa":"Galicia","dosisAdministradas":4279929,"dosisEntregadas":4321089,"dosisEntregadasModerna":507400,"dosisEntregadasPfizer":3117589,"dosisEntregadasAstrazeneca":573400,"dosisEntregadasJanssen":122700,"dosisPrimeraDosis":2289577,"dosisPautaCompletada":2196670,"porcentajeEntregadas":0.9904746234109041,"porcentajePoblacionAdministradas":1.5840916804567589,"porcentajePoblacionPrimeraDosis":0.8474205711041339,"porcentajePoblacionCompletas":0.8130337376411966,"fechaUltRegistro":1631750400000,"etarios":{"unaDosis":{"etarioTotal":{"vacunados":2289577,"personasINE":2454497,"porcentaje":0.9328090439711273},"etarioRangos":[{"rango":{"min":12,"max":19},"vacunados":163332,"personasINE":180007,"porcentaje":0.8419740151787376},{"rango":{"min":20,"max":29},"vacunados":194480,"personasINE":230981,"porcentaje":0.9140631874392233},{"rango":{"min":30,"max":39},"vacunados":259850,"personasINE":323408,"porcentaje":0.9140631874392233},{"rango":{"min":40,"max":49},"vacunados":405132,"personasINE":443221,"porcentaje":0.9140631874392233},{"rango":{"min":50,"max":59},"vacunados":389270,"personasINE":405889,"porcentaje":0.9590553082246625},{"rango":{"min":60,"max":69},"vacunados":344628,"personasINE":346927,"porcentaje":0.9933732456683971},{"rango":{"min":70,"max":79},"vacunados":290918,"personasINE":290918,"porcentaje":1},{"rango":{"min":80,"max":null},"vacunados":241967,"personasINE":241967,"porcentaje":1}]},"pautaCompleta":{"etarioTotal":{"vacunados":2196670,"personasINE":2454497,"porcentaje":0.8949572967495988},"etarioRangos":[{"rango":{"min":12,"max":19},"vacunados":112655,"personasINE":180007,"porcentaje":0.7791160311887125},{"rango":{"min":20,"max":29},"vacunados":179961,"personasINE":230981,"porcentaje":0.9001829786946015},{"rango":{"min":30,"max":39},"vacunados":247631,"personasINE":323408,"porcentaje":0.9001829786946015},{"rango":{"min":40,"max":49},"vacunados":398980,"personasINE":443221,"porcentaje":0.9001829786946015},{"rango":{"min":50,"max":59},"vacunados":385959,"personasINE":405889,"porcentaje":0.9508979055850245},{"rango":{"min":60,"max":69},"vacunados":341899,"personasINE":346927,"porcentaje":0.985507037503567},{"rango":{"min":70,"max":79},"vacunados":289370,"personasINE":289762,"porcentaje":0.9986471656048758},{"rango":{"min":80,"max":null},"vacunados":240215,"personasINE":240215,"porcentaje":1}]}}},{"ccaa":"La Rioja","dosisAdministradas":466658,"dosisEntregadas":505885,"dosisEntregadasModerna":67600,"dosisEntregadasPfizer":369785,"dosisEntregadasAstrazeneca":53300,"dosisEntregadasJanssen":15200,"dosisPrimeraDosis":254962,"dosisPautaCompletada":245912,"porcentajeEntregadas":0.9224586615535151,"porcentajePoblacionAdministradas":1.4586982751614497,"porcentajePoblacionPrimeraDosis":0.7969704358046225,"porcentajePoblacionCompletas":0.7686815831754784,"fechaUltRegistro":1631750400000,"etarios":{"unaDosis":{"etarioTotal":{"vacunados":254962,"personasINE":283970,"porcentaje":0.8978483642638306},"etarioRangos":[{"rango":{"min":12,"max":19},"vacunados":20114,"personasINE":25532,"porcentaje":0.7389191673780288},{"rango":{"min":20,"max":29},"vacunados":22506,"personasINE":30458,"porcentaje":0.8892666251156818},{"rango":{"min":30,"max":39},"vacunados":30184,"personasINE":39319,"porcentaje":0.8892666251156818},{"rango":{"min":40,"max":49},"vacunados":47084,"personasINE":52947,"porcentaje":0.8892666251156818},{"rango":{"min":50,"max":59},"vacunados":45171,"personasINE":47664,"porcentaje":0.9476963746223565},{"rango":{"min":60,"max":69},"vacunados":37922,"personasINE":37922,"porcentaje":1},{"rango":{"min":70,"max":79},"vacunados":28632,"personasINE":28632,"porcentaje":1},{"rango":{"min":80,"max":null},"vacunados":23349,"personasINE":23349,"porcentaje":1}]},"pautaCompleta":{"etarioTotal":{"vacunados":245912,"personasINE":283970,"porcentaje":0.8659788005775257},"etarioRangos":[{"rango":{"min":12,"max":19},"vacunados":16945,"personasINE":25532,"porcentaje":0.6820868080635629},{"rango":{"min":20,"max":29},"vacunados":20775,"personasINE":30458,"porcentaje":0.8702664929080023},{"rango":{"min":30,"max":39},"vacunados":28740,"personasINE":39319,"porcentaje":0.8702664929080023},{"rango":{"min":40,"max":49},"vacunados":46078,"personasINE":52947,"porcentaje":0.8702664929080023},{"rango":{"min":50,"max":59},"vacunados":44466,"personasINE":47664,"porcentaje":0.9329053373615307},{"rango":{"min":60,"max":69},"vacunados":37256,"personasINE":37718,"porcentaje":0.9877512063205897},{"rango":{"min":70,"max":79},"vacunados":28517,"personasINE":28517,"porcentaje":1},{"rango":{"min":80,"max":null},"vacunados":23135,"personasINE":23135,"porcentaje":1}]}}},{"ccaa":"Madrid","dosisAdministradas":9479101,"dosisEntregadas":10790729,"dosisEntregadasModerna":1645800,"dosisEntregadasPfizer":7602579,"dosisEntregadasAstrazeneca":1220900,"dosisEntregadasJanssen":321450,"dosisPrimeraDosis":5226964,"dosisPautaCompletada":4935474,"porcentajeEntregadas":0.8784486201071309,"porcentajePoblacionAdministradas":1.3981205884226997,"porcentajePoblacionPrimeraDosis":0.7709513785478462,"porcentajePoblacionCompletas":0.7279580429647216,"fechaUltRegistro":1631750400000,"etarios":{"unaDosis":{"etarioTotal":{"vacunados":5226964,"personasINE":5977937,"porcentaje":0.874375892552899},"etarioRangos":[{"rango":{"min":12,"max":19},"vacunados":417322,"personasINE":553542,"porcentaje":0.7634196437590491},{"rango":{"min":20,"max":29},"vacunados":566820,"personasINE":742475,"porcentaje":0.8720371261377856},{"rango":{"min":30,"max":39},"vacunados":722293,"personasINE":949640,"porcentaje":0.8720371261377856},{"rango":{"min":40,"max":49},"vacunados":1016770,"personasINE":1165971,"porcentaje":0.8720371261377856},{"rango":{"min":50,"max":59},"vacunados":934023,"personasINE":972783,"porcentaje":0.9601555537051942},{"rango":{"min":60,"max":69},"vacunados":685995,"personasINE":703323,"porcentaje":0.975362671205122},{"rango":{"min":70,"max":79},"vacunados":510171,"personasINE":526081,"porcentaje":0.9697575088246867},{"rango":{"min":80,"max":null},"vacunados":373570,"personasINE":373570,"porcentaje":1}]},"pautaCompleta":{"etarioTotal":{"vacunados":4935474,"personasINE":5977937,"porcentaje":0.8256149236768471},"etarioRangos":[{"rango":{"min":12,"max":19},"vacunados":317415,"personasINE":553542,"porcentaje":0.6749574059732651},{"rango":{"min":20,"max":29},"vacunados":501139,"personasINE":742475,"porcentaje":0.8417816566621297},{"rango":{"min":30,"max":39},"vacunados":667525,"personasINE":949640,"porcentaje":0.8417816566621297},{"rango":{"min":40,"max":49},"vacunados":981493,"personasINE":1165971,"porcentaje":0.8417816566621297},{"rango":{"min":50,"max":59},"vacunados":920682,"personasINE":972783,"porcentaje":0.9464412926623923},{"rango":{"min":60,"max":69},"vacunados":670074,"personasINE":703323,"porcentaje":0.9527258457351743},{"rango":{"min":70,"max":79},"vacunados":507157,"personasINE":526081,"porcentaje":0.9640283530482948},{"rango":{"min":80,"max":null},"vacunados":369989,"personasINE":369989,"porcentaje":1}]}}},{"ccaa":"Murcia","dosisAdministradas":2170072,"dosisEntregadas":2407265,"dosisEntregadasModerna":398000,"dosisEntregadasPfizer":1687865,"dosisEntregadasAstrazeneca":253100,"dosisEntregadasJanssen":68300,"dosisPrimeraDosis":1170618,"dosisPautaCompletada":1121214,"porcentajeEntregadas":0.9014678483673381,"porcentajePoblacionAdministradas":1.4359441284075247,"porcentajePoblacionPrimeraDosis":0.7746019688324441,"porcentajePoblacionCompletas":0.7419111716055109,"fechaUltRegistro":1631750400000,"etarios":{"unaDosis":{"etarioTotal":{"vacunados":1170618,"personasINE":1310137,"porcentaje":0.8935080835057708},"etarioRangos":[{"rango":{"min":12,"max":19},"vacunados":113944,"personasINE":141894,"porcentaje":0.7842006873809856},{"rango":{"min":20,"max":29},"vacunados":135077,"personasINE":172248,"porcentaje":0.9002309596037095},{"rango":{"min":30,"max":39},"vacunados":162022,"personasINE":209003,"porcentaje":0.9002309596037095},{"rango":{"min":40,"max":49},"vacunados":228800,"personasINE":254157,"porcentaje":0.9002309596037095},{"rango":{"min":50,"max":59},"vacunados":206200,"personasINE":213256,"porcentaje":0.9669130059646622},{"rango":{"min":60,"max":69},"vacunados":147625,"personasINE":147625,"porcentaje":1},{"rango":{"min":70,"max":79},"vacunados":103070,"personasINE":103070,"porcentaje":1},{"rango":{"min":80,"max":null},"vacunados":73880,"personasINE":73880,"porcentaje":1}]},"pautaCompleta":{"etarioTotal":{"vacunados":1121214,"personasINE":1310137,"porcentaje":0.8557990500230128},"etarioRangos":[{"rango":{"min":12,"max":19},"vacunados":101496,"personasINE":141894,"porcentaje":0.7213146161348752},{"rango":{"min":20,"max":29},"vacunados":124245,"personasINE":172248,"porcentaje":0.8743296466357409},{"rango":{"min":30,"max":39},"vacunados":153168,"personasINE":209003,"porcentaje":0.8743296466357409},{"rango":{"min":40,"max":49},"vacunados":222217,"personasINE":254157,"porcentaje":0.8743296466357409},{"rango":{"min":50,"max":59},"vacunados":202798,"personasINE":213256,"porcentaje":0.9509603481261958},{"rango":{"min":60,"max":69},"vacunados":143813,"personasINE":146909,"porcentaje":0.9789257295332485},{"rango":{"min":70,"max":79},"vacunados":100741,"personasINE":102899,"porcentaje":0.9790279788919232},{"rango":{"min":80,"max":null},"vacunados":72736,"personasINE":72736,"porcentaje":1}]}}},{"ccaa":"Navarra","dosisAdministradas":955975,"dosisEntregadas":1055175,"dosisEntregadasModerna":151500,"dosisEntregadasPfizer":734325,"dosisEntregadasAstrazeneca":136600,"dosisEntregadasJanssen":32750,"dosisPrimeraDosis":517786,"dosisPautaCompletada":501814,"porcentajeEntregadas":0.9059871585282062,"porcentajePoblacionAdministradas":1.445824769319885,"porcentajePoblacionPrimeraDosis":0.7831039765758163,"porcentajePoblacionCompletas":0.7589477871194213,"fechaUltRegistro":1631750400000,"etarios":{"unaDosis":{"etarioTotal":{"vacunados":517786,"personasINE":581354,"porcentaje":0.8906552634023331},"etarioRangos":[{"rango":{"min":12,"max":19},"vacunados":45206,"personasINE":56388,"porcentaje":0.7895254451245468},{"rango":{"min":20,"max":29},"vacunados":53788,"personasINE":68127,"porcentaje":0.8753634191959409},{"rango":{"min":30,"max":39},"vacunados":62442,"personasINE":81341,"porcentaje":0.8753634191959409},{"rango":{"min":40,"max":49},"vacunados":94541,"personasINE":108002,"porcentaje":0.8753634191959409},{"rango":{"min":50,"max":59},"vacunados":91454,"personasINE":96694,"porcentaje":0.9458084265828283},{"rango":{"min":60,"max":69},"vacunados":72037,"personasINE":73844,"porcentaje":0.9755294946102595},{"rango":{"min":70,"max":79},"vacunados":55836,"personasINE":55836,"porcentaje":1},{"rango":{"min":80,"max":null},"vacunados":42482,"personasINE":42482,"porcentaje":1}]},"pautaCompleta":{"etarioTotal":{"vacunados":501814,"personasINE":581354,"porcentaje":0.8631814694661084},"etarioRangos":[{"rango":{"min":12,"max":19},"vacunados":40825,"personasINE":56388,"porcentaje":0.7315748528483568},{"rango":{"min":20,"max":29},"vacunados":49840,"personasINE":68127,"porcentaje":0.8537619673709747},{"rango":{"min":30,"max":39},"vacunados":59699,"personasINE":81341,"porcentaje":0.8537619673709747},{"rango":{"min":40,"max":49},"vacunados":92208,"personasINE":108002,"porcentaje":0.8537619673709747},{"rango":{"min":50,"max":59},"vacunados":90323,"personasINE":96694,"porcentaje":0.9341117339235113},{"rango":{"min":60,"max":69},"vacunados":71190,"personasINE":73844,"porcentaje":0.9640593683982449},{"rango":{"min":70,"max":79},"vacunados":55656,"personasINE":55792,"porcentaje":0.9975623745339833},{"rango":{"min":80,"max":null},"vacunados":42073,"personasINE":42073,"porcentaje":1}]}}},{"ccaa":"País Vasco","dosisAdministradas":3259521,"dosisEntregadas":3566050,"dosisEntregadasModerna":526100,"dosisEntregadasPfizer":2484900,"dosisEntregadasAstrazeneca":444200,"dosisEntregadasJanssen":110850,"dosisPrimeraDosis":1780824,"dosisPautaCompletada":1696440,"porcentajeEntregadas":0.914042427896412,"porcentajePoblacionAdministradas":1.4679194453151176,"porcentajePoblacionPrimeraDosis":0.8019908993633877,"porcentajePoblacionCompletas":0.7639887160752694,"fechaUltRegistro":1631664000000,"etarios":{"unaDosis":{"etarioTotal":{"vacunados":1780824,"personasINE":1983943,"porcentaje":0.8976185303710843},"etarioRangos":[{"rango":{"min":12,"max":19},"vacunados":135761,"personasINE":168606,"porcentaje":0.7573709647007453},{"rango":{"min":20,"max":29},"vacunados":152636,"personasINE":201534,"porcentaje":0.8765232663137577},{"rango":{"min":30,"max":39},"vacunados":197264,"personasINE":260543,"porcentaje":0.8765232663137577},{"rango":{"min":40,"max":49},"vacunados":317418,"personasINE":362133,"porcentaje":0.8765232663137577},{"rango":{"min":50,"max":59},"vacunados":322180,"personasINE":339977,"porcentaje":0.9476523411877862},{"rango":{"min":60,"max":69},"vacunados":277958,"personasINE":280119,"porcentaje":0.9922854215529828},{"rango":{"min":70,"max":79},"vacunados":213565,"personasINE":213565,"porcentaje":1},{"rango":{"min":80,"max":null},"vacunados":164042,"personasINE":164042,"porcentaje":1}]},"pautaCompleta":{"etarioTotal":{"vacunados":1696440,"personasINE":1983943,"porcentaje":0.8550850503265467},"etarioRangos":[{"rango":{"min":12,"max":19},"vacunados":100430,"personasINE":168606,"porcentaje":0.6712961584645767},{"rango":{"min":20,"max":29},"vacunados":135289,"personasINE":201534,"porcentaje":0.8610593345538794},{"rango":{"min":30,"max":39},"vacunados":184980,"personasINE":260543,"porcentaje":0.8610593345538794},{"rango":{"min":40,"max":49},"vacunados":311818,"personasINE":362133,"porcentaje":0.8610593345538794},{"rango":{"min":50,"max":59},"vacunados":318496,"personasINE":339977,"porcentaje":0.9368163140447736},{"rango":{"min":60,"max":69},"vacunados":271887,"personasINE":280119,"porcentaje":0.970612489691881},{"rango":{"min":70,"max":79},"vacunados":211864,"personasINE":213081,"porcentaje":0.9942885569337482},{"rango":{"min":80,"max":null},"vacunados":161676,"personasINE":157950,"porcentaje":1.0235897435897436}]}}},{"ccaa":"Ceuta","dosisAdministradas":108390,"dosisEntregadas":140230,"dosisEntregadasModerna":22400,"dosisEntregadasPfizer":95580,"dosisEntregadasAstrazeneca":18100,"dosisEntregadasJanssen":4150,"dosisPrimeraDosis":59681,"dosisPautaCompletada":55944,"porcentajeEntregadas":0.7729444484061898,"porcentajePoblacionAdministradas":1.2872615852355052,"porcentajePoblacionPrimeraDosis":0.7087836393434835,"porcentajePoblacionCompletas":0.6644022707299114,"fechaUltRegistro":1631750400000,"etarios":{"unaDosis":{"etarioTotal":{"vacunados":59681,"personasINE":70965,"porcentaje":0.8409920383287536},"etarioRangos":[{"rango":{"min":12,"max":19},"vacunados":7278,"personasINE":9126,"porcentaje":0.7610103036381873},{"rango":{"min":20,"max":29},"vacunados":8346,"personasINE":10967,"porcentaje":0.8637082740072773},{"rango":{"min":30,"max":39},"vacunados":8807,"personasINE":11894,"porcentaje":0.8637082740072773},{"rango":{"min":40,"max":49},"vacunados":10919,"personasINE":12642,"porcentaje":0.8637082740072773},{"rango":{"min":50,"max":59},"vacunados":10456,"personasINE":11556,"porcentaje":0.9048113534094843},{"rango":{"min":60,"max":69},"vacunados":7601,"personasINE":7857,"porcentaje":0.9674175894107165},{"rango":{"min":70,"max":79},"vacunados":3881,"personasINE":4318,"porcentaje":0.8987957387679482},{"rango":{"min":80,"max":null},"vacunados":2393,"personasINE":2605,"porcentaje":0.9186180422264876}]},"pautaCompleta":{"etarioTotal":{"vacunados":55944,"personasINE":70965,"porcentaje":0.7883322764743184},"etarioRangos":[{"rango":{"min":12,"max":19},"vacunados":5890,"personasINE":9126,"porcentaje":0.6803136682775599},{"rango":{"min":20,"max":29},"vacunados":7461,"personasINE":10967,"porcentaje":0.8335706375573485},{"rango":{"min":30,"max":39},"vacunados":8231,"personasINE":11894,"porcentaje":0.8335706375573485},{"rango":{"min":40,"max":49},"vacunados":10538,"personasINE":12642,"porcentaje":0.8335706375573485},{"rango":{"min":50,"max":59},"vacunados":10208,"personasINE":11556,"porcentaje":0.8833506403599861},{"rango":{"min":60,"max":69},"vacunados":7407,"personasINE":7857,"porcentaje":0.9427262313860252},{"rango":{"min":70,"max":79},"vacunados":3840,"personasINE":4318,"porcentaje":0.889300602130616},{"rango":{"min":80,"max":null},"vacunados":2369,"personasINE":2605,"porcentaje":0.909404990403071}]}}},{"ccaa":"Melilla","dosisAdministradas":98432,"dosisEntregadas":141100,"dosisEntregadasModerna":23500,"dosisEntregadasPfizer":96750,"dosisEntregadasAstrazeneca":15100,"dosisEntregadasJanssen":5750,"dosisPrimeraDosis":55588,"dosisPautaCompletada":52118,"porcentajeEntregadas":0.6976045357902197,"porcentajePoblacionAdministradas":1.1304148100509899,"porcentajePoblacionPrimeraDosis":0.6383848592034544,"porcentajePoblacionCompletas":0.5985346134411319,"fechaUltRegistro":1631664000000,"etarios":{"unaDosis":{"etarioTotal":{"vacunados":55588,"personasINE":70927,"porcentaje":0.7837353899079335},"etarioRangos":[{"rango":{"min":12,"max":19},"vacunados":7128,"personasINE":9574,"porcentaje":0.6818674447686536},{"rango":{"min":20,"max":29},"vacunados":8179,"personasINE":11995,"porcentaje":0.8250291618063657},{"rango":{"min":30,"max":39},"vacunados":8369,"personasINE":12133,"porcentaje":0.8250291618063657},{"rango":{"min":40,"max":49},"vacunados":9902,"personasINE":12002,"porcentaje":0.8250291618063657},{"rango":{"min":50,"max":59},"vacunados":9593,"personasINE":11299,"porcentaje":0.8490131870076998},{"rango":{"min":60,"max":69},"vacunados":7110,"personasINE":7827,"porcentaje":0.9083940206975852},{"rango":{"min":70,"max":79},"vacunados":3302,"personasINE":3748,"porcentaje":0.8810032017075774},{"rango":{"min":80,"max":null},"vacunados":2005,"personasINE":2349,"porcentaje":0.8535547041294168}]},"pautaCompleta":{"etarioTotal":{"vacunados":52118,"personasINE":70927,"porcentaje":0.7348118488022897},"etarioRangos":[{"rango":{"min":12,"max":19},"vacunados":5859,"personasINE":9574,"porcentaje":0.6080867027928304},{"rango":{"min":20,"max":29},"vacunados":7294,"personasINE":11995,"porcentaje":0.8015330778203633},{"rango":{"min":30,"max":39},"vacunados":7884,"personasINE":12133,"porcentaje":0.8015330778203633},{"rango":{"min":40,"max":49},"vacunados":9620,"personasINE":12002,"porcentaje":0.8015330778203633},{"rango":{"min":50,"max":59},"vacunados":9361,"personasINE":11299,"porcentaje":0.8284803964952651},{"rango":{"min":60,"max":69},"vacunados":6925,"personasINE":7827,"porcentaje":0.8847578893573528},{"rango":{"min":70,"max":79},"vacunados":3224,"personasINE":3748,"porcentaje":0.8601921024546425},{"rango":{"min":80,"max":null},"vacunados":1951,"personasINE":2349,"porcentaje":0.8305661983822903}]}}},{"ccaa":"Fuerzas Armadas","dosisAdministradas":171046,"dosisEntregadas":212238,"dosisEntregadasModerna":58300,"dosisEntregadasPfizer":48138,"dosisEntregadasAstrazeneca":103800,"dosisEntregadasJanssen":2000,"dosisPrimeraDosis":91812,"dosisPautaCompletada":85548,"porcentajeEntregadas":0.8059159999623065,"porcentajePoblacionAdministradas":null,"porcentajePoblacionPrimeraDosis":null,"porcentajePoblacionCompletas":null,"fechaUltRegistro":1631750400000},{"ccaa":"Sanidad Exterior","dosisAdministradas":5767,"dosisEntregadas":7965,"dosisEntregadasModerna":4680,"dosisEntregadasPfizer":0,"dosisEntregadasAstrazeneca":0,"dosisEntregadasJanssen":3285,"dosisPrimeraDosis":4224,"dosisPautaCompletada":3957,"porcentajeEntregadas":0.7240426867545512,"porcentajePoblacionAdministradas":null,"porcentajePoblacionPrimeraDosis":null,"porcentajePoblacionCompletas":null,"fechaUltRegistro":1631750400000,"etarios":{"unaDosis":{"etarioTotal":{"vacunados":4224,"personasINE":"-","porcentaje":"-"},"etarioRangos":[{"rango":{"min":12,"max":19},"vacunados":161,"personasINE":null,"porcentaje":"-"},{"rango":{"min":20,"max":29},"vacunados":1036,"personasINE":null,"porcentaje":"-"},{"rango":{"min":30,"max":39},"vacunados":1186,"personasINE":null,"porcentaje":"-"},{"rango":{"min":40,"max":49},"vacunados":1047,"personasINE":null,"porcentaje":"-"},{"rango":{"min":50,"max":59},"vacunados":543,"personasINE":null,"porcentaje":"-"},{"rango":{"min":60,"max":69},"vacunados":199,"personasINE":null,"porcentaje":"-"},{"rango":{"min":70,"max":79},"vacunados":28,"personasINE":null,"porcentaje":"-"},{"rango":{"min":80,"max":null},"vacunados":24,"personasINE":null,"porcentaje":"-"}]},"pautaCompleta":{"etarioTotal":{"vacunados":3957,"personasINE":"-","porcentaje":"-"},"etarioRangos":[{"rango":{"min":12,"max":19},"vacunados":139,"personasINE":null,"porcentaje":"-"},{"rango":{"min":20,"max":29},"vacunados":959,"personasINE":null,"porcentaje":"-"},{"rango":{"min":30,"max":39},"vacunados":1088,"personasINE":null,"porcentaje":"-"},{"rango":{"min":40,"max":49},"vacunados":1000,"personasINE":null,"porcentaje":"-"},{"rango":{"min":50,"max":59},"vacunados":531,"personasINE":null,"porcentaje":"-"},{"rango":{"min":60,"max":69},"vacunados":190,"personasINE":null,"porcentaje":"-"},{"rango":{"min":70,"max":79},"vacunados":27,"personasINE":null,"porcentaje":"-"},{"rango":{"min":80,"max":null},"vacunados":23,"personasINE":null,"porcentaje":"-"}]}}},{"ccaa":"Totales","dosisAdministradas":69094664,"dosisEntregadas":75175461,"dosisEntregadasModerna":10752630,"dosisEntregadasPfizer":52895871,"dosisEntregadasAstrazeneca":9202000,"dosisEntregadasJanssen":2324960,"dosisPrimeraDosis":37385758,"dosisPautaCompletada":35784743,"porcentajeEntregadas":0.9191119426590547,"porcentajePoblacionAdministradas":1.4719783553472519,"porcentajePoblacionPrimeraDosis":0.7964584149978696,"porcentajePoblacionCompletas":0.7623507243289306,"fechaUltRegistro":null,"etarios":{"unaDosis":{"etarioTotal":{"vacunados":37385758,"personasINE":42119827,"porcentaje":0.8876047377877406},"etarioRangos":[{"rango":{"min":12,"max":19},"vacunados":3136078,"personasINE":3888686,"porcentaje":0.7703430381180429},{"rango":{"min":20,"max":29},"vacunados":3809069,"personasINE":4944640,"porcentaje":0.8743314684713898},{"rango":{"min":30,"max":39},"vacunados":4768636,"personasINE":6230403,"porcentaje":0.8743314684713898},{"rango":{"min":40,"max":49},"vacunados":6899994,"personasINE":7891737,"porcentaje":0.8743314684713898},{"rango":{"min":50,"max":59},"vacunados":6641855,"personasINE":7033306,"porcentaje":0.9443432434192398},{"rango":{"min":60,"max":69},"vacunados":5258639,"personasINE":5336986,"porcentaje":0.9853199914708414},{"rango":{"min":70,"max":79},"vacunados":3937264,"personasINE":3960045,"porcentaje":0.9942472875939541},{"rango":{"min":80,"max":null},"vacunados":2934223,"personasINE":2934223,"porcentaje":1}]},"pautaCompleta":{"etarioTotal":{"vacunados":35784743,"personasINE":42119827,"porcentaje":0.8495937791957218},"etarioRangos":[{"rango":{"min":12,"max":19},"vacunados":2559907,"personasINE":3888686,"porcentaje":0.7032578711493658},{"rango":{"min":20,"max":29},"vacunados":3477357,"personasINE":4944640,"porcentaje":0.8533956466111327},{"rango":{"min":30,"max":39},"vacunados":4495581,"personasINE":6230403,"porcentaje":0.8533956466111327},{"rango":{"min":40,"max":49},"vacunados":6734774,"personasINE":7891737,"porcentaje":0.8533956466111327},{"rango":{"min":50,"max":59},"vacunados":6549295,"personasINE":7033306,"porcentaje":0.9311830027017166},{"rango":{"min":60,"max":69},"vacunados":5163224,"personasINE":5336986,"porcentaje":0.9674419232128396},{"rango":{"min":70,"max":79},"vacunados":3907507,"personasINE":3960045,"porcentaje":0.98673297904443},{"rango":{"min":80,"max":null},"vacunados":2897098,"personasINE":2897098,"porcentaje":1}]}}}]