[{"ccaa":"Andalucía","dosisAdministradas":12919521,"dosisEntregadas":13316870,"dosisEntregadasModerna":2019500,"dosisEntregadasPfizer":9434970,"dosisEntregadasAstrazeneca":1528900,"dosisEntregadasJanssen":333500,"dosisPrimeraDosis":6840955,"dosisPautaCompletada":6733541,"porcentajeEntregadas":0.9701619825079016,"porcentajePoblacionAdministradas":1.5263343190683911,"porcentajePoblacionPrimeraDosis":0.8082021300714249,"porcentajePoblacionCompletas":0.7955120563025591,"fechaUltRegistro":1635206400000,"etarios":{"unaDosis":{"etarioTotal":{"vacunados":6840955,"personasINE":7451975,"porcentaje":0.9180056293801307},"etarioRangos":[{"rango":{"min":12,"max":19},"vacunados":665496,"personasINE":752907,"porcentaje":0.8239453757623789},{"rango":{"min":20,"max":29},"vacunados":765175,"personasINE":928672,"porcentaje":0.9024766192530002},{"rango":{"min":30,"max":39},"vacunados":928577,"personasINE":1140217,"porcentaje":0.9024766192530002},{"rango":{"min":40,"max":49},"vacunados":1250033,"personasINE":1385114,"porcentaje":0.9024766192530002},{"rango":{"min":50,"max":59},"vacunados":1215346,"personasINE":1265021,"porcentaje":0.9607318771783235},{"rango":{"min":60,"max":69},"vacunados":929011,"personasINE":929011,"porcentaje":1},{"rango":{"min":70,"max":79},"vacunados":653537,"personasINE":653537,"porcentaje":1},{"rango":{"min":80,"max":null},"vacunados":433780,"personasINE":433780,"porcentaje":1}]},"pautaCompleta":{"etarioTotal":{"vacunados":6733541,"personasINE":7451975,"porcentaje":0.9035914640078637},"etarioRangos":[{"rango":{"min":12,"max":19},"vacunados":647878,"personasINE":752907,"porcentaje":0.7964846576616933},{"rango":{"min":20,"max":29},"vacunados":739673,"personasINE":928672,"porcentaje":0.8924131876509803},{"rango":{"min":30,"max":39},"vacunados":905667,"personasINE":1140217,"porcentaje":0.8924131876509803},{"rango":{"min":40,"max":49},"vacunados":1236094,"personasINE":1385114,"porcentaje":0.8924131876509803},{"rango":{"min":50,"max":59},"vacunados":1205555,"personasINE":1265021,"porcentaje":0.9529920847163802},{"rango":{"min":60,"max":69},"vacunados":921004,"personasINE":916147,"porcentaje":1.005301550951976},{"rango":{"min":70,"max":79},"vacunados":649188,"personasINE":650381,"porcentaje":0.9981656905721416},{"rango":{"min":80,"max":null},"vacunados":428482,"personasINE":428482,"porcentaje":1}]}}},{"ccaa":"Aragón","dosisAdministradas":2004883,"dosisEntregadas":2136845,"dosisEntregadasModerna":275200,"dosisEntregadasPfizer":1531845,"dosisEntregadasAstrazeneca":265100,"dosisEntregadasJanssen":64700,"dosisPrimeraDosis":1065901,"dosisPautaCompletada":1046620,"porcentajeEntregadas":0.9382444678954253,"porcentajePoblacionAdministradas":1.5081213879137139,"porcentajePoblacionPrimeraDosis":0.8017964616880963,"porcentajePoblacionCompletas":0.7872928280693942,"fechaUltRegistro":1635206400000,"etarios":{"unaDosis":{"etarioTotal":{"vacunados":1065901,"personasINE":1185134,"porcentaje":0.8993928112770371},"etarioRangos":[{"rango":{"min":12,"max":19},"vacunados":87950,"personasINE":103109,"porcentaje":0.7952546376178097},{"rango":{"min":20,"max":29},"vacunados":103702,"personasINE":130401,"porcentaje":0.8735153040573548},{"rango":{"min":30,"max":39},"vacunados":125434,"personasINE":164286,"porcentaje":0.8735153040573548},{"rango":{"min":40,"max":49},"vacunados":187756,"personasINE":214943,"porcentaje":0.8735153040573548},{"rango":{"min":50,"max":59},"vacunados":185975,"personasINE":198266,"porcentaje":0.9380075252438643},{"rango":{"min":60,"max":69},"vacunados":154545,"personasINE":156367,"porcentaje":0.9883479250737048},{"rango":{"min":70,"max":79},"vacunados":119277,"personasINE":119277,"porcentaje":1},{"rango":{"min":80,"max":null},"vacunados":101262,"personasINE":101262,"porcentaje":1}]},"pautaCompleta":{"etarioTotal":{"vacunados":1046620,"personasINE":1185134,"porcentaje":0.8831237649075969},"etarioRangos":[{"rango":{"min":12,"max":19},"vacunados":84933,"personasINE":103109,"porcentaje":0.7657840047238902},{"rango":{"min":20,"max":29},"vacunados":99859,"personasINE":130401,"porcentaje":0.8611492349134422},{"rango":{"min":30,"max":39},"vacunados":121875,"personasINE":164286,"porcentaje":0.8611492349134422},{"rango":{"min":40,"max":49},"vacunados":185098,"personasINE":214943,"porcentaje":0.8611492349134422},{"rango":{"min":50,"max":59},"vacunados":183927,"personasINE":198266,"porcentaje":0.9276779679824074},{"rango":{"min":60,"max":69},"vacunados":152506,"personasINE":156367,"porcentaje":0.9753080893027302},{"rango":{"min":70,"max":79},"vacunados":118512,"personasINE":118955,"porcentaje":0.9962759026522635},{"rango":{"min":80,"max":null},"vacunados":99910,"personasINE":99910,"porcentaje":1}]}}},{"ccaa":"Asturias","dosisAdministradas":1678475,"dosisEntregadas":1650625,"dosisEntregadasModerna":162000,"dosisEntregadasPfizer":1224725,"dosisEntregadasAstrazeneca":220900,"dosisEntregadasJanssen":43000,"dosisPrimeraDosis":873559,"dosisPautaCompletada":864705,"porcentajeEntregadas":1.0168723968193867,"porcentajePoblacionAdministradas":1.6475278371077677,"porcentajePoblacionPrimeraDosis":0.8574526101705563,"porcentajePoblacionCompletas":0.8487618572729843,"fechaUltRegistro":1635206400000,"etarios":{"unaDosis":{"etarioTotal":{"vacunados":873559,"personasINE":933927,"porcentaje":0.9353611149479563},"etarioRangos":[{"rango":{"min":12,"max":19},"vacunados":60553,"personasINE":64000,"porcentaje":0.8423480931855242},{"rango":{"min":20,"max":29},"vacunados":66639,"personasINE":79111,"porcentaje":0.9022294347667268},{"rango":{"min":30,"max":39},"vacunados":90984,"personasINE":114451,"porcentaje":0.9022294347667268},{"rango":{"min":40,"max":49},"vacunados":150666,"personasINE":166993,"porcentaje":0.9022294347667268},{"rango":{"min":50,"max":59},"vacunados":153195,"personasINE":162645,"porcentaje":0.9418979987088444},{"rango":{"min":60,"max":69},"vacunados":148201,"personasINE":149652,"porcentaje":0.9903041723465106},{"rango":{"min":70,"max":79},"vacunados":114362,"personasINE":114362,"porcentaje":1},{"rango":{"min":80,"max":null},"vacunados":88959,"personasINE":88959,"porcentaje":1}]},"pautaCompleta":{"etarioTotal":{"vacunados":864705,"personasINE":933927,"porcentaje":0.9258807165870566},"etarioRangos":[{"rango":{"min":12,"max":19},"vacunados":59297,"personasINE":64000,"porcentaje":0.8184702506604644},{"rango":{"min":20,"max":29},"vacunados":64750,"personasINE":79111,"porcentaje":0.8961453474097717},{"rango":{"min":30,"max":39},"vacunados":89206,"personasINE":114451,"porcentaje":0.8961453474097717},{"rango":{"min":40,"max":49},"vacunados":149650,"personasINE":166993,"porcentaje":0.8961453474097717},{"rango":{"min":50,"max":59},"vacunados":152367,"personasINE":162645,"porcentaje":0.9368071566909527},{"rango":{"min":60,"max":69},"vacunados":147331,"personasINE":149652,"porcentaje":0.9844906850559966},{"rango":{"min":70,"max":79},"vacunados":113933,"personasINE":113933,"porcentaje":1},{"rango":{"min":80,"max":null},"vacunados":88171,"personasINE":88171,"porcentaje":1}]}}},{"ccaa":"Baleares","dosisAdministradas":1606667,"dosisEntregadas":1891250,"dosisEntregadasModerna":305100,"dosisEntregadasPfizer":1272150,"dosisEntregadasAstrazeneca":256400,"dosisEntregadasJanssen":57600,"dosisPrimeraDosis":856202,"dosisPautaCompletada":838992,"porcentajeEntregadas":0.8495265036351619,"porcentajePoblacionAdministradas":1.3714110365560632,"porcentajePoblacionPrimeraDosis":0.7308327564587899,"porcentajePoblacionCompletas":0.7161427280091298,"fechaUltRegistro":1635206400000,"etarios":{"unaDosis":{"etarioTotal":{"vacunados":856202,"personasINE":1034867,"porcentaje":0.8273546262466578},"etarioRangos":[{"rango":{"min":12,"max":19},"vacunados":74359,"personasINE":95480,"porcentaje":0.7024981513969639},{"rango":{"min":20,"max":29},"vacunados":96904,"personasINE":137942,"porcentaje":0.8121180373668587},{"rango":{"min":30,"max":39},"vacunados":126240,"personasINE":182187,"porcentaje":0.8121180373668587},{"rango":{"min":40,"max":49},"vacunados":167436,"personasINE":206172,"porcentaje":0.8121180373668587},{"rango":{"min":50,"max":59},"vacunados":150188,"personasINE":165797,"porcentaje":0.9058547500859485},{"rango":{"min":60,"max":69},"vacunados":110328,"personasINE":117231,"porcentaje":0.9411162576451622},{"rango":{"min":70,"max":79},"vacunados":79256,"personasINE":80516,"porcentaje":0.9843509364598341},{"rango":{"min":80,"max":null},"vacunados":51491,"personasINE":51491,"porcentaje":1}]},"pautaCompleta":{"etarioTotal":{"vacunados":838992,"personasINE":1034867,"porcentaje":0.8107244699077273},"etarioRangos":[{"rango":{"min":12,"max":19},"vacunados":71979,"personasINE":95480,"porcentaje":0.6731742326485044},{"rango":{"min":20,"max":29},"vacunados":92859,"personasINE":137942,"porcentaje":0.7990464272549134},{"rango":{"min":30,"max":39},"vacunados":122060,"personasINE":182187,"porcentaje":0.7990464272549134},{"rango":{"min":40,"max":49},"vacunados":164741,"personasINE":206172,"porcentaje":0.7990464272549134},{"rango":{"min":50,"max":59},"vacunados":148420,"personasINE":165797,"porcentaje":0.8951911071973558},{"rango":{"min":60,"max":69},"vacunados":109282,"personasINE":117231,"porcentaje":0.9321937030307683},{"rango":{"min":70,"max":79},"vacunados":78786,"personasINE":80516,"porcentaje":0.9785135873615182},{"rango":{"min":80,"max":null},"vacunados":50865,"personasINE":50865,"porcentaje":1}]}}},{"ccaa":"Canarias","dosisAdministradas":3157350,"dosisEntregadas":3522840,"dosisEntregadasModerna":574700,"dosisEntregadasPfizer":2358690,"dosisEntregadasAstrazeneca":455800,"dosisEntregadasJanssen":133650,"dosisPrimeraDosis":1678135,"dosisPautaCompletada":1637834,"porcentajeEntregadas":0.8962513199577613,"porcentajePoblacionAdministradas":1.4510200592660132,"porcentajePoblacionPrimeraDosis":0.7712187585020258,"porcentajePoblacionCompletas":0.7526976698015397,"fechaUltRegistro":1635206400000,"etarios":{"unaDosis":{"etarioTotal":{"vacunados":1678135,"personasINE":1960774,"porcentaje":0.8558533517886304},"etarioRangos":[{"rango":{"min":12,"max":19},"vacunados":152945,"personasINE":179797,"porcentaje":0.7465243020798576},{"rango":{"min":20,"max":29},"vacunados":187936,"personasINE":251748,"porcentaje":0.8196089955764532},{"rango":{"min":30,"max":39},"vacunados":229569,"personasINE":310934,"porcentaje":0.8196089955764532},{"rango":{"min":40,"max":49},"vacunados":317946,"personasINE":387924,"porcentaje":0.8196089955764532},{"rango":{"min":50,"max":59},"vacunados":320735,"personasINE":350512,"porcentaje":0.915047131054001},{"rango":{"min":60,"max":69},"vacunados":224524,"personasINE":235092,"porcentaje":0.95504738570432},{"rango":{"min":70,"max":79},"vacunados":151417,"personasINE":154531,"porcentaje":0.9798487034963859},{"rango":{"min":80,"max":null},"vacunados":93063,"personasINE":93063,"porcentaje":1}]},"pautaCompleta":{"etarioTotal":{"vacunados":1637834,"personasINE":1960774,"porcentaje":0.8352997336765992},"etarioRangos":[{"rango":{"min":12,"max":19},"vacunados":143738,"personasINE":179797,"porcentaje":0.7061903173014284},{"rango":{"min":20,"max":29},"vacunados":177782,"personasINE":251748,"porcentaje":0.8080216743485837},{"rango":{"min":30,"max":39},"vacunados":221752,"personasINE":310934,"porcentaje":0.8080216743485837},{"rango":{"min":40,"max":49},"vacunados":313451,"personasINE":387924,"porcentaje":0.8080216743485837},{"rango":{"min":50,"max":59},"vacunados":318140,"personasINE":350512,"porcentaje":0.9076436755374995},{"rango":{"min":60,"max":69},"vacunados":220751,"personasINE":235092,"porcentaje":0.9389983495822912},{"rango":{"min":70,"max":79},"vacunados":150263,"personasINE":154531,"porcentaje":0.9723809462179109},{"rango":{"min":80,"max":null},"vacunados":91957,"personasINE":91957,"porcentaje":1}]}}},{"ccaa":"Cantabria","dosisAdministradas":921658,"dosisEntregadas":989605,"dosisEntregadasModerna":114900,"dosisEntregadasPfizer":727305,"dosisEntregadasAstrazeneca":125200,"dosisEntregadasJanssen":22200,"dosisPrimeraDosis":482155,"dosisPautaCompletada":476345,"porcentajeEntregadas":0.9313392717296295,"porcentajePoblacionAdministradas":1.5811461558916118,"porcentajePoblacionPrimeraDosis":0.8271587994613188,"porcentajePoblacionCompletas":0.8171914806014702,"fechaUltRegistro":1635206400000,"etarios":{"unaDosis":{"etarioTotal":{"vacunados":482155,"personasINE":524127,"porcentaje":0.919920172019377},"etarioRangos":[{"rango":{"min":12,"max":19},"vacunados":39226,"personasINE":43963,"porcentaje":0.8141768141768142},{"rango":{"min":20,"max":29},"vacunados":41120,"personasINE":50505,"porcentaje":0.899998977180906},{"rango":{"min":30,"max":39},"vacunados":54641,"personasINE":70473,"porcentaje":0.899998977180906},{"rango":{"min":40,"max":49},"vacunados":87992,"personasINE":97769,"porcentaje":0.899998977180906},{"rango":{"min":50,"max":59},"vacunados":84273,"personasINE":89964,"porcentaje":0.9367413632119514},{"rango":{"min":60,"max":69},"vacunados":76667,"personasINE":77345,"porcentaje":0.9912340810653565},{"rango":{"min":70,"max":79},"vacunados":55920,"personasINE":55920,"porcentaje":1},{"rango":{"min":80,"max":null},"vacunados":42316,"personasINE":42316,"porcentaje":1}]},"pautaCompleta":{"etarioTotal":{"vacunados":476345,"personasINE":524127,"porcentaje":0.908835072415655},"etarioRangos":[{"rango":{"min":12,"max":19},"vacunados":38107,"personasINE":43963,"porcentaje":0.7920997920997921},{"rango":{"min":20,"max":29},"vacunados":40005,"personasINE":50505,"porcentaje":0.8905481287524676},{"rango":{"min":30,"max":39},"vacunados":53637,"personasINE":70473,"porcentaje":0.8905481287524676},{"rango":{"min":40,"max":49},"vacunados":87068,"personasINE":97769,"porcentaje":0.8905481287524676},{"rango":{"min":50,"max":59},"vacunados":83717,"personasINE":89964,"porcentaje":0.9305611133342225},{"rango":{"min":60,"max":69},"vacunados":76251,"personasINE":77345,"porcentaje":0.985855582132006},{"rango":{"min":70,"max":79},"vacunados":55697,"personasINE":55697,"porcentaje":1},{"rango":{"min":80,"max":null},"vacunados":41863,"personasINE":41863,"porcentaje":1}]}}},{"ccaa":"Castilla y Leon","dosisAdministradas":3793355,"dosisEntregadas":3912325,"dosisEntregadasModerna":412400,"dosisEntregadasPfizer":2916525,"dosisEntregadasAstrazeneca":481200,"dosisEntregadasJanssen":102200,"dosisPrimeraDosis":1999544,"dosisPautaCompletada":1959795,"porcentajeEntregadas":0.9695909721201588,"porcentajePoblacionAdministradas":1.5839185308223496,"porcentajePoblacionPrimeraDosis":0.8349112579219832,"porcentajePoblacionCompletas":0.8183140299584369,"fechaUltRegistro":1634688000000,"etarios":{"unaDosis":{"etarioTotal":{"vacunados":1999544,"personasINE":2176253,"porcentaje":0.9188012606990088},"etarioRangos":[{"rango":{"min":12,"max":19},"vacunados":142750,"personasINE":165342,"porcentaje":0.8156118783352132},{"rango":{"min":20,"max":29},"vacunados":172099,"personasINE":211006,"porcentaje":0.8813008353862457},{"rango":{"min":30,"max":39},"vacunados":211575,"personasINE":267783,"porcentaje":0.8813008353862457},{"rango":{"min":40,"max":49},"vacunados":320181,"personasINE":363305,"porcentaje":0.8813008353862457},{"rango":{"min":50,"max":59},"vacunados":352744,"personasINE":381175,"porcentaje":0.9254122122384731},{"rango":{"min":60,"max":69},"vacunados":320391,"personasINE":320391,"porcentaje":1},{"rango":{"min":70,"max":79},"vacunados":250482,"personasINE":250482,"porcentaje":1},{"rango":{"min":80,"max":null},"vacunados":229322,"personasINE":229322,"porcentaje":1}]},"pautaCompleta":{"etarioTotal":{"vacunados":1959795,"personasINE":2176253,"porcentaje":0.9005363806505953},"etarioRangos":[{"rango":{"min":12,"max":19},"vacunados":132489,"personasINE":165342,"porcentaje":0.7799872989393667},{"rango":{"min":20,"max":29},"vacunados":164582,"personasINE":211006,"porcentaje":0.8675713243693316},{"rango":{"min":30,"max":39},"vacunados":205351,"personasINE":267783,"porcentaje":0.8675713243693316},{"rango":{"min":40,"max":49},"vacunados":315193,"personasINE":363305,"porcentaje":0.8675713243693316},{"rango":{"min":50,"max":59},"vacunados":348574,"personasINE":381175,"porcentaje":0.9144723552174199},{"rango":{"min":60,"max":69},"vacunados":317701,"personasINE":318575,"porcentaje":0.997256532998509},{"rango":{"min":70,"max":79},"vacunados":249053,"personasINE":249053,"porcentaje":1},{"rango":{"min":80,"max":null},"vacunados":226852,"personasINE":226852,"porcentaje":1}]}}},{"ccaa":"Castilla La Mancha","dosisAdministradas":3027406,"dosisEntregadas":3267280,"dosisEntregadasModerna":446800,"dosisEntregadasPfizer":2330505,"dosisEntregadasAstrazeneca":394900,"dosisEntregadasJanssen":95075,"dosisPrimeraDosis":1617753,"dosisPautaCompletada":1557183,"porcentajeEntregadas":0.9265829680957861,"porcentajePoblacionAdministradas":1.4802341654031521,"porcentajePoblacionPrimeraDosis":0.7909917803503875,"porcentajePoblacionCompletas":0.7613763989319492,"fechaUltRegistro":1635206400000},{"ccaa":"Cataluña","dosisAdministradas":11162824,"dosisEntregadas":11863410,"dosisEntregadasModerna":1604900,"dosisEntregadasPfizer":8368460,"dosisEntregadasAstrazeneca":1514300,"dosisEntregadasJanssen":375750,"dosisPrimeraDosis":5967042,"dosisPautaCompletada":5836802,"porcentajeEntregadas":0.9409456471621566,"porcentajePoblacionAdministradas":1.4347219496383192,"porcentajePoblacionPrimeraDosis":0.7669247613161092,"porcentajePoblacionCompletas":0.7501854320280281,"fechaUltRegistro":1635206400000,"etarios":{"unaDosis":{"etarioTotal":{"vacunados":5967042,"personasINE":6868360,"porcentaje":0.8687724580540332},"etarioRangos":[{"rango":{"min":12,"max":19},"vacunados":527896,"personasINE":656166,"porcentaje":0.7574388957428168},{"rango":{"min":20,"max":29},"vacunados":635442,"personasINE":838935,"porcentaje":0.8558182805457355},{"rango":{"min":30,"max":39},"vacunados":775563,"personasINE":1044651.9999999999,"porcentaje":0.8558182805457355},{"rango":{"min":40,"max":49},"vacunados":1126903,"personasINE":1316755,"porcentaje":0.8558182805457355},{"rango":{"min":50,"max":59},"vacunados":1024827,"personasINE":1091780,"porcentaje":0.9386753741596292},{"rango":{"min":60,"max":69},"vacunados":799305,"personasINE":837584,"porcentaje":0.9542983151540622},{"rango":{"min":70,"max":79},"vacunados":618299,"personasINE":635292,"porcentaje":0.9732516700981596},{"rango":{"min":80,"max":null},"vacunados":458807,"personasINE":458807,"porcentaje":1}]},"pautaCompleta":{"etarioTotal":{"vacunados":5836802,"personasINE":6868360,"porcentaje":0.84981014390626},"etarioRangos":[{"rango":{"min":12,"max":19},"vacunados":506796,"personasINE":656166,"porcentaje":0.7209092480347107},{"rango":{"min":20,"max":29},"vacunados":604796,"personasINE":838935,"porcentaje":0.8418817471739237},{"rango":{"min":30,"max":39},"vacunados":748248,"personasINE":1044652,"porcentaje":0.8418817471739237},{"rango":{"min":40,"max":49},"vacunados":1108552,"personasINE":1316755,"porcentaje":0.8418817471739237},{"rango":{"min":50,"max":59},"vacunados":1013691,"personasINE":1091780,"porcentaje":0.9284755170455586},{"rango":{"min":60,"max":69},"vacunados":787463,"personasINE":837584,"porcentaje":0.9401600317102523},{"rango":{"min":70,"max":79},"vacunados":614219,"personasINE":635292,"porcentaje":0.9668294264684586},{"rango":{"min":80,"max":null},"vacunados":453037,"personasINE":453037,"porcentaje":1}]}}},{"ccaa":"C. Valenciana","dosisAdministradas":7661148,"dosisEntregadas":8088540,"dosisEntregadasModerna":1213650,"dosisEntregadasPfizer":5797540,"dosisEntregadasAstrazeneca":863900,"dosisEntregadasJanssen":213450,"dosisPrimeraDosis":4071828,"dosisPautaCompletada":4005835,"porcentajeEntregadas":0.9471607978695784,"porcentajePoblacionAdministradas":1.5148533234678299,"porcentajePoblacionPrimeraDosis":0.8051302726940358,"porcentajePoblacionCompletas":0.7920813516477889,"fechaUltRegistro":1635206400000,"etarios":{"unaDosis":{"etarioTotal":{"vacunados":4071828,"personasINE":4488459,"porcentaje":0.9071772739820059},"etarioRangos":[{"rango":{"min":12,"max":19},"vacunados":369863,"personasINE":424531,"porcentaje":0.8219427039133855},{"rango":{"min":20,"max":29},"vacunados":424226,"personasINE":516126,"porcentaje":0.8835375792049677},{"rango":{"min":30,"max":39},"vacunados":508859,"personasINE":648759,"porcentaje":0.8835375792049677},{"rango":{"min":40,"max":49},"vacunados":752410,"personasINE":851588,"porcentaje":0.8835375792049677},{"rango":{"min":50,"max":59},"vacunados":714749,"personasINE":752334,"porcentaje":0.9500421355408635},{"rango":{"min":60,"max":69},"vacunados":570043,"personasINE":580728,"porcentaje":0.9816006805251339},{"rango":{"min":70,"max":79},"vacunados":434422,"personasINE":437862,"porcentaje":0.9921436434310353},{"rango":{"min":80,"max":null},"vacunados":297256,"personasINE":297256,"porcentaje":1}]},"pautaCompleta":{"etarioTotal":{"vacunados":4005835,"personasINE":4488459,"porcentaje":0.8924744550412513},"etarioRangos":[{"rango":{"min":12,"max":19},"vacunados":356743,"personasINE":424531,"porcentaje":0.7931222220930548},{"rango":{"min":20,"max":29},"vacunados":409351,"personasINE":516126,"porcentaje":0.8738674100621427},{"rango":{"min":30,"max":39},"vacunados":496515,"personasINE":648759,"porcentaje":0.8738674100621427},{"rango":{"min":40,"max":49},"vacunados":744175,"personasINE":851588,"porcentaje":0.8738674100621427},{"rango":{"min":50,"max":59},"vacunados":709345,"personasINE":752334,"porcentaje":0.9428591556409787},{"rango":{"min":60,"max":69},"vacunados":564780,"personasINE":580728,"porcentaje":0.9725379179237096},{"rango":{"min":70,"max":79},"vacunados":431740,"personasINE":437862,"porcentaje":0.9860184258967437},{"rango":{"min":80,"max":null},"vacunados":293186,"personasINE":293186,"porcentaje":1}]}}},{"ccaa":"Extremadura","dosisAdministradas":1708711,"dosisEntregadas":1682775,"dosisEntregadasModerna":218200,"dosisEntregadasPfizer":1226825,"dosisEntregadasAstrazeneca":186000,"dosisEntregadasJanssen":51750,"dosisPrimeraDosis":897424,"dosisPautaCompletada":882950,"porcentajeEntregadas":1.0154126368647027,"porcentajePoblacionAdministradas":1.605951012559364,"porcentajePoblacionPrimeraDosis":0.8434539143805329,"porcentajePoblacionCompletas":0.8298503647131027,"fechaUltRegistro":1635206400000,"etarios":{"unaDosis":{"etarioTotal":{"vacunados":897424,"personasINE":953437,"porcentaje":0.9412514932816746},"etarioRangos":[{"rango":{"min":12,"max":19},"vacunados":76411,"personasINE":84750,"porcentaje":0.8224496999647017},{"rango":{"min":20,"max":29},"vacunados":93200,"personasINE":113320,"porcentaje":0.9167554892347047},{"rango":{"min":30,"max":39},"vacunados":113042,"personasINE":133479,"porcentaje":0.9167554892347047},{"rango":{"min":40,"max":49},"vacunados":146217,"personasINE":159494,"porcentaje":0.9167554892347047},{"rango":{"min":50,"max":59},"vacunados":161490,"personasINE":169216,"porcentaje":0.9543423789712556},{"rango":{"min":60,"max":69},"vacunados":132865,"personasINE":132865,"porcentaje":1},{"rango":{"min":70,"max":79},"vacunados":95926,"personasINE":95926,"porcentaje":1},{"rango":{"min":80,"max":null},"vacunados":78273,"personasINE":78273,"porcentaje":1}]},"pautaCompleta":{"etarioTotal":{"vacunados":882950,"personasINE":953437,"porcentaje":0.9260706265857105},"etarioRangos":[{"rango":{"min":12,"max":19},"vacunados":73632,"personasINE":84750,"porcentaje":0.7929668196258384},{"rango":{"min":20,"max":29},"vacunados":89859,"personasINE":113320,"porcentaje":0.9050434499103415},{"rango":{"min":30,"max":39},"vacunados":110389,"personasINE":133479,"porcentaje":0.9050434499103415},{"rango":{"min":40,"max":49},"vacunados":144349,"personasINE":159494,"porcentaje":0.9050434499103415},{"rango":{"min":50,"max":59},"vacunados":160246,"personasINE":169216,"porcentaje":0.946990828290469},{"rango":{"min":60,"max":69},"vacunados":131629,"personasINE":125297,"porcentaje":1.0505359266383074},{"rango":{"min":70,"max":79},"vacunados":95415,"personasINE":95415,"porcentaje":1},{"rango":{"min":80,"max":null},"vacunados":77431,"personasINE":77431,"porcentaje":1}]}}},{"ccaa":"Galicia","dosisAdministradas":4411215,"dosisEntregadas":4378529,"dosisEntregadasModerna":527400,"dosisEntregadasPfizer":3155029,"dosisEntregadasAstrazeneca":573400,"dosisEntregadasJanssen":122700,"dosisPrimeraDosis":2308540,"dosisPautaCompletada":2286545,"porcentajeEntregadas":1.0074650641802303,"porcentajePoblacionAdministradas":1.6326833884875338,"porcentajePoblacionPrimeraDosis":0.8544391759773693,"porcentajePoblacionCompletas":0.8462983641761347,"fechaUltRegistro":1635206400000,"etarios":{"unaDosis":{"etarioTotal":{"vacunados":2308540,"personasINE":2454497,"porcentaje":0.9405348631511874},"etarioRangos":[{"rango":{"min":12,"max":19},"vacunados":168276,"personasINE":180007,"porcentaje":0.8599018966928016},{"rango":{"min":20,"max":29},"vacunados":198621,"personasINE":230981,"porcentaje":0.9201775186645037},{"rango":{"min":30,"max":39},"vacunados":263392,"personasINE":323408,"porcentaje":0.9201775186645037},{"rango":{"min":40,"max":49},"vacunados":407842,"personasINE":443221,"porcentaje":0.9201775186645037},{"rango":{"min":50,"max":59},"vacunados":390824,"personasINE":405889,"porcentaje":0.9628839411760358},{"rango":{"min":60,"max":69},"vacunados":345969,"personasINE":346927,"porcentaje":0.9972386121576009},{"rango":{"min":70,"max":79},"vacunados":291315,"personasINE":291315,"porcentaje":1},{"rango":{"min":80,"max":null},"vacunados":242301,"personasINE":242301,"porcentaje":1}]},"pautaCompleta":{"etarioTotal":{"vacunados":2286545,"personasINE":2454497,"porcentaje":0.9315737603264539},"etarioRangos":[{"rango":{"min":12,"max":19},"vacunados":164390,"personasINE":180007,"porcentaje":0.8377009364406596},{"rango":{"min":20,"max":29},"vacunados":193493,"personasINE":230981,"porcentaje":0.9136503008657081},{"rango":{"min":30,"max":39},"vacunados":259323,"personasINE":323408,"porcentaje":0.9136503008657081},{"rango":{"min":40,"max":49},"vacunados":404949,"personasINE":443221,"porcentaje":0.9136503008657081},{"rango":{"min":50,"max":59},"vacunados":388810,"personasINE":405889,"porcentaje":0.9579219934514116},{"rango":{"min":60,"max":69},"vacunados":344778,"personasINE":346927,"porcentaje":0.9938056132846391},{"rango":{"min":70,"max":79},"vacunados":290101,"personasINE":290101,"porcentaje":1},{"rango":{"min":80,"max":null},"vacunados":240701,"personasINE":240701,"porcentaje":1}]}}},{"ccaa":"La Rioja","dosisAdministradas":482918,"dosisEntregadas":510565,"dosisEntregadasModerna":67600,"dosisEntregadasPfizer":374465,"dosisEntregadasAstrazeneca":53300,"dosisEntregadasJanssen":15200,"dosisPrimeraDosis":260202,"dosisPautaCompletada":254788,"porcentajeEntregadas":0.9458501855787216,"porcentajePoblacionAdministradas":1.5095244346918235,"porcentajePoblacionPrimeraDosis":0.8133498377689004,"porcentajePoblacionCompletas":0.7964265396325262,"fechaUltRegistro":1635206400000,"etarios":{"unaDosis":{"etarioTotal":{"vacunados":260202,"personasINE":283970,"porcentaje":0.9163010177131388},"etarioRangos":[{"rango":{"min":12,"max":19},"vacunados":21926,"personasINE":25532,"porcentaje":0.7920086676735176},{"rango":{"min":20,"max":29},"vacunados":24123,"personasINE":30458,"porcentaje":0.8978034638411997},{"rango":{"min":30,"max":39},"vacunados":31141,"personasINE":39319,"porcentaje":0.8978034638411997},{"rango":{"min":40,"max":49},"vacunados":47536,"personasINE":52947,"porcentaje":0.8978034638411997},{"rango":{"min":50,"max":59},"vacunados":45398,"personasINE":47664,"porcentaje":0.9524588788183954},{"rango":{"min":60,"max":69},"vacunados":38049,"personasINE":38049,"porcentaje":1},{"rango":{"min":70,"max":79},"vacunados":28665,"personasINE":28665,"porcentaje":1},{"rango":{"min":80,"max":null},"vacunados":23364,"personasINE":23364,"porcentaje":1}]},"pautaCompleta":{"etarioTotal":{"vacunados":254788,"personasINE":283970,"porcentaje":0.8972356234813537},"etarioRangos":[{"rango":{"min":12,"max":19},"vacunados":20850,"personasINE":25532,"porcentaje":0.7547442379670366},{"rango":{"min":20,"max":29},"vacunados":22988,"personasINE":30458,"porcentaje":0.8831661850529775},{"rango":{"min":30,"max":39},"vacunados":30213,"personasINE":39319,"porcentaje":0.8831661850529775},{"rango":{"min":40,"max":49},"vacunados":46761,"personasINE":52947,"porcentaje":0.8831661850529775},{"rango":{"min":50,"max":59},"vacunados":44774,"personasINE":47664,"porcentaje":0.9393672373279625},{"rango":{"min":60,"max":69},"vacunados":37477,"personasINE":37718,"porcentaje":0.9936104777559785},{"rango":{"min":70,"max":79},"vacunados":28559,"personasINE":28559,"porcentaje":1},{"rango":{"min":80,"max":null},"vacunados":23166,"personasINE":23166,"porcentaje":1}]}}},{"ccaa":"Madrid","dosisAdministradas":9881151,"dosisEntregadas":10831929,"dosisEntregadasModerna":1645800,"dosisEntregadasPfizer":7637679,"dosisEntregadasAstrazeneca":1227000,"dosisEntregadasJanssen":321450,"dosisPrimeraDosis":5332655,"dosisPautaCompletada":5216609,"porcentajeEntregadas":0.9122244985173001,"porcentajePoblacionAdministradas":1.457420978045655,"porcentajePoblacionPrimeraDosis":0.7865402791314546,"porcentajePoblacionCompletas":0.7694240671822308,"fechaUltRegistro":1635206400000,"etarios":{"unaDosis":{"etarioTotal":{"vacunados":5332655,"personasINE":5977937,"porcentaje":0.8920560721867762},"etarioRangos":[{"rango":{"min":12,"max":19},"vacunados":451106,"personasINE":553542,"porcentaje":0.8017643691706792},{"rango":{"min":20,"max":29},"vacunados":595290,"personasINE":742475,"porcentaje":0.8828855949247452},{"rango":{"min":30,"max":39},"vacunados":743595,"personasINE":949640,"porcentaje":0.8828855949247452},{"rango":{"min":40,"max":49},"vacunados":1029419,"personasINE":1165971,"porcentaje":0.8828855949247452},{"rango":{"min":50,"max":59},"vacunados":939842,"personasINE":972783,"porcentaje":0.966137360541868},{"rango":{"min":60,"max":69},"vacunados":688598,"personasINE":703323,"porcentaje":0.979063673447335},{"rango":{"min":70,"max":79},"vacunados":510939,"personasINE":526081,"porcentaje":0.9712173600643247},{"rango":{"min":80,"max":null},"vacunados":373866,"personasINE":373866,"porcentaje":1}]},"pautaCompleta":{"etarioTotal":{"vacunados":5216609,"personasINE":5977937,"porcentaje":0.8726436896206835},"etarioRangos":[{"rango":{"min":12,"max":19},"vacunados":435405,"personasINE":553542,"porcentaje":0.7640553553991717},{"rango":{"min":20,"max":29},"vacunados":567292,"personasINE":742475,"porcentaje":0.8657230754452726},{"rango":{"min":30,"max":39},"vacunados":716666,"personasINE":949639.9999999999,"porcentaje":0.8657230754452726},{"rango":{"min":40,"max":49},"vacunados":1009408,"personasINE":1165971,"porcentaje":0.8657230754452726},{"rango":{"min":50,"max":59},"vacunados":931965,"personasINE":972783,"porcentaje":0.9580399739715846},{"rango":{"min":60,"max":69},"vacunados":676229,"personasINE":703323,"porcentaje":0.9614771591430964},{"rango":{"min":70,"max":79},"vacunados":508747,"personasINE":526081,"porcentaje":0.9670507013178579},{"rango":{"min":80,"max":null},"vacunados":370897,"personasINE":370897,"porcentaje":1}]}}},{"ccaa":"Murcia","dosisAdministradas":2227619,"dosisEntregadas":2407175,"dosisEntregadasModerna":398000,"dosisEntregadasPfizer":1687865,"dosisEntregadasAstrazeneca":253010,"dosisEntregadasJanssen":68300,"dosisPrimeraDosis":1189924,"dosisPautaCompletada":1157565,"porcentajeEntregadas":0.9254079990029807,"porcentajePoblacionAdministradas":1.4740231768250278,"porcentajePoblacionPrimeraDosis":0.7873768156315529,"porcentajePoblacionCompletas":0.7659647537040505,"fechaUltRegistro":1635206400000,"etarios":{"unaDosis":{"etarioTotal":{"vacunados":1189924,"personasINE":1310137,"porcentaje":0.9082439470070687},"etarioRangos":[{"rango":{"min":12,"max":19},"vacunados":118626,"personasINE":141894,"porcentaje":0.8140704101063583},{"rango":{"min":20,"max":29},"vacunados":140222,"personasINE":172248,"porcentaje":0.9105985670274672},{"rango":{"min":30,"max":39},"vacunados":166765,"personasINE":209003,"porcentaje":0.9105985670274672},{"rango":{"min":40,"max":49},"vacunados":231435,"personasINE":254157.00000000003,"porcentaje":0.9105985670274672},{"rango":{"min":50,"max":59},"vacunados":207365,"personasINE":213256,"porcentaje":0.9723759237723675},{"rango":{"min":60,"max":69},"vacunados":148253,"personasINE":148253,"porcentaje":1},{"rango":{"min":70,"max":79},"vacunados":103292,"personasINE":103292,"porcentaje":1},{"rango":{"min":80,"max":null},"vacunados":73966,"personasINE":73966,"porcentaje":1}]},"pautaCompleta":{"etarioTotal":{"vacunados":1157565,"personasINE":1310137,"porcentaje":0.8835450033088142},"etarioRangos":[{"rango":{"min":12,"max":19},"vacunados":113863,"personasINE":141894,"porcentaje":0.7691177836607682},{"rango":{"min":20,"max":29},"vacunados":132479,"personasINE":172248,"porcentaje":0.8897571186313972},{"rango":{"min":30,"max":39},"vacunados":160202,"personasINE":209003,"porcentaje":0.8897571186313972},{"rango":{"min":40,"max":49},"vacunados":226138,"personasINE":254157,"porcentaje":0.8897571186313972},{"rango":{"min":50,"max":59},"vacunados":204622,"personasINE":213256,"porcentaje":0.9595134486251267},{"rango":{"min":60,"max":69},"vacunados":145543,"personasINE":146909,"porcentaje":0.9907017269193855},{"rango":{"min":70,"max":79},"vacunados":101690,"personasINE":102899,"porcentaje":0.9882506146804148},{"rango":{"min":80,"max":null},"vacunados":73028,"personasINE":73028,"porcentaje":1}]}}},{"ccaa":"Navarra","dosisAdministradas":982793,"dosisEntregadas":1046175,"dosisEntregadasModerna":151500,"dosisEntregadasPfizer":734325,"dosisEntregadasAstrazeneca":136600,"dosisEntregadasJanssen":23750,"dosisPrimeraDosis":527505,"dosisPautaCompletada":520904,"porcentajeEntregadas":0.9394154897603173,"porcentajePoblacionAdministradas":1.4863845419746309,"porcentajePoblacionPrimeraDosis":0.7978030753315578,"porcentajePoblacionCompletas":0.7878196664534171,"fechaUltRegistro":1635206400000,"etarios":{"unaDosis":{"etarioTotal":{"vacunados":527505,"personasINE":581354,"porcentaje":0.9073731323771747},"etarioRangos":[{"rango":{"min":12,"max":19},"vacunados":48790,"personasINE":56388,"porcentaje":0.8352635518957242},{"rango":{"min":20,"max":29},"vacunados":56904,"personasINE":68127,"porcentaje":0.882159589637229},{"rango":{"min":30,"max":39},"vacunados":63957,"personasINE":81341,"porcentaje":0.882159589637229},{"rango":{"min":40,"max":49},"vacunados":95275,"personasINE":108002,"porcentaje":0.882159589637229},{"rango":{"min":50,"max":59},"vacunados":91885,"personasINE":96694,"porcentaje":0.950265786915424},{"rango":{"min":60,"max":69},"vacunados":72287,"personasINE":73844,"porcentaje":0.9789150100211256},{"rango":{"min":70,"max":79},"vacunados":55895,"personasINE":55895,"porcentaje":1},{"rango":{"min":80,"max":null},"vacunados":42512,"personasINE":42512,"porcentaje":1}]},"pautaCompleta":{"etarioTotal":{"vacunados":520904,"personasINE":581354,"porcentaje":0.8960186048431764},"etarioRangos":[{"rango":{"min":12,"max":19},"vacunados":47730,"personasINE":56388,"porcentaje":0.8096789819014487},{"rango":{"min":20,"max":29},"vacunados":55161,"personasINE":68127,"porcentaje":0.874261587748375},{"rango":{"min":30,"max":39},"vacunados":62757,"personasINE":81341,"porcentaje":0.874261587748375},{"rango":{"min":40,"max":49},"vacunados":94422,"personasINE":108002,"porcentaje":0.874261587748375},{"rango":{"min":50,"max":59},"vacunados":91274,"personasINE":96694,"porcentaje":0.9439468839845285},{"rango":{"min":60,"max":69},"vacunados":71691,"personasINE":73844,"porcentaje":0.9708439412816207},{"rango":{"min":70,"max":79},"vacunados":55743,"personasINE":55792,"porcentaje":0.9991217378835675},{"rango":{"min":80,"max":null},"vacunados":42126,"personasINE":42126,"porcentaje":1}]}}},{"ccaa":"País Vasco","dosisAdministradas":3368671,"dosisEntregadas":3668820,"dosisEntregadasModerna":526100,"dosisEntregadasPfizer":2597220,"dosisEntregadasAstrazeneca":444200,"dosisEntregadasJanssen":101300,"dosisPrimeraDosis":1811211,"dosisPautaCompletada":1779532,"porcentajeEntregadas":0.9181892270539301,"porcentajePoblacionAdministradas":1.5170749523531595,"porcentajePoblacionPrimeraDosis":0.8156756303974233,"porcentajePoblacionCompletas":0.8014090494770557,"fechaUltRegistro":1635206400000,"etarios":{"unaDosis":{"etarioTotal":{"vacunados":1811211,"personasINE":1983943,"porcentaje":0.9129349986365536},"etarioRangos":[{"rango":{"min":12,"max":19},"vacunados":145431,"personasINE":168606,"porcentaje":0.8086327865273354},{"rango":{"min":20,"max":29},"vacunados":162967,"personasINE":201534,"porcentaje":0.8842911306067108},{"rango":{"min":30,"max":39},"vacunados":202386,"personasINE":260543,"porcentaje":0.8842911306067108},{"rango":{"min":40,"max":49},"vacunados":320231,"personasINE":362133,"porcentaje":0.8842911306067108},{"rango":{"min":50,"max":59},"vacunados":323766,"personasINE":339977,"porcentaje":0.9523173626451201},{"rango":{"min":60,"max":69},"vacunados":278506,"personasINE":280119,"porcentaje":0.9942417329777702},{"rango":{"min":70,"max":79},"vacunados":213742,"personasINE":213742,"porcentaje":1},{"rango":{"min":80,"max":null},"vacunados":164182,"personasINE":164182,"porcentaje":1}]},"pautaCompleta":{"etarioTotal":{"vacunados":1779532,"personasINE":1983943,"porcentaje":0.8969673019839783},"etarioRangos":[{"rango":{"min":12,"max":19},"vacunados":141737,"personasINE":168606,"porcentaje":0.7815058501295067},{"rango":{"min":20,"max":29},"vacunados":157500,"personasINE":201534,"porcentaje":0.8718150513761519},{"rango":{"min":30,"max":39},"vacunados":196707,"personasINE":260543,"porcentaje":0.8718150513761519},{"rango":{"min":40,"max":49},"vacunados":315713,"personasINE":362133,"porcentaje":0.8718150513761519},{"rango":{"min":50,"max":59},"vacunados":320496,"personasINE":339977,"porcentaje":0.9426990649367457},{"rango":{"min":60,"max":69},"vacunados":273269,"personasINE":280119,"porcentaje":0.9755461071901584},{"rango":{"min":70,"max":79},"vacunados":212197,"personasINE":213081,"porcentaje":0.9958513429165434},{"rango":{"min":80,"max":null},"vacunados":161913,"personasINE":157950,"porcentaje":1.0250902184235517}]}}},{"ccaa":"Ceuta","dosisAdministradas":114878,"dosisEntregadas":140230,"dosisEntregadasModerna":22400,"dosisEntregadasPfizer":95580,"dosisEntregadasAstrazeneca":18100,"dosisEntregadasJanssen":4150,"dosisPrimeraDosis":62652,"dosisPautaCompletada":59893,"porcentajeEntregadas":0.8192112957284461,"porcentajePoblacionAdministradas":1.3643143868316667,"porcentajePoblacionPrimeraDosis":0.7440678368684829,"porcentajePoblacionCompletas":0.7113013942661695,"fechaUltRegistro":1635206400000,"etarios":{"unaDosis":{"etarioTotal":{"vacunados":62652,"personasINE":70965,"porcentaje":0.88285774677658},"etarioRangos":[{"rango":{"min":12,"max":19},"vacunados":8495,"personasINE":9126,"porcentaje":0.8397921035834777},{"rango":{"min":20,"max":29},"vacunados":9210,"personasINE":10967,"porcentaje":0.8825344091124822},{"rango":{"min":30,"max":39},"vacunados":9240,"personasINE":11894,"porcentaje":0.8825344091124822},{"rango":{"min":40,"max":49},"vacunados":11157,"personasINE":12642,"porcentaje":0.8825344091124822},{"rango":{"min":50,"max":59},"vacunados":10595,"personasINE":11556,"porcentaje":0.9168397369331949},{"rango":{"min":60,"max":69},"vacunados":7664,"personasINE":7857,"porcentaje":0.975435917016673},{"rango":{"min":70,"max":79},"vacunados":3891,"personasINE":4318,"porcentaje":0.9011116257526632},{"rango":{"min":80,"max":null},"vacunados":2400,"personasINE":2605,"porcentaje":0.9213051823416507}]},"pautaCompleta":{"etarioTotal":{"vacunados":59893,"personasINE":70965,"porcentaje":0.8439794264778412},"etarioRangos":[{"rango":{"min":12,"max":19},"vacunados":7603,"personasINE":9126,"porcentaje":0.7668459925230237},{"rango":{"min":20,"max":29},"vacunados":8410,"personasINE":10967,"porcentaje":0.860702420503085},{"rango":{"min":30,"max":39},"vacunados":8795,"personasINE":11894,"porcentaje":0.860702420503085},{"rango":{"min":40,"max":49},"vacunados":10881,"personasINE":12642,"porcentaje":0.860702420503085},{"rango":{"min":50,"max":59},"vacunados":10443,"personasINE":11556,"porcentaje":0.9036863966770509},{"rango":{"min":60,"max":69},"vacunados":7523,"personasINE":7857,"porcentaje":0.9574901361842942},{"rango":{"min":70,"max":79},"vacunados":3859,"personasINE":4318,"porcentaje":0.8937007874015748},{"rango":{"min":80,"max":null},"vacunados":2379,"personasINE":2605,"porcentaje":0.9132437619961612}]}}},{"ccaa":"Melilla","dosisAdministradas":102314,"dosisEntregadas":141100,"dosisEntregadasModerna":23500,"dosisEntregadasPfizer":96750,"dosisEntregadasAstrazeneca":15100,"dosisEntregadasJanssen":5750,"dosisPrimeraDosis":57453,"dosisPautaCompletada":54799,"porcentajeEntregadas":0.7251169383416017,"porcentajePoblacionAdministradas":1.1749965547337957,"porcentajePoblacionPrimeraDosis":0.6598029307731177,"porcentajePoblacionCompletas":0.6293238090863154,"fechaUltRegistro":1635206400000,"etarios":{"unaDosis":{"etarioTotal":{"vacunados":57453,"personasINE":70927,"porcentaje":0.810030030876817},"etarioRangos":[{"rango":{"min":12,"max":19},"vacunados":7868,"personasINE":9574,"porcentaje":0.7252188411838266},{"rango":{"min":20,"max":29},"vacunados":8699,"personasINE":11995,"porcentaje":0.8388601899683387},{"rango":{"min":30,"max":39},"vacunados":8627,"personasINE":12133,"porcentaje":0.8388601899683387},{"rango":{"min":40,"max":49},"vacunados":10068,"personasINE":12002,"porcentaje":0.8388601899683387},{"rango":{"min":50,"max":59},"vacunados":9691,"personasINE":11299,"porcentaje":0.8576865209310558},{"rango":{"min":60,"max":69},"vacunados":7172,"personasINE":7827,"porcentaje":0.9163153187683659},{"rango":{"min":70,"max":79},"vacunados":3316,"personasINE":3748,"porcentaje":0.8847385272145144},{"rango":{"min":80,"max":null},"vacunados":2012,"personasINE":2349,"porcentaje":0.8565346956151554}]},"pautaCompleta":{"etarioTotal":{"vacunados":54799,"personasINE":70927,"porcentaje":0.7726112763827597},"etarioRangos":[{"rango":{"min":12,"max":19},"vacunados":7134,"personasINE":9574,"porcentaje":0.6604418507711547},{"rango":{"min":20,"max":29},"vacunados":7922,"personasINE":11995,"porcentaje":0.8183636060656557},{"rango":{"min":30,"max":39},"vacunados":8223,"personasINE":12133,"porcentaje":0.8183636060656557},{"rango":{"min":40,"max":49},"vacunados":9822,"personasINE":12002,"porcentaje":0.8183636060656557},{"rango":{"min":50,"max":59},"vacunados":9487,"personasINE":11299,"porcentaje":0.8396318258252943},{"rango":{"min":60,"max":69},"vacunados":7004,"personasINE":7827,"porcentaje":0.8948511562539926},{"rango":{"min":70,"max":79},"vacunados":3242,"personasINE":3748,"porcentaje":0.8649946638207043},{"rango":{"min":80,"max":null},"vacunados":1965,"personasINE":2349,"porcentaje":0.8365261813537676}]}}},{"ccaa":"Fuerzas Armadas","dosisAdministradas":173058,"dosisEntregadas":212238,"dosisEntregadasModerna":58300,"dosisEntregadasPfizer":48138,"dosisEntregadasAstrazeneca":103800,"dosisEntregadasJanssen":2000,"dosisPrimeraDosis":92851,"dosisPautaCompletada":86794,"porcentajeEntregadas":0.815395923444435,"porcentajePoblacionAdministradas":null,"porcentajePoblacionPrimeraDosis":null,"porcentajePoblacionCompletas":null,"fechaUltRegistro":1634774400000},{"ccaa":"Sanidad Exterior","dosisAdministradas":6986,"dosisEntregadas":9050,"dosisEntregadasModerna":4910,"dosisEntregadasPfizer":0,"dosisEntregadasAstrazeneca":0,"dosisEntregadasJanssen":4140,"dosisPrimeraDosis":5249,"dosisPautaCompletada":5016,"porcentajeEntregadas":0.7719337016574586,"porcentajePoblacionAdministradas":null,"porcentajePoblacionPrimeraDosis":null,"porcentajePoblacionCompletas":null,"fechaUltRegistro":1635120000000,"etarios":{"unaDosis":{"etarioTotal":{"vacunados":5249,"personasINE":"-","porcentaje":"-"},"etarioRangos":[{"rango":{"min":12,"max":19},"vacunados":171,"personasINE":null,"porcentaje":"-"},{"rango":{"min":20,"max":29},"vacunados":1277,"personasINE":null,"porcentaje":"-"},{"rango":{"min":30,"max":39},"vacunados":1522,"personasINE":null,"porcentaje":"-"},{"rango":{"min":40,"max":49},"vacunados":1310,"personasINE":null,"porcentaje":"-"},{"rango":{"min":50,"max":59},"vacunados":688,"personasINE":null,"porcentaje":"-"},{"rango":{"min":60,"max":69},"vacunados":221,"personasINE":null,"porcentaje":"-"},{"rango":{"min":70,"max":79},"vacunados":33,"personasINE":null,"porcentaje":"-"},{"rango":{"min":80,"max":null},"vacunados":27,"personasINE":null,"porcentaje":"-"}]},"pautaCompleta":{"etarioTotal":{"vacunados":5016,"personasINE":"-","porcentaje":"-"},"etarioRangos":[{"rango":{"min":12,"max":19},"vacunados":155,"personasINE":null,"porcentaje":"-"},{"rango":{"min":20,"max":29},"vacunados":1222,"personasINE":null,"porcentaje":"-"},{"rango":{"min":30,"max":39},"vacunados":1448,"personasINE":null,"porcentaje":"-"},{"rango":{"min":40,"max":49},"vacunados":1259,"personasINE":null,"porcentaje":"-"},{"rango":{"min":50,"max":59},"vacunados":663,"personasINE":null,"porcentaje":"-"},{"rango":{"min":60,"max":69},"vacunados":211,"personasINE":null,"porcentaje":"-"},{"rango":{"min":70,"max":79},"vacunados":32,"personasINE":null,"porcentaje":"-"},{"rango":{"min":80,"max":null},"vacunados":26,"personasINE":null,"porcentaje":"-"}]}}},{"ccaa":"Totales","dosisAdministradas":71393601,"dosisEntregadas":75668176,"dosisEntregadasModerna":10772860,"dosisEntregadasPfizer":53616591,"dosisEntregadasAstrazeneca":9117110,"dosisEntregadasJanssen":2161615,"dosisPrimeraDosis":37998740,"dosisPautaCompletada":37263047,"porcentajeEntregadas":0.9435089462180244,"porcentajePoblacionAdministradas":1.5209544311887515,"porcentajePoblacionPrimeraDosis":0.8095172560715808,"porcentajePoblacionCompletas":0.7938442053685556,"fechaUltRegistro":null,"etarios":{"unaDosis":{"etarioTotal":{"vacunados":37998740,"personasINE":42119827,"porcentaje":0.9021580264325397},"etarioRangos":[{"rango":{"min":12,"max":19},"vacunados":3317813,"personasINE":3888686,"porcentaje":0.80502665512555},{"rango":{"min":20,"max":29},"vacunados":3980567,"personasINE":4944640,"porcentaje":0.8832975554051028},{"rango":{"min":30,"max":39},"vacunados":4892130,"personasINE":6230403,"porcentaje":0.8832975554051028},{"rango":{"min":40,"max":49},"vacunados":6970752,"personasINE":7891737,"porcentaje":0.8832975554051028},{"rango":{"min":50,"max":59},"vacunados":6679323,"personasINE":7033306,"porcentaje":0.9496704679136668},{"rango":{"min":60,"max":69},"vacunados":5278450,"personasINE":5336986,"porcentaje":0.9890320117009863},{"rango":{"min":70,"max":79},"vacunados":3942378,"personasINE":3960045,"porcentaje":0.9955386870603743},{"rango":{"min":80,"max":null},"vacunados":2937327,"personasINE":2937327,"porcentaje":1}]},"pautaCompleta":{"etarioTotal":{"vacunados":37263047,"personasINE":42119827,"porcentaje":0.8846913592498848},"etarioRangos":[{"rango":{"min":12,"max":19},"vacunados":3195938,"personasINE":3888686,"porcentaje":0.7712391599792907},{"rango":{"min":20,"max":29},"vacunados":3813500,"personasINE":4944640,"porcentaje":0.869765933659472},{"rango":{"min":30,"max":39},"vacunados":4743180,"personasINE":6230403,"porcentaje":0.869765933659472},{"rango":{"min":40,"max":49},"vacunados":6863964,"personasINE":7891737,"porcentaje":0.869765933659472},{"rango":{"min":50,"max":59},"vacunados":6612484,"personasINE":7033306,"porcentaje":0.9401672556263014},{"rango":{"min":60,"max":69},"vacunados":5211645,"personasINE":5336986,"porcentaje":0.9765146470311146},{"rango":{"min":70,"max":79},"vacunados":3918141,"personasINE":3960045,"porcentaje":0.9894183020647492},{"rango":{"min":80,"max":null},"vacunados":2904195,"personasINE":2904195,"porcentaje":1}]}}}]