[{"ccaa":"Andalucía","dosisAdministradas":6453108,"dosisEntregadas":6664560,"dosisEntregadasModerna":612000,"dosisEntregadasPfizer":4412160,"dosisEntregadasAstrazeneca":1364600,"dosisEntregadasJanssen":275800,"dosisPrimeraDosis":4146568,"dosisPautaCompletada":2418794,"porcentajeEntregadas":0.9682721740069862,"porcentajePoblacionAdministradas":0.7623812218003119,"porcentajePoblacionPrimeraDosis":0.48988263920549224,"porcentajePoblacionCompletas":0.285760462245985,"fechaUltRegistro":1624139956000,"etarios":{"unaDosis":{"etarioTotal":{"vacunados":4146568,"personasINE":7451975,"porcentaje":0.5564387964264507},"etarioRangos":[{"rango":{"min":12,"max":19},"vacunados":4663,"personasINE":752907,"porcentaje":0.1063270993418559},{"rango":{"min":20,"max":29},"vacunados":98743,"personasINE":928672,"porcentaje":0.5888793269001685},{"rango":{"min":30,"max":39},"vacunados":177156,"personasINE":1140217,"porcentaje":0.5888793269001685},{"rango":{"min":40,"max":49},"vacunados":815665,"personasINE":1385114,"porcentaje":0.5888793269001685},{"rango":{"min":50,"max":59},"vacunados":1110055,"personasINE":1265021,"porcentaje":0.8774992668105905},{"rango":{"min":60,"max":69},"vacunados":866369,"personasINE":916147,"porcentaje":0.9456659247915454},{"rango":{"min":70,"max":79},"vacunados":643015,"personasINE":650381,"porcentaje":0.9886743308922001},{"rango":{"min":80,"max":null},"vacunados":430902,"personasINE":430902,"porcentaje":1}]},"pautaCompleta":{"etarioTotal":{"vacunados":2418794,"personasINE":7451975,"porcentaje":0.3245842880578639},"etarioRangos":[{"rango":{"min":12,"max":19},"vacunados":3259,"personasINE":752907,"porcentaje":0.08369370455876779},{"rango":{"min":20,"max":29},"vacunados":77724,"personasINE":928672,"porcentaje":0.13621911265065548},{"rango":{"min":30,"max":39},"vacunados":124340,"personasINE":1140217,"porcentaje":0.13621911265065548},{"rango":{"min":40,"max":49},"vacunados":188679,"personasINE":1385114,"porcentaje":0.13621911265065548},{"rango":{"min":50,"max":59},"vacunados":720864,"personasINE":1265021,"porcentaje":0.5698435045742324},{"rango":{"min":60,"max":69},"vacunados":249185,"personasINE":916147,"porcentaje":0.27199237676923027},{"rango":{"min":70,"max":79},"vacunados":631969,"personasINE":650381,"porcentaje":0.971690439911375},{"rango":{"min":80,"max":null},"vacunados":422774,"personasINE":422774,"porcentaje":1}]}}},{"ccaa":"Aragón","dosisAdministradas":1090980,"dosisEntregadas":1171905,"dosisEntregadasModerna":110300,"dosisEntregadasPfizer":804105,"dosisEntregadasAstrazeneca":214400,"dosisEntregadasJanssen":43100,"dosisPrimeraDosis":691644,"dosisPautaCompletada":444599,"porcentajeEntregadas":0.9309457677883446,"porcentajePoblacionAdministradas":0.8206614908631095,"porcentajePoblacionPrimeraDosis":0.5202713122023543,"porcentajePoblacionCompletas":0.3344380998517366,"fechaUltRegistro":1624053556000,"etarios":{"unaDosis":{"etarioTotal":{"vacunados":691644,"personasINE":1185134,"porcentaje":0.5835998292176243},"etarioRangos":[{"rango":{"min":12,"max":19},"vacunados":1242,"personasINE":103109,"porcentaje":0.12831189944862387},{"rango":{"min":20,"max":29},"vacunados":16732,"personasINE":130401,"porcentaje":0.524841469598917},{"rango":{"min":30,"max":39},"vacunados":25525,"personasINE":164286,"porcentaje":0.524841469598917},{"rango":{"min":40,"max":49},"vacunados":112811,"personasINE":214942.99999999997,"porcentaje":0.524841469598917},{"rango":{"min":50,"max":59},"vacunados":169774,"personasINE":198266,"porcentaje":0.8562940695832871},{"rango":{"min":60,"max":69},"vacunados":147087,"personasINE":156367,"porcentaje":0.9406524394533373},{"rango":{"min":70,"max":79},"vacunados":117832,"personasINE":118955,"porcentaje":0.9905594552561893},{"rango":{"min":80,"max":null},"vacunados":100641,"personasINE":100641,"porcentaje":1}]},"pautaCompleta":{"etarioTotal":{"vacunados":444599,"personasINE":1185134,"porcentaje":0.3751466078941284},"etarioRangos":[{"rango":{"min":12,"max":19},"vacunados":1002,"personasINE":103109,"porcentaje":0.10415564297819802},{"rango":{"min":20,"max":29},"vacunados":13582,"personasINE":130401,"porcentaje":0.18772418734269086},{"rango":{"min":30,"max":39},"vacunados":19894,"personasINE":164286,"porcentaje":0.18772418734269086},{"rango":{"min":40,"max":49},"vacunados":40350,"personasINE":214943,"porcentaje":0.18772418734269086},{"rango":{"min":50,"max":59},"vacunados":106983,"personasINE":198266,"porcentaje":0.5395932736828302},{"rango":{"min":60,"max":69},"vacunados":48208,"personasINE":156367,"porcentaje":0.3083003447018872},{"rango":{"min":70,"max":79},"vacunados":115828,"personasINE":118955,"porcentaje":0.9737127485183473},{"rango":{"min":80,"max":null},"vacunados":98752,"personasINE":98807,"porcentaje":0.9994433592761647}]}}},{"ccaa":"Asturias","dosisAdministradas":979228,"dosisEntregadas":991665,"dosisEntregadasModerna":93400,"dosisEntregadasPfizer":700565,"dosisEntregadasAstrazeneca":164400,"dosisEntregadasJanssen":33300,"dosisPrimeraDosis":623016,"dosisPautaCompletada":387751,"porcentajeEntregadas":0.9874584663167502,"porcentajePoblacionAdministradas":0.9611733203505355,"porcentajePoblacionPrimeraDosis":0.6115290385400635,"porcentajePoblacionCompletas":0.38060177623519803,"fechaUltRegistro":1624139956000,"etarios":{"unaDosis":{"etarioTotal":{"vacunados":623016,"personasINE":933927,"porcentaje":0.6670928241714823},"etarioRangos":[{"rango":{"min":12,"max":19},"vacunados":542,"personasINE":63999.99999999999,"porcentaje":0.12792152797967413},{"rango":{"min":20,"max":29},"vacunados":10120,"personasINE":79111,"porcentaje":0.6635787128801806},{"rango":{"min":30,"max":39},"vacunados":16352,"personasINE":114450.99999999999,"porcentaje":0.6635787128801806},{"rango":{"min":40,"max":49},"vacunados":110813,"personasINE":166993,"porcentaje":0.6635787128801806},{"rango":{"min":50,"max":59},"vacunados":142169,"personasINE":162645,"porcentaje":0.8741061821759045},{"rango":{"min":60,"max":69},"vacunados":141309,"personasINE":149652,"porcentaje":0.9442506615347607},{"rango":{"min":70,"max":79},"vacunados":113318,"personasINE":113318,"porcentaje":1},{"rango":{"min":80,"max":null},"vacunados":88393,"personasINE":88393,"porcentaje":1}]},"pautaCompleta":{"etarioTotal":{"vacunados":387751,"personasINE":933927,"porcentaje":0.41518341369293316},"etarioRangos":[{"rango":{"min":12,"max":19},"vacunados":484,"personasINE":64000,"porcentaje":0.11986955037858199},{"rango":{"min":20,"max":29},"vacunados":9483,"personasINE":79111,"porcentaje":0.19116968974747445},{"rango":{"min":30,"max":39},"vacunados":15123,"personasINE":114450.99999999999,"porcentaje":0.19116968974747445},{"rango":{"min":40,"max":49},"vacunados":31924,"personasINE":166993,"porcentaje":0.19116968974747445},{"rango":{"min":50,"max":59},"vacunados":96675,"personasINE":162645,"porcentaje":0.5943926957484091},{"rango":{"min":60,"max":69},"vacunados":35600,"personasINE":149652,"porcentaje":0.2378852270601128},{"rango":{"min":70,"max":79},"vacunados":111387,"personasINE":111387,"porcentaje":1},{"rango":{"min":80,"max":null},"vacunados":87075,"personasINE":87826,"porcentaje":0.9914490014346549}]}}},{"ccaa":"Baleares","dosisAdministradas":794372,"dosisEntregadas":857100,"dosisEntregadasModerna":77600,"dosisEntregadasPfizer":552600,"dosisEntregadasAstrazeneca":188800,"dosisEntregadasJanssen":38100,"dosisPrimeraDosis":512469,"dosisPautaCompletada":319455,"porcentajeEntregadas":0.9268136740170342,"porcentajePoblacionAdministradas":0.678056204509779,"porcentajePoblacionPrimeraDosis":0.43743080706384657,"porcentajePoblacionCompletas":0.272678851736556,"fechaUltRegistro":1624139956000,"etarios":{"unaDosis":{"etarioTotal":{"vacunados":512469,"personasINE":1034867,"porcentaje":0.495202765186251},"etarioRangos":[{"rango":{"min":12,"max":19},"vacunados":553,"personasINE":95480,"porcentaje":0.08687709327108495},{"rango":{"min":20,"max":29},"vacunados":11984,"personasINE":137942,"porcentaje":0.5544787847040336},{"rango":{"min":30,"max":39},"vacunados":29890,"personasINE":182187,"porcentaje":0.5544787847040336},{"rango":{"min":40,"max":49},"vacunados":114318,"personasINE":206172,"porcentaje":0.5544787847040336},{"rango":{"min":50,"max":59},"vacunados":129050,"personasINE":165797,"porcentaje":0.7783614902561566},{"rango":{"min":60,"max":69},"vacunados":98904,"personasINE":117231,"porcentaje":0.8436676305755304},{"rango":{"min":70,"max":79},"vacunados":77122,"personasINE":80516,"porcentaje":0.9578468875751404},{"rango":{"min":80,"max":null},"vacunados":50648,"personasINE":50648,"porcentaje":1}]},"pautaCompleta":{"etarioTotal":{"vacunados":319455,"personasINE":1034867,"porcentaje":0.3086918415603164},"etarioRangos":[{"rango":{"min":12,"max":19},"vacunados":459,"personasINE":95480,"porcentaje":0.07600295776485769},{"rango":{"min":20,"max":29},"vacunados":10484,"personasINE":137942,"porcentaje":0.19746134295636653},{"rango":{"min":30,"max":39},"vacunados":17896,"personasINE":182187,"porcentaje":0.19746134295636653},{"rango":{"min":40,"max":49},"vacunados":40711,"personasINE":206172,"porcentaje":0.19746134295636653},{"rango":{"min":50,"max":59},"vacunados":105854,"personasINE":165797,"porcentaje":0.6384554605933762},{"rango":{"min":60,"max":69},"vacunados":18388,"personasINE":117231.00000000001,"porcentaje":0.156852709607527},{"rango":{"min":70,"max":79},"vacunados":75860,"personasINE":80516,"porcentaje":0.9421729842515774},{"rango":{"min":80,"max":null},"vacunados":49803,"personasINE":49803,"porcentaje":1}]}}},{"ccaa":"Canarias","dosisAdministradas":1525984,"dosisEntregadas":1624210,"dosisEntregadasModerna":147100,"dosisEntregadasPfizer":1055310,"dosisEntregadasAstrazeneca":350900,"dosisEntregadasJanssen":70900,"dosisPrimeraDosis":990610,"dosisPautaCompletada":609215,"porcentajeEntregadas":0.9395238300466072,"porcentajePoblacionAdministradas":0.7012948815047391,"porcentajePoblacionPrimeraDosis":0.4552536085354824,"porcentajePoblacionCompletas":0.27997630462436673,"fechaUltRegistro":1624139956000,"etarios":{"unaDosis":{"etarioTotal":{"vacunados":990610,"personasINE":1960774,"porcentaje":0.505213757424364},"etarioRangos":[{"rango":{"min":12,"max":19},"vacunados":993,"personasINE":179797,"porcentaje":0.09400273289162178},{"rango":{"min":20,"max":29},"vacunados":23665,"personasINE":251748,"porcentaje":0.49840174879615595},{"rango":{"min":30,"max":39},"vacunados":54149,"personasINE":310934,"porcentaje":0.49840174879615595},{"rango":{"min":40,"max":49},"vacunados":193342,"personasINE":387924,"porcentaje":0.49840174879615595},{"rango":{"min":50,"max":59},"vacunados":272783,"personasINE":350512,"porcentaje":0.7782415437987857},{"rango":{"min":60,"max":69},"vacunados":207177,"personasINE":235092,"porcentaje":0.8812592516972079},{"rango":{"min":70,"max":79},"vacunados":147233,"personasINE":154531,"porcentaje":0.9527732299668028},{"rango":{"min":80,"max":null},"vacunados":91268,"personasINE":91268,"porcentaje":1}]},"pautaCompleta":{"etarioTotal":{"vacunados":609215,"personasINE":1960774,"porcentaje":0.3107012842887554},"etarioRangos":[{"rango":{"min":12,"max":19},"vacunados":604,"personasINE":179797,"porcentaje":0.06701145590034478},{"rango":{"min":20,"max":29},"vacunados":16870,"personasINE":251748.00000000003,"porcentaje":0.19897196358049515},{"rango":{"min":30,"max":39},"vacunados":27583,"personasINE":310934,"porcentaje":0.19897196358049515},{"rango":{"min":40,"max":49},"vacunados":77186,"personasINE":387924,"porcentaje":0.19897196358049515},{"rango":{"min":50,"max":59},"vacunados":189038,"personasINE":350512,"porcentaje":0.5393196238645181},{"rango":{"min":60,"max":69},"vacunados":67090,"personasINE":235092,"porcentaje":0.2853776393922379},{"rango":{"min":70,"max":79},"vacunados":142391,"personasINE":154531,"porcentaje":0.9214397111259229},{"rango":{"min":80,"max":null},"vacunados":88453,"personasINE":90236,"porcentaje":0.9802407021587837}]}}},{"ccaa":"Cantabria","dosisAdministradas":473933,"dosisEntregadas":516395,"dosisEntregadasModerna":48300,"dosisEntregadasPfizer":355245,"dosisEntregadasAstrazeneca":93900,"dosisEntregadasJanssen":18950,"dosisPrimeraDosis":304982,"dosisPautaCompletada":182032,"porcentajeEntregadas":0.9177722479884585,"porcentajePoblacionAdministradas":0.8130535850610305,"porcentajePoblacionPrimeraDosis":0.5232104716892118,"porcentajePoblacionCompletas":0.3122841629425035,"fechaUltRegistro":1624139956000,"etarios":{"unaDosis":{"etarioTotal":{"vacunados":304982,"personasINE":524127,"porcentaje":0.5818856880107303},"etarioRangos":[{"rango":{"min":12,"max":19},"vacunados":141,"personasINE":43963,"porcentaje":0.1068013068013068},{"rango":{"min":20,"max":29},"vacunados":5394,"personasINE":50505,"porcentaje":0.43120007364297475},{"rango":{"min":30,"max":39},"vacunados":9591,"personasINE":70473,"porcentaje":0.43120007364297475},{"rango":{"min":40,"max":49},"vacunados":42158,"personasINE":97769,"porcentaje":0.43120007364297475},{"rango":{"min":50,"max":59},"vacunados":76528,"personasINE":89964,"porcentaje":0.850651371659775},{"rango":{"min":60,"max":69},"vacunados":73459,"personasINE":77345,"porcentaje":0.94975757967548},{"rango":{"min":70,"max":79},"vacunados":55568,"personasINE":55568,"porcentaje":1},{"rango":{"min":80,"max":null},"vacunados":42143,"personasINE":42143,"porcentaje":1}]},"pautaCompleta":{"etarioTotal":{"vacunados":182032,"personasINE":524127,"porcentaje":0.3473051378768886},"etarioRangos":[{"rango":{"min":12,"max":19},"vacunados":86,"personasINE":43963,"porcentaje":0.07207207207207207},{"rango":{"min":20,"max":29},"vacunados":3640,"personasINE":50505,"porcentaje":0.11065879777843693},{"rango":{"min":30,"max":39},"vacunados":5763,"personasINE":70473,"porcentaje":0.11065879777843693},{"rango":{"min":40,"max":49},"vacunados":10819,"personasINE":97769,"porcentaje":0.11065879777843693},{"rango":{"min":50,"max":59},"vacunados":38140,"personasINE":89964,"porcentaje":0.42394735672046596},{"rango":{"min":60,"max":69},"vacunados":27073,"personasINE":77345,"porcentaje":0.3500290904389424},{"rango":{"min":70,"max":79},"vacunados":54938,"personasINE":54938,"porcentaje":1},{"rango":{"min":80,"max":null},"vacunados":41573,"personasINE":41573,"porcentaje":1}]}}},{"ccaa":"Castilla y Leon","dosisAdministradas":2106987,"dosisEntregadas":2331205,"dosisEntregadasModerna":227000,"dosisEntregadasPfizer":1640055,"dosisEntregadasAstrazeneca":386100,"dosisEntregadasJanssen":78050,"dosisPrimeraDosis":1321869,"dosisPautaCompletada":853432,"porcentajeEntregadas":0.9038188404709152,"porcentajePoblacionAdministradas":0.8797741718088051,"porcentajePoblacionPrimeraDosis":0.5519474988287699,"porcentajePoblacionCompletas":0.35635124041825234,"fechaUltRegistro":1624139956000,"etarios":{"unaDosis":{"etarioTotal":{"vacunados":1321869,"personasINE":2176253,"porcentaje":0.6074059403938789},"etarioRangos":[{"rango":{"min":12,"max":19},"vacunados":829,"personasINE":165342,"porcentaje":0.1125892154725458},{"rango":{"min":20,"max":29},"vacunados":23757,"personasINE":211006,"porcentaje":0.40118908355238714},{"rango":{"min":30,"max":39},"vacunados":36431,"personasINE":267783,"porcentaje":0.40118908355238714},{"rango":{"min":40,"max":49},"vacunados":145754,"personasINE":363305,"porcentaje":0.40118908355238714},{"rango":{"min":50,"max":59},"vacunados":331751,"personasINE":381175,"porcentaje":0.8703377713648587},{"rango":{"min":60,"max":69},"vacunados":306654,"personasINE":318575,"porcentaje":0.9625802401318371},{"rango":{"min":70,"max":79},"vacunados":248352,"personasINE":248352,"porcentaje":1},{"rango":{"min":80,"max":null},"vacunados":228341,"personasINE":228341,"porcentaje":1}]},"pautaCompleta":{"etarioTotal":{"vacunados":853432,"personasINE":2176253,"porcentaje":0.39215661046762484},"etarioRangos":[{"rango":{"min":12,"max":19},"vacunados":684,"personasINE":165342,"porcentaje":0.09352340691733885},{"rango":{"min":20,"max":29},"vacunados":19734,"personasINE":211006,"porcentaje":0.1471490896079052},{"rango":{"min":30,"max":39},"vacunados":29694,"personasINE":267783,"porcentaje":0.1471490896079052},{"rango":{"min":40,"max":49},"vacunados":53460,"personasINE":363305,"porcentaje":0.1471490896079052},{"rango":{"min":50,"max":59},"vacunados":152947,"personasINE":381175,"porcentaje":0.40125139371679674},{"rango":{"min":60,"max":69},"vacunados":125974,"personasINE":318575,"porcentaje":0.39542964764969},{"rango":{"min":70,"max":79},"vacunados":245782,"personasINE":245782,"porcentaje":1},{"rango":{"min":80,"max":null},"vacunados":225157,"personasINE":225157,"porcentaje":1}]}}},{"ccaa":"Castilla La Mancha","dosisAdministradas":1601405,"dosisEntregadas":1717080,"dosisEntregadasModerna":161000,"dosisEntregadasPfizer":1160505,"dosisEntregadasAstrazeneca":328900,"dosisEntregadasJanssen":66675,"dosisPrimeraDosis":1033852,"dosisPautaCompletada":626493,"porcentajeEntregadas":0.9326327253243879,"porcentajePoblacionAdministradas":0.7829985121412307,"porcentajePoblacionPrimeraDosis":0.5054964720194053,"porcentajePoblacionCompletas":0.30632044165398264,"fechaUltRegistro":1624139956000},{"ccaa":"Cataluña","dosisAdministradas":5807073,"dosisEntregadas":6323010,"dosisEntregadasModerna":588700,"dosisEntregadasPfizer":4226660,"dosisEntregadasAstrazeneca":1254300,"dosisEntregadasJanssen":253350,"dosisPrimeraDosis":3719174,"dosisPautaCompletada":2215642,"porcentajeEntregadas":0.9184032604724649,"porcentajePoblacionAdministradas":0.7463644590519427,"porcentajePoblacionPrimeraDosis":0.4780135001970958,"porcentajePoblacionCompletas":0.2847693567452595,"fechaUltRegistro":1624139956000,"etarios":{"unaDosis":{"etarioTotal":{"vacunados":3719174,"personasINE":6868360,"porcentaje":0.5414937481436617},"etarioRangos":[{"rango":{"min":12,"max":19},"vacunados":8776,"personasINE":656166,"porcentaje":0.13240596708922622},{"rango":{"min":20,"max":29},"vacunados":111080,"personasINE":838935,"porcentaje":0.5620286233961519},{"rango":{"min":30,"max":39},"vacunados":143910,"personasINE":1044652,"porcentaje":0.5620286233961519},{"rango":{"min":40,"max":49},"vacunados":740054,"personasINE":1316755,"porcentaje":0.5620286233961519},{"rango":{"min":50,"max":59},"vacunados":910419,"personasINE":1091780,"porcentaje":0.8338850317829599},{"rango":{"min":60,"max":69},"vacunados":740565,"personasINE":837584,"porcentaje":0.8841680356835852},{"rango":{"min":70,"max":79},"vacunados":609413,"personasINE":635292,"porcentaje":0.9592644012517079},{"rango":{"min":80,"max":null},"vacunados":454957,"personasINE":454957,"porcentaje":1}]},"pautaCompleta":{"etarioTotal":{"vacunados":2215642,"personasINE":6868360,"porcentaje":0.3225867601581746},"etarioRangos":[{"rango":{"min":12,"max":19},"vacunados":5864,"personasINE":656166,"porcentaje":0.10138568542258936},{"rango":{"min":20,"max":29},"vacunados":85056,"personasINE":838935,"porcentaje":0.15192879465048548},{"rango":{"min":30,"max":39},"vacunados":109143,"personasINE":1044652,"porcentaje":0.15192879465048548},{"rango":{"min":40,"max":49},"vacunados":200053,"personasINE":1316755,"porcentaje":0.15192879465048548},{"rango":{"min":50,"max":59},"vacunados":601429,"personasINE":1091780,"porcentaje":0.5508701386726264},{"rango":{"min":60,"max":69},"vacunados":173535,"personasINE":837584,"porcentaje":0.20718518978395004},{"rango":{"min":70,"max":79},"vacunados":594356,"personasINE":635292,"porcentaje":0.9355634889153335},{"rango":{"min":80,"max":null},"vacunados":446206,"personasINE":447196,"porcentaje":0.9977862056011234}]}}},{"ccaa":"C. Valenciana","dosisAdministradas":3607658,"dosisEntregadas":4028350,"dosisEntregadasModerna":371100,"dosisEntregadasPfizer":2677150,"dosisEntregadasAstrazeneca":815300,"dosisEntregadasJanssen":164800,"dosisPrimeraDosis":2338084,"dosisPautaCompletada":1396630,"porcentajeEntregadas":0.8955671676989339,"porcentajePoblacionAdministradas":0.7133490582919563,"porcentajePoblacionPrimeraDosis":0.46231378351481495,"porcentajePoblacionCompletas":0.27615829861985114,"fechaUltRegistro":1624139956000,"etarios":{"unaDosis":{"etarioTotal":{"vacunados":2338084,"personasINE":4488459,"porcentaje":0.5209101832054164},"etarioRangos":[{"rango":{"min":12,"max":19},"vacunados":2260,"personasINE":424531.00000000006,"porcentaje":0.10506155473663407},{"rango":{"min":20,"max":29},"vacunados":54225,"personasINE":516126,"porcentaje":0.3784764463566889},{"rango":{"min":30,"max":39},"vacunados":78509,"personasINE":648759,"porcentaje":0.3784764463566889},{"rango":{"min":40,"max":49},"vacunados":322306,"personasINE":851588,"porcentaje":0.3784764463566889},{"rango":{"min":50,"max":59},"vacunados":622892,"personasINE":752334,"porcentaje":0.8279460984084197},{"rango":{"min":60,"max":69},"vacunados":534726,"personasINE":580728,"porcentaje":0.9207856345827995},{"rango":{"min":70,"max":79},"vacunados":428592,"personasINE":437862,"porcentaje":0.9788289461063074},{"rango":{"min":80,"max":null},"vacunados":294574,"personasINE":294574,"porcentaje":1}]},"pautaCompleta":{"etarioTotal":{"vacunados":1396630,"personasINE":4488459,"porcentaje":0.31116024452935853},"etarioRangos":[{"rango":{"min":12,"max":19},"vacunados":1117,"personasINE":424531,"porcentaje":0.055918516021281624},{"rango":{"min":20,"max":29},"vacunados":28861,"personasINE":516126,"porcentaje":0.10149156634428855},{"rango":{"min":30,"max":39},"vacunados":44609,"personasINE":648759,"porcentaje":0.10149156634428855},{"rango":{"min":40,"max":49},"vacunados":86429,"personasINE":851588,"porcentaje":0.10149156634428855},{"rango":{"min":50,"max":59},"vacunados":313515,"personasINE":752334,"porcentaje":0.41672315753375494},{"rango":{"min":60,"max":69},"vacunados":216615,"personasINE":580728,"porcentaje":0.37300595115096913},{"rango":{"min":70,"max":79},"vacunados":416424,"personasINE":437862,"porcentaje":0.951039368568179},{"rango":{"min":80,"max":null},"vacunados":289060,"personasINE":289060,"porcentaje":1}]}}},{"ccaa":"Extremadura","dosisAdministradas":906675,"dosisEntregadas":941175,"dosisEntregadasModerna":87400,"dosisEntregadasPfizer":647675,"dosisEntregadasAstrazeneca":171500,"dosisEntregadasJanssen":34600,"dosisPrimeraDosis":570574,"dosisPautaCompletada":375351,"porcentajeEntregadas":0.9633436927245199,"porcentajePoblacionAdministradas":0.8521485694844015,"porcentajePoblacionPrimeraDosis":0.5362603114511737,"porcentajePoblacionCompletas":0.3527778064957561,"fechaUltRegistro":1624139956000,"etarios":{"unaDosis":{"etarioTotal":{"vacunados":570574,"personasINE":953437,"porcentaje":0.5984391207809221},"etarioRangos":[{"rango":{"min":12,"max":19},"vacunados":331,"personasINE":84750,"porcentaje":0.07873279209318744},{"rango":{"min":20,"max":29},"vacunados":8922,"personasINE":113319.99999999999,"porcentaje":0.5710935834576849},{"rango":{"min":30,"max":39},"vacunados":17806,"personasINE":133479,"porcentaje":0.5710935834576849},{"rango":{"min":40,"max":49},"vacunados":91086,"personasINE":159494,"porcentaje":0.5710935834576849},{"rango":{"min":50,"max":59},"vacunados":152526,"personasINE":169216,"porcentaje":0.9013686649016641},{"rango":{"min":60,"max":69},"vacunados":126626,"personasINE":126626,"porcentaje":1},{"rango":{"min":70,"max":79},"vacunados":95289,"personasINE":95289,"porcentaje":1},{"rango":{"min":80,"max":null},"vacunados":77988,"personasINE":77988,"porcentaje":1}]},"pautaCompleta":{"etarioTotal":{"vacunados":375351,"personasINE":953437,"porcentaje":0.3936820156968945},"etarioRangos":[{"rango":{"min":12,"max":19},"vacunados":251,"personasINE":84750,"porcentaje":0.06282209671726086},{"rango":{"min":20,"max":29},"vacunados":7119,"personasINE":113320,"porcentaje":0.182715337254066},{"rango":{"min":30,"max":39},"vacunados":13846,"personasINE":133479,"porcentaje":0.182715337254066},{"rango":{"min":40,"max":49},"vacunados":29142,"personasINE":159494,"porcentaje":0.182715337254066},{"rango":{"min":50,"max":59},"vacunados":96187,"personasINE":169216,"porcentaje":0.5684273354765507},{"rango":{"min":60,"max":69},"vacunados":61449,"personasINE":125297,"porcentaje":0.4904267460513819},{"rango":{"min":70,"max":79},"vacunados":90778,"personasINE":91876,"porcentaje":0.9880491096695546},{"rango":{"min":80,"max":null},"vacunados":76579,"personasINE":76579,"porcentaje":1}]}}},{"ccaa":"Galicia","dosisAdministradas":2426494,"dosisEntregadas":2516755,"dosisEntregadasModerna":235400,"dosisEntregadasPfizer":1757455,"dosisEntregadasAstrazeneca":435700,"dosisEntregadasJanssen":88200,"dosisPrimeraDosis":1518167,"dosisPautaCompletada":1008500,"porcentajeEntregadas":0.9641359607907802,"porcentajePoblacionAdministradas":0.89809643058991,"porcentajePoblacionPrimeraDosis":0.5619055162466472,"porcentajePoblacionCompletas":0.3732670471263989,"fechaUltRegistro":1624139956000,"etarios":{"unaDosis":{"etarioTotal":{"vacunados":1518167,"personasINE":2454497,"porcentaje":0.6185246916170605},"etarioRangos":[{"rango":{"min":12,"max":19},"vacunados":359,"personasINE":180007,"porcentaje":0.08616293115018119},{"rango":{"min":20,"max":29},"vacunados":19902,"personasINE":230981,"porcentaje":0.5201332969331327},{"rango":{"min":30,"max":39},"vacunados":38149,"personasINE":323408,"porcentaje":0.5201332969331327},{"rango":{"min":40,"max":49},"vacunados":230534,"personasINE":443221,"porcentaje":0.5201332969331327},{"rango":{"min":50,"max":59},"vacunados":368313,"personasINE":405889,"porcentaje":0.9074229653920161},{"rango":{"min":60,"max":69},"vacunados":331826,"personasINE":346927,"porcentaje":0.956472110847527},{"rango":{"min":70,"max":79},"vacunados":288402,"personasINE":289762,"porcentaje":0.9953064929148749},{"rango":{"min":80,"max":null},"vacunados":240682,"personasINE":240682,"porcentaje":1}]},"pautaCompleta":{"etarioTotal":{"vacunados":1008500,"personasINE":2454497,"porcentaje":0.41087848141594796},"etarioRangos":[{"rango":{"min":12,"max":19},"vacunados":233,"personasINE":180007,"porcentaje":0.06500101739969955},{"rango":{"min":20,"max":29},"vacunados":15014,"personasINE":230981,"porcentaje":0.12721644506916413},{"rango":{"min":30,"max":39},"vacunados":30744,"personasINE":323408,"porcentaje":0.12721644506916413},{"rango":{"min":40,"max":49},"vacunados":56385,"personasINE":443221.00000000006,"porcentaje":0.12721644506916413},{"rango":{"min":50,"max":59},"vacunados":263915,"personasINE":405889,"porcentaje":0.6502147138749756},{"rango":{"min":60,"max":69},"vacunados":118320,"personasINE":346927,"porcentaje":0.3410515756917161},{"rango":{"min":70,"max":79},"vacunados":285374,"personasINE":289762,"porcentaje":0.9848565374341701},{"rango":{"min":80,"max":null},"vacunados":238515,"personasINE":238515,"porcentaje":1}]}}},{"ccaa":"La Rioja","dosisAdministradas":253390,"dosisEntregadas":278375,"dosisEntregadasModerna":25800,"dosisEntregadasPfizer":190775,"dosisEntregadasAstrazeneca":51400,"dosisEntregadasJanssen":10400,"dosisPrimeraDosis":158713,"dosisPautaCompletada":107844,"porcentajeEntregadas":0.9102469690166143,"porcentajePoblacionAdministradas":0.7920566152153391,"porcentajePoblacionPrimeraDosis":0.49611145495351877,"porcentajePoblacionCompletas":0.33710309645717285,"fechaUltRegistro":1624139956000,"etarios":{"unaDosis":{"etarioTotal":{"vacunados":158713,"personasINE":283970,"porcentaje":0.558907631087791},"etarioRangos":[{"rango":{"min":12,"max":19},"vacunados":150,"personasINE":25532,"porcentaje":0.11661960732812397},{"rango":{"min":20,"max":29},"vacunados":3552,"personasINE":30458,"porcentaje":0.3868396698585378},{"rango":{"min":30,"max":39},"vacunados":5289,"personasINE":39319,"porcentaje":0.3868396698585378},{"rango":{"min":40,"max":49},"vacunados":20482,"personasINE":52947,"porcentaje":0.3868396698585378},{"rango":{"min":50,"max":59},"vacunados":41423,"personasINE":47664,"porcentaje":0.8690626049009735},{"rango":{"min":60,"max":69},"vacunados":36062,"personasINE":37718,"porcentaje":0.9560952330452304},{"rango":{"min":70,"max":79},"vacunados":28458,"personasINE":28458,"porcentaje":1},{"rango":{"min":80,"max":null},"vacunados":23297,"personasINE":23297,"porcentaje":1}]},"pautaCompleta":{"etarioTotal":{"vacunados":107844,"personasINE":283970,"porcentaje":0.37977251118075855},"etarioRangos":[{"rango":{"min":12,"max":19},"vacunados":112,"personasINE":25532,"porcentaje":0.08185041696762756},{"rango":{"min":20,"max":29},"vacunados":2493,"personasINE":30458,"porcentaje":0.1570438362891193},{"rango":{"min":30,"max":39},"vacunados":3920,"personasINE":39319,"porcentaje":0.1570438362891193},{"rango":{"min":40,"max":49},"vacunados":8315,"personasINE":52947,"porcentaje":0.1570438362891193},{"rango":{"min":50,"max":59},"vacunados":23165,"personasINE":47664,"porcentaje":0.48600621013763007},{"rango":{"min":60,"max":69},"vacunados":18626,"personasINE":37718,"porcentaje":0.4938225780794316},{"rango":{"min":70,"max":79},"vacunados":28210,"personasINE":28210,"porcentaje":1},{"rango":{"min":80,"max":null},"vacunados":23003,"personasINE":23003,"porcentaje":1}]}}},{"ccaa":"Madrid","dosisAdministradas":4673926,"dosisEntregadas":5362345,"dosisEntregadasModerna":496200,"dosisEntregadasPfizer":3552045,"dosisEntregadasAstrazeneca":1093300,"dosisEntregadasJanssen":220800,"dosisPrimeraDosis":2928076,"dosisPautaCompletada":1994673,"porcentajeEntregadas":0.8716197857467208,"porcentajePoblacionAdministradas":0.6893810045239686,"porcentajePoblacionPrimeraDosis":0.4318767507663843,"porcentajePoblacionCompletas":0.2942044175361009,"fechaUltRegistro":1624139956000,"etarios":{"unaDosis":{"etarioTotal":{"vacunados":2928076,"personasINE":5977937,"porcentaje":0.489813793621445},"etarioRangos":[{"rango":{"min":12,"max":19},"vacunados":4098,"personasINE":553542,"porcentaje":0.11364692413885989},{"rango":{"min":20,"max":29},"vacunados":84380,"personasINE":742475,"porcentaje":0.3010092017725998},{"rango":{"min":30,"max":39},"vacunados":124224,"personasINE":949640,"porcentaje":0.3010092017725998},{"rango":{"min":40,"max":49},"vacunados":350968,"personasINE":1165971,"porcentaje":0.3010092017725998},{"rango":{"min":50,"max":59},"vacunados":836690,"personasINE":972783,"porcentaje":0.8600993232817596},{"rango":{"min":60,"max":69},"vacunados":652792,"personasINE":703323,"porcentaje":0.9281539207448072},{"rango":{"min":70,"max":79},"vacunados":504196,"personasINE":526081,"porcentaje":0.9583999422142218},{"rango":{"min":80,"max":null},"vacunados":370728,"personasINE":370728,"porcentaje":1}]},"pautaCompleta":{"etarioTotal":{"vacunados":1994673,"personasINE":5977937,"porcentaje":0.33367246928162675},"etarioRangos":[{"rango":{"min":12,"max":19},"vacunados":2929,"personasINE":553542,"porcentaje":0.09334994444257383},{"rango":{"min":20,"max":29},"vacunados":69310,"personasINE":742475,"porcentaje":0.14121963582284636},{"rango":{"min":30,"max":39},"vacunados":102061,"personasINE":949640,"porcentaje":0.14121963582284636},{"rango":{"min":40,"max":49},"vacunados":164658,"personasINE":1165971,"porcentaje":0.14121963582284636},{"rango":{"min":50,"max":59},"vacunados":545935,"personasINE":972782.9999999999,"porcentaje":0.561209437253735},{"rango":{"min":60,"max":69},"vacunados":246917,"personasINE":703323,"porcentaje":0.35107198257415156},{"rango":{"min":70,"max":79},"vacunados":497055,"personasINE":526081,"porcentaje":0.9448259868727439},{"rango":{"min":80,"max":null},"vacunados":365808,"personasINE":365808,"porcentaje":1}]}}},{"ccaa":"Murcia","dosisAdministradas":1070052,"dosisEntregadas":1170085,"dosisEntregadasModerna":106700,"dosisEntregadasPfizer":770585,"dosisEntregadasAstrazeneca":243600,"dosisEntregadasJanssen":49200,"dosisPrimeraDosis":696271,"dosisPautaCompletada":414686,"porcentajeEntregadas":0.9145079203647598,"porcentajePoblacionAdministradas":0.7080570997140779,"porcentajePoblacionPrimeraDosis":0.46072492259723896,"porcentajePoblacionCompletas":0.27439915672512377,"fechaUltRegistro":1624139956000,"etarios":{"unaDosis":{"etarioTotal":{"vacunados":696271,"personasINE":1310137,"porcentaje":0.5314490011349958},"etarioRangos":[{"rango":{"min":12,"max":19},"vacunados":817,"personasINE":141894,"porcentaje":0.10014049510008824},{"rango":{"min":20,"max":29},"vacunados":17249,"personasINE":172248,"porcentaje":0.6316961563128303},{"rango":{"min":30,"max":39},"vacunados":23575,"personasINE":209003,"porcentaje":0.6316961563128303},{"rango":{"min":40,"max":49},"vacunados":160550,"personasINE":254157,"porcentaje":0.6316961563128303},{"rango":{"min":50,"max":59},"vacunados":185388,"personasINE":213256,"porcentaje":0.8693213789998875},{"rango":{"min":60,"max":69},"vacunados":134456,"personasINE":146909,"porcentaje":0.9152332396245295},{"rango":{"min":70,"max":79},"vacunados":101003,"personasINE":102899,"porcentaje":0.9815741649578713},{"rango":{"min":80,"max":null},"vacunados":73233,"personasINE":73233,"porcentaje":1}]},"pautaCompleta":{"etarioTotal":{"vacunados":414686,"personasINE":1310137,"porcentaje":0.3165210966486711},"etarioRangos":[{"rango":{"min":12,"max":19},"vacunados":709,"personasINE":141894,"porcentaje":0.08883702568389763},{"rango":{"min":20,"max":29},"vacunados":15302,"personasINE":172248,"porcentaje":0.20484582364444026},{"rango":{"min":30,"max":39},"vacunados":20793,"personasINE":209003,"porcentaje":0.20484582364444026},{"rango":{"min":40,"max":49},"vacunados":52063,"personasINE":254156.99999999997,"porcentaje":0.20484582364444026},{"rango":{"min":50,"max":59},"vacunados":109704,"personasINE":213256,"porcentaje":0.514423978692276},{"rango":{"min":60,"max":69},"vacunados":47853,"personasINE":146909,"porcentaje":0.32573225602243566},{"rango":{"min":70,"max":79},"vacunados":96417,"personasINE":102899,"porcentaje":0.9370061905363511},{"rango":{"min":80,"max":null},"vacunados":71845,"personasINE":71845,"porcentaje":1}]}}},{"ccaa":"Navarra","dosisAdministradas":529029,"dosisEntregadas":552645,"dosisEntregadasModerna":51700,"dosisEntregadasPfizer":372795,"dosisEntregadasAstrazeneca":106600,"dosisEntregadasJanssen":21550,"dosisPrimeraDosis":341720,"dosisPautaCompletada":216975,"porcentajeEntregadas":0.9572673235078577,"porcentajePoblacionAdministradas":0.8001079859708983,"porcentajePoblacionPrimeraDosis":0.5168202517555283,"porcentajePoblacionCompletas":0.3281548464375973,"fechaUltRegistro":1624139956000,"etarios":{"unaDosis":{"etarioTotal":{"vacunados":341720,"personasINE":581354,"porcentaje":0.5878002043505334},"etarioRangos":[{"rango":{"min":12,"max":19},"vacunados":400,"personasINE":56388,"porcentaje":0.12746781745857003},{"rango":{"min":20,"max":29},"vacunados":8684,"personasINE":68127,"porcentaje":0.6356085998407437},{"rango":{"min":30,"max":39},"vacunados":10831,"personasINE":81341,"porcentaje":0.6356085998407437},{"rango":{"min":40,"max":49},"vacunados":68647,"personasINE":108002,"porcentaje":0.6356085998407437},{"rango":{"min":50,"max":59},"vacunados":86347,"personasINE":96694,"porcentaje":0.8929923263077337},{"rango":{"min":60,"max":69},"vacunados":68855,"personasINE":73844,"porcentaje":0.9324386544607551},{"rango":{"min":70,"max":79},"vacunados":55589,"personasINE":55792,"porcentaje":0.9963614855176369},{"rango":{"min":80,"max":null},"vacunados":42367,"personasINE":42367,"porcentaje":1}]},"pautaCompleta":{"etarioTotal":{"vacunados":216975,"personasINE":581354,"porcentaje":0.37322354365842497},"etarioRangos":[{"rango":{"min":12,"max":19},"vacunados":240,"personasINE":56388.00000000001,"porcentaje":0.0982870227663041},{"rango":{"min":20,"max":29},"vacunados":6696,"personasINE":68127,"porcentaje":0.1983481787374308},{"rango":{"min":30,"max":39},"vacunados":9258,"personasINE":81341,"porcentaje":0.1983481787374308},{"rango":{"min":40,"max":49},"vacunados":21422,"personasINE":108002,"porcentaje":0.1983481787374308},{"rango":{"min":50,"max":59},"vacunados":61261,"personasINE":96694,"porcentaje":0.6335553395246861},{"rango":{"min":60,"max":69},"vacunados":21223,"personasINE":73844,"porcentaje":0.2874031742592492},{"rango":{"min":70,"max":79},"vacunados":55082,"personasINE":55792,"porcentaje":0.9872741611700602},{"rango":{"min":80,"max":null},"vacunados":41793,"personasINE":41793,"porcentaje":1}]}}},{"ccaa":"País Vasco","dosisAdministradas":1828264,"dosisEntregadas":1925890,"dosisEntregadasModerna":179400,"dosisEntregadasPfizer":1317240,"dosisEntregadasAstrazeneca":356900,"dosisEntregadasJanssen":72350,"dosisPrimeraDosis":1154254,"dosisPautaCompletada":772618,"porcentajeEntregadas":0.9493086313340845,"porcentajePoblacionAdministradas":0.8233554184095142,"porcentajePoblacionPrimeraDosis":0.5198162219027752,"porcentajePoblacionCompletas":0.3479471327230214,"fechaUltRegistro":1624139956000,"etarios":{"unaDosis":{"etarioTotal":{"vacunados":1154254,"personasINE":1983943,"porcentaje":0.581797964961695},"etarioRangos":[{"rango":{"min":12,"max":19},"vacunados":1308,"personasINE":168606,"porcentaje":0.1396985124098167},{"rango":{"min":20,"max":29},"vacunados":28154,"personasINE":201534,"porcentaje":0.4259346704111473},{"rango":{"min":30,"max":39},"vacunados":36165,"personasINE":260543,"porcentaje":0.4259346704111473},{"rango":{"min":40,"max":49},"vacunados":154245,"personasINE":362133,"porcentaje":0.4259346704111473},{"rango":{"min":50,"max":59},"vacunados":295824,"personasINE":339977,"porcentaje":0.8701294499333778},{"rango":{"min":60,"max":69},"vacunados":266530,"personasINE":280119,"porcentaje":0.9514884745411771},{"rango":{"min":70,"max":79},"vacunados":210070,"personasINE":213081,"porcentaje":0.9858692234408512},{"rango":{"min":80,"max":null},"vacunados":161958,"personasINE":161958,"porcentaje":1}]},"pautaCompleta":{"etarioTotal":{"vacunados":772618,"personasINE":1983943,"porcentaje":0.38943558358279445},"etarioRangos":[{"rango":{"min":12,"max":19},"vacunados":853,"personasINE":168606,"porcentaje":0.11228874532336976},{"rango":{"min":20,"max":29},"vacunados":22630,"personasINE":201534,"porcentaje":0.16772014701780838},{"rango":{"min":30,"max":39},"vacunados":30856,"personasINE":260543,"porcentaje":0.16772014701780838},{"rango":{"min":40,"max":49},"vacunados":60737,"personasINE":362133,"porcentaje":0.16772014701780838},{"rango":{"min":50,"max":59},"vacunados":193929,"personasINE":339977,"porcentaje":0.5704179988646291},{"rango":{"min":60,"max":69},"vacunados":96634,"personasINE":280119,"porcentaje":0.34497481427536153},{"rango":{"min":70,"max":79},"vacunados":207536,"personasINE":213081,"porcentaje":0.973977032208409},{"rango":{"min":80,"max":null},"vacunados":159443,"personasINE":157950.00000000003,"porcentaje":1.0094523583412471}]}}},{"ccaa":"Ceuta","dosisAdministradas":59648,"dosisEntregadas":60800,"dosisEntregadasModerna":5600,"dosisEntregadasPfizer":38250,"dosisEntregadasAstrazeneca":14200,"dosisEntregadasJanssen":2750,"dosisPrimeraDosis":37938,"dosisPautaCompletada":25284,"porcentajeEntregadas":0.9810526315789474,"porcentajePoblacionAdministradas":0.7083917246621221,"porcentajePoblacionPrimeraDosis":0.45055936913612504,"porcentajePoblacionCompletas":0.3002779031376927,"fechaUltRegistro":1623967156000,"etarios":{"unaDosis":{"etarioTotal":{"vacunados":37938,"personasINE":70965,"porcentaje":0.5346015641513422},"etarioRangos":[{"rango":{"min":12,"max":19},"vacunados":110,"personasINE":9126,"porcentaje":0.105863043676484},{"rango":{"min":20,"max":29},"vacunados":1161,"personasINE":10967,"porcentaje":0.7195855086220535},{"rango":{"min":30,"max":39},"vacunados":4953,"personasINE":11894,"porcentaje":0.7195855086220535},{"rango":{"min":40,"max":49},"vacunados":9097,"personasINE":12642,"porcentaje":0.7195855086220535},{"rango":{"min":50,"max":59},"vacunados":9467,"personasINE":11556,"porcentaje":0.8192281066112842},{"rango":{"min":60,"max":69},"vacunados":7013,"personasINE":7857,"porcentaje":0.8925798650884561},{"rango":{"min":70,"max":79},"vacunados":3777,"personasINE":4318,"porcentaje":0.8747105141269106},{"rango":{"min":80,"max":null},"vacunados":2360,"personasINE":2605,"porcentaje":0.9059500959692899}]},"pautaCompleta":{"etarioTotal":{"vacunados":25284,"personasINE":70965,"porcentaje":0.35628831113929404},"etarioRangos":[{"rango":{"min":12,"max":19},"vacunados":95,"personasINE":9126,"porcentaje":0.08817361174432388},{"rango":{"min":20,"max":29},"vacunados":967,"personasINE":10967,"porcentaje":0.4553077044771397},{"rango":{"min":30,"max":39},"vacunados":1560,"personasINE":11894,"porcentaje":0.4553077044771397},{"rango":{"min":40,"max":49},"vacunados":5756,"personasINE":12642,"porcentaje":0.4553077044771397},{"rango":{"min":50,"max":59},"vacunados":8461,"personasINE":11556,"porcentaje":0.7321737625475944},{"rango":{"min":60,"max":69},"vacunados":2437,"personasINE":7857,"porcentaje":0.31016927580501463},{"rango":{"min":70,"max":79},"vacunados":3693,"personasINE":4318,"porcentaje":0.8552570634553034},{"rango":{"min":80,"max":null},"vacunados":2315,"personasINE":2605,"porcentaje":0.8886756238003839}]}}},{"ccaa":"Melilla","dosisAdministradas":54807,"dosisEntregadas":60700,"dosisEntregadasModerna":5500,"dosisEntregadasPfizer":38250,"dosisEntregadasAstrazeneca":14200,"dosisEntregadasJanssen":2750,"dosisPrimeraDosis":34178,"dosisPautaCompletada":24810,"porcentajeEntregadas":0.9029159802306425,"porcentajePoblacionAdministradas":0.6294156828517616,"porcentajePoblacionPrimeraDosis":0.3925076944278561,"porcentajePoblacionCompletas":0.284923515090266,"fechaUltRegistro":1623967156000,"etarios":{"unaDosis":{"etarioTotal":{"vacunados":34178,"personasINE":70927,"porcentaje":0.48187573138579104},"etarioRangos":[{"rango":{"min":12,"max":19},"vacunados":22,"personasINE":9574,"porcentaje":0.07419758232596915},{"rango":{"min":20,"max":29},"vacunados":890,"personasINE":11995,"porcentaje":0.7065489085152474},{"rango":{"min":30,"max":39},"vacunados":4494,"personasINE":12133,"porcentaje":0.7065489085152474},{"rango":{"min":40,"max":49},"vacunados":8480,"personasINE":12002,"porcentaje":0.7065489085152474},{"rango":{"min":50,"max":59},"vacunados":8640,"personasINE":11299,"porcentaje":0.7646694397734313},{"rango":{"min":60,"max":69},"vacunados":6544,"personasINE":7827,"porcentaje":0.8360802350836847},{"rango":{"min":70,"max":79},"vacunados":3161,"personasINE":3748,"porcentaje":0.8433831376734259},{"rango":{"min":80,"max":null},"vacunados":1947,"personasINE":2349,"porcentaje":0.8288633461047255}]},"pautaCompleta":{"etarioTotal":{"vacunados":24810,"personasINE":70927,"porcentaje":0.34979626940375314},"etarioRangos":[{"rango":{"min":12,"max":19},"vacunados":20,"personasINE":9574,"porcentaje":0.06761150479366403},{"rango":{"min":20,"max":29},"vacunados":811,"personasINE":11995,"porcentaje":0.5396600566572238},{"rango":{"min":30,"max":39},"vacunados":1728,"personasINE":12133,"porcentaje":0.5396600566572238},{"rango":{"min":40,"max":49},"vacunados":6477,"personasINE":12002,"porcentaje":0.5396600566572238},{"rango":{"min":50,"max":59},"vacunados":7890,"personasINE":11299,"porcentaje":0.6982918842375432},{"rango":{"min":60,"max":69},"vacunados":3029,"personasINE":7827,"porcentaje":0.38699373961926664},{"rango":{"min":70,"max":79},"vacunados":2990,"personasINE":3748,"porcentaje":0.7977588046958378},{"rango":{"min":80,"max":null},"vacunados":1865,"personasINE":2349,"porcentaje":0.7939548744146445}]}}},{"ccaa":"Fuerzas Armadas","dosisAdministradas":114126,"dosisEntregadas":162602,"dosisEntregadasModerna":16300,"dosisEntregadasPfizer":38202,"dosisEntregadasAstrazeneca":106100,"dosisEntregadasJanssen":2000,"dosisPrimeraDosis":77801,"dosisPautaCompletada":36899,"porcentajeEntregadas":0.7018732856914429,"porcentajePoblacionAdministradas":null,"porcentajePoblacionPrimeraDosis":null,"porcentajePoblacionCompletas":null,"fechaUltRegistro":1624139956000},{"ccaa":"Sanidad Exterior","dosisAdministradas":606,"dosisEntregadas":2900,"dosisEntregadasModerna":1900,"dosisEntregadasPfizer":0,"dosisEntregadasAstrazeneca":0,"dosisEntregadasJanssen":1000,"dosisPrimeraDosis":606,"dosisPautaCompletada":0,"porcentajeEntregadas":0.20896551724137932,"porcentajePoblacionAdministradas":null,"porcentajePoblacionPrimeraDosis":null,"porcentajePoblacionCompletas":null,"fechaUltRegistro":1623967156000,"etarios":{"unaDosis":{"etarioTotal":{"vacunados":606,"personasINE":"-","porcentaje":"-"},"etarioRangos":[{"rango":{"min":12,"max":19},"vacunados":10,"personasINE":null,"porcentaje":"-"},{"rango":{"min":20,"max":29},"vacunados":162,"personasINE":null,"porcentaje":"-"},{"rango":{"min":30,"max":39},"vacunados":177,"personasINE":null,"porcentaje":"-"},{"rango":{"min":40,"max":49},"vacunados":195,"personasINE":null,"porcentaje":"-"},{"rango":{"min":50,"max":59},"vacunados":51,"personasINE":null,"porcentaje":"-"},{"rango":{"min":60,"max":69},"vacunados":10,"personasINE":null,"porcentaje":"-"},{"rango":{"min":70,"max":79},"vacunados":0,"personasINE":null,"porcentaje":"-"},{"rango":{"min":80,"max":null},"vacunados":1,"personasINE":null,"porcentaje":"-"}]},"pautaCompleta":{"etarioTotal":{"vacunados":0,"personasINE":"-","porcentaje":"-"},"etarioRangos":[{"rango":{"min":12,"max":19},"vacunados":0,"personasINE":null,"porcentaje":"-"},{"rango":{"min":20,"max":29},"vacunados":0,"personasINE":null,"porcentaje":"-"},{"rango":{"min":30,"max":39},"vacunados":0,"personasINE":null,"porcentaje":"-"},{"rango":{"min":40,"max":49},"vacunados":0,"personasINE":null,"porcentaje":"-"},{"rango":{"min":50,"max":59},"vacunados":0,"personasINE":null,"porcentaje":"-"},{"rango":{"min":60,"max":69},"vacunados":0,"personasINE":null,"porcentaje":"-"},{"rango":{"min":70,"max":79},"vacunados":0,"personasINE":null,"porcentaje":"-"},{"rango":{"min":80,"max":null},"vacunados":0,"personasINE":null,"porcentaje":"-"}]}}},{"ccaa":"Totales","dosisAdministradas":36357745,"dosisEntregadas":39259752,"dosisEntregadasModerna":3648400,"dosisEntregadasPfizer":26307627,"dosisEntregadasAstrazeneca":7755100,"dosisEntregadasJanssen":1548625,"dosisPrimeraDosis":23200566,"dosisPautaCompletada":14431683,"porcentajeEntregadas":0.9260818815157059,"porcentajePoblacionAdministradas":0.7745578397954836,"porcentajePoblacionPrimeraDosis":0.49426003408606733,"porcentajePoblacionCompletas":0.3074495739241585,"fechaUltRegistro":null,"etarios":{"unaDosis":{"etarioTotal":{"vacunados":23200566,"personasINE":42119827,"porcentaje":0.5508229176724776},"etarioRangos":[{"rango":{"min":12,"max":19},"vacunados":29149,"personasINE":3888686,"porcentaje":0.11486923213823454},{"rango":{"min":20,"max":29},"vacunados":567987,"personasINE":4944640,"porcentaje":0.4961875946955658},{"rango":{"min":30,"max":39},"vacunados":896976,"personasINE":6230403,"porcentaje":0.4961875946955658},{"rango":{"min":40,"max":49},"vacunados":3915782,"personasINE":7891737,"porcentaje":0.4961875946955658},{"rango":{"min":50,"max":59},"vacunados":6028828,"personasINE":7033306,"porcentaje":0.8571826677241116},{"rango":{"min":60,"max":69},"vacunados":4960631,"personasINE":5336986,"porcentaje":0.9294817336976339},{"rango":{"min":70,"max":79},"vacunados":3887462,"personasINE":3960045,"porcentaje":0.9816711678781428},{"rango":{"min":80,"max":null},"vacunados":2913751,"personasINE":2913751,"porcentaje":1}]},"pautaCompleta":{"etarioTotal":{"vacunados":14431683,"personasINE":42119827,"porcentaje":0.3426339571622647},"etarioRangos":[{"rango":{"min":12,"max":19},"vacunados":19668,"personasINE":3888686,"porcentaje":0.08636725828371732},{"rango":{"min":20,"max":29},"vacunados":427055,"personasINE":4944640,"porcentaje":0.15196274280301028},{"rango":{"min":30,"max":39},"vacunados":641565,"personasINE":6230403,"porcentaje":0.15196274280301028},{"rango":{"min":40,"max":49},"vacunados":1199250,"personasINE":7891737,"porcentaje":0.15196274280301028},{"rango":{"min":50,"max":59},"vacunados":3831294,"personasINE":7033306,"porcentaje":0.5447358610587966},{"rango":{"min":60,"max":69},"vacunados":1636723,"personasINE":5336986,"porcentaje":0.3066755280976941},{"rango":{"min":70,"max":79},"vacunados":3811066,"personasINE":3960045,"porcentaje":0.9623794679100869},{"rango":{"min":80,"max":null},"vacunados":2865062,"personasINE":2865062,"porcentaje":1}]}}}]