[{"ccaa":"Andalucía","dosisAdministradas":164820,"dosisEntregadas":216320,"dosisEntregadasModerna":6800,"dosisEntregadasPfizer":209520,"dosisPautaCompletada":1773,"porcentajeEntregadas":0.761926775147929,"porcentajePoblacionAdministradas":0.01947211684309753,"porcentajePoblacionCompletas":0.00020946525399109282},{"ccaa":"Aragón","dosisAdministradas":28316,"dosisEntregadas":36615,"dosisEntregadasModerna":1200,"dosisEntregadasPfizer":35415,"dosisPautaCompletada":250,"porcentajeEntregadas":0.7733442578178342,"porcentajePoblacionAdministradas":0.021299978712056872,"porcentajePoblacionCompletas":0.0001880560346805417},{"ccaa":"Asturias","dosisAdministradas":34293,"dosisEntregadas":36620,"dosisEntregadasModerna":1200,"dosisEntregadasPfizer":35420,"dosisPautaCompletada":1285,"porcentajeEntregadas":0.9364554888039323,"porcentajePoblacionAdministradas":0.033660717090178094,"porcentajePoblacionCompletas":0.0012613075980777084},{"ccaa":"Baleares","dosisAdministradas":14658,"dosisEntregadas":17340,"dosisEntregadasModerna":600,"dosisEntregadasPfizer":16740,"dosisPautaCompletada":164,"porcentajeEntregadas":0.8453287197231834,"porcentajePoblacionAdministradas":0.012511704649338522,"porcentajePoblacionCompletas":0.00013998632572598702},{"ccaa":"Canarias","dosisAdministradas":43209,"dosisEntregadas":42610,"dosisEntregadasModerna":1300,"dosisEntregadasPfizer":41310,"dosisPautaCompletada":339,"porcentajeEntregadas":1.014057732926543,"porcentajePoblacionAdministradas":0.01985751523930675,"porcentajePoblacionCompletas":0.00015579387780612807},{"ccaa":"Cantabria","dosisAdministradas":18967,"dosisEntregadas":18200,"dosisEntregadasModerna":500,"dosisEntregadasPfizer":17700,"dosisPautaCompletada":0,"porcentajeEntregadas":1.042142857142857,"porcentajePoblacionAdministradas":0.03253874988205625,"porcentajePoblacionCompletas":0},{"ccaa":"Castilla y Leon","dosisAdministradas":70885,"dosisEntregadas":79240,"dosisEntregadasModerna":2500,"dosisEntregadasPfizer":76740,"dosisPautaCompletada":432,"porcentajeEntregadas":0.8945608278647148,"porcentajePoblacionAdministradas":0.02959809062356206,"porcentajePoblacionCompletas":0.00018038195879775424},{"ccaa":"Castilla La Mancha","dosisAdministradas":43682,"dosisEntregadas":54800,"dosisEntregadasModerna":1700,"dosisEntregadasPfizer":53100,"dosisPautaCompletada":189,"porcentajeEntregadas":0.7971167883211678,"porcentajePoblacionAdministradas":0.02135808306290616,"porcentajePoblacionCompletas":0.00009241055123138282},{"ccaa":"Cataluña","dosisAdministradas":156627,"dosisEntregadas":185820,"dosisEntregadasModerna":5800,"dosisEntregadasPfizer":180020,"dosisPautaCompletada":432,"porcentajeEntregadas":0.8428963513077171,"porcentajePoblacionAdministradas":0.020130765727919837,"porcentajePoblacionCompletas":0.000055523573805674433},{"ccaa":"C. Valenciana","dosisAdministradas":95260,"dosisEntregadas":94350,"dosisEntregadasModerna":2900,"dosisEntregadasPfizer":91450,"dosisPautaCompletada":588,"porcentajeEntregadas":1.0096449390567037,"porcentajePoblacionAdministradas":0.018835940461344108,"porcentajePoblacionCompletas":0.00011626635514665478},{"ccaa":"Extremadura","dosisAdministradas":29125,"dosisEntregadas":33450,"dosisEntregadasModerna":1000,"dosisEntregadasPfizer":32450,"dosisPautaCompletada":254,"porcentajeEntregadas":0.8707025411061285,"porcentajePoblacionAdministradas":0.027373454750856917,"porcentajePoblacionCompletas":0.0002387247212606921},{"ccaa":"Galicia","dosisAdministradas":57871,"dosisEntregadas":57880,"dosisEntregadasModerna":1800,"dosisEntregadasPfizer":56080,"dosisPautaCompletada":1191,"porcentajeEntregadas":0.9998445058742226,"porcentajePoblacionAdministradas":0.021419273459843166,"porcentajePoblacionCompletas":0.00044081413299706604},{"ccaa":"La Rioja","dosisAdministradas":8049,"dosisEntregadas":9040,"dosisEntregadasModerna":200,"dosisEntregadasPfizer":8840,"dosisPautaCompletada":44,"porcentajeEntregadas":0.8903761061946903,"porcentajePoblacionAdministradas":0.02515988671955588,"porcentajePoblacionCompletas":0.00013753696305882207},{"ccaa":"Madrid","dosisAdministradas":120168,"dosisEntregadas":152240,"dosisEntregadasModerna":4700,"dosisEntregadasPfizer":147540,"dosisPautaCompletada":719,"porcentajeEntregadas":0.7893326326852338,"porcentajePoblacionAdministradas":0.017724186594232826,"porcentajePoblacionCompletas":0.00010604894948117136},{"ccaa":"Murcia","dosisAdministradas":36730,"dosisEntregadas":39560,"dosisEntregadasModerna":1200,"dosisEntregadasPfizer":38360,"dosisPautaCompletada":934,"porcentajeEntregadas":0.9284630940343782,"porcentajePoblacionAdministradas":0.024304367705960162,"porcentajePoblacionCompletas":0.0006180310219811269},{"ccaa":"Navarra","dosisAdministradas":12991,"dosisEntregadas":18200,"dosisEntregadasModerna":500,"dosisEntregadasPfizer":17700,"dosisPautaCompletada":299,"porcentajeEntregadas":0.7137912087912088,"porcentajePoblacionAdministradas":0.0196476995509659,"porcentajePoblacionCompletas":0.0004522101582433072},{"ccaa":"País Vasco","dosisAdministradas":28069,"dosisEntregadas":48605,"dosisEntregadasModerna":1400,"dosisEntregadasPfizer":47205,"dosisPautaCompletada":390,"porcentajeEntregadas":0.5774920275691802,"porcentajePoblacionAdministradas":0.012640823885027904,"porcentajePoblacionCompletas":0.0001756358016017985},{"ccaa":"Ceuta","dosisAdministradas":1080,"dosisEntregadas":1205,"dosisEntregadasModerna":200,"dosisEntregadasPfizer":1005,"dosisPautaCompletada":29,"porcentajeEntregadas":0.8962655601659751,"porcentajePoblacionAdministradas":0.012826298662739603,"porcentajePoblacionCompletas":0.00034440987149948933},{"ccaa":"Melilla","dosisAdministradas":1297,"dosisEntregadas":1205,"dosisEntregadasModerna":200,"dosisEntregadasPfizer":1005,"dosisPautaCompletada":29,"porcentajeEntregadas":1.0763485477178423,"porcentajePoblacionAdministradas":0.014895034222977629,"porcentajePoblacionCompletas":0.00033304239974275347},{"ccaa":"Totales","dosisAdministradas":966097,"dosisEntregadas":1143300,"dosisEntregadasModerna":35700,"dosisEntregadasPfizer":1107600,"dosisPautaCompletada":9341,"porcentajeEntregadas":0.8450074346190851,"porcentajePoblacionAdministradas":0.020581529612270985,"porcentajePoblacionCompletas":0.0001989987217724755}]
