[{"ccaa":"Andalucía","dosisAdministradas":12768263,"dosisEntregadas":13316870,"dosisEntregadasModerna":2019500,"dosisEntregadasPfizer":9434970,"dosisEntregadasAstrazeneca":1528900,"dosisEntregadasJanssen":333500,"dosisPrimeraDosis":6802267,"dosisPautaCompletada":6625656,"porcentajeEntregadas":0.9588036077546751,"porcentajePoblacionAdministradas":1.5084644401128442,"porcentajePoblacionPrimeraDosis":0.8036314635477885,"porcentajePoblacionCompletas":0.782766337787709,"fechaUltRegistro":1633564800000,"etarios":{"unaDosis":{"etarioTotal":{"vacunados":6802267,"personasINE":7451975,"porcentaje":0.9128139855541652},"etarioRangos":[{"rango":{"min":12,"max":19},"vacunados":653531,"personasINE":752907,"porcentaje":0.8133399090313911},{"rango":{"min":20,"max":29},"vacunados":755326,"personasINE":928672,"porcentaje":0.8987635674753125},{"rango":{"min":30,"max":39},"vacunados":921032,"personasINE":1140217,"porcentaje":0.8987635674753125},{"rango":{"min":40,"max":49},"vacunados":1244890,"personasINE":1385114,"porcentaje":0.8987635674753125},{"rango":{"min":50,"max":59},"vacunados":1212081,"personasINE":1265021,"porcentaje":0.9581508923567277},{"rango":{"min":60,"max":69},"vacunados":927568,"personasINE":927568,"porcentaje":1},{"rango":{"min":70,"max":79},"vacunados":653871,"personasINE":653871,"porcentaje":1},{"rango":{"min":80,"max":null},"vacunados":433968,"personasINE":433968,"porcentaje":1}]},"pautaCompleta":{"etarioTotal":{"vacunados":6625656,"personasINE":7451975,"porcentaje":0.8891140939147004},"etarioRangos":[{"rango":{"min":12,"max":19},"vacunados":616551,"personasINE":752907,"porcentaje":0.7650332948554495},{"rango":{"min":20,"max":29},"vacunados":710465,"personasINE":928672,"porcentaje":0.8828356366335189},{"rango":{"min":30,"max":39},"vacunados":886909,"personasINE":1140217,"porcentaje":0.8828356366335189},{"rango":{"min":40,"max":49},"vacunados":1222828,"personasINE":1385114,"porcentaje":0.8828356366335189},{"rango":{"min":50,"max":59},"vacunados":1196761,"personasINE":1265021,"porcentaje":0.9460404214633591},{"rango":{"min":60,"max":69},"vacunados":916213,"personasINE":916147,"porcentaje":1.0000720408406074},{"rango":{"min":70,"max":79},"vacunados":648497,"personasINE":650381,"porcentaje":0.9971032364106578},{"rango":{"min":80,"max":null},"vacunados":427432,"personasINE":427432,"porcentaje":1}]}}},{"ccaa":"Aragón","dosisAdministradas":1991241,"dosisEntregadas":2136845,"dosisEntregadasModerna":275200,"dosisEntregadasPfizer":1531845,"dosisEntregadasAstrazeneca":265100,"dosisEntregadasJanssen":64700,"dosisPrimeraDosis":1062254,"dosisPautaCompletada":1040171,"porcentajeEntregadas":0.9318602893518247,"porcentajePoblacionAdministradas":1.497859546213266,"porcentajePoblacionPrimeraDosis":0.7990531002541765,"porcentajePoblacionCompletas":0.782441734598775,"fechaUltRegistro":1633564800000,"etarios":{"unaDosis":{"etarioTotal":{"vacunados":1062254,"personasINE":1185134,"porcentaje":0.8963155221266118},"etarioRangos":[{"rango":{"min":12,"max":19},"vacunados":87199,"personasINE":103109,"porcentaje":0.7880384352880729},{"rango":{"min":20,"max":29},"vacunados":102761,"personasINE":130401,"porcentaje":0.8707703902895186},{"rango":{"min":30,"max":39},"vacunados":124622,"personasINE":164286,"porcentaje":0.8707703902895186},{"rango":{"min":40,"max":49},"vacunados":187166,"personasINE":214943,"porcentaje":0.8707703902895186},{"rango":{"min":50,"max":59},"vacunados":185670,"personasINE":198266,"porcentaje":0.9364691878587352},{"rango":{"min":60,"max":69},"vacunados":154389,"personasINE":156367,"porcentaje":0.9873502721162394},{"rango":{"min":70,"max":79},"vacunados":119224,"personasINE":119224,"porcentaje":1},{"rango":{"min":80,"max":null},"vacunados":101223,"personasINE":101223,"porcentaje":1}]},"pautaCompleta":{"etarioTotal":{"vacunados":1040171,"personasINE":1185134,"porcentaje":0.8776821861494143},"etarioRangos":[{"rango":{"min":12,"max":19},"vacunados":83217,"personasINE":103109,"porcentaje":0.7533531184576805},{"rango":{"min":20,"max":29},"vacunados":98238,"personasINE":130401.00000000001,"porcentaje":0.8572319172990048},{"rango":{"min":30,"max":39},"vacunados":120495,"personasINE":164286,"porcentaje":0.8572319172990048},{"rango":{"min":40,"max":49},"vacunados":184256,"personasINE":214943,"porcentaje":0.8572319172990048},{"rango":{"min":50,"max":59},"vacunados":183447,"personasINE":198266,"porcentaje":0.9252569779992535},{"rango":{"min":60,"max":69},"vacunados":152251,"personasINE":156367,"porcentaje":0.9736773104299501},{"rango":{"min":70,"max":79},"vacunados":118409,"personasINE":118955,"porcentaje":0.995410029002564},{"rango":{"min":80,"max":null},"vacunados":99858,"personasINE":99858,"porcentaje":1}]}}},{"ccaa":"Asturias","dosisAdministradas":1665609,"dosisEntregadas":1650625,"dosisEntregadasModerna":162000,"dosisEntregadasPfizer":1224725,"dosisEntregadasAstrazeneca":220900,"dosisEntregadasJanssen":43000,"dosisPrimeraDosis":871936,"dosisPautaCompletada":861126,"porcentajeEntregadas":1.0090777735706171,"porcentajePoblacionAdministradas":1.6348990561296604,"porcentajePoblacionPrimeraDosis":0.8558595345038791,"porcentajePoblacionCompletas":0.8452488456826962,"fechaUltRegistro":1633564800000,"etarios":{"unaDosis":{"etarioTotal":{"vacunados":871936,"personasINE":933927,"porcentaje":0.933623291756208},"etarioRangos":[{"rango":{"min":12,"max":19},"vacunados":60241,"personasINE":64000,"porcentaje":0.8373298277104322},{"rango":{"min":20,"max":29},"vacunados":66242,"personasINE":79111,"porcentaje":0.9007682956770643},{"rango":{"min":30,"max":39},"vacunados":90658,"personasINE":114451,"porcentaje":0.9007682956770643},{"rango":{"min":40,"max":49},"vacunados":150422,"personasINE":166993,"porcentaje":0.9007682956770643},{"rango":{"min":50,"max":59},"vacunados":153048,"personasINE":162645,"porcentaje":0.9409941897998709},{"rango":{"min":60,"max":69},"vacunados":148090,"personasINE":149652,"porcentaje":0.9895624515542726},{"rango":{"min":70,"max":79},"vacunados":114320,"personasINE":114320,"porcentaje":1},{"rango":{"min":80,"max":null},"vacunados":88915,"personasINE":88915,"porcentaje":1}]},"pautaCompleta":{"etarioTotal":{"vacunados":861126,"personasINE":933927,"porcentaje":0.922048511286214},"etarioRangos":[{"rango":{"min":12,"max":19},"vacunados":58329,"personasINE":64000,"porcentaje":0.8076373702772054},{"rango":{"min":20,"max":29},"vacunados":63893,"personasINE":79111,"porcentaje":0.8934985298784979},{"rango":{"min":30,"max":39},"vacunados":88515,"personasINE":114451.00000000001,"porcentaje":0.8934985298784979},{"rango":{"min":40,"max":49},"vacunados":149208,"personasINE":166993,"porcentaje":0.8934985298784979},{"rango":{"min":50,"max":59},"vacunados":152106,"personasINE":162645,"porcentaje":0.9352024347505303},{"rango":{"min":60,"max":69},"vacunados":147084,"personasINE":149652,"porcentaje":0.9828401892390346},{"rango":{"min":70,"max":79},"vacunados":113870,"personasINE":113870,"porcentaje":1},{"rango":{"min":80,"max":null},"vacunados":88121,"personasINE":88121,"porcentaje":1}]}}},{"ccaa":"Baleares","dosisAdministradas":1587474,"dosisEntregadas":1891250,"dosisEntregadasModerna":305100,"dosisEntregadasPfizer":1272150,"dosisEntregadasAstrazeneca":256400,"dosisEntregadasJanssen":57600,"dosisPrimeraDosis":850017,"dosisPautaCompletada":830974,"porcentajeEntregadas":0.8393781890284203,"porcentajePoblacionAdministradas":1.3550283685703384,"porcentajePoblacionPrimeraDosis":0.725553394113575,"porcentajePoblacionCompletas":0.70929876240138,"fechaUltRegistro":1633564800000,"etarios":{"unaDosis":{"etarioTotal":{"vacunados":850017,"personasINE":1034867,"porcentaje":0.821378012826769},"etarioRangos":[{"rango":{"min":12,"max":19},"vacunados":73406,"personasINE":95480,"porcentaje":0.6904496092560641},{"rango":{"min":20,"max":29},"vacunados":95242,"personasINE":137942,"porcentaje":0.8073792755563316},{"rango":{"min":30,"max":39},"vacunados":124599,"personasINE":182187,"porcentaje":0.8073792755563316},{"rango":{"min":40,"max":49},"vacunados":166459,"personasINE":206172,"porcentaje":0.8073792755563316},{"rango":{"min":50,"max":59},"vacunados":149631,"personasINE":165797,"porcentaje":0.902495220058264},{"rango":{"min":60,"max":69},"vacunados":110079,"personasINE":117231,"porcentaje":0.9389922460782557},{"rango":{"min":70,"max":79},"vacunados":79152,"personasINE":80516,"porcentaje":0.9830592677231854},{"rango":{"min":80,"max":null},"vacunados":51449,"personasINE":51449,"porcentaje":1}]},"pautaCompleta":{"etarioTotal":{"vacunados":830974,"personasINE":1034867,"porcentaje":0.8029766143861965},"etarioRangos":[{"rango":{"min":12,"max":19},"vacunados":70756,"personasINE":95480,"porcentaje":0.6579359440924446},{"rango":{"min":20,"max":29},"vacunados":90757,"personasINE":137942,"porcentaje":0.7926828085288012},{"rango":{"min":30,"max":39},"vacunados":119640,"personasINE":182187,"porcentaje":0.7926828085288012},{"rango":{"min":40,"max":49},"vacunados":163429,"personasINE":206172,"porcentaje":0.7926828085288012},{"rango":{"min":50,"max":59},"vacunados":147895,"personasINE":165797,"porcentaje":0.8920245842807771},{"rango":{"min":60,"max":69},"vacunados":109004,"personasINE":117231,"porcentaje":0.9298223166227363},{"rango":{"min":70,"max":79},"vacunados":78675,"personasINE":80516,"porcentaje":0.9771349793829798},{"rango":{"min":80,"max":null},"vacunados":50818,"personasINE":50818,"porcentaje":1}]}}},{"ccaa":"Canarias","dosisAdministradas":3125698,"dosisEntregadas":3522840,"dosisEntregadasModerna":574700,"dosisEntregadasPfizer":2358690,"dosisEntregadasAstrazeneca":455800,"dosisEntregadasJanssen":133650,"dosisPrimeraDosis":1665475,"dosisPautaCompletada":1619778,"porcentajeEntregadas":0.887266523600277,"porcentajePoblacionAdministradas":1.4364737825099083,"porcentajePoblacionPrimeraDosis":0.7654006154547527,"porcentajePoblacionCompletas":0.7443996926402788,"fechaUltRegistro":1633564800000,"etarios":{"unaDosis":{"etarioTotal":{"vacunados":1665475,"personasINE":1960774,"porcentaje":0.8493967178267358},"etarioRangos":[{"rango":{"min":12,"max":19},"vacunados":147063,"personasINE":179797,"porcentaje":0.7359979026645693},{"rango":{"min":20,"max":29},"vacunados":185286,"personasINE":251748,"porcentaje":0.8168610346356503},{"rango":{"min":30,"max":39},"vacunados":227787,"personasINE":310934,"porcentaje":0.8168610346356503},{"rango":{"min":40,"max":49},"vacunados":316880,"personasINE":387924,"porcentaje":0.8168610346356503},{"rango":{"min":50,"max":59},"vacunados":320104,"personasINE":350512,"porcentaje":0.9132469073812024},{"rango":{"min":60,"max":69},"vacunados":224138,"personasINE":235092,"porcentaje":0.9534054753032856},{"rango":{"min":70,"max":79},"vacunados":151262,"personasINE":154531,"porcentaje":0.9788456685066427},{"rango":{"min":80,"max":null},"vacunados":92955,"personasINE":92955,"porcentaje":1}]},"pautaCompleta":{"etarioTotal":{"vacunados":1619778,"personasINE":1960774,"porcentaje":0.8260911252393187},"etarioRangos":[{"rango":{"min":12,"max":19},"vacunados":136239,"personasINE":179797,"porcentaje":0.6909568298457187},{"rango":{"min":20,"max":29},"vacunados":173947,"personasINE":251748,"porcentaje":0.8039332446561698},{"rango":{"min":30,"max":39},"vacunados":218837,"personasINE":310934,"porcentaje":0.8039332446561698},{"rango":{"min":40,"max":49},"vacunados":311865,"personasINE":387924,"porcentaje":0.8039332446561698},{"rango":{"min":50,"max":59},"vacunados":317142,"personasINE":350512,"porcentaje":0.9047964121057196},{"rango":{"min":60,"max":69},"vacunados":219986,"personasINE":235092,"porcentaje":0.935744304357443},{"rango":{"min":70,"max":79},"vacunados":150014,"personasINE":154531,"porcentaje":0.9707696190408397},{"rango":{"min":80,"max":null},"vacunados":91748,"personasINE":91748,"porcentaje":1}]}}},{"ccaa":"Cantabria","dosisAdministradas":914147,"dosisEntregadas":989605,"dosisEntregadasModerna":114900,"dosisEntregadasPfizer":727305,"dosisEntregadasAstrazeneca":125200,"dosisEntregadasJanssen":22200,"dosisPrimeraDosis":480336,"dosisPautaCompletada":471933,"porcentajeEntregadas":0.9237493747505318,"porcentajePoblacionAdministradas":1.5682606942812294,"porcentajePoblacionPrimeraDosis":0.8240382223518412,"porcentajePoblacionCompletas":0.8096224942314786,"fechaUltRegistro":1633564800000,"etarios":{"unaDosis":{"etarioTotal":{"vacunados":480336,"personasINE":524127,"porcentaje":0.9164496391141842},"etarioRangos":[{"rango":{"min":12,"max":19},"vacunados":38611,"personasINE":43963,"porcentaje":0.805049005049005},{"rango":{"min":20,"max":29},"vacunados":40659,"personasINE":50505,"porcentaje":0.8978715134654134},{"rango":{"min":30,"max":39},"vacunados":54298,"personasINE":70473,"porcentaje":0.8978715134654134},{"rango":{"min":40,"max":49},"vacunados":87784,"personasINE":97769,"porcentaje":0.8978715134654134},{"rango":{"min":50,"max":59},"vacunados":84168,"personasINE":89964,"porcentaje":0.9355742296918768},{"rango":{"min":60,"max":69},"vacunados":76608,"personasINE":77345,"porcentaje":0.9904712651108669},{"rango":{"min":70,"max":79},"vacunados":55902,"personasINE":55902,"porcentaje":1},{"rango":{"min":80,"max":null},"vacunados":42306,"personasINE":42306,"porcentaje":1}]},"pautaCompleta":{"etarioTotal":{"vacunados":471933,"personasINE":524127,"porcentaje":0.9004172652811246},"etarioRangos":[{"rango":{"min":12,"max":19},"vacunados":36382,"personasINE":43963,"porcentaje":0.7704979704979705},{"rango":{"min":20,"max":29},"vacunados":38914,"personasINE":50505,"porcentaje":0.8862829731305424},{"rango":{"min":30,"max":39},"vacunados":52873,"personasINE":70473,"porcentaje":0.8862829731305424},{"rango":{"min":40,"max":49},"vacunados":86651,"personasINE":97769,"porcentaje":0.8862829731305424},{"rango":{"min":50,"max":59},"vacunados":83519,"personasINE":89964,"porcentaje":0.9283602329820817},{"rango":{"min":60,"max":69},"vacunados":76101,"personasINE":77345,"porcentaje":0.9839162195358458},{"rango":{"min":70,"max":79},"vacunados":55667,"personasINE":55667,"porcentaje":1},{"rango":{"min":80,"max":null},"vacunados":41826,"personasINE":41826,"porcentaje":1}]}}},{"ccaa":"Castilla y Leon","dosisAdministradas":3750626,"dosisEntregadas":3912325,"dosisEntregadasModerna":412400,"dosisEntregadasPfizer":2916525,"dosisEntregadasAstrazeneca":481200,"dosisEntregadasJanssen":102200,"dosisPrimeraDosis":1994354,"dosisPautaCompletada":1951003,"porcentajeEntregadas":0.9586693334526145,"porcentajePoblacionAdministradas":1.5660770013837635,"porcentajePoblacionPrimeraDosis":0.8327441691114268,"porcentajePoblacionCompletas":0.8146429230562382,"fechaUltRegistro":1633564800000,"etarios":{"unaDosis":{"etarioTotal":{"vacunados":1994354,"personasINE":2176253,"porcentaje":0.9164164276855679},"etarioRangos":[{"rango":{"min":12,"max":19},"vacunados":141194,"personasINE":165342,"porcentaje":0.8090291271338256},{"rango":{"min":20,"max":29},"vacunados":170710,"personasINE":211006,"porcentaje":0.8797043806168371},{"rango":{"min":30,"max":39},"vacunados":210583,"personasINE":267783,"porcentaje":0.8797043806168371},{"rango":{"min":40,"max":49},"vacunados":319601,"personasINE":363305,"porcentaje":0.8797043806168371},{"rango":{"min":50,"max":59},"vacunados":352340,"personasINE":381175,"porcentaje":0.9243523316062177},{"rango":{"min":60,"max":69},"vacunados":320206,"personasINE":320206,"porcentaje":1},{"rango":{"min":70,"max":79},"vacunados":250423,"personasINE":250423,"porcentaje":1},{"rango":{"min":80,"max":null},"vacunados":229297,"personasINE":229297,"porcentaje":1}]},"pautaCompleta":{"etarioTotal":{"vacunados":1951003,"personasINE":2176253,"porcentaje":0.8964964091950706},"etarioRangos":[{"rango":{"min":12,"max":19},"vacunados":129379,"personasINE":165342,"porcentaje":0.7700634105191322},{"rango":{"min":20,"max":29},"vacunados":162488,"personasINE":211006,"porcentaje":0.8652041672974498},{"rango":{"min":30,"max":39},"vacunados":203886,"personasINE":267783,"porcentaje":0.8652041672974498},{"rango":{"min":40,"max":49},"vacunados":314333,"personasINE":363305,"porcentaje":0.8652041672974498},{"rango":{"min":50,"max":59},"vacunados":348041,"personasINE":381175,"porcentaje":0.9130740473535778},{"rango":{"min":60,"max":69},"vacunados":317184,"personasINE":318575,"porcentaje":0.9956336812367574},{"rango":{"min":70,"max":79},"vacunados":248907,"personasINE":248907,"porcentaje":1},{"rango":{"min":80,"max":null},"vacunados":226785,"personasINE":226785,"porcentaje":1}]}}},{"ccaa":"Castilla La Mancha","dosisAdministradas":3005154,"dosisEntregadas":3267280,"dosisEntregadasModerna":446800,"dosisEntregadasPfizer":2330505,"dosisEntregadasAstrazeneca":394900,"dosisEntregadasJanssen":95075,"dosisPrimeraDosis":1610932,"dosisPautaCompletada":1545853,"porcentajeEntregadas":0.9197724100781078,"porcentajePoblacionAdministradas":1.4693541675936244,"porcentajePoblacionPrimeraDosis":0.7876566884458941,"porcentajePoblacionCompletas":0.7558366553052213,"fechaUltRegistro":1633564800000},{"ccaa":"Cataluña","dosisAdministradas":11033958,"dosisEntregadas":11863410,"dosisEntregadasModerna":1604900,"dosisEntregadasPfizer":8368460,"dosisEntregadasAstrazeneca":1514300,"dosisEntregadasJanssen":375750,"dosisPrimeraDosis":5918606,"dosisPautaCompletada":5756291,"porcentajeEntregadas":0.9300831717018968,"porcentajePoblacionAdministradas":1.41815921616137,"porcentajePoblacionPrimeraDosis":0.7606994376567304,"porcentajePoblacionCompletas":0.7398376115403692,"fechaUltRegistro":1633564800000,"etarios":{"unaDosis":{"etarioTotal":{"vacunados":5918606,"personasINE":6868360,"porcentaje":0.8617204106948384},"etarioRangos":[{"rango":{"min":12,"max":19},"vacunados":515274,"personasINE":656166,"porcentaje":0.738493447048937},{"rango":{"min":20,"max":29},"vacunados":619548,"personasINE":838935,"porcentaje":0.8517355164780085},{"rango":{"min":30,"max":39},"vacunados":765395,"personasINE":1044652.0000000001,"porcentaje":0.8517355164780085},{"rango":{"min":40,"max":49},"vacunados":1121527,"personasINE":1316755,"porcentaje":0.8517355164780085},{"rango":{"min":50,"max":59},"vacunados":1022225,"personasINE":1091780,"porcentaje":0.9362921101320779},{"rango":{"min":60,"max":69},"vacunados":798089,"personasINE":837584,"porcentaje":0.9528465204683948},{"rango":{"min":70,"max":79},"vacunados":617944,"personasINE":635292,"porcentaje":0.9726928719392027},{"rango":{"min":80,"max":null},"vacunados":458604,"personasINE":458604,"porcentaje":1}]},"pautaCompleta":{"etarioTotal":{"vacunados":5756291,"personasINE":6868360,"porcentaje":0.8380881316646186},"etarioRangos":[{"rango":{"min":12,"max":19},"vacunados":482877,"personasINE":656166,"porcentaje":0.6936568387300566},{"rango":{"min":20,"max":29},"vacunados":581933,"personasINE":838935,"porcentaje":0.8355282493706119},{"rango":{"min":30,"max":39},"vacunados":730036,"personasINE":1044652,"porcentaje":0.8355282493706119},{"rango":{"min":40,"max":49},"vacunados":1100186,"personasINE":1316755,"porcentaje":0.8355282493706119},{"rango":{"min":50,"max":59},"vacunados":1009735,"personasINE":1091780,"porcentaje":0.9248520764256535},{"rango":{"min":60,"max":69},"vacunados":785180,"personasINE":837584,"porcentaje":0.937434334944316},{"rango":{"min":70,"max":79},"vacunados":613672,"personasINE":635292,"porcentaje":0.9659684050798688},{"rango":{"min":80,"max":null},"vacunados":452672,"personasINE":452672,"porcentaje":1}]}}},{"ccaa":"C. Valenciana","dosisAdministradas":7608972,"dosisEntregadas":8088540,"dosisEntregadasModerna":1213650,"dosisEntregadasPfizer":5797540,"dosisEntregadasAstrazeneca":863900,"dosisEntregadasJanssen":213450,"dosisPrimeraDosis":4056374,"dosisPautaCompletada":3978198,"porcentajeEntregadas":0.9407101899724796,"porcentajePoblacionAdministradas":1.504536464035633,"porcentajePoblacionPrimeraDosis":0.8020745239654025,"porcentajePoblacionCompletas":0.7866166352239996,"fechaUltRegistro":1633564800000,"etarios":{"unaDosis":{"etarioTotal":{"vacunados":4056374,"personasINE":4488459,"porcentaje":0.9037342214777945},"etarioRangos":[{"rango":{"min":12,"max":19},"vacunados":363445,"personasINE":424531,"porcentaje":0.8146402235113132},{"rango":{"min":20,"max":29},"vacunados":420457,"personasINE":516126,"porcentaje":0.8820204136272469},{"rango":{"min":30,"max":39},"vacunados":506344,"personasINE":648759,"porcentaje":0.8820204136272469},{"rango":{"min":40,"max":49},"vacunados":751118,"personasINE":851588,"porcentaje":0.8820204136272469},{"rango":{"min":50,"max":59},"vacunados":714095,"personasINE":752334,"porcentaje":0.9491728407861402},{"rango":{"min":60,"max":69},"vacunados":569515,"personasINE":580728,"porcentaje":0.9806914769048505},{"rango":{"min":70,"max":79},"vacunados":434229,"personasINE":437862,"porcentaje":0.9917028652863231},{"rango":{"min":80,"max":null},"vacunados":297171,"personasINE":297171,"porcentaje":1}]},"pautaCompleta":{"etarioTotal":{"vacunados":3978198,"personasINE":4488459,"porcentaje":0.8863171079428374},"etarioRangos":[{"rango":{"min":12,"max":19},"vacunados":346375,"personasINE":424531,"porcentaje":0.7805012729449785},{"rango":{"min":20,"max":29},"vacunados":402837,"personasINE":516126,"porcentaje":0.8709552036900473},{"rango":{"min":30,"max":39},"vacunados":491566,"personasINE":648759,"porcentaje":0.8709552036900473},{"rango":{"min":40,"max":49},"vacunados":741695,"personasINE":851588,"porcentaje":0.8709552036900473},{"rango":{"min":50,"max":59},"vacunados":708103,"personasINE":752334,"porcentaje":0.9412082931251279},{"rango":{"min":60,"max":69},"vacunados":563209,"personasINE":580728,"porcentaje":0.9698326927580554},{"rango":{"min":70,"max":79},"vacunados":431409,"personasINE":437862,"porcentaje":0.9852624799594393},{"rango":{"min":80,"max":null},"vacunados":293004,"personasINE":293004,"porcentaje":1}]}}},{"ccaa":"Extremadura","dosisAdministradas":1698373,"dosisEntregadas":1682775,"dosisEntregadasModerna":218200,"dosisEntregadasPfizer":1226825,"dosisEntregadasAstrazeneca":186000,"dosisEntregadasJanssen":51750,"dosisPrimeraDosis":894793,"dosisPautaCompletada":878658,"porcentajeEntregadas":1.0092692130558156,"porcentajePoblacionAdministradas":1.5962347284318323,"porcentajePoblacionPrimeraDosis":0.8409811398071593,"porcentajePoblacionCompletas":0.8258164808404614,"fechaUltRegistro":1633564800000,"etarios":{"unaDosis":{"etarioTotal":{"vacunados":894793,"personasINE":953437,"porcentaje":0.9384920031423156},"etarioRangos":[{"rango":{"min":12,"max":19},"vacunados":75251,"personasINE":84750,"porcentaje":0.815884221673138},{"rango":{"min":20,"max":29},"vacunados":92456,"personasINE":113320,"porcentaje":0.9158400942982181},{"rango":{"min":30,"max":39},"vacunados":112712,"personasINE":133479,"porcentaje":0.9158400942982181},{"rango":{"min":40,"max":49},"vacunados":146071,"personasINE":159494,"porcentaje":0.9158400942982181},{"rango":{"min":50,"max":59},"vacunados":161373,"personasINE":169216,"porcentaje":0.9536509549924357},{"rango":{"min":60,"max":69},"vacunados":132782,"personasINE":132782,"porcentaje":1},{"rango":{"min":70,"max":79},"vacunados":95902,"personasINE":95902,"porcentaje":1},{"rango":{"min":80,"max":null},"vacunados":78246,"personasINE":78246,"porcentaje":1}]},"pautaCompleta":{"etarioTotal":{"vacunados":878658,"personasINE":953437,"porcentaje":0.9215690181941754},"etarioRangos":[{"rango":{"min":12,"max":19},"vacunados":71989,"personasINE":84750,"porcentaje":0.7819890575361808},{"rango":{"min":20,"max":29},"vacunados":88615,"personasINE":113320,"porcentaje":0.9033004376340176},{"rango":{"min":30,"max":39},"vacunados":109745,"personasINE":133479,"porcentaje":0.9033004376340176},{"rango":{"min":40,"max":49},"vacunados":144071,"personasINE":159494,"porcentaje":0.9033004376340176},{"rango":{"min":50,"max":59},"vacunados":160081,"personasINE":169216,"porcentaje":0.9460157431921331},{"rango":{"min":60,"max":69},"vacunados":131443,"personasINE":125297,"porcentaje":1.0490514537458997},{"rango":{"min":70,"max":79},"vacunados":95373,"personasINE":95373,"porcentaje":1},{"rango":{"min":80,"max":null},"vacunados":77341,"personasINE":77341,"porcentaje":1}]}}},{"ccaa":"Galicia","dosisAdministradas":4391154,"dosisEntregadas":4358529,"dosisEntregadasModerna":507400,"dosisEntregadasPfizer":3155029,"dosisEntregadasAstrazeneca":573400,"dosisEntregadasJanssen":122700,"dosisPrimeraDosis":2303155,"dosisPautaCompletada":2274317,"porcentajeEntregadas":1.0074853236034451,"porcentajePoblacionAdministradas":1.625258390736019,"porcentajePoblacionPrimeraDosis":0.8524460742929115,"porcentajePoblacionCompletas":0.8417725243622908,"fechaUltRegistro":1633564800000,"etarios":{"unaDosis":{"etarioTotal":{"vacunados":2303155,"personasINE":2454497,"porcentaje":0.9383409309524517},"etarioRangos":[{"rango":{"min":12,"max":19},"vacunados":166902,"personasINE":180007,"porcentaje":0.8547153229053472},{"rango":{"min":20,"max":29},"vacunados":197423,"personasINE":230981,"porcentaje":0.9185214599488742},{"rango":{"min":30,"max":39},"vacunados":262330,"personasINE":323408,"porcentaje":0.9185214599488742},{"rango":{"min":40,"max":49},"vacunados":407108,"personasINE":443221,"porcentaje":0.9185214599488742},{"rango":{"min":50,"max":59},"vacunados":390391,"personasINE":405889,"porcentaje":0.9618171470525193},{"rango":{"min":60,"max":69},"vacunados":345602,"personasINE":346927,"porcentaje":0.9961807527231954},{"rango":{"min":70,"max":79},"vacunados":291207,"personasINE":291207,"porcentaje":1},{"rango":{"min":80,"max":null},"vacunados":242192,"personasINE":242192,"porcentaje":1}]},"pautaCompleta":{"etarioTotal":{"vacunados":2274317,"personasINE":2454497,"porcentaje":0.9265918842027511},"etarioRangos":[{"rango":{"min":12,"max":19},"vacunados":161182,"personasINE":180007,"porcentaje":0.8264792342227283},{"rango":{"min":20,"max":29},"vacunados":190901,"personasINE":230981,"porcentaje":0.909573327978593},{"rango":{"min":30,"max":39},"vacunados":256980,"personasINE":323408,"porcentaje":0.909573327978593},{"rango":{"min":40,"max":49},"vacunados":403142,"personasINE":443221,"porcentaje":0.909573327978593},{"rango":{"min":50,"max":59},"vacunados":387817,"personasINE":405889,"porcentaje":0.9554755117778506},{"rango":{"min":60,"max":69},"vacunados":343882,"personasINE":346927,"porcentaje":0.9912229373902867},{"rango":{"min":70,"max":79},"vacunados":289874,"personasINE":289874,"porcentaje":1},{"rango":{"min":80,"max":null},"vacunados":240539,"personasINE":240539,"porcentaje":1}]}}},{"ccaa":"La Rioja","dosisAdministradas":476718,"dosisEntregadas":510565,"dosisEntregadasModerna":67600,"dosisEntregadasPfizer":374465,"dosisEntregadasAstrazeneca":53300,"dosisEntregadasJanssen":15200,"dosisPrimeraDosis":258105,"dosisPautaCompletada":252499,"porcentajeEntregadas":0.9337067758267802,"porcentajePoblacionAdministradas":1.4901442262608076,"porcentajePoblacionPrimeraDosis":0.8067949511431197,"porcentajePoblacionCompletas":0.7892714917133979,"fechaUltRegistro":1633564800000,"etarios":{"unaDosis":{"etarioTotal":{"vacunados":258105,"personasINE":283970,"porcentaje":0.9089164348346657},"etarioRangos":[{"rango":{"min":12,"max":19},"vacunados":21223,"personasINE":25532,"porcentaje":0.7705364764593867},{"rango":{"min":20,"max":29},"vacunados":23469,"personasINE":30458,"porcentaje":0.8948004608381966},{"rango":{"min":30,"max":39},"vacunados":30719,"personasINE":39319,"porcentaje":0.8948004608381966},{"rango":{"min":40,"max":49},"vacunados":47377,"personasINE":52947,"porcentaje":0.8948004608381966},{"rango":{"min":50,"max":59},"vacunados":45306,"personasINE":47664,"porcentaje":0.9505287009063444},{"rango":{"min":60,"max":69},"vacunados":37995,"personasINE":37995,"porcentaje":1},{"rango":{"min":70,"max":79},"vacunados":28657,"personasINE":28657,"porcentaje":1},{"rango":{"min":80,"max":null},"vacunados":23359,"personasINE":23359,"porcentaje":1}]},"pautaCompleta":{"etarioTotal":{"vacunados":252499,"personasINE":283970,"porcentaje":0.889174912842906},"etarioRangos":[{"rango":{"min":12,"max":19},"vacunados":20011,"personasINE":25532,"porcentaje":0.7332720467529057},{"rango":{"min":20,"max":29},"vacunados":22334,"personasINE":30457.999999999996,"porcentaje":0.879823219445861},{"rango":{"min":30,"max":39},"vacunados":29795,"personasINE":39319,"porcentaje":0.879823219445861},{"rango":{"min":40,"max":49},"vacunados":46584,"personasINE":52947,"porcentaje":0.879823219445861},{"rango":{"min":50,"max":59},"vacunados":44683,"personasINE":47664,"porcentaje":0.9374580396106076},{"rango":{"min":60,"max":69},"vacunados":37401,"personasINE":37718,"porcentaje":0.9915955246831751},{"rango":{"min":70,"max":79},"vacunados":28540,"personasINE":28540,"porcentaje":1},{"rango":{"min":80,"max":null},"vacunados":23151,"personasINE":23151,"porcentaje":1}]}}},{"ccaa":"Madrid","dosisAdministradas":9758710,"dosisEntregadas":10825829,"dosisEntregadasModerna":1645800,"dosisEntregadasPfizer":7637679,"dosisEntregadasAstrazeneca":1220900,"dosisEntregadasJanssen":321450,"dosisPrimeraDosis":5294682,"dosisPautaCompletada":5150486,"porcentajeEntregadas":0.9014284264050356,"porcentajePoblacionAdministradas":1.4393615351758022,"porcentajePoblacionPrimeraDosis":0.7809394491472426,"porcentajePoblacionCompletas":0.7596712512065096,"fechaUltRegistro":1633564800000,"etarios":{"unaDosis":{"etarioTotal":{"vacunados":5294682,"personasINE":5977937,"porcentaje":0.8857038807869672},"etarioRangos":[{"rango":{"min":12,"max":19},"vacunados":442533,"personasINE":553542,"porcentaje":0.7873854338529916},{"rango":{"min":20,"max":29},"vacunados":584614,"personasINE":742475,"porcentaje":0.8783400273248648},{"rango":{"min":30,"max":39},"vacunados":734756,"personasINE":949640,"porcentaje":0.8783400273248648},{"rango":{"min":40,"max":49},"vacunados":1024119,"personasINE":1165971,"porcentaje":0.8783400273248648},{"rango":{"min":50,"max":59},"vacunados":937239,"personasINE":972783,"porcentaje":0.9634615325308933},{"rango":{"min":60,"max":69},"vacunados":687263,"personasINE":703323,"porcentaje":0.9771655412946826},{"rango":{"min":70,"max":79},"vacunados":510504,"personasINE":526081,"porcentaje":0.9703904911981235},{"rango":{"min":80,"max":null},"vacunados":373654,"personasINE":373654,"porcentaje":1}]},"pautaCompleta":{"etarioTotal":{"vacunados":5150486,"personasINE":5977937,"porcentaje":0.8615825158411673},"etarioRangos":[{"rango":{"min":12,"max":19},"vacunados":415961,"personasINE":553542,"porcentaje":0.7400707094514967},{"rango":{"min":20,"max":29},"vacunados":549484,"personasINE":742475,"porcentaje":0.858622555792554},{"rango":{"min":30,"max":39},"vacunados":702469,"personasINE":949640,"porcentaje":0.858622555792554},{"rango":{"min":40,"max":49},"vacunados":1001129,"personasINE":1165971,"porcentaje":0.858622555792554},{"rango":{"min":50,"max":59},"vacunados":928423,"personasINE":972783,"porcentaje":0.9543988741579571},{"rango":{"min":60,"max":69},"vacunados":674251,"personasINE":703323,"porcentaje":0.9586647955491289},{"rango":{"min":70,"max":79},"vacunados":508168,"personasINE":526081,"porcentaje":0.9659501103442245},{"rango":{"min":80,"max":null},"vacunados":370601,"personasINE":370601,"porcentaje":1}]}}},{"ccaa":"Murcia","dosisAdministradas":2208387,"dosisEntregadas":2407175,"dosisEntregadasModerna":398000,"dosisEntregadasPfizer":1687865,"dosisEntregadasAstrazeneca":253010,"dosisEntregadasJanssen":68300,"dosisPrimeraDosis":1183214,"dosisPautaCompletada":1146295,"porcentajeEntregadas":0.9174185507908648,"porcentajePoblacionAdministradas":1.4612972960811936,"porcentajePoblacionPrimeraDosis":0.7829367854843438,"porcentajePoblacionCompletas":0.7585073558263982,"fechaUltRegistro":1633564800000,"etarios":{"unaDosis":{"etarioTotal":{"vacunados":1183214,"personasINE":1310137,"porcentaje":0.9031223452203854},"etarioRangos":[{"rango":{"min":12,"max":19},"vacunados":117068,"personasINE":141894,"porcentaje":0.8033997491988296},{"rango":{"min":20,"max":29},"vacunados":138384,"personasINE":172248,"porcentaje":0.9070574487423129},{"rango":{"min":30,"max":39},"vacunados":165068,"personasINE":209003,"porcentaje":0.9070574487423129},{"rango":{"min":40,"max":49},"vacunados":230535,"personasINE":254157,"porcentaje":0.9070574487423129},{"rango":{"min":50,"max":59},"vacunados":206969,"personasINE":213256,"porcentaje":0.9705190006377312},{"rango":{"min":60,"max":69},"vacunados":148033,"personasINE":148033,"porcentaje":1},{"rango":{"min":70,"max":79},"vacunados":103215,"personasINE":103215,"porcentaje":1},{"rango":{"min":80,"max":null},"vacunados":73942,"personasINE":73942,"porcentaje":1}]},"pautaCompleta":{"etarioTotal":{"vacunados":1146295,"personasINE":1310137,"porcentaje":0.8749428494882596},"etarioRangos":[{"rango":{"min":12,"max":19},"vacunados":111079,"personasINE":141894,"porcentaje":0.7526357345223167},{"rango":{"min":20,"max":29},"vacunados":129640,"personasINE":172248,"porcentaje":0.8846539737249023},{"rango":{"min":30,"max":39},"vacunados":157648,"personasINE":209003,"porcentaje":0.8846539737249023},{"rango":{"min":40,"max":49},"vacunados":224841,"personasINE":254157,"porcentaje":0.8846539737249023},{"rango":{"min":50,"max":59},"vacunados":204038,"personasINE":213256,"porcentaje":0.9567749559215215},{"rango":{"min":60,"max":69},"vacunados":145064,"personasINE":146909,"porcentaje":0.9874412050997556},{"rango":{"min":70,"max":79},"vacunados":101153,"personasINE":102899,"porcentaje":0.9830319050719638},{"rango":{"min":80,"max":null},"vacunados":72832,"personasINE":72832,"porcentaje":1}]}}},{"ccaa":"Navarra","dosisAdministradas":974363,"dosisEntregadas":1046175,"dosisEntregadasModerna":151500,"dosisEntregadasPfizer":734325,"dosisEntregadasAstrazeneca":136600,"dosisEntregadasJanssen":23750,"dosisPrimeraDosis":524387,"dosisPautaCompletada":514552,"porcentajeEntregadas":0.9313575644610127,"porcentajePoblacionAdministradas":1.4736349378475704,"porcentajePoblacionPrimeraDosis":0.793087385453957,"porcentajePoblacionCompletas":0.7782128473057198,"fechaUltRegistro":1633564800000,"etarios":{"unaDosis":{"etarioTotal":{"vacunados":524387,"personasINE":581354,"porcentaje":0.9020097909363314},"etarioRangos":[{"rango":{"min":12,"max":19},"vacunados":47715,"personasINE":56388,"porcentaje":0.8244308423972874},{"rango":{"min":20,"max":29},"vacunados":56166,"personasINE":68127,"porcentaje":0.8797059313716412},{"rango":{"min":30,"max":39},"vacunados":63538,"personasINE":81341,"porcentaje":0.8797059313716412},{"rango":{"min":40,"max":49},"vacunados":95010,"personasINE":108002,"porcentaje":0.8797059313716412},{"rango":{"min":50,"max":59},"vacunados":91439,"personasINE":96694,"porcentaje":0.9456532980329699},{"rango":{"min":60,"max":69},"vacunados":72146,"personasINE":73844,"porcentaje":0.9770055793293971},{"rango":{"min":70,"max":79},"vacunados":55876,"personasINE":55876,"porcentaje":1},{"rango":{"min":80,"max":null},"vacunados":42497,"personasINE":42497,"porcentaje":1}]},"pautaCompleta":{"etarioTotal":{"vacunados":514552,"personasINE":581354,"porcentaje":0.8850923877706183},"etarioRangos":[{"rango":{"min":12,"max":19},"vacunados":45884,"personasINE":56388,"porcentaje":0.7883658461402968},{"rango":{"min":20,"max":29},"vacunados":53709,"personasINE":68127,"porcentaje":0.8660024814355289},{"rango":{"min":30,"max":39},"vacunados":61664,"personasINE":81341,"porcentaje":0.8660024814355289},{"rango":{"min":40,"max":49},"vacunados":93530,"personasINE":108002,"porcentaje":0.8660024814355289},{"rango":{"min":50,"max":59},"vacunados":90493,"personasINE":96694,"porcentaje":0.9358698574885722},{"rango":{"min":60,"max":69},"vacunados":71453,"personasINE":73844,"porcentaje":0.9676209306104762},{"rango":{"min":70,"max":79},"vacunados":55717,"personasINE":55792,"porcentaje":0.9986557212503585},{"rango":{"min":80,"max":null},"vacunados":42102,"personasINE":42102,"porcentaje":1}]}}},{"ccaa":"País Vasco","dosisAdministradas":3347925,"dosisEntregadas":3668820,"dosisEntregadasModerna":526100,"dosisEntregadasPfizer":2597220,"dosisEntregadasAstrazeneca":444200,"dosisEntregadasJanssen":101300,"dosisPrimeraDosis":1801288,"dosisPautaCompletada":1766156,"porcentajeEntregadas":0.912534547892783,"porcentajePoblacionAdministradas":1.5077320284043623,"porcentajePoblacionPrimeraDosis":0.8112068251171806,"porcentajePoblacionCompletas":0.7953851918303232,"fechaUltRegistro":1633564800000,"etarios":{"unaDosis":{"etarioTotal":{"vacunados":1801288,"personasINE":1983943,"porcentaje":0.9079333428430152},"etarioRangos":[{"rango":{"min":12,"max":19},"vacunados":142322,"personasINE":168606,"porcentaje":0.7928786209771056},{"rango":{"min":20,"max":29},"vacunados":159792,"personasINE":201534,"porcentaje":0.8816456937092173},{"rango":{"min":30,"max":39},"vacunados":200574,"personasINE":260543,"porcentaje":0.8816456937092173},{"rango":{"min":40,"max":49},"vacunados":319273,"personasINE":362133,"porcentaje":0.8816456937092173},{"rango":{"min":50,"max":59},"vacunados":323201,"personasINE":339977,"porcentaje":0.9506554855181379},{"rango":{"min":60,"max":69},"vacunados":278309,"personasINE":280119,"porcentaje":0.9935384604400272},{"rango":{"min":70,"max":79},"vacunados":213673,"personasINE":213673,"porcentaje":1},{"rango":{"min":80,"max":null},"vacunados":164144,"personasINE":164144,"porcentaje":1}]},"pautaCompleta":{"etarioTotal":{"vacunados":1766156,"personasINE":1983943,"porcentaje":0.8902251727998234},"etarioRangos":[{"rango":{"min":12,"max":19},"vacunados":137589,"personasINE":168606,"porcentaje":0.760095070806911},{"rango":{"min":20,"max":29},"vacunados":153185,"personasINE":201534,"porcentaje":0.8683991793070501},{"rango":{"min":30,"max":39},"vacunados":194238,"personasINE":260543,"porcentaje":0.8683991793070501},{"rango":{"min":40,"max":49},"vacunados":314476,"personasINE":362133,"porcentaje":0.8683991793070501},{"rango":{"min":50,"max":59},"vacunados":319855,"personasINE":339977,"porcentaje":0.9408136432758687},{"rango":{"min":60,"max":69},"vacunados":272862,"personasINE":280119,"porcentaje":0.9740931532670044},{"rango":{"min":70,"max":79},"vacunados":212119,"personasINE":213081,"porcentaje":0.9954852849385915},{"rango":{"min":80,"max":null},"vacunados":161832,"personasINE":157950,"porcentaje":1.0245773979107313}]}}},{"ccaa":"Ceuta","dosisAdministradas":112830,"dosisEntregadas":140230,"dosisEntregadasModerna":22400,"dosisEntregadasPfizer":95580,"dosisEntregadasAstrazeneca":18100,"dosisEntregadasJanssen":4150,"dosisPrimeraDosis":61865,"dosisPautaCompletada":58504,"porcentajeEntregadas":0.8046067175354774,"porcentajePoblacionAdministradas":1.3399919241823235,"porcentajePoblacionPrimeraDosis":0.7347212655281348,"porcentajePoblacionCompletas":0.6948053490415904,"fechaUltRegistro":1633564800000,"etarios":{"unaDosis":{"etarioTotal":{"vacunados":61865,"personasINE":70965,"porcentaje":0.871767772845769},"etarioRangos":[{"rango":{"min":12,"max":19},"vacunados":8170,"personasINE":9126,"porcentaje":0.8207349320689341},{"rango":{"min":20,"max":29},"vacunados":9001,"personasINE":10967,"porcentaje":0.8771555133681379},{"rango":{"min":30,"max":39},"vacunados":9125,"personasINE":11894,"porcentaje":0.8771555133681379},{"rango":{"min":40,"max":49},"vacunados":11089,"personasINE":12642,"porcentaje":0.8771555133681379},{"rango":{"min":50,"max":59},"vacunados":10554,"personasINE":11556,"porcentaje":0.9132917964693665},{"rango":{"min":60,"max":69},"vacunados":7642,"personasINE":7857,"porcentaje":0.9726358661066565},{"rango":{"min":70,"max":79},"vacunados":3888,"personasINE":4318,"porcentaje":0.9004168596572487},{"rango":{"min":80,"max":null},"vacunados":2396,"personasINE":2605,"porcentaje":0.9197696737044145}]},"pautaCompleta":{"etarioTotal":{"vacunados":58504,"personasINE":70965,"porcentaje":0.8244063975199042},"etarioRangos":[{"rango":{"min":12,"max":19},"vacunados":6951,"personasINE":9126,"porcentaje":0.7403118446247834},{"rango":{"min":20,"max":29},"vacunados":8119,"personasINE":10967,"porcentaje":0.8514475557664927},{"rango":{"min":30,"max":39},"vacunados":8589,"personasINE":11894,"porcentaje":0.8514475557664927},{"rango":{"min":40,"max":49},"vacunados":10764,"personasINE":12642,"porcentaje":0.8514475557664927},{"rango":{"min":50,"max":59},"vacunados":10362,"personasINE":11556,"porcentaje":0.8966770508826584},{"rango":{"min":60,"max":69},"vacunados":7490,"personasINE":7857,"porcentaje":0.9532900598192694},{"rango":{"min":70,"max":79},"vacunados":3854,"personasINE":4318,"porcentaje":0.8925428439092172},{"rango":{"min":80,"max":null},"vacunados":2375,"personasINE":2605,"porcentaje":0.9117082533589251}]}}},{"ccaa":"Melilla","dosisAdministradas":100982,"dosisEntregadas":141100,"dosisEntregadasModerna":23500,"dosisEntregadasPfizer":96750,"dosisEntregadasAstrazeneca":15100,"dosisEntregadasJanssen":5750,"dosisPrimeraDosis":56753,"dosisPautaCompletada":54058,"porcentajeEntregadas":0.7156768249468463,"porcentajePoblacionAdministradas":1.1596995727869908,"porcentajePoblacionPrimeraDosis":0.6517639762965686,"porcentajePoblacionCompletas":0.6208140015618541,"fechaUltRegistro":1633478400000,"etarios":{"unaDosis":{"etarioTotal":{"vacunados":56753,"personasINE":70927,"porcentaje":0.8001607286364854},"etarioRangos":[{"rango":{"min":12,"max":19},"vacunados":7571,"personasINE":9574,"porcentaje":0.710045852438516},{"rango":{"min":20,"max":29},"vacunados":8517,"personasINE":11995,"porcentaje":0.8338610231628062},{"rango":{"min":30,"max":39},"vacunados":8529,"personasINE":12133,"porcentaje":0.8338610231628062},{"rango":{"min":40,"max":49},"vacunados":10008,"personasINE":12002,"porcentaje":0.8338610231628062},{"rango":{"min":50,"max":59},"vacunados":9655,"personasINE":11299,"porcentaje":0.8545003982653332},{"rango":{"min":60,"max":69},"vacunados":7151,"personasINE":7827,"porcentaje":0.9136322984540692},{"rango":{"min":70,"max":79},"vacunados":3313,"personasINE":3748,"porcentaje":0.8839381003201707},{"rango":{"min":80,"max":null},"vacunados":2009,"personasINE":2349,"porcentaje":0.8552575564069816}]},"pautaCompleta":{"etarioTotal":{"vacunados":54058,"personasINE":70927,"porcentaje":0.7621639150112087},"etarioRangos":[{"rango":{"min":12,"max":19},"vacunados":6847,"personasINE":9574,"porcentaje":0.6430179241350563},{"rango":{"min":20,"max":29},"vacunados":7713,"personasINE":11995,"porcentaje":0.8132811198133645},{"rango":{"min":30,"max":39},"vacunados":8115,"personasINE":12133.000000000002,"porcentaje":0.8132811198133645},{"rango":{"min":40,"max":49},"vacunados":9761,"personasINE":12002,"porcentaje":0.8132811198133645},{"rango":{"min":50,"max":59},"vacunados":9450,"personasINE":11299,"porcentaje":0.8363571997521905},{"rango":{"min":60,"max":69},"vacunados":6976,"personasINE":7827,"porcentaje":0.8912737958349304},{"rango":{"min":70,"max":79},"vacunados":3235,"personasINE":3748,"porcentaje":0.8631270010672358},{"rango":{"min":80,"max":null},"vacunados":1961,"personasINE":2349,"porcentaje":0.8348233290762026}]}}},{"ccaa":"Fuerzas Armadas","dosisAdministradas":172709,"dosisEntregadas":212238,"dosisEntregadasModerna":58300,"dosisEntregadasPfizer":48138,"dosisEntregadasAstrazeneca":103800,"dosisEntregadasJanssen":2000,"dosisPrimeraDosis":92623,"dosisPautaCompletada":86610,"porcentajeEntregadas":0.8137515430789962,"porcentajePoblacionAdministradas":null,"porcentajePoblacionPrimeraDosis":null,"porcentajePoblacionCompletas":null,"fechaUltRegistro":1633564800000},{"ccaa":"Sanidad Exterior","dosisAdministradas":6451,"dosisEntregadas":8845,"dosisEntregadasModerna":4810,"dosisEntregadasPfizer":0,"dosisEntregadasAstrazeneca":0,"dosisEntregadasJanssen":4035,"dosisPrimeraDosis":4883,"dosisPautaCompletada":4567,"porcentajeEntregadas":0.7293386093838327,"porcentajePoblacionAdministradas":null,"porcentajePoblacionPrimeraDosis":null,"porcentajePoblacionCompletas":null,"fechaUltRegistro":1633564800000,"etarios":{"unaDosis":{"etarioTotal":{"vacunados":4883,"personasINE":"-","porcentaje":"-"},"etarioRangos":[{"rango":{"min":12,"max":19},"vacunados":169,"personasINE":null,"porcentaje":"-"},{"rango":{"min":20,"max":29},"vacunados":1177,"personasINE":null,"porcentaje":"-"},{"rango":{"min":30,"max":39},"vacunados":1390,"personasINE":null,"porcentaje":"-"},{"rango":{"min":40,"max":49},"vacunados":1230,"personasINE":null,"porcentaje":"-"},{"rango":{"min":50,"max":59},"vacunados":644,"personasINE":null,"porcentaje":"-"},{"rango":{"min":60,"max":69},"vacunados":214,"personasINE":null,"porcentaje":"-"},{"rango":{"min":70,"max":79},"vacunados":33,"personasINE":null,"porcentaje":"-"},{"rango":{"min":80,"max":null},"vacunados":26,"personasINE":null,"porcentaje":"-"}]},"pautaCompleta":{"etarioTotal":{"vacunados":4567,"personasINE":"-","porcentaje":"-"},"etarioRangos":[{"rango":{"min":12,"max":19},"vacunados":148,"personasINE":null,"porcentaje":"-"},{"rango":{"min":20,"max":29},"vacunados":1094,"personasINE":null,"porcentaje":"-"},{"rango":{"min":30,"max":39},"vacunados":1286,"personasINE":null,"porcentaje":"-"},{"rango":{"min":40,"max":49},"vacunados":1163,"personasINE":null,"porcentaje":"-"},{"rango":{"min":50,"max":59},"vacunados":615,"personasINE":null,"porcentaje":"-"},{"rango":{"min":60,"max":69},"vacunados":204,"personasINE":null,"porcentaje":"-"},{"rango":{"min":70,"max":79},"vacunados":32,"personasINE":null,"porcentaje":"-"},{"rango":{"min":80,"max":null},"vacunados":25,"personasINE":null,"porcentaje":"-"}]}}},{"ccaa":"Totales","dosisAdministradas":70699744,"dosisEntregadas":75641871,"dosisEntregadasModerna":10752760,"dosisEntregadasPfizer":53616591,"dosisEntregadasAstrazeneca":9111010,"dosisEntregadasJanssen":2161510,"dosisPrimeraDosis":37788299,"dosisPautaCompletada":36867685,"porcentajeEntregadas":0.9346641359518989,"porcentajePoblacionAdministradas":1.5061726459309757,"porcentajePoblacionPrimeraDosis":0.8050340647635279,"porcentajePoblacionCompletas":0.7854214955262037,"fechaUltRegistro":null,"etarios":{"unaDosis":{"etarioTotal":{"vacunados":37788299,"personasINE":42119827,"porcentaje":0.897161780840173},"etarioRangos":[{"rango":{"min":12,"max":19},"vacunados":3256219,"personasINE":3888686,"porcentaje":0.7932177064457675},{"rango":{"min":20,"max":29},"vacunados":3922176,"personasINE":4944640,"porcentaje":0.8801353871777531},{"rango":{"min":30,"max":39},"vacunados":4849836,"personasINE":6230403,"porcentaje":0.8801353871777531},{"rango":{"min":40,"max":49},"vacunados":6945797,"personasINE":7891737.000000001,"porcentaje":0.8801353871777531},{"rango":{"min":50,"max":59},"vacunados":6665485,"personasINE":7033306,"porcentaje":0.9477029721158158},{"rango":{"min":60,"max":69},"vacunados":5271407,"personasINE":5336986,"porcentaje":0.9877123530022376},{"rango":{"min":70,"max":79},"vacunados":3940913,"personasINE":3960045,"porcentaje":0.9951687417693486},{"rango":{"min":80,"max":null},"vacunados":2936466,"personasINE":2936466,"porcentaje":1}]},"pautaCompleta":{"etarioTotal":{"vacunados":36867685,"personasINE":42119827,"porcentaje":0.875304758492954},"etarioRangos":[{"rango":{"min":12,"max":19},"vacunados":3075112,"personasINE":3888686,"porcentaje":0.7500487396453533},{"rango":{"min":20,"max":29},"vacunados":3708721,"personasINE":4944640,"porcentaje":0.8640740308502425},{"rango":{"min":30,"max":39},"vacunados":4665520,"personasINE":6230403,"porcentaje":0.8640740308502425},{"rango":{"min":40,"max":49},"vacunados":6819045,"personasINE":7891737,"porcentaje":0.8640740308502425},{"rango":{"min":50,"max":59},"vacunados":6587912,"personasINE":7033306,"porcentaje":0.936673592759934},{"rango":{"min":60,"max":69},"vacunados":5195945,"personasINE":5336986,"porcentaje":0.9735729117520638},{"rango":{"min":70,"max":79},"vacunados":3914246,"personasINE":3960045,"porcentaje":0.9884347273831484},{"rango":{"min":80,"max":null},"vacunados":2901184,"personasINE":2901184,"porcentaje":1}]}}}]