[{"ccaa":"Andalucía","dosisAdministradas":457018,"dosisEntregadas":545910,"dosisEntregadasModerna":36300,"dosisEntregadasPfizer":475110,"dosisEntregadasAstrazeneca":34500,"dosisPautaCompletada":190867,"porcentajeEntregadas":0.8371672986389698,"porcentajePoblacionAdministradas":0.05399288857783489,"porcentajePoblacionCompletas":0.02254935399521597,"fechaUltRegistro":1613260800000},{"ccaa":"Aragón","dosisAdministradas":91343,"dosisEntregadas":92745,"dosisEntregadasModerna":6300,"dosisEntregadasPfizer":81045,"dosisEntregadasAstrazeneca":5400,"dosisPautaCompletada":36979,"porcentajeEntregadas":0.9848832821176344,"porcentajePoblacionAdministradas":0.06871040950329887,"porcentajePoblacionCompletas":0.027816496425807004,"fechaUltRegistro":1613174400000},{"ccaa":"Asturias","dosisAdministradas":80484,"dosisEntregadas":94475,"dosisEntregadasModerna":6300,"dosisEntregadasPfizer":83975,"dosisEntregadasAstrazeneca":4200,"dosisPautaCompletada":33466,"porcentajeEntregadas":0.8519079121460704,"porcentajePoblacionAdministradas":0.07900006281998932,"porcentajePoblacionCompletas":0.03284896504067594,"fechaUltRegistro":1613174400000},{"ccaa":"Baleares","dosisAdministradas":43862,"dosisEntregadas":50480,"dosisEntregadasModerna":3200,"dosisEntregadasPfizer":42480,"dosisEntregadasAstrazeneca":4800,"dosisPautaCompletada":18653,"porcentajeEntregadas":0.8688985736925515,"porcentajePoblacionAdministradas":0.0374395135304466,"porcentajePoblacionCompletas":0.01592173740101729,"fechaUltRegistro":1613174400000},{"ccaa":"Canarias","dosisAdministradas":104706,"dosisEntregadas":109470,"dosisEntregadasModerna":7000,"dosisEntregadasPfizer":93570,"dosisEntregadasAstrazeneca":8900,"dosisPautaCompletada":43371,"porcentajeEntregadas":0.9564812277336256,"porcentajePoblacionAdministradas":0.048119627638844975,"porcentajePoblacionCompletas":0.019931965411001715,"fechaUltRegistro":1613260800000},{"ccaa":"Cantabria","dosisAdministradas":42494,"dosisEntregadas":44645,"dosisEntregadasModerna":2900,"dosisEntregadasPfizer":39345,"dosisEntregadasAstrazeneca":2400,"dosisPautaCompletada":18916,"porcentajeEntregadas":0.9518199126441931,"porcentajePoblacionAdministradas":0.07290038685549104,"porcentajePoblacionCompletas":0.032451257065902676,"fechaUltRegistro":1613174400000},{"ccaa":"Castilla y Leon","dosisAdministradas":186398,"dosisEntregadas":200855,"dosisEntregadasModerna":13500,"dosisEntregadasPfizer":177555,"dosisEntregadasAstrazeneca":9800,"dosisPautaCompletada":78271,"porcentajeEntregadas":0.9280227029449105,"porcentajePoblacionAdministradas":0.07783063971292545,"porcentajePoblacionCompletas":0.032682121058006997,"fechaUltRegistro":1613260800000},{"ccaa":"Castilla La Mancha","dosisAdministradas":125951,"dosisEntregadas":137875,"dosisEntregadasModerna":9200,"dosisEntregadasPfizer":120375,"dosisEntregadasAstrazeneca":8300,"dosisPautaCompletada":49378,"porcentajeEntregadas":0.9135158658204896,"porcentajePoblacionAdministradas":0.061583075863195225,"porcentajePoblacionCompletas":0.024143112162450905,"fechaUltRegistro":1613260800000},{"ccaa":"Cataluña","dosisAdministradas":402742,"dosisEntregadas":473320,"dosisEntregadasModerna":31400,"dosisEntregadasPfizer":410120,"dosisEntregadasAstrazeneca":31800,"dosisPautaCompletada":162003,"porcentajeEntregadas":0.8508873489394068,"porcentajePoblacionAdministradas":0.05176313694825216,"porcentajePoblacionCompletas":0.020821725757501564,"fechaUltRegistro":1613260800000},{"ccaa":"C. Valenciana","dosisAdministradas":219822,"dosisEntregadas":243580,"dosisEntregadasModerna":15700,"dosisEntregadasPfizer":207280,"dosisEntregadasAstrazeneca":20600,"dosisPautaCompletada":94255,"porcentajeEntregadas":0.9024632564249938,"porcentajePoblacionAdministradas":0.043465820954163174,"porcentajePoblacionCompletas":0.01863721990535365,"fechaUltRegistro":1613260800000},{"ccaa":"Extremadura","dosisAdministradas":78038,"dosisEntregadas":84075,"dosisEntregadasModerna":5400,"dosisEntregadasPfizer":74375,"dosisEntregadasAstrazeneca":4300,"dosisPautaCompletada":31116,"porcentajeEntregadas":0.928195063931014,"porcentajePoblacionAdministradas":0.07334488109347201,"porcentajePoblacionCompletas":0.029244718215542108,"fechaUltRegistro":1613260800000},{"ccaa":"Galicia","dosisAdministradas":134518,"dosisEntregadas":149615,"dosisEntregadasModerna":9800,"dosisEntregadasPfizer":128815,"dosisEntregadasAstrazeneca":11000,"dosisPautaCompletada":55343,"porcentajeEntregadas":0.8990943421448384,"porcentajePoblacionAdministradas":0.04978793916246795,"porcentajePoblacionCompletas":0.0204836075251525,"fechaUltRegistro":1613260800000},{"ccaa":"La Rioja","dosisAdministradas":21095,"dosisEntregadas":22655,"dosisEntregadasModerna":1400,"dosisEntregadasPfizer":19955,"dosisEntregadasAstrazeneca":1300,"dosisPautaCompletada":8449,"porcentajeEntregadas":0.9311410284705363,"porcentajePoblacionAdministradas":0.06593959626649662,"porcentajePoblacionCompletas":0.026410222747363352,"fechaUltRegistro":1613174400000},{"ccaa":"Madrid","dosisAdministradas":338333,"dosisEntregadas":386475,"dosisEntregadasModerna":25400,"dosisEntregadasPfizer":333375,"dosisEntregadasAstrazeneca":27700,"dosisPautaCompletada":152696,"porcentajeEntregadas":0.8754330810531082,"porcentajePoblacionAdministradas":0.04990244676608227,"porcentajePoblacionCompletas":0.02252190596658824,"fechaUltRegistro":1613260800000},{"ccaa":"Murcia","dosisAdministradas":90378,"dosisEntregadas":100105,"dosisEntregadasModerna":6600,"dosisEntregadasPfizer":87305,"dosisEntregadasAstrazeneca":6200,"dosisPautaCompletada":37453,"porcentajeEntregadas":0.9028320263723091,"porcentajePoblacionAdministradas":0.05980343437324442,"porcentajePoblacionCompletas":0.024782779300063326,"fechaUltRegistro":1613260800000},{"ccaa":"Navarra","dosisAdministradas":40295,"dosisEntregadas":44945,"dosisEntregadasModerna":2900,"dosisEntregadasPfizer":39345,"dosisEntregadasAstrazeneca":2700,"dosisPautaCompletada":15344,"porcentajeEntregadas":0.8965402158193347,"porcentajePoblacionAdministradas":0.06094250276392663,"porcentajePoblacionCompletas":0.02320639688322845,"fechaUltRegistro":1613088000000},{"ccaa":"País Vasco","dosisAdministradas":97787,"dosisEntregadas":124460,"dosisEntregadasModerna":7900,"dosisEntregadasPfizer":107460,"dosisEntregadasAstrazeneca":9100,"dosisPautaCompletada":41483,"porcentajeEntregadas":0.7856901815844448,"porcentajePoblacionAdministradas":0.04403820033650018,"porcentajePoblacionCompletas":0.0186817947637113,"fechaUltRegistro":1613260800000},{"ccaa":"Ceuta","dosisAdministradas":3522,"dosisEntregadas":5120,"dosisEntregadasModerna":400,"dosisEntregadasPfizer":4320,"dosisEntregadasAstrazeneca":400,"dosisPautaCompletada":964,"porcentajeEntregadas":0.687890625,"porcentajePoblacionAdministradas":0.041827985083489706,"porcentajePoblacionCompletas":0.011448659176741646,"fechaUltRegistro":1613260800000},{"ccaa":"Melilla","dosisAdministradas":2822,"dosisEntregadas":3950,"dosisEntregadasModerna":400,"dosisEntregadasPfizer":3150,"dosisEntregadasAstrazeneca":400,"dosisPautaCompletada":1084,"porcentajeEntregadas":0.7144303797468354,"porcentajePoblacionAdministradas":0.032408470761174146,"porcentajePoblacionCompletas":0.012448895217970508,"fechaUltRegistro":1613260800000},{"ccaa":"Totales","dosisAdministradas":2561608,"dosisEntregadas":2914755,"dosisEntregadasModerna":192000,"dosisEntregadasPfizer":2528955,"dosisEntregadasAstrazeneca":193800,"dosisPautaCompletada":1070091,"porcentajeEntregadas":0.8788416179061362,"porcentajePoblacionAdministradas":0.054571964209629314,"porcentajePoblacionCompletas":0.022796996165317426,"fechaUltRegistro":null}]