[{"ccaa":"Andalucía","dosisAdministradas":69445,"dosisEntregadas":140295,"porcentajeEntregadas":0.4949926939662853,"porcentajePoblacionAdministradas":0.00820435113559585,"porcentajePoblacionCompletas":null},{"ccaa":"Aragón","dosisAdministradas":9944,"dosisEntregadas":23715,"porcentajeEntregadas":0.41931267130508115,"porcentajePoblacionAdministradas":0.007480116835453227,"porcentajePoblacionCompletas":null},{"ccaa":"Asturias","dosisAdministradas":17843,"dosisEntregadas":23720,"porcentajeEntregadas":0.7522344013490725,"porcentajePoblacionAdministradas":0.01751401671011716,"porcentajePoblacionCompletas":null},{"ccaa":"Baleares","dosisAdministradas":4257,"dosisEntregadas":12840,"porcentajeEntregadas":0.33154205607476633,"porcentajePoblacionAdministradas":0.003633669442777602,"porcentajePoblacionCompletas":null},{"ccaa":"Canarias","dosisAdministradas":9572,"dosisEntregadas":27660,"porcentajeEntregadas":0.346059291395517,"porcentajePoblacionAdministradas":0.004398994095457988,"porcentajePoblacionCompletas":null},{"ccaa":"Cantabria","dosisAdministradas":2334,"dosisEntregadas":11850,"porcentajeEntregadas":0.1969620253164557,"porcentajePoblacionAdministradas":0.004004082998087167,"porcentajePoblacionCompletas":null},{"ccaa":"Castilla y Leon","dosisAdministradas":28325,"dosisEntregadas":51390,"porcentajeEntregadas":0.551177271842771,"porcentajePoblacionAdministradas":0.011827127275338863,"porcentajePoblacionCompletas":null},{"ccaa":"Castilla La Mancha","dosisAdministradas":12380,"dosisEntregadas":35550,"porcentajeEntregadas":0.34824191279887484,"porcentajePoblacionAdministradas":0.006053135578013329,"porcentajePoblacionCompletas":null},{"ccaa":"Cataluña","dosisAdministradas":38826,"dosisEntregadas":120545,"porcentajeEntregadas":0.32208718735741837,"porcentajePoblacionAdministradas":0.00499018119578499,"porcentajePoblacionCompletas":null},{"ccaa":"C. Valenciana","dosisAdministradas":15965,"dosisEntregadas":61225,"porcentajeEntregadas":0.2607594936708861,"porcentajePoblacionAdministradas":0.003156789727748884,"porcentajePoblacionCompletas":null},{"ccaa":"Extremadura","dosisAdministradas":4727,"dosisEntregadas":21725,"porcentajeEntregadas":0.21758342922899884,"porcentajePoblacionAdministradas":0.004442723454327919,"porcentajePoblacionCompletas":null},{"ccaa":"Galicia","dosisAdministradas":24750,"dosisEntregadas":37555,"porcentajeEntregadas":0.6590334176541073,"porcentajePoblacionAdministradas":0.00916049520711787,"porcentajePoblacionCompletas":null},{"ccaa":"La Rioja","dosisAdministradas":1674,"dosisEntregadas":5915,"porcentajeEntregadas":0.28300929839391376,"porcentajePoblacionAdministradas":0.0052326562763742755,"porcentajePoblacionCompletas":null},{"ccaa":"Madrid","dosisAdministradas":14152,"dosisEntregadas":98790,"porcentajeEntregadas":0.14325336572527583,"porcentajePoblacionAdministradas":0.0020873501155181324,"porcentajePoblacionCompletas":null},{"ccaa":"Murcia","dosisAdministradas":8958,"dosisEntregadas":25685,"porcentajeEntregadas":0.34876386996301345,"porcentajePoblacionAdministradas":0.005927539502041686,"porcentajePoblacionCompletas":null},{"ccaa":"Navarra","dosisAdministradas":3703,"dosisEntregadas":11850,"porcentajeEntregadas":0.31248945147679325,"porcentajePoblacionAdministradas":0.00560044888285942,"porcentajePoblacionCompletas":null},{"ccaa":"País Vasco","dosisAdministradas":9811,"dosisEntregadas":31605,"porcentajeEntregadas":0.31042556557506723,"porcentajePoblacionAdministradas":0.004418366280808321,"porcentajePoblacionCompletas":null},{"ccaa":"Ceuta","dosisAdministradas":637,"dosisEntregadas":1005,"porcentajeEntregadas":0.6338308457711442,"porcentajePoblacionAdministradas":0.007565140970523266,"porcentajePoblacionCompletas":null},{"ccaa":"Melilla","dosisAdministradas":673,"dosisEntregadas":1005,"porcentajeEntregadas":0.6696517412935323,"porcentajePoblacionAdministradas":0.007728880518168037,"porcentajePoblacionCompletas":null},{"ccaa":"Totales","dosisAdministradas":277976,"dosisEntregadas":743925,"porcentajeEntregadas":0.37366132338609404,"porcentajePoblacionAdministradas":0.005921942905837239,"porcentajePoblacionCompletas":null}]
