[{"ccaa":"Andalucía","dosisAdministradas":11192510,"dosisEntregadas":11498070,"dosisEntregadasModerna":1305500,"dosisEntregadasPfizer":7861320,"dosisEntregadasAstrazeneca":1805800,"dosisEntregadasJanssen":525450,"dosisPrimeraDosis":6307893,"dosisPautaCompletada":5192203,"porcentajeEntregadas":0.9734251052567953,"porcentajePoblacionAdministradas":1.322302284234544,"porcentajePoblacionPrimeraDosis":0.7452252732056608,"porcentajePoblacionCompletas":0.6134157474158568,"fechaUltRegistro":1629158400000,"etarios":{"unaDosis":{"etarioTotal":{"vacunados":6307893,"personasINE":7451975,"porcentaje":0.8464726465131727},"etarioRangos":[{"rango":{"min":12,"max":19},"vacunados":418478,"personasINE":752907,"porcentaje":0.7040709744667655},{"rango":{"min":20,"max":29},"vacunados":653851,"personasINE":928672,"porcentaje":0.8640920530728878},{"rango":{"min":30,"max":39},"vacunados":853286,"personasINE":1140217,"porcentaje":0.8640920530728878},{"rango":{"min":40,"max":49},"vacunados":1196866,"personasINE":1385114,"porcentaje":0.8640920530728878},{"rango":{"min":50,"max":59},"vacunados":1185871,"personasINE":1265021,"porcentaje":0.9374318687199659},{"rango":{"min":60,"max":69},"vacunados":915422,"personasINE":916147,"porcentaje":0.999208642281206},{"rango":{"min":70,"max":79},"vacunados":651165,"personasINE":651165,"porcentaje":1},{"rango":{"min":80,"max":null},"vacunados":432954,"personasINE":432954,"porcentaje":1}]},"pautaCompleta":{"etarioTotal":{"vacunados":5192203,"personasINE":7451975,"porcentaje":0.6967552897050782},"etarioRangos":[{"rango":{"min":12,"max":19},"vacunados":17954,"personasINE":752907,"porcentaje":0.332652432721133},{"rango":{"min":20,"max":29},"vacunados":308925,"personasINE":928672,"porcentaje":0.8076519333426707},{"rango":{"min":30,"max":39},"vacunados":690042,"personasINE":1140217,"porcentaje":0.8076519333426707},{"rango":{"min":40,"max":49},"vacunados":1118690,"personasINE":1385114,"porcentaje":0.8076519333426707},{"rango":{"min":50,"max":59},"vacunados":1121307,"personasINE":1265021,"porcentaje":0.8863939808113858},{"rango":{"min":60,"max":69},"vacunados":864112,"personasINE":916147,"porcentaje":0.943202346348348},{"rango":{"min":70,"max":79},"vacunados":645162,"personasINE":650381,"porcentaje":0.9919754728382286},{"rango":{"min":80,"max":null},"vacunados":426011,"personasINE":426011,"porcentaje":1}]}}},{"ccaa":"Aragón","dosisAdministradas":1778042,"dosisEntregadas":1899915,"dosisEntregadasModerna":203700,"dosisEntregadasPfizer":1345815,"dosisEntregadasAstrazeneca":285700,"dosisEntregadasJanssen":64700,"dosisPrimeraDosis":983649,"dosisPautaCompletada":892200,"porcentajeEntregadas":0.9358534460752191,"porcentajePoblacionAdministradas":1.3374861120618389,"porcentajePoblacionPrimeraDosis":0.7399245218299206,"porcentajePoblacionCompletas":0.6711343765679172,"fechaUltRegistro":1629158400000,"etarios":{"unaDosis":{"etarioTotal":{"vacunados":983649,"personasINE":1185134,"porcentaje":0.8299896889296906},"etarioRangos":[{"rango":{"min":12,"max":19},"vacunados":49871,"personasINE":103109,"porcentaje":0.6713292075981012},{"rango":{"min":20,"max":29},"vacunados":87542,"personasINE":130401,"porcentaje":0.8358122851174498},{"rango":{"min":30,"max":39},"vacunados":113673,"personasINE":164286,"porcentaje":0.8358122851174498},{"rango":{"min":40,"max":49},"vacunados":179652,"personasINE":214943,"porcentaje":0.8358122851174498},{"rango":{"min":50,"max":59},"vacunados":180917,"personasINE":198266,"porcentaje":0.9124963432963796},{"rango":{"min":60,"max":69},"vacunados":152234,"personasINE":156367,"porcentaje":0.9735685918384314},{"rango":{"min":70,"max":79},"vacunados":118765,"personasINE":118955,"porcentaje":0.9984027573452146},{"rango":{"min":80,"max":null},"vacunados":100995,"personasINE":100995,"porcentaje":1}]},"pautaCompleta":{"etarioTotal":{"vacunados":892200,"personasINE":1185134,"porcentaje":0.7528262626842197},"etarioRangos":[{"rango":{"min":12,"max":19},"vacunados":18467,"personasINE":103109,"porcentaje":0.44786466361454286},{"rango":{"min":20,"max":29},"vacunados":58402,"personasINE":130401,"porcentaje":0.807223310366004},{"rango":{"min":30,"max":39},"vacunados":100841,"personasINE":164286,"porcentaje":0.807223310366004},{"rango":{"min":40,"max":49},"vacunados":173507,"personasINE":214943,"porcentaje":0.807223310366004},{"rango":{"min":50,"max":59},"vacunados":176851,"personasINE":198266,"porcentaje":0.8919885406474131},{"rango":{"min":60,"max":69},"vacunados":147009,"personasINE":156367,"porcentaje":0.9401536129746046},{"rango":{"min":70,"max":79},"vacunados":117794,"personasINE":118955,"porcentaje":0.9902400067252323},{"rango":{"min":80,"max":null},"vacunados":99329,"personasINE":99329,"porcentaje":1}]}}},{"ccaa":"Asturias","dosisAdministradas":1510427,"dosisEntregadas":1523405,"dosisEntregadasModerna":148800,"dosisEntregadasPfizer":1089005,"dosisEntregadasAstrazeneca":235900,"dosisEntregadasJanssen":49700,"dosisPrimeraDosis":822472,"dosisPautaCompletada":737546,"porcentajeEntregadas":0.9914809259520614,"porcentajePoblacionAdministradas":1.4825782501491975,"porcentajePoblacionPrimeraDosis":0.807307535257719,"porcentajePoblacionCompletas":0.7239473725539467,"fechaUltRegistro":1629158400000,"etarios":{"unaDosis":{"etarioTotal":{"vacunados":822472,"personasINE":933927,"porcentaje":0.8806598374391146},"etarioRangos":[{"rango":{"min":12,"max":19},"vacunados":35792,"personasINE":64000,"porcentaje":0.714616172213725},{"rango":{"min":20,"max":29},"vacunados":56534,"personasINE":79111,"porcentaje":0.8753420802069548},{"rango":{"min":30,"max":39},"vacunados":84840,"personasINE":114451,"porcentaje":0.8753420802069548},{"rango":{"min":40,"max":49},"vacunados":146176,"personasINE":166993,"porcentaje":0.8753420802069548},{"rango":{"min":50,"max":59},"vacunados":150273,"personasINE":162645,"porcentaje":0.9239324910080237},{"rango":{"min":60,"max":69},"vacunados":146169,"personasINE":149652,"porcentaje":0.9767260043300457},{"rango":{"min":70,"max":79},"vacunados":113966,"personasINE":113966,"porcentaje":1},{"rango":{"min":80,"max":null},"vacunados":88722,"personasINE":88722,"porcentaje":1}]},"pautaCompleta":{"etarioTotal":{"vacunados":737546,"personasINE":933927,"porcentaje":0.7897255352934437},"etarioRangos":[{"rango":{"min":12,"max":19},"vacunados":3155,"personasINE":64000.00000000001,"porcentaje":0.38916206342986437},{"rango":{"min":20,"max":29},"vacunados":30787,"personasINE":79111,"porcentaje":0.8400112579569203},{"rango":{"min":30,"max":39},"vacunados":73536,"personasINE":114451,"porcentaje":0.8400112579569203},{"rango":{"min":40,"max":49},"vacunados":140276,"personasINE":166993,"porcentaje":0.8400112579569203},{"rango":{"min":50,"max":59},"vacunados":145867,"personasINE":162645,"porcentaje":0.8968428171785177},{"rango":{"min":60,"max":69},"vacunados":142740,"personasINE":149652,"porcentaje":0.9538128458022612},{"rango":{"min":70,"max":79},"vacunados":113436,"personasINE":113436,"porcentaje":1},{"rango":{"min":80,"max":null},"vacunados":87749,"personasINE":87826,"porcentaje":0.9991232664586797}]}}},{"ccaa":"Baleares","dosisAdministradas":1437254,"dosisEntregadas":1678280,"dosisEntregadasModerna":252300,"dosisEntregadasPfizer":1107180,"dosisEntregadasAstrazeneca":256400,"dosisEntregadasJanssen":62400,"dosisPrimeraDosis":801936,"dosisPautaCompletada":716296,"porcentajeEntregadas":0.8563851085635293,"porcentajePoblacionAdministradas":1.226804308505962,"porcentajePoblacionPrimeraDosis":0.6845126469963116,"porcentajePoblacionCompletas":0.6114124705623267,"fechaUltRegistro":1629158400000,"etarios":{"unaDosis":{"etarioTotal":{"vacunados":801936,"personasINE":1034867,"porcentaje":0.7749169700067738},"etarioRangos":[{"rango":{"min":12,"max":19},"vacunados":60530,"personasINE":95480,"porcentaje":0.6122573255426194},{"rango":{"min":20,"max":29},"vacunados":84456,"personasINE":137942,"porcentaje":0.7720107483072386},{"rango":{"min":30,"max":39},"vacunados":113986,"personasINE":182187,"porcentaje":0.7720107483072386},{"rango":{"min":40,"max":49},"vacunados":159167,"personasINE":206172,"porcentaje":0.7720107483072386},{"rango":{"min":50,"max":59},"vacunados":145643,"personasINE":165797,"porcentaje":0.8784417088367099},{"rango":{"min":60,"max":69},"vacunados":108414,"personasINE":117231,"porcentaje":0.9247895181308698},{"rango":{"min":70,"max":79},"vacunados":78590,"personasINE":80516,"porcentaje":0.9760792885886035},{"rango":{"min":80,"max":null},"vacunados":51150,"personasINE":51150,"porcentaje":1}]},"pautaCompleta":{"etarioTotal":{"vacunados":716296,"personasINE":1034867,"porcentaje":0.6921623744887024},"etarioRangos":[{"rango":{"min":12,"max":19},"vacunados":32936,"personasINE":95480,"porcentaje":0.4760189064969335},{"rango":{"min":20,"max":29},"vacunados":65663,"personasINE":137942,"porcentaje":0.7283675765865394},{"rango":{"min":30,"max":39},"vacunados":94393,"personasINE":182187.00000000003,"porcentaje":0.7283675765865394},{"rango":{"min":40,"max":49},"vacunados":150169,"personasINE":206172,"porcentaje":0.7283675765865394},{"rango":{"min":50,"max":59},"vacunados":140932,"personasINE":165797,"porcentaje":0.8500274431986103},{"rango":{"min":60,"max":69},"vacunados":103933,"personasINE":117231,"porcentaje":0.8865658400934906},{"rango":{"min":70,"max":79},"vacunados":77881,"personasINE":80516,"porcentaje":0.9672735853743355},{"rango":{"min":80,"max":null},"vacunados":50389,"personasINE":50389,"porcentaje":1}]}}},{"ccaa":"Canarias","dosisAdministradas":2781775,"dosisEntregadas":3049160,"dosisEntregadasModerna":443900,"dosisEntregadasPfizer":1967910,"dosisEntregadasAstrazeneca":503700,"dosisEntregadasJanssen":133650,"dosisPrimeraDosis":1577077,"dosisPautaCompletada":1347109,"porcentajeEntregadas":0.912308635821013,"porcentajePoblacionAdministradas":1.2784174467083833,"porcentajePoblacionPrimeraDosis":0.7247756384332007,"porcentajePoblacionCompletas":0.6190894835915498,"fechaUltRegistro":1629158400000,"etarios":{"unaDosis":{"etarioTotal":{"vacunados":1577077,"personasINE":1960774,"porcentaje":0.8043135006890136},"etarioRangos":[{"rango":{"min":12,"max":19},"vacunados":114527,"personasINE":179797,"porcentaje":0.6649228593673038},{"rango":{"min":20,"max":29},"vacunados":167393,"personasINE":251748,"porcentaje":0.786053453769295},{"rango":{"min":30,"max":39},"vacunados":213135,"personasINE":310934,"porcentaje":0.786053453769295},{"rango":{"min":40,"max":49},"vacunados":304929,"personasINE":387924,"porcentaje":0.786053453769295},{"rango":{"min":50,"max":59},"vacunados":313664,"personasINE":350512,"porcentaje":0.8948737846350482},{"rango":{"min":60,"max":69},"vacunados":220746,"personasINE":235092,"porcentaje":0.9389770813128477},{"rango":{"min":70,"max":79},"vacunados":150233,"personasINE":154531,"porcentaje":0.9721868104134446},{"rango":{"min":80,"max":null},"vacunados":92450,"personasINE":92450,"porcentaje":1}]},"pautaCompleta":{"etarioTotal":{"vacunados":1347109,"personasINE":1960774,"porcentaje":0.6870292037736119},"etarioRangos":[{"rango":{"min":12,"max":19},"vacunados":22968,"personasINE":179797,"porcentaje":0.4222476444698667},{"rango":{"min":20,"max":29},"vacunados":106300,"personasINE":251748,"porcentaje":0.7470690135181118},{"rango":{"min":30,"max":39},"vacunados":175335,"personasINE":310934,"porcentaje":0.7470690135181118},{"rango":{"min":40,"max":49},"vacunados":289806,"personasINE":387924,"porcentaje":0.7470690135181118},{"rango":{"min":50,"max":59},"vacunados":306316,"personasINE":350512,"porcentaje":0.8739101657004611},{"rango":{"min":60,"max":69},"vacunados":207282,"personasINE":235092,"porcentaje":0.8817058853555204},{"rango":{"min":70,"max":79},"vacunados":148270,"personasINE":154531,"porcentaje":0.9594838576078586},{"rango":{"min":80,"max":null},"vacunados":90832,"personasINE":90832,"porcentaje":1}]}}},{"ccaa":"Cantabria","dosisAdministradas":768404,"dosisEntregadas":833675,"dosisEntregadasModerna":84600,"dosisEntregadasPfizer":593925,"dosisEntregadasAstrazeneca":130200,"dosisEntregadasJanssen":24950,"dosisPrimeraDosis":423247,"dosisPautaCompletada":374925,"porcentajeEntregadas":0.9217069001709299,"porcentajePoblacionAdministradas":1.3182319588955318,"porcentajePoblacionPrimeraDosis":0.7260994501676946,"porcentajePoblacionCompletas":0.643200864634889,"fechaUltRegistro":1629158400000,"etarios":{"unaDosis":{"etarioTotal":{"vacunados":423247,"personasINE":524127,"porcentaje":0.8075275648840834},"etarioRangos":[{"rango":{"min":12,"max":19},"vacunados":5331,"personasINE":43963,"porcentaje":0.5863775863775864},{"rango":{"min":20,"max":29},"vacunados":29615,"personasINE":50505,"porcentaje":0.8566314475958637},{"rango":{"min":30,"max":39},"vacunados":48618,"personasINE":70473,"porcentaje":0.8566314475958637},{"rango":{"min":40,"max":49},"vacunados":83752,"personasINE":97769,"porcentaje":0.8566314475958637},{"rango":{"min":50,"max":59},"vacunados":82136,"personasINE":89964,"porcentaje":0.9129874171890978},{"rango":{"min":60,"max":69},"vacunados":75573,"personasINE":77345,"porcentaje":0.9770896631973625},{"rango":{"min":70,"max":79},"vacunados":55900,"personasINE":55900,"porcentaje":1},{"rango":{"min":80,"max":null},"vacunados":42322,"personasINE":42322,"porcentaje":1}]},"pautaCompleta":{"etarioTotal":{"vacunados":374925,"personasINE":524127,"porcentaje":0.7153323526549863},"etarioRangos":[{"rango":{"min":12,"max":19},"vacunados":775,"personasINE":43963.00000000001,"porcentaje":0.15384615384615385},{"rango":{"min":20,"max":29},"vacunados":7770,"personasINE":50505,"porcentaje":0.8201065777495934},{"rango":{"min":30,"max":39},"vacunados":33869,"personasINE":70473,"porcentaje":0.8201065777495934},{"rango":{"min":40,"max":49},"vacunados":80181,"personasINE":97769,"porcentaje":0.8201065777495934},{"rango":{"min":50,"max":59},"vacunados":80536,"personasINE":89964,"porcentaje":0.8952025254546263},{"rango":{"min":60,"max":69},"vacunados":74351,"personasINE":77345,"porcentaje":0.9612903225806452},{"rango":{"min":70,"max":79},"vacunados":55594,"personasINE":55594,"porcentaje":1},{"rango":{"min":80,"max":null},"vacunados":41849,"personasINE":41849,"porcentaje":1}]}}},{"ccaa":"Castilla y Leon","dosisAdministradas":3332460,"dosisEntregadas":3464495,"dosisEntregadasModerna":358300,"dosisEntregadasPfizer":2478945,"dosisEntregadasAstrazeneca":514400,"dosisEntregadasJanssen":112850,"dosisPrimeraDosis":1860988,"dosisPautaCompletada":1644071,"porcentajeEntregadas":0.9618891064931542,"porcentajePoblacionAdministradas":1.3914714407758428,"porcentajePoblacionPrimeraDosis":0.7770570850442479,"porcentajePoblacionCompletas":0.686483211533756,"fechaUltRegistro":1629158400000,"etarios":{"unaDosis":{"etarioTotal":{"vacunados":1860988,"personasINE":2176253,"porcentaje":0.8551340308318932},"etarioRangos":[{"rango":{"min":12,"max":19},"vacunados":56912,"personasINE":165342,"porcentaje":0.7114157891244799},{"rango":{"min":20,"max":29},"vacunados":150113,"personasINE":211006,"porcentaje":0.8591789267970438},{"rango":{"min":30,"max":39},"vacunados":199986,"personasINE":267783,"porcentaje":0.8591789267970438},{"rango":{"min":40,"max":49},"vacunados":312144,"personasINE":363305,"porcentaje":0.8591789267970438},{"rango":{"min":50,"max":59},"vacunados":346394,"personasINE":381175,"porcentaje":0.9087531973502985},{"rango":{"min":60,"max":69},"vacunados":316752,"personasINE":318575,"porcentaje":0.9942776426273248},{"rango":{"min":70,"max":79},"vacunados":249726,"personasINE":249726,"porcentaje":1},{"rango":{"min":80,"max":null},"vacunados":228961,"personasINE":228961,"porcentaje":1}]},"pautaCompleta":{"etarioTotal":{"vacunados":1644071,"personasINE":2176253,"porcentaje":0.7554594985049992},"etarioRangos":[{"rango":{"min":12,"max":19},"vacunados":3988,"personasINE":165342,"porcentaje":0.2556278020530222},{"rango":{"min":20,"max":29},"vacunados":53939,"personasINE":211005.99999999997,"porcentaje":0.8316483395494144},{"rango":{"min":30,"max":39},"vacunados":161992,"personasINE":267783,"porcentaje":0.8316483395494144},{"rango":{"min":40,"max":49},"vacunados":302142,"personasINE":363305,"porcentaje":0.8316483395494144},{"rango":{"min":50,"max":59},"vacunados":339729,"personasINE":381175,"porcentaje":0.8912677903849938},{"rango":{"min":60,"max":69},"vacunados":308137,"personasINE":318575,"porcentaje":0.9672353448952365},{"rango":{"min":70,"max":79},"vacunados":248059,"personasINE":248059,"porcentaje":1},{"rango":{"min":80,"max":null},"vacunados":226085,"personasINE":226085,"porcentaje":1}]}}},{"ccaa":"Castilla La Mancha","dosisAdministradas":2675040,"dosisEntregadas":2920450,"dosisEntregadasModerna":330700,"dosisEntregadasPfizer":2027475,"dosisEntregadasAstrazeneca":460900,"dosisEntregadasJanssen":101375,"dosisPrimeraDosis":1514776,"dosisPautaCompletada":1307125,"porcentajeEntregadas":0.9159684295228475,"porcentajePoblacionAdministradas":1.3079466717777688,"porcentajePoblacionPrimeraDosis":0.7406417203813183,"porcentajePoblacionCompletas":0.6391118612609591,"fechaUltRegistro":1629158400000},{"ccaa":"Cataluña","dosisAdministradas":9778037,"dosisEntregadas":11178380,"dosisEntregadasModerna":1320500,"dosisEntregadasPfizer":7720280,"dosisEntregadasAstrazeneca":1698100,"dosisEntregadasJanssen":439500,"dosisPrimeraDosis":5521312,"dosisPautaCompletada":4798949,"porcentajeEntregadas":0.8747275544399099,"porcentajePoblacionAdministradas":1.2567397200095265,"porcentajePoblacionPrimeraDosis":0.7096365146670276,"porcentajePoblacionCompletas":0.6167935161832582,"fechaUltRegistro":1629158400000,"etarios":{"unaDosis":{"etarioTotal":{"vacunados":5521312,"personasINE":6868360,"porcentaje":0.8038763256439674},"etarioRangos":[{"rango":{"min":12,"max":19},"vacunados":366422,"personasINE":656166,"porcentaje":0.6341921602984737},{"rango":{"min":20,"max":29},"vacunados":532046,"personasINE":838935,"porcentaje":0.8167836841325835},{"rango":{"min":30,"max":39},"vacunados":693348,"personasINE":1044651.9999999999,"porcentaje":0.8167836841325835},{"rango":{"min":40,"max":49},"vacunados":1075504,"personasINE":1316755,"porcentaje":0.8167836841325835},{"rango":{"min":50,"max":59},"vacunados":993545,"personasINE":1091780,"porcentaje":0.9100230815732108},{"rango":{"min":60,"max":69},"vacunados":787567,"personasINE":837584,"porcentaje":0.9402841983610002},{"rango":{"min":70,"max":79},"vacunados":615304,"personasINE":635292,"porcentaje":0.9685373025317492},{"rango":{"min":80,"max":null},"vacunados":457576,"personasINE":457576,"porcentaje":1}]},"pautaCompleta":{"etarioTotal":{"vacunados":4798949,"personasINE":6868360,"porcentaje":0.6987037662557001},"etarioRangos":[{"rango":{"min":12,"max":19},"vacunados":126680,"personasINE":656166,"porcentaje":0.42343924141918027},{"rango":{"min":20,"max":29},"vacunados":355238,"personasINE":838935,"porcentaje":0.7738850431553326},{"rango":{"min":30,"max":39},"vacunados":550979,"personasINE":1044651.9999999999,"porcentaje":0.7738850431553326},{"rango":{"min":40,"max":49},"vacunados":1019017,"personasINE":1316755,"porcentaje":0.7738850431553326},{"rango":{"min":50,"max":59},"vacunados":928570,"personasINE":1091780,"porcentaje":0.8505101760427926},{"rango":{"min":60,"max":69},"vacunados":761560,"personasINE":837584,"porcentaje":0.9092341783033104},{"rango":{"min":70,"max":79},"vacunados":607004,"personasINE":635292,"porcentaje":0.9554724441674065},{"rango":{"min":80,"max":null},"vacunados":449901,"personasINE":449901,"porcentaje":1}]}}},{"ccaa":"C. Valenciana","dosisAdministradas":6522112,"dosisEntregadas":7125800,"dosisEntregadasModerna":871200,"dosisEntregadasPfizer":5040550,"dosisEntregadasAstrazeneca":906800,"dosisEntregadasJanssen":307250,"dosisPrimeraDosis":3738708,"dosisPautaCompletada":3160915,"porcentajeEntregadas":0.9152813719161357,"porcentajePoblacionAdministradas":1.289629574997039,"porcentajePoblacionPrimeraDosis":0.7392618233293187,"porcentajePoblacionCompletas":0.6250137176503202,"fechaUltRegistro":1629158400000,"etarios":{"unaDosis":{"etarioTotal":{"vacunados":3738708,"personasINE":4488459,"porcentaje":0.8329602654273994},"etarioRangos":[{"rango":{"min":12,"max":19},"vacunados":185992,"personasINE":424531,"porcentaje":0.6959308385936768},{"rango":{"min":20,"max":29},"vacunados":359188,"personasINE":516126,"porcentaje":0.8620870655763115},{"rango":{"min":30,"max":39},"vacunados":462534,"personasINE":648759,"porcentaje":0.8620870655763115},{"rango":{"min":40,"max":49},"vacunados":734143,"personasINE":851588,"porcentaje":0.8620870655763115},{"rango":{"min":50,"max":59},"vacunados":706668,"personasINE":752334,"porcentaje":0.9393008956128528},{"rango":{"min":60,"max":69},"vacunados":561274,"personasINE":580728,"porcentaje":0.9665006681269028},{"rango":{"min":70,"max":79},"vacunados":432563,"personasINE":437862,"porcentaje":0.9878980135293768},{"rango":{"min":80,"max":null},"vacunados":296346,"personasINE":296346,"porcentaje":1}]},"pautaCompleta":{"etarioTotal":{"vacunados":3160915,"personasINE":4488459,"porcentaje":0.7042316750581881},"etarioRangos":[{"rango":{"min":12,"max":19},"vacunados":18593,"personasINE":424530.99999999994,"porcentaje":0.2198687917291514},{"rango":{"min":20,"max":29},"vacunados":113480,"personasINE":516126,"porcentaje":0.8325528307115647},{"rango":{"min":30,"max":39},"vacunados":365935,"personasINE":648759,"porcentaje":0.8325528307115647},{"rango":{"min":40,"max":49},"vacunados":708992,"personasINE":851588,"porcentaje":0.8325528307115647},{"rango":{"min":50,"max":59},"vacunados":695036,"personasINE":752334,"porcentaje":0.9238396775900065},{"rango":{"min":60,"max":69},"vacunados":538075,"personasINE":580728,"porcentaje":0.9265525340606963},{"rango":{"min":70,"max":79},"vacunados":428912,"personasINE":437862,"porcentaje":0.9795597699731879},{"rango":{"min":80,"max":null},"vacunados":291892,"personasINE":291892,"porcentaje":1}]}}},{"ccaa":"Extremadura","dosisAdministradas":1492714,"dosisEntregadas":1521495,"dosisEntregadasModerna":160000,"dosisEntregadasPfizer":1081745,"dosisEntregadasAstrazeneca":228000,"dosisEntregadasJanssen":51750,"dosisPrimeraDosis":832956,"dosisPautaCompletada":734511,"porcentajeEntregadas":0.9810837367194766,"porcentajePoblacionAdministradas":1.4029438329603652,"porcentajePoblacionPrimeraDosis":0.7828629485134687,"porcentajePoblacionCompletas":0.690338321802804,"fechaUltRegistro":1629158400000,"etarios":{"unaDosis":{"etarioTotal":{"vacunados":832956,"personasINE":953437,"porcentaje":0.8736350697529045},"etarioRangos":[{"rango":{"min":12,"max":19},"vacunados":35693,"personasINE":84750,"porcentaje":0.7121337804447582},{"rango":{"min":20,"max":29},"vacunados":80699,"personasINE":113320,"porcentaje":0.9004413959145798},{"rango":{"min":30,"max":39},"vacunados":107734,"personasINE":133479,"porcentaje":0.9004413959145798},{"rango":{"min":40,"max":49},"vacunados":143615,"personasINE":159494,"porcentaje":0.9004413959145798},{"rango":{"min":50,"max":59},"vacunados":159563,"personasINE":169216,"porcentaje":0.9429545669440242},{"rango":{"min":60,"max":69},"vacunados":131770,"personasINE":131770,"porcentaje":1},{"rango":{"min":70,"max":79},"vacunados":95749,"personasINE":95749,"porcentaje":1},{"rango":{"min":80,"max":null},"vacunados":78133,"personasINE":78133,"porcentaje":1}]},"pautaCompleta":{"etarioTotal":{"vacunados":734511,"personasINE":953437,"porcentaje":0.7703823115738114},"etarioRangos":[{"rango":{"min":12,"max":19},"vacunados":3325,"personasINE":84750,"porcentaje":0.3244087539710554},{"rango":{"min":20,"max":29},"vacunados":36762,"personasINE":113320.00000000001,"porcentaje":0.8799578667536083},{"rango":{"min":30,"max":39},"vacunados":95899,"personasINE":133479,"porcentaje":0.8799578667536083},{"rango":{"min":40,"max":49},"vacunados":140348,"personasINE":159494,"porcentaje":0.8799578667536083},{"rango":{"min":50,"max":59},"vacunados":157422,"personasINE":169216,"porcentaje":0.9303020990922845},{"rango":{"min":60,"max":69},"vacunados":128773,"personasINE":125297,"porcentaje":1.0277420848064998},{"rango":{"min":70,"max":79},"vacunados":94979,"personasINE":94979,"porcentaje":1},{"rango":{"min":80,"max":null},"vacunados":77003,"personasINE":77003,"porcentaje":1}]}}},{"ccaa":"Galicia","dosisAdministradas":3799531,"dosisEntregadas":3903605,"dosisEntregadasModerna":383500,"dosisEntregadasPfizer":2792905,"dosisEntregadasAstrazeneca":595400,"dosisEntregadasJanssen":131800,"dosisPrimeraDosis":2116427,"dosisPautaCompletada":1854409,"porcentajeEntregadas":0.9733390033059185,"porcentajePoblacionAdministradas":1.4062862834260919,"porcentajePoblacionPrimeraDosis":0.7833341167561557,"porcentajePoblacionCompletas":0.6863557477388381,"fechaUltRegistro":1629158400000,"etarios":{"unaDosis":{"etarioTotal":{"vacunados":2116427,"personasINE":2454497,"porcentaje":0.8622650587880124},"etarioRangos":[{"rango":{"min":12,"max":19},"vacunados":43218,"personasINE":180007,"porcentaje":0.7515986163364087},{"rango":{"min":20,"max":29},"vacunados":173605,"personasINE":230980.99999999997,"porcentaje":0.8947522793369448},{"rango":{"min":30,"max":39},"vacunados":245204,"personasINE":323408,"porcentaje":0.8947522793369448},{"rango":{"min":40,"max":49},"vacunados":396573,"personasINE":443221,"porcentaje":0.8947522793369448},{"rango":{"min":50,"max":59},"vacunados":384738,"personasINE":405889,"porcentaje":0.9478896939803739},{"rango":{"min":60,"max":69},"vacunados":341251,"personasINE":346927,"porcentaje":0.9836392094014015},{"rango":{"min":70,"max":79},"vacunados":290236,"personasINE":290236,"porcentaje":1},{"rango":{"min":80,"max":null},"vacunados":241602,"personasINE":241602,"porcentaje":1}]},"pautaCompleta":{"etarioTotal":{"vacunados":1854409,"personasINE":2454497,"porcentaje":0.7555148773862832},"etarioRangos":[{"rango":{"min":12,"max":19},"vacunados":3306,"personasINE":180007,"porcentaje":0.13993358761110222},{"rango":{"min":20,"max":29},"vacunados":32322,"personasINE":230980.99999999997,"porcentaje":0.8733160206759156},{"rango":{"min":30,"max":39},"vacunados":185893,"personasINE":323407.99999999994,"porcentaje":0.8733160206759156},{"rango":{"min":40,"max":49},"vacunados":387072,"personasINE":443221,"porcentaje":0.8733160206759156},{"rango":{"min":50,"max":59},"vacunados":380399,"personasINE":405889,"porcentaje":0.9371995791952973},{"rango":{"min":60,"max":69},"vacunados":336991,"personasINE":346927,"porcentaje":0.9713599691001277},{"rango":{"min":70,"max":79},"vacunados":288740,"personasINE":289762,"porcentaje":0.9964729674698546},{"rango":{"min":80,"max":null},"vacunados":239686,"personasINE":239686,"porcentaje":1}]}}},{"ccaa":"La Rioja","dosisAdministradas":415296,"dosisEntregadas":454165,"dosisEntregadasModerna":49900,"dosisEntregadasPfizer":327665,"dosisEntregadasAstrazeneca":61400,"dosisEntregadasJanssen":15200,"dosisPrimeraDosis":237092,"dosisPautaCompletada":207546,"porcentajeEntregadas":0.9144165666662997,"porcentajePoblacionAdministradas":1.298148877510831,"porcentajePoblacionPrimeraDosis":0.7411116737623237,"porcentajePoblacionCompletas":0.6487556030683246,"fechaUltRegistro":1629158400000,"etarios":{"unaDosis":{"etarioTotal":{"vacunados":237092,"personasINE":283970,"porcentaje":0.8349191816036905},"etarioRangos":[{"rango":{"min":12,"max":19},"vacunados":10310,"personasINE":25532,"porcentaje":0.6179985553877471},{"rango":{"min":20,"max":29},"vacunados":18823,"personasINE":30458,"porcentaje":0.8662624889039984},{"rango":{"min":30,"max":39},"vacunados":28044,"personasINE":39319,"porcentaje":0.8662624889039984},{"rango":{"min":40,"max":49},"vacunados":45866,"personasINE":52947,"porcentaje":0.8662624889039984},{"rango":{"min":50,"max":59},"vacunados":44530,"personasINE":47664,"porcentaje":0.934248069822088},{"rango":{"min":60,"max":69},"vacunados":37606,"personasINE":37718,"porcentaje":0.9970305954716581},{"rango":{"min":70,"max":79},"vacunados":28582,"personasINE":28582,"porcentaje":1},{"rango":{"min":80,"max":null},"vacunados":23331,"personasINE":23331,"porcentaje":1}]},"pautaCompleta":{"etarioTotal":{"vacunados":207546,"personasINE":283970,"porcentaje":0.7308729795400922},"etarioRangos":[{"rango":{"min":12,"max":19},"vacunados":1725,"personasINE":25532,"porcentaje":0.28275001641604836},{"rango":{"min":20,"max":29},"vacunados":8612,"personasINE":30457.999999999996,"porcentaje":0.8233705403516725},{"rango":{"min":30,"max":39},"vacunados":22542,"personasINE":39319,"porcentaje":0.8233705403516725},{"rango":{"min":40,"max":49},"vacunados":43595,"personasINE":52947,"porcentaje":0.8233705403516725},{"rango":{"min":50,"max":59},"vacunados":43346,"personasINE":47664,"porcentaje":0.9094075193017791},{"rango":{"min":60,"max":69},"vacunados":36187,"personasINE":37718,"porcentaje":0.9594093005991834},{"rango":{"min":70,"max":79},"vacunados":28441,"personasINE":28441,"porcentaje":1},{"rango":{"min":80,"max":null},"vacunados":23098,"personasINE":23098,"porcentaje":1}]}}},{"ccaa":"Madrid","dosisAdministradas":8609638,"dosisEntregadas":9738299,"dosisEntregadasModerna":1262700,"dosisEntregadasPfizer":6784749,"dosisEntregadasAstrazeneca":1309400,"dosisEntregadasJanssen":381450,"dosisPrimeraDosis":4887848,"dosisPautaCompletada":4334588,"porcentajeEntregadas":0.8841008065166206,"porcentajePoblacionAdministradas":1.2698790894480854,"porcentajePoblacionPrimeraDosis":0.7209334431483234,"porcentajePoblacionCompletas":0.6393303252207116,"fechaUltRegistro":1629158400000,"etarios":{"unaDosis":{"etarioTotal":{"vacunados":4887848,"personasINE":5977937,"porcentaje":0.8176479611611832},"etarioRangos":[{"rango":{"min":12,"max":19},"vacunados":234775,"personasINE":553542,"porcentaje":0.6784322704468164},{"rango":{"min":20,"max":29},"vacunados":503719,"personasINE":742475,"porcentaje":0.8484610680711613},{"rango":{"min":30,"max":39},"vacunados":676018,"personasINE":949640.0000000001,"porcentaje":0.8484610680711613},{"rango":{"min":40,"max":49},"vacunados":989281,"personasINE":1165971,"porcentaje":0.8484610680711613},{"rango":{"min":50,"max":59},"vacunados":921870,"personasINE":972783,"porcentaje":0.9476625311091991},{"rango":{"min":60,"max":69},"vacunados":680554,"personasINE":703323,"porcentaje":0.9676265385889555},{"rango":{"min":70,"max":79},"vacunados":508757,"personasINE":526081,"porcentaje":0.9670697097975407},{"rango":{"min":80,"max":null},"vacunados":372874,"personasINE":372874,"porcentaje":1}]},"pautaCompleta":{"etarioTotal":{"vacunados":4334588,"personasINE":5977937,"porcentaje":0.725097638198596},"etarioRangos":[{"rango":{"min":12,"max":19},"vacunados":67921,"personasINE":553542,"porcentaje":0.4249786188087141},{"rango":{"min":20,"max":29},"vacunados":315536,"personasINE":742475,"porcentaje":0.8075535326350313},{"rango":{"min":30,"max":39},"vacunados":563279,"personasINE":949640,"porcentaje":0.8075535326350313},{"rango":{"min":40,"max":49},"vacunados":941584,"personasINE":1165971,"porcentaje":0.8075535326350313},{"rango":{"min":50,"max":59},"vacunados":906406,"personasINE":972783,"porcentaje":0.9317658717308999},{"rango":{"min":60,"max":69},"vacunados":664878,"personasINE":703323,"porcentaje":0.9453380594691202},{"rango":{"min":70,"max":79},"vacunados":505764,"personasINE":526081,"porcentaje":0.9613804718284827},{"rango":{"min":80,"max":null},"vacunados":369220,"personasINE":369220,"porcentaje":1}]}}},{"ccaa":"Murcia","dosisAdministradas":1924515,"dosisEntregadas":2134345,"dosisEntregadasModerna":304400,"dosisEntregadasPfizer":1481945,"dosisEntregadasAstrazeneca":259900,"dosisEntregadasJanssen":88100,"dosisPrimeraDosis":1109851,"dosisPautaCompletada":878724,"porcentajeEntregadas":0.9016888085103393,"porcentajePoblacionAdministradas":1.2734582144197093,"porcentajePoblacionPrimeraDosis":0.7343922353070403,"porcentajePoblacionCompletas":0.5814547020977985,"fechaUltRegistro":1629158400000,"etarios":{"unaDosis":{"etarioTotal":{"vacunados":1109851,"personasINE":1310137,"porcentaje":0.8471259112596622},"etarioRangos":[{"rango":{"min":12,"max":19},"vacunados":88002,"personasINE":141894,"porcentaje":0.7080140262876782},{"rango":{"min":20,"max":29},"vacunados":121954,"personasINE":172248,"porcentaje":0.8767061304626668},{"rango":{"min":30,"max":39},"vacunados":152045,"personasINE":209003,"porcentaje":0.8767061304626668},{"rango":{"min":40,"max":49},"vacunados":222821,"personasINE":254157,"porcentaje":0.8767061304626668},{"rango":{"min":50,"max":59},"vacunados":203194,"personasINE":213256,"porcentaje":0.952817271260832},{"rango":{"min":60,"max":69},"vacunados":145637,"personasINE":146909,"porcentaje":0.9913415788004819},{"rango":{"min":70,"max":79},"vacunados":102507,"personasINE":102899,"porcentaje":0.996190439168505},{"rango":{"min":80,"max":null},"vacunados":73691,"personasINE":73691,"porcentaje":1}]},"pautaCompleta":{"etarioTotal":{"vacunados":878724,"personasINE":1310137,"porcentaje":0.6707115362744507},"etarioRangos":[{"rango":{"min":12,"max":19},"vacunados":1881,"personasINE":141894,"porcentaje":0.34331312990571733},{"rango":{"min":20,"max":29},"vacunados":59135,"personasINE":172248,"porcentaje":0.7927147393146756},{"rango":{"min":30,"max":39},"vacunados":120978,"personasINE":209003,"porcentaje":0.7927147393146756},{"rango":{"min":40,"max":49},"vacunados":201474,"personasINE":254156.99999999997,"porcentaje":0.7927147393146756},{"rango":{"min":50,"max":59},"vacunados":189602,"personasINE":213256,"porcentaje":0.8890816671043253},{"rango":{"min":60,"max":69},"vacunados":133328,"personasINE":146909,"porcentaje":0.907555017051372},{"rango":{"min":70,"max":79},"vacunados":99838,"personasINE":102899,"porcentaje":0.9702523834050866},{"rango":{"min":80,"max":null},"vacunados":72488,"personasINE":72488,"porcentaje":1}]}}},{"ccaa":"Navarra","dosisAdministradas":873107,"dosisEntregadas":945845,"dosisEntregadasModerna":113800,"dosisEntregadasPfizer":653595,"dosisEntregadasAstrazeneca":145700,"dosisEntregadasJanssen":32750,"dosisPrimeraDosis":490863,"dosisPautaCompletada":432758,"porcentajeEntregadas":0.9230973362443107,"porcentajePoblacionAdministradas":1.320494497101469,"porcentajePoblacionPrimeraDosis":0.7423854010226907,"porcentajePoblacionCompletas":0.6545069018764453,"fechaUltRegistro":1629158400000,"etarios":{"unaDosis":{"etarioTotal":{"vacunados":490863,"personasINE":581354,"porcentaje":0.8443444097744232},"etarioRangos":[{"rango":{"min":12,"max":19},"vacunados":33288,"personasINE":56388,"porcentaje":0.6997812908244896},{"rango":{"min":20,"max":29},"vacunados":47674,"personasINE":68127,"porcentaje":0.8524749541675154},{"rango":{"min":30,"max":39},"vacunados":58842,"personasINE":81341,"porcentaje":0.8524749541675154},{"rango":{"min":40,"max":49},"vacunados":92069,"personasINE":108002,"porcentaje":0.8524749541675154},{"rango":{"min":50,"max":59},"vacunados":89648,"personasINE":96694,"porcentaje":0.927130949179887},{"rango":{"min":60,"max":69},"vacunados":71145,"personasINE":73844,"porcentaje":0.963449975624289},{"rango":{"min":70,"max":79},"vacunados":55764,"personasINE":55792,"porcentaje":0.9994981359334671},{"rango":{"min":80,"max":null},"vacunados":42433,"personasINE":42433,"porcentaje":1}]},"pautaCompleta":{"etarioTotal":{"vacunados":432758,"personasINE":581354,"porcentaje":0.7443967014934102},"etarioRangos":[{"rango":{"min":12,"max":19},"vacunados":6715,"personasINE":56388,"porcentaje":0.4568232859218812},{"rango":{"min":20,"max":29},"vacunados":31122,"personasINE":68127,"porcentaje":0.8205033240125182},{"rango":{"min":30,"max":39},"vacunados":51772,"personasINE":81341,"porcentaje":0.8205033240125182},{"rango":{"min":40,"max":49},"vacunados":88616,"personasINE":108002,"porcentaje":0.8205033240125182},{"rango":{"min":50,"max":59},"vacunados":87824,"personasINE":96694,"porcentaje":0.9082673175171159},{"rango":{"min":60,"max":69},"vacunados":69212,"personasINE":73844,"porcentaje":0.9372731704674719},{"rango":{"min":70,"max":79},"vacunados":55548,"personasINE":55792,"porcentaje":0.9956266131344995},{"rango":{"min":80,"max":null},"vacunados":41949,"personasINE":41949,"porcentaje":1}]}}},{"ccaa":"País Vasco","dosisAdministradas":2937384,"dosisEntregadas":3128870,"dosisEntregadasModerna":339300,"dosisEntregadasPfizer":2234520,"dosisEntregadasAstrazeneca":444200,"dosisEntregadasJanssen":110850,"dosisPrimeraDosis":1643006,"dosisPautaCompletada":1468079,"porcentajeEntregadas":0.9388002697459467,"porcentajePoblacionAdministradas":1.3228456242366597,"porcentajePoblacionPrimeraDosis":0.739924809862986,"porcentajePoblacionCompletas":0.6611467486660686,"fechaUltRegistro":1629158400000,"etarios":{"unaDosis":{"etarioTotal":{"vacunados":1643006,"personasINE":1983943,"porcentaje":0.8281518168616739},"etarioRangos":[{"rango":{"min":12,"max":19},"vacunados":70602,"personasINE":168606,"porcentaje":0.5940436849365368},{"rango":{"min":20,"max":29},"vacunados":119720,"personasINE":201533.99999999997,"porcentaje":0.8466944465155067},{"rango":{"min":30,"max":39},"vacunados":179403,"personasINE":260543,"porcentaje":0.8466944465155067},{"rango":{"min":40,"max":49},"vacunados":306616,"personasINE":362133,"porcentaje":0.8466944465155067},{"rango":{"min":50,"max":59},"vacunados":314478,"personasINE":339977,"porcentaje":0.9249978675028017},{"rango":{"min":60,"max":69},"vacunados":275165,"personasINE":280119,"porcentaje":0.9823146591270139},{"rango":{"min":70,"max":79},"vacunados":213195,"personasINE":213195,"porcentaje":1},{"rango":{"min":80,"max":null},"vacunados":163827,"personasINE":163827,"porcentaje":1}]},"pautaCompleta":{"etarioTotal":{"vacunados":1468079,"personasINE":1983943,"porcentaje":0.7399804329055825},"etarioRangos":[{"rango":{"min":12,"max":19},"vacunados":13803,"personasINE":168606,"porcentaje":0.26948306489227625},{"rango":{"min":20,"max":29},"vacunados":54310,"personasINE":201534,"porcentaje":0.8276931403655563},{"rango":{"min":30,"max":39},"vacunados":148033,"personasINE":260543.00000000003,"porcentaje":0.8276931403655563},{"rango":{"min":40,"max":49},"vacunados":299735,"personasINE":362133,"porcentaje":0.8276931403655563},{"rango":{"min":50,"max":59},"vacunados":310108,"personasINE":339977,"porcentaje":0.9121440568038426},{"rango":{"min":60,"max":69},"vacunados":269178,"personasINE":280119,"porcentaje":0.9609415998200764},{"rango":{"min":70,"max":79},"vacunados":211494,"personasINE":213081,"porcentaje":0.9925521280639756},{"rango":{"min":80,"max":null},"vacunados":161418,"personasINE":157950,"porcentaje":1.0219563152896487}]}}},{"ccaa":"Ceuta","dosisAdministradas":99170,"dosisEntregadas":121020,"dosisEntregadasModerna":18400,"dosisEntregadasPfizer":80370,"dosisEntregadasAstrazeneca":18100,"dosisEntregadasJanssen":4150,"dosisPrimeraDosis":55641,"dosisPautaCompletada":49583,"porcentajeEntregadas":0.8194513303586184,"porcentajePoblacionAdministradas":1.1777629985035984,"porcentajePoblacionPrimeraDosis":0.660803781382865,"porcentajePoblacionCompletas":0.5888577468468682,"fechaUltRegistro":1629158400000,"etarios":{"unaDosis":{"etarioTotal":{"vacunados":55641,"personasINE":70965,"porcentaje":0.7840625660536884},"etarioRangos":[{"rango":{"min":12,"max":19},"vacunados":5341,"personasINE":9126,"porcentaje":0.6948117078508252},{"rango":{"min":20,"max":29},"vacunados":7620,"personasINE":10967,"porcentaje":0.8300110741971207},{"rango":{"min":30,"max":39},"vacunados":8264,"personasINE":11894,"porcentaje":0.8300110741971207},{"rango":{"min":40,"max":49},"vacunados":10493,"personasINE":12642,"porcentaje":0.8300110741971207},{"rango":{"min":50,"max":59},"vacunados":10191,"personasINE":11556,"porcentaje":0.8818795430944963},{"rango":{"min":60,"max":69},"vacunados":7491,"personasINE":7857,"porcentaje":0.9534173348606338},{"rango":{"min":70,"max":79},"vacunados":3859,"personasINE":4318,"porcentaje":0.8937007874015748},{"rango":{"min":80,"max":null},"vacunados":2382,"personasINE":2605,"porcentaje":0.9143953934740883}]},"pautaCompleta":{"etarioTotal":{"vacunados":49583,"personasINE":70965,"porcentaje":0.6986965405481576},"etarioRangos":[{"rango":{"min":12,"max":19},"vacunados":2815,"personasINE":9126,"porcentaje":0.5796480350141333},{"rango":{"min":20,"max":29},"vacunados":6357,"personasINE":10967,"porcentaje":0.782392026578073},{"rango":{"min":30,"max":39},"vacunados":7383,"personasINE":11894,"porcentaje":0.782392026578073},{"rango":{"min":40,"max":49},"vacunados":9891,"personasINE":12642,"porcentaje":0.782392026578073},{"rango":{"min":50,"max":59},"vacunados":9859,"personasINE":11556,"porcentaje":0.8531498788508134},{"rango":{"min":60,"max":69},"vacunados":7120,"personasINE":7857,"porcentaje":0.9061982945144457},{"rango":{"min":70,"max":79},"vacunados":3807,"personasINE":4318,"porcentaje":0.881658175081056},{"rango":{"min":80,"max":null},"vacunados":2351,"personasINE":2605,"porcentaje":0.9024952015355087}]}}},{"ccaa":"Melilla","dosisAdministradas":91432,"dosisEntregadas":121690,"dosisEntregadasModerna":19300,"dosisEntregadasPfizer":81540,"dosisEntregadasAstrazeneca":15100,"dosisEntregadasJanssen":5750,"dosisPrimeraDosis":52395,"dosisPautaCompletada":47150,"porcentajeEntregadas":0.7513517955460597,"porcentajePoblacionAdministradas":1.0500252652854978,"porcentajePoblacionPrimeraDosis":0.6017157425697092,"porcentajePoblacionCompletas":0.541481005098994,"fechaUltRegistro":1629072000000,"etarios":{"unaDosis":{"etarioTotal":{"vacunados":52395,"personasINE":70927,"porcentaje":0.7387172726888209},"etarioRangos":[{"rango":{"min":12,"max":19},"vacunados":5628,"personasINE":9574,"porcentaje":0.6295122967903293},{"rango":{"min":20,"max":29},"vacunados":7551,"personasINE":11995,"porcentaje":0.8005332444592568},{"rango":{"min":30,"max":39},"vacunados":7953,"personasINE":12133,"porcentaje":0.8005332444592568},{"rango":{"min":40,"max":49},"vacunados":9608,"personasINE":12002,"porcentaje":0.8005332444592568},{"rango":{"min":50,"max":59},"vacunados":9385,"personasINE":11299,"porcentaje":0.8306044782724135},{"rango":{"min":60,"max":69},"vacunados":6992,"personasINE":7827,"porcentaje":0.8933180017886803},{"rango":{"min":70,"max":79},"vacunados":3282,"personasINE":3748,"porcentaje":0.875667022411953},{"rango":{"min":80,"max":null},"vacunados":1996,"personasINE":2349,"porcentaje":0.8497232865048957}]},"pautaCompleta":{"etarioTotal":{"vacunados":47150,"personasINE":70927,"porcentaje":0.6647680009023362},"etarioRangos":[{"rango":{"min":12,"max":19},"vacunados":3004,"personasINE":9574,"porcentaje":0.537557315548145},{"rango":{"min":20,"max":29},"vacunados":6448,"personasINE":11995.000000000002,"porcentaje":0.7723712714547576},{"rango":{"min":30,"max":39},"vacunados":7340,"personasINE":12133,"porcentaje":0.7723712714547576},{"rango":{"min":40,"max":49},"vacunados":9270,"personasINE":12002,"porcentaje":0.7723712714547576},{"rango":{"min":50,"max":59},"vacunados":9144,"personasINE":11299,"porcentaje":0.8092751570935481},{"rango":{"min":60,"max":69},"vacunados":6811,"personasINE":7827,"porcentaje":0.8701929219368851},{"rango":{"min":70,"max":79},"vacunados":3195,"personasINE":3748,"porcentaje":0.8524546424759872},{"rango":{"min":80,"max":null},"vacunados":1938,"personasINE":2349,"porcentaje":0.8250319284802043}]}}},{"ccaa":"Fuerzas Armadas","dosisAdministradas":169627,"dosisEntregadas":213568,"dosisEntregadasModerna":58300,"dosisEntregadasPfizer":49368,"dosisEntregadasAstrazeneca":103900,"dosisEntregadasJanssen":2000,"dosisPrimeraDosis":91213,"dosisPautaCompletada":79598,"porcentajeEntregadas":0.7942528843272401,"porcentajePoblacionAdministradas":null,"porcentajePoblacionPrimeraDosis":null,"porcentajePoblacionCompletas":null,"fechaUltRegistro":1629158400000},{"ccaa":"Sanidad Exterior","dosisAdministradas":4669,"dosisEntregadas":6890,"dosisEntregadasModerna":4180,"dosisEntregadasPfizer":0,"dosisEntregadasAstrazeneca":0,"dosisEntregadasJanssen":2710,"dosisPrimeraDosis":3560,"dosisPautaCompletada":3047,"porcentajeEntregadas":0.6776487663280116,"porcentajePoblacionAdministradas":null,"porcentajePoblacionPrimeraDosis":null,"porcentajePoblacionCompletas":null,"fechaUltRegistro":1629158400000,"etarios":{"unaDosis":{"etarioTotal":{"vacunados":3560,"personasINE":"-","porcentaje":"-"},"etarioRangos":[{"rango":{"min":12,"max":19},"vacunados":130,"personasINE":null,"porcentaje":"-"},{"rango":{"min":20,"max":29},"vacunados":904,"personasINE":null,"porcentaje":"-"},{"rango":{"min":30,"max":39},"vacunados":983,"personasINE":null,"porcentaje":"-"},{"rango":{"min":40,"max":49},"vacunados":882,"personasINE":null,"porcentaje":"-"},{"rango":{"min":50,"max":59},"vacunados":458,"personasINE":null,"porcentaje":"-"},{"rango":{"min":60,"max":69},"vacunados":160,"personasINE":null,"porcentaje":"-"},{"rango":{"min":70,"max":79},"vacunados":22,"personasINE":null,"porcentaje":"-"},{"rango":{"min":80,"max":null},"vacunados":21,"personasINE":null,"porcentaje":"-"}]},"pautaCompleta":{"etarioTotal":{"vacunados":3047,"personasINE":"-","porcentaje":"-"},"etarioRangos":[{"rango":{"min":12,"max":19},"vacunados":65,"personasINE":null,"porcentaje":"-"},{"rango":{"min":20,"max":29},"vacunados":738,"personasINE":null,"porcentaje":"-"},{"rango":{"min":30,"max":39},"vacunados":834,"personasINE":null,"porcentaje":"-"},{"rango":{"min":40,"max":49},"vacunados":794,"personasINE":null,"porcentaje":"-"},{"rango":{"min":50,"max":59},"vacunados":435,"personasINE":null,"porcentaje":"-"},{"rango":{"min":60,"max":69},"vacunados":146,"personasINE":null,"porcentaje":"-"},{"rango":{"min":70,"max":79},"vacunados":19,"personasINE":null,"porcentaje":"-"},{"rango":{"min":80,"max":null},"vacunados":16,"personasINE":null,"porcentaje":"-"}]}}},{"ccaa":"Totales","dosisAdministradas":62193144,"dosisEntregadas":67461422,"dosisEntregadasModerna":8033280,"dosisEntregadasPfizer":46800807,"dosisEntregadasAstrazeneca":9979000,"dosisEntregadasJanssen":2648335,"dosisPrimeraDosis":35072910,"dosisPautaCompletada":30261332,"porcentajeEntregadas":0.921906804751314,"porcentajePoblacionAdministradas":1.3249498082658713,"porcentajePoblacionPrimeraDosis":0.7471859821048147,"porcentajePoblacionCompletas":0.6446811248402216,"fechaUltRegistro":null,"etarios":{"unaDosis":{"etarioTotal":{"vacunados":35072910,"personasINE":42119827,"porcentaje":0.8326935910729168},"etarioRangos":[{"rango":{"min":12,"max":19},"vacunados":1910828,"personasINE":3888686,"porcentaje":0.6838469534688066},{"rango":{"min":20,"max":29},"vacunados":3381377,"personasINE":4944640,"porcentaje":0.8505690192159217},{"rango":{"min":30,"max":39},"vacunados":4473427,"personasINE":6230403,"porcentaje":0.8505690192159217},{"rango":{"min":40,"max":49},"vacunados":6712467,"personasINE":7891737,"porcentaje":0.8505690192159217},{"rango":{"min":50,"max":59},"vacunados":6534392,"personasINE":7033306,"porcentaje":0.9290640845144517},{"rango":{"min":60,"max":69},"vacunados":5204946,"personasINE":5336986,"porcentaje":0.9752594441881617},{"rango":{"min":70,"max":79},"vacunados":3926032,"personasINE":3960045,"porcentaje":0.9914109561886292},{"rango":{"min":80,"max":null},"vacunados":2929441,"personasINE":2929441,"porcentaje":1}]},"pautaCompleta":{"etarioTotal":{"vacunados":30261332,"personasINE":42119827,"porcentaje":0.7184581266205106},"etarioRangos":[{"rango":{"min":12,"max":19},"vacunados":362446,"personasINE":3888686,"porcentaje":0.35753664574165156},{"rango":{"min":20,"max":29},"vacunados":1767890,"personasINE":4944640,"porcentaje":0.8095061961644185},{"rango":{"min":30,"max":39},"vacunados":3642815,"personasINE":6230403,"porcentaje":0.8095061961644185},{"rango":{"min":40,"max":49},"vacunados":6388410,"personasINE":7891737,"porcentaje":0.8095061961644185},{"rango":{"min":50,"max":59},"vacunados":6308997,"personasINE":7033306,"porcentaje":0.8970172775079032},{"rango":{"min":60,"max":69},"vacunados":5011651,"personasINE":5336986,"porcentaje":0.9390414364961797},{"rango":{"min":70,"max":79},"vacunados":3890330,"personasINE":3960045,"porcentaje":0.9823954020724512},{"rango":{"min":80,"max":null},"vacunados":2888793,"personasINE":2888793,"porcentaje":1}]}}}]