[{"ccaa":"Andalucía","dosisAdministradas":12172659,"dosisEntregadas":13191500,"dosisEntregadasModerna":1853500,"dosisEntregadasPfizer":9006750,"dosisEntregadasAstrazeneca":1805800,"dosisEntregadasJanssen":525450,"dosisPrimeraDosis":6612680,"dosisPautaCompletada":6194433,"porcentajeEntregadas":0.9227653413182731,"porcentajePoblacionAdministradas":1.4380987643440282,"porcentajePoblacionPrimeraDosis":0.7812333309429327,"porcentajePoblacionCompletas":0.7318209146507654,"fechaUltRegistro":1630800000000,"etarios":{"unaDosis":{"etarioTotal":{"vacunados":6612680,"personasINE":7451975,"porcentaje":0.8873728105636425},"etarioRangos":[{"rango":{"min":12,"max":19},"vacunados":588914,"personasINE":752907,"porcentaje":0.7606399245374039},{"rango":{"min":20,"max":29},"vacunados":706385,"personasINE":928672,"porcentaje":0.8822364079779715},{"rango":{"min":30,"max":39},"vacunados":888642,"personasINE":1140217,"porcentaje":0.8822364079779715},{"rango":{"min":40,"max":49},"vacunados":1221998,"personasINE":1385114,"porcentaje":0.8822364079779715},{"rango":{"min":50,"max":59},"vacunados":1198863,"personasINE":1265021,"porcentaje":0.9477020539579976},{"rango":{"min":60,"max":69},"vacunados":921799,"personasINE":921799,"porcentaje":1},{"rango":{"min":70,"max":79},"vacunados":652625,"personasINE":652625,"porcentaje":1},{"rango":{"min":80,"max":null},"vacunados":433454,"personasINE":433454,"porcentaje":1}]},"pautaCompleta":{"etarioTotal":{"vacunados":6194433,"personasINE":7451975,"porcentaje":0.8312471526004851},"etarioRangos":[{"rango":{"min":12,"max":19},"vacunados":374086,"personasINE":752907,"porcentaje":0.6790955256538369},{"rango":{"min":20,"max":29},"vacunados":630657,"personasINE":928672,"porcentaje":0.8616532646410332},{"rango":{"min":30,"max":39},"vacunados":836274,"personasINE":1140217,"porcentaje":0.8616532646410332},{"rango":{"min":40,"max":49},"vacunados":1193488,"personasINE":1385114,"porcentaje":0.8616532646410332},{"rango":{"min":50,"max":59},"vacunados":1182872,"personasINE":1265021,"porcentaje":0.9350611570875108},{"rango":{"min":60,"max":69},"vacunados":903579,"personasINE":916147,"porcentaje":0.9862816775037194},{"rango":{"min":70,"max":79},"vacunados":646844,"personasINE":650381,"porcentaje":0.9945616492486712},{"rango":{"min":80,"max":null},"vacunados":426633,"personasINE":426633,"porcentaje":1}]}}},{"ccaa":"Aragón","dosisAdministradas":1900993,"dosisEntregadas":2040845,"dosisEntregadasModerna":249400,"dosisEntregadasPfizer":1461645,"dosisEntregadasAstrazeneca":265100,"dosisEntregadasJanssen":64700,"dosisPrimeraDosis":1040592,"dosisPautaCompletada":979110,"porcentajeEntregadas":0.9314734827975667,"porcentajePoblacionAdministradas":1.429972822141868,"porcentajePoblacionPrimeraDosis":0.782758420961177,"porcentajePoblacionCompletas":0.7365101764642608,"fechaUltRegistro":1630713600000,"etarios":{"unaDosis":{"etarioTotal":{"vacunados":1040592,"personasINE":1185134,"porcentaje":0.8780374202410867},"etarioRangos":[{"rango":{"min":12,"max":19},"vacunados":80432,"personasINE":103109,"porcentaje":0.7473639005835845},{"rango":{"min":20,"max":29},"vacunados":97457,"personasINE":130401,"porcentaje":0.8581344821650391},{"rango":{"min":30,"max":39},"vacunados":120491,"personasINE":164286,"porcentaje":0.8581344821650391},{"rango":{"min":40,"max":49},"vacunados":184450,"personasINE":214943,"porcentaje":0.8581344821650391},{"rango":{"min":50,"max":59},"vacunados":184085,"personasINE":198266,"porcentaje":0.9284748771851956},{"rango":{"min":60,"max":69},"vacunados":153594,"personasINE":156367,"porcentaje":0.982266079159925},{"rango":{"min":70,"max":79},"vacunados":119005,"personasINE":119005,"porcentaje":1},{"rango":{"min":80,"max":null},"vacunados":101078,"personasINE":101078,"porcentaje":1}]},"pautaCompleta":{"etarioTotal":{"vacunados":979110,"personasINE":1185134,"porcentaje":0.8261597422738695},"etarioRangos":[{"rango":{"min":12,"max":19},"vacunados":49205,"personasINE":103109,"porcentaje":0.6719963803958559},{"rango":{"min":20,"max":29},"vacunados":87629,"personasINE":130401,"porcentaje":0.8374173618122014},{"rango":{"min":30,"max":39},"vacunados":112409,"personasINE":164286,"porcentaje":0.8374173618122014},{"rango":{"min":40,"max":49},"vacunados":179997,"personasINE":214943,"porcentaje":0.8374173618122014},{"rango":{"min":50,"max":59},"vacunados":181301,"personasINE":198266,"porcentaje":0.9144331352829028},{"rango":{"min":60,"max":69},"vacunados":150810,"personasINE":156367,"porcentaje":0.9644618109959262},{"rango":{"min":70,"max":79},"vacunados":118112,"personasINE":118955,"porcentaje":0.9929132865369257},{"rango":{"min":80,"max":null},"vacunados":99647,"personasINE":99647,"porcentaje":1}]}}},{"ccaa":"Asturias","dosisAdministradas":1614251,"dosisEntregadas":1606985,"dosisEntregadasModerna":157500,"dosisEntregadasPfizer":1163885,"dosisEntregadasAstrazeneca":235900,"dosisEntregadasJanssen":49700,"dosisPrimeraDosis":862536,"dosisPautaCompletada":822459,"porcentajeEntregadas":1.0045215107795031,"porcentajePoblacionAdministradas":1.5844879778245438,"porcentajePoblacionPrimeraDosis":0.8466328485724157,"porcentajePoblacionCompletas":0.8072947749473882,"fechaUltRegistro":1630800000000,"etarios":{"unaDosis":{"etarioTotal":{"vacunados":862536,"personasINE":933927,"porcentaje":0.9235582652605611},"etarioRangos":[{"rango":{"min":12,"max":19},"vacunados":56953,"personasINE":64000,"porcentaje":0.8091668668073972},{"rango":{"min":20,"max":29},"vacunados":64014,"personasINE":79111,"porcentaje":0.8943967711221429},{"rango":{"min":30,"max":39},"vacunados":89148,"personasINE":114450.99999999999,"porcentaje":0.8943967711221429},{"rango":{"min":40,"max":49},"vacunados":149358,"personasINE":166993,"porcentaje":0.8943967711221429},{"rango":{"min":50,"max":59},"vacunados":152473,"personasINE":162645,"porcentaje":0.9374588828430016},{"rango":{"min":60,"max":69},"vacunados":147580,"personasINE":149652,"porcentaje":0.9861545452115574},{"rango":{"min":70,"max":79},"vacunados":114185,"personasINE":114185,"porcentaje":1},{"rango":{"min":80,"max":null},"vacunados":88825,"personasINE":88825,"porcentaje":1}]},"pautaCompleta":{"etarioTotal":{"vacunados":822459,"personasINE":933927,"porcentaje":0.8806459177216206},"etarioRangos":[{"rango":{"min":12,"max":19},"vacunados":34669,"personasINE":64000.00000000001,"porcentaje":0.7297468114421509},{"rango":{"min":20,"max":29},"vacunados":57731,"personasINE":79111,"porcentaje":0.8816297689124694},{"rango":{"min":30,"max":39},"vacunados":84440,"personasINE":114451.00000000001,"porcentaje":0.8816297689124694},{"rango":{"min":40,"max":49},"vacunados":147226,"personasINE":166993,"porcentaje":0.8816297689124694},{"rango":{"min":50,"max":59},"vacunados":151134,"personasINE":162645,"porcentaje":0.92922622890344},{"rango":{"min":60,"max":69},"vacunados":145684,"personasINE":149652,"porcentaje":0.9734851522198167},{"rango":{"min":70,"max":79},"vacunados":113672,"personasINE":113672,"porcentaje":1},{"rango":{"min":80,"max":null},"vacunados":87903,"personasINE":87903,"porcentaje":1}]}}},{"ccaa":"Baleares","dosisAdministradas":1529886,"dosisEntregadas":1837000,"dosisEntregadasModerna":287000,"dosisEntregadasPfizer":1231200,"dosisEntregadasAstrazeneca":256400,"dosisEntregadasJanssen":62400,"dosisPrimeraDosis":827349,"dosisPautaCompletada":789388,"porcentajeEntregadas":0.832817637452368,"porcentajePoblacionAdministradas":1.3058726824367521,"porcentajePoblacionPrimeraDosis":0.7062045524577416,"porcentajePoblacionCompletas":0.6738019859279599,"fechaUltRegistro":1630800000000,"etarios":{"unaDosis":{"etarioTotal":{"vacunados":827349,"personasINE":1034867,"porcentaje":0.7994737488005705},"etarioRangos":[{"rango":{"min":12,"max":19},"vacunados":68271,"personasINE":95480,"porcentaje":0.648750924301518},{"rango":{"min":20,"max":29},"vacunados":89490,"personasINE":137942,"porcentaje":0.7896853112934831},{"rango":{"min":30,"max":39},"vacunados":118876,"personasINE":182187,"porcentaje":0.7896853112934831},{"rango":{"min":40,"max":49},"vacunados":162811,"personasINE":206172,"porcentaje":0.7896853112934831},{"rango":{"min":50,"max":59},"vacunados":148231,"personasINE":165797,"porcentaje":0.8940511589473875},{"rango":{"min":60,"max":69},"vacunados":109373,"personasINE":117231,"porcentaje":0.9329699482218867},{"rango":{"min":70,"max":79},"vacunados":78953,"personasINE":80516,"porcentaje":0.9805877092751751},{"rango":{"min":80,"max":null},"vacunados":51344,"personasINE":51344,"porcentaje":1}]},"pautaCompleta":{"etarioTotal":{"vacunados":789388,"personasINE":1034867,"porcentaje":0.7627917403878952},"etarioRangos":[{"rango":{"min":12,"max":19},"vacunados":58907,"personasINE":95480,"porcentaje":0.5940540227051949},{"rango":{"min":20,"max":29},"vacunados":81945,"personasINE":137942,"porcentaje":0.7632753235162874},{"rango":{"min":30,"max":39},"vacunados":110947,"personasINE":182187,"porcentaje":0.7632753235162874},{"rango":{"min":40,"max":49},"vacunados":157366,"personasINE":206172,"porcentaje":0.7632753235162874},{"rango":{"min":50,"max":59},"vacunados":144464,"personasINE":165797,"porcentaje":0.8713306030869075},{"rango":{"min":60,"max":69},"vacunados":106889,"personasINE":117231,"porcentaje":0.9117810135544353},{"rango":{"min":70,"max":79},"vacunados":78292,"personasINE":80516,"porcentaje":0.9723781608624372},{"rango":{"min":80,"max":null},"vacunados":50578,"personasINE":50578,"porcentaje":1}]}}},{"ccaa":"Canarias","dosisAdministradas":3032486,"dosisEntregadas":3414690,"dosisEntregadasModerna":529800,"dosisEntregadasPfizer":2247540,"dosisEntregadasAstrazeneca":503700,"dosisEntregadasJanssen":133650,"dosisPrimeraDosis":1637271,"dosisPautaCompletada":1555357,"porcentajeEntregadas":0.8880706594156424,"porcentajePoblacionAdministradas":1.393636440509717,"porcentajePoblacionPrimeraDosis":0.7524389324764517,"porcentajePoblacionCompletas":0.7147938005985426,"fechaUltRegistro":1630800000000,"etarios":{"unaDosis":{"etarioTotal":{"vacunados":1637271,"personasINE":1960774,"porcentaje":0.8350126021662874},"etarioRangos":[{"rango":{"min":12,"max":19},"vacunados":138070,"personasINE":179797,"porcentaje":0.7091297646853203},{"rango":{"min":20,"max":29},"vacunados":178522,"personasINE":251747.99999999997,"porcentaje":0.8079417617883915},{"rango":{"min":30,"max":39},"vacunados":222374,"personasINE":310934,"porcentaje":0.8079417617883915},{"rango":{"min":40,"max":49},"vacunados":313420,"personasINE":387924,"porcentaje":0.8079417617883915},{"rango":{"min":50,"max":59},"vacunados":318222,"personasINE":350512,"porcentaje":0.9078776190258822},{"rango":{"min":60,"max":69},"vacunados":223116,"personasINE":235092,"porcentaje":0.9490582410290439},{"rango":{"min":70,"max":79},"vacunados":150843,"personasINE":154531,"porcentaje":0.9761342384375951},{"rango":{"min":80,"max":null},"vacunados":92704,"personasINE":92704,"porcentaje":1}]},"pautaCompleta":{"etarioTotal":{"vacunados":1555357,"personasINE":1960774,"porcentaje":0.7932362424226351},"etarioRangos":[{"rango":{"min":12,"max":19},"vacunados":109905,"personasINE":179797.00000000003,"porcentaje":0.6428134483690039},{"rango":{"min":20,"max":29},"vacunados":161827,"personasINE":251748,"porcentaje":0.7889895959002279},{"rango":{"min":30,"max":39},"vacunados":208309,"personasINE":310934,"porcentaje":0.7889895959002279},{"rango":{"min":40,"max":49},"vacunados":306068,"personasINE":387924,"porcentaje":0.7889895959002279},{"rango":{"min":50,"max":59},"vacunados":314072,"personasINE":350512,"porcentaje":0.8960377961382207},{"rango":{"min":60,"max":69},"vacunados":214439,"personasINE":235092,"porcentaje":0.9121492862368775},{"rango":{"min":70,"max":79},"vacunados":149407,"personasINE":154531,"porcentaje":0.9668416045971359},{"rango":{"min":80,"max":null},"vacunados":91330,"personasINE":91330,"porcentaje":1}]}}},{"ccaa":"Cantabria","dosisAdministradas":842031,"dosisEntregadas":899555,"dosisEntregadasModerna":104000,"dosisEntregadasPfizer":645405,"dosisEntregadasAstrazeneca":125200,"dosisEntregadasJanssen":24950,"dosisPrimeraDosis":462880,"dosisPautaCompletada":415692,"porcentajeEntregadas":0.9360528261195813,"porcentajePoblacionAdministradas":1.444542421149244,"porcentajePoblacionPrimeraDosis":0.7940916615915115,"porcentajePoblacionCompletas":0.7131385045590619,"fechaUltRegistro":1630800000000,"etarios":{"unaDosis":{"etarioTotal":{"vacunados":462880,"personasINE":524127,"porcentaje":0.8831447340053079},"etarioRangos":[{"rango":{"min":12,"max":19},"vacunados":31856,"personasINE":43963,"porcentaje":0.7132957132957133},{"rango":{"min":20,"max":29},"vacunados":36025,"personasINE":50505,"porcentaje":0.8760650103816138},{"rango":{"min":30,"max":39},"vacunados":51657,"personasINE":70473,"porcentaje":0.8760650103816138},{"rango":{"min":40,"max":49},"vacunados":85652,"personasINE":97769,"porcentaje":0.8760650103816138},{"rango":{"min":50,"max":59},"vacunados":83280,"personasINE":89964,"porcentaje":0.925703614779245},{"rango":{"min":60,"max":69},"vacunados":76092,"personasINE":77345,"porcentaje":0.9837998577800763},{"rango":{"min":70,"max":79},"vacunados":55950,"personasINE":55950,"porcentaje":1},{"rango":{"min":80,"max":null},"vacunados":42368,"personasINE":42368,"porcentaje":1}]},"pautaCompleta":{"etarioTotal":{"vacunados":415692,"personasINE":524127,"porcentaje":0.7931131195301901},"etarioRangos":[{"rango":{"min":12,"max":19},"vacunados":5182,"personasINE":43963,"porcentaje":0.5469161469161469},{"rango":{"min":20,"max":29},"vacunados":27622,"personasINE":50505.00000000001,"porcentaje":0.8524890302652169},{"rango":{"min":30,"max":39},"vacunados":45198,"personasINE":70473,"porcentaje":0.8524890302652169},{"rango":{"min":40,"max":49},"vacunados":83347,"personasINE":97769,"porcentaje":0.8524890302652169},{"rango":{"min":50,"max":59},"vacunados":81810,"personasINE":89964,"porcentaje":0.9093637454981993},{"rango":{"min":60,"max":69},"vacunados":75002,"personasINE":77345,"porcentaje":0.9697071562479799},{"rango":{"min":70,"max":79},"vacunados":55649,"personasINE":55649,"porcentaje":1},{"rango":{"min":80,"max":null},"vacunados":41882,"personasINE":41882,"porcentaje":1}]}}},{"ccaa":"Castilla y Leon","dosisAdministradas":3564209,"dosisEntregadas":3746085,"dosisEntregadasModerna":386000,"dosisEntregadasPfizer":2732835,"dosisEntregadasAstrazeneca":514400,"dosisEntregadasJanssen":112850,"dosisPrimeraDosis":1945282,"dosisPautaCompletada":1807776,"porcentajeEntregadas":0.9514490461375009,"porcentajePoblacionAdministradas":1.4882384282050576,"porcentajePoblacionPrimeraDosis":0.8122541147546597,"porcentajePoblacionCompletas":0.7548383702490022,"fechaUltRegistro":1630800000000,"etarios":{"unaDosis":{"etarioTotal":{"vacunados":1945282,"personasINE":2176253,"porcentaje":0.8938675788155146},"etarioRangos":[{"rango":{"min":12,"max":19},"vacunados":122633,"personasINE":165342,"porcentaje":0.7494431437968588},{"rango":{"min":20,"max":29},"vacunados":158137,"personasINE":211006,"porcentaje":0.8664400434896299},{"rango":{"min":30,"max":39},"vacunados":204021,"personasINE":267783,"porcentaje":0.8664400434896299},{"rango":{"min":40,"max":49},"vacunados":314782,"personasINE":363305,"porcentaje":0.8664400434896299},{"rango":{"min":50,"max":59},"vacunados":348439,"personasINE":381175,"porcentaje":0.9141181871843641},{"rango":{"min":60,"max":69},"vacunados":318153,"personasINE":318575,"porcentaje":0.9986753511731932},{"rango":{"min":70,"max":79},"vacunados":250011,"personasINE":250011,"porcentaje":1},{"rango":{"min":80,"max":null},"vacunados":229106,"personasINE":229106,"porcentaje":1}]},"pautaCompleta":{"etarioTotal":{"vacunados":1807776,"personasINE":2176253,"porcentaje":0.830682829615858},"etarioRangos":[{"rango":{"min":12,"max":19},"vacunados":40273,"personasINE":165342,"porcentaje":0.6602750632683431},{"rango":{"min":20,"max":29},"vacunados":139322,"personasINE":211006,"porcentaje":0.8441750044728259},{"rango":{"min":30,"max":39},"vacunados":192966,"personasINE":267783,"porcentaje":0.8441750044728259},{"rango":{"min":40,"max":49},"vacunados":306693,"personasINE":363305,"porcentaje":0.8441750044728259},{"rango":{"min":50,"max":59},"vacunados":342482,"personasINE":381175,"porcentaje":0.8984901947924182},{"rango":{"min":60,"max":69},"vacunados":311318,"personasINE":318575,"porcentaje":0.9772204347484894},{"rango":{"min":70,"max":79},"vacunados":248434,"personasINE":248434,"porcentaje":1},{"rango":{"min":80,"max":null},"vacunados":226288,"personasINE":226288,"porcentaje":1}]}}},{"ccaa":"Castilla La Mancha","dosisAdministradas":2872957,"dosisEntregadas":3127030,"dosisEntregadasModerna":406300,"dosisEntregadasPfizer":2207655,"dosisEntregadasAstrazeneca":411700,"dosisEntregadasJanssen":101375,"dosisPrimeraDosis":1579827,"dosisPautaCompletada":1452091,"porcentajeEntregadas":0.9187494203765234,"porcentajePoblacionAdministradas":1.404717143037354,"porcentajePoblacionPrimeraDosis":0.7724480630699567,"porcentajePoblacionCompletas":0.7099922208895763,"fechaUltRegistro":1630800000000},{"ccaa":"Cataluña","dosisAdministradas":10436503,"dosisEntregadas":11927160,"dosisEntregadasModerna":1604900,"dosisEntregadasPfizer":8368460,"dosisEntregadasAstrazeneca":1514300,"dosisEntregadasJanssen":439500,"dosisPrimeraDosis":5688713,"dosisPautaCompletada":5365268,"porcentajeEntregadas":0.8750199544568866,"porcentajePoblacionAdministradas":1.3413702421149134,"porcentajePoblacionPrimeraDosis":0.7311520280435176,"porcentajePoblacionCompletas":0.6895806800583871,"fechaUltRegistro":1630800000000,"etarios":{"unaDosis":{"etarioTotal":{"vacunados":5688713,"personasINE":6868360,"porcentaje":0.8282491016778387},"etarioRangos":[{"rango":{"min":12,"max":19},"vacunados":450410,"personasINE":656166,"porcentaje":0.6704333470411892},{"rango":{"min":20,"max":29},"vacunados":562450,"personasINE":838934.9999999999,"porcentaje":0.8308516010951164},{"rango":{"min":30,"max":39},"vacunados":721738,"personasINE":1044651.9999999999,"porcentaje":0.8308516010951164},{"rango":{"min":40,"max":49},"vacunados":1094028,"personasINE":1316755,"porcentaje":0.8308516010951164},{"rango":{"min":50,"max":59},"vacunados":1002764,"personasINE":1091780,"porcentaje":0.9184670904394658},{"rango":{"min":60,"max":69},"vacunados":788048,"personasINE":837584,"porcentaje":0.9408584691207091},{"rango":{"min":70,"max":79},"vacunados":614808,"personasINE":635292,"porcentaje":0.9677565591885307},{"rango":{"min":80,"max":null},"vacunados":454467,"personasINE":454467,"porcentaje":1}]},"pautaCompleta":{"etarioTotal":{"vacunados":5365268,"personasINE":6868360,"porcentaje":0.7811570738866338},"etarioRangos":[{"rango":{"min":12,"max":19},"vacunados":330896,"personasINE":656166,"porcentaje":0.6013481378175901},{"rango":{"min":20,"max":29},"vacunados":504492,"personasINE":838935.0000000001,"porcentaje":0.8051042145273798},{"rango":{"min":30,"max":39},"vacunados":663845,"personasINE":1044652.0000000001,"porcentaje":0.8051042145273798},{"rango":{"min":40,"max":49},"vacunados":1060125,"personasINE":1316755,"porcentaje":0.8051042145273798},{"rango":{"min":50,"max":59},"vacunados":978736,"personasINE":1091780,"porcentaje":0.8964589935701331},{"rango":{"min":60,"max":69},"vacunados":769738,"personasINE":837584,"porcentaje":0.9189979751284647},{"rango":{"min":70,"max":79},"vacunados":609825,"personasINE":635292,"porcentaje":0.959912921931962},{"rango":{"min":80,"max":null},"vacunados":447611,"personasINE":447611,"porcentaje":1}]}}},{"ccaa":"C. Valenciana","dosisAdministradas":7176165,"dosisEntregadas":7860390,"dosisEntregadasModerna":1106200,"dosisEntregadasPfizer":5540140,"dosisEntregadasAstrazeneca":906800,"dosisEntregadasJanssen":307250,"dosisPrimeraDosis":3981106,"dosisPautaCompletada":3634067,"porcentajeEntregadas":0.9129527924186968,"porcentajePoblacionAdministradas":1.4189567151037312,"porcentajePoblacionPrimeraDosis":0.7871916395790446,"porcentajePoblacionCompletas":0.7185709599468338,"fechaUltRegistro":1630800000000,"etarios":{"unaDosis":{"etarioTotal":{"vacunados":3981106,"personasINE":4488459,"porcentaje":0.8869649917711179},"etarioRangos":[{"rango":{"min":12,"max":19},"vacunados":335100,"personasINE":424531,"porcentaje":0.7769168768866517},{"rango":{"min":20,"max":29},"vacunados":400987,"personasINE":516126,"porcentaje":0.8745402706473083},{"rango":{"min":30,"max":39},"vacunados":491843,"personasINE":648759,"porcentaje":0.8745402706473083},{"rango":{"min":40,"max":49},"vacunados":744748,"personasINE":851588,"porcentaje":0.8745402706473083},{"rango":{"min":50,"max":59},"vacunados":711136,"personasINE":752334,"porcentaje":0.9452397472399227},{"rango":{"min":60,"max":69},"vacunados":566885,"personasINE":580728,"porcentaje":0.9761626785689687},{"rango":{"min":70,"max":79},"vacunados":433604,"personasINE":437862,"porcentaje":0.9902754749213223},{"rango":{"min":80,"max":null},"vacunados":296803,"personasINE":296803,"porcentaje":1}]},"pautaCompleta":{"etarioTotal":{"vacunados":3634067,"personasINE":4488459,"porcentaje":0.8096469189091401},"etarioRangos":[{"rango":{"min":12,"max":19},"vacunados":154706,"personasINE":424531,"porcentaje":0.6492465018231982},{"rango":{"min":20,"max":29},"vacunados":335093,"personasINE":516126,"porcentaje":0.851724073143351},{"rango":{"min":30,"max":39},"vacunados":447007,"personasINE":648759,"porcentaje":0.851724073143351},{"rango":{"min":40,"max":49},"vacunados":725318,"personasINE":851588,"porcentaje":0.851724073143351},{"rango":{"min":50,"max":59},"vacunados":702169,"personasINE":752334,"porcentaje":0.9333208388827303},{"rango":{"min":60,"max":69},"vacunados":547518,"personasINE":580728,"porcentaje":0.9428131586560318},{"rango":{"min":70,"max":79},"vacunados":429932,"personasINE":437862,"porcentaje":0.9818892710488692},{"rango":{"min":80,"max":null},"vacunados":292324,"personasINE":292324,"porcentaje":1}]}}},{"ccaa":"Extremadura","dosisAdministradas":1612452,"dosisEntregadas":1608155,"dosisEntregadasModerna":197400,"dosisEntregadasPfizer":1173005,"dosisEntregadasAstrazeneca":186000,"dosisEntregadasJanssen":51750,"dosisPrimeraDosis":882567,"dosisPautaCompletada":812912,"porcentajeEntregadas":1.0026720061188132,"porcentajePoblacionAdministradas":1.5154809222293129,"porcentajePoblacionPrimeraDosis":0.829490397908997,"porcentajePoblacionCompletas":0.7640243724782352,"fechaUltRegistro":1630713600000,"etarios":{"unaDosis":{"etarioTotal":{"vacunados":882567,"personasINE":953437,"porcentaje":0.9256689220158227},"etarioRangos":[{"rango":{"min":12,"max":19},"vacunados":70568,"personasINE":84750,"porcentaje":0.7838157430285916},{"rango":{"min":20,"max":29},"vacunados":88822,"personasINE":113320,"porcentaje":0.9100467729193574},{"rango":{"min":30,"max":39},"vacunados":110914,"personasINE":133479,"porcentaje":0.9100467729193574},{"rango":{"min":40,"max":49},"vacunados":145147,"personasINE":159494,"porcentaje":0.9100467729193574},{"rango":{"min":50,"max":59},"vacunados":160796,"personasINE":169216,"porcentaje":0.9502411119515886},{"rango":{"min":60,"max":69},"vacunados":132329,"personasINE":132329,"porcentaje":1},{"rango":{"min":70,"max":79},"vacunados":95803,"personasINE":95803,"porcentaje":1},{"rango":{"min":80,"max":null},"vacunados":78188,"personasINE":78188,"porcentaje":1}]},"pautaCompleta":{"etarioTotal":{"vacunados":812912,"personasINE":953437,"porcentaje":0.8526121809831169},"etarioRangos":[{"rango":{"min":12,"max":19},"vacunados":26766,"personasINE":84750,"porcentaje":0.6813536886692552},{"rango":{"min":20,"max":29},"vacunados":77211,"personasINE":113320,"porcentaje":0.8929113320877274},{"rango":{"min":30,"max":39},"vacunados":105473,"personasINE":133479,"porcentaje":0.8929113320877274},{"rango":{"min":40,"max":49},"vacunados":142414,"personasINE":159494,"porcentaje":0.8929113320877274},{"rango":{"min":50,"max":59},"vacunados":158954,"personasINE":169216,"porcentaje":0.9393556164901664},{"rango":{"min":60,"max":69},"vacunados":129882,"personasINE":125297.00000000001,"porcentaje":1.0365930549015538},{"rango":{"min":70,"max":79},"vacunados":95101,"personasINE":95101,"porcentaje":1},{"rango":{"min":80,"max":null},"vacunados":77111,"personasINE":77111,"porcentaje":1}]}}},{"ccaa":"Galicia","dosisAdministradas":4171514,"dosisEntregadas":4168475,"dosisEntregadasModerna":458600,"dosisEntregadasPfizer":3004675,"dosisEntregadasAstrazeneca":573400,"dosisEntregadasJanssen":131800,"dosisPrimeraDosis":2269138,"dosisPautaCompletada":2103980,"porcentajeEntregadas":1.0007290435950797,"porcentajePoblacionAdministradas":1.543965010239398,"porcentajePoblacionPrimeraDosis":0.8398556676076376,"porcentajePoblacionCompletas":0.778727220439267,"fechaUltRegistro":1630800000000,"etarios":{"unaDosis":{"etarioTotal":{"vacunados":2269138,"personasINE":2454497,"porcentaje":0.9244818795867341},"etarioRangos":[{"rango":{"min":12,"max":19},"vacunados":158207,"personasINE":180007,"porcentaje":0.8206778912551249},{"rango":{"min":20,"max":29},"vacunados":189561,"personasINE":230981,"porcentaje":0.9072990675080829},{"rango":{"min":30,"max":39},"vacunados":256253,"personasINE":323408,"porcentaje":0.9072990675080829},{"rango":{"min":40,"max":49},"vacunados":402134,"personasINE":443221,"porcentaje":0.9072990675080829},{"rango":{"min":50,"max":59},"vacunados":387641,"personasINE":405889,"porcentaje":0.9550418956906938},{"rango":{"min":60,"max":69},"vacunados":343030,"personasINE":346927,"porcentaje":0.988767089330032},{"rango":{"min":70,"max":79},"vacunados":290553,"personasINE":290553,"porcentaje":1},{"rango":{"min":80,"max":null},"vacunados":241759,"personasINE":241759,"porcentaje":1}]},"pautaCompleta":{"etarioTotal":{"vacunados":2103980,"personasINE":2454497,"porcentaje":0.8571939586807399},"etarioRangos":[{"rango":{"min":12,"max":19},"vacunados":45337,"personasINE":180007,"porcentaje":0.7167559236473996},{"rango":{"min":20,"max":29},"vacunados":165557,"personasINE":230981,"porcentaje":0.8958826409398472},{"rango":{"min":30,"max":39},"vacunados":241124,"personasINE":323408,"porcentaje":0.8958826409398472},{"rango":{"min":40,"max":49},"vacunados":397074,"personasINE":443221,"porcentaje":0.8958826409398472},{"rango":{"min":50,"max":59},"vacunados":385061,"personasINE":405889,"porcentaje":0.9486854780494175},{"rango":{"min":60,"max":69},"vacunados":340576,"personasINE":346927,"porcentaje":0.9816935551283122},{"rango":{"min":70,"max":79},"vacunados":289271,"personasINE":289762,"porcentaje":0.9983055058979439},{"rango":{"min":80,"max":null},"vacunados":239980,"personasINE":239980,"porcentaje":1}]}}},{"ccaa":"La Rioja","dosisAdministradas":449268,"dosisEntregadas":487985,"dosisEntregadasModerna":61400,"dosisEntregadasPfizer":358085,"dosisEntregadasAstrazeneca":53300,"dosisEntregadasJanssen":15200,"dosisPrimeraDosis":251631,"dosisPautaCompletada":230265,"porcentajeEntregadas":0.9206594464993801,"porcentajePoblacionAdministradas":1.4043399163525196,"porcentajePoblacionPrimeraDosis":0.7865582625330557,"porcentajePoblacionCompletas":0.7197715636077195,"fechaUltRegistro":1630627200000,"etarios":{"unaDosis":{"etarioTotal":{"vacunados":251631,"personasINE":283970,"porcentaje":0.8861182519280205},"etarioRangos":[{"rango":{"min":12,"max":19},"vacunados":18856,"personasINE":25532,"porcentaje":0.7099940902226016},{"rango":{"min":20,"max":29},"vacunados":21625,"personasINE":30458,"porcentaje":0.8831472982416378},{"rango":{"min":30,"max":39},"vacunados":29589,"personasINE":39319,"porcentaje":0.8831472982416378},{"rango":{"min":40,"max":49},"vacunados":46760,"personasINE":52947,"porcentaje":0.8831472982416378},{"rango":{"min":50,"max":59},"vacunados":45004,"personasINE":47664,"porcentaje":0.9441926821080899},{"rango":{"min":60,"max":69},"vacunados":37838,"personasINE":37838,"porcentaje":1},{"rango":{"min":70,"max":79},"vacunados":28618,"personasINE":28618,"porcentaje":1},{"rango":{"min":80,"max":null},"vacunados":23341,"personasINE":23341,"porcentaje":1}]},"pautaCompleta":{"etarioTotal":{"vacunados":230265,"personasINE":283970,"porcentaje":0.810877909638342},"etarioRangos":[{"rango":{"min":12,"max":19},"vacunados":7672,"personasINE":25532,"porcentaje":0.591732878061593},{"rango":{"min":20,"max":29},"vacunados":18023,"personasINE":30458,"porcentaje":0.8515874364930969},{"rango":{"min":30,"max":39},"vacunados":27003,"personasINE":39319,"porcentaje":0.8515874364930969},{"rango":{"min":40,"max":49},"vacunados":45089,"personasINE":52947,"porcentaje":0.8515874364930969},{"rango":{"min":50,"max":59},"vacunados":43963,"personasINE":47664,"porcentaje":0.9223522994293387},{"rango":{"min":60,"max":69},"vacunados":36918,"personasINE":37718,"porcentaje":0.9787899676547007},{"rango":{"min":70,"max":79},"vacunados":28483,"personasINE":28483,"porcentaje":1},{"rango":{"min":80,"max":null},"vacunados":23114,"personasINE":23114,"porcentaje":1}]}}},{"ccaa":"Madrid","dosisAdministradas":9207012,"dosisEntregadas":10485779,"dosisEntregadasModerna":1514600,"dosisEntregadasPfizer":7362729,"dosisEntregadasAstrazeneca":1227000,"dosisEntregadasJanssen":381450,"dosisPrimeraDosis":5144497,"dosisPautaCompletada":4723386,"porcentajeEntregadas":0.8780474965188566,"porcentajePoblacionAdministradas":1.357988804534824,"porcentajePoblacionPrimeraDosis":0.7587879032809981,"porcentajePoblacionCompletas":0.6966761102838277,"fechaUltRegistro":1630800000000,"etarios":{"unaDosis":{"etarioTotal":{"vacunados":5144497,"personasINE":5977937,"porcentaje":0.8605806652027279},"etarioRangos":[{"rango":{"min":12,"max":19},"vacunados":381573,"personasINE":553542,"porcentaje":0.7370847503282939},{"rango":{"min":20,"max":29},"vacunados":547267,"personasINE":742475,"porcentaje":0.8651270057317034},{"rango":{"min":30,"max":39},"vacunados":709291,"personasINE":949640,"porcentaje":0.8651270057317034},{"rango":{"min":40,"max":49},"vacunados":1008713,"personasINE":1165971,"porcentaje":0.8651270057317034},{"rango":{"min":50,"max":59},"vacunados":930270,"personasINE":972783,"porcentaje":0.9562975504300548},{"rango":{"min":60,"max":69},"vacunados":684240,"personasINE":703323,"porcentaje":0.9728673738808485},{"rango":{"min":70,"max":79},"vacunados":509750,"personasINE":526081,"porcentaje":0.9689572518300413},{"rango":{"min":80,"max":null},"vacunados":373393,"personasINE":373393,"porcentaje":1}]},"pautaCompleta":{"etarioTotal":{"vacunados":4723386,"personasINE":5977937,"porcentaje":0.7901364634655735},"etarioRangos":[{"rango":{"min":12,"max":19},"vacunados":190304,"personasINE":553542,"porcentaje":0.6185514663793393},{"rango":{"min":20,"max":29},"vacunados":459259,"personasINE":742475,"porcentaje":0.8321939396434388},{"rango":{"min":30,"max":39},"vacunados":639552,"personasINE":949640,"porcentaje":0.8321939396434388},{"rango":{"min":40,"max":49},"vacunados":970314,"personasINE":1165971,"porcentaje":0.8321939396434388},{"rango":{"min":50,"max":59},"vacunados":915874,"personasINE":972783,"porcentaje":0.941498772079693},{"rango":{"min":60,"max":69},"vacunados":671653,"personasINE":703323,"porcentaje":0.9549709024161018},{"rango":{"min":70,"max":79},"vacunados":506699,"personasINE":526081,"porcentaje":0.9631577646788232},{"rango":{"min":80,"max":null},"vacunados":369731,"personasINE":369731,"porcentaje":1}]}}},{"ccaa":"Murcia","dosisAdministradas":2114256,"dosisEntregadas":2343245,"dosisEntregadasModerna":368000,"dosisEntregadasPfizer":1634045,"dosisEntregadasAstrazeneca":253100,"dosisEntregadasJanssen":88100,"dosisPrimeraDosis":1154443,"dosisPautaCompletada":1077971,"porcentajeEntregadas":0.9022769706112677,"porcentajePoblacionAdministradas":1.3990104886613806,"porcentajePoblacionPrimeraDosis":0.7638989155342164,"porcentajePoblacionCompletas":0.7132971293319244,"fechaUltRegistro":1630800000000,"etarios":{"unaDosis":{"etarioTotal":{"vacunados":1154443,"personasINE":1310137,"porcentaje":0.8811620464119402},"etarioRangos":[{"rango":{"min":12,"max":19},"vacunados":108354,"personasINE":141894,"porcentaje":0.7633005898471971},{"rango":{"min":20,"max":29},"vacunados":131477,"personasINE":172248,"porcentaje":0.8930346203331012},{"rango":{"min":30,"max":39},"vacunados":158999,"personasINE":209003,"porcentaje":0.8930346203331012},{"rango":{"min":40,"max":49},"vacunados":226971,"personasINE":254157,"porcentaje":0.8930346203331012},{"rango":{"min":50,"max":59},"vacunados":205190,"personasINE":213256,"porcentaje":0.9621769141313726},{"rango":{"min":60,"max":69},"vacunados":146994,"personasINE":146994,"porcentaje":1},{"rango":{"min":70,"max":79},"vacunados":102683,"personasINE":102899,"porcentaje":0.9979008542357068},{"rango":{"min":80,"max":null},"vacunados":73775,"personasINE":73775,"porcentaje":1}]},"pautaCompleta":{"etarioTotal":{"vacunados":1077971,"personasINE":1310137,"porcentaje":0.8227925781807551},"etarioRangos":[{"rango":{"min":12,"max":19},"vacunados":80056,"personasINE":141894,"porcentaje":0.6759614044865543},{"rango":{"min":20,"max":29},"vacunados":116433,"personasINE":172248,"porcentaje":0.8612511164359038},{"rango":{"min":30,"max":39},"vacunados":147415,"personasINE":209003,"porcentaje":0.8612511164359038},{"rango":{"min":40,"max":49},"vacunados":218893,"personasINE":254157,"porcentaje":0.8612511164359038},{"rango":{"min":50,"max":59},"vacunados":201214,"personasINE":213256,"porcentaje":0.9435326555876505},{"rango":{"min":60,"max":69},"vacunados":141083,"personasINE":146909,"porcentaje":0.96034279724183},{"rango":{"min":70,"max":79},"vacunados":100272,"personasINE":102899,"porcentaje":0.9744701114685274},{"rango":{"min":80,"max":null},"vacunados":72605,"personasINE":72605,"porcentaje":1}]}}},{"ccaa":"Navarra","dosisAdministradas":933834,"dosisEntregadas":1018675,"dosisEntregadasModerna":138400,"dosisEntregadasPfizer":710925,"dosisEntregadasAstrazeneca":136600,"dosisEntregadasJanssen":32750,"dosisPrimeraDosis":510981,"dosisPautaCompletada":482727,"porcentajeEntregadas":0.9167143593393379,"porcentajePoblacionAdministradas":1.4123385314815402,"porcentajePoblacionPrimeraDosis":0.772812036352252,"porcentajePoblacionCompletas":0.7300804450110935,"fechaUltRegistro":1630800000000,"etarios":{"unaDosis":{"etarioTotal":{"vacunados":510981,"personasINE":581354,"porcentaje":0.8789498309119744},"etarioRangos":[{"rango":{"min":12,"max":19},"vacunados":42491,"personasINE":56388,"porcentaje":0.7567484257342904},{"rango":{"min":20,"max":29},"vacunados":51555,"personasINE":68127,"porcentaje":0.870807948000963},{"rango":{"min":30,"max":39},"vacunados":61576,"personasINE":81341,"porcentaje":0.870807948000963},{"rango":{"min":40,"max":49},"vacunados":94049,"personasINE":108002,"porcentaje":0.870807948000963},{"rango":{"min":50,"max":59},"vacunados":91179,"personasINE":96694,"porcentaje":0.9429644031687592},{"rango":{"min":60,"max":69},"vacunados":71853,"personasINE":73844,"porcentaje":0.973037755267862},{"rango":{"min":70,"max":79},"vacunados":55814,"personasINE":55814,"porcentaje":1},{"rango":{"min":80,"max":null},"vacunados":42464,"personasINE":42464,"porcentaje":1}]},"pautaCompleta":{"etarioTotal":{"vacunados":482727,"personasINE":581354,"porcentaje":0.8303494944560457},"etarioRangos":[{"rango":{"min":12,"max":19},"vacunados":28099,"personasINE":56388,"porcentaje":0.6850881442012712},{"rango":{"min":20,"max":29},"vacunados":46673,"personasINE":68127,"porcentaje":0.8474657876705987},{"rango":{"min":30,"max":39},"vacunados":58061,"personasINE":81341,"porcentaje":0.8474657876705987},{"rango":{"min":40,"max":49},"vacunados":91528,"personasINE":108002,"porcentaje":0.8474657876705987},{"rango":{"min":50,"max":59},"vacunados":89936,"personasINE":96694,"porcentaje":0.9301094173371667},{"rango":{"min":60,"max":69},"vacunados":70753,"personasINE":73844,"porcentaje":0.9581414874600509},{"rango":{"min":70,"max":79},"vacunados":55631,"personasINE":55792,"porcentaje":0.9971142816174362},{"rango":{"min":80,"max":null},"vacunados":42046,"personasINE":42046,"porcentaje":1}]}}},{"ccaa":"País Vasco","dosisAdministradas":3181952,"dosisEntregadas":3431760,"dosisEntregadasModerna":470200,"dosisEntregadasPfizer":2406510,"dosisEntregadasAstrazeneca":444200,"dosisEntregadasJanssen":110850,"dosisPrimeraDosis":1760821,"dosisPautaCompletada":1629868,"porcentajeEntregadas":0.9272070307946942,"porcentajePoblacionAdministradas":1.4329863850729383,"porcentajePoblacionPrimeraDosis":0.7929825841340524,"porcentajePoblacionCompletas":0.7340081350900516,"fechaUltRegistro":1630800000000,"etarios":{"unaDosis":{"etarioTotal":{"vacunados":1760821,"personasINE":1983943,"porcentaje":0.8875360834459458},"etarioRangos":[{"rango":{"min":12,"max":19},"vacunados":128667,"personasINE":168606,"porcentaje":0.7314845137793127},{"rango":{"min":20,"max":29},"vacunados":147419,"personasINE":201534,"porcentaje":0.8705227085076478},{"rango":{"min":30,"max":39},"vacunados":194038,"personasINE":260543,"porcentaje":0.8705227085076478},{"rango":{"min":40,"max":49},"vacunados":315245,"personasINE":362133,"porcentaje":0.8705227085076478},{"rango":{"min":50,"max":59},"vacunados":320791,"personasINE":339977,"porcentaje":0.9435667706933116},{"rango":{"min":60,"max":69},"vacunados":277303,"personasINE":280119,"porcentaje":0.9899471296127718},{"rango":{"min":70,"max":79},"vacunados":213424,"personasINE":213424,"porcentaje":1},{"rango":{"min":80,"max":null},"vacunados":163934,"personasINE":163934,"porcentaje":1}]},"pautaCompleta":{"etarioTotal":{"vacunados":1629868,"personasINE":1983943,"porcentaje":0.8215296508014596},"etarioRangos":[{"rango":{"min":12,"max":19},"vacunados":68575,"personasINE":168606,"porcentaje":0.5695217680391398},{"rango":{"min":20,"max":29},"vacunados":114778,"personasINE":201534,"porcentaje":0.85372501263348},{"rango":{"min":30,"max":39},"vacunados":175112,"personasINE":260543,"porcentaje":0.85372501263348},{"rango":{"min":40,"max":49},"vacunados":309162,"personasINE":362133,"porcentaje":0.85372501263348},{"rango":{"min":50,"max":59},"vacunados":316914,"personasINE":339977,"porcentaje":0.9321630580892237},{"rango":{"min":60,"max":69},"vacunados":272032,"personasINE":280119,"porcentaje":0.9711301268389506},{"rango":{"min":70,"max":79},"vacunados":211738,"personasINE":213081,"porcentaje":0.9936972325078257},{"rango":{"min":80,"max":null},"vacunados":161557,"personasINE":157950,"porcentaje":1.0228363406141183}]}}},{"ccaa":"Ceuta","dosisAdministradas":105006,"dosisEntregadas":135320,"dosisEntregadasModerna":21000,"dosisEntregadasPfizer":92070,"dosisEntregadasAstrazeneca":18100,"dosisEntregadasJanssen":4150,"dosisPrimeraDosis":58171,"dosisPautaCompletada":53583,"porcentajeEntregadas":0.7759828554537392,"porcentajePoblacionAdministradas":1.2470725160922544,"porcentajePoblacionPrimeraDosis":0.6908505736205791,"porcentajePoblacionCompletas":0.6363625567088668,"fechaUltRegistro":1630627200000,"etarios":{"unaDosis":{"etarioTotal":{"vacunados":58171,"personasINE":70965,"porcentaje":0.8197139434932713},"etarioRangos":[{"rango":{"min":12,"max":19},"vacunados":6515,"personasINE":9126,"porcentaje":0.7350232515729005},{"rango":{"min":20,"max":29},"vacunados":8061,"personasINE":10967,"porcentaje":0.8535832937826293},{"rango":{"min":30,"max":39},"vacunados":8613,"personasINE":11894,"porcentaje":0.8535832937826293},{"rango":{"min":40,"max":49},"vacunados":10791,"personasINE":12642,"porcentaje":0.8535832937826293},{"rango":{"min":50,"max":59},"vacunados":10360,"personasINE":11556,"porcentaje":0.8965039806161301},{"rango":{"min":60,"max":69},"vacunados":7566,"personasINE":7857,"porcentaje":0.9629629629629629},{"rango":{"min":70,"max":79},"vacunados":3876,"personasINE":4318,"porcentaje":0.8976377952755905},{"rango":{"min":80,"max":null},"vacunados":2389,"personasINE":2605,"porcentaje":0.9170825335892514}]},"pautaCompleta":{"etarioTotal":{"vacunados":53583,"personasINE":70965,"porcentaje":0.7550623546818854},"etarioRangos":[{"rango":{"min":12,"max":19},"vacunados":4746,"personasINE":9126,"porcentaje":0.6483997446886113},{"rango":{"min":20,"max":29},"vacunados":7111,"personasINE":10967,"porcentaje":0.810235722195855},{"rango":{"min":30,"max":39},"vacunados":7891,"personasINE":11894,"porcentaje":0.810235722195855},{"rango":{"min":40,"max":49},"vacunados":10243,"personasINE":12642,"porcentaje":0.810235722195855},{"rango":{"min":50,"max":59},"vacunados":10073,"personasINE":11556,"porcentaje":0.871668397369332},{"rango":{"min":60,"max":69},"vacunados":7331,"personasINE":7857,"porcentaje":0.9330533282423317},{"rango":{"min":70,"max":79},"vacunados":3833,"personasINE":4318,"porcentaje":0.8876794812413155},{"rango":{"min":80,"max":null},"vacunados":2355,"personasINE":2605,"porcentaje":0.9040307101727447}]}}},{"ccaa":"Melilla","dosisAdministradas":96622,"dosisEntregadas":136190,"dosisEntregadasModerna":22100,"dosisEntregadasPfizer":93240,"dosisEntregadasAstrazeneca":15100,"dosisEntregadasJanssen":5750,"dosisPrimeraDosis":54547,"dosisPautaCompletada":50887,"porcentajeEntregadas":0.7094647184081063,"porcentajePoblacionAdministradas":1.1096283706187697,"porcentajePoblacionPrimeraDosis":0.6264297854747577,"porcentajePoblacionCompletas":0.584397537783086,"fechaUltRegistro":1630540800000,"etarios":{"unaDosis":{"etarioTotal":{"vacunados":54547,"personasINE":70927,"porcentaje":0.7690583275762404},"etarioRangos":[{"rango":{"min":12,"max":19},"vacunados":6700,"personasINE":9574,"porcentaje":0.6637765735723218},{"rango":{"min":20,"max":29},"vacunados":7962,"personasINE":11995,"porcentaje":0.8165305782369605},{"rango":{"min":30,"max":39},"vacunados":8210,"personasINE":12133,"porcentaje":0.8165305782369605},{"rango":{"min":40,"max":49},"vacunados":9800,"personasINE":12002,"porcentaje":0.8165305782369605},{"rango":{"min":50,"max":59},"vacunados":9512,"personasINE":11299,"porcentaje":0.8418444110098239},{"rango":{"min":60,"max":69},"vacunados":7067,"personasINE":7827,"porcentaje":0.9029002171968826},{"rango":{"min":70,"max":79},"vacunados":3293,"personasINE":3748,"porcentaje":0.8786019210245464},{"rango":{"min":80,"max":null},"vacunados":2003,"personasINE":2349,"porcentaje":0.8527032779906343}]},"pautaCompleta":{"etarioTotal":{"vacunados":50887,"personasINE":70927,"porcentaje":0.7174559758625065},"etarioRangos":[{"rango":{"min":12,"max":19},"vacunados":5301,"personasINE":9573.999999999998,"porcentaje":0.5893288870362651},{"rango":{"min":20,"max":29},"vacunados":7069,"personasINE":11995,"porcentaje":0.791201466422263},{"rango":{"min":30,"max":39},"vacunados":7686,"personasINE":12133,"porcentaje":0.791201466422263},{"rango":{"min":40,"max":49},"vacunados":9496,"personasINE":12002,"porcentaje":0.791201466422263},{"rango":{"min":50,"max":59},"vacunados":9281,"personasINE":11299,"porcentaje":0.8214001239047704},{"rango":{"min":60,"max":69},"vacunados":6896,"personasINE":7827,"porcentaje":0.8810527660661812},{"rango":{"min":70,"max":79},"vacunados":3210,"personasINE":3748.0000000000005,"porcentaje":0.8564567769477054},{"rango":{"min":80,"max":null},"vacunados":1948,"personasINE":2349,"porcentaje":0.8292890591741167}]}}},{"ccaa":"Fuerzas Armadas","dosisAdministradas":171574,"dosisEntregadas":213468,"dosisEntregadasModerna":58300,"dosisEntregadasPfizer":49368,"dosisEntregadasAstrazeneca":103800,"dosisEntregadasJanssen":2000,"dosisPrimeraDosis":91825,"dosisPautaCompletada":85960,"porcentajeEntregadas":0.8037457604886915,"porcentajePoblacionAdministradas":null,"porcentajePoblacionPrimeraDosis":null,"porcentajePoblacionCompletas":null,"fechaUltRegistro":1630627200000},{"ccaa":"Sanidad Exterior","dosisAdministradas":5077,"dosisEntregadas":6890,"dosisEntregadasModerna":4180,"dosisEntregadasPfizer":0,"dosisEntregadasAstrazeneca":0,"dosisEntregadasJanssen":2710,"dosisPrimeraDosis":3729,"dosisPautaCompletada":3413,"porcentajeEntregadas":0.7368650217706821,"porcentajePoblacionAdministradas":null,"porcentajePoblacionPrimeraDosis":null,"porcentajePoblacionCompletas":null,"fechaUltRegistro":1630540800000,"etarios":{"unaDosis":{"etarioTotal":{"vacunados":3729,"personasINE":"-","porcentaje":"-"},"etarioRangos":[{"rango":{"min":12,"max":19},"vacunados":141,"personasINE":null,"porcentaje":"-"},{"rango":{"min":20,"max":29},"vacunados":946,"personasINE":null,"porcentaje":"-"},{"rango":{"min":30,"max":39},"vacunados":1029,"personasINE":null,"porcentaje":"-"},{"rango":{"min":40,"max":49},"vacunados":921,"personasINE":null,"porcentaje":"-"},{"rango":{"min":50,"max":59},"vacunados":481,"personasINE":null,"porcentaje":"-"},{"rango":{"min":60,"max":69},"vacunados":168,"personasINE":null,"porcentaje":"-"},{"rango":{"min":70,"max":79},"vacunados":22,"personasINE":null,"porcentaje":"-"},{"rango":{"min":80,"max":null},"vacunados":21,"personasINE":null,"porcentaje":"-"}]},"pautaCompleta":{"etarioTotal":{"vacunados":3413,"personasINE":"-","porcentaje":"-"},"etarioRangos":[{"rango":{"min":12,"max":19},"vacunados":81,"personasINE":null,"porcentaje":"-"},{"rango":{"min":20,"max":29},"vacunados":858,"personasINE":null,"porcentaje":"-"},{"rango":{"min":30,"max":39},"vacunados":947,"personasINE":null,"porcentaje":"-"},{"rango":{"min":40,"max":49},"vacunados":870,"personasINE":null,"porcentaje":"-"},{"rango":{"min":50,"max":59},"vacunados":466,"personasINE":null,"porcentaje":"-"},{"rango":{"min":60,"max":69},"vacunados":154,"personasINE":null,"porcentaje":"-"},{"rango":{"min":70,"max":79},"vacunados":20,"personasINE":null,"porcentaje":"-"},{"rango":{"min":80,"max":null},"vacunados":17,"personasINE":null,"porcentaje":"-"}]}}},{"ccaa":"Totales","dosisAdministradas":67190707,"dosisEntregadas":73687182,"dosisEntregadasModerna":9998780,"dosisEntregadasPfizer":51490167,"dosisEntregadasAstrazeneca":9549900,"dosisEntregadasJanssen":2648335,"dosisPrimeraDosis":36820586,"dosisPautaCompletada":34270593,"porcentajeEntregadas":0.9118371089289314,"porcentajePoblacionAdministradas":1.4314168512995313,"porcentajePoblacionPrimeraDosis":0.7844181082232637,"porcentajePoblacionCompletas":0.7300935875585854,"fechaUltRegistro":null,"etarios":{"unaDosis":{"etarioTotal":{"vacunados":36820586,"personasINE":42119827,"porcentaje":0.8741865440235546},"etarioRangos":[{"rango":{"min":12,"max":19},"vacunados":2929586,"personasINE":3888686,"porcentaje":0.7433881940849081},{"rango":{"min":20,"max":29},"vacunados":3675787,"personasINE":4944640,"porcentaje":0.8663322155819435},{"rango":{"min":30,"max":39},"vacunados":4678250,"personasINE":6230403,"porcentaje":0.8663322155819435},{"rango":{"min":40,"max":49},"vacunados":6836866,"personasINE":7891737,"porcentaje":0.8663322155819435},{"rango":{"min":50,"max":59},"vacunados":6602298,"personasINE":7033306,"porcentaje":0.9387190035525257},{"rango":{"min":60,"max":69},"vacunados":5237161,"personasINE":5336986,"porcentaje":0.9812956226604305},{"rango":{"min":70,"max":79},"vacunados":3931602,"personasINE":3960045,"porcentaje":0.9928175058616758},{"rango":{"min":80,"max":null},"vacunados":2929036,"personasINE":2929036,"porcentaje":1}]},"pautaCompleta":{"etarioTotal":{"vacunados":34270593,"personasINE":42119827,"porcentaje":0.8136451510116601},"etarioRangos":[{"rango":{"min":12,"max":19},"vacunados":1691377,"personasINE":3888686,"porcentaje":0.6481416240616101},{"rango":{"min":20,"max":29},"vacunados":3204827,"personasINE":4944640,"porcentaje":0.8421285453379909},{"rango":{"min":30,"max":39},"vacunados":4325443,"personasINE":6230403,"porcentaje":0.8421285453379909},{"rango":{"min":40,"max":49},"vacunados":6645857,"personasINE":7891737,"porcentaje":0.8421285453379909},{"rango":{"min":50,"max":59},"vacunados":6493973,"personasINE":7033306,"porcentaje":0.9233172849297329},{"rango":{"min":60,"max":69},"vacunados":5117934,"personasINE":5336986,"porcentaje":0.9589558601053104},{"rango":{"min":70,"max":79},"vacunados":3900924,"personasINE":3960045,"porcentaje":0.9850706241974523},{"rango":{"min":80,"max":null},"vacunados":2890258,"personasINE":2890258,"porcentaje":1}]}}}]