[{"ccaa":"Andalucía","dosisAdministradas":12253781,"dosisEntregadas":13574120,"dosisEntregadasModerna":1936600,"dosisEntregadasPfizer":9306270,"dosisEntregadasAstrazeneca":1805800,"dosisEntregadasJanssen":525450,"dosisPrimeraDosis":6647429,"dosisPautaCompletada":6259600,"porcentajeEntregadas":0.9027311531060577,"porcentajePoblacionAdministradas":1.447682656241527,"porcentajePoblacionPrimeraDosis":0.7853386372660779,"porcentajePoblacionCompletas":0.7395198555457668,"fechaUltRegistro":1630972800000,"etarios":{"unaDosis":{"etarioTotal":{"vacunados":6647429,"personasINE":7451975,"porcentaje":0.8920358696855532},"etarioRangos":[{"rango":{"min":12,"max":19},"vacunados":603167,"personasINE":752907,"porcentaje":0.76941589710899},{"rango":{"min":20,"max":29},"vacunados":714535,"personasINE":928672,"porcentaje":0.885059280319165},{"rango":{"min":30,"max":39},"vacunados":893536,"personasINE":1140217,"porcentaje":0.885059280319165},{"rango":{"min":40,"max":49},"vacunados":1225908,"personasINE":1385114,"porcentaje":0.885059280319165},{"rango":{"min":50,"max":59},"vacunados":1201325,"personasINE":1265021,"porcentaje":0.9496482667086159},{"rango":{"min":60,"max":69},"vacunados":922683,"personasINE":922683,"porcentaje":1},{"rango":{"min":70,"max":79},"vacunados":652786,"personasINE":652786,"porcentaje":1},{"rango":{"min":80,"max":null},"vacunados":433489,"personasINE":433489,"porcentaje":1}]},"pautaCompleta":{"etarioTotal":{"vacunados":6259600,"personasINE":7451975,"porcentaje":0.8399920826358113},"etarioRangos":[{"rango":{"min":12,"max":19},"vacunados":411851,"personasINE":752907,"porcentaje":0.6926040625753764},{"rango":{"min":20,"max":29},"vacunados":643202,"personasINE":928672,"porcentaje":0.864641466334179},{"rango":{"min":30,"max":39},"vacunados":842776,"personasINE":1140217,"porcentaje":0.864641466334179},{"rango":{"min":40,"max":49},"vacunados":1197627,"personasINE":1385114,"porcentaje":0.864641466334179},{"rango":{"min":50,"max":59},"vacunados":1185420,"personasINE":1265021,"porcentaje":0.9370753528992799},{"rango":{"min":60,"max":69},"vacunados":905120,"personasINE":916147,"porcentaje":0.9879637219791148},{"rango":{"min":70,"max":79},"vacunados":646939,"personasINE":650381,"porcentaje":0.9947077174763715},{"rango":{"min":80,"max":null},"vacunados":426665,"personasINE":426665,"porcentaje":1}]}}},{"ccaa":"Aragón","dosisAdministradas":1907191,"dosisEntregadas":2113445,"dosisEntregadasModerna":275200,"dosisEntregadasPfizer":1508445,"dosisEntregadasAstrazeneca":265100,"dosisEntregadasJanssen":64700,"dosisPrimeraDosis":1043218,"dosisPautaCompletada":983635,"porcentajeEntregadas":0.9024086266735117,"porcentajePoblacionAdministradas":1.434635107353668,"porcentajePoblacionPrimeraDosis":0.7847337615494614,"porcentajePoblacionCompletas":0.7399139906919785,"fechaUltRegistro":1630972800000,"etarios":{"unaDosis":{"etarioTotal":{"vacunados":1043218,"personasINE":1185134,"porcentaje":0.8802532034352234},"etarioRangos":[{"rango":{"min":12,"max":19},"vacunados":81637,"personasINE":103109,"porcentaje":0.751435955245742},{"rango":{"min":20,"max":29},"vacunados":97988,"personasINE":130400.99999999999,"porcentaje":0.8593161908040736},{"rango":{"min":30,"max":39},"vacunados":120865,"personasINE":164286,"porcentaje":0.8593161908040736},{"rango":{"min":40,"max":49},"vacunados":184704,"personasINE":214943,"porcentaje":0.8593161908040736},{"rango":{"min":50,"max":59},"vacunados":184259,"personasINE":198266,"porcentaje":0.9293524860540889},{"rango":{"min":60,"max":69},"vacunados":153665,"personasINE":156367,"porcentaje":0.9827201391597972},{"rango":{"min":70,"max":79},"vacunados":119014,"personasINE":119014,"porcentaje":1},{"rango":{"min":80,"max":null},"vacunados":101086,"personasINE":101086,"porcentaje":1}]},"pautaCompleta":{"etarioTotal":{"vacunados":983635,"personasINE":1185134,"porcentaje":0.8299778759195163},"etarioRangos":[{"rango":{"min":12,"max":19},"vacunados":51880,"personasINE":103109,"porcentaje":0.6783306876481009},{"rango":{"min":20,"max":29},"vacunados":88455,"personasINE":130401,"porcentaje":0.8386037228474525},{"rango":{"min":30,"max":39},"vacunados":112874,"personasINE":164286,"porcentaje":0.8386037228474525},{"rango":{"min":40,"max":49},"vacunados":180252,"personasINE":214943,"porcentaje":0.8386037228474525},{"rango":{"min":50,"max":59},"vacunados":181480,"personasINE":198266,"porcentaje":0.9153359627974539},{"rango":{"min":60,"max":69},"vacunados":150916,"personasINE":156367,"porcentaje":0.9651397033901015},{"rango":{"min":70,"max":79},"vacunados":118127,"personasINE":118955,"porcentaje":0.9930393846412509},{"rango":{"min":80,"max":null},"vacunados":99651,"personasINE":99651,"porcentaje":1}]}}},{"ccaa":"Asturias","dosisAdministradas":1617270,"dosisEntregadas":1647755,"dosisEntregadasModerna":162000,"dosisEntregadasPfizer":1200155,"dosisEntregadasAstrazeneca":235900,"dosisEntregadasJanssen":49700,"dosisPrimeraDosis":863577,"dosisPautaCompletada":824753,"porcentajeEntregadas":0.981499069946685,"porcentajePoblacionAdministradas":1.5874513145082765,"porcentajePoblacionPrimeraDosis":0.8476546549612086,"porcentajePoblacionCompletas":0.8095464789395986,"fechaUltRegistro":1630972800000,"etarios":{"unaDosis":{"etarioTotal":{"vacunados":863577,"personasINE":933927,"porcentaje":0.924672913407579},"etarioRangos":[{"rango":{"min":12,"max":19},"vacunados":57537,"personasINE":64000,"porcentaje":0.811644398376964},{"rango":{"min":20,"max":29},"vacunados":64210,"personasINE":79111,"porcentaje":0.8947979855443042},{"rango":{"min":30,"max":39},"vacunados":89275,"personasINE":114451.00000000001,"porcentaje":0.8947979855443042},{"rango":{"min":40,"max":49},"vacunados":149425,"personasINE":166993,"porcentaje":0.8947979855443042},{"rango":{"min":50,"max":59},"vacunados":152503,"personasINE":162645,"porcentaje":0.9376433336407514},{"rango":{"min":60,"max":69},"vacunados":147606,"personasINE":149652,"porcentaje":0.986328281613343},{"rango":{"min":70,"max":79},"vacunados":114193,"personasINE":114193,"porcentaje":1},{"rango":{"min":80,"max":null},"vacunados":88828,"personasINE":88828,"porcentaje":1}]},"pautaCompleta":{"etarioTotal":{"vacunados":824753,"personasINE":933927,"porcentaje":0.8831022124855583},"etarioRangos":[{"rango":{"min":12,"max":19},"vacunados":36259,"personasINE":64000,"porcentaje":0.7349294029907345},{"rango":{"min":20,"max":29},"vacunados":58141,"personasINE":79111,"porcentaje":0.88210883090908},{"rango":{"min":30,"max":39},"vacunados":84586,"personasINE":114451,"porcentaje":0.88210883090908},{"rango":{"min":40,"max":49},"vacunados":147306,"personasINE":166993,"porcentaje":0.88210883090908},{"rango":{"min":50,"max":59},"vacunados":151171,"personasINE":162645,"porcentaje":0.9294537182206647},{"rango":{"min":60,"max":69},"vacunados":145706,"personasINE":149652,"porcentaje":0.9736321599444043},{"rango":{"min":70,"max":79},"vacunados":113678,"personasINE":113678,"porcentaje":1},{"rango":{"min":80,"max":null},"vacunados":87906,"personasINE":87906,"porcentaje":1}]}}},{"ccaa":"Baleares","dosisAdministradas":1536795,"dosisEntregadas":1886690,"dosisEntregadasModerna":305100,"dosisEntregadasPfizer":1262790,"dosisEntregadasAstrazeneca":256400,"dosisEntregadasJanssen":62400,"dosisPrimeraDosis":831438,"dosisPautaCompletada":793108,"porcentajeEntregadas":0.8145455798249845,"porcentajePoblacionAdministradas":1.3117700331955378,"porcentajePoblacionPrimeraDosis":0.7096948212741658,"porcentajePoblacionCompletas":0.6769772855115006,"fechaUltRegistro":1630972800000,"etarios":{"unaDosis":{"etarioTotal":{"vacunados":831438,"personasINE":1034867,"porcentaje":0.8034249811811566},"etarioRangos":[{"rango":{"min":12,"max":19},"vacunados":70188,"personasINE":95480,"porcentaje":0.6543402299517188},{"rango":{"min":20,"max":29},"vacunados":90261,"personasINE":137942,"porcentaje":0.7919892128902082},{"rango":{"min":30,"max":39},"vacunados":119489,"personasINE":182187,"porcentaje":0.7919892128902082},{"rango":{"min":40,"max":49},"vacunados":163286,"personasINE":206172,"porcentaje":0.7919892128902082},{"rango":{"min":50,"max":59},"vacunados":148408,"personasINE":165797,"porcentaje":0.8951187295306912},{"rango":{"min":60,"max":69},"vacunados":109471,"personasINE":117231,"porcentaje":0.9338059045815527},{"rango":{"min":70,"max":79},"vacunados":78975,"personasINE":80516,"porcentaje":0.9808609468925431},{"rango":{"min":80,"max":null},"vacunados":51360,"personasINE":51360,"porcentaje":1}]},"pautaCompleta":{"etarioTotal":{"vacunados":793108,"personasINE":1034867,"porcentaje":0.7663864052095584},"etarioRangos":[{"rango":{"min":12,"max":19},"vacunados":60141,"personasINE":95480,"porcentaje":0.6000057995389366},{"rango":{"min":20,"max":29},"vacunados":82766,"personasINE":137942,"porcentaje":0.7654482664959354},{"rango":{"min":30,"max":39},"vacunados":111661,"personasINE":182187,"porcentaje":0.7654482664959354},{"rango":{"min":40,"max":49},"vacunados":157814,"personasINE":206172,"porcentaje":0.7654482664959354},{"rango":{"min":50,"max":59},"vacunados":144725,"personasINE":165797,"porcentaje":0.8729048173368638},{"rango":{"min":60,"max":69},"vacunados":107083,"personasINE":117231,"porcentaje":0.9134358659398965},{"rango":{"min":70,"max":79},"vacunados":78325,"personasINE":80516,"porcentaje":0.9727880172884893},{"rango":{"min":80,"max":null},"vacunados":50593,"personasINE":50593,"porcentaje":1}]}}},{"ccaa":"Canarias","dosisAdministradas":3045373,"dosisEntregadas":3536810,"dosisEntregadasModerna":574700,"dosisEntregadasPfizer":2324760,"dosisEntregadasAstrazeneca":503700,"dosisEntregadasJanssen":133650,"dosisPrimeraDosis":1641887,"dosisPautaCompletada":1565022,"porcentajeEntregadas":0.8610507773954496,"porcentajePoblacionAdministradas":1.3995589057111555,"porcentajePoblacionPrimeraDosis":0.7545603028007971,"porcentajePoblacionCompletas":0.7192355346073811,"fechaUltRegistro":1630972800000,"etarios":{"unaDosis":{"etarioTotal":{"vacunados":1641887,"personasINE":1960774,"porcentaje":0.8373667745492341},"etarioRangos":[{"rango":{"min":12,"max":19},"vacunados":139946,"personasINE":179797,"porcentaje":0.71327279660613},{"rango":{"min":20,"max":29},"vacunados":179565,"personasINE":251748,"porcentaje":0.8093131644342706},{"rango":{"min":30,"max":39},"vacunados":223099,"personasINE":310934,"porcentaje":0.8093131644342706},{"rango":{"min":40,"max":49},"vacunados":313952,"personasINE":387924,"porcentaje":0.8093131644342706},{"rango":{"min":50,"max":59},"vacunados":318480,"personasINE":350512,"porcentaje":0.9086136851234765},{"rango":{"min":60,"max":69},"vacunados":223241,"personasINE":235092,"porcentaje":0.9495899477651303},{"rango":{"min":70,"max":79},"vacunados":150881,"personasINE":154531,"porcentaje":0.9763801437899192},{"rango":{"min":80,"max":null},"vacunados":92723,"personasINE":92723,"porcentaje":1}]},"pautaCompleta":{"etarioTotal":{"vacunados":1565022,"personasINE":1960774,"porcentaje":0.7981654183501006},"etarioRangos":[{"rango":{"min":12,"max":19},"vacunados":113951,"personasINE":179797,"porcentaje":0.6504798449242893},{"rango":{"min":20,"max":29},"vacunados":163757,"personasINE":251748,"porcentaje":0.7910647446407029},{"rango":{"min":30,"max":39},"vacunados":209892,"personasINE":310934,"porcentaje":0.7910647446407029},{"rango":{"min":40,"max":49},"vacunados":306873,"personasINE":387924,"porcentaje":0.7910647446407029},{"rango":{"min":50,"max":59},"vacunados":314464,"personasINE":350512,"porcentaje":0.8971561601314648},{"rango":{"min":60,"max":69},"vacunados":215259,"personasINE":235092,"porcentaje":0.9156372824256036},{"rango":{"min":70,"max":79},"vacunados":149474,"personasINE":154531,"porcentaje":0.9672751745604442},{"rango":{"min":80,"max":null},"vacunados":91352,"personasINE":91352,"porcentaje":1}]}}},{"ccaa":"Cantabria","dosisAdministradas":848064,"dosisEntregadas":931515,"dosisEntregadasModerna":114900,"dosisEntregadasPfizer":666465,"dosisEntregadasAstrazeneca":125200,"dosisEntregadasJanssen":24950,"dosisPrimeraDosis":465391,"dosisPautaCompletada":420801,"porcentajeEntregadas":0.9104136809391153,"porcentajePoblacionAdministradas":1.4548923066365875,"porcentajePoblacionPrimeraDosis":0.798399396128014,"porcentajePoblacionCompletas":0.7219032260831525,"fechaUltRegistro":1630972800000,"etarios":{"unaDosis":{"etarioTotal":{"vacunados":465391,"personasINE":524127,"porcentaje":0.8879355576034053},"etarioRangos":[{"rango":{"min":12,"max":19},"vacunados":32933,"personasINE":43963,"porcentaje":0.725928125928126},{"rango":{"min":20,"max":29},"vacunados":36663,"personasINE":50505,"porcentaje":0.8803403941944788},{"rango":{"min":30,"max":39},"vacunados":51842,"personasINE":70473,"porcentaje":0.8803403941944788},{"rango":{"min":40,"max":49},"vacunados":86070,"personasINE":97769,"porcentaje":0.8803403941944788},{"rango":{"min":50,"max":59},"vacunados":83388,"personasINE":89964,"porcentaje":0.9269040949713219},{"rango":{"min":60,"max":69},"vacunados":76157,"personasINE":77345,"porcentaje":0.9846402482384123},{"rango":{"min":70,"max":79},"vacunados":55970,"personasINE":55970,"porcentaje":1},{"rango":{"min":80,"max":null},"vacunados":42368,"personasINE":42368,"porcentaje":1}]},"pautaCompleta":{"etarioTotal":{"vacunados":420801,"personasINE":524127,"porcentaje":0.8028607570302617},"etarioRangos":[{"rango":{"min":12,"max":19},"vacunados":6971,"personasINE":43963,"porcentaje":0.583011583011583},{"rango":{"min":20,"max":29},"vacunados":29445,"personasINE":50505.00000000001,"porcentaje":0.858237273573423},{"rango":{"min":30,"max":39},"vacunados":45817,"personasINE":70473,"porcentaje":0.858237273573423},{"rango":{"min":40,"max":49},"vacunados":83909,"personasINE":97769,"porcentaje":0.858237273573423},{"rango":{"min":50,"max":59},"vacunados":81962,"personasINE":89964,"porcentaje":0.9110533102129741},{"rango":{"min":60,"max":69},"vacunados":75098,"personasINE":77345,"porcentaje":0.9709483483095223},{"rango":{"min":70,"max":79},"vacunados":55676,"personasINE":55676,"porcentaje":1},{"rango":{"min":80,"max":null},"vacunados":41923,"personasINE":41923,"porcentaje":1}]}}},{"ccaa":"Castilla y Leon","dosisAdministradas":3583803,"dosisEntregadas":3823525,"dosisEntregadasModerna":412400,"dosisEntregadasPfizer":2817075,"dosisEntregadasAstrazeneca":481200,"dosisEntregadasJanssen":112850,"dosisPrimeraDosis":1954944,"dosisPautaCompletada":1820878,"porcentajeEntregadas":0.9373034045808515,"porcentajePoblacionAdministradas":1.4964199191788612,"porcentajePoblacionPrimeraDosis":0.8162884908794372,"porcentajePoblacionCompletas":0.760309121230873,"fechaUltRegistro":1630972800000,"etarios":{"unaDosis":{"etarioTotal":{"vacunados":1954944,"personasINE":2176253,"porcentaje":0.898307319966934},"etarioRangos":[{"rango":{"min":12,"max":19},"vacunados":126835,"personasINE":165342,"porcentaje":0.7620257243869842},{"rango":{"min":20,"max":29},"vacunados":160792,"personasINE":211006,"porcentaje":0.8686420500681246},{"rango":{"min":30,"max":39},"vacunados":204990,"personasINE":267783,"porcentaje":0.8686420500681246},{"rango":{"min":40,"max":49},"vacunados":315582,"personasINE":363305,"porcentaje":0.8686420500681246},{"rango":{"min":50,"max":59},"vacunados":349074,"personasINE":381175,"porcentaje":0.9157840886731816},{"rango":{"min":60,"max":69},"vacunados":318485,"personasINE":318575,"porcentaje":0.9997174919563682},{"rango":{"min":70,"max":79},"vacunados":250063,"personasINE":250063,"porcentaje":1},{"rango":{"min":80,"max":null},"vacunados":229123,"personasINE":229123,"porcentaje":1}]},"pautaCompleta":{"etarioTotal":{"vacunados":1820878,"personasINE":2176253,"porcentaje":0.8367032693349532},"etarioRangos":[{"rango":{"min":12,"max":19},"vacunados":47173,"personasINE":165342,"porcentaje":0.6782318986189966},{"rango":{"min":20,"max":29},"vacunados":143111,"personasINE":211006,"porcentaje":0.8460219374905382},{"rango":{"min":30,"max":39},"vacunados":193764,"personasINE":267783,"porcentaje":0.8460219374905382},{"rango":{"min":40,"max":49},"vacunados":307364,"personasINE":363305,"porcentaje":0.8460219374905382},{"rango":{"min":50,"max":59},"vacunados":342947,"personasINE":381175,"porcentaje":0.8997101069062766},{"rango":{"min":60,"max":69},"vacunados":311729,"personasINE":318575,"porcentaje":0.978510554814408},{"rango":{"min":70,"max":79},"vacunados":248478,"personasINE":248478,"porcentaje":1},{"rango":{"min":80,"max":null},"vacunados":226312,"personasINE":226312,"porcentaje":1}]}}},{"ccaa":"Castilla La Mancha","dosisAdministradas":2890371,"dosisEntregadas":3240070,"dosisEntregadasModerna":446800,"dosisEntregadasPfizer":2280195,"dosisEntregadasAstrazeneca":411700,"dosisEntregadasJanssen":101375,"dosisPrimeraDosis":1583459,"dosisPautaCompletada":1466613,"porcentajeEntregadas":0.8920705416858278,"porcentajePoblacionAdministradas":1.4132316263132443,"porcentajePoblacionPrimeraDosis":0.7742239102766889,"porcentajePoblacionCompletas":0.7170926760482119,"fechaUltRegistro":1630972800000},{"ccaa":"Cataluña","dosisAdministradas":10593561,"dosisEntregadas":11863410,"dosisEntregadasModerna":1604900,"dosisEntregadasPfizer":8368460,"dosisEntregadasAstrazeneca":1514300,"dosisEntregadasJanssen":375750,"dosisPrimeraDosis":5749524,"dosisPautaCompletada":5466728,"porcentajeEntregadas":0.8929608771845532,"porcentajePoblacionAdministradas":1.3615564028898477,"porcentajePoblacionPrimeraDosis":0.7389678707442048,"porcentajePoblacionCompletas":0.7026210082952477,"fechaUltRegistro":1630972800000,"etarios":{"unaDosis":{"etarioTotal":{"vacunados":5749524,"personasINE":6868360,"porcentaje":0.8371028891904326},"etarioRangos":[{"rango":{"min":12,"max":19},"vacunados":461916,"personasINE":656166,"porcentaje":0.6818227872242784},{"rango":{"min":20,"max":29},"vacunados":572005,"personasINE":838935,"porcentaje":0.8385432369727094},{"rango":{"min":30,"max":39},"vacunados":728919,"personasINE":1044652,"porcentaje":0.8385432369727094},{"rango":{"min":40,"max":49},"vacunados":1104156,"personasINE":1316755,"porcentaje":0.8385432369727094},{"rango":{"min":50,"max":59},"vacunados":1014024,"personasINE":1091780,"porcentaje":0.9287805235487003},{"rango":{"min":60,"max":69},"vacunados":793893,"personasINE":837584,"porcentaje":0.9478368736747598},{"rango":{"min":70,"max":79},"vacunados":616711,"personasINE":635292,"porcentaje":0.9707520321364034},{"rango":{"min":80,"max":null},"vacunados":457900,"personasINE":457900,"porcentaje":1}]},"pautaCompleta":{"etarioTotal":{"vacunados":5466728,"personasINE":6868360,"porcentaje":0.7959291592170474},"etarioRangos":[{"rango":{"min":12,"max":19},"vacunados":356976,"personasINE":656166,"porcentaje":0.61764022242486},{"rango":{"min":20,"max":29},"vacunados":518160,"personasINE":838935,"porcentaje":0.815251128721744},{"rango":{"min":30,"max":39},"vacunados":675971,"personasINE":1044652,"porcentaje":0.815251128721744},{"rango":{"min":40,"max":49},"vacunados":1073486,"personasINE":1316755,"porcentaje":0.815251128721744},{"rango":{"min":50,"max":59},"vacunados":998202,"personasINE":1091780,"porcentaje":0.9142885929399696},{"rango":{"min":60,"max":69},"vacunados":780193,"personasINE":837584,"porcentaje":0.9314803052589352},{"rango":{"min":70,"max":79},"vacunados":612181,"personasINE":635292,"porcentaje":0.9636214528122501},{"rango":{"min":80,"max":null},"vacunados":451559,"personasINE":451559,"porcentaje":1}]}}},{"ccaa":"C. Valenciana","dosisAdministradas":7305468,"dosisEntregadas":8104000,"dosisEntregadasModerna":1213700,"dosisEntregadasPfizer":5719150,"dosisEntregadasAstrazeneca":863900,"dosisEntregadasJanssen":307250,"dosisPrimeraDosis":3999605,"dosisPautaCompletada":3748867,"porcentajeEntregadas":0.901464461994077,"porcentajePoblacionAdministradas":1.4445240425178942,"porcentajePoblacionPrimeraDosis":0.7908494819325446,"porcentajePoblacionCompletas":0.7412705816659426,"fechaUltRegistro":1630972800000,"etarios":{"unaDosis":{"etarioTotal":{"vacunados":3999605,"personasINE":4488459,"porcentaje":0.8910864508286697},"etarioRangos":[{"rango":{"min":12,"max":19},"vacunados":343865,"personasINE":424531,"porcentaje":0.7858449293389599},{"rango":{"min":20,"max":29},"vacunados":405595,"personasINE":516126,"porcentaje":0.8758014438907077},{"rango":{"min":30,"max":39},"vacunados":494865,"personasINE":648759,"porcentaje":0.8758014438907077},{"rango":{"min":40,"max":49},"vacunados":745822,"personasINE":851588,"porcentaje":0.8758014438907077},{"rango":{"min":50,"max":59},"vacunados":711601,"personasINE":752334,"porcentaje":0.9458578237857121},{"rango":{"min":60,"max":69},"vacunados":567318,"personasINE":580728,"porcentaje":0.9769082944166633},{"rango":{"min":70,"max":79},"vacunados":433693,"personasINE":437862,"porcentaje":0.9904787353092983},{"rango":{"min":80,"max":null},"vacunados":296846,"personasINE":296846,"porcentaje":1}]},"pautaCompleta":{"etarioTotal":{"vacunados":3748867,"personasINE":4488459,"porcentaje":0.8352236257477232},"etarioRangos":[{"rango":{"min":12,"max":19},"vacunados":234152,"personasINE":424531.00000000006,"porcentaje":0.6863110945776807},{"rango":{"min":20,"max":29},"vacunados":354223,"personasINE":516125.99999999994,"porcentaje":0.8555980121842957},{"rango":{"min":30,"max":39},"vacunados":454734,"personasINE":648759,"porcentaje":0.8555980121842957},{"rango":{"min":40,"max":49},"vacunados":728617,"personasINE":851588,"porcentaje":0.8555980121842957},{"rango":{"min":50,"max":59},"vacunados":703404,"personasINE":752334,"porcentaje":0.9349623970204722},{"rango":{"min":60,"max":69},"vacunados":551049,"personasINE":580728,"porcentaje":0.9488934578666777},{"rango":{"min":70,"max":79},"vacunados":430304,"personasINE":437862,"porcentaje":0.9827388537941177},{"rango":{"min":80,"max":null},"vacunados":292384,"personasINE":292384,"porcentaje":1}]}}},{"ccaa":"Extremadura","dosisAdministradas":1626587,"dosisEntregadas":1666395,"dosisEntregadasModerna":218200,"dosisEntregadasPfizer":1210445,"dosisEntregadasAstrazeneca":186000,"dosisEntregadasJanssen":51750,"dosisPrimeraDosis":884086,"dosisPautaCompletada":826044,"porcentajeEntregadas":0.9761113061429013,"porcentajePoblacionAdministradas":1.5287658589813597,"porcentajePoblacionPrimeraDosis":0.8309180469310246,"porcentajePoblacionCompletas":0.7763666285396345,"fechaUltRegistro":1630972800000,"etarios":{"unaDosis":{"etarioTotal":{"vacunados":884086,"personasINE":953437,"porcentaje":0.9272621054144112},"etarioRangos":[{"rango":{"min":12,"max":19},"vacunados":71380,"personasINE":84750,"porcentaje":0.7864807624426403},{"rango":{"min":20,"max":29},"vacunados":89124,"personasINE":113320,"porcentaje":0.9106361367825749},{"rango":{"min":30,"max":39},"vacunados":111101,"personasINE":133479,"porcentaje":0.9106361367825749},{"rango":{"min":40,"max":49},"vacunados":145241,"personasINE":159494,"porcentaje":0.9106361367825749},{"rango":{"min":50,"max":59},"vacunados":160861,"personasINE":169216,"porcentaje":0.9506252363842662},{"rango":{"min":60,"max":69},"vacunados":132371,"personasINE":132371,"porcentaje":1},{"rango":{"min":70,"max":79},"vacunados":95814,"personasINE":95814,"porcentaje":1},{"rango":{"min":80,"max":null},"vacunados":78194,"personasINE":78194,"porcentaje":1}]},"pautaCompleta":{"etarioTotal":{"vacunados":826044,"personasINE":953437,"porcentaje":0.8663855084289785},"etarioRangos":[{"rango":{"min":12,"max":19},"vacunados":36849,"personasINE":84750,"porcentaje":0.700935404165196},{"rango":{"min":20,"max":29},"vacunados":79430,"personasINE":113319.99999999999,"porcentaje":0.893945853762524},{"rango":{"min":30,"max":39},"vacunados":105875,"personasINE":133479,"porcentaje":0.893945853762524},{"rango":{"min":40,"max":49},"vacunados":142579,"personasINE":159494,"porcentaje":0.893945853762524},{"rango":{"min":50,"max":59},"vacunados":159096,"personasINE":169216,"porcentaje":0.940194780635401},{"rango":{"min":60,"max":69},"vacunados":129960,"personasINE":125297,"porcentaje":1.0372155757919184},{"rango":{"min":70,"max":79},"vacunados":95120,"personasINE":95120,"porcentaje":1},{"rango":{"min":80,"max":null},"vacunados":77135,"personasINE":77135,"porcentaje":1}]}}},{"ccaa":"Galicia","dosisAdministradas":4193809,"dosisEntregadas":4305879,"dosisEntregadasModerna":507400,"dosisEntregadasPfizer":3102379,"dosisEntregadasAstrazeneca":573400,"dosisEntregadasJanssen":122700,"dosisPrimeraDosis":2272065,"dosisPautaCompletada":2124058,"porcentajeEntregadas":0.9739727939405636,"porcentajePoblacionAdministradas":1.5522168583461735,"porcentajePoblacionPrimeraDosis":0.8409390118286977,"porcentajePoblacionCompletas":0.7861585102480958,"fechaUltRegistro":1630972800000,"etarios":{"unaDosis":{"etarioTotal":{"vacunados":2272065,"personasINE":2454497,"porcentaje":0.925674384609148},"etarioRangos":[{"rango":{"min":12,"max":19},"vacunados":158990,"personasINE":180007,"porcentaje":0.8242669310462766},{"rango":{"min":20,"max":29},"vacunados":190390,"personasINE":230981,"porcentaje":0.9080752040178601},{"rango":{"min":30,"max":39},"vacunados":256835,"personasINE":323408,"porcentaje":0.9080752040178601},{"rango":{"min":40,"max":49},"vacunados":402478,"personasINE":443221,"porcentaje":0.9080752040178601},{"rango":{"min":50,"max":59},"vacunados":387831,"personasINE":405889,"porcentaje":0.9555100039666017},{"rango":{"min":60,"max":69},"vacunados":343167,"personasINE":346927,"porcentaje":0.9891619850861997},{"rango":{"min":70,"max":79},"vacunados":290586,"personasINE":290586,"porcentaje":1},{"rango":{"min":80,"max":null},"vacunados":241788,"personasINE":241788,"porcentaje":1}]},"pautaCompleta":{"etarioTotal":{"vacunados":2124058,"personasINE":2454497,"porcentaje":0.8653740460876506},"etarioRangos":[{"rango":{"min":12,"max":19},"vacunados":52651,"personasINE":180007.00000000003,"porcentaje":0.7538412250358255},{"rango":{"min":20,"max":29},"vacunados":174123,"personasINE":230980.99999999997,"porcentaje":0.8969295227437328},{"rango":{"min":30,"max":39},"vacunados":244429,"personasINE":323408,"porcentaje":0.8969295227437328},{"rango":{"min":40,"max":49},"vacunados":397538,"personasINE":443221,"porcentaje":0.8969295227437328},{"rango":{"min":50,"max":59},"vacunados":385283,"personasINE":405889,"porcentaje":0.9492324256138993},{"rango":{"min":60,"max":69},"vacunados":340687,"personasINE":346927,"porcentaje":0.9820135071643314},{"rango":{"min":70,"max":79},"vacunados":289327,"personasINE":289762,"porcentaje":0.9984987679543902},{"rango":{"min":80,"max":null},"vacunados":240020,"personasINE":240020,"porcentaje":1}]}}},{"ccaa":"La Rioja","dosisAdministradas":454673,"dosisEntregadas":505885,"dosisEntregadasModerna":67600,"dosisEntregadasPfizer":369785,"dosisEntregadasAstrazeneca":53300,"dosisEntregadasJanssen":15200,"dosisPrimeraDosis":252693,"dosisPautaCompletada":234913,"porcentajeEntregadas":0.8987675064490942,"porcentajePoblacionAdministradas":1.4212350819282682,"porcentajePoblacionPrimeraDosis":0.7898779046868846,"porcentajePoblacionCompletas":0.7343004682508424,"fechaUltRegistro":1630972800000,"etarios":{"unaDosis":{"etarioTotal":{"vacunados":252693,"personasINE":283970,"porcentaje":0.8898580836003803},"etarioRangos":[{"rango":{"min":12,"max":19},"vacunados":19293,"personasINE":25532,"porcentaje":0.7188587563201786},{"rango":{"min":20,"max":29},"vacunados":21895,"personasINE":30458,"porcentaje":0.8846771299601488},{"rango":{"min":30,"max":39},"vacunados":29771,"personasINE":39319,"porcentaje":0.8846771299601488},{"rango":{"min":40,"max":49},"vacunados":46841,"personasINE":52947,"porcentaje":0.8846771299601488},{"rango":{"min":50,"max":59},"vacunados":45064,"personasINE":47664,"porcentaje":0.9454514937898624},{"rango":{"min":60,"max":69},"vacunados":37863,"personasINE":37863,"porcentaje":1},{"rango":{"min":70,"max":79},"vacunados":28622,"personasINE":28622,"porcentaje":1},{"rango":{"min":80,"max":null},"vacunados":23344,"personasINE":23344,"porcentaje":1}]},"pautaCompleta":{"etarioTotal":{"vacunados":234913,"personasINE":283970,"porcentaje":0.8272458358277283},"etarioRangos":[{"rango":{"min":12,"max":19},"vacunados":10666,"personasINE":25532,"porcentaje":0.6159957974916278},{"rango":{"min":20,"max":29},"vacunados":18762,"personasINE":30458,"porcentaje":0.8559314031012144},{"rango":{"min":30,"max":39},"vacunados":27455,"personasINE":39319,"porcentaje":0.8559314031012144},{"rango":{"min":40,"max":49},"vacunados":45319,"personasINE":52947,"porcentaje":0.8559314031012144},{"rango":{"min":50,"max":59},"vacunados":44083,"personasINE":47664,"porcentaje":0.9248699227928835},{"rango":{"min":60,"max":69},"vacunados":37021,"personasINE":37718,"porcentaje":0.9815207593191579},{"rango":{"min":70,"max":79},"vacunados":28490,"personasINE":28490,"porcentaje":1},{"rango":{"min":80,"max":null},"vacunados":23117,"personasINE":23117,"porcentaje":1}]}}},{"ccaa":"Madrid","dosisAdministradas":9290605,"dosisEntregadas":10850729,"dosisEntregadasModerna":1645800,"dosisEntregadasPfizer":7602579,"dosisEntregadasAstrazeneca":1220900,"dosisEntregadasJanssen":381450,"dosisPrimeraDosis":5172233,"dosisPautaCompletada":4785450,"porcentajeEntregadas":0.8562194300493543,"porcentajePoblacionAdministradas":1.3703183592413326,"porcentajePoblacionPrimeraDosis":0.762878826316895,"porcentajePoblacionCompletas":0.7058302438034375,"fechaUltRegistro":1630972800000,"etarios":{"unaDosis":{"etarioTotal":{"vacunados":5172233,"personasINE":5977937,"porcentaje":0.8652203929215045},"etarioRangos":[{"rango":{"min":12,"max":19},"vacunados":397165,"personasINE":553542,"porcentaje":0.744346947708677},{"rango":{"min":20,"max":29},"vacunados":552659,"personasINE":742475,"porcentaje":0.8668869122816948},{"rango":{"min":30,"max":39},"vacunados":712576,"personasINE":949640,"porcentaje":0.8668869122816948},{"rango":{"min":40,"max":49},"vacunados":1010765,"personasINE":1165971,"porcentaje":0.8668869122816948},{"rango":{"min":50,"max":59},"vacunados":931155,"personasINE":972783,"porcentaje":0.9572073113942164},{"rango":{"min":60,"max":69},"vacunados":684621,"personasINE":703323,"porcentaje":0.9734090880008189},{"rango":{"min":70,"max":79},"vacunados":509869,"personasINE":526081,"porcentaje":0.9691834527382666},{"rango":{"min":80,"max":null},"vacunados":373423,"personasINE":373423,"porcentaje":1}]},"pautaCompleta":{"etarioTotal":{"vacunados":4785450,"personasINE":5977937,"porcentaje":0.8005186404607476},"etarioRangos":[{"rango":{"min":12,"max":19},"vacunados":227477,"personasINE":553542,"porcentaje":0.634340550186875},{"rango":{"min":20,"max":29},"vacunados":470982,"personasINE":742475,"porcentaje":0.835295217462527},{"rango":{"min":30,"max":39},"vacunados":647201,"personasINE":949640,"porcentaje":0.835295217462527},{"rango":{"min":40,"max":49},"vacunados":973930,"personasINE":1165971,"porcentaje":0.835295217462527},{"rango":{"min":50,"max":59},"vacunados":916997,"personasINE":972783,"porcentaje":0.9426531919246122},{"rango":{"min":60,"max":69},"vacunados":672206,"personasINE":703323,"porcentaje":0.9557571698920695},{"rango":{"min":70,"max":79},"vacunados":506852,"personasINE":526081,"porcentaje":0.9634485944179698},{"rango":{"min":80,"max":null},"vacunados":369805,"personasINE":369805,"porcentaje":1}]}}},{"ccaa":"Murcia","dosisAdministradas":2127974,"dosisEntregadas":2407265,"dosisEntregadasModerna":398000,"dosisEntregadasPfizer":1687865,"dosisEntregadasAstrazeneca":253100,"dosisEntregadasJanssen":68300,"dosisPrimeraDosis":1157636,"dosisPautaCompletada":1089172,"porcentajeEntregadas":0.8839799523525661,"porcentajePoblacionAdministradas":1.4080877365837972,"porcentajePoblacionPrimeraDosis":0.7660117346489762,"porcentajePoblacionCompletas":0.7207088696715502,"fechaUltRegistro":1630972800000,"etarios":{"unaDosis":{"etarioTotal":{"vacunados":1157636,"personasINE":1310137,"porcentaje":0.8835991961146048},"etarioRangos":[{"rango":{"min":12,"max":19},"vacunados":109663,"personasINE":141894,"porcentaje":0.7672890251265617},{"rango":{"min":20,"max":29},"vacunados":132164,"personasINE":172248,"porcentaje":0.8941008903945199},{"rango":{"min":30,"max":39},"vacunados":159511,"personasINE":209003,"porcentaje":0.8941008903945199},{"rango":{"min":40,"max":49},"vacunados":227242,"personasINE":254157,"porcentaje":0.8941008903945199},{"rango":{"min":50,"max":59},"vacunados":205418,"personasINE":213256,"porcentaje":0.963246051693739},{"rango":{"min":60,"max":69},"vacunados":147135,"personasINE":147135,"porcentaje":1},{"rango":{"min":70,"max":79},"vacunados":102718,"personasINE":102899,"porcentaje":0.9982409935956618},{"rango":{"min":80,"max":null},"vacunados":73785,"personasINE":73785,"porcentaje":1}]},"pautaCompleta":{"etarioTotal":{"vacunados":1089172,"personasINE":1310137,"porcentaje":0.8313420657534288},"etarioRangos":[{"rango":{"min":12,"max":19},"vacunados":86577,"personasINE":141894,"porcentaje":0.6877699595931448},{"rango":{"min":20,"max":29},"vacunados":118467,"personasINE":172248,"porcentaje":0.863800721601215},{"rango":{"min":30,"max":39},"vacunados":148668,"personasINE":209003,"porcentaje":0.863800721601215},{"rango":{"min":40,"max":49},"vacunados":219541,"personasINE":254157,"porcentaje":0.863800721601215},{"rango":{"min":50,"max":59},"vacunados":201492,"personasINE":213256,"porcentaje":0.9448362531417639},{"rango":{"min":60,"max":69},"vacunados":141500,"personasINE":146909,"porcentaje":0.9631812890973324},{"rango":{"min":70,"max":79},"vacunados":100312,"personasINE":102899,"porcentaje":0.9748588421656187},{"rango":{"min":80,"max":null},"vacunados":72615,"personasINE":72615,"porcentaje":1}]}}},{"ccaa":"Navarra","dosisAdministradas":940735,"dosisEntregadas":1055175,"dosisEntregadasModerna":151500,"dosisEntregadasPfizer":734325,"dosisEntregadasAstrazeneca":136600,"dosisEntregadasJanssen":32750,"dosisPrimeraDosis":512684,"dosisPautaCompletada":488725,"porcentajeEntregadas":0.8915440566730637,"porcentajePoblacionAdministradas":1.4227756629264803,"porcentajePoblacionPrimeraDosis":0.7753876681231161,"porcentajePoblacionCompletas":0.7391518715299676,"fechaUltRegistro":1630972800000,"etarios":{"unaDosis":{"etarioTotal":{"vacunados":512684,"personasINE":581354,"porcentaje":0.8818791992486505},"etarioRangos":[{"rango":{"min":12,"max":19},"vacunados":43265,"personasINE":56388,"porcentaje":0.7645867277290942},{"rango":{"min":20,"max":29},"vacunados":52089,"personasINE":68127,"porcentaje":0.871789411307198},{"rango":{"min":30,"max":39},"vacunados":61762,"personasINE":81341,"porcentaje":0.871789411307198},{"rango":{"min":40,"max":49},"vacunados":94155,"personasINE":108002,"porcentaje":0.871789411307198},{"rango":{"min":50,"max":59},"vacunados":91233,"personasINE":96694,"porcentaje":0.9435228659482491},{"rango":{"min":60,"max":69},"vacunados":71898,"personasINE":73844,"porcentaje":0.9736471480418178},{"rango":{"min":70,"max":79},"vacunados":55816,"personasINE":55816,"porcentaje":1},{"rango":{"min":80,"max":null},"vacunados":42466,"personasINE":42466,"porcentaje":1}]},"pautaCompleta":{"etarioTotal":{"vacunados":488725,"personasINE":581354,"porcentaje":0.8406667882219784},"etarioRangos":[{"rango":{"min":12,"max":19},"vacunados":32496,"personasINE":56388,"porcentaje":0.6965226708940655},{"rango":{"min":20,"max":29},"vacunados":47452,"personasINE":68127,"porcentaje":0.8490213144201033},{"rango":{"min":30,"max":39},"vacunados":58500,"personasINE":81341,"porcentaje":0.8490213144201033},{"rango":{"min":40,"max":49},"vacunados":91696,"personasINE":108002,"porcentaje":0.8490213144201033},{"rango":{"min":50,"max":59},"vacunados":90023,"personasINE":96694,"porcentaje":0.931009162926345},{"rango":{"min":60,"max":69},"vacunados":70873,"personasINE":73844,"porcentaje":0.9597665348572667},{"rango":{"min":70,"max":79},"vacunados":55637,"personasINE":55792,"porcentaje":0.9972218239174075},{"rango":{"min":80,"max":null},"vacunados":42048,"personasINE":42048,"porcentaje":1}]}}},{"ccaa":"País Vasco","dosisAdministradas":3202972,"dosisEntregadas":3566050,"dosisEntregadasModerna":526100,"dosisEntregadasPfizer":2484900,"dosisEntregadasAstrazeneca":444200,"dosisEntregadasJanssen":110850,"dosisPrimeraDosis":1767474,"dosisPautaCompletada":1646870,"porcentajeEntregadas":0.8981848263484808,"porcentajePoblacionAdministradas":1.442452704431066,"porcentajePoblacionPrimeraDosis":0.7959787507700954,"porcentajePoblacionCompletas":0.7416649553434715,"fechaUltRegistro":1630972800000,"etarios":{"unaDosis":{"etarioTotal":{"vacunados":1767474,"personasINE":1983943,"porcentaje":0.8908895064021497},"etarioRangos":[{"rango":{"min":12,"max":19},"vacunados":131370,"personasINE":168606,"porcentaje":0.7382079450613792},{"rango":{"min":20,"max":29},"vacunados":148774,"personasINE":201534,"porcentaje":0.8726351920427026},{"rango":{"min":30,"max":39},"vacunados":194945,"personasINE":260542.99999999997,"porcentaje":0.8726351920427026},{"rango":{"min":40,"max":49},"vacunados":316010,"personasINE":362133,"porcentaje":0.8726351920427026},{"rango":{"min":50,"max":59},"vacunados":321271,"personasINE":339977,"porcentaje":0.9449786309073849},{"rango":{"min":60,"max":69},"vacunados":277622,"personasINE":280119,"porcentaje":0.9910859313363249},{"rango":{"min":70,"max":79},"vacunados":213481,"personasINE":213481,"porcentaje":1},{"rango":{"min":80,"max":null},"vacunados":164001,"personasINE":164001,"porcentaje":1}]},"pautaCompleta":{"etarioTotal":{"vacunados":1646870,"personasINE":1983943,"porcentaje":0.8300994534621207},"etarioRangos":[{"rango":{"min":12,"max":19},"vacunados":76622,"personasINE":168606,"porcentaje":0.5935226810364505},{"rango":{"min":20,"max":29},"vacunados":119615,"personasINE":201534,"porcentaje":0.8563041755377168},{"rango":{"min":30,"max":39},"vacunados":177181,"personasINE":260543,"porcentaje":0.8563041755377168},{"rango":{"min":40,"max":49},"vacunados":310096,"personasINE":362133,"porcentaje":0.8563041755377168},{"rango":{"min":50,"max":59},"vacunados":317498,"personasINE":339977,"porcentaje":0.9338808213496795},{"rango":{"min":60,"max":69},"vacunados":272409,"personasINE":280119,"porcentaje":0.9724759834213317},{"rango":{"min":70,"max":79},"vacunados":211808,"personasINE":213081,"porcentaje":0.9940257460777826},{"rango":{"min":80,"max":null},"vacunados":161641,"personasINE":157950,"porcentaje":1.0233681544792657}]}}},{"ccaa":"Ceuta","dosisAdministradas":105755,"dosisEntregadas":140230,"dosisEntregadasModerna":22400,"dosisEntregadasPfizer":95580,"dosisEntregadasAstrazeneca":18100,"dosisEntregadasJanssen":4150,"dosisPrimeraDosis":58555,"dosisPautaCompletada":54012,"porcentajeEntregadas":0.7541538900377951,"porcentajePoblacionAdministradas":1.2559677917389136,"porcentajePoblacionPrimeraDosis":0.695411035367331,"porcentajePoblacionCompletas":0.6414574475665661,"fechaUltRegistro":1630972800000,"etarios":{"unaDosis":{"etarioTotal":{"vacunados":58555,"personasINE":70965,"porcentaje":0.8251250616501092},"etarioRangos":[{"rango":{"min":12,"max":19},"vacunados":6739,"personasINE":9126,"porcentaje":0.7393088355977022},{"rango":{"min":20,"max":29},"vacunados":8108,"personasINE":10967,"porcentaje":0.8565100458788166},{"rango":{"min":30,"max":39},"vacunados":8656,"personasINE":11894,"porcentaje":0.8565100458788166},{"rango":{"min":40,"max":49},"vacunados":10828,"personasINE":12642,"porcentaje":0.8565100458788166},{"rango":{"min":50,"max":59},"vacunados":10383,"personasINE":11556,"porcentaje":0.8984942886812046},{"rango":{"min":60,"max":69},"vacunados":7575,"personasINE":7857,"porcentaje":0.9641084383352425},{"rango":{"min":70,"max":79},"vacunados":3877,"personasINE":4318,"porcentaje":0.897869383974062},{"rango":{"min":80,"max":null},"vacunados":2389,"personasINE":2605,"porcentaje":0.9170825335892514}]},"pautaCompleta":{"etarioTotal":{"vacunados":54012,"personasINE":70965,"porcentaje":0.7611075882477277},"etarioRangos":[{"rango":{"min":12,"max":19},"vacunados":4970,"personasINE":9126,"porcentaje":0.6534147898240175},{"rango":{"min":20,"max":29},"vacunados":7166,"personasINE":10967,"porcentaje":0.8141907925961082},{"rango":{"min":30,"max":39},"vacunados":7941,"personasINE":11894,"porcentaje":0.8141907925961082},{"rango":{"min":40,"max":49},"vacunados":10293,"personasINE":12642,"porcentaje":0.8141907925961082},{"rango":{"min":50,"max":59},"vacunados":10106,"personasINE":11556,"porcentaje":0.8745240567670475},{"rango":{"min":60,"max":69},"vacunados":7343,"personasINE":7857,"porcentaje":0.9345806287387043},{"rango":{"min":70,"max":79},"vacunados":3836,"personasINE":4318,"porcentaje":0.88837424733673},{"rango":{"min":80,"max":null},"vacunados":2357,"personasINE":2605,"porcentaje":0.9047984644913628}]}}},{"ccaa":"Melilla","dosisAdministradas":96891,"dosisEntregadas":141100,"dosisEntregadasModerna":23500,"dosisEntregadasPfizer":96750,"dosisEntregadasAstrazeneca":15100,"dosisEntregadasJanssen":5750,"dosisPrimeraDosis":54774,"dosisPautaCompletada":50972,"porcentajeEntregadas":0.6866832034018426,"porcentajePoblacionAdministradas":1.112717625981901,"porcentajePoblacionPrimeraDosis":0.6290367035692958,"porcentajePoblacionCompletas":0.5853736965409527,"fechaUltRegistro":1630886400000,"etarios":{"unaDosis":{"etarioTotal":{"vacunados":54774,"personasINE":70927,"porcentaje":0.7722588013027479},"etarioRangos":[{"rango":{"min":12,"max":19},"vacunados":6851,"personasINE":9574,"porcentaje":0.6668611921634015},{"rango":{"min":20,"max":29},"vacunados":7999,"personasINE":11995,"porcentaje":0.8176137310448258},{"rango":{"min":30,"max":39},"vacunados":8226,"personasINE":12133,"porcentaje":0.8176137310448258},{"rango":{"min":40,"max":49},"vacunados":9813,"personasINE":12002,"porcentaje":0.8176137310448258},{"rango":{"min":50,"max":59},"vacunados":9520,"personasINE":11299,"porcentaje":0.8425524382688734},{"rango":{"min":60,"max":69},"vacunados":7068,"personasINE":7827,"porcentaje":0.903027980068992},{"rango":{"min":70,"max":79},"vacunados":3294,"personasINE":3748,"porcentaje":0.8788687299893276},{"rango":{"min":80,"max":null},"vacunados":2003,"personasINE":2349,"porcentaje":0.8527032779906343}]},"pautaCompleta":{"etarioTotal":{"vacunados":50972,"personasINE":70927,"porcentaje":0.7186543911345468},"etarioRangos":[{"rango":{"min":12,"max":19},"vacunados":5343,"personasINE":9574,"porcentaje":0.5904960400166737},{"rango":{"min":20,"max":29},"vacunados":7083,"personasINE":11994.999999999998,"porcentaje":0.7917847025495751},{"rango":{"min":30,"max":39},"vacunados":7700,"personasINE":12133,"porcentaje":0.7917847025495751},{"rango":{"min":40,"max":49},"vacunados":9503,"personasINE":12002,"porcentaje":0.7917847025495751},{"rango":{"min":50,"max":59},"vacunados":9288,"personasINE":11299,"porcentaje":0.8220196477564387},{"rango":{"min":60,"max":69},"vacunados":6897,"personasINE":7827,"porcentaje":0.8811805289382906},{"rango":{"min":70,"max":79},"vacunados":3210,"personasINE":3748.0000000000005,"porcentaje":0.8564567769477054},{"rango":{"min":80,"max":null},"vacunados":1948,"personasINE":2349,"porcentaje":0.8292890591741167}]}}},{"ccaa":"Fuerzas Armadas","dosisAdministradas":171715,"dosisEntregadas":212238,"dosisEntregadasModerna":58300,"dosisEntregadasPfizer":48138,"dosisEntregadasAstrazeneca":103800,"dosisEntregadasJanssen":2000,"dosisPrimeraDosis":91853,"dosisPautaCompletada":86087,"porcentajeEntregadas":0.8090681216370301,"porcentajePoblacionAdministradas":null,"porcentajePoblacionPrimeraDosis":null,"porcentajePoblacionCompletas":null,"fechaUltRegistro":1630972800000},{"ccaa":"Sanidad Exterior","dosisAdministradas":5103,"dosisEntregadas":7415,"dosisEntregadasModerna":4630,"dosisEntregadasPfizer":0,"dosisEntregadasAstrazeneca":0,"dosisEntregadasJanssen":2785,"dosisPrimeraDosis":3746,"dosisPautaCompletada":3437,"porcentajeEntregadas":0.6881995954146999,"porcentajePoblacionAdministradas":null,"porcentajePoblacionPrimeraDosis":null,"porcentajePoblacionCompletas":null,"fechaUltRegistro":1630886400000,"etarios":{"unaDosis":{"etarioTotal":{"vacunados":3746,"personasINE":"-","porcentaje":"-"},"etarioRangos":[{"rango":{"min":12,"max":19},"vacunados":144,"personasINE":null,"porcentaje":"-"},{"rango":{"min":20,"max":29},"vacunados":947,"personasINE":null,"porcentaje":"-"},{"rango":{"min":30,"max":39},"vacunados":1032,"personasINE":null,"porcentaje":"-"},{"rango":{"min":40,"max":49},"vacunados":925,"personasINE":null,"porcentaje":"-"},{"rango":{"min":50,"max":59},"vacunados":486,"personasINE":null,"porcentaje":"-"},{"rango":{"min":60,"max":69},"vacunados":169,"personasINE":null,"porcentaje":"-"},{"rango":{"min":70,"max":79},"vacunados":22,"personasINE":null,"porcentaje":"-"},{"rango":{"min":80,"max":null},"vacunados":21,"personasINE":null,"porcentaje":"-"}]},"pautaCompleta":{"etarioTotal":{"vacunados":3437,"personasINE":"-","porcentaje":"-"},"etarioRangos":[{"rango":{"min":12,"max":19},"vacunados":85,"personasINE":null,"porcentaje":"-"},{"rango":{"min":20,"max":29},"vacunados":861,"personasINE":null,"porcentaje":"-"},{"rango":{"min":30,"max":39},"vacunados":952,"personasINE":null,"porcentaje":"-"},{"rango":{"min":40,"max":49},"vacunados":874,"personasINE":null,"porcentaje":"-"},{"rango":{"min":50,"max":59},"vacunados":472,"personasINE":null,"porcentaje":"-"},{"rango":{"min":60,"max":69},"vacunados":155,"personasINE":null,"porcentaje":"-"},{"rango":{"min":70,"max":79},"vacunados":20,"personasINE":null,"porcentaje":"-"},{"rango":{"min":80,"max":null},"vacunados":18,"personasINE":null,"porcentaje":"-"}]}}},{"ccaa":"Totales","dosisAdministradas":67798496,"dosisEntregadas":75579701,"dosisEntregadasModerna":10669730,"dosisEntregadasPfizer":52886511,"dosisEntregadasAstrazeneca":9467700,"dosisEntregadasJanssen":2555760,"dosisPrimeraDosis":37008271,"dosisPautaCompletada":34739745,"porcentajeEntregadas":0.8970463643406051,"porcentajePoblacionAdministradas":1.444365061780997,"porcentajePoblacionPrimeraDosis":0.7884165104388581,"porcentajePoblacionCompletas":0.7400883042181509,"fechaUltRegistro":null,"etarios":{"unaDosis":{"etarioTotal":{"vacunados":37008271,"personasINE":42119827,"porcentaje":0.8786425214899387},"etarioRangos":[{"rango":{"min":12,"max":19},"vacunados":2999764,"personasINE":3888686,"porcentaje":0.7511303148459746},{"rango":{"min":20,"max":29},"vacunados":3714069,"personasINE":4944640,"porcentaje":0.8690777454950666},{"rango":{"min":30,"max":39},"vacunados":4702640,"personasINE":6230403,"porcentaje":0.8690777454950666},{"rango":{"min":40,"max":49},"vacunados":6858533,"personasINE":7891737,"porcentaje":0.8690777454950666},{"rango":{"min":50,"max":59},"vacunados":6620035,"personasINE":7033306,"porcentaje":0.9412408616943441},{"rango":{"min":60,"max":69},"vacunados":5246259,"personasINE":5336986,"porcentaje":0.9830003301488893},{"rango":{"min":70,"max":79},"vacunados":3934194,"personasINE":3960045,"porcentaje":0.9934720438782892},{"rango":{"min":80,"max":null},"vacunados":2932777,"personasINE":2932777,"porcentaje":1}]},"pautaCompleta":{"etarioTotal":{"vacunados":34739745,"personasINE":42119827,"porcentaje":0.8247836582994512},"etarioRangos":[{"rango":{"min":12,"max":19},"vacunados":1939872,"personasINE":3888686,"porcentaje":0.6659627394512038},{"rango":{"min":20,"max":29},"vacunados":3292946,"personasINE":4944640,"porcentaje":0.8459737064222996},{"rango":{"min":30,"max":39},"vacunados":4372759,"personasINE":6230403,"porcentaje":0.8459737064222996},{"rango":{"min":40,"max":49},"vacunados":6676202,"personasINE":7891737,"porcentaje":0.8459737064222996},{"rango":{"min":50,"max":59},"vacunados":6521579,"personasINE":7033306,"porcentaje":0.9272423238801213},{"rango":{"min":60,"max":69},"vacunados":5137383,"personasINE":5336986,"porcentaje":0.9626000517895307},{"rango":{"min":70,"max":79},"vacunados":3904335,"personasINE":3960045,"porcentaje":0.985931978045704},{"rango":{"min":80,"max":null},"vacunados":2894669,"personasINE":2894669,"porcentaje":1}]}}}]