[{"ccaa":"Andalucía","dosisAdministradas":12204444,"dosisEntregadas":13574120,"dosisEntregadasModerna":1936600,"dosisEntregadasPfizer":9306270,"dosisEntregadasAstrazeneca":1805800,"dosisEntregadasJanssen":525450,"dosisPrimeraDosis":6630781,"dosisPautaCompletada":6217730,"porcentajeEntregadas":0.8990965160172446,"porcentajePoblacionAdministradas":1.4418538986351206,"porcentajePoblacionPrimeraDosis":0.7833718140577058,"porcentajePoblacionCompletas":0.7345732620970319,"fechaUltRegistro":1630886400000,"etarios":{"unaDosis":{"etarioTotal":{"vacunados":6630781,"personasINE":7451975,"porcentaje":0.8898018310582094},"etarioRangos":[{"rango":{"min":12,"max":19},"vacunados":596492,"personasINE":752907,"porcentaje":0.7652497329520003},{"rango":{"min":20,"max":29},"vacunados":710666,"personasINE":928672,"porcentaje":0.883678888524699},{"rango":{"min":30,"max":39},"vacunados":891138,"personasINE":1140217,"porcentaje":0.883678888524699},{"rango":{"min":40,"max":49},"vacunados":1223996,"personasINE":1385114,"porcentaje":0.883678888524699},{"rango":{"min":50,"max":59},"vacunados":1200080,"personasINE":1265021,"porcentaje":0.948664093323352},{"rango":{"min":60,"max":69},"vacunados":922241,"personasINE":922241,"porcentaje":1},{"rango":{"min":70,"max":79},"vacunados":652703,"personasINE":652703,"porcentaje":1},{"rango":{"min":80,"max":null},"vacunados":433465,"personasINE":433465,"porcentaje":1}]},"pautaCompleta":{"etarioTotal":{"vacunados":6217730,"personasINE":7451975,"porcentaje":0.83437343791411},"etarioRangos":[{"rango":{"min":12,"max":19},"vacunados":386327,"personasINE":752906.9999999999,"porcentaje":0.6842415836807829},{"rango":{"min":20,"max":29},"vacunados":635436,"personasINE":928672,"porcentaje":0.8629636260986461},{"rango":{"min":30,"max":39},"vacunados":838832,"personasINE":1140217,"porcentaje":0.8629636260986461},{"rango":{"min":40,"max":49},"vacunados":1195303,"personasINE":1385114,"porcentaje":0.8629636260986461},{"rango":{"min":50,"max":59},"vacunados":1184060,"personasINE":1265021,"porcentaje":0.9360002719322446},{"rango":{"min":60,"max":69},"vacunados":904257,"personasINE":916147,"porcentaje":0.9870217334117778},{"rango":{"min":70,"max":79},"vacunados":646872,"personasINE":650381,"porcentaje":0.9946047009368355},{"rango":{"min":80,"max":null},"vacunados":426643,"personasINE":426643,"porcentaje":1}]}}},{"ccaa":"Aragón","dosisAdministradas":1902426,"dosisEntregadas":2113445,"dosisEntregadasModerna":275200,"dosisEntregadasPfizer":1508445,"dosisEntregadasAstrazeneca":265100,"dosisEntregadasJanssen":64700,"dosisPrimeraDosis":1041436,"dosisPautaCompletada":980038,"porcentajeEntregadas":0.9001540139440581,"porcentajePoblacionAdministradas":1.431050759332657,"porcentajePoblacionPrimeraDosis":0.7833932981342585,"porcentajePoblacionCompletas":0.7372082404649949,"fechaUltRegistro":1630886400000,"etarios":{"unaDosis":{"etarioTotal":{"vacunados":1041436,"personasINE":1185134,"porcentaje":0.8787495759973134},"etarioRangos":[{"rango":{"min":12,"max":19},"vacunados":80824,"personasINE":103109,"porcentaje":0.7484758552465088},{"rango":{"min":20,"max":29},"vacunados":97602,"personasINE":130401,"porcentaje":0.8585113262585895},{"rango":{"min":30,"max":39},"vacunados":120632,"personasINE":164286,"porcentaje":0.8585113262585895},{"rango":{"min":40,"max":49},"vacunados":184531,"personasINE":214943,"porcentaje":0.8585113262585895},{"rango":{"min":50,"max":59},"vacunados":184148,"personasINE":198266,"porcentaje":0.9287926321204846},{"rango":{"min":60,"max":69},"vacunados":153614,"personasINE":156367,"porcentaje":0.9823939833852411},{"rango":{"min":70,"max":79},"vacunados":119006,"personasINE":119006,"porcentaje":1},{"rango":{"min":80,"max":null},"vacunados":101079,"personasINE":101079,"porcentaje":1}]},"pautaCompleta":{"etarioTotal":{"vacunados":980038,"personasINE":1185134,"porcentaje":0.8269427760911424},"etarioRangos":[{"rango":{"min":12,"max":19},"vacunados":49561,"personasINE":103109,"porcentaje":0.6742663016387911},{"rango":{"min":20,"max":29},"vacunados":87925,"personasINE":130401,"porcentaje":0.8377802487171018},{"rango":{"min":30,"max":39},"vacunados":112518,"personasINE":164286,"porcentaje":0.8377802487171018},{"rango":{"min":40,"max":49},"vacunados":180075,"personasINE":214943,"porcentaje":0.8377802487171018},{"rango":{"min":50,"max":59},"vacunados":181357,"personasINE":198266,"porcentaje":0.9147155841142707},{"rango":{"min":60,"max":69},"vacunados":150841,"personasINE":156367,"porcentaje":0.9646600625451662},{"rango":{"min":70,"max":79},"vacunados":118114,"personasINE":118955,"porcentaje":0.9929300996175024},{"rango":{"min":80,"max":null},"vacunados":99647,"personasINE":99647,"porcentaje":1}]}}},{"ccaa":"Asturias","dosisAdministradas":1615726,"dosisEntregadas":1647755,"dosisEntregadasModerna":162000,"dosisEntregadasPfizer":1200155,"dosisEntregadasAstrazeneca":235900,"dosisEntregadasJanssen":49700,"dosisPrimeraDosis":863015,"dosisPautaCompletada":823587,"porcentajeEntregadas":0.9805620374388183,"porcentajePoblacionAdministradas":1.585935782265917,"porcentajePoblacionPrimeraDosis":0.8471030169299871,"porcentajePoblacionCompletas":0.8084019772591639,"fechaUltRegistro":1630886400000,"etarios":{"unaDosis":{"etarioTotal":{"vacunados":863015,"personasINE":933927,"porcentaje":0.9240711533128392},"etarioRangos":[{"rango":{"min":12,"max":19},"vacunados":57222,"personasINE":64000,"porcentaje":0.8105952396000556},{"rango":{"min":20,"max":29},"vacunados":64127,"personasINE":79111,"porcentaje":0.8944985717964226},{"rango":{"min":30,"max":39},"vacunados":89206,"personasINE":114451,"porcentaje":0.8944985717964226},{"rango":{"min":40,"max":49},"vacunados":149375,"personasINE":166993,"porcentaje":0.8944985717964226},{"rango":{"min":50,"max":59},"vacunados":152484,"personasINE":162645,"porcentaje":0.9375265148021765},{"rango":{"min":60,"max":69},"vacunados":147586,"personasINE":149652,"porcentaje":0.9861946382273541},{"rango":{"min":70,"max":79},"vacunados":114190,"personasINE":114190,"porcentaje":1},{"rango":{"min":80,"max":null},"vacunados":88825,"personasINE":88825,"porcentaje":1}]},"pautaCompleta":{"etarioTotal":{"vacunados":823587,"personasINE":933927,"porcentaje":0.8818537209010983},"etarioRangos":[{"rango":{"min":12,"max":19},"vacunados":35407,"personasINE":64000.00000000001,"porcentaje":0.7329827710432177},{"rango":{"min":20,"max":29},"vacunados":57987,"personasINE":79111,"porcentaje":0.8818992412855629},{"rango":{"min":30,"max":39},"vacunados":84502,"personasINE":114451,"porcentaje":0.8818992412855629},{"rango":{"min":40,"max":49},"vacunados":147271,"personasINE":166993,"porcentaje":0.8818992412855629},{"rango":{"min":50,"max":59},"vacunados":151145,"personasINE":162645,"porcentaje":0.9292938608626149},{"rango":{"min":60,"max":69},"vacunados":145696,"personasINE":149652,"porcentaje":0.9735653382514099},{"rango":{"min":70,"max":79},"vacunados":113674,"personasINE":113674,"porcentaje":1},{"rango":{"min":80,"max":null},"vacunados":87905,"personasINE":87905,"porcentaje":1}]}}},{"ccaa":"Baleares","dosisAdministradas":1533749,"dosisEntregadas":1886690,"dosisEntregadasModerna":305100,"dosisEntregadasPfizer":1262790,"dosisEntregadasAstrazeneca":256400,"dosisEntregadasJanssen":62400,"dosisPrimeraDosis":829758,"dosisPautaCompletada":791347,"porcentajeEntregadas":0.8129311121593903,"porcentajePoblacionAdministradas":1.3091700432677247,"porcentajePoblacionPrimeraDosis":0.7082608150106313,"porcentajePoblacionCompletas":0.67547413966026,"fechaUltRegistro":1630886400000,"etarios":{"unaDosis":{"etarioTotal":{"vacunados":829758,"personasINE":1034867,"porcentaje":0.8018015841649216},"etarioRangos":[{"rango":{"min":12,"max":19},"vacunados":69519,"personasINE":95480,"porcentaje":0.6516216960751621},{"rango":{"min":20,"max":29},"vacunados":89886,"personasINE":137942,"porcentaje":0.7908736394854782},{"rango":{"min":30,"max":39},"vacunados":119220,"personasINE":182187,"porcentaje":0.7908736394854782},{"rango":{"min":40,"max":49},"vacunados":163056,"personasINE":206172,"porcentaje":0.7908736394854782},{"rango":{"min":50,"max":59},"vacunados":148327,"personasINE":165797,"porcentaje":0.8946301802807047},{"rango":{"min":60,"max":69},"vacunados":109428,"personasINE":117231,"porcentaje":0.9334391074033319},{"rango":{"min":70,"max":79},"vacunados":78966,"personasINE":80516,"porcentaje":0.9807491678672562},{"rango":{"min":80,"max":null},"vacunados":51356,"personasINE":51356,"porcentaje":1}]},"pautaCompleta":{"etarioTotal":{"vacunados":791347,"personasINE":1034867,"porcentaje":0.7646847372657549},"etarioRangos":[{"rango":{"min":12,"max":19},"vacunados":59557,"personasINE":95480.00000000001,"porcentaje":0.5971350277652927},{"rango":{"min":20,"max":29},"vacunados":82370,"personasINE":137942,"porcentaje":0.7644102981976214},{"rango":{"min":30,"max":39},"vacunados":111332,"personasINE":182187,"porcentaje":0.7644102981976214},{"rango":{"min":40,"max":49},"vacunados":157600,"personasINE":206172,"porcentaje":0.7644102981976214},{"rango":{"min":50,"max":59},"vacunados":144598,"personasINE":165797,"porcentaje":0.8721388203646628},{"rango":{"min":60,"max":69},"vacunados":107000,"personasINE":117231,"porcentaje":0.912727862084261},{"rango":{"min":70,"max":79},"vacunados":78306,"personasINE":80516,"porcentaje":0.9725520393462169},{"rango":{"min":80,"max":null},"vacunados":50584,"personasINE":50584,"porcentaje":1}]}}},{"ccaa":"Canarias","dosisAdministradas":3039648,"dosisEntregadas":3536810,"dosisEntregadasModerna":574700,"dosisEntregadasPfizer":2324760,"dosisEntregadasAstrazeneca":503700,"dosisEntregadasJanssen":133650,"dosisPrimeraDosis":1639933,"dosisPautaCompletada":1560727,"porcentajeEntregadas":0.8594320871067431,"porcentajePoblacionAdministradas":1.3969278734089723,"porcentajePoblacionPrimeraDosis":0.7536623050508467,"porcentajePoblacionCompletas":0.7172616859195423,"fechaUltRegistro":1630886400000,"etarios":{"unaDosis":{"etarioTotal":{"vacunados":1639933,"personasINE":1960774,"porcentaje":0.8363702293074061},"etarioRangos":[{"rango":{"min":12,"max":19},"vacunados":139114,"personasINE":179797,"porcentaje":0.7116282949616283},{"rango":{"min":20,"max":29},"vacunados":179151,"personasINE":251748,"porcentaje":0.8087615099864922},{"rango":{"min":30,"max":39},"vacunados":222786,"personasINE":310934,"porcentaje":0.8087615099864922},{"rango":{"min":40,"max":49},"vacunados":313738,"personasINE":387924,"porcentaje":0.8087615099864922},{"rango":{"min":50,"max":59},"vacunados":318378,"personasINE":350512,"porcentaje":0.9083226822476834},{"rango":{"min":60,"max":69},"vacunados":223194,"personasINE":235092,"porcentaje":0.9493900260323618},{"rango":{"min":70,"max":79},"vacunados":150859,"personasINE":154531,"porcentaje":0.9762377775333104},{"rango":{"min":80,"max":null},"vacunados":92713,"personasINE":92713,"porcentaje":1}]},"pautaCompleta":{"etarioTotal":{"vacunados":1560727,"personasINE":1960774,"porcentaje":0.7959749568282729},"etarioRangos":[{"rango":{"min":12,"max":19},"vacunados":111954,"personasINE":179797,"porcentaje":0.6476277865166754},{"rango":{"min":20,"max":29},"vacunados":163039,"personasINE":251748,"porcentaje":0.7901135273919634},{"rango":{"min":30,"max":39},"vacunados":209229,"personasINE":310934,"porcentaje":0.7901135273919634},{"rango":{"min":40,"max":49},"vacunados":306504,"personasINE":387924,"porcentaje":0.7901135273919634},{"rango":{"min":50,"max":59},"vacunados":314292,"personasINE":350512,"porcentaje":0.8966654493997352},{"rango":{"min":60,"max":69},"vacunados":214917,"personasINE":235092,"porcentaje":0.9141825327956715},{"rango":{"min":70,"max":79},"vacunados":149445,"personasINE":154531,"porcentaje":0.96708750994946},{"rango":{"min":80,"max":null},"vacunados":91347,"personasINE":91347,"porcentaje":1}]}}},{"ccaa":"Cantabria","dosisAdministradas":844496,"dosisEntregadas":931515,"dosisEntregadasModerna":114900,"dosisEntregadasPfizer":666465,"dosisEntregadasAstrazeneca":125200,"dosisEntregadasJanssen":24950,"dosisPrimeraDosis":463790,"dosisPautaCompletada":418094,"porcentajeEntregadas":0.9065833615132338,"porcentajePoblacionAdministradas":1.4487712405966666,"porcentajePoblacionPrimeraDosis":0.7956528079189576,"porcentajePoblacionCompletas":0.7172592446453538,"fechaUltRegistro":1630886400000,"etarios":{"unaDosis":{"etarioTotal":{"vacunados":463790,"personasINE":524127,"porcentaje":0.8848809544251679},"etarioRangos":[{"rango":{"min":12,"max":19},"vacunados":32172,"personasINE":43963,"porcentaje":0.7155529155529156},{"rango":{"min":20,"max":29},"vacunados":36139,"personasINE":50505,"porcentaje":0.8792152931910933},{"rango":{"min":30,"max":39},"vacunados":51736,"personasINE":70473,"porcentaje":0.8792152931910933},{"rango":{"min":40,"max":49},"vacunados":85960,"personasINE":97769,"porcentaje":0.8792152931910933},{"rango":{"min":50,"max":59},"vacunados":83346,"personasINE":89964,"porcentaje":0.926437241563292},{"rango":{"min":60,"max":69},"vacunados":76116,"personasINE":77345,"porcentaje":0.9841101557954619},{"rango":{"min":70,"max":79},"vacunados":55953,"personasINE":55953,"porcentaje":1},{"rango":{"min":80,"max":null},"vacunados":42368,"personasINE":42368,"porcentaje":1}]},"pautaCompleta":{"etarioTotal":{"vacunados":418094,"personasINE":524127,"porcentaje":0.7976959782648099},"etarioRangos":[{"rango":{"min":12,"max":19},"vacunados":5912,"personasINE":43963,"porcentaje":0.5604989604989605},{"rango":{"min":20,"max":29},"vacunados":28308,"personasINE":50505,"porcentaje":0.8567746422690219},{"rango":{"min":30,"max":39},"vacunados":45537,"personasINE":70473,"porcentaje":0.8567746422690219},{"rango":{"min":40,"max":49},"vacunados":83766,"personasINE":97769,"porcentaje":0.8567746422690219},{"rango":{"min":50,"max":59},"vacunados":81918,"personasINE":89964,"porcentaje":0.9105642256902761},{"rango":{"min":60,"max":69},"vacunados":75062,"personasINE":77345,"porcentaje":0.9704829012864439},{"rango":{"min":70,"max":79},"vacunados":55671,"personasINE":55671,"porcentaje":1},{"rango":{"min":80,"max":null},"vacunados":41920,"personasINE":41920,"porcentaje":1}]}}},{"ccaa":"Castilla y Leon","dosisAdministradas":3571921,"dosisEntregadas":3823525,"dosisEntregadasModerna":412400,"dosisEntregadasPfizer":2817075,"dosisEntregadasAstrazeneca":481200,"dosisEntregadasJanssen":112850,"dosisPrimeraDosis":1950474,"dosisPautaCompletada":1811957,"porcentajeEntregadas":0.934195800995155,"porcentajePoblacionAdministradas":1.4914585802102618,"porcentajePoblacionPrimeraDosis":0.8144220386668771,"porcentajePoblacionCompletas":0.7565841502715333,"fechaUltRegistro":1630886400000,"etarios":{"unaDosis":{"etarioTotal":{"vacunados":1950474,"personasINE":2176253,"porcentaje":0.8962533308397507},"etarioRangos":[{"rango":{"min":12,"max":19},"vacunados":124625,"personasINE":165342,"porcentaje":0.7568362984938817},{"rango":{"min":20,"max":29},"vacunados":159697,"personasINE":211006,"porcentaje":0.8677034447640413},{"rango":{"min":30,"max":39},"vacunados":204603,"personasINE":267783,"porcentaje":0.8677034447640413},{"rango":{"min":40,"max":49},"vacunados":315241,"personasINE":363305,"porcentaje":0.8677034447640413},{"rango":{"min":50,"max":59},"vacunados":348812,"personasINE":381175,"porcentaje":0.9150967403423624},{"rango":{"min":60,"max":69},"vacunados":318342,"personasINE":318575,"porcentaje":0.9992686180648199},{"rango":{"min":70,"max":79},"vacunados":250038,"personasINE":250038,"porcentaje":1},{"rango":{"min":80,"max":null},"vacunados":229116,"personasINE":229116,"porcentaje":1}]},"pautaCompleta":{"etarioTotal":{"vacunados":1811957,"personasINE":2176253,"porcentaje":0.8326040216831407},"etarioRangos":[{"rango":{"min":12,"max":19},"vacunados":41456,"personasINE":165342,"porcentaje":0.6684027942333394},{"rango":{"min":20,"max":29},"vacunados":141037,"personasINE":211006,"porcentaje":0.8451796699742641},{"rango":{"min":30,"max":39},"vacunados":193343,"personasINE":267783,"porcentaje":0.8451796699742641},{"rango":{"min":40,"max":49},"vacunados":307058,"personasINE":363305,"porcentaje":0.8451796699742641},{"rango":{"min":50,"max":59},"vacunados":342757,"personasINE":381175,"porcentaje":0.8992116481930872},{"rango":{"min":60,"max":69},"vacunados":311546,"personasINE":318575,"porcentaje":0.9779361217923566},{"rango":{"min":70,"max":79},"vacunados":248459,"personasINE":248459,"porcentaje":1},{"rango":{"min":80,"max":null},"vacunados":226301,"personasINE":226301,"porcentaje":1}]}}},{"ccaa":"Castilla La Mancha","dosisAdministradas":2881494,"dosisEntregadas":3240070,"dosisEntregadasModerna":446800,"dosisEntregadasPfizer":2280195,"dosisEntregadasAstrazeneca":411700,"dosisEntregadasJanssen":101375,"dosisPrimeraDosis":1581402,"dosisPautaCompletada":1459369,"porcentajeEntregadas":0.8893307860632641,"porcentajePoblacionAdministradas":1.4088912640736624,"porcentajePoblacionPrimeraDosis":0.773218150996885,"porcentajePoblacionCompletas":0.7135507605290577,"fechaUltRegistro":1630886400000},{"ccaa":"Cataluña","dosisAdministradas":10472665,"dosisEntregadas":11863410,"dosisEntregadasModerna":1604900,"dosisEntregadasPfizer":8368460,"dosisEntregadasAstrazeneca":1514300,"dosisEntregadasJanssen":375750,"dosisPrimeraDosis":5698303,"dosisPautaCompletada":5392839,"porcentajeEntregadas":0.8827702153090891,"porcentajePoblacionAdministradas":1.346018027938897,"porcentajePoblacionPrimeraDosis":0.7323845999712871,"porcentajePoblacionCompletas":0.6931242922190266,"fechaUltRegistro":1630886400000,"etarios":{"unaDosis":{"etarioTotal":{"vacunados":5698303,"personasINE":6868360,"porcentaje":0.8296453592997455},"etarioRangos":[{"rango":{"min":12,"max":19},"vacunados":454941,"personasINE":656166,"porcentaje":0.673123662739068},{"rango":{"min":20,"max":29},"vacunados":564707,"personasINE":838935,"porcentaje":0.8314751035690011},{"rango":{"min":30,"max":39},"vacunados":723167,"personasINE":1044652.0000000001,"porcentaje":0.8314751035690011},{"rango":{"min":40,"max":49},"vacunados":1094849,"personasINE":1316755,"porcentaje":0.8314751035690011},{"rango":{"min":50,"max":59},"vacunados":1003113,"personasINE":1091780,"porcentaje":0.9187867519097254},{"rango":{"min":60,"max":69},"vacunados":788208,"personasINE":837584,"porcentaje":0.9410494947372443},{"rango":{"min":70,"max":79},"vacunados":614837,"personasINE":635292,"porcentaje":0.9678022074888398},{"rango":{"min":80,"max":null},"vacunados":454481,"personasINE":454481,"porcentaje":1}]},"pautaCompleta":{"etarioTotal":{"vacunados":5392839,"personasINE":6868360,"porcentaje":0.785171278150825},"etarioRangos":[{"rango":{"min":12,"max":19},"vacunados":346739,"personasINE":656166,"porcentaje":0.6068086323731874},{"rango":{"min":20,"max":29},"vacunados":509073,"personasINE":838935.0000000001,"porcentaje":0.8064841219513121},{"rango":{"min":30,"max":39},"vacunados":667860,"personasINE":1044652.0000000001,"porcentaje":0.8064841219513121},{"rango":{"min":40,"max":49},"vacunados":1061942,"personasINE":1316755,"porcentaje":0.8064841219513121},{"rango":{"min":50,"max":59},"vacunados":979472,"personasINE":1091780,"porcentaje":0.8971331220575574},{"rango":{"min":60,"max":69},"vacunados":770218,"personasINE":837584,"porcentaje":0.9195710519780702},{"rango":{"min":70,"max":79},"vacunados":609905,"personasINE":635292,"porcentaje":0.9600388482776424},{"rango":{"min":80,"max":null},"vacunados":447630,"personasINE":447630,"porcentaje":1}]}}},{"ccaa":"C. Valenciana","dosisAdministradas":7194163,"dosisEntregadas":8104000,"dosisEntregadasModerna":1213700,"dosisEntregadasPfizer":5719150,"dosisEntregadasAstrazeneca":863900,"dosisEntregadasJanssen":307250,"dosisPrimeraDosis":3982172,"dosisPautaCompletada":3651240,"porcentajeEntregadas":0.8877298864758144,"porcentajePoblacionAdministradas":1.4225154937770805,"porcentajePoblacionPrimeraDosis":0.7874024217807221,"porcentajePoblacionCompletas":0.7219666098055643,"fechaUltRegistro":1630886400000,"etarios":{"unaDosis":{"etarioTotal":{"vacunados":3982172,"personasINE":4488459,"porcentaje":0.8872024897631905},"etarioRangos":[{"rango":{"min":12,"max":19},"vacunados":335543,"personasINE":424531,"porcentaje":0.7774981303015155},{"rango":{"min":20,"max":29},"vacunados":401287,"personasINE":516126,"porcentaje":0.8746189471904254},{"rango":{"min":30,"max":39},"vacunados":492032,"personasINE":648759,"porcentaje":0.8746189471904254},{"rango":{"min":40,"max":49},"vacunados":744815,"personasINE":851588,"porcentaje":0.8746189471904254},{"rango":{"min":50,"max":59},"vacunados":711167,"personasINE":752334,"porcentaje":0.9452809523429754},{"rango":{"min":60,"max":69},"vacunados":566915,"personasINE":580728,"porcentaje":0.9762143378655757},{"rango":{"min":70,"max":79},"vacunados":433608,"personasINE":437862,"porcentaje":0.9902846102196583},{"rango":{"min":80,"max":null},"vacunados":296805,"personasINE":296805,"porcentaje":1}]},"pautaCompleta":{"etarioTotal":{"vacunados":3651240,"personasINE":4488459,"porcentaje":0.8134729536350894},"etarioRangos":[{"rango":{"min":12,"max":19},"vacunados":156387,"personasINE":424531,"porcentaje":0.6686894285503927},{"rango":{"min":20,"max":29},"vacunados":345128,"personasINE":516126,"porcentaje":0.8529112669506851},{"rango":{"min":30,"max":39},"vacunados":450750,"personasINE":648759,"porcentaje":0.8529112669506851},{"rango":{"min":40,"max":49},"vacunados":726329,"personasINE":851588,"porcentaje":0.8529112669506851},{"rango":{"min":50,"max":59},"vacunados":702452,"personasINE":752334,"porcentaje":0.9336970015976946},{"rango":{"min":60,"max":69},"vacunados":547913,"personasINE":580728,"porcentaje":0.9434933393946908},{"rango":{"min":70,"max":79},"vacunados":429948,"personasINE":437862,"porcentaje":0.9819258122422133},{"rango":{"min":80,"max":null},"vacunados":292333,"personasINE":292333,"porcentaje":1}]}}},{"ccaa":"Extremadura","dosisAdministradas":1618410,"dosisEntregadas":1666395,"dosisEntregadasModerna":218200,"dosisEntregadasPfizer":1210445,"dosisEntregadasAstrazeneca":186000,"dosisEntregadasJanssen":51750,"dosisPrimeraDosis":883181,"dosisPautaCompletada":818483,"porcentajeEntregadas":0.9712043063019272,"porcentajePoblacionAdministradas":1.5210806147067586,"porcentajePoblacionPrimeraDosis":0.8300674726288949,"porcentajePoblacionCompletas":0.7692603387071458,"fechaUltRegistro":1630886400000,"etarios":{"unaDosis":{"etarioTotal":{"vacunados":883181,"personasINE":953437,"porcentaje":0.9263129079320396},"etarioRangos":[{"rango":{"min":12,"max":19},"vacunados":70900,"personasINE":84750,"porcentaje":0.7848835157077303},{"rango":{"min":20,"max":29},"vacunados":88943,"personasINE":113320,"porcentaje":0.9102975660526414},{"rango":{"min":30,"max":39},"vacunados":110988,"personasINE":133479,"porcentaje":0.9102975660526414},{"rango":{"min":40,"max":49},"vacunados":145187,"personasINE":159494,"porcentaje":0.9102975660526414},{"rango":{"min":50,"max":59},"vacunados":160825,"personasINE":169216,"porcentaje":0.9504124905446294},{"rango":{"min":60,"max":69},"vacunados":132340,"personasINE":132340,"porcentaje":1},{"rango":{"min":70,"max":79},"vacunados":95806,"personasINE":95806,"porcentaje":1},{"rango":{"min":80,"max":null},"vacunados":78192,"personasINE":78192,"porcentaje":1}]},"pautaCompleta":{"etarioTotal":{"vacunados":818483,"personasINE":953437,"porcentaje":0.8584552518939375},"etarioRangos":[{"rango":{"min":12,"max":19},"vacunados":31114,"personasINE":84750,"porcentaje":0.68881927285563},{"rango":{"min":20,"max":29},"vacunados":78057,"personasINE":113320,"porcentaje":0.8933627597276387},{"rango":{"min":30,"max":39},"vacunados":105659,"personasINE":133479,"porcentaje":0.8933627597276387},{"rango":{"min":40,"max":49},"vacunados":142486,"personasINE":159494,"porcentaje":0.8933627597276387},{"rango":{"min":50,"max":59},"vacunados":159006,"personasINE":169216,"porcentaje":0.9396629160363086},{"rango":{"min":60,"max":69},"vacunados":129918,"personasINE":125296.99999999999,"porcentaje":1.0368803722355684},{"rango":{"min":70,"max":79},"vacunados":95113,"personasINE":95113,"porcentaje":1},{"rango":{"min":80,"max":null},"vacunados":77130,"personasINE":77130,"porcentaje":1}]}}},{"ccaa":"Galicia","dosisAdministradas":4174964,"dosisEntregadas":4305879,"dosisEntregadasModerna":507400,"dosisEntregadasPfizer":3102379,"dosisEntregadasAstrazeneca":573400,"dosisEntregadasJanssen":122700,"dosisPrimeraDosis":2269705,"dosisPautaCompletada":2107096,"porcentajeEntregadas":0.969596219494324,"porcentajePoblacionAdministradas":1.5452419277531175,"porcentajePoblacionPrimeraDosis":0.8400655262251098,"porcentajePoblacionCompletas":0.7798805175328177,"fechaUltRegistro":1630886400000,"etarios":{"unaDosis":{"etarioTotal":{"vacunados":2269705,"personasINE":2454497,"porcentaje":0.9247128841469352},"etarioRangos":[{"rango":{"min":12,"max":19},"vacunados":158286,"personasINE":180007,"porcentaje":0.8211238153787541},{"rango":{"min":20,"max":29},"vacunados":189664,"personasINE":230981,"porcentaje":0.9074998702678799},{"rango":{"min":30,"max":39},"vacunados":256380,"personasINE":323408,"porcentaje":0.9074998702678799},{"rango":{"min":40,"max":49},"vacunados":402223,"personasINE":443221,"porcentaje":0.9074998702678799},{"rango":{"min":50,"max":59},"vacunados":387717,"personasINE":405889,"porcentaje":0.955229139001057},{"rango":{"min":60,"max":69},"vacunados":343094,"personasINE":346927,"porcentaje":0.9889515661796285},{"rango":{"min":70,"max":79},"vacunados":290565,"personasINE":290565,"porcentaje":1},{"rango":{"min":80,"max":null},"vacunados":241776,"personasINE":241776,"porcentaje":1}]},"pautaCompleta":{"etarioTotal":{"vacunados":2107096,"personasINE":2454497,"porcentaje":0.8584634652232209},"etarioRangos":[{"rango":{"min":12,"max":19},"vacunados":45452,"personasINE":180007,"porcentaje":0.7181976006684533},{"rango":{"min":20,"max":29},"vacunados":165890,"personasINE":230981,"porcentaje":0.8964692557437486},{"rango":{"min":30,"max":39},"vacunados":243323,"personasINE":323408,"porcentaje":0.8964692557437486},{"rango":{"min":40,"max":49},"vacunados":397334,"personasINE":443221,"porcentaje":0.8964692557437486},{"rango":{"min":50,"max":59},"vacunados":385170,"personasINE":405889,"porcentaje":0.9489540243761225},{"rango":{"min":60,"max":69},"vacunados":340628,"personasINE":346927,"porcentaje":0.9818434425686096},{"rango":{"min":70,"max":79},"vacunados":289301,"personasINE":289762,"porcentaje":0.9984090391424687},{"rango":{"min":80,"max":null},"vacunados":239998,"personasINE":239998,"porcentaje":1}]}}},{"ccaa":"La Rioja","dosisAdministradas":452450,"dosisEntregadas":505885,"dosisEntregadasModerna":67600,"dosisEntregadasPfizer":369785,"dosisEntregadasAstrazeneca":53300,"dosisEntregadasJanssen":15200,"dosisPrimeraDosis":252413,"dosisPautaCompletada":232900,"porcentajeEntregadas":0.8943732271168349,"porcentajePoblacionAdministradas":1.4142863394537282,"porcentajePoblacionPrimeraDosis":0.7890026694674194,"porcentajePoblacionCompletas":0.7280081521909013,"fechaUltRegistro":1630886400000,"etarios":{"unaDosis":{"etarioTotal":{"vacunados":252413,"personasINE":283970,"porcentaje":0.8888720639504173},"etarioRangos":[{"rango":{"min":12,"max":19},"vacunados":19174,"personasINE":25532,"porcentaje":0.716462013264167},{"rango":{"min":20,"max":29},"vacunados":21822,"personasINE":30458,"porcentaje":0.8843371673560353},{"rango":{"min":30,"max":39},"vacunados":29726,"personasINE":39319,"porcentaje":0.8843371673560353},{"rango":{"min":40,"max":49},"vacunados":46823,"personasINE":52947,"porcentaje":0.8843371673560353},{"rango":{"min":50,"max":59},"vacunados":45052,"personasINE":47664,"porcentaje":0.9451997314535079},{"rango":{"min":60,"max":69},"vacunados":37852,"personasINE":37852,"porcentaje":1},{"rango":{"min":70,"max":79},"vacunados":28620,"personasINE":28620,"porcentaje":1},{"rango":{"min":80,"max":null},"vacunados":23344,"personasINE":23344,"porcentaje":1}]},"pautaCompleta":{"etarioTotal":{"vacunados":232900,"personasINE":283970,"porcentaje":0.8201570588442441},"etarioRangos":[{"rango":{"min":12,"max":19},"vacunados":9154,"personasINE":25532,"porcentaje":0.608608575743647},{"rango":{"min":20,"max":29},"vacunados":18537,"personasINE":30458,"porcentaje":0.8544393450053828},{"rango":{"min":30,"max":39},"vacunados":27317,"personasINE":39319,"porcentaje":0.8544393450053828},{"rango":{"min":40,"max":49},"vacunados":45240,"personasINE":52947,"porcentaje":0.8544393450053828},{"rango":{"min":50,"max":59},"vacunados":44049,"personasINE":47664,"porcentaje":0.9241565961732124},{"rango":{"min":60,"max":69},"vacunados":36999,"personasINE":37718,"porcentaje":0.9809374834296622},{"rango":{"min":70,"max":79},"vacunados":28488,"personasINE":28488,"porcentaje":1},{"rango":{"min":80,"max":null},"vacunados":23116,"personasINE":23116,"porcentaje":1}]}}},{"ccaa":"Madrid","dosisAdministradas":9252611,"dosisEntregadas":10850729,"dosisEntregadasModerna":1645800,"dosisEntregadasPfizer":7602579,"dosisEntregadasAstrazeneca":1220900,"dosisEntregadasJanssen":381450,"dosisPrimeraDosis":5160943,"dosisPautaCompletada":4755930,"porcentajeEntregadas":0.8527179141604219,"porcentajePoblacionAdministradas":1.3647144318608213,"porcentajePoblacionPrimeraDosis":0.7612136070684353,"porcentajePoblacionCompletas":0.701476189577173,"fechaUltRegistro":1630886400000,"etarios":{"unaDosis":{"etarioTotal":{"vacunados":5160943,"personasINE":5977937,"porcentaje":0.863331781515931},"etarioRangos":[{"rango":{"min":12,"max":19},"vacunados":391383,"personasINE":553542,"porcentaje":0.7411953264419677},{"rango":{"min":20,"max":29},"vacunados":550319,"personasINE":742475,"porcentaje":0.8660524146826979},{"rango":{"min":30,"max":39},"vacunados":711068,"personasINE":949640,"porcentaje":0.8660524146826979},{"rango":{"min":40,"max":49},"vacunados":1009792,"personasINE":1165971,"porcentaje":0.8660524146826979},{"rango":{"min":50,"max":59},"vacunados":930723,"personasINE":972783,"porcentaje":0.9567632246862867},{"rango":{"min":60,"max":69},"vacunados":684433,"personasINE":703323,"porcentaje":0.9731417854954267},{"rango":{"min":70,"max":79},"vacunados":509821,"personasINE":526081,"porcentaje":0.9690922120357892},{"rango":{"min":80,"max":null},"vacunados":373404,"personasINE":373404,"porcentaje":1}]},"pautaCompleta":{"etarioTotal":{"vacunados":4755930,"personasINE":5977937,"porcentaje":0.7955804820291682},"etarioRangos":[{"rango":{"min":12,"max":19},"vacunados":210184,"personasINE":553542,"porcentaje":0.6264318663928078},{"rango":{"min":20,"max":29},"vacunados":465110,"personasINE":742475,"porcentaje":0.8337668775638503},{"rango":{"min":30,"max":39},"vacunados":643539,"personasINE":949639.9999999999,"porcentaje":0.8337668775638503},{"rango":{"min":40,"max":49},"vacunados":972148,"personasINE":1165971,"porcentaje":0.8337668775638503},{"rango":{"min":50,"max":59},"vacunados":916454,"personasINE":972783,"porcentaje":0.9420949996042283},{"rango":{"min":60,"max":69},"vacunados":671932,"personasINE":703323,"porcentaje":0.9553675907086786},{"rango":{"min":70,"max":79},"vacunados":506788,"personasINE":526081,"porcentaje":0.963326940148},{"rango":{"min":80,"max":null},"vacunados":369775,"personasINE":369775,"porcentaje":1}]}}},{"ccaa":"Murcia","dosisAdministradas":2120345,"dosisEntregadas":2407265,"dosisEntregadasModerna":398000,"dosisEntregadasPfizer":1687865,"dosisEntregadasAstrazeneca":253100,"dosisEntregadasJanssen":68300,"dosisPrimeraDosis":1156027,"dosisPautaCompletada":1082848,"porcentajeEntregadas":0.8808107956539891,"porcentajePoblacionAdministradas":1.4030396009663517,"porcentajePoblacionPrimeraDosis":0.7649470537984756,"porcentajePoblacionCompletas":0.7165242570559093,"fechaUltRegistro":1630886400000,"etarios":{"unaDosis":{"etarioTotal":{"vacunados":1156027,"personasINE":1310137,"porcentaje":0.8823710802763375},"etarioRangos":[{"rango":{"min":12,"max":19},"vacunados":109017,"personasINE":141894,"porcentaje":0.7652164321211277},{"rango":{"min":20,"max":29},"vacunados":131807,"personasINE":172248,"porcentaje":0.8934674236790645},{"rango":{"min":30,"max":39},"vacunados":159196,"personasINE":209003,"porcentaje":0.8934674236790645},{"rango":{"min":40,"max":49},"vacunados":227081,"personasINE":254157,"porcentaje":0.8934674236790645},{"rango":{"min":50,"max":59},"vacunados":205337,"personasINE":213256,"porcentaje":0.9628662265071088},{"rango":{"min":60,"max":69},"vacunados":147101,"personasINE":147101,"porcentaje":1},{"rango":{"min":70,"max":79},"vacunados":102708,"personasINE":102899,"porcentaje":0.9981438109213889},{"rango":{"min":80,"max":null},"vacunados":73780,"personasINE":73780,"porcentaje":1}]},"pautaCompleta":{"etarioTotal":{"vacunados":1082848,"personasINE":1310137,"porcentaje":0.8265150896432969},"etarioRangos":[{"rango":{"min":12,"max":19},"vacunados":83163,"personasINE":141894,"porcentaje":0.6809542055640704},{"rango":{"min":20,"max":29},"vacunados":117293,"personasINE":172248,"porcentaje":0.8621796763417887},{"rango":{"min":30,"max":39},"vacunados":147842,"personasINE":209003,"porcentaje":0.8621796763417887},{"rango":{"min":40,"max":49},"vacunados":219129,"personasINE":254157,"porcentaje":0.8621796763417887},{"rango":{"min":50,"max":59},"vacunados":201342,"personasINE":213256,"porcentaje":0.9441328731665228},{"rango":{"min":60,"max":69},"vacunados":141196,"personasINE":146909,"porcentaje":0.9611119808861268},{"rango":{"min":70,"max":79},"vacunados":100276,"personasINE":102899,"porcentaje":0.9745089845382365},{"rango":{"min":80,"max":null},"vacunados":72607,"personasINE":72607,"porcentaje":1}]}}},{"ccaa":"Navarra","dosisAdministradas":936563,"dosisEntregadas":1055175,"dosisEntregadasModerna":151500,"dosisEntregadasPfizer":734325,"dosisEntregadasAstrazeneca":136600,"dosisEntregadasJanssen":32750,"dosisPrimeraDosis":511771,"dosisPautaCompletada":485045,"porcentajeEntregadas":0.8875902101547136,"porcentajePoblacionAdministradas":1.416465894430858,"porcentajePoblacionPrimeraDosis":0.7740068391114903,"porcentajePoblacionCompletas":0.7335862080438962,"fechaUltRegistro":1630886400000,"etarios":{"unaDosis":{"etarioTotal":{"vacunados":511771,"personasINE":581354,"porcentaje":0.8803087275567039},"etarioRangos":[{"rango":{"min":12,"max":19},"vacunados":42875,"personasINE":56388,"porcentaje":0.7599483317920942},{"rango":{"min":20,"max":29},"vacunados":51773,"personasINE":68127,"porcentaje":0.8712338660395178},{"rango":{"min":30,"max":39},"vacunados":61673,"personasINE":81341,"porcentaje":0.8712338660395178},{"rango":{"min":40,"max":49},"vacunados":94095,"personasINE":108002,"porcentaje":0.8712338660395178},{"rango":{"min":50,"max":59},"vacunados":91202,"personasINE":96694,"porcentaje":0.9432022669452086},{"rango":{"min":60,"max":69},"vacunados":71872,"personasINE":73844,"porcentaje":0.9732950544390878},{"rango":{"min":70,"max":79},"vacunados":55816,"personasINE":55816,"porcentaje":1},{"rango":{"min":80,"max":null},"vacunados":42465,"personasINE":42465,"porcentaje":1}]},"pautaCompleta":{"etarioTotal":{"vacunados":485045,"personasINE":581354,"porcentaje":0.8343367380288086},"etarioRangos":[{"rango":{"min":12,"max":19},"vacunados":29910,"personasINE":56387.99999999999,"porcentaje":0.6892715076254642},{"rango":{"min":20,"max":29},"vacunados":46958,"personasINE":68127,"porcentaje":0.8479380011481269},{"rango":{"min":30,"max":39},"vacunados":58180,"personasINE":81341,"porcentaje":0.8479380011481269},{"rango":{"min":40,"max":49},"vacunados":91579,"personasINE":108002,"porcentaje":0.8479380011481269},{"rango":{"min":50,"max":59},"vacunados":89963,"personasINE":96694,"porcentaje":0.9303886487269117},{"rango":{"min":60,"max":69},"vacunados":70774,"personasINE":73844,"porcentaje":0.9584258707545636},{"rango":{"min":70,"max":79},"vacunados":55634,"personasINE":55792,"porcentaje":0.9971680527674218},{"rango":{"min":80,"max":null},"vacunados":42047,"personasINE":42047,"porcentaje":1}]}}},{"ccaa":"País Vasco","dosisAdministradas":3190412,"dosisEntregadas":3566050,"dosisEntregadasModerna":526100,"dosisEntregadasPfizer":2484900,"dosisEntregadasAstrazeneca":444200,"dosisEntregadasJanssen":110850,"dosisPrimeraDosis":1766058,"dosisPautaCompletada":1635087,"porcentajeEntregadas":0.8946627220594214,"porcentajePoblacionAdministradas":1.4367963309230698,"porcentajePoblacionPrimeraDosis":0.7953410577058181,"porcentajePoblacionCompletas":0.7363585023940511,"fechaUltRegistro":1630886400000,"etarios":{"unaDosis":{"etarioTotal":{"vacunados":1766058,"personasINE":1983943,"porcentaje":0.8901757762193773},"etarioRangos":[{"rango":{"min":12,"max":19},"vacunados":130796,"personasINE":168606,"porcentaje":0.7365208848134807},{"rango":{"min":20,"max":29},"vacunados":148434,"personasINE":201533.99999999997,"porcentaje":0.8722237410012343},{"rango":{"min":30,"max":39},"vacunados":194721,"personasINE":260542.99999999997,"porcentaje":0.8722237410012343},{"rango":{"min":40,"max":49},"vacunados":315861,"personasINE":362133,"porcentaje":0.8722237410012343},{"rango":{"min":50,"max":59},"vacunados":321186,"personasINE":339977,"porcentaje":0.944728613994476},{"rango":{"min":60,"max":69},"vacunados":277583,"personasINE":280119,"porcentaje":0.99094670479332},{"rango":{"min":70,"max":79},"vacunados":213477,"personasINE":213477,"porcentaje":1},{"rango":{"min":80,"max":null},"vacunados":164000,"personasINE":164000,"porcentaje":1}]},"pautaCompleta":{"etarioTotal":{"vacunados":1635087,"personasINE":1983943,"porcentaje":0.8241602707335846},"etarioRangos":[{"rango":{"min":12,"max":19},"vacunados":70780,"personasINE":168606,"porcentaje":0.5742554606170671},{"rango":{"min":20,"max":29},"vacunados":115732,"personasINE":201534,"porcentaje":0.8553846238812812},{"rango":{"min":30,"max":39},"vacunados":175746,"personasINE":260543,"porcentaje":0.8553846238812812},{"rango":{"min":40,"max":49},"vacunados":309763,"personasINE":362133,"porcentaje":0.8553846238812812},{"rango":{"min":50,"max":59},"vacunados":317338,"personasINE":339977,"porcentaje":0.9334102012783217},{"rango":{"min":60,"max":69},"vacunados":272309,"personasINE":280119,"porcentaje":0.9721189922854215},{"rango":{"min":70,"max":79},"vacunados":211786,"personasINE":213081,"porcentaje":0.9939224989557962},{"rango":{"min":80,"max":null},"vacunados":161633,"personasINE":157950.00000000003,"porcentaje":1.0233175055397277}]}}},{"ccaa":"Ceuta","dosisAdministradas":105423,"dosisEntregadas":140230,"dosisEntregadasModerna":22400,"dosisEntregadasPfizer":95580,"dosisEntregadasAstrazeneca":18100,"dosisEntregadasJanssen":4150,"dosisPrimeraDosis":58368,"dosisPautaCompletada":53822,"porcentajeEntregadas":0.7517863509947943,"porcentajePoblacionAdministradas":1.2520248925203676,"porcentajePoblacionPrimeraDosis":0.6931901855062825,"porcentajePoblacionCompletas":0.6392009690981212,"fechaUltRegistro":1630886400000,"etarios":{"unaDosis":{"etarioTotal":{"vacunados":58368,"personasINE":70965,"porcentaje":0.8224899598393575},"etarioRangos":[{"rango":{"min":12,"max":19},"vacunados":6632,"personasINE":9126,"porcentaje":0.7373028175435397},{"rango":{"min":20,"max":29},"vacunados":8086,"personasINE":10967,"porcentaje":0.8550862205347255},{"rango":{"min":30,"max":39},"vacunados":8635,"personasINE":11894,"porcentaje":0.8550862205347255},{"rango":{"min":40,"max":49},"vacunados":10810,"personasINE":12642,"porcentaje":0.8550862205347255},{"rango":{"min":50,"max":59},"vacunados":10370,"personasINE":11556,"porcentaje":0.8973693319487712},{"rango":{"min":60,"max":69},"vacunados":7570,"personasINE":7857,"porcentaje":0.9634720631284205},{"rango":{"min":70,"max":79},"vacunados":3876,"personasINE":4318,"porcentaje":0.8976377952755905},{"rango":{"min":80,"max":null},"vacunados":2389,"personasINE":2605,"porcentaje":0.9170825335892514}]},"pautaCompleta":{"etarioTotal":{"vacunados":53822,"personasINE":70965,"porcentaje":0.7584302120763757},"etarioRangos":[{"rango":{"min":12,"max":19},"vacunados":4887,"personasINE":9126,"porcentaje":0.6512264064922039},{"rango":{"min":20,"max":29},"vacunados":7142,"personasINE":10967,"porcentaje":0.8120550545799715},{"rango":{"min":30,"max":39},"vacunados":7913,"personasINE":11893.999999999998,"porcentaje":0.8120550545799715},{"rango":{"min":40,"max":49},"vacunados":10266,"personasINE":12642,"porcentaje":0.8120550545799715},{"rango":{"min":50,"max":59},"vacunados":10089,"personasINE":11556,"porcentaje":0.8730529595015576},{"rango":{"min":60,"max":69},"vacunados":7335,"personasINE":7857,"porcentaje":0.9335624284077892},{"rango":{"min":70,"max":79},"vacunados":3834,"personasINE":4318,"porcentaje":0.887911069939787},{"rango":{"min":80,"max":null},"vacunados":2356,"personasINE":2605,"porcentaje":0.9044145873320537}]}}},{"ccaa":"Melilla","dosisAdministradas":96891,"dosisEntregadas":141100,"dosisEntregadasModerna":23500,"dosisEntregadasPfizer":96750,"dosisEntregadasAstrazeneca":15100,"dosisEntregadasJanssen":5750,"dosisPrimeraDosis":54774,"dosisPautaCompletada":50972,"porcentajeEntregadas":0.6866832034018426,"porcentajePoblacionAdministradas":1.112717625981901,"porcentajePoblacionPrimeraDosis":0.6290367035692958,"porcentajePoblacionCompletas":0.5853736965409527,"fechaUltRegistro":1630886400000,"etarios":{"unaDosis":{"etarioTotal":{"vacunados":54774,"personasINE":70927,"porcentaje":0.7722588013027479},"etarioRangos":[{"rango":{"min":12,"max":19},"vacunados":6851,"personasINE":9574,"porcentaje":0.6668611921634015},{"rango":{"min":20,"max":29},"vacunados":7999,"personasINE":11995,"porcentaje":0.8176137310448258},{"rango":{"min":30,"max":39},"vacunados":8226,"personasINE":12133,"porcentaje":0.8176137310448258},{"rango":{"min":40,"max":49},"vacunados":9813,"personasINE":12002,"porcentaje":0.8176137310448258},{"rango":{"min":50,"max":59},"vacunados":9520,"personasINE":11299,"porcentaje":0.8425524382688734},{"rango":{"min":60,"max":69},"vacunados":7068,"personasINE":7827,"porcentaje":0.903027980068992},{"rango":{"min":70,"max":79},"vacunados":3294,"personasINE":3748,"porcentaje":0.8788687299893276},{"rango":{"min":80,"max":null},"vacunados":2003,"personasINE":2349,"porcentaje":0.8527032779906343}]},"pautaCompleta":{"etarioTotal":{"vacunados":50972,"personasINE":70927,"porcentaje":0.7186543911345468},"etarioRangos":[{"rango":{"min":12,"max":19},"vacunados":5343,"personasINE":9574,"porcentaje":0.5904960400166737},{"rango":{"min":20,"max":29},"vacunados":7083,"personasINE":11994.999999999998,"porcentaje":0.7917847025495751},{"rango":{"min":30,"max":39},"vacunados":7700,"personasINE":12133,"porcentaje":0.7917847025495751},{"rango":{"min":40,"max":49},"vacunados":9503,"personasINE":12002,"porcentaje":0.7917847025495751},{"rango":{"min":50,"max":59},"vacunados":9288,"personasINE":11299,"porcentaje":0.8220196477564387},{"rango":{"min":60,"max":69},"vacunados":6897,"personasINE":7827,"porcentaje":0.8811805289382906},{"rango":{"min":70,"max":79},"vacunados":3210,"personasINE":3748.0000000000005,"porcentaje":0.8564567769477054},{"rango":{"min":80,"max":null},"vacunados":1948,"personasINE":2349,"porcentaje":0.8292890591741167}]}}},{"ccaa":"Fuerzas Armadas","dosisAdministradas":171631,"dosisEntregadas":212238,"dosisEntregadasModerna":58300,"dosisEntregadasPfizer":48138,"dosisEntregadasAstrazeneca":103800,"dosisEntregadasJanssen":2000,"dosisPrimeraDosis":91846,"dosisPautaCompletada":86005,"porcentajeEntregadas":0.8086723395433428,"porcentajePoblacionAdministradas":null,"porcentajePoblacionPrimeraDosis":null,"porcentajePoblacionCompletas":null,"fechaUltRegistro":1630886400000},{"ccaa":"Sanidad Exterior","dosisAdministradas":5090,"dosisEntregadas":7415,"dosisEntregadasModerna":4630,"dosisEntregadasPfizer":0,"dosisEntregadasAstrazeneca":0,"dosisEntregadasJanssen":2785,"dosisPrimeraDosis":3737,"dosisPautaCompletada":3428,"porcentajeEntregadas":0.6864463924477411,"porcentajePoblacionAdministradas":null,"porcentajePoblacionPrimeraDosis":null,"porcentajePoblacionCompletas":null,"fechaUltRegistro":1630886400000,"etarios":{"unaDosis":{"etarioTotal":{"vacunados":3737,"personasINE":"-","porcentaje":"-"},"etarioRangos":[{"rango":{"min":12,"max":19},"vacunados":144,"personasINE":null,"porcentaje":"-"},{"rango":{"min":20,"max":29},"vacunados":945,"personasINE":null,"porcentaje":"-"},{"rango":{"min":30,"max":39},"vacunados":1030,"personasINE":null,"porcentaje":"-"},{"rango":{"min":40,"max":49},"vacunados":924,"personasINE":null,"porcentaje":"-"},{"rango":{"min":50,"max":59},"vacunados":483,"personasINE":null,"porcentaje":"-"},{"rango":{"min":60,"max":69},"vacunados":168,"personasINE":null,"porcentaje":"-"},{"rango":{"min":70,"max":79},"vacunados":22,"personasINE":null,"porcentaje":"-"},{"rango":{"min":80,"max":null},"vacunados":21,"personasINE":null,"porcentaje":"-"}]},"pautaCompleta":{"etarioTotal":{"vacunados":3428,"personasINE":"-","porcentaje":"-"},"etarioRangos":[{"rango":{"min":12,"max":19},"vacunados":85,"personasINE":null,"porcentaje":"-"},{"rango":{"min":20,"max":29},"vacunados":859,"personasINE":null,"porcentaje":"-"},{"rango":{"min":30,"max":39},"vacunados":950,"personasINE":null,"porcentaje":"-"},{"rango":{"min":40,"max":49},"vacunados":873,"personasINE":null,"porcentaje":"-"},{"rango":{"min":50,"max":59},"vacunados":469,"personasINE":null,"porcentaje":"-"},{"rango":{"min":60,"max":69},"vacunados":154,"personasINE":null,"porcentaje":"-"},{"rango":{"min":70,"max":79},"vacunados":20,"personasINE":null,"porcentaje":"-"},{"rango":{"min":80,"max":null},"vacunados":18,"personasINE":null,"porcentaje":"-"}]}}},{"ccaa":"Totales","dosisAdministradas":67385522,"dosisEntregadas":75579701,"dosisEntregadasModerna":10669730,"dosisEntregadasPfizer":52886511,"dosisEntregadasAstrazeneca":9467700,"dosisEntregadasJanssen":2555760,"dosisPrimeraDosis":36889887,"dosisPautaCompletada":34418544,"porcentajeEntregadas":0.8915822781569352,"porcentajePoblacionAdministradas":1.4355671495526203,"porcentajePoblacionPrimeraDosis":0.7858944823178525,"porcentajePoblacionCompletas":0.7332455048998722,"fechaUltRegistro":null,"etarios":{"unaDosis":{"etarioTotal":{"vacunados":36889887,"personasINE":42119827,"porcentaje":0.875831873668427},"etarioRangos":[{"rango":{"min":12,"max":19},"vacunados":2962250,"personasINE":3888686,"porcentaje":0.7464569715894382},{"rango":{"min":20,"max":29},"vacunados":3690961,"personasINE":4944640,"porcentaje":0.8671570023177407},{"rango":{"min":30,"max":39},"vacunados":4687291,"personasINE":6230403,"porcentaje":0.8671570023177407},{"rango":{"min":40,"max":49},"vacunados":6843375,"personasINE":7891737,"porcentaje":0.8671570023177407},{"rango":{"min":50,"max":59},"vacunados":6605931,"personasINE":7033306,"porcentaje":0.9392355458443014},{"rango":{"min":60,"max":69},"vacunados":5238906,"personasINE":5336986,"porcentaje":0.9816225862312549},{"rango":{"min":70,"max":79},"vacunados":3931964,"personasINE":3960045,"porcentaje":0.9929089189643047},{"rango":{"min":80,"max":null},"vacunados":2929209,"personasINE":2929209,"porcentaje":1}]},"pautaCompleta":{"etarioTotal":{"vacunados":34418544,"personasINE":42119827,"porcentaje":0.8171577722767},"etarioRangos":[{"rango":{"min":12,"max":19},"vacunados":1765208,"personasINE":3888686,"porcentaje":0.6551708516696868},{"rango":{"min":20,"max":29},"vacunados":3239584,"personasINE":4944640,"porcentaje":0.8433523570286238},{"rango":{"min":30,"max":39},"vacunados":4346313,"personasINE":6230403,"porcentaje":0.8433523570286238},{"rango":{"min":40,"max":49},"vacunados":6655515,"personasINE":7891737,"porcentaje":0.8433523570286238},{"rango":{"min":50,"max":59},"vacunados":6498537,"personasINE":7033306,"porcentaje":0.9239661974041795},{"rango":{"min":60,"max":69},"vacunados":5121477,"personasINE":5336986,"porcentaje":0.9596197179456719},{"rango":{"min":70,"max":79},"vacunados":3901366,"personasINE":3960045,"porcentaje":0.9851822390907174},{"rango":{"min":80,"max":null},"vacunados":2890544,"personasINE":2890544,"porcentaje":1}]}}}]