[{"ccaa":"Andalucía","dosisAdministradas":378943,"dosisEntregadas":416830,"dosisEntregadasModerna":16600,"dosisEntregadasPfizer":400230,"dosisPautaCompletada":143552,"porcentajeEntregadas":0.909106830122592,"porcentajePoblacionAdministradas":0.04476897447442001,"porcentajePoblacionCompletas":0.016959478928894166,"fechaUltRegistro":1612656000000},{"ccaa":"Aragón","dosisAdministradas":74650,"dosisEntregadas":71075,"dosisEntregadasModerna":2900,"dosisEntregadasPfizer":68175,"dosisPautaCompletada":24380,"porcentajeEntregadas":1.0502989799507563,"porcentajePoblacionAdministradas":0.05615353195560975,"porcentajePoblacionCompletas":0.018339224502046426,"fechaUltRegistro":1612656000000},{"ccaa":"Asturias","dosisAdministradas":71784,"dosisEntregadas":72835,"dosisEntregadasModerna":2900,"dosisEntregadasPfizer":69935,"dosisPautaCompletada":31467,"porcentajeEntregadas":0.9855701242534496,"porcentajePoblacionAdministradas":0.07046047052172001,"porcentajePoblacionCompletas":0.03088682193674027,"fechaUltRegistro":1612656000000},{"ccaa":"Baleares","dosisAdministradas":35683,"dosisEntregadas":36960,"dosisEntregadasModerna":1500,"dosisEntregadasPfizer":35460,"dosisPautaCompletada":13430,"porcentajeEntregadas":0.9654491341991343,"porcentajePoblacionAdministradas":0.03045812232244143,"porcentajePoblacionCompletas":0.01146351435670735,"fechaUltRegistro":1612656000000},{"ccaa":"Canarias","dosisAdministradas":84330,"dosisEntregadas":82730,"dosisEntregadasModerna":3200,"dosisEntregadasPfizer":79530,"dosisPautaCompletada":28158,"porcentajeEntregadas":1.0193400217575246,"porcentajePoblacionAdministradas":0.03875545048787841,"porcentajePoblacionCompletas":0.012940542806091311,"fechaUltRegistro":1612656000000},{"ccaa":"Cantabria","dosisAdministradas":34215,"dosisEntregadas":34795,"dosisEntregadasModerna":1300,"dosisEntregadasPfizer":33495,"dosisPautaCompletada":12427,"porcentajeEntregadas":0.9833309383532116,"porcentajePoblacionAdministradas":0.05869738636656059,"porcentajePoblacionCompletas":0.02131908286942126,"fechaUltRegistro":1612656000000},{"ccaa":"Castilla y Leon","dosisAdministradas":161020,"dosisEntregadas":155675,"dosisEntregadasModerna":6200,"dosisEntregadasPfizer":149475,"dosisPautaCompletada":62928,"porcentajeEntregadas":1.034334350409507,"porcentajePoblacionAdministradas":0.0672340347352185,"porcentajePoblacionCompletas":0.02627563866487287,"fechaUltRegistro":1612656000000},{"ccaa":"Castilla La Mancha","dosisAdministradas":104988,"dosisEntregadas":105855,"dosisEntregadasModerna":4200,"dosisEntregadasPfizer":101655,"dosisPautaCompletada":32129,"porcentajeEntregadas":0.9918095508006235,"porcentajePoblacionAdministradas":0.05133332779195989,"porcentajePoblacionCompletas":0.01570930476461957,"fechaUltRegistro":1612656000000},{"ccaa":"Cataluña","dosisAdministradas":317222,"dosisEntregadas":360070,"dosisEntregadasModerna":14300,"dosisEntregadasPfizer":345770,"dosisPautaCompletada":120742,"porcentajeEntregadas":0.8810009164884606,"porcentajePoblacionAdministradas":0.04077152576338809,"porcentajePoblacionCompletas":0.01551858182510357,"fechaUltRegistro":1612656000000},{"ccaa":"C. Valenciana","dosisAdministradas":190902,"dosisEntregadas":182690,"dosisEntregadasModerna":7000,"dosisEntregadasPfizer":175690,"dosisPautaCompletada":83171,"porcentajeEntregadas":1.0449504625321584,"porcentajePoblacionAdministradas":0.037747414507154235,"porcentajePoblacionCompletas":0.016445559564459908,"fechaUltRegistro":1612656000000},{"ccaa":"Extremadura","dosisAdministradas":68006,"dosisEntregadas":65175,"dosisEntregadasModerna":2500,"dosisEntregadasPfizer":62675,"dosisPautaCompletada":26605,"porcentajeEntregadas":1.0434369006520905,"porcentajePoblacionAdministradas":0.063916194464782,"porcentajePoblacionCompletas":0.025005004760396507,"fechaUltRegistro":1612656000000},{"ccaa":"Galicia","dosisAdministradas":110996,"dosisEntregadas":113425,"dosisEntregadasModerna":4500,"dosisEntregadasPfizer":108925,"dosisPautaCompletada":51424,"porcentajeEntregadas":0.9785849680405554,"porcentajePoblacionAdministradas":0.04108195256603051,"porcentajePoblacionCompletas":0.019033103253770885,"fechaUltRegistro":1612656000000},{"ccaa":"La Rioja","dosisAdministradas":17803,"dosisEntregadas":18215,"dosisEntregadasModerna":600,"dosisEntregadasPfizer":17615,"dosisPautaCompletada":7561,"porcentajeEntregadas":0.977381279165523,"porcentajePoblacionAdministradas":0.05564933075764111,"porcentajePoblacionCompletas":0.02363447676563076,"fechaUltRegistro":1612656000000},{"ccaa":"Madrid","dosisAdministradas":266831,"dosisEntregadas":292325,"dosisEntregadasModerna":11600,"dosisEntregadasPfizer":280725,"dosisPautaCompletada":86645,"porcentajeEntregadas":0.9127888480287352,"porcentajePoblacionAdministradas":0.039356254852587536,"porcentajePoblacionCompletas":0.01277970963532141,"fechaUltRegistro":1612656000000},{"ccaa":"Murcia","dosisAdministradas":75792,"dosisEntregadas":76265,"dosisEntregadasModerna":3000,"dosisEntregadasPfizer":73265,"dosisPautaCompletada":24312,"porcentajeEntregadas":0.9937979413885792,"porcentajePoblacionAdministradas":0.05015182785652417,"porcentajePoblacionCompletas":0.01608733426809974,"fechaUltRegistro":1612656000000},{"ccaa":"Navarra","dosisAdministradas":34273,"dosisEntregadas":34795,"dosisEntregadasModerna":1300,"dosisEntregadasPfizer":33495,"dosisPautaCompletada":11439,"porcentajeEntregadas":0.9849978445178905,"porcentajePoblacionAdministradas":0.05183477843970859,"porcentajePoblacionCompletas":0.017300441472057497,"fechaUltRegistro":1612656000000},{"ccaa":"País Vasco","dosisAdministradas":72979,"dosisEntregadas":94680,"dosisEntregadasModerna":3600,"dosisEntregadasPfizer":91080,"dosisPautaCompletada":24002,"porcentajeEntregadas":0.7707963667089143,"porcentajePoblacionAdministradas":0.032865961961788856,"porcentajePoblacionCompletas":0.01080925771806761,"fechaUltRegistro":1612656000000},{"ccaa":"Ceuta","dosisAdministradas":2218,"dosisEntregadas":2180,"dosisEntregadasModerna":200,"dosisEntregadasPfizer":1980,"dosisPautaCompletada":964,"porcentajeEntregadas":1.0174311926605504,"porcentajePoblacionAdministradas":0.026341417068478184,"porcentajePoblacionCompletas":0.011448659176741646,"fechaUltRegistro":1612656000000},{"ccaa":"Melilla","dosisAdministradas":2398,"dosisEntregadas":2180,"dosisEntregadasModerna":200,"dosisEntregadasPfizer":1980,"dosisPautaCompletada":1071,"porcentajeEntregadas":1.1,"porcentajePoblacionAdministradas":0.027539161192521474,"porcentajePoblacionCompletas":0.012299600349120308,"fechaUltRegistro":1612656000000},{"ccaa":"Totales","dosisAdministradas":2105033,"dosisEntregadas":2218755,"dosisEntregadasModerna":87600,"dosisEntregadasPfizer":2131155,"dosisPautaCompletada":786407,"porcentajeEntregadas":0.9487451295884404,"porcentajePoblacionAdministradas":0.044845185342991055,"porcentajePoblacionCompletas":0.016753451214316147,"fechaUltRegistro":null}]