[{"ccaa":"Andalucía","dosisAdministradas":11624401,"dosisEntregadas":12694740,"dosisEntregadasModerna":1658600,"dosisEntregadasPfizer":8704890,"dosisEntregadasAstrazeneca":1805800,"dosisEntregadasJanssen":525450,"dosisPrimeraDosis":6456822,"dosisPautaCompletada":5751416,"porcentajeEntregadas":0.9156864181542906,"porcentajePoblacionAdministradas":1.3733266260345818,"porcentajePoblacionPrimeraDosis":0.7628200001157789,"porcentajePoblacionCompletas":0.6794821281717062,"fechaUltRegistro":1629763200000,"etarios":{"unaDosis":{"etarioTotal":{"vacunados":6456822,"personasINE":7451975,"porcentaje":0.8664578182293956},"etarioRangos":[{"rango":{"min":12,"max":19},"vacunados":514156,"personasINE":752907,"porcentaje":0.7271566279590641},{"rango":{"min":20,"max":29},"vacunados":675290,"personasINE":928672,"porcentaje":0.8712214301494318},{"rango":{"min":30,"max":39},"vacunados":867239,"personasINE":1140217,"porcentaje":0.8712214301494318},{"rango":{"min":40,"max":49},"vacunados":1206741,"personasINE":1385114,"porcentaje":0.8712214301494318},{"rango":{"min":50,"max":59},"vacunados":1190775,"personasINE":1265021,"porcentaje":0.9413084842069815},{"rango":{"min":60,"max":69},"vacunados":917990,"personasINE":917990,"porcentaje":1},{"rango":{"min":70,"max":79},"vacunados":651527,"personasINE":651527,"porcentaje":1},{"rango":{"min":80,"max":null},"vacunados":433104,"personasINE":433104,"porcentaje":1}]},"pautaCompleta":{"etarioTotal":{"vacunados":5751416,"personasINE":7451975,"porcentaje":0.7717975436042123},"etarioRangos":[{"rango":{"min":12,"max":19},"vacunados":133347,"personasINE":752907,"porcentaje":0.5540126115571483},{"rango":{"min":20,"max":29},"vacunados":514496,"personasINE":928671.9999999999,"porcentaje":0.8500044039696372},{"rango":{"min":30,"max":39},"vacunados":789871,"personasINE":1140217,"porcentaje":0.8500044039696372},{"rango":{"min":40,"max":49},"vacunados":1177353,"personasINE":1385114,"porcentaje":0.8500044039696372},{"rango":{"min":50,"max":59},"vacunados":1174835,"personasINE":1265021,"porcentaje":0.9287079028727586},{"rango":{"min":60,"max":69},"vacunados":889779,"personasINE":916147,"porcentaje":0.9712185926494329},{"rango":{"min":70,"max":79},"vacunados":645558,"personasINE":650381,"porcentaje":0.9925843467136956},{"rango":{"min":80,"max":null},"vacunados":426177,"personasINE":426177,"porcentaje":1}]}}},{"ccaa":"Aragón","dosisAdministradas":1831909,"dosisEntregadas":2002845,"dosisEntregadasModerna":237600,"dosisEntregadasPfizer":1414845,"dosisEntregadasAstrazeneca":285700,"dosisEntregadasJanssen":64700,"dosisPrimeraDosis":1010169,"dosisPautaCompletada":926298,"porcentajeEntregadas":0.9146534055306327,"porcentajePoblacionAdministradas":1.3780061697423858,"porcentajePoblacionPrimeraDosis":0.7598735059888325,"porcentajePoblacionCompletas":0.6967837152500657,"fechaUltRegistro":1629763200000,"etarios":{"unaDosis":{"etarioTotal":{"vacunados":1010169,"personasINE":1185134,"porcentaje":0.8523669053457246},"etarioRangos":[{"rango":{"min":12,"max":19},"vacunados":64890,"personasINE":103109,"porcentaje":0.7053243456721958},{"rango":{"min":20,"max":29},"vacunados":91975,"personasINE":130400.99999999999,"porcentaje":0.8449216769096923},{"rango":{"min":30,"max":39},"vacunados":116702,"personasINE":164286,"porcentaje":0.8449216769096923},{"rango":{"min":40,"max":49},"vacunados":181610,"personasINE":214943,"porcentaje":0.8449216769096923},{"rango":{"min":50,"max":59},"vacunados":182255,"personasINE":198266,"porcentaje":0.9192448528744213},{"rango":{"min":60,"max":69},"vacunados":152858,"personasINE":156367,"porcentaje":0.9775592036682932},{"rango":{"min":70,"max":79},"vacunados":118852,"personasINE":118955,"porcentaje":0.9991341263503005},{"rango":{"min":80,"max":null},"vacunados":101027,"personasINE":101027,"porcentaje":1}]},"pautaCompleta":{"etarioTotal":{"vacunados":926298,"personasINE":1185134,"porcentaje":0.7815976927503556},"etarioRangos":[{"rango":{"min":12,"max":19},"vacunados":27253,"personasINE":103109,"porcentaje":0.5583929571092247},{"rango":{"min":20,"max":29},"vacunados":72815,"personasINE":130401,"porcentaje":0.8179238216643482},{"rango":{"min":30,"max":39},"vacunados":106155,"personasINE":164286,"porcentaje":0.8179238216643482},{"rango":{"min":40,"max":49},"vacunados":175807,"personasINE":214943,"porcentaje":0.8179238216643482},{"rango":{"min":50,"max":59},"vacunados":178269,"personasINE":198266,"porcentaje":0.8991405485559804},{"rango":{"min":60,"max":69},"vacunados":148765,"personasINE":156367,"porcentaje":0.9513836039573568},{"rango":{"min":70,"max":79},"vacunados":117867,"personasINE":118955,"porcentaje":0.9908536841662814},{"rango":{"min":80,"max":null},"vacunados":99367,"personasINE":99367,"porcentaje":1}]}}},{"ccaa":"Asturias","dosisAdministradas":1560028,"dosisEntregadas":1570955,"dosisEntregadasModerna":155400,"dosisEntregadasPfizer":1129955,"dosisEntregadasAstrazeneca":235900,"dosisEntregadasJanssen":49700,"dosisPrimeraDosis":839473,"dosisPautaCompletada":779873,"porcentajeEntregadas":0.9930443583679991,"porcentajePoblacionAdministradas":1.531264723434997,"porcentajePoblacionPrimeraDosis":0.823995076483337,"porcentajePoblacionCompletas":0.7654939614285265,"fechaUltRegistro":1629763200000,"etarios":{"unaDosis":{"etarioTotal":{"vacunados":839473,"personasINE":933927,"porcentaje":0.8988636156787415},"etarioRangos":[{"rango":{"min":12,"max":19},"vacunados":47057,"personasINE":64000,"porcentaje":0.7444097533844851},{"rango":{"min":20,"max":29},"vacunados":58891,"personasINE":79111,"porcentaje":0.8807794338684855},{"rango":{"min":30,"max":39},"vacunados":86156,"personasINE":114451,"porcentaje":0.8807794338684855},{"rango":{"min":40,"max":49},"vacunados":147084,"personasINE":166993,"porcentaje":0.8807794338684855},{"rango":{"min":50,"max":59},"vacunados":150956,"personasINE":162645,"porcentaje":0.9281318208367918},{"rango":{"min":60,"max":69},"vacunados":146559,"personasINE":149652,"porcentaje":0.9793320503568278},{"rango":{"min":70,"max":79},"vacunados":114022,"personasINE":114022,"porcentaje":1},{"rango":{"min":80,"max":null},"vacunados":88748,"personasINE":88748,"porcentaje":1}]},"pautaCompleta":{"etarioTotal":{"vacunados":779873,"personasINE":933927,"porcentaje":0.8350470647063422},"etarioRangos":[{"rango":{"min":12,"max":19},"vacunados":14366,"personasINE":64000,"porcentaje":0.5975275246173098},{"rango":{"min":20,"max":29},"vacunados":47271,"personasINE":79111,"porcentaje":0.8645631852832155},{"rango":{"min":30,"max":39},"vacunados":78793,"personasINE":114451,"porcentaje":0.8645631852832155},{"rango":{"min":40,"max":49},"vacunados":144376,"personasINE":166993,"porcentaje":0.8645631852832155},{"rango":{"min":50,"max":59},"vacunados":149277,"personasINE":162645,"porcentaje":0.9178087245227335},{"rango":{"min":60,"max":69},"vacunados":144446,"personasINE":149652,"porcentaje":0.9652126266271083},{"rango":{"min":70,"max":79},"vacunados":113536,"personasINE":113536,"porcentaje":1},{"rango":{"min":80,"max":null},"vacunados":87808,"personasINE":87826,"porcentaje":0.999795049302029}]}}},{"ccaa":"Baleares","dosisAdministradas":1484950,"dosisEntregadas":1763180,"dosisEntregadasModerna":278700,"dosisEntregadasPfizer":1165680,"dosisEntregadasAstrazeneca":256400,"dosisEntregadasJanssen":62400,"dosisPrimeraDosis":812707,"dosisPautaCompletada":755514,"porcentajeEntregadas":0.8421998888372145,"porcentajePoblacionAdministradas":1.2675164291878318,"porcentajePoblacionPrimeraDosis":0.6937065050109129,"porcentajePoblacionCompletas":0.6448879810642887,"fechaUltRegistro":1629763200000,"etarios":{"unaDosis":{"etarioTotal":{"vacunados":812707,"personasINE":1034867,"porcentaje":0.7853250707578848},"etarioRangos":[{"rango":{"min":12,"max":19},"vacunados":63573,"personasINE":95480,"porcentaje":0.6280755679923447},{"rango":{"min":20,"max":29},"vacunados":86638,"personasINE":137942,"porcentaje":0.7789224530974138},{"rango":{"min":30,"max":39},"vacunados":116104,"personasINE":182187,"porcentaje":0.7789224530974138},{"rango":{"min":40,"max":49},"vacunados":160592,"personasINE":206172,"porcentaje":0.7789224530974138},{"rango":{"min":50,"max":59},"vacunados":146994,"personasINE":165797,"porcentaje":0.8865902278087058},{"rango":{"min":60,"max":69},"vacunados":108866,"personasINE":117231,"porcentaje":0.9286451535856557},{"rango":{"min":70,"max":79},"vacunados":78725,"personasINE":80516,"porcentaje":0.977755973967907},{"rango":{"min":80,"max":null},"vacunados":51215,"personasINE":51215,"porcentaje":1}]},"pautaCompleta":{"etarioTotal":{"vacunados":755514,"personasINE":1034867,"porcentaje":0.7300590317403106},"etarioRangos":[{"rango":{"min":12,"max":19},"vacunados":49273,"personasINE":95479.99999999999,"porcentaje":0.540749010453669},{"rango":{"min":20,"max":29},"vacunados":74592,"personasINE":137942,"porcentaje":0.7422879925499097},{"rango":{"min":30,"max":39},"vacunados":103011,"personasINE":182187,"porcentaje":0.7422879925499097},{"rango":{"min":40,"max":49},"vacunados":153039,"personasINE":206172,"porcentaje":0.7422879925499097},{"rango":{"min":50,"max":59},"vacunados":142265,"personasINE":165797,"porcentaje":0.8580673956706092},{"rango":{"min":60,"max":69},"vacunados":104886,"personasINE":117231,"porcentaje":0.8946950891828953},{"rango":{"min":70,"max":79},"vacunados":78003,"personasINE":80516,"porcentaje":0.968788812161558},{"rango":{"min":80,"max":null},"vacunados":50445,"personasINE":50445,"porcentaje":1}]}}},{"ccaa":"Canarias","dosisAdministradas":2885319,"dosisEntregadas":3242210,"dosisEntregadasModerna":443900,"dosisEntregadasPfizer":2160960,"dosisEntregadasAstrazeneca":503700,"dosisEntregadasJanssen":133650,"dosisPrimeraDosis":1596996,"dosisPautaCompletada":1435123,"porcentajeEntregadas":0.8899235398077238,"porcentajePoblacionAdministradas":1.3260030552144533,"porcentajePoblacionPrimeraDosis":0.7339297925689537,"porcentajePoblacionCompletas":0.6595379861320471,"fechaUltRegistro":1629763200000,"etarios":{"unaDosis":{"etarioTotal":{"vacunados":1596996,"personasINE":1960774,"porcentaje":0.8144722441240041},"etarioRangos":[{"rango":{"min":12,"max":19},"vacunados":122957,"personasINE":179797,"porcentaje":0.6791752069529847},{"rango":{"min":20,"max":29},"vacunados":170981,"personasINE":251748,"porcentaje":0.7920236953630092},{"rango":{"min":30,"max":39},"vacunados":216315,"personasINE":310934,"porcentaje":0.7920236953630092},{"rango":{"min":40,"max":49},"vacunados":307245,"personasINE":387924,"porcentaje":0.7920236953630092},{"rango":{"min":50,"max":59},"vacunados":315104,"personasINE":350512,"porcentaje":0.8989820605285982},{"rango":{"min":60,"max":69},"vacunados":221452,"personasINE":235092,"porcentaje":0.9419801609582632},{"rango":{"min":70,"max":79},"vacunados":150414,"personasINE":154531,"porcentaje":0.9733580964337253},{"rango":{"min":80,"max":null},"vacunados":92528,"personasINE":92528,"porcentaje":1}]},"pautaCompleta":{"etarioTotal":{"vacunados":1435123,"personasINE":1960774,"porcentaje":0.7319165798812102},"etarioRangos":[{"rango":{"min":12,"max":19},"vacunados":55810,"personasINE":179797,"porcentaje":0.5490847990847991},{"rango":{"min":20,"max":29},"vacunados":138231,"personasINE":251747.99999999997,"porcentaje":0.7598833792186098},{"rango":{"min":30,"max":39},"vacunados":188440,"personasINE":310934,"porcentaje":0.7598833792186098},{"rango":{"min":40,"max":49},"vacunados":294777,"personasINE":387924,"porcentaje":0.7598833792186098},{"rango":{"min":50,"max":59},"vacunados":308757,"personasINE":350512,"porcentaje":0.8808742639339024},{"rango":{"min":60,"max":69},"vacunados":209480,"personasINE":235092,"porcentaje":0.8910554166028618},{"rango":{"min":70,"max":79},"vacunados":148637,"personasINE":154531,"porcentaje":0.9618587856158312},{"rango":{"min":80,"max":null},"vacunados":90991,"personasINE":90991,"porcentaje":1}]}}},{"ccaa":"Cantabria","dosisAdministradas":800019,"dosisEntregadas":878495,"dosisEntregadasModerna":99000,"dosisEntregadasPfizer":624345,"dosisEntregadasAstrazeneca":130200,"dosisEntregadasJanssen":24950,"dosisPrimeraDosis":440939,"dosisPautaCompletada":390166,"porcentajeEntregadas":0.9106699525893716,"porcentajePoblacionAdministradas":1.372468927183675,"porcentajePoblacionPrimeraDosis":0.7564508796459114,"porcentajePoblacionCompletas":0.6693474923014899,"fechaUltRegistro":1629763200000,"etarios":{"unaDosis":{"etarioTotal":{"vacunados":440939,"personasINE":524127,"porcentaje":0.841282742541407},"etarioRangos":[{"rango":{"min":12,"max":19},"vacunados":17828,"personasINE":43963,"porcentaje":0.6453222453222454},{"rango":{"min":20,"max":29},"vacunados":32592,"personasINE":50505,"porcentaje":0.8612545899006843},{"rango":{"min":30,"max":39},"vacunados":49882,"personasINE":70473,"porcentaje":0.8612545899006843},{"rango":{"min":40,"max":49},"vacunados":84204,"personasINE":97769,"porcentaje":0.8612545899006843},{"rango":{"min":50,"max":59},"vacunados":82425,"personasINE":89964,"porcentaje":0.9161998132586368},{"rango":{"min":60,"max":69},"vacunados":75729,"personasINE":77345,"porcentaje":0.979106600297369},{"rango":{"min":70,"max":79},"vacunados":55931,"personasINE":55931,"porcentaje":1},{"rango":{"min":80,"max":null},"vacunados":42348,"personasINE":42348,"porcentaje":1}]},"pautaCompleta":{"etarioTotal":{"vacunados":390166,"personasINE":524127,"porcentaje":0.7444111827858515},"etarioRangos":[{"rango":{"min":12,"max":19},"vacunados":1352,"personasINE":43963,"porcentaje":0.2938718938718939},{"rango":{"min":20,"max":29},"vacunados":14842,"personasINE":50505,"porcentaje":0.8277674927635549},{"rango":{"min":30,"max":39},"vacunados":40205,"personasINE":70473,"porcentaje":0.8277674927635549},{"rango":{"min":40,"max":49},"vacunados":80930,"personasINE":97769,"porcentaje":0.8277674927635549},{"rango":{"min":50,"max":59},"vacunados":80759,"personasINE":89964,"porcentaje":0.8976812947401183},{"rango":{"min":60,"max":69},"vacunados":74607,"personasINE":77345,"porcentaje":0.9646001680780917},{"rango":{"min":70,"max":79},"vacunados":55608,"personasINE":55608,"porcentaje":1},{"rango":{"min":80,"max":null},"vacunados":41863,"personasINE":41863,"porcentaje":1}]}}},{"ccaa":"Castilla y Leon","dosisAdministradas":3443738,"dosisEntregadas":3650915,"dosisEntregadasModerna":373900,"dosisEntregadasPfizer":2649765,"dosisEntregadasAstrazeneca":514400,"dosisEntregadasJanssen":112850,"dosisPrimeraDosis":1904876,"dosisPautaCompletada":1723196,"porcentajeEntregadas":0.9432534035988238,"porcentajePoblacionAdministradas":1.4379356620978254,"porcentajePoblacionPrimeraDosis":0.7953825558954419,"porcentajePoblacionCompletas":0.719521921001053,"fechaUltRegistro":1629763200000,"etarios":{"unaDosis":{"etarioTotal":{"vacunados":1904876,"personasINE":2176253,"porcentaje":0.8753008037208909},"etarioRangos":[{"rango":{"min":12,"max":19},"vacunados":92601,"personasINE":165342,"porcentaje":0.7291972740111655},{"rango":{"min":20,"max":29},"vacunados":153865,"personasINE":211006,"porcentaje":0.8623828463687535},{"rango":{"min":30,"max":39},"vacunados":201620,"personasINE":267783,"porcentaje":0.8623828463687535},{"rango":{"min":40,"max":49},"vacunados":313308,"personasINE":363305,"porcentaje":0.8623828463687535},{"rango":{"min":50,"max":59},"vacunados":347260,"personasINE":381175,"porcentaje":0.9110251196956778},{"rango":{"min":60,"max":69},"vacunados":317360,"personasINE":318575,"porcentaje":0.9961861414109707},{"rango":{"min":70,"max":79},"vacunados":249832,"personasINE":249832,"porcentaje":1},{"rango":{"min":80,"max":null},"vacunados":229030,"personasINE":229030,"porcentaje":1}]},"pautaCompleta":{"etarioTotal":{"vacunados":1723196,"personasINE":2176253,"porcentaje":0.7918178630885288},"etarioRangos":[{"rango":{"min":12,"max":19},"vacunados":12017,"personasINE":165342,"porcentaje":0.44938532553576677},{"rango":{"min":20,"max":29},"vacunados":94823,"personasINE":211006,"porcentaje":0.8387195331746053},{"rango":{"min":30,"max":39},"vacunados":186221,"personasINE":267783,"porcentaje":0.8387195331746053},{"rango":{"min":40,"max":49},"vacunados":304711,"personasINE":363305,"porcentaje":0.8387195331746053},{"rango":{"min":50,"max":59},"vacunados":341197,"personasINE":381175,"porcentaje":0.8951190398111104},{"rango":{"min":60,"max":69},"vacunados":309861,"personasINE":318575,"porcentaje":0.9726469434199169},{"rango":{"min":70,"max":79},"vacunados":248193,"personasINE":248193,"porcentaje":1},{"rango":{"min":80,"max":null},"vacunados":226173,"personasINE":226173,"porcentaje":1}]}}},{"ccaa":"Castilla La Mancha","dosisAdministradas":2757579,"dosisEntregadas":3085190,"dosisEntregadasModerna":387800,"dosisEntregadasPfizer":2135115,"dosisEntregadasAstrazeneca":460900,"dosisEntregadasJanssen":101375,"dosisPrimeraDosis":1550314,"dosisPautaCompletada":1361174,"porcentajeEntregadas":0.8938117263442446,"porcentajePoblacionAdministradas":1.3483036796512455,"porcentajePoblacionPrimeraDosis":0.7580178376811112,"porcentajePoblacionCompletas":0.6655388341895571,"fechaUltRegistro":1629763200000},{"ccaa":"Cataluña","dosisAdministradas":10027960,"dosisEntregadas":11765440,"dosisEntregadasModerna":1535500,"dosisEntregadasPfizer":8092340,"dosisEntregadasAstrazeneca":1698100,"dosisEntregadasJanssen":439500,"dosisPrimeraDosis":5604590,"dosisPautaCompletada":4998017,"porcentajeEntregadas":0.8523234150189029,"porcentajePoblacionAdministradas":1.2888615212508125,"porcentajePoblacionPrimeraDosis":0.7203399687859835,"porcentajePoblacionCompletas":0.6423790874572118,"fechaUltRegistro":1629763200000,"etarios":{"unaDosis":{"etarioTotal":{"vacunados":5604590,"personasINE":6868360,"porcentaje":0.8160011997041506},"etarioRangos":[{"rango":{"min":12,"max":19},"vacunados":402448,"personasINE":656166,"porcentaje":0.6506773468743109},{"rango":{"min":20,"max":29},"vacunados":545876,"personasINE":838935,"porcentaje":0.824569490907572},{"rango":{"min":30,"max":39},"vacunados":706693,"personasINE":1044652,"porcentaje":0.824569490907572},{"rango":{"min":40,"max":49},"vacunados":1085756,"personasINE":1316755,"porcentaje":0.824569490907572},{"rango":{"min":50,"max":59},"vacunados":1000031,"personasINE":1091780,"porcentaje":0.9159638388686365},{"rango":{"min":60,"max":69},"vacunados":790319,"personasINE":837584,"porcentaje":0.9435698389654052},{"rango":{"min":70,"max":79},"vacunados":615704,"personasINE":635292,"porcentaje":0.9691669342601512},{"rango":{"min":80,"max":null},"vacunados":457763,"personasINE":457763,"porcentaje":1}]},"pautaCompleta":{"etarioTotal":{"vacunados":4998017,"personasINE":6868360,"porcentaje":0.727687104345142},"etarioRangos":[{"rango":{"min":12,"max":19},"vacunados":176002,"personasINE":656166,"porcentaje":0.5078534093821333},{"rango":{"min":20,"max":29},"vacunados":426056,"personasINE":838935,"porcentaje":0.7855227434108851},{"rango":{"min":30,"max":39},"vacunados":599894,"personasINE":1044651.9999999999,"porcentaje":0.7855227434108851},{"rango":{"min":40,"max":49},"vacunados":1034341,"personasINE":1316755,"porcentaje":0.7855227434108851},{"rango":{"min":50,"max":59},"vacunados":937742,"personasINE":1091780,"porcentaje":0.8589111359431387},{"rango":{"min":60,"max":69},"vacunados":766355,"personasINE":837584,"porcentaje":0.9149589772488491},{"rango":{"min":70,"max":79},"vacunados":607477,"personasINE":635292,"porcentaje":0.956216983686242},{"rango":{"min":80,"max":null},"vacunados":450150,"personasINE":450150,"porcentaje":1}]}}},{"ccaa":"C. Valenciana","dosisAdministradas":6813878,"dosisEntregadas":7620680,"dosisEntregadasModerna":1057200,"dosisEntregadasPfizer":5349430,"dosisEntregadasAstrazeneca":906800,"dosisEntregadasJanssen":307250,"dosisPrimeraDosis":3899908,"dosisPautaCompletada":3308993,"porcentajeEntregadas":0.8941299201646047,"porcentajePoblacionAdministradas":1.3473210195135676,"porcentajePoblacionPrimeraDosis":0.7711362050463948,"porcentajePoblacionCompletas":0.6542934614214194,"fechaUltRegistro":1629763200000,"etarios":{"unaDosis":{"etarioTotal":{"vacunados":3899908,"personasINE":4488459,"porcentaje":0.8688745959359325},"etarioRangos":[{"rango":{"min":12,"max":19},"vacunados":300203,"personasINE":424531,"porcentaje":0.7323347399665973},{"rango":{"min":20,"max":29},"vacunados":377977,"personasINE":516126.00000000006,"porcentaje":0.8694157268538307},{"rango":{"min":30,"max":39},"vacunados":477585,"personasINE":648759,"porcentaje":0.8694157268538307},{"rango":{"min":40,"max":49},"vacunados":740384,"personasINE":851588,"porcentaje":0.8694157268538307},{"rango":{"min":50,"max":59},"vacunados":709132,"personasINE":752334,"porcentaje":0.9425760367071009},{"rango":{"min":60,"max":69},"vacunados":565065,"personasINE":580728,"porcentaje":0.9730286812414762},{"rango":{"min":70,"max":79},"vacunados":433047,"personasINE":437862,"porcentaje":0.9890033846280335},{"rango":{"min":80,"max":null},"vacunados":296515,"personasINE":296515,"porcentaje":1}]},"pautaCompleta":{"etarioTotal":{"vacunados":3308993,"personasINE":4488459,"porcentaje":0.7372225077693703},"etarioRangos":[{"rango":{"min":12,"max":19},"vacunados":29360,"personasINE":424530.99999999994,"porcentaje":0.3651588953085099},{"rango":{"min":20,"max":29},"vacunados":188468,"personasINE":516126,"porcentaje":0.8382151932624696},{"rango":{"min":30,"max":39},"vacunados":417617,"personasINE":648759,"porcentaje":0.8382151932624696},{"rango":{"min":40,"max":49},"vacunados":713814,"personasINE":851588,"porcentaje":0.8382151932624696},{"rango":{"min":50,"max":59},"vacunados":697002,"personasINE":752334,"porcentaje":0.9264528786416671},{"rango":{"min":60,"max":69},"vacunados":541537,"personasINE":580728,"porcentaje":0.932514016889146},{"rango":{"min":70,"max":79},"vacunados":429191,"personasINE":437862,"porcentaje":0.9801969570321243},{"rango":{"min":80,"max":null},"vacunados":292004,"personasINE":292004,"porcentaje":1}]}}},{"ccaa":"Extremadura","dosisAdministradas":1545318,"dosisEntregadas":1603215,"dosisEntregadasModerna":187900,"dosisEntregadasPfizer":1135565,"dosisEntregadasAstrazeneca":228000,"dosisEntregadasJanssen":51750,"dosisPrimeraDosis":863331,"dosisPautaCompletada":760598,"porcentajeEntregadas":0.9638869396805794,"porcentajePoblacionAdministradas":1.4523842866501189,"porcentajePoblacionPrimeraDosis":0.8114112296484826,"porcentajePoblacionCompletas":0.7148564785096059,"fechaUltRegistro":1629763200000,"etarios":{"unaDosis":{"etarioTotal":{"vacunados":863331,"personasINE":953437,"porcentaje":0.9054934935396886},"etarioRangos":[{"rango":{"min":12,"max":19},"vacunados":58176,"personasINE":84750,"porcentaje":0.7574038122132015},{"rango":{"min":20,"max":29},"vacunados":85829,"personasINE":113320,"porcentaje":0.9043976575921351},{"rango":{"min":30,"max":39},"vacunados":109146,"personasINE":133479,"porcentaje":0.9043976575921351},{"rango":{"min":40,"max":49},"vacunados":144246,"personasINE":159494,"porcentaje":0.9043976575921351},{"rango":{"min":50,"max":59},"vacunados":160047,"personasINE":169216,"porcentaje":0.9458148165658093},{"rango":{"min":60,"max":69},"vacunados":131966,"personasINE":131966,"porcentaje":1},{"rango":{"min":70,"max":79},"vacunados":95769,"personasINE":95769,"porcentaje":1},{"rango":{"min":80,"max":null},"vacunados":78152,"personasINE":78152,"porcentaje":1}]},"pautaCompleta":{"etarioTotal":{"vacunados":760598,"personasINE":953437,"porcentaje":0.7977433223170487},"etarioRangos":[{"rango":{"min":12,"max":19},"vacunados":6468,"personasINE":84750,"porcentaje":0.46391634309918817},{"rango":{"min":20,"max":29},"vacunados":52571,"personasINE":113320,"porcentaje":0.885318569977554},{"rango":{"min":30,"max":39},"vacunados":101069,"personasINE":133479,"porcentaje":0.885318569977554},{"rango":{"min":40,"max":49},"vacunados":141203,"personasINE":159494,"porcentaje":0.885318569977554},{"rango":{"min":50,"max":59},"vacunados":158002,"personasINE":169216,"porcentaje":0.9337296709531013},{"rango":{"min":60,"max":69},"vacunados":129246,"personasINE":125297.00000000001,"porcentaje":1.0315171153339664},{"rango":{"min":70,"max":79},"vacunados":95021,"personasINE":95021,"porcentaje":1},{"rango":{"min":80,"max":null},"vacunados":77018,"personasINE":77018,"porcentaje":1}]}}},{"ccaa":"Galicia","dosisAdministradas":3947912,"dosisEntregadas":4052675,"dosisEntregadasModerna":436400,"dosisEntregadasPfizer":2911075,"dosisEntregadasAstrazeneca":573400,"dosisEntregadasJanssen":131800,"dosisPrimeraDosis":2175533,"dosisPautaCompletada":1949476,"porcentajeEntregadas":0.9741496665782478,"porcentajePoblacionAdministradas":1.4612052102676012,"porcentajePoblacionPrimeraDosis":0.8052104896738086,"porcentajePoblacionCompletas":0.7215420426016694,"fechaUltRegistro":1629763200000,"etarios":{"unaDosis":{"etarioTotal":{"vacunados":2175533,"personasINE":2454497,"porcentaje":0.8863457563810426},"etarioRangos":[{"rango":{"min":12,"max":19},"vacunados":98546,"personasINE":180007,"porcentaje":0.7548975889791801},{"rango":{"min":20,"max":29},"vacunados":174367,"personasINE":230981,"porcentaje":0.8966113970231555},{"rango":{"min":30,"max":39},"vacunados":246456,"personasINE":323408,"porcentaje":0.8966113970231555},{"rango":{"min":40,"max":49},"vacunados":397397,"personasINE":443221,"porcentaje":0.8966113970231555},{"rango":{"min":50,"max":59},"vacunados":385205,"personasINE":405889,"porcentaje":0.9490402548480004},{"rango":{"min":60,"max":69},"vacunados":341584,"personasINE":346927,"porcentaje":0.9845990655094587},{"rango":{"min":70,"max":79},"vacunados":290316,"personasINE":290316,"porcentaje":1},{"rango":{"min":80,"max":null},"vacunados":241662,"personasINE":241662,"porcentaje":1}]},"pautaCompleta":{"etarioTotal":{"vacunados":1949476,"personasINE":2454497,"porcentaje":0.7942466419800065},"etarioRangos":[{"rango":{"min":12,"max":19},"vacunados":17117,"personasINE":180007,"porcentaje":0.28380256384724284},{"rango":{"min":20,"max":29},"vacunados":65553,"personasINE":230981,"porcentaje":0.8810254929256511},{"rango":{"min":30,"max":39},"vacunados":227173,"personasINE":323408,"porcentaje":0.8810254929256511},{"rango":{"min":40,"max":49},"vacunados":390489,"personasINE":443221,"porcentaje":0.8810254929256511},{"rango":{"min":50,"max":59},"vacunados":381927,"personasINE":405889,"porcentaje":0.9409641552247043},{"rango":{"min":60,"max":69},"vacunados":338497,"personasINE":346927,"porcentaje":0.9757009399671978},{"rango":{"min":70,"max":79},"vacunados":288927,"personasINE":289762,"porcentaje":0.9971183246940593},{"rango":{"min":80,"max":null},"vacunados":239793,"personasINE":239793,"porcentaje":1}]}}},{"ccaa":"La Rioja","dosisAdministradas":431508,"dosisEntregadas":481585,"dosisEntregadasModerna":58600,"dosisEntregadasPfizer":346385,"dosisEntregadasAstrazeneca":61400,"dosisEntregadasJanssen":15200,"dosisPrimeraDosis":246031,"dosisPautaCompletada":216470,"porcentajeEntregadas":0.8960162795768141,"porcentajePoblacionAdministradas":1.3488249967178678,"porcentajePoblacionPrimeraDosis":0.7690535581437511,"porcentajePoblacionCompletas":0.6766505998487093,"fechaUltRegistro":1629763200000,"etarios":{"unaDosis":{"etarioTotal":{"vacunados":246031,"personasINE":283970,"porcentaje":0.8663978589287601},"etarioRangos":[{"rango":{"min":12,"max":19},"vacunados":16007,"personasINE":25532,"porcentaje":0.6704642458467398},{"rango":{"min":20,"max":29},"vacunados":20421,"personasINE":30458,"porcentaje":0.8748559880635353},{"rango":{"min":30,"max":39},"vacunados":28856,"personasINE":39319,"porcentaje":0.8748559880635353},{"rango":{"min":40,"max":49},"vacunados":46321,"personasINE":52947,"porcentaje":0.8748559880635353},{"rango":{"min":50,"max":59},"vacunados":44771,"personasINE":47664,"porcentaje":0.9393042967438738},{"rango":{"min":60,"max":69},"vacunados":37725,"personasINE":37725,"porcentaje":1},{"rango":{"min":70,"max":79},"vacunados":28596,"personasINE":28596,"porcentaje":1},{"rango":{"min":80,"max":null},"vacunados":23334,"personasINE":23334,"porcentaje":1}]},"pautaCompleta":{"etarioTotal":{"vacunados":216470,"personasINE":283970,"porcentaje":0.7622988343839138},"etarioRangos":[{"rango":{"min":12,"max":19},"vacunados":3070,"personasINE":25532,"porcentaje":0.4042616061461685},{"rango":{"min":20,"max":29},"vacunados":12313,"personasINE":30458,"porcentaje":0.8370257049502332},{"rango":{"min":30,"max":39},"vacunados":25177,"personasINE":39319,"porcentaje":0.8370257049502332},{"rango":{"min":40,"max":49},"vacunados":44318,"personasINE":52947,"porcentaje":0.8370257049502332},{"rango":{"min":50,"max":59},"vacunados":43595,"personasINE":47664,"porcentaje":0.9146315877811346},{"rango":{"min":60,"max":69},"vacunados":36439,"personasINE":37718,"porcentaje":0.9660904607879527},{"rango":{"min":70,"max":79},"vacunados":28457,"personasINE":28457,"porcentaje":1},{"rango":{"min":80,"max":null},"vacunados":23101,"personasINE":23101,"porcentaje":1}]}}},{"ccaa":"Madrid","dosisAdministradas":8859514,"dosisEntregadas":10261709,"dosisEntregadasModerna":1455000,"dosisEntregadasPfizer":7115859,"dosisEntregadasAstrazeneca":1309400,"dosisEntregadasJanssen":381450,"dosisPrimeraDosis":5017264,"dosisPautaCompletada":4475412,"porcentajeEntregadas":0.8633565812478214,"porcentajePoblacionAdministradas":1.3067345655267462,"porcentajePoblacionPrimeraDosis":0.7400216640746867,"porcentajePoblacionCompletas":0.6601011698128346,"fechaUltRegistro":1629763200000,"etarios":{"unaDosis":{"etarioTotal":{"vacunados":5017264,"personasINE":5977937,"porcentaje":0.8392969012553997},"etarioRangos":[{"rango":{"min":12,"max":19},"vacunados":309466,"personasINE":553542,"porcentaje":0.7065072898077376},{"rango":{"min":20,"max":29},"vacunados":524564,"personasINE":742475,"porcentaje":0.8570702015744817},{"rango":{"min":30,"max":39},"vacunados":693165,"personasINE":949640,"porcentaje":0.8570702015744817},{"rango":{"min":40,"max":49},"vacunados":999319,"personasINE":1165971,"porcentaje":0.8570702015744817},{"rango":{"min":50,"max":59},"vacunados":925861,"personasINE":972783,"porcentaje":0.9517651932650961},{"rango":{"min":60,"max":69},"vacunados":682365,"personasINE":703323,"porcentaje":0.9702014579361119},{"rango":{"min":70,"max":79},"vacunados":509337,"personasINE":526081,"porcentaje":0.9681722016191423},{"rango":{"min":80,"max":null},"vacunados":373187,"personasINE":373187,"porcentaje":1}]},"pautaCompleta":{"etarioTotal":{"vacunados":4475412,"personasINE":5977937,"porcentaje":0.7486549289495691},"etarioRangos":[{"rango":{"min":12,"max":19},"vacunados":99403,"personasINE":553542,"porcentaje":0.5135701538772349},{"rango":{"min":20,"max":29},"vacunados":381313,"personasINE":742475,"porcentaje":0.8159696939289227},{"rango":{"min":30,"max":39},"vacunados":589721,"personasINE":949640,"porcentaje":0.8159696939289227},{"rango":{"min":40,"max":49},"vacunados":951397,"personasINE":1165971,"porcentaje":0.8159696939289227},{"rango":{"min":50,"max":59},"vacunados":909596,"personasINE":972783,"porcentaje":0.935045123115844},{"rango":{"min":60,"max":69},"vacunados":668293,"personasINE":703323,"porcentaje":0.9501935810431338},{"rango":{"min":70,"max":79},"vacunados":506215,"personasINE":526081,"porcentaje":0.9622377542621764},{"rango":{"min":80,"max":null},"vacunados":369474,"personasINE":369474,"porcentaje":1}]}}},{"ccaa":"Murcia","dosisAdministradas":1997305,"dosisEntregadas":2277945,"dosisEntregadasModerna":354400,"dosisEntregadasPfizer":1575545,"dosisEntregadasAstrazeneca":259900,"dosisEntregadasJanssen":88100,"dosisPrimeraDosis":1132565,"dosisPautaCompletada":929149,"porcentajeEntregadas":0.8768012397138649,"porcentajePoblacionAdministradas":1.3216236085203583,"porcentajePoblacionPrimeraDosis":0.7494221674625856,"porcentajePoblacionCompletas":0.6148210985468331,"fechaUltRegistro":1629763200000,"etarios":{"unaDosis":{"etarioTotal":{"vacunados":1132565,"personasINE":1310137,"porcentaje":0.864463029438906},"etarioRangos":[{"rango":{"min":12,"max":19},"vacunados":98662,"personasINE":141894,"porcentaje":0.7357240722678928},{"rango":{"min":20,"max":29},"vacunados":126727,"personasINE":172248,"porcentaje":0.8845083944176237},{"rango":{"min":30,"max":39},"vacunados":155443,"personasINE":209003,"porcentaje":0.8845083944176237},{"rango":{"min":40,"max":49},"vacunados":224804,"personasINE":254157,"porcentaje":0.8845083944176237},{"rango":{"min":50,"max":59},"vacunados":204179,"personasINE":213256,"porcentaje":0.9574361330982482},{"rango":{"min":60,"max":69},"vacunados":146379,"personasINE":146909,"porcentaje":0.9963923245002008},{"rango":{"min":70,"max":79},"vacunados":102628,"personasINE":102899,"porcentaje":0.9973663495272063},{"rango":{"min":80,"max":null},"vacunados":73743,"personasINE":73743,"porcentaje":1}]},"pautaCompleta":{"etarioTotal":{"vacunados":929149,"personasINE":1310137,"porcentaje":0.7091998775700556},"etarioRangos":[{"rango":{"min":12,"max":19},"vacunados":10196,"personasINE":141894,"porcentaje":0.5113150805814871},{"rango":{"min":20,"max":29},"vacunados":88073,"personasINE":172248.00000000003,"porcentaje":0.800591760211208},{"rango":{"min":30,"max":39},"vacunados":128923,"personasINE":209003,"porcentaje":0.800591760211208},{"rango":{"min":40,"max":49},"vacunados":203476,"personasINE":254157,"porcentaje":0.800591760211208},{"rango":{"min":50,"max":59},"vacunados":190457,"personasINE":213256,"porcentaje":0.8930909329631992},{"rango":{"min":60,"max":69},"vacunados":135446,"personasINE":146909,"porcentaje":0.9219721051807581},{"rango":{"min":70,"max":79},"vacunados":100041,"personasINE":102899,"porcentaje":0.972225191692825},{"rango":{"min":80,"max":null},"vacunados":72537,"personasINE":72537,"porcentaje":1}]}}},{"ccaa":"Navarra","dosisAdministradas":895615,"dosisEntregadas":998375,"dosisEntregadasModerna":132400,"dosisEntregadasPfizer":687525,"dosisEntregadasAstrazeneca":145700,"dosisEntregadasJanssen":32750,"dosisPrimeraDosis":499661,"dosisPautaCompletada":449984,"porcentajeEntregadas":0.8970727432077126,"porcentajePoblacionAdministradas":1.3545357888798648,"porcentajePoblacionPrimeraDosis":0.7556915714983583,"porcentajePoblacionCompletas":0.6805596516620613,"fechaUltRegistro":1629763200000,"etarios":{"unaDosis":{"etarioTotal":{"vacunados":499661,"personasINE":581354,"porcentaje":0.8594780460786371},"etarioRangos":[{"rango":{"min":12,"max":19},"vacunados":37538,"personasINE":56388,"porcentaje":0.72422094030267},{"rango":{"min":20,"max":29},"vacunados":49339,"personasINE":68127,"porcentaje":0.8592803836965982},{"rango":{"min":30,"max":39},"vacunados":59948,"personasINE":81341,"porcentaje":0.8592803836965982},{"rango":{"min":40,"max":49},"vacunados":92804,"personasINE":108002,"porcentaje":0.8592803836965982},{"rango":{"min":50,"max":59},"vacunados":90280,"personasINE":96694,"porcentaje":0.9336670320805841},{"rango":{"min":60,"max":69},"vacunados":71531,"personasINE":73844,"porcentaje":0.9686772114186664},{"rango":{"min":70,"max":79},"vacunados":55777,"personasINE":55792,"porcentaje":0.9997311442500717},{"rango":{"min":80,"max":null},"vacunados":42444,"personasINE":42444,"porcentaje":1}]},"pautaCompleta":{"etarioTotal":{"vacunados":449984,"personasINE":581354,"porcentaje":0.774027528837851},"etarioRangos":[{"rango":{"min":12,"max":19},"vacunados":10835,"personasINE":56388,"porcentaje":0.5717703700441822},{"rango":{"min":20,"max":29},"vacunados":38953,"personasINE":68127,"porcentaje":0.8301327753189756},{"rango":{"min":30,"max":39},"vacunados":54591,"personasINE":81341,"porcentaje":0.8301327753189756},{"rango":{"min":40,"max":49},"vacunados":89656,"personasINE":108002,"porcentaje":0.8301327753189756},{"rango":{"min":50,"max":59},"vacunados":88604,"personasINE":96694,"porcentaje":0.9163340021097482},{"rango":{"min":60,"max":69},"vacunados":69818,"personasINE":73844,"porcentaje":0.9454796598234115},{"rango":{"min":70,"max":79},"vacunados":55568,"personasINE":55792,"porcentaje":0.9959850874677373},{"rango":{"min":80,"max":null},"vacunados":41959,"personasINE":41959,"porcentaje":1}]}}},{"ccaa":"País Vasco","dosisAdministradas":3036750,"dosisEntregadas":3326700,"dosisEntregadasModerna":444700,"dosisEntregadasPfizer":2326950,"dosisEntregadasAstrazeneca":444200,"dosisEntregadasJanssen":110850,"dosisPrimeraDosis":1693694,"dosisPautaCompletada":1533196,"porcentajeEntregadas":0.9128415546938408,"porcentajePoblacionAdministradas":1.3675949243955425,"porcentajePoblacionPrimeraDosis":0.762752059892709,"porcentajePoblacionCompletas":0.6904720730068489,"fechaUltRegistro":1629763200000,"etarios":{"unaDosis":{"etarioTotal":{"vacunados":1693694,"personasINE":1983943,"porcentaje":0.8537009379805771},"etarioRangos":[{"rango":{"min":12,"max":19},"vacunados":91443,"personasINE":168606,"porcentaje":0.6625929123621821},{"rango":{"min":20,"max":29},"vacunados":133535,"personasINE":201534,"porcentaje":0.8577345892255055},{"rango":{"min":30,"max":39},"vacunados":186970,"personasINE":260543.00000000003,"porcentaje":0.8577345892255055},{"rango":{"min":40,"max":49},"vacunados":310614,"personasINE":362133,"porcentaje":0.8577345892255055},{"rango":{"min":50,"max":59},"vacunados":317657,"personasINE":339977,"porcentaje":0.9343485000455913},{"rango":{"min":60,"max":69},"vacunados":276277,"personasINE":280119,"porcentaje":0.9862844005583341},{"rango":{"min":70,"max":79},"vacunados":213324,"personasINE":213324,"porcentaje":1},{"rango":{"min":80,"max":null},"vacunados":163874,"personasINE":163874,"porcentaje":1}]},"pautaCompleta":{"etarioTotal":{"vacunados":1533196,"personasINE":1983943,"porcentaje":0.7728024444250666},"etarioRangos":[{"rango":{"min":12,"max":19},"vacunados":32822,"personasINE":168606,"porcentaje":0.3993767800966586},{"rango":{"min":20,"max":29},"vacunados":80488,"personasINE":201534,"porcentaje":0.8392883277690794},{"rango":{"min":30,"max":39},"vacunados":158977,"personasINE":260543,"porcentaje":0.8392883277690794},{"rango":{"min":40,"max":49},"vacunados":303934,"personasINE":362133,"porcentaje":0.8392883277690794},{"rango":{"min":50,"max":59},"vacunados":313447,"personasINE":339977,"porcentaje":0.92196530941799},{"rango":{"min":60,"max":69},"vacunados":270464,"personasINE":280119,"porcentaje":0.9655325058278803},{"rango":{"min":70,"max":79},"vacunados":211588,"personasINE":213081,"porcentaje":0.9929932748579179},{"rango":{"min":80,"max":null},"vacunados":161476,"personasINE":157950,"porcentaje":1.022323520101298}]}}},{"ccaa":"Ceuta","dosisAdministradas":101180,"dosisEntregadas":129210,"dosisEntregadasModerna":18400,"dosisEntregadasPfizer":88560,"dosisEntregadasAstrazeneca":18100,"dosisEntregadasJanssen":4150,"dosisPrimeraDosis":57046,"dosisPautaCompletada":50614,"porcentajeEntregadas":0.783066326135748,"porcentajePoblacionAdministradas":1.2016341654592528,"porcentajePoblacionPrimeraDosis":0.677489845846892,"porcentajePoblacionCompletas":0.6011021115887983,"fechaUltRegistro":1629763200000,"etarios":{"unaDosis":{"etarioTotal":{"vacunados":57046,"personasINE":70965,"porcentaje":0.8038610582681603},"etarioRangos":[{"rango":{"min":12,"max":19},"vacunados":5989,"personasINE":9126,"porcentaje":0.7161484453360081},{"rango":{"min":20,"max":29},"vacunados":7854,"personasINE":10967,"porcentaje":0.844249327638032},{"rango":{"min":30,"max":39},"vacunados":8466,"personasINE":11894,"porcentaje":0.844249327638032},{"rango":{"min":40,"max":49},"vacunados":10673,"personasINE":12642,"porcentaje":0.844249327638032},{"rango":{"min":50,"max":59},"vacunados":10273,"personasINE":11556,"porcentaje":0.888975424022153},{"rango":{"min":60,"max":69},"vacunados":7536,"personasINE":7857,"porcentaje":0.9591447117220313},{"rango":{"min":70,"max":79},"vacunados":3869,"personasINE":4318,"porcentaje":0.89601667438629},{"rango":{"min":80,"max":null},"vacunados":2386,"personasINE":2605,"porcentaje":0.9159309021113243}]},"pautaCompleta":{"etarioTotal":{"vacunados":50614,"personasINE":70965,"porcentaje":0.713224829141126},"etarioRangos":[{"rango":{"min":12,"max":19},"vacunados":3074,"personasINE":9126,"porcentaje":0.6082793836053615},{"rango":{"min":20,"max":29},"vacunados":6671,"personasINE":10967,"porcentaje":0.7908558772346148},{"rango":{"min":30,"max":39},"vacunados":7545,"personasINE":11894,"porcentaje":0.7908558772346148},{"rango":{"min":40,"max":49},"vacunados":9998,"personasINE":12642,"porcentaje":0.7908558772346148},{"rango":{"min":50,"max":59},"vacunados":9946,"personasINE":11556,"porcentaje":0.8606784354447906},{"rango":{"min":60,"max":69},"vacunados":7215,"personasINE":7857,"porcentaje":0.9182894234440626},{"rango":{"min":70,"max":79},"vacunados":3813,"personasINE":4318,"porcentaje":0.8830477072718851},{"rango":{"min":80,"max":null},"vacunados":2352,"personasINE":2605,"porcentaje":0.9028790786948176}]}}},{"ccaa":"Melilla","dosisAdministradas":93063,"dosisEntregadas":129880,"dosisEntregadasModerna":19300,"dosisEntregadasPfizer":89730,"dosisEntregadasAstrazeneca":15100,"dosisEntregadasJanssen":5750,"dosisPrimeraDosis":53348,"dosisPautaCompletada":48148,"porcentajeEntregadas":0.716530643671081,"porcentajePoblacionAdministradas":1.0687560292158573,"porcentajePoblacionPrimeraDosis":0.6126602048784969,"porcentajePoblacionCompletas":0.5529422573384171,"fechaUltRegistro":1629763200000,"etarios":{"unaDosis":{"etarioTotal":{"vacunados":53348,"personasINE":70927,"porcentaje":0.7521536227388723},"etarioRangos":[{"rango":{"min":12,"max":19},"vacunados":6068,"personasINE":9574,"porcentaje":0.6451021258857857},{"rango":{"min":20,"max":29},"vacunados":7738,"personasINE":11995,"porcentaje":0.8086152307948675},{"rango":{"min":30,"max":39},"vacunados":8075,"personasINE":12133,"porcentaje":0.8086152307948675},{"rango":{"min":40,"max":49},"vacunados":9705,"personasINE":12002,"porcentaje":0.8086152307948675},{"rango":{"min":50,"max":59},"vacunados":9446,"personasINE":11299,"porcentaje":0.8360031861226658},{"rango":{"min":60,"max":69},"vacunados":7027,"personasINE":7827,"porcentaje":0.897789702312508},{"rango":{"min":70,"max":79},"vacunados":3290,"personasINE":3748,"porcentaje":0.8778014941302028},{"rango":{"min":80,"max":null},"vacunados":1999,"personasINE":2349,"porcentaje":0.8510004257130694}]},"pautaCompleta":{"etarioTotal":{"vacunados":48148,"personasINE":70927,"porcentaje":0.678838806096409},"etarioRangos":[{"rango":{"min":12,"max":19},"vacunados":3279,"personasINE":9574,"porcentaje":0.5637348895373072},{"rango":{"min":20,"max":29},"vacunados":6762,"personasINE":11995,"porcentaje":0.7830361606398933},{"rango":{"min":30,"max":39},"vacunados":7501,"personasINE":12133.000000000002,"porcentaje":0.7830361606398933},{"rango":{"min":40,"max":49},"vacunados":9398,"personasINE":12002,"porcentaje":0.7830361606398933},{"rango":{"min":50,"max":59},"vacunados":9209,"personasINE":11299,"porcentaje":0.815027878573325},{"rango":{"min":60,"max":69},"vacunados":6855,"personasINE":7827,"porcentaje":0.8758144883096972},{"rango":{"min":70,"max":79},"vacunados":3199,"personasINE":3748,"porcentaje":0.8535218783351121},{"rango":{"min":80,"max":null},"vacunados":1945,"personasINE":2349,"porcentaje":0.8280119199659429}]}}},{"ccaa":"Fuerzas Armadas","dosisAdministradas":170238,"dosisEntregadas":213568,"dosisEntregadasModerna":58300,"dosisEntregadasPfizer":49368,"dosisEntregadasAstrazeneca":103900,"dosisEntregadasJanssen":2000,"dosisPrimeraDosis":91469,"dosisPautaCompletada":84906,"porcentajeEntregadas":0.7971137998201978,"porcentajePoblacionAdministradas":null,"porcentajePoblacionPrimeraDosis":null,"porcentajePoblacionCompletas":null,"fechaUltRegistro":1629763200000},{"ccaa":"Sanidad Exterior","dosisAdministradas":4786,"dosisEntregadas":6890,"dosisEntregadasModerna":4180,"dosisEntregadasPfizer":0,"dosisEntregadasAstrazeneca":0,"dosisEntregadasJanssen":2710,"dosisPrimeraDosis":3629,"dosisPautaCompletada":3151,"porcentajeEntregadas":0.6946298984034833,"porcentajePoblacionAdministradas":null,"porcentajePoblacionPrimeraDosis":null,"porcentajePoblacionCompletas":null,"fechaUltRegistro":1629763200000,"etarios":{"unaDosis":{"etarioTotal":{"vacunados":3629,"personasINE":"-","porcentaje":"-"},"etarioRangos":[{"rango":{"min":12,"max":19},"vacunados":132,"personasINE":null,"porcentaje":"-"},{"rango":{"min":20,"max":29},"vacunados":921,"personasINE":null,"porcentaje":"-"},{"rango":{"min":30,"max":39},"vacunados":1005,"personasINE":null,"porcentaje":"-"},{"rango":{"min":40,"max":49},"vacunados":899,"personasINE":null,"porcentaje":"-"},{"rango":{"min":50,"max":59},"vacunados":466,"personasINE":null,"porcentaje":"-"},{"rango":{"min":60,"max":69},"vacunados":163,"personasINE":null,"porcentaje":"-"},{"rango":{"min":70,"max":79},"vacunados":22,"personasINE":null,"porcentaje":"-"},{"rango":{"min":80,"max":null},"vacunados":21,"personasINE":null,"porcentaje":"-"}]},"pautaCompleta":{"etarioTotal":{"vacunados":3151,"personasINE":"-","porcentaje":"-"},"etarioRangos":[{"rango":{"min":12,"max":19},"vacunados":70,"personasINE":null,"porcentaje":"-"},{"rango":{"min":20,"max":29},"vacunados":777,"personasINE":null,"porcentaje":"-"},{"rango":{"min":30,"max":39},"vacunados":860,"personasINE":null,"porcentaje":"-"},{"rango":{"min":40,"max":49},"vacunados":814,"personasINE":null,"porcentaje":"-"},{"rango":{"min":50,"max":59},"vacunados":446,"personasINE":null,"porcentaje":"-"},{"rango":{"min":60,"max":69},"vacunados":149,"personasINE":null,"porcentaje":"-"},{"rango":{"min":70,"max":79},"vacunados":19,"personasINE":null,"porcentaje":"-"},{"rango":{"min":80,"max":null},"vacunados":16,"personasINE":null,"porcentaje":"-"}]}}},{"ccaa":"Totales","dosisAdministradas":64312970,"dosisEntregadas":71756402,"dosisEntregadasModerna":9397180,"dosisEntregadasPfizer":49753887,"dosisEntregadasAstrazeneca":9957000,"dosisEntregadasJanssen":2648335,"dosisPrimeraDosis":35950365,"dosisPautaCompletada":31930874,"porcentajeEntregadas":0.896268043093911,"porcentajePoblacionAdministradas":1.3701101406050278,"porcentajePoblacionPrimeraDosis":0.7658791009799745,"porcentajePoblacionCompletas":0.6802487004686835,"fechaUltRegistro":null,"etarios":{"unaDosis":{"etarioTotal":{"vacunados":35950365,"personasINE":42119827,"porcentaje":0.8535259415951543},"etarioRangos":[{"rango":{"min":12,"max":19},"vacunados":2463911,"personasINE":3888686.0000000005,"porcentaje":0.709518792065752},{"rango":{"min":20,"max":29},"vacunados":3508315,"personasINE":4944640,"porcentaje":0.8575169192789877},{"rango":{"min":30,"max":39},"vacunados":4563919,"personasINE":6230403,"porcentaje":0.8575169192789877},{"rango":{"min":40,"max":49},"vacunados":6767298,"personasINE":7891737,"porcentaje":0.8575169192789877},{"rango":{"min":50,"max":59},"vacunados":6564973,"personasINE":7033306,"porcentaje":0.9334121108906679},{"rango":{"min":60,"max":69},"vacunados":5222211,"personasINE":5336986,"porcentaje":0.9784944161367484},{"rango":{"min":70,"max":79},"vacunados":3928948,"personasINE":3960045,"porcentaje":0.9921473114573193},{"rango":{"min":80,"max":null},"vacunados":2930790,"personasINE":2930790,"porcentaje":1}]},"pautaCompleta":{"etarioTotal":{"vacunados":31930874,"personasINE":42119827,"porcentaje":0.7580960387135494},"etarioRangos":[{"rango":{"min":12,"max":19},"vacunados":710478,"personasINE":3888686.0000000005,"porcentaje":0.4951691124126327},{"rango":{"min":20,"max":29},"vacunados":2448433,"personasINE":4944640,"porcentaje":0.8250015174099188},{"rango":{"min":30,"max":39},"vacunados":4015547,"personasINE":6230403,"porcentaje":0.8250015174099188},{"rango":{"min":40,"max":49},"vacunados":6510695,"personasINE":7891737,"porcentaje":0.8250015174099188},{"rango":{"min":50,"max":59},"vacunados":6396170,"personasINE":7033306,"porcentaje":0.9094115910782212},{"rango":{"min":60,"max":69},"vacunados":5065872,"personasINE":5336986,"porcentaje":0.949200916022639},{"rango":{"min":70,"max":79},"vacunados":3893407,"personasINE":3960045,"porcentaje":0.9831724134447967},{"rango":{"min":80,"max":null},"vacunados":2890272,"personasINE":2890272,"porcentaje":1}]}}}]