[{"ccaa":"Andalucía","dosisAdministradas":13134592,"dosisEntregadas":13766150,"dosisEntregadasModerna":2019500,"dosisEntregadasPfizer":9884250,"dosisEntregadasAstrazeneca":1528900,"dosisEntregadasJanssen":333500,"dosisPrimeraDosis":6848946,"dosisPautaCompletada":6744085,"porcentajeEntregadas":0.9541223944240038,"porcentajePoblacionAdministradas":1.5517431750419493,"porcentajePoblacionPrimeraDosis":0.8091462004857751,"porcentajePoblacionCompletas":0.796757742505651,"fechaUltRegistro":1635811200000,"etarios":{"unaDosis":{"etarioTotal":{"vacunados":6848946,"personasINE":7451975,"porcentaje":0.9190779625535512},"etarioRangos":[{"rango":{"min":12,"max":19},"vacunados":667786,"personasINE":752907,"porcentaje":0.8261302160504462},{"rango":{"min":20,"max":29},"vacunados":767204,"personasINE":928672,"porcentaje":0.9032628361275679},{"rango":{"min":30,"max":39},"vacunados":930214,"personasINE":1140217,"porcentaje":0.9032628361275679},{"rango":{"min":40,"max":49},"vacunados":1251122,"personasINE":1385114,"porcentaje":0.9032628361275679},{"rango":{"min":50,"max":59},"vacunados":1215857,"personasINE":1265021,"porcentaje":0.9611358230416728},{"rango":{"min":60,"max":69},"vacunados":929275,"personasINE":929275,"porcentaje":1},{"rango":{"min":70,"max":79},"vacunados":653643,"personasINE":653643,"porcentaje":1},{"rango":{"min":80,"max":null},"vacunados":433845,"personasINE":433845,"porcentaje":1}]},"pautaCompleta":{"etarioTotal":{"vacunados":6744085,"personasINE":7451975,"porcentaje":0.9050063909232117},"etarioRangos":[{"rango":{"min":12,"max":19},"vacunados":650829,"personasINE":752907,"porcentaje":0.7992951224975018},{"rango":{"min":20,"max":29},"vacunados":742283,"personasINE":928672,"porcentaje":0.8933604021040867},{"rango":{"min":30,"max":39},"vacunados":907854,"personasINE":1140217,"porcentaje":0.8933604021040867},{"rango":{"min":40,"max":49},"vacunados":1237406,"personasINE":1385114,"porcentaje":0.8933604021040867},{"rango":{"min":50,"max":59},"vacunados":1206217,"personasINE":1265021,"porcentaje":0.9535153961870989},{"rango":{"min":60,"max":69},"vacunados":921487,"personasINE":916146.9999999999,"porcentaje":1.0058287589218762},{"rango":{"min":70,"max":79},"vacunados":649376,"personasINE":650381,"porcentaje":0.9984547519069592},{"rango":{"min":80,"max":null},"vacunados":428633,"personasINE":428633,"porcentaje":1}]}}},{"ccaa":"Aragón","dosisAdministradas":2011756,"dosisEntregadas":2114792,"dosisEntregadasModerna":269550,"dosisEntregadasPfizer":1517367,"dosisEntregadasAstrazeneca":264060,"dosisEntregadasJanssen":63815,"dosisPrimeraDosis":1067254,"dosisPautaCompletada":1048207,"porcentajeEntregadas":0.9512784235991057,"porcentajePoblacionAdministradas":1.5132914244191513,"porcentajePoblacionPrimeraDosis":0.8028142209477873,"porcentajePoblacionCompletas":0.7884866077775463,"fechaUltRegistro":1635811200000,"etarios":{"unaDosis":{"etarioTotal":{"vacunados":1067254,"personasINE":1185134,"porcentaje":0.9005344543317465},"etarioRangos":[{"rango":{"min":12,"max":19},"vacunados":88202,"personasINE":103109,"porcentaje":0.7980076839901534},{"rango":{"min":20,"max":29},"vacunados":104061,"personasINE":130401,"porcentaje":0.8744364785082557},{"rango":{"min":30,"max":39},"vacunados":125773,"personasINE":164286,"porcentaje":0.8744364785082557},{"rango":{"min":40,"max":49},"vacunados":187954,"personasINE":214943,"porcentaje":0.8744364785082557},{"rango":{"min":50,"max":59},"vacunados":186083,"personasINE":198266,"porcentaje":0.938552247990074},{"rango":{"min":60,"max":69},"vacunados":154583,"personasINE":156367,"porcentaje":0.9885909431018054},{"rango":{"min":70,"max":79},"vacunados":119297,"personasINE":119297,"porcentaje":1},{"rango":{"min":80,"max":null},"vacunados":101301,"personasINE":101301,"porcentaje":1}]},"pautaCompleta":{"etarioTotal":{"vacunados":1048207,"personasINE":1185134,"porcentaje":0.8844628539895066},"etarioRangos":[{"rango":{"min":12,"max":19},"vacunados":85304,"personasINE":103109,"porcentaje":0.7691505433240543},{"rango":{"min":20,"max":29},"vacunados":100298,"personasINE":130401,"porcentaje":0.8620192330059597},{"rango":{"min":30,"max":39},"vacunados":122229,"personasINE":164286,"porcentaje":0.8620192330059597},{"rango":{"min":40,"max":49},"vacunados":185285,"personasINE":214943,"porcentaje":0.8620192330059597},{"rango":{"min":50,"max":59},"vacunados":184045,"personasINE":198266,"porcentaje":0.9282731280199328},{"rango":{"min":60,"max":69},"vacunados":152574,"personasINE":156367,"porcentaje":0.9757429636688048},{"rango":{"min":70,"max":79},"vacunados":118535,"personasINE":118955,"porcentaje":0.9964692530788953},{"rango":{"min":80,"max":null},"vacunados":99937,"personasINE":99937,"porcentaje":1}]}}},{"ccaa":"Asturias","dosisAdministradas":1701799,"dosisEntregadas":1650625,"dosisEntregadasModerna":162000,"dosisEntregadasPfizer":1224725,"dosisEntregadasAstrazeneca":220900,"dosisEntregadasJanssen":43000,"dosisPrimeraDosis":873838,"dosisPautaCompletada":865758,"porcentajeEntregadas":1.0310028019689512,"porcentajePoblacionAdministradas":1.6704217969657946,"porcentajePoblacionPrimeraDosis":0.8577264660615007,"porcentajePoblacionCompletas":0.8497954424097748,"fechaUltRegistro":1635811200000,"etarios":{"unaDosis":{"etarioTotal":{"vacunados":873838,"personasINE":933927,"porcentaje":0.9356598535003271},"etarioRangos":[{"rango":{"min":12,"max":19},"vacunados":60604,"personasINE":64000,"porcentaje":0.8432582068233242},{"rango":{"min":20,"max":29},"vacunados":66711,"personasINE":79111,"porcentaje":0.9024390243902439},{"rango":{"min":30,"max":39},"vacunados":91042,"personasINE":114451,"porcentaje":0.9024390243902439},{"rango":{"min":40,"max":49},"vacunados":150701,"personasINE":166993,"porcentaje":0.9024390243902439},{"rango":{"min":50,"max":59},"vacunados":153220,"personasINE":162645,"porcentaje":0.9420517077069692},{"rango":{"min":60,"max":69},"vacunados":148225,"personasINE":149652,"porcentaje":0.9904645444096971},{"rango":{"min":70,"max":79},"vacunados":114371,"personasINE":114371,"porcentaje":1},{"rango":{"min":80,"max":null},"vacunados":88964,"personasINE":88964,"porcentaje":1}]},"pautaCompleta":{"etarioTotal":{"vacunados":865758,"personasINE":933927,"porcentaje":0.9270082137040689},"etarioRangos":[{"rango":{"min":12,"max":19},"vacunados":59518,"personasINE":64000,"porcentaje":0.8220854242772813},{"rango":{"min":20,"max":29},"vacunados":65036,"personasINE":79111,"porcentaje":0.896923823154264},{"rango":{"min":30,"max":39},"vacunados":89410,"personasINE":114451,"porcentaje":0.896923823154264},{"rango":{"min":40,"max":49},"vacunados":149780,"personasINE":166993,"porcentaje":0.896923823154264},{"rango":{"min":50,"max":59},"vacunados":152472,"personasINE":162645,"porcentaje":0.9374527344830766},{"rango":{"min":60,"max":69},"vacunados":147408,"personasINE":149652,"porcentaje":0.9850052120920536},{"rango":{"min":70,"max":79},"vacunados":113951,"personasINE":113951,"porcentaje":1},{"rango":{"min":80,"max":null},"vacunados":88183,"personasINE":88183,"porcentaje":1}]}}},{"ccaa":"Baleares","dosisAdministradas":1611567,"dosisEntregadas":1891250,"dosisEntregadasModerna":305100,"dosisEntregadasPfizer":1272150,"dosisEntregadasAstrazeneca":256400,"dosisEntregadasJanssen":57600,"dosisPrimeraDosis":858327,"dosisPautaCompletada":841565,"porcentajeEntregadas":0.8521173826834104,"porcentajePoblacionAdministradas":1.3755935548247056,"porcentajePoblacionPrimeraDosis":0.7326466036671296,"porcentajePoblacionCompletas":0.7183389768877455,"fechaUltRegistro":1635811200000,"etarios":{"unaDosis":{"etarioTotal":{"vacunados":858327,"personasINE":1034867,"porcentaje":0.8294080302106455},"etarioRangos":[{"rango":{"min":12,"max":19},"vacunados":74743,"personasINE":95480,"porcentaje":0.7062895999768019},{"rango":{"min":20,"max":29},"vacunados":97427,"personasINE":137942,"porcentaje":0.8138399006654637},{"rango":{"min":30,"max":39},"vacunados":126832,"personasINE":182187,"porcentaje":0.8138399006654637},{"rango":{"min":40,"max":49},"vacunados":167791,"personasINE":206172,"porcentaje":0.8138399006654637},{"rango":{"min":50,"max":59},"vacunados":150336,"personasINE":165797,"porcentaje":0.9067474079748126},{"rango":{"min":60,"max":69},"vacunados":110412,"personasINE":117231,"porcentaje":0.9418327916677329},{"rango":{"min":70,"max":79},"vacunados":79287,"personasINE":80516,"porcentaje":0.984735953102489},{"rango":{"min":80,"max":null},"vacunados":51499,"personasINE":51499,"porcentaje":1}]},"pautaCompleta":{"etarioTotal":{"vacunados":841565,"personasINE":1034867,"porcentaje":0.8132107797427109},"etarioRangos":[{"rango":{"min":12,"max":19},"vacunados":72443,"personasINE":95480,"porcentaje":0.6777268707137782},{"rango":{"min":20,"max":29},"vacunados":93487,"personasINE":137942,"porcentaje":0.8008555962982364},{"rango":{"min":30,"max":39},"vacunados":122906,"personasINE":182187,"porcentaje":0.8008555962982364},{"rango":{"min":40,"max":49},"vacunados":165114,"personasINE":206172,"porcentaje":0.8008555962982364},{"rango":{"min":50,"max":59},"vacunados":148578,"personasINE":165797,"porcentaje":0.8961440798084405},{"rango":{"min":60,"max":69},"vacunados":109355,"personasINE":117231,"porcentaje":0.9328164052170501},{"rango":{"min":70,"max":79},"vacunados":78805,"personasINE":80516,"porcentaje":0.9787495653037905},{"rango":{"min":80,"max":null},"vacunados":50877,"personasINE":50877,"porcentaje":1}]}}},{"ccaa":"Canarias","dosisAdministradas":3172945,"dosisEntregadas":3522840,"dosisEntregadasModerna":574700,"dosisEntregadasPfizer":2358690,"dosisEntregadasAstrazeneca":455800,"dosisEntregadasJanssen":133650,"dosisPrimeraDosis":1680465,"dosisPautaCompletada":1641288,"porcentajeEntregadas":0.9006781460412622,"porcentajePoblacionAdministradas":1.4581870372140562,"porcentajePoblacionPrimeraDosis":0.7722895541813423,"porcentajePoblacionCompletas":0.7542850209931101,"fechaUltRegistro":1635811200000,"etarios":{"unaDosis":{"etarioTotal":{"vacunados":1680465,"personasINE":1960774,"porcentaje":0.8570416580391212},"etarioRangos":[{"rango":{"min":12,"max":19},"vacunados":153615,"personasINE":179797,"porcentaje":0.7490943324276658},{"rango":{"min":20,"max":29},"vacunados":188583,"personasINE":251748,"porcentaje":0.8203668759860179},{"rango":{"min":30,"max":39},"vacunados":229974,"personasINE":310934,"porcentaje":0.8203668759860179},{"rango":{"min":40,"max":49},"vacunados":318240,"personasINE":387924,"porcentaje":0.8203668759860179},{"rango":{"min":50,"max":59},"vacunados":320897,"personasINE":350512,"porcentaje":0.9155093120920254},{"rango":{"min":60,"max":69},"vacunados":224619,"personasINE":235092,"porcentaje":0.9554514828237456},{"rango":{"min":70,"max":79},"vacunados":151459,"personasINE":154531,"porcentaje":0.9801204936226389},{"rango":{"min":80,"max":null},"vacunados":93078,"personasINE":93078,"porcentaje":1}]},"pautaCompleta":{"etarioTotal":{"vacunados":1641288,"personasINE":1960774,"porcentaje":0.8370612829423483},"etarioRangos":[{"rango":{"min":12,"max":19},"vacunados":144560,"personasINE":179797,"porcentaje":0.7096938208049319},{"rango":{"min":20,"max":29},"vacunados":178664,"personasINE":251748,"porcentaje":0.8092358296986008},{"rango":{"min":30,"max":39},"vacunados":222434,"personasINE":310934,"porcentaje":0.8092358296986008},{"rango":{"min":40,"max":49},"vacunados":313922,"personasINE":387924,"porcentaje":0.8092358296986008},{"rango":{"min":50,"max":59},"vacunados":318375,"personasINE":350512,"porcentaje":0.9083141233395718},{"rango":{"min":60,"max":69},"vacunados":221022,"personasINE":235092,"porcentaje":0.9401510897861263},{"rango":{"min":70,"max":79},"vacunados":150323,"personasINE":154531,"porcentaje":0.9727692178268438},{"rango":{"min":80,"max":null},"vacunados":91988,"personasINE":91988,"porcentaje":1}]}}},{"ccaa":"Cantabria","dosisAdministradas":931368,"dosisEntregadas":989605,"dosisEntregadasModerna":114900,"dosisEntregadasPfizer":727305,"dosisEntregadasAstrazeneca":125200,"dosisEntregadasJanssen":22200,"dosisPrimeraDosis":482690,"dosisPautaCompletada":477033,"porcentajeEntregadas":0.9411512674248816,"porcentajePoblacionAdministradas":1.5978041018690867,"porcentajePoblacionPrimeraDosis":0.8280766162582239,"porcentajePoblacionCompletas":0.8183717758468361,"fechaUltRegistro":1635811200000,"etarios":{"unaDosis":{"etarioTotal":{"vacunados":482690,"personasINE":524127,"porcentaje":0.9209409169914925},"etarioRangos":[{"rango":{"min":12,"max":19},"vacunados":39414,"personasINE":43963,"porcentaje":0.8163944163944163},{"rango":{"min":20,"max":29},"vacunados":41232,"personasINE":50505,"porcentaje":0.9006024404463583},{"rango":{"min":30,"max":39},"vacunados":54750,"personasINE":70473,"porcentaje":0.9006024404463583},{"rango":{"min":40,"max":49},"vacunados":88051,"personasINE":97769,"porcentaje":0.9006024404463583},{"rango":{"min":50,"max":59},"vacunados":84313,"personasINE":89964,"porcentaje":0.9371859855053133},{"rango":{"min":60,"max":69},"vacunados":76685,"personasINE":77345,"porcentaje":0.9914668045768957},{"rango":{"min":70,"max":79},"vacunados":55926,"personasINE":55926,"porcentaje":1},{"rango":{"min":80,"max":null},"vacunados":42319,"personasINE":42319,"porcentaje":1}]},"pautaCompleta":{"etarioTotal":{"vacunados":477033,"personasINE":524127,"porcentaje":0.9101477313704502},"etarioRangos":[{"rango":{"min":12,"max":19},"vacunados":38323,"personasINE":43963,"porcentaje":0.7952479952479953},{"rango":{"min":20,"max":29},"vacunados":40164,"personasINE":50505,"porcentaje":0.8912743303091982},{"rango":{"min":30,"max":39},"vacunados":53784,"personasINE":70473,"porcentaje":0.8912743303091982},{"rango":{"min":40,"max":49},"vacunados":87139,"personasINE":97769,"porcentaje":0.8912743303091982},{"rango":{"min":50,"max":59},"vacunados":83770,"personasINE":89964,"porcentaje":0.931150237872927},{"rango":{"min":60,"max":69},"vacunados":76281,"personasINE":77345,"porcentaje":0.986243454651238},{"rango":{"min":70,"max":79},"vacunados":55708,"personasINE":55708,"porcentaje":1},{"rango":{"min":80,"max":null},"vacunados":41864,"personasINE":41864,"porcentaje":1}]}}},{"ccaa":"Castilla y Leon","dosisAdministradas":3801220,"dosisEntregadas":4268600,"dosisEntregadasModerna":411830,"dosisEntregadasPfizer":3274545,"dosisEntregadasAstrazeneca":481200,"dosisEntregadasJanssen":101025,"dosisPrimeraDosis":2004006,"dosisPautaCompletada":1965037,"porcentajeEntregadas":0.8905074263224476,"porcentajePoblacionAdministradas":1.5872025681046282,"porcentajePoblacionPrimeraDosis":0.8367743697278989,"porcentajePoblacionCompletas":0.8205028314121819,"fechaUltRegistro":1635811200000,"etarios":{"unaDosis":{"etarioTotal":{"vacunados":2004006,"personasINE":2176253,"porcentaje":0.9208515737830114},"etarioRangos":[{"rango":{"min":12,"max":19},"vacunados":144029,"personasINE":165342,"porcentaje":0.820929262674995},{"rango":{"min":20,"max":29},"vacunados":173221,"personasINE":211006,"porcentaje":0.8827183771211516},{"rango":{"min":30,"max":39},"vacunados":212510,"personasINE":267783,"porcentaje":0.8827183771211516},{"rango":{"min":40,"max":49},"vacunados":320696,"personasINE":363305,"porcentaje":0.8827183771211516},{"rango":{"min":50,"max":59},"vacunados":353075,"personasINE":381175,"porcentaje":0.9262805797861875},{"rango":{"min":60,"max":69},"vacunados":320593,"personasINE":320593,"porcentaje":1},{"rango":{"min":70,"max":79},"vacunados":250535,"personasINE":250535,"porcentaje":1},{"rango":{"min":80,"max":null},"vacunados":229347,"personasINE":229347,"porcentaje":1}]},"pautaCompleta":{"etarioTotal":{"vacunados":1965037,"personasINE":2176253,"porcentaje":0.9029451079447105},"etarioRangos":[{"rango":{"min":12,"max":19},"vacunados":134061,"personasINE":165342,"porcentaje":0.7862667412301072},{"rango":{"min":20,"max":29},"vacunados":165907,"personasINE":211006,"porcentaje":0.8690879564002697},{"rango":{"min":30,"max":39},"vacunados":206319,"personasINE":267783,"porcentaje":0.8690879564002697},{"rango":{"min":40,"max":49},"vacunados":315744,"personasINE":363305,"porcentaje":0.8690879564002697},{"rango":{"min":50,"max":59},"vacunados":348903,"personasINE":381175,"porcentaje":0.915335475831311},{"rango":{"min":60,"max":69},"vacunados":318062,"personasINE":318575,"porcentaje":0.9983897041512988},{"rango":{"min":70,"max":79},"vacunados":249127,"personasINE":249127,"porcentaje":1},{"rango":{"min":80,"max":null},"vacunados":226914,"personasINE":226914,"porcentaje":1}]}}},{"ccaa":"Castilla La Mancha","dosisAdministradas":3042029,"dosisEntregadas":3268780,"dosisEntregadasModerna":446800,"dosisEntregadasPfizer":2330505,"dosisEntregadasAstrazeneca":396400,"dosisEntregadasJanssen":95075,"dosisPrimeraDosis":1619666,"dosisPautaCompletada":1562391,"porcentajeEntregadas":0.9306313058694681,"porcentajePoblacionAdministradas":1.4873840039780541,"porcentajePoblacionPrimeraDosis":0.7919271315911581,"porcentajePoblacionCompletas":0.763922823010325,"fechaUltRegistro":1635811200000},{"ccaa":"Cataluña","dosisAdministradas":11264757,"dosisEntregadas":11863410,"dosisEntregadasModerna":1604900,"dosisEntregadasPfizer":8368460,"dosisEntregadasAstrazeneca":1514300,"dosisEntregadasJanssen":375750,"dosisPrimeraDosis":5980492,"dosisPautaCompletada":5854659,"porcentajeEntregadas":0.9495378647454653,"porcentajePoblacionAdministradas":1.4478230710474251,"porcentajePoblacionPrimeraDosis":0.7686534466579756,"porcentajePoblacionCompletas":0.7524805349387872,"fechaUltRegistro":1635811200000,"etarios":{"unaDosis":{"etarioTotal":{"vacunados":5980492,"personasINE":6868360,"porcentaje":0.8707307130086367},"etarioRangos":[{"rango":{"min":12,"max":19},"vacunados":531252,"personasINE":656166,"porcentaje":0.7621675099977948},{"rango":{"min":20,"max":29},"vacunados":639409,"personasINE":838935,"porcentaje":0.8570835121188072},{"rango":{"min":30,"max":39},"vacunados":778609,"personasINE":1044652,"porcentaje":0.8570835121188072},{"rango":{"min":40,"max":49},"vacunados":1128569,"personasINE":1316755,"porcentaje":0.8570835121188072},{"rango":{"min":50,"max":59},"vacunados":1025651,"personasINE":1091780,"porcentaje":0.9394301049662019},{"rango":{"min":60,"max":69},"vacunados":799685,"personasINE":837584,"porcentaje":0.9547520009933332},{"rango":{"min":70,"max":79},"vacunados":618439,"personasINE":635292,"porcentaje":0.9734720412031003},{"rango":{"min":80,"max":null},"vacunados":458878,"personasINE":458878,"porcentaje":1}]},"pautaCompleta":{"etarioTotal":{"vacunados":5854659,"personasINE":6868360,"porcentaje":0.8524100367482194},"etarioRangos":[{"rango":{"min":12,"max":19},"vacunados":511468,"personasINE":656166,"porcentaje":0.7271326145648948},{"rango":{"min":20,"max":29},"vacunados":610017,"personasINE":838935,"porcentaje":0.8434484775072052},{"rango":{"min":30,"max":39},"vacunados":752275,"personasINE":1044652,"porcentaje":0.8434484775072052},{"rango":{"min":40,"max":49},"vacunados":1110615,"personasINE":1316755,"porcentaje":0.8434484775072052},{"rango":{"min":50,"max":59},"vacunados":1014666,"personasINE":1091780,"porcentaje":0.9293685541043067},{"rango":{"min":60,"max":69},"vacunados":788033,"personasINE":837584,"porcentaje":0.9408405604691589},{"rango":{"min":70,"max":79},"vacunados":614387,"personasINE":635292,"porcentaje":0.9670938717943874},{"rango":{"min":80,"max":null},"vacunados":453198,"personasINE":453198,"porcentaje":1}]}}},{"ccaa":"C. Valenciana","dosisAdministradas":7750128,"dosisEntregadas":8088540,"dosisEntregadasModerna":1213650,"dosisEntregadasPfizer":5797540,"dosisEntregadasAstrazeneca":863900,"dosisEntregadasJanssen":213450,"dosisPrimeraDosis":4076683,"dosisPautaCompletada":4011525,"porcentajeEntregadas":0.9581615470777174,"porcentajePoblacionAdministradas":1.5324475076191042,"porcentajePoblacionPrimeraDosis":0.8060902610515818,"porcentajePoblacionCompletas":0.7932064461389189,"fechaUltRegistro":1635811200000,"etarios":{"unaDosis":{"etarioTotal":{"vacunados":4076683,"personasINE":4488459,"porcentaje":0.9082589369759198},"etarioRangos":[{"rango":{"min":12,"max":19},"vacunados":371445,"personasINE":424531,"porcentaje":0.8240662163890213},{"rango":{"min":20,"max":29},"vacunados":425322,"personasINE":516125.99999999994,"porcentaje":0.8842057426830815},{"rango":{"min":30,"max":39},"vacunados":509843,"personasINE":648759,"porcentaje":0.8842057426830815},{"rango":{"min":40,"max":49},"vacunados":752979,"personasINE":851588,"porcentaje":0.8842057426830815},{"rango":{"min":50,"max":59},"vacunados":715037,"personasINE":752334,"porcentaje":0.9504249442401912},{"rango":{"min":60,"max":69},"vacunados":570248,"personasINE":580728,"porcentaje":0.9819536857186153},{"rango":{"min":70,"max":79},"vacunados":434501,"personasINE":437862,"porcentaje":0.9923240655731714},{"rango":{"min":80,"max":null},"vacunados":297308,"personasINE":297308,"porcentaje":1}]},"pautaCompleta":{"etarioTotal":{"vacunados":4011525,"personasINE":4488459,"porcentaje":0.8937421507025017},"etarioRangos":[{"rango":{"min":12,"max":19},"vacunados":358333,"personasINE":424531,"porcentaje":0.7957766126875996},{"rango":{"min":20,"max":29},"vacunados":410721,"personasINE":516126,"porcentaje":0.874568453289619},{"rango":{"min":30,"max":39},"vacunados":497736,"personasINE":648759,"porcentaje":0.874568453289619},{"rango":{"min":40,"max":49},"vacunados":744772,"personasINE":851588,"porcentaje":0.874568453289619},{"rango":{"min":50,"max":59},"vacunados":709650,"personasINE":752334,"porcentaje":0.9432645606871416},{"rango":{"min":60,"max":69},"vacunados":565240,"personasINE":580728,"porcentaje":0.9733300271383505},{"rango":{"min":70,"max":79},"vacunados":431817,"personasINE":437862,"porcentaje":0.9861942803897118},{"rango":{"min":80,"max":null},"vacunados":293256,"personasINE":293256,"porcentaje":1}]}}},{"ccaa":"Extremadura","dosisAdministradas":1768369,"dosisEntregadas":1733085,"dosisEntregadasModerna":218200,"dosisEntregadasPfizer":1277135,"dosisEntregadasAstrazeneca":186000,"dosisEntregadasJanssen":51750,"dosisPrimeraDosis":898273,"dosisPautaCompletada":884168,"porcentajeEntregadas":1.0203590706745487,"porcentajePoblacionAdministradas":1.6620212465001922,"porcentajePoblacionPrimeraDosis":0.8442518564606523,"porcentajePoblacionCompletas":0.8309951155418253,"fechaUltRegistro":1635811200000,"etarios":{"unaDosis":{"etarioTotal":{"vacunados":898273,"personasINE":953437,"porcentaje":0.942141955892209},"etarioRangos":[{"rango":{"min":12,"max":19},"vacunados":76781,"personasINE":84750,"porcentaje":0.824435227673844},{"rango":{"min":20,"max":29},"vacunados":93425,"personasINE":113320,"porcentaje":0.9171630280762912},{"rango":{"min":30,"max":39},"vacunados":113148,"personasINE":133479,"porcentaje":0.9171630280762912},{"rango":{"min":40,"max":49},"vacunados":146282,"personasINE":159494,"porcentaje":0.9171630280762912},{"rango":{"min":50,"max":59},"vacunados":161529,"personasINE":169216,"porcentaje":0.9545728536308623},{"rango":{"min":60,"max":69},"vacunados":132885,"personasINE":132885,"porcentaje":1},{"rango":{"min":70,"max":79},"vacunados":95943,"personasINE":95943,"porcentaje":1},{"rango":{"min":80,"max":null},"vacunados":78280,"personasINE":78280,"porcentaje":1}]},"pautaCompleta":{"etarioTotal":{"vacunados":884168,"personasINE":953437,"porcentaje":0.9273481100481731},"etarioRangos":[{"rango":{"min":12,"max":19},"vacunados":74141,"personasINE":84750,"porcentaje":0.7958612777973879},{"rango":{"min":20,"max":29},"vacunados":90187,"personasINE":113320,"porcentaje":0.9054948775502527},{"rango":{"min":30,"max":39},"vacunados":110574,"personasINE":133479,"porcentaje":0.9054948775502527},{"rango":{"min":40,"max":49},"vacunados":144421,"personasINE":159494,"porcentaje":0.9054948775502527},{"rango":{"min":50,"max":59},"vacunados":160298,"personasINE":169216,"porcentaje":0.9472981278366112},{"rango":{"min":60,"max":69},"vacunados":131658,"personasINE":125297.00000000001,"porcentaje":1.05076737671293},{"rango":{"min":70,"max":79},"vacunados":95439,"personasINE":95439,"porcentaje":1},{"rango":{"min":80,"max":null},"vacunados":77450,"personasINE":77450,"porcentaje":1}]}}},{"ccaa":"Galicia","dosisAdministradas":4479671,"dosisEntregadas":4479149,"dosisEntregadasModerna":527400,"dosisEntregadasPfizer":3255649,"dosisEntregadasAstrazeneca":573400,"dosisEntregadasJanssen":122700,"dosisPrimeraDosis":2309836,"dosisPautaCompletada":2289063,"porcentajeEntregadas":1.000116539994539,"porcentajePoblacionAdministradas":1.6580203929278756,"porcentajePoblacionPrimeraDosis":0.8549188528173056,"porcentajePoblacionCompletas":0.8472303289006407,"fechaUltRegistro":1635811200000,"etarios":{"unaDosis":{"etarioTotal":{"vacunados":2309836,"personasINE":2454497,"porcentaje":0.9410628735745042},"etarioRangos":[{"rango":{"min":12,"max":19},"vacunados":168646,"personasINE":180007,"porcentaje":0.8610405184842044},{"rango":{"min":20,"max":29},"vacunados":198884,"personasINE":230981,"porcentaje":0.9205858928164505},{"rango":{"min":30,"max":39},"vacunados":263663,"personasINE":323408,"porcentaje":0.9205858928164505},{"rango":{"min":40,"max":49},"vacunados":408023,"personasINE":443221,"porcentaje":0.9205858928164505},{"rango":{"min":50,"max":59},"vacunados":390925,"personasINE":405889,"porcentaje":0.9631327776805974},{"rango":{"min":60,"max":69},"vacunados":346039,"personasINE":346927,"porcentaje":0.9974403837118472},{"rango":{"min":70,"max":79},"vacunados":291334,"personasINE":291334,"porcentaje":1},{"rango":{"min":80,"max":null},"vacunados":242322,"personasINE":242322,"porcentaje":1}]},"pautaCompleta":{"etarioTotal":{"vacunados":2289063,"personasINE":2454497,"porcentaje":0.932599632429781},"etarioRangos":[{"rango":{"min":12,"max":19},"vacunados":164991,"personasINE":180007,"porcentaje":0.840125378277867},{"rango":{"min":20,"max":29},"vacunados":194053,"personasINE":230981,"porcentaje":0.9144354622186223},{"rango":{"min":30,"max":39},"vacunados":259881,"personasINE":323408,"porcentaje":0.9144354622186223},{"rango":{"min":40,"max":49},"vacunados":405297,"personasINE":443221,"porcentaje":0.9144354622186223},{"rango":{"min":50,"max":59},"vacunados":389005,"personasINE":405889,"porcentaje":0.9584024203661592},{"rango":{"min":60,"max":69},"vacunados":344942,"personasINE":346927,"porcentaje":0.9942783352117304},{"rango":{"min":70,"max":79},"vacunados":290153,"personasINE":290153,"porcentaje":1},{"rango":{"min":80,"max":null},"vacunados":240741,"personasINE":240741,"porcentaje":1}]}}},{"ccaa":"La Rioja","dosisAdministradas":485417,"dosisEntregadas":510565,"dosisEntregadasModerna":67600,"dosisEntregadasPfizer":374465,"dosisEntregadasAstrazeneca":53300,"dosisEntregadasJanssen":15200,"dosisPrimeraDosis":260466,"dosisPautaCompletada":255269,"porcentajeEntregadas":0.9507447631545445,"porcentajePoblacionAdministradas":1.5173359090255507,"porcentajePoblacionPrimeraDosis":0.8141750595472533,"porcentajePoblacionCompletas":0.7979300687059647,"fechaUltRegistro":1635811200000,"etarios":{"unaDosis":{"etarioTotal":{"vacunados":260466,"personasINE":283970,"porcentaje":0.9172306933831038},"etarioRangos":[{"rango":{"min":12,"max":19},"vacunados":22005,"personasINE":25532,"porcentaje":0.7940114255696369},{"rango":{"min":20,"max":29},"vacunados":24184,"personasINE":30458,"porcentaje":0.8984456154267475},{"rango":{"min":30,"max":39},"vacunados":31209,"personasINE":39319,"porcentaje":0.8984456154267475},{"rango":{"min":40,"max":49},"vacunados":47570,"personasINE":52947,"porcentaje":0.8984456154267475},{"rango":{"min":50,"max":59},"vacunados":45409,"personasINE":47664,"porcentaje":0.9526896609600537},{"rango":{"min":60,"max":69},"vacunados":38059,"personasINE":38059,"porcentaje":1},{"rango":{"min":70,"max":79},"vacunados":28666,"personasINE":28666,"porcentaje":1},{"rango":{"min":80,"max":null},"vacunados":23364,"personasINE":23364,"porcentaje":1}]},"pautaCompleta":{"etarioTotal":{"vacunados":255269,"personasINE":283970,"porcentaje":0.8989294643800402},"etarioRangos":[{"rango":{"min":12,"max":19},"vacunados":21030,"personasINE":25532,"porcentaje":0.7592094031124828},{"rango":{"min":20,"max":29},"vacunados":23124,"personasINE":30458,"porcentaje":0.8837894498271857},{"rango":{"min":30,"max":39},"vacunados":30301,"personasINE":39319,"porcentaje":0.8837894498271857},{"rango":{"min":40,"max":49},"vacunados":46794,"personasINE":52947,"porcentaje":0.8837894498271857},{"rango":{"min":50,"max":59},"vacunados":44792,"personasINE":47664,"porcentaje":0.9397448808324941},{"rango":{"min":60,"max":69},"vacunados":37498,"personasINE":37718,"porcentaje":0.9941672411050427},{"rango":{"min":70,"max":79},"vacunados":28563,"personasINE":28563,"porcentaje":1},{"rango":{"min":80,"max":null},"vacunados":23167,"personasINE":23167,"porcentaje":1}]}}},{"ccaa":"Madrid","dosisAdministradas":10005492,"dosisEntregadas":10831935,"dosisEntregadasModerna":1645800,"dosisEntregadasPfizer":7637685,"dosisEntregadasAstrazeneca":1227000,"dosisEntregadasJanssen":321450,"dosisPrimeraDosis":5346205,"dosisPautaCompletada":5234478,"porcentajeEntregadas":0.9237031056777945,"porcentajePoblacionAdministradas":1.4757606615330519,"porcentajePoblacionPrimeraDosis":0.7885388372197298,"porcentajePoblacionCompletas":0.7720596564427022,"fechaUltRegistro":1635811200000,"etarios":{"unaDosis":{"etarioTotal":{"vacunados":5346205,"personasINE":5977937,"porcentaje":0.8943227404370437},"etarioRangos":[{"rango":{"min":12,"max":19},"vacunados":453423,"personasINE":553542,"porcentaje":0.8064406208963265},{"rango":{"min":20,"max":29},"vacunados":598762,"personasINE":742475,"porcentaje":0.8848684915834099},{"rango":{"min":30,"max":39},"vacunados":747015,"personasINE":949640.0000000001,"porcentaje":0.8848684915834099},{"rango":{"min":40,"max":49},"vacunados":1031731,"personasINE":1165971,"porcentaje":0.8848684915834099},{"rango":{"min":50,"max":59},"vacunados":941057,"personasINE":972783,"porcentaje":0.9673863544079204},{"rango":{"min":60,"max":69},"vacunados":689098,"personasINE":703323,"porcentaje":0.9797745843659315},{"rango":{"min":70,"max":79},"vacunados":511153,"personasINE":526081,"porcentaje":0.9716241415295364},{"rango":{"min":80,"max":null},"vacunados":373966,"personasINE":373966,"porcentaje":1}]},"pautaCompleta":{"etarioTotal":{"vacunados":5234478,"personasINE":5977937,"porcentaje":0.875632847920612},"etarioRangos":[{"rango":{"min":12,"max":19},"vacunados":439264,"personasINE":553542,"porcentaje":0.7701888952489983},{"rango":{"min":20,"max":29},"vacunados":571846,"personasINE":742475,"porcentaje":0.8681236497305679},{"rango":{"min":30,"max":39},"vacunados":720936,"personasINE":949640,"porcentaje":0.8681236497305679},{"rango":{"min":40,"max":49},"vacunados":1012207,"personasINE":1165971,"porcentaje":0.8681236497305679},{"rango":{"min":50,"max":59},"vacunados":933322,"personasINE":972783,"porcentaje":0.959434940783299},{"rango":{"min":60,"max":69},"vacunados":676858,"personasINE":703323,"porcentaje":0.9623714850786907},{"rango":{"min":70,"max":79},"vacunados":509006,"personasINE":526081,"porcentaje":0.967543020941642},{"rango":{"min":80,"max":null},"vacunados":371039,"personasINE":371039,"porcentaje":1}]}}},{"ccaa":"Murcia","dosisAdministradas":2236580,"dosisEntregadas":2407175,"dosisEntregadasModerna":398000,"dosisEntregadasPfizer":1687865,"dosisEntregadasAstrazeneca":253010,"dosisEntregadasJanssen":68300,"dosisPrimeraDosis":1192258,"dosisPautaCompletada":1161584,"porcentajeEntregadas":0.9291306199175382,"porcentajePoblacionAdministradas":1.4799527014374183,"porcentajePoblacionPrimeraDosis":0.788921231483056,"porcentajePoblacionCompletas":0.7686241398682284,"fechaUltRegistro":1635811200000,"etarios":{"unaDosis":{"etarioTotal":{"vacunados":1192258,"personasINE":1310137,"porcentaje":0.9100254400875634},"etarioRangos":[{"rango":{"min":12,"max":19},"vacunados":119204,"personasINE":141894,"porcentaje":0.8183955691793229},{"rango":{"min":20,"max":29},"vacunados":140967,"personasINE":172248,"porcentaje":0.9117789397891854},{"rango":{"min":30,"max":39},"vacunados":167248,"personasINE":209003,"porcentaje":0.9117789397891854},{"rango":{"min":40,"max":49},"vacunados":231735,"personasINE":254157,"porcentaje":0.9117789397891854},{"rango":{"min":50,"max":59},"vacunados":207480,"personasINE":213256,"porcentaje":0.9729151817533856},{"rango":{"min":60,"max":69},"vacunados":148327,"personasINE":148327,"porcentaje":1},{"rango":{"min":70,"max":79},"vacunados":103321,"personasINE":103321,"porcentaje":1},{"rango":{"min":80,"max":null},"vacunados":73976,"personasINE":73976,"porcentaje":1}]},"pautaCompleta":{"etarioTotal":{"vacunados":1161584,"personasINE":1310137,"porcentaje":0.8866126214281407},"etarioRangos":[{"rango":{"min":12,"max":19},"vacunados":114583,"personasINE":141894,"porcentaje":0.7758174260368771},{"rango":{"min":20,"max":29},"vacunados":133633,"personasINE":172248,"porcentaje":0.8915709581085707},{"rango":{"min":30,"max":39},"vacunados":161013,"personasINE":209003,"porcentaje":0.8915709581085707},{"rango":{"min":40,"max":49},"vacunados":226599,"personasINE":254157,"porcentaje":0.8915709581085707},{"rango":{"min":50,"max":59},"vacunados":204826,"personasINE":213256,"porcentaje":0.9604700453914544},{"rango":{"min":60,"max":69},"vacunados":145681,"personasINE":146909,"porcentaje":0.9916410839363143},{"rango":{"min":70,"max":79},"vacunados":102126,"personasINE":102899,"porcentaje":0.9924877792787102},{"rango":{"min":80,"max":null},"vacunados":73123,"personasINE":73123,"porcentaje":1}]}}},{"ccaa":"Navarra","dosisAdministradas":1006176,"dosisEntregadas":1046175,"dosisEntregadasModerna":151500,"dosisEntregadasPfizer":734325,"dosisEntregadasAstrazeneca":136600,"dosisEntregadasJanssen":23750,"dosisPrimeraDosis":527979,"dosisPautaCompletada":521559,"porcentajeEntregadas":0.9617664348698831,"porcentajePoblacionAdministradas":1.5217491912395247,"porcentajePoblacionPrimeraDosis":0.7985199569871007,"porcentajePoblacionCompletas":0.7888102940575955,"fechaUltRegistro":1635811200000,"etarios":{"unaDosis":{"etarioTotal":{"vacunados":527979,"personasINE":581354,"porcentaje":0.9081884703640123},"etarioRangos":[{"rango":{"min":12,"max":19},"vacunados":48944,"personasINE":56388,"porcentaje":0.8371423958195723},{"rango":{"min":20,"max":29},"vacunados":57032,"personasINE":68127,"porcentaje":0.8826873576415252},{"rango":{"min":30,"max":39},"vacunados":64047,"personasINE":81341,"porcentaje":0.8826873576415252},{"rango":{"min":40,"max":49},"vacunados":95332,"personasINE":108002,"porcentaje":0.8826873576415252},{"rango":{"min":50,"max":59},"vacunados":91915,"personasINE":96694,"porcentaje":0.9505760440151405},{"rango":{"min":60,"max":69},"vacunados":72296,"personasINE":73844,"porcentaje":0.9790368885759168},{"rango":{"min":70,"max":79},"vacunados":55899,"personasINE":55899,"porcentaje":1},{"rango":{"min":80,"max":null},"vacunados":42514,"personasINE":42514,"porcentaje":1}]},"pautaCompleta":{"etarioTotal":{"vacunados":521559,"personasINE":581354,"porcentaje":0.8971452849726672},"etarioRangos":[{"rango":{"min":12,"max":19},"vacunados":47947,"personasINE":56388,"porcentaje":0.8121889999559646},{"rango":{"min":20,"max":29},"vacunados":55332,"personasINE":68127,"porcentaje":0.8749189829817966},{"rango":{"min":30,"max":39},"vacunados":62877,"personasINE":81341,"porcentaje":0.8749189829817966},{"rango":{"min":40,"max":49},"vacunados":94493,"personasINE":108002,"porcentaje":0.8749189829817966},{"rango":{"min":50,"max":59},"vacunados":91311,"personasINE":96694,"porcentaje":0.9443295344075123},{"rango":{"min":60,"max":69},"vacunados":71716,"personasINE":73844,"porcentaje":0.9711824928227073},{"rango":{"min":70,"max":79},"vacunados":55755,"personasINE":55792,"porcentaje":0.9993368224835102},{"rango":{"min":80,"max":null},"vacunados":42128,"personasINE":42128,"porcentaje":1}]}}},{"ccaa":"País Vasco","dosisAdministradas":3428730,"dosisEntregadas":3719130,"dosisEntregadasModerna":526100,"dosisEntregadasPfizer":2647530,"dosisEntregadasAstrazeneca":444200,"dosisEntregadasJanssen":101300,"dosisPrimeraDosis":1813539,"dosisPautaCompletada":1782382,"porcentajeEntregadas":0.9219172225762476,"porcentajePoblacionAdministradas":1.544122415451627,"porcentajePoblacionPrimeraDosis":0.8167240410285233,"porcentajePoblacionCompletas":0.8026925418733765,"fechaUltRegistro":1635811200000,"etarios":{"unaDosis":{"etarioTotal":{"vacunados":1813539,"personasINE":1983943,"porcentaje":0.9141084194455183},"etarioRangos":[{"rango":{"min":12,"max":19},"vacunados":146167,"personasINE":168606,"porcentaje":0.8119374398364544},{"rango":{"min":20,"max":29},"vacunados":163633,"personasINE":201534,"porcentaje":0.8849400634573485},{"rango":{"min":30,"max":39},"vacunados":202862,"personasINE":260543,"porcentaje":0.8849400634573485},{"rango":{"min":40,"max":49},"vacunados":320466,"personasINE":362133,"porcentaje":0.8849400634573485},{"rango":{"min":50,"max":59},"vacunados":323900,"personasINE":339977,"porcentaje":0.9527115069548823},{"rango":{"min":60,"max":69},"vacunados":278560,"personasINE":280119,"porcentaje":0.9944345081911616},{"rango":{"min":70,"max":79},"vacunados":213756,"personasINE":213756,"porcentaje":1},{"rango":{"min":80,"max":null},"vacunados":164195,"personasINE":164195,"porcentaje":1}]},"pautaCompleta":{"etarioTotal":{"vacunados":1782382,"personasINE":1983943,"porcentaje":0.8984038351908296},"etarioRangos":[{"rango":{"min":12,"max":19},"vacunados":142689,"personasINE":168606,"porcentaje":0.7866861174789366},{"rango":{"min":20,"max":29},"vacunados":158544,"personasINE":201534,"porcentaje":0.8725578723839031},{"rango":{"min":30,"max":39},"vacunados":197305,"personasINE":260543,"porcentaje":0.8725578723839031},{"rango":{"min":40,"max":49},"vacunados":315982,"personasINE":362133,"porcentaje":0.8725578723839031},{"rango":{"min":50,"max":59},"vacunados":320564,"personasINE":339977,"porcentaje":0.9428990784670728},{"rango":{"min":60,"max":69},"vacunados":273250,"personasINE":280119,"porcentaje":0.9754782788743356},{"rango":{"min":70,"max":79},"vacunados":212185,"personasINE":213081,"porcentaje":0.9957950263045509},{"rango":{"min":80,"max":null},"vacunados":161863,"personasINE":157950,"porcentaje":1.0247736625514403}]}}},{"ccaa":"Ceuta","dosisAdministradas":116613,"dosisEntregadas":140015,"dosisEntregadasModerna":22400,"dosisEntregadasPfizer":95580,"dosisEntregadasAstrazeneca":18100,"dosisEntregadasJanssen":3935,"dosisPrimeraDosis":62781,"dosisPautaCompletada":60112,"porcentajeEntregadas":0.8328607649180445,"porcentajePoblacionAdministradas":1.3849195981093085,"porcentajePoblacionPrimeraDosis":0.7455998669865324,"porcentajePoblacionCompletas":0.7139022826061139,"fechaUltRegistro":1635811200000,"etarios":{"unaDosis":{"etarioTotal":{"vacunados":62781,"personasINE":70965,"porcentaje":0.8846755442823927},"etarioRangos":[{"rango":{"min":12,"max":19},"vacunados":8549,"personasINE":9126,"porcentaje":0.842892313303547},{"rango":{"min":20,"max":29},"vacunados":9244,"personasINE":10967,"porcentaje":0.8837209302325582},{"rango":{"min":30,"max":39},"vacunados":9256,"personasINE":11894,"porcentaje":0.8837209302325582},{"rango":{"min":40,"max":49},"vacunados":11172,"personasINE":12642,"porcentaje":0.8837209302325582},{"rango":{"min":50,"max":59},"vacunados":10598,"personasINE":11556,"porcentaje":0.9170993423329872},{"rango":{"min":60,"max":69},"vacunados":7666,"personasINE":7857,"porcentaje":0.9756904670994018},{"rango":{"min":70,"max":79},"vacunados":3895,"personasINE":4318,"porcentaje":0.9020379805465494},{"rango":{"min":80,"max":null},"vacunados":2401,"personasINE":2605,"porcentaje":0.9216890595009597}]},"pautaCompleta":{"etarioTotal":{"vacunados":60112,"personasINE":70965,"porcentaje":0.8470654548016628},"etarioRangos":[{"rango":{"min":12,"max":19},"vacunados":7706,"personasINE":9126,"porcentaje":0.7708580286313486},{"rango":{"min":20,"max":29},"vacunados":8454,"personasINE":10967,"porcentaje":0.8623635500711913},{"rango":{"min":30,"max":39},"vacunados":8822,"personasINE":11894,"porcentaje":0.8623635500711913},{"rango":{"min":40,"max":49},"vacunados":10902,"personasINE":12642,"porcentaje":0.8623635500711913},{"rango":{"min":50,"max":59},"vacunados":10456,"personasINE":11556,"porcentaje":0.9048113534094843},{"rango":{"min":60,"max":69},"vacunados":7531,"personasINE":7857,"porcentaje":0.9585083365152094},{"rango":{"min":70,"max":79},"vacunados":3861,"personasINE":4318,"porcentaje":0.8941639647985178},{"rango":{"min":80,"max":null},"vacunados":2380,"personasINE":2605,"porcentaje":0.9136276391554703}]}}},{"ccaa":"Melilla","dosisAdministradas":103764,"dosisEntregadas":141100,"dosisEntregadasModerna":23500,"dosisEntregadasPfizer":96750,"dosisEntregadasAstrazeneca":15100,"dosisEntregadasJanssen":5750,"dosisPrimeraDosis":57785,"dosisPautaCompletada":55165,"porcentajeEntregadas":0.7353933380581148,"porcentajePoblacionAdministradas":1.1916486747209334,"porcentajePoblacionPrimeraDosis":0.6636156920391382,"porcentajePoblacionCompletas":0.6335270338554826,"fechaUltRegistro":1635811200000,"etarios":{"unaDosis":{"etarioTotal":{"vacunados":57785,"personasINE":70927,"porcentaje":0.8147108999393743},"etarioRangos":[{"rango":{"min":12,"max":19},"vacunados":8021,"personasINE":9574,"porcentaje":0.7315548145060442},{"rango":{"min":20,"max":29},"vacunados":8775,"personasINE":11995,"porcentaje":0.8413597733711048},{"rango":{"min":30,"max":39},"vacunados":8669,"personasINE":12132.999999999998,"porcentaje":0.8413597733711048},{"rango":{"min":40,"max":49},"vacunados":10098,"personasINE":12002,"porcentaje":0.8413597733711048},{"rango":{"min":50,"max":59},"vacunados":9706,"personasINE":11299,"porcentaje":0.8590140720417736},{"rango":{"min":60,"max":69},"vacunados":7185,"personasINE":7826.999999999999,"porcentaje":0.9179762361057877},{"rango":{"min":70,"max":79},"vacunados":3318,"personasINE":3748,"porcentaje":0.8852721451440768},{"rango":{"min":80,"max":null},"vacunados":2013,"personasINE":2349,"porcentaje":0.8569604086845466}]},"pautaCompleta":{"etarioTotal":{"vacunados":55165,"personasINE":70927,"porcentaje":0.7777715115541332},"etarioRangos":[{"rango":{"min":12,"max":19},"vacunados":7306,"personasINE":9574,"porcentaje":0.6673614005835765},{"rango":{"min":20,"max":29},"vacunados":8005,"personasINE":11995,"porcentaje":0.820863189468422},{"rango":{"min":30,"max":39},"vacunados":8265,"personasINE":12133,"porcentaje":0.820863189468422},{"rango":{"min":40,"max":49},"vacunados":9852,"personasINE":12002,"porcentaje":0.820863189468422},{"rango":{"min":50,"max":59},"vacunados":9500,"personasINE":11299,"porcentaje":0.8407823701212497},{"rango":{"min":60,"max":69},"vacunados":7021,"personasINE":7827,"porcentaje":0.8970231250798518},{"rango":{"min":70,"max":79},"vacunados":3249,"personasINE":3748.0000000000005,"porcentaje":0.8668623265741728},{"rango":{"min":80,"max":null},"vacunados":1967,"personasINE":2349,"porcentaje":0.83737760749255}]}}},{"ccaa":"Fuerzas Armadas","dosisAdministradas":173118,"dosisEntregadas":212238,"dosisEntregadasModerna":58300,"dosisEntregadasPfizer":48138,"dosisEntregadasAstrazeneca":103800,"dosisEntregadasJanssen":2000,"dosisPrimeraDosis":92871,"dosisPautaCompletada":86841,"porcentajeEntregadas":0.8156786249399259,"porcentajePoblacionAdministradas":null,"porcentajePoblacionPrimeraDosis":null,"porcentajePoblacionCompletas":null,"fechaUltRegistro":1635811200000},{"ccaa":"Sanidad Exterior","dosisAdministradas":7091,"dosisEntregadas":9250,"dosisEntregadasModerna":4910,"dosisEntregadasPfizer":0,"dosisEntregadasAstrazeneca":0,"dosisEntregadasJanssen":4340,"dosisPrimeraDosis":5345,"dosisPautaCompletada":5118,"porcentajeEntregadas":0.7665945945945946,"porcentajePoblacionAdministradas":null,"porcentajePoblacionPrimeraDosis":null,"porcentajePoblacionCompletas":null,"fechaUltRegistro":1635379200000,"etarios":{"unaDosis":{"etarioTotal":{"vacunados":5345,"personasINE":"-","porcentaje":"-"},"etarioRangos":[{"rango":{"min":12,"max":19},"vacunados":171,"personasINE":null,"porcentaje":"-"},{"rango":{"min":20,"max":29},"vacunados":1294,"personasINE":null,"porcentaje":"-"},{"rango":{"min":30,"max":39},"vacunados":1558,"personasINE":null,"porcentaje":"-"},{"rango":{"min":40,"max":49},"vacunados":1333,"personasINE":null,"porcentaje":"-"},{"rango":{"min":50,"max":59},"vacunados":698,"personasINE":null,"porcentaje":"-"},{"rango":{"min":60,"max":69},"vacunados":227,"personasINE":null,"porcentaje":"-"},{"rango":{"min":70,"max":79},"vacunados":37,"personasINE":null,"porcentaje":"-"},{"rango":{"min":80,"max":null},"vacunados":27,"personasINE":null,"porcentaje":"-"}]},"pautaCompleta":{"etarioTotal":{"vacunados":5118,"personasINE":"-","porcentaje":"-"},"etarioRangos":[{"rango":{"min":12,"max":19},"vacunados":155,"personasINE":null,"porcentaje":"-"},{"rango":{"min":20,"max":29},"vacunados":1242,"personasINE":null,"porcentaje":"-"},{"rango":{"min":30,"max":39},"vacunados":1484,"personasINE":null,"porcentaje":"-"},{"rango":{"min":40,"max":49},"vacunados":1284,"personasINE":null,"porcentaje":"-"},{"rango":{"min":50,"max":59},"vacunados":675,"personasINE":null,"porcentaje":"-"},{"rango":{"min":60,"max":69},"vacunados":216,"personasINE":null,"porcentaje":"-"},{"rango":{"min":70,"max":79},"vacunados":36,"personasINE":null,"porcentaje":"-"},{"rango":{"min":80,"max":null},"vacunados":26,"personasINE":null,"porcentaje":"-"}]}}},{"ccaa":"Totales","dosisAdministradas":72233182,"dosisEntregadas":76654409,"dosisEntregadasModerna":10766640,"dosisEntregadasPfizer":54610659,"dosisEntregadasAstrazeneca":9117570,"dosisEntregadasJanssen":2159540,"dosisPrimeraDosis":38059705,"dosisPautaCompletada":37347287,"porcentajeEntregadas":0.9423226001259758,"porcentajePoblacionAdministradas":1.5388406902428633,"porcentajePoblacionPrimeraDosis":0.8108160417554324,"porcentajePoblacionCompletas":0.7956388368129527,"fechaUltRegistro":null,"etarios":{"unaDosis":{"etarioTotal":{"vacunados":38059705,"personasINE":42119827,"porcentaje":0.9036054445332836},"etarioRangos":[{"rango":{"min":12,"max":19},"vacunados":3333310,"personasINE":3888686,"porcentaje":0.8082849307533005},{"rango":{"min":20,"max":29},"vacunados":3996678,"personasINE":4944640,"porcentaje":0.8843413053425374},{"rango":{"min":30,"max":39},"vacunados":4905603,"personasINE":6230403,"porcentaje":0.8843413053425374},{"rango":{"min":40,"max":49},"vacunados":6978989,"personasINE":7891737,"porcentaje":0.8843413053425374},{"rango":{"min":50,"max":59},"vacunados":6683545,"personasINE":7033306,"porcentaje":0.950270754606724},{"rango":{"min":60,"max":69},"vacunados":5280595,"personasINE":5336986,"porcentaje":0.9894339239413407},{"rango":{"min":70,"max":79},"vacunados":3943191,"personasINE":3960045,"porcentaje":0.9957439877577149},{"rango":{"min":80,"max":null},"vacunados":2937794,"personasINE":2937794,"porcentaje":1}]},"pautaCompleta":{"etarioTotal":{"vacunados":37347287,"personasINE":42119827,"porcentaje":0.8866913674645435},"etarioRangos":[{"rango":{"min":12,"max":19},"vacunados":3217327,"personasINE":3888686,"porcentaje":0.7756350310639399},{"rango":{"min":20,"max":29},"vacunados":3835236,"personasINE":4944640,"porcentaje":0.8711320460882059},{"rango":{"min":30,"max":39},"vacunados":4761272,"personasINE":6230403,"porcentaje":0.8711320460882059},{"rango":{"min":40,"max":49},"vacunados":6874745,"personasINE":7891737,"porcentaje":0.8711320460882059},{"rango":{"min":50,"max":59},"vacunados":6618211,"personasINE":7033306,"porcentaje":0.9409815241936011},{"rango":{"min":60,"max":69},"vacunados":5215882,"personasINE":5336986,"porcentaje":0.9773085408131106},{"rango":{"min":70,"max":79},"vacunados":3919593,"personasINE":3960045,"porcentaje":0.9897849645647966},{"rango":{"min":80,"max":null},"vacunados":2905021,"personasINE":2905021,"porcentaje":1}]}}}]