[{"ccaa":"Andalucía","dosisAdministradas":12794052,"dosisEntregadas":13316870,"dosisEntregadasModerna":2019500,"dosisEntregadasPfizer":9434970,"dosisEntregadasAstrazeneca":1528900,"dosisEntregadasJanssen":333500,"dosisPrimeraDosis":6810880,"dosisPautaCompletada":6656939,"porcentajeEntregadas":0.9607401739297597,"porcentajePoblacionAdministradas":1.5115111967034682,"porcentajePoblacionPrimeraDosis":0.8046490181065168,"porcentajePoblacionCompletas":0.7864621649397696,"fechaUltRegistro":1634083200000,"etarios":{"unaDosis":{"etarioTotal":{"vacunados":6810880,"personasINE":7451975,"porcentaje":0.9139697865331002},"etarioRangos":[{"rango":{"min":12,"max":19},"vacunados":655907,"personasINE":752907,"porcentaje":0.8157885668998311},{"rango":{"min":20,"max":29},"vacunados":757600,"personasINE":928672,"porcentaje":0.8995981558196654},{"rango":{"min":30,"max":39},"vacunados":922814,"personasINE":1140217,"porcentaje":0.8995981558196654},{"rango":{"min":40,"max":49},"vacunados":1246046,"personasINE":1385114,"porcentaje":0.8995981558196654},{"rango":{"min":50,"max":59},"vacunados":1212702,"personasINE":1265021,"porcentaje":0.958641793298293},{"rango":{"min":60,"max":69},"vacunados":927884,"personasINE":927884,"porcentaje":1},{"rango":{"min":70,"max":79},"vacunados":653934,"personasINE":653934,"porcentaje":1},{"rango":{"min":80,"max":null},"vacunados":433993,"personasINE":433993,"porcentaje":1}]},"pautaCompleta":{"etarioTotal":{"vacunados":6656939,"personasINE":7451975,"porcentaje":0.893312041438679},"etarioRangos":[{"rango":{"min":12,"max":19},"vacunados":626862,"personasINE":752907,"porcentaje":0.7738771062334172},{"rango":{"min":20,"max":29},"vacunados":718678,"personasINE":928672,"porcentaje":0.8855429950170166},{"rango":{"min":30,"max":39},"vacunados":892317,"personasINE":1140217,"porcentaje":0.8855429950170166},{"rango":{"min":40,"max":49},"vacunados":1226578,"personasINE":1385114,"porcentaje":0.8855429950170166},{"rango":{"min":50,"max":59},"vacunados":1198953,"personasINE":1265021,"porcentaje":0.9477731990219925},{"rango":{"min":60,"max":69},"vacunados":917325,"personasINE":916147.0000000001,"porcentaje":1.0012858198520542},{"rango":{"min":70,"max":79},"vacunados":648717,"personasINE":650381,"porcentaje":0.997441499674806},{"rango":{"min":80,"max":null},"vacunados":427509,"personasINE":427509,"porcentaje":1}]}}},{"ccaa":"Aragón","dosisAdministradas":1994202,"dosisEntregadas":2136845,"dosisEntregadasModerna":275200,"dosisEntregadasPfizer":1531845,"dosisEntregadasAstrazeneca":265100,"dosisEntregadasJanssen":64700,"dosisPrimeraDosis":1063017,"dosisPautaCompletada":1042005,"porcentajeEntregadas":0.9332459771298339,"porcentajePoblacionAdministradas":1.5000868818880224,"porcentajePoblacionPrimeraDosis":0.7996270472720215,"porcentajePoblacionCompletas":0.7838213136691914,"fechaUltRegistro":1634083200000,"etarios":{"unaDosis":{"etarioTotal":{"vacunados":1063017,"personasINE":1185134,"porcentaje":0.8969593311811154},"etarioRangos":[{"rango":{"min":12,"max":19},"vacunados":87384,"personasINE":103109,"porcentaje":0.7894034554949731},{"rango":{"min":20,"max":29},"vacunados":102939,"personasINE":130401.00000000001,"porcentaje":0.8713705494014692},{"rango":{"min":30,"max":39},"vacunados":124785,"personasINE":164286,"porcentaje":0.8713705494014692},{"rango":{"min":40,"max":49},"vacunados":187295,"personasINE":214943,"porcentaje":0.8713705494014692},{"rango":{"min":50,"max":59},"vacunados":185731,"personasINE":198266,"porcentaje":0.936776855335761},{"rango":{"min":60,"max":69},"vacunados":154416,"personasINE":156367,"porcentaje":0.9875229428204161},{"rango":{"min":70,"max":79},"vacunados":119236,"personasINE":119236,"porcentaje":1},{"rango":{"min":80,"max":null},"vacunados":101231,"personasINE":101231,"porcentaje":1}]},"pautaCompleta":{"etarioTotal":{"vacunados":1042005,"personasINE":1185134,"porcentaje":0.8792296904822577},"etarioRangos":[{"rango":{"min":12,"max":19},"vacunados":83779,"personasINE":103109,"porcentaje":0.7569113733790385},{"rango":{"min":20,"max":29},"vacunados":98702,"personasINE":130401,"porcentaje":0.8582461396742392},{"rango":{"min":30,"max":39},"vacunados":120878,"personasINE":164286,"porcentaje":0.8582461396742392},{"rango":{"min":40,"max":49},"vacunados":184474,"personasINE":214943,"porcentaje":0.8582461396742392},{"rango":{"min":50,"max":59},"vacunados":183566,"personasINE":198266,"porcentaje":0.9258571817659105},{"rango":{"min":60,"max":69},"vacunados":152300,"personasINE":156367,"porcentaje":0.9739906757819744},{"rango":{"min":70,"max":79},"vacunados":118431,"personasINE":118955,"porcentaje":0.9955949728889075},{"rango":{"min":80,"max":null},"vacunados":99875,"personasINE":99875,"porcentaje":1}]}}},{"ccaa":"Asturias","dosisAdministradas":1670092,"dosisEntregadas":1650625,"dosisEntregadasModerna":162000,"dosisEntregadasPfizer":1224725,"dosisEntregadasAstrazeneca":220900,"dosisEntregadasJanssen":43000,"dosisPrimeraDosis":872670,"dosisPautaCompletada":862602,"porcentajeEntregadas":1.0117937145020826,"porcentajePoblacionAdministradas":1.639299400069102,"porcentajePoblacionPrimeraDosis":0.8565800012563998,"porcentajePoblacionCompletas":0.8466976316864027,"fechaUltRegistro":1634083200000,"etarios":{"unaDosis":{"etarioTotal":{"vacunados":872670,"personasINE":933927,"porcentaje":0.934409220420868},"etarioRangos":[{"rango":{"min":12,"max":19},"vacunados":60383,"personasINE":64000,"porcentaje":0.8398705616159573},{"rango":{"min":20,"max":29},"vacunados":66443,"personasINE":79111,"porcentaje":0.9013970645476158},{"rango":{"min":30,"max":39},"vacunados":90791,"personasINE":114451,"porcentaje":0.9013970645476158},{"rango":{"min":40,"max":49},"vacunados":150527,"personasINE":166993,"porcentaje":0.9013970645476158},{"rango":{"min":50,"max":59},"vacunados":153121,"personasINE":162645,"porcentaje":0.9414430200743952},{"rango":{"min":60,"max":69},"vacunados":148140,"personasINE":149652,"porcentaje":0.9898965600192446},{"rango":{"min":70,"max":79},"vacunados":114334,"personasINE":114334,"porcentaje":1},{"rango":{"min":80,"max":null},"vacunados":88931,"personasINE":88931,"porcentaje":1}]},"pautaCompleta":{"etarioTotal":{"vacunados":862602,"personasINE":933927,"porcentaje":0.9236289345955305},"etarioRangos":[{"rango":{"min":12,"max":19},"vacunados":58779,"personasINE":63999.99999999999,"porcentaje":0.8121626575318224},{"rango":{"min":20,"max":29},"vacunados":64251,"personasINE":79111,"porcentaje":0.8943967711221429},{"rango":{"min":30,"max":39},"vacunados":88794,"personasINE":114451,"porcentaje":0.8943967711221429},{"rango":{"min":40,"max":49},"vacunados":149358,"personasINE":166993,"porcentaje":0.8943967711221429},{"rango":{"min":50,"max":59},"vacunados":152208,"personasINE":162645,"porcentaje":0.9358295674628793},{"rango":{"min":60,"max":69},"vacunados":147181,"personasINE":149652,"porcentaje":0.9834883596610804},{"rango":{"min":70,"max":79},"vacunados":113897,"personasINE":113897,"porcentaje":1},{"rango":{"min":80,"max":null},"vacunados":88134,"personasINE":88134,"porcentaje":1}]}}},{"ccaa":"Baleares","dosisAdministradas":1597167,"dosisEntregadas":1891250,"dosisEntregadasModerna":305100,"dosisEntregadasPfizer":1272150,"dosisEntregadasAstrazeneca":256400,"dosisEntregadasJanssen":57600,"dosisPrimeraDosis":852554,"dosisPautaCompletada":834289,"porcentajeEntregadas":0.8445033707865168,"porcentajePoblacionAdministradas":1.3633020725658385,"porcentajePoblacionPrimeraDosis":0.7277189142865435,"porcentajePoblacionCompletas":0.7121283640463901,"fechaUltRegistro":1634083200000,"etarios":{"unaDosis":{"etarioTotal":{"vacunados":852554,"personasINE":1034867,"porcentaje":0.8238295355828333},"etarioRangos":[{"rango":{"min":12,"max":19},"vacunados":73837,"personasINE":95480,"porcentaje":0.6955459540966493},{"rango":{"min":20,"max":29},"vacunados":95945,"personasINE":137942,"porcentaje":0.8090186834293697},{"rango":{"min":30,"max":39},"vacunados":125204,"personasINE":182187,"porcentaje":0.8090186834293697},{"rango":{"min":40,"max":49},"vacunados":166797,"personasINE":206172,"porcentaje":0.8090186834293697},{"rango":{"min":50,"max":59},"vacunados":149913,"personasINE":165797,"porcentaje":0.9041960952248834},{"rango":{"min":60,"max":69},"vacunados":110208,"personasINE":117231,"porcentaje":0.9400926376129181},{"rango":{"min":70,"max":79},"vacunados":79183,"personasINE":80516,"porcentaje":0.9834442843658403},{"rango":{"min":80,"max":null},"vacunados":51467,"personasINE":51467,"porcentaje":1}]},"pautaCompleta":{"etarioTotal":{"vacunados":834289,"personasINE":1034867,"porcentaje":0.8061799245700172},"etarioRangos":[{"rango":{"min":12,"max":19},"vacunados":71296,"personasINE":95480,"porcentaje":0.6638587232315031},{"rango":{"min":20,"max":29},"vacunados":91574,"personasINE":137942,"porcentaje":0.7957191083173273},{"rango":{"min":30,"max":39},"vacunados":120566,"personasINE":182187,"porcentaje":0.7957191083173273},{"rango":{"min":40,"max":49},"vacunados":164055,"personasINE":206172,"porcentaje":0.7957191083173273},{"rango":{"min":50,"max":59},"vacunados":148119,"personasINE":165797,"porcentaje":0.8933756340585174},{"rango":{"min":60,"max":69},"vacunados":109130,"personasINE":117231,"porcentaje":0.9308971176565926},{"rango":{"min":70,"max":79},"vacunados":78719,"personasINE":80516,"porcentaje":0.9776814546177157},{"rango":{"min":80,"max":null},"vacunados":50830,"personasINE":50830,"porcentaje":1}]}}},{"ccaa":"Canarias","dosisAdministradas":3133106,"dosisEntregadas":3522840,"dosisEntregadasModerna":574700,"dosisEntregadasPfizer":2358690,"dosisEntregadasAstrazeneca":455800,"dosisEntregadasJanssen":133650,"dosisPrimeraDosis":1667866,"dosisPautaCompletada":1624154,"porcentajeEntregadas":0.8893693724381465,"porcentajePoblacionAdministradas":1.4398782693735892,"porcentajePoblacionPrimeraDosis":0.766499444840695,"porcentajePoblacionCompletas":0.746410766413965,"fechaUltRegistro":1634083200000,"etarios":{"unaDosis":{"etarioTotal":{"vacunados":1667866,"personasINE":1960774,"porcentaje":0.8506161342408661},"etarioRangos":[{"rango":{"min":12,"max":19},"vacunados":147755,"personasINE":179797,"porcentaje":0.7384289050955718},{"rango":{"min":20,"max":29},"vacunados":185898,"personasINE":251748,"porcentaje":0.8176008702735588},{"rango":{"min":30,"max":39},"vacunados":228238,"personasINE":310934,"porcentaje":0.8176008702735588},{"rango":{"min":40,"max":49},"vacunados":317167,"personasINE":387924,"porcentaje":0.8176008702735588},{"rango":{"min":50,"max":59},"vacunados":320258,"personasINE":350512,"porcentaje":0.9136862646642626},{"rango":{"min":60,"max":69},"vacunados":224222,"personasINE":235092,"porcentaje":0.9537627822299355},{"rango":{"min":70,"max":79},"vacunados":151318,"personasINE":154531,"porcentaje":0.9792080553416467},{"rango":{"min":80,"max":null},"vacunados":93010,"personasINE":93010,"porcentaje":1}]},"pautaCompleta":{"etarioTotal":{"vacunados":1624154,"personasINE":1960774,"porcentaje":0.8283228969784381},"etarioRangos":[{"rango":{"min":12,"max":19},"vacunados":137571,"personasINE":179797,"porcentaje":0.6947940003495559},{"rango":{"min":20,"max":29},"vacunados":174913,"personasINE":251748.00000000003,"porcentaje":0.8051989564966333},{"rango":{"min":30,"max":39},"vacunados":219669,"personasINE":310934,"porcentaje":0.8051989564966333},{"rango":{"min":40,"max":49},"vacunados":312356,"personasINE":387924,"porcentaje":0.8051989564966333},{"rango":{"min":50,"max":59},"vacunados":317490,"personasINE":350512,"porcentaje":0.9057892454466608},{"rango":{"min":60,"max":69},"vacunados":220242,"personasINE":235092,"porcentaje":0.9368332397529477},{"rango":{"min":70,"max":79},"vacunados":150070,"personasINE":154531,"porcentaje":0.9711320058758437},{"rango":{"min":80,"max":null},"vacunados":91843,"personasINE":91843,"porcentaje":1}]}}},{"ccaa":"Cantabria","dosisAdministradas":916832,"dosisEntregadas":989605,"dosisEntregadasModerna":114900,"dosisEntregadasPfizer":727305,"dosisEntregadasAstrazeneca":125200,"dosisEntregadasJanssen":22200,"dosisPrimeraDosis":480855,"dosisPautaCompletada":473951,"porcentajeEntregadas":0.9264625785035443,"porcentajePoblacionAdministradas":1.5728669337199028,"porcentajePoblacionPrimeraDosis":0.82492859042211,"porcentajePoblacionCompletas":0.8130844648784965,"fechaUltRegistro":1634083200000,"etarios":{"unaDosis":{"etarioTotal":{"vacunados":480855,"personasINE":524127,"porcentaje":0.9174398571338626},"etarioRangos":[{"rango":{"min":12,"max":19},"vacunados":38792,"personasINE":43963,"porcentaje":0.8074844074844075},{"rango":{"min":20,"max":29},"vacunados":40782,"personasINE":50505,"porcentaje":0.8984749767308656},{"rango":{"min":30,"max":39},"vacunados":54387,"personasINE":70473,"porcentaje":0.8984749767308656},{"rango":{"min":40,"max":49},"vacunados":87843,"personasINE":97769,"porcentaje":0.8984749767308656},{"rango":{"min":50,"max":59},"vacunados":84205,"personasINE":89964,"porcentaje":0.9359855053132364},{"rango":{"min":60,"max":69},"vacunados":76632,"personasINE":77345,"porcentaje":0.9907815631262525},{"rango":{"min":70,"max":79},"vacunados":55906,"personasINE":55906,"porcentaje":1},{"rango":{"min":80,"max":null},"vacunados":42308,"personasINE":42308,"porcentaje":1}]},"pautaCompleta":{"etarioTotal":{"vacunados":473951,"personasINE":524127,"porcentaje":0.9042674771572539},"etarioRangos":[{"rango":{"min":12,"max":19},"vacunados":37226,"personasINE":43963,"porcentaje":0.77998217998218},{"rango":{"min":20,"max":29},"vacunados":39393,"personasINE":50505,"porcentaje":0.888103591117839},{"rango":{"min":30,"max":39},"vacunados":53204,"personasINE":70473,"porcentaje":0.888103591117839},{"rango":{"min":40,"max":49},"vacunados":86829,"personasINE":97769,"porcentaje":0.888103591117839},{"rango":{"min":50,"max":59},"vacunados":83607,"personasINE":89964,"porcentaje":0.9293384020274776},{"rango":{"min":60,"max":69},"vacunados":76177,"personasINE":77345,"porcentaje":0.9848988299179003},{"rango":{"min":70,"max":79},"vacunados":55677,"personasINE":55677,"porcentaje":1},{"rango":{"min":80,"max":null},"vacunados":41838,"personasINE":41838,"porcentaje":1}]}}},{"ccaa":"Castilla y Leon","dosisAdministradas":3786932,"dosisEntregadas":3912325,"dosisEntregadasModerna":412400,"dosisEntregadasPfizer":2916525,"dosisEntregadasAstrazeneca":481200,"dosisEntregadasJanssen":102200,"dosisPrimeraDosis":1996381,"dosisPautaCompletada":1954353,"porcentajeEntregadas":0.9679492373460794,"porcentajePoblacionAdministradas":1.5812366018377246,"porcentajePoblacionPrimeraDosis":0.8335905446449523,"porcentajePoblacionCompletas":0.816041718338582,"fechaUltRegistro":1634083200000,"etarios":{"unaDosis":{"etarioTotal":{"vacunados":1996381,"personasINE":2176253,"porcentaje":0.9173478451264627},"etarioRangos":[{"rango":{"min":12,"max":19},"vacunados":141833,"personasINE":165342,"porcentaje":0.8116451664881568},{"rango":{"min":20,"max":29},"vacunados":171262,"personasINE":211006,"porcentaje":0.8803457150328237},{"rango":{"min":30,"max":39},"vacunados":210937,"personasINE":267783,"porcentaje":0.8803457150328237},{"rango":{"min":40,"max":49},"vacunados":319834,"personasINE":363305,"porcentaje":0.8803457150328237},{"rango":{"min":50,"max":59},"vacunados":352477,"personasINE":381175,"porcentaje":0.9247117465730963},{"rango":{"min":60,"max":69},"vacunados":320284,"personasINE":320284,"porcentaje":1},{"rango":{"min":70,"max":79},"vacunados":250442,"personasINE":250442,"porcentaje":1},{"rango":{"min":80,"max":null},"vacunados":229312,"personasINE":229312,"porcentaje":1}]},"pautaCompleta":{"etarioTotal":{"vacunados":1954353,"personasINE":2176253,"porcentaje":0.8980357522769641},"etarioRangos":[{"rango":{"min":12,"max":19},"vacunados":130705,"personasINE":165342,"porcentaje":0.7734140261414367},{"rango":{"min":20,"max":29},"vacunados":163195,"personasINE":211006,"porcentaje":0.8660794649124014},{"rango":{"min":30,"max":39},"vacunados":204398,"personasINE":267783,"porcentaje":0.8660794649124014},{"rango":{"min":40,"max":49},"vacunados":314651,"personasINE":363305,"porcentaje":0.8660794649124014},{"rango":{"min":50,"max":59},"vacunados":348198,"personasINE":381175,"porcentaje":0.913485931658687},{"rango":{"min":60,"max":69},"vacunados":317416,"personasINE":318575,"porcentaje":0.996361924193675},{"rango":{"min":70,"max":79},"vacunados":248974,"personasINE":248974,"porcentaje":1},{"rango":{"min":80,"max":null},"vacunados":226816,"personasINE":226816,"porcentaje":1}]}}},{"ccaa":"Castilla La Mancha","dosisAdministradas":3012667,"dosisEntregadas":3267280,"dosisEntregadasModerna":446800,"dosisEntregadasPfizer":2330505,"dosisEntregadasAstrazeneca":394900,"dosisEntregadasJanssen":95075,"dosisPrimeraDosis":1612996,"dosisPautaCompletada":1549152,"porcentajeEntregadas":0.9220718763007761,"porcentajePoblacionAdministradas":1.4730276092412506,"porcentajePoblacionPrimeraDosis":0.7886658703387067,"porcentajePoblacionCompletas":0.7574496839216887,"fechaUltRegistro":1634083200000},{"ccaa":"Cataluña","dosisAdministradas":11073512,"dosisEntregadas":11863410,"dosisEntregadasModerna":1604900,"dosisEntregadasPfizer":8368460,"dosisEntregadasAstrazeneca":1514300,"dosisEntregadasJanssen":375750,"dosisPrimeraDosis":5932785,"dosisPautaCompletada":5785758,"porcentajeEntregadas":0.9334172889582337,"porcentajePoblacionAdministradas":1.4232429648611609,"porcentajePoblacionPrimeraDosis":0.762521819029394,"porcentajePoblacionCompletas":0.7436249104971557,"fechaUltRegistro":1634083200000,"etarios":{"unaDosis":{"etarioTotal":{"vacunados":5932785,"personasINE":6868360,"porcentaje":0.8637848045239329},"etarioRangos":[{"rango":{"min":12,"max":19},"vacunados":519098,"personasINE":656166,"porcentaje":0.7443365695792881},{"rango":{"min":20,"max":29},"vacunados":624450,"personasINE":838935,"porcentaje":0.852803292943638},{"rango":{"min":30,"max":39},"vacunados":768245,"personasINE":1044652,"porcentaje":0.852803292943638},{"rango":{"min":40,"max":49},"vacunados":1122933,"personasINE":1316755,"porcentaje":0.852803292943638},{"rango":{"min":50,"max":59},"vacunados":1022937,"personasINE":1091780,"porcentaje":0.9369442561688253},{"rango":{"min":60,"max":69},"vacunados":798412,"personasINE":837584,"porcentaje":0.9532321534317753},{"rango":{"min":70,"max":79},"vacunados":618048,"personasINE":635292,"porcentaje":0.9728565761885873},{"rango":{"min":80,"max":null},"vacunados":458662,"personasINE":458662,"porcentaje":1}]},"pautaCompleta":{"etarioTotal":{"vacunados":5785758,"personasINE":6868360,"porcentaje":0.8423783843595851},"etarioRangos":[{"rango":{"min":12,"max":19},"vacunados":492663,"personasINE":656166,"porcentaje":0.7034335198793709},{"rango":{"min":20,"max":29},"vacunados":590135,"personasINE":838935,"porcentaje":0.8376660806300337},{"rango":{"min":30,"max":39},"vacunados":736350,"personasINE":1044652,"porcentaje":0.8376660806300337},{"rango":{"min":40,"max":49},"vacunados":1103001,"personasINE":1316755,"porcentaje":0.8376660806300337},{"rango":{"min":50,"max":59},"vacunados":1011041,"personasINE":1091780,"porcentaje":0.9260482881166535},{"rango":{"min":60,"max":69},"vacunados":785931,"personasINE":837584,"porcentaje":0.9383309614319281},{"rango":{"min":70,"max":79},"vacunados":613838,"personasINE":635292,"porcentaje":0.9662297022471557},{"rango":{"min":80,"max":null},"vacunados":452799,"personasINE":452799,"porcentaje":1}]}}},{"ccaa":"C. Valenciana","dosisAdministradas":7619414,"dosisEntregadas":8088540,"dosisEntregadasModerna":1213650,"dosisEntregadasPfizer":5797540,"dosisEntregadasAstrazeneca":863900,"dosisEntregadasJanssen":213450,"dosisPrimeraDosis":4058382,"dosisPautaCompletada":3983849,"porcentajeEntregadas":0.9420011522475008,"porcentajePoblacionAdministradas":1.5066011804989685,"porcentajePoblacionPrimeraDosis":0.8024715696135903,"porcentajePoblacionCompletas":0.7877340181711658,"fechaUltRegistro":1634083200000,"etarios":{"unaDosis":{"etarioTotal":{"vacunados":4058382,"personasINE":4488459,"porcentaje":0.9041815910538561},"etarioRangos":[{"rango":{"min":12,"max":19},"vacunados":364038,"personasINE":424531,"porcentaje":0.8157465425109373},{"rango":{"min":20,"max":29},"vacunados":421028,"personasINE":516126,"porcentaje":0.8822294348910507},{"rango":{"min":30,"max":39},"vacunados":506788,"personasINE":648759,"porcentaje":0.8822294348910507},{"rango":{"min":40,"max":49},"vacunados":751296,"personasINE":851588,"porcentaje":0.8822294348910507},{"rango":{"min":50,"max":59},"vacunados":714178,"personasINE":752334,"porcentaje":0.9492831641265714},{"rango":{"min":60,"max":69},"vacunados":569596,"personasINE":580728,"porcentaje":0.9808309570056895},{"rango":{"min":70,"max":79},"vacunados":434265,"personasINE":437862,"porcentaje":0.9917850829713472},{"rango":{"min":80,"max":null},"vacunados":297193,"personasINE":297193,"porcentaje":1}]},"pautaCompleta":{"etarioTotal":{"vacunados":3983849,"personasINE":4488459,"porcentaje":0.8875761146531582},"etarioRangos":[{"rango":{"min":12,"max":19},"vacunados":348143,"personasINE":424531,"porcentaje":0.7831576010509061},{"rango":{"min":20,"max":29},"vacunados":404208,"personasINE":516126,"porcentaje":0.8716198443378723},{"rango":{"min":30,"max":39},"vacunados":492688,"personasINE":648759,"porcentaje":0.8716198443378723},{"rango":{"min":40,"max":49},"vacunados":742261,"personasINE":851588,"porcentaje":0.8716198443378723},{"rango":{"min":50,"max":59},"vacunados":708405,"personasINE":752334,"porcentaje":0.941609710580673},{"rango":{"min":60,"max":69},"vacunados":563597,"personasINE":580728,"porcentaje":0.9705008196608395},{"rango":{"min":70,"max":79},"vacunados":431491,"personasINE":437862,"porcentaje":0.9854497535753274},{"rango":{"min":80,"max":null},"vacunados":293056,"personasINE":293056,"porcentaje":1}]}}},{"ccaa":"Extremadura","dosisAdministradas":1701267,"dosisEntregadas":1682775,"dosisEntregadasModerna":218200,"dosisEntregadasPfizer":1226825,"dosisEntregadasAstrazeneca":186000,"dosisEntregadasJanssen":51750,"dosisPrimeraDosis":895381,"dosisPautaCompletada":879867,"porcentajeEntregadas":1.010988991398137,"porcentajePoblacionAdministradas":1.5989546864764326,"porcentajePoblacionPrimeraDosis":0.8415337781382667,"porcentajePoblacionCompletas":0.826952772919218,"fechaUltRegistro":1634083200000,"etarios":{"unaDosis":{"etarioTotal":{"vacunados":895381,"personasINE":953437,"porcentaje":0.939108719296608},"etarioRangos":[{"rango":{"min":12,"max":19},"vacunados":75510,"personasINE":84750,"porcentaje":0.8174991175432403},{"rango":{"min":20,"max":29},"vacunados":92639,"personasINE":113320,"porcentaje":0.9160469986331774},{"rango":{"min":30,"max":39},"vacunados":112777,"personasINE":133479,"porcentaje":0.9160469986331774},{"rango":{"min":40,"max":49},"vacunados":146104,"personasINE":159494,"porcentaje":0.9160469986331774},{"rango":{"min":50,"max":59},"vacunados":161393,"personasINE":169216,"porcentaje":0.9537691471255674},{"rango":{"min":60,"max":69},"vacunados":132803,"personasINE":132803,"porcentaje":1},{"rango":{"min":70,"max":79},"vacunados":95906,"personasINE":95906,"porcentaje":1},{"rango":{"min":80,"max":null},"vacunados":78249,"personasINE":78249,"porcentaje":1}]},"pautaCompleta":{"etarioTotal":{"vacunados":879867,"personasINE":953437,"porcentaje":0.9228370621236641},"etarioRangos":[{"rango":{"min":12,"max":19},"vacunados":72437,"personasINE":84750,"porcentaje":0.7852012001411931},{"rango":{"min":20,"max":29},"vacunados":88979,"personasINE":113320,"porcentaje":0.9037957540722535},{"rango":{"min":30,"max":39},"vacunados":109918,"personasINE":133479,"porcentaje":0.9037957540722535},{"rango":{"min":40,"max":49},"vacunados":144150,"personasINE":159494,"porcentaje":0.9037957540722535},{"rango":{"min":50,"max":59},"vacunados":160134,"personasINE":169216,"porcentaje":0.946328952344932},{"rango":{"min":60,"max":69},"vacunados":131517,"personasINE":125297,"porcentaje":1.0496420504880404},{"rango":{"min":70,"max":79},"vacunados":95385,"personasINE":95385,"porcentaje":1},{"rango":{"min":80,"max":null},"vacunados":77347,"personasINE":77347,"porcentaje":1}]}}},{"ccaa":"Galicia","dosisAdministradas":4396205,"dosisEntregadas":4358529,"dosisEntregadasModerna":507400,"dosisEntregadasPfizer":3155029,"dosisEntregadasAstrazeneca":573400,"dosisEntregadasJanssen":122700,"dosisPrimeraDosis":2304805,"dosisPautaCompletada":2277604,"porcentajeEntregadas":1.0086442008301424,"porcentajePoblacionAdministradas":1.627127872000308,"porcentajePoblacionPrimeraDosis":0.8530567739733861,"porcentajePoblacionCompletas":0.8429891121499997,"fechaUltRegistro":1634083200000,"etarios":{"unaDosis":{"etarioTotal":{"vacunados":2304805,"personasINE":2454497,"porcentaje":0.9390131664451006},"etarioRangos":[{"rango":{"min":12,"max":19},"vacunados":167266,"personasINE":180007,"porcentaje":0.8565120074811348},{"rango":{"min":20,"max":29},"vacunados":197838,"personasINE":230981,"porcentaje":0.9190178263214063},{"rango":{"min":30,"max":39},"vacunados":262644,"personasINE":323408,"porcentaje":0.9190178263214063},{"rango":{"min":40,"max":49},"vacunados":407328,"personasINE":443221,"porcentaje":0.9190178263214063},{"rango":{"min":50,"max":59},"vacunados":390537,"personasINE":405889,"porcentaje":0.962176851306638},{"rango":{"min":60,"max":69},"vacunados":345729,"personasINE":346927,"porcentaje":0.9965468239716136},{"rango":{"min":70,"max":79},"vacunados":291239,"personasINE":291239,"porcentaje":1},{"rango":{"min":80,"max":null},"vacunados":242224,"personasINE":242224,"porcentaje":1}]},"pautaCompleta":{"etarioTotal":{"vacunados":2277604,"personasINE":2454497,"porcentaje":0.9279310587871975},"etarioRangos":[{"rango":{"min":12,"max":19},"vacunados":161850,"personasINE":180007,"porcentaje":0.8298518059927007},{"rango":{"min":20,"max":29},"vacunados":191680,"personasINE":230981,"porcentaje":0.9106833836844374},{"rango":{"min":30,"max":39},"vacunados":257657,"personasINE":323408,"porcentaje":0.9106833836844374},{"rango":{"min":40,"max":49},"vacunados":403634,"personasINE":443221,"porcentaje":0.9106833836844374},{"rango":{"min":50,"max":59},"vacunados":388108,"personasINE":405889,"porcentaje":0.9561924565583201},{"rango":{"min":60,"max":69},"vacunados":344177,"personasINE":346927,"porcentaje":0.9920732603688961},{"rango":{"min":70,"max":79},"vacunados":289926,"personasINE":289926,"porcentaje":1},{"rango":{"min":80,"max":null},"vacunados":240572,"personasINE":240572,"porcentaje":1}]}}},{"ccaa":"La Rioja","dosisAdministradas":478385,"dosisEntregadas":510565,"dosisEntregadasModerna":67600,"dosisEntregadasPfizer":374465,"dosisEntregadasAstrazeneca":53300,"dosisEntregadasJanssen":15200,"dosisPrimeraDosis":258652,"dosisPautaCompletada":253112,"porcentajeEntregadas":0.9369717861584715,"porcentajePoblacionAdministradas":1.4953550016566952,"porcentajePoblacionPrimeraDosis":0.8085047856611465,"porcentajePoblacionCompletas":0.7911876316760129,"fechaUltRegistro":1634083200000,"etarios":{"unaDosis":{"etarioTotal":{"vacunados":258652,"personasINE":283970,"porcentaje":0.9108426946508434},"etarioRangos":[{"rango":{"min":12,"max":19},"vacunados":21441,"personasINE":25532,"porcentaje":0.7759209403112483},{"rango":{"min":20,"max":29},"vacunados":23633,"personasINE":30458,"porcentaje":0.8954048388010653},{"rango":{"min":30,"max":39},"vacunados":30814,"personasINE":39319,"porcentaje":0.8954048388010653},{"rango":{"min":40,"max":49},"vacunados":47409,"personasINE":52947,"porcentaje":0.8954048388010653},{"rango":{"min":50,"max":59},"vacunados":45329,"personasINE":47664,"porcentaje":0.9510112453843572},{"rango":{"min":60,"max":69},"vacunados":38009,"personasINE":38009,"porcentaje":1},{"rango":{"min":70,"max":79},"vacunados":28658,"personasINE":28658,"porcentaje":1},{"rango":{"min":80,"max":null},"vacunados":23359,"personasINE":23359,"porcentaje":1}]},"pautaCompleta":{"etarioTotal":{"vacunados":253112,"personasINE":283970,"porcentaje":0.891333591576575},"etarioRangos":[{"rango":{"min":12,"max":19},"vacunados":20232,"personasINE":25532,"porcentaje":0.7393459846345788},{"rango":{"min":20,"max":29},"vacunados":22519,"personasINE":30458,"porcentaje":0.8807297863901637},{"rango":{"min":30,"max":39},"vacunados":29906,"personasINE":39319,"porcentaje":0.8807297863901637},{"rango":{"min":40,"max":49},"vacunados":46632,"personasINE":52947,"porcentaje":0.8807297863901637},{"rango":{"min":50,"max":59},"vacunados":44703,"personasINE":47664,"porcentaje":0.9378776435045317},{"rango":{"min":60,"max":69},"vacunados":37422,"personasINE":37718,"porcentaje":0.9921522880322392},{"rango":{"min":70,"max":79},"vacunados":28546,"personasINE":28546,"porcentaje":1},{"rango":{"min":80,"max":null},"vacunados":23152,"personasINE":23152,"porcentaje":1}]}}},{"ccaa":"Madrid","dosisAdministradas":9808594,"dosisEntregadas":10825829,"dosisEntregadasModerna":1645800,"dosisEntregadasPfizer":7637679,"dosisEntregadasAstrazeneca":1220900,"dosisEntregadasJanssen":321450,"dosisPrimeraDosis":5308496,"dosisPautaCompletada":5177838,"porcentajeEntregadas":0.9060362952342956,"porcentajePoblacionAdministradas":1.4467191788418923,"porcentajePoblacionPrimeraDosis":0.7829769459318502,"porcentajePoblacionCompletas":0.7637055361386501,"fechaUltRegistro":1634083200000,"etarios":{"unaDosis":{"etarioTotal":{"vacunados":5308496,"personasINE":5977937,"porcentaje":0.8880147114297123},"etarioRangos":[{"rango":{"min":12,"max":19},"vacunados":446108,"personasINE":553542,"porcentaje":0.7926246674972222},{"rango":{"min":20,"max":29},"vacunados":588504,"personasINE":742475,"porcentaje":0.8798254845103352},{"rango":{"min":30,"max":39},"vacunados":737845,"personasINE":949640,"porcentaje":0.8798254845103352},{"rango":{"min":40,"max":49},"vacunados":1025851,"personasINE":1165971,"porcentaje":0.8798254845103352},{"rango":{"min":50,"max":59},"vacunados":938107,"personasINE":972783,"porcentaje":0.9643538178607151},{"rango":{"min":60,"max":69},"vacunados":687694,"personasINE":703323,"porcentaje":0.9777783465065126},{"rango":{"min":70,"max":79},"vacunados":510643,"personasINE":526081,"porcentaje":0.9706547090657142},{"rango":{"min":80,"max":null},"vacunados":373744,"personasINE":373744,"porcentaje":1}]},"pautaCompleta":{"etarioTotal":{"vacunados":5177838,"personasINE":5977937,"porcentaje":0.8661580073527038},"etarioRangos":[{"rango":{"min":12,"max":19},"vacunados":425124,"personasINE":553542,"porcentaje":0.7497909020505741},{"rango":{"min":20,"max":29},"vacunados":556701,"personasINE":742475,"porcentaje":0.8612332553725607},{"rango":{"min":30,"max":39},"vacunados":707998,"personasINE":949640,"porcentaje":0.8612332553725607},{"rango":{"min":40,"max":49},"vacunados":1004173,"personasINE":1165971,"porcentaje":0.8612332553725607},{"rango":{"min":50,"max":59},"vacunados":929741,"personasINE":972783,"porcentaje":0.955753749808539},{"rango":{"min":60,"max":69},"vacunados":674992,"personasINE":703323,"porcentaje":0.9597183655304888},{"rango":{"min":70,"max":79},"vacunados":508397,"personasINE":526081,"porcentaje":0.9663854045289604},{"rango":{"min":80,"max":null},"vacunados":370712,"personasINE":370712,"porcentaje":1}]}}},{"ccaa":"Murcia","dosisAdministradas":2211227,"dosisEntregadas":2407175,"dosisEntregadasModerna":398000,"dosisEntregadasPfizer":1687865,"dosisEntregadasAstrazeneca":253010,"dosisEntregadasJanssen":68300,"dosisPrimeraDosis":1184657,"dosisPautaCompletada":1147922,"porcentajeEntregadas":0.918598356995233,"porcentajePoblacionAdministradas":1.463176533878224,"porcentajePoblacionPrimeraDosis":0.7838916235622011,"porcentajePoblacionCompletas":0.7595839473389927,"fechaUltRegistro":1634083200000,"etarios":{"unaDosis":{"etarioTotal":{"vacunados":1184657,"personasINE":1310137,"porcentaje":0.9042237567521565},"etarioRangos":[{"rango":{"min":12,"max":19},"vacunados":117419,"personasINE":141894,"porcentaje":0.8051298128280154},{"rango":{"min":20,"max":29},"vacunados":138682,"personasINE":172248,"porcentaje":0.9080096161034321},{"rango":{"min":30,"max":39},"vacunados":165475,"personasINE":209003,"porcentaje":0.9080096161034321},{"rango":{"min":40,"max":49},"vacunados":230777,"personasINE":254157,"porcentaje":0.9080096161034321},{"rango":{"min":50,"max":59},"vacunados":207057,"personasINE":213256,"porcentaje":0.9709316502232059},{"rango":{"min":60,"max":69},"vacunados":148067,"personasINE":148067,"porcentaje":1},{"rango":{"min":70,"max":79},"vacunados":103235,"personasINE":103235,"porcentaje":1},{"rango":{"min":80,"max":null},"vacunados":73945,"personasINE":73945,"porcentaje":1}]},"pautaCompleta":{"etarioTotal":{"vacunados":1147922,"personasINE":1310137,"porcentaje":0.8761847043477132},"etarioRangos":[{"rango":{"min":12,"max":19},"vacunados":111614,"personasINE":141894,"porcentaje":0.7547605777715851},{"rango":{"min":20,"max":29},"vacunados":130006,"personasINE":172248,"porcentaje":0.8854526926269983},{"rango":{"min":30,"max":39},"vacunados":158014,"personasINE":209003,"porcentaje":0.8854526926269983},{"rango":{"min":40,"max":49},"vacunados":225044,"personasINE":254156.99999999997,"porcentaje":0.8854526926269983},{"rango":{"min":50,"max":59},"vacunados":204121,"personasINE":213256,"porcentaje":0.9571641595078216},{"rango":{"min":60,"max":69},"vacunados":145119,"personasINE":146909,"porcentaje":0.9878155865195462},{"rango":{"min":70,"max":79},"vacunados":101170,"personasINE":102899,"porcentaje":0.9831971156182275},{"rango":{"min":80,"max":null},"vacunados":72834,"personasINE":72834,"porcentaje":1}]}}},{"ccaa":"Navarra","dosisAdministradas":976668,"dosisEntregadas":1046175,"dosisEntregadasModerna":151500,"dosisEntregadasPfizer":734325,"dosisEntregadasAstrazeneca":136600,"dosisEntregadasJanssen":23750,"dosisPrimeraDosis":525324,"dosisPautaCompletada":516324,"porcentajeEntregadas":0.9335608287332425,"porcentajePoblacionAdministradas":1.477121039569145,"porcentajePoblacionPrimeraDosis":0.7945045122709268,"porcentajePoblacionCompletas":0.7808928352669476,"fechaUltRegistro":1634083200000,"etarios":{"unaDosis":{"etarioTotal":{"vacunados":525324,"personasINE":581354,"porcentaje":0.9036215455643205},"etarioRangos":[{"rango":{"min":12,"max":19},"vacunados":48136,"personasINE":56388,"porcentaje":0.828291279522069},{"rango":{"min":20,"max":29},"vacunados":56429,"personasINE":68127,"porcentaje":0.8803355493416789},{"rango":{"min":30,"max":39},"vacunados":63672,"personasINE":81341,"porcentaje":0.8803355493416789},{"rango":{"min":40,"max":49},"vacunados":95078,"personasINE":108002,"porcentaje":0.8803355493416789},{"rango":{"min":50,"max":59},"vacunados":91456,"personasINE":96694,"porcentaje":0.945829110389476},{"rango":{"min":60,"max":69},"vacunados":72168,"personasINE":73844,"porcentaje":0.9773035046855534},{"rango":{"min":70,"max":79},"vacunados":55886,"personasINE":55886,"porcentaje":1},{"rango":{"min":80,"max":null},"vacunados":42499,"personasINE":42499,"porcentaje":1}]},"pautaCompleta":{"etarioTotal":{"vacunados":516324,"personasINE":581354,"porcentaje":0.8881404445484162},"etarioRangos":[{"rango":{"min":12,"max":19},"vacunados":46587,"personasINE":56388,"porcentaje":0.7960573634535499},{"rango":{"min":20,"max":29},"vacunados":54233,"personasINE":68127,"porcentaje":0.8671135719708895},{"rango":{"min":30,"max":39},"vacunados":61960,"personasINE":81341,"porcentaje":0.8671135719708895},{"rango":{"min":40,"max":49},"vacunados":93650,"personasINE":108002,"porcentaje":0.8671135719708895},{"rango":{"min":50,"max":59},"vacunados":90554,"personasINE":96694,"porcentaje":0.9365007135913294},{"rango":{"min":60,"max":69},"vacunados":71505,"personasINE":73844,"porcentaje":0.9683251178159363},{"rango":{"min":70,"max":79},"vacunados":55727,"personasINE":55792,"porcentaje":0.9988349584169773},{"rango":{"min":80,"max":null},"vacunados":42108,"personasINE":42108,"porcentaje":1}]}}},{"ccaa":"País Vasco","dosisAdministradas":3355265,"dosisEntregadas":3668820,"dosisEntregadasModerna":526100,"dosisEntregadasPfizer":2597220,"dosisEntregadasAstrazeneca":444200,"dosisEntregadasJanssen":101300,"dosisPrimeraDosis":1804509,"dosisPautaCompletada":1770755,"porcentajeEntregadas":0.9145351911513784,"porcentajePoblacionAdministradas":1.51103758426015,"porcentajePoblacionPrimeraDosis":0.8126573966991277,"porcentajePoblacionCompletas":0.7974563432445967,"fechaUltRegistro":1634083200000,"etarios":{"unaDosis":{"etarioTotal":{"vacunados":1804509,"personasINE":1983943,"porcentaje":0.9095568773901266},"etarioRangos":[{"rango":{"min":12,"max":19},"vacunados":143443,"personasINE":168606,"porcentaje":0.7981978226998918},{"rango":{"min":20,"max":29},"vacunados":160864,"personasINE":201534,"porcentaje":0.8824161288808255},{"rango":{"min":30,"max":39},"vacunados":201086,"personasINE":260543,"porcentaje":0.8824161288808255},{"rango":{"min":40,"max":49},"vacunados":319552,"personasINE":362133,"porcentaje":0.8824161288808255},{"rango":{"min":50,"max":59},"vacunados":323366,"personasINE":339977,"porcentaje":0.9511408124667257},{"rango":{"min":60,"max":69},"vacunados":278363,"personasINE":280119,"porcentaje":0.9937312356534187},{"rango":{"min":70,"max":79},"vacunados":213687,"personasINE":213687,"porcentaje":1},{"rango":{"min":80,"max":null},"vacunados":164148,"personasINE":164148,"porcentaje":1}]},"pautaCompleta":{"etarioTotal":{"vacunados":1770755,"personasINE":1983943,"porcentaje":0.8925432837536159},"etarioRangos":[{"rango":{"min":12,"max":19},"vacunados":139179,"personasINE":168606,"porcentaje":0.7676372225033989},{"rango":{"min":20,"max":29},"vacunados":154705,"personasINE":201534,"porcentaje":0.8694844159466274},{"rango":{"min":30,"max":39},"vacunados":195011,"personasINE":260543,"porcentaje":0.8694844159466274},{"rango":{"min":40,"max":49},"vacunados":314869,"personasINE":362133,"porcentaje":0.8694844159466274},{"rango":{"min":50,"max":59},"vacunados":320057,"personasINE":339977,"porcentaje":0.9414078011159579},{"rango":{"min":60,"max":69},"vacunados":272955,"personasINE":280119,"porcentaje":0.9744251550234008},{"rango":{"min":70,"max":79},"vacunados":212137,"personasINE":213081,"porcentaje":0.9955697598565804},{"rango":{"min":80,"max":null},"vacunados":161842,"personasINE":157950,"porcentaje":1.0246407090851535}]}}},{"ccaa":"Ceuta","dosisAdministradas":113311,"dosisEntregadas":140230,"dosisEntregadasModerna":22400,"dosisEntregadasPfizer":95580,"dosisEntregadasAstrazeneca":18100,"dosisEntregadasJanssen":4150,"dosisPrimeraDosis":62074,"dosisPautaCompletada":58799,"porcentajeEntregadas":0.8080367966911502,"porcentajePoblacionAdministradas":1.3457043775682287,"porcentajePoblacionPrimeraDosis":0.7372033918434241,"porcentajePoblacionCompletas":0.6983088287689129,"fechaUltRegistro":1634083200000,"etarios":{"unaDosis":{"etarioTotal":{"vacunados":62074,"personasINE":70965,"porcentaje":0.8747128866342563},"etarioRangos":[{"rango":{"min":12,"max":19},"vacunados":8253,"personasINE":9126,"porcentaje":0.8255676119266891},{"rango":{"min":20,"max":29},"vacunados":9054,"personasINE":10967,"porcentaje":0.878500237304224},{"rango":{"min":30,"max":39},"vacunados":9163,"personasINE":11894,"porcentaje":0.878500237304224},{"rango":{"min":40,"max":49},"vacunados":11106,"personasINE":12642,"porcentaje":0.878500237304224},{"rango":{"min":50,"max":59},"vacunados":10563,"personasINE":11556,"porcentaje":0.9140706126687436},{"rango":{"min":60,"max":69},"vacunados":7649,"personasINE":7857,"porcentaje":0.9735267913962072},{"rango":{"min":70,"max":79},"vacunados":3889,"personasINE":4318,"porcentaje":0.9006484483557202},{"rango":{"min":80,"max":null},"vacunados":2397,"personasINE":2605,"porcentaje":0.9201535508637236}]},"pautaCompleta":{"etarioTotal":{"vacunados":58799,"personasINE":70965,"porcentaje":0.8285633763122666},"etarioRangos":[{"rango":{"min":12,"max":19},"vacunados":7070,"personasINE":9126,"porcentaje":0.7467858119813987},{"rango":{"min":20,"max":29},"vacunados":8190,"personasINE":10967,"porcentaje":0.8535832937826293},{"rango":{"min":30,"max":39},"vacunados":8640,"personasINE":11894,"porcentaje":0.8535832937826293},{"rango":{"min":40,"max":49},"vacunados":10791,"personasINE":12642,"porcentaje":0.8535832937826293},{"rango":{"min":50,"max":59},"vacunados":10381,"personasINE":11556,"porcentaje":0.8983212184146764},{"rango":{"min":60,"max":69},"vacunados":7496,"personasINE":7857,"porcentaje":0.9540537100674558},{"rango":{"min":70,"max":79},"vacunados":3856,"personasINE":4318,"porcentaje":0.8930060213061602},{"rango":{"min":80,"max":null},"vacunados":2375,"personasINE":2605,"porcentaje":0.9117082533589251}]}}},{"ccaa":"Melilla","dosisAdministradas":101388,"dosisEntregadas":141100,"dosisEntregadasModerna":23500,"dosisEntregadasPfizer":96750,"dosisEntregadasAstrazeneca":15100,"dosisEntregadasJanssen":5750,"dosisPrimeraDosis":56974,"dosisPautaCompletada":54369,"porcentajeEntregadas":0.7185542168674699,"porcentajePoblacionAdministradas":1.1643621663833892,"porcentajePoblacionPrimeraDosis":0.6543019890670219,"porcentajePoblacionCompletas":0.624385594193578,"fechaUltRegistro":1634083200000,"etarios":{"unaDosis":{"etarioTotal":{"vacunados":56974,"personasINE":70927,"porcentaje":0.8032766083437901},"etarioRangos":[{"rango":{"min":12,"max":19},"vacunados":7629,"personasINE":9574,"porcentaje":0.7164651938307628},{"rango":{"min":20,"max":29},"vacunados":8594,"personasINE":11995,"porcentaje":0.8358606898850192},{"rango":{"min":30,"max":39},"vacunados":8560,"personasINE":12133,"porcentaje":0.8358606898850192},{"rango":{"min":40,"max":49},"vacunados":10032,"personasINE":12002,"porcentaje":0.8358606898850192},{"rango":{"min":50,"max":59},"vacunados":9670,"personasINE":11299,"porcentaje":0.855827949376051},{"rango":{"min":60,"max":69},"vacunados":7164,"personasINE":7827,"porcentaje":0.915293215791491},{"rango":{"min":70,"max":79},"vacunados":3314,"personasINE":3748,"porcentaje":0.884204909284952},{"rango":{"min":80,"max":null},"vacunados":2011,"personasINE":2349,"porcentaje":0.8561089825457642}]},"pautaCompleta":{"etarioTotal":{"vacunados":54369,"personasINE":70927,"porcentaje":0.766548705006556},"etarioRangos":[{"rango":{"min":12,"max":19},"vacunados":6969,"personasINE":9574,"porcentaje":0.6499374739474781},{"rango":{"min":20,"max":29},"vacunados":7796,"personasINE":11995,"porcentaje":0.8159473421096484},{"rango":{"min":30,"max":39},"vacunados":8157,"personasINE":12133,"porcentaje":0.8159473421096484},{"rango":{"min":40,"max":49},"vacunados":9793,"personasINE":12002,"porcentaje":0.8159473421096484},{"rango":{"min":50,"max":59},"vacunados":9465,"personasINE":11299,"porcentaje":0.8376847508629082},{"rango":{"min":60,"max":69},"vacunados":6990,"personasINE":7827,"porcentaje":0.8930624760444614},{"rango":{"min":70,"max":79},"vacunados":3237,"personasINE":3748,"porcentaje":0.8636606189967982},{"rango":{"min":80,"max":null},"vacunados":1962,"personasINE":2349,"porcentaje":0.8352490421455939}]}}},{"ccaa":"Fuerzas Armadas","dosisAdministradas":172732,"dosisEntregadas":212238,"dosisEntregadasModerna":58300,"dosisEntregadasPfizer":48138,"dosisEntregadasAstrazeneca":103800,"dosisEntregadasJanssen":2000,"dosisPrimeraDosis":92636,"dosisPautaCompletada":86625,"porcentajeEntregadas":0.813859911985601,"porcentajePoblacionAdministradas":null,"porcentajePoblacionPrimeraDosis":null,"porcentajePoblacionCompletas":null,"fechaUltRegistro":1634083200000},{"ccaa":"Sanidad Exterior","dosisAdministradas":6590,"dosisEntregadas":8845,"dosisEntregadasModerna":4810,"dosisEntregadasPfizer":0,"dosisEntregadasAstrazeneca":0,"dosisEntregadasJanssen":4035,"dosisPrimeraDosis":5003,"dosisPautaCompletada":4651,"porcentajeEntregadas":0.7450537026568683,"porcentajePoblacionAdministradas":null,"porcentajePoblacionPrimeraDosis":null,"porcentajePoblacionCompletas":null,"fechaUltRegistro":1634083200000,"etarios":{"unaDosis":{"etarioTotal":{"vacunados":5003,"personasINE":"-","porcentaje":"-"},"etarioRangos":[{"rango":{"min":12,"max":19},"vacunados":169,"personasINE":null,"porcentaje":"-"},{"rango":{"min":20,"max":29},"vacunados":1207,"personasINE":null,"porcentaje":"-"},{"rango":{"min":30,"max":39},"vacunados":1436,"personasINE":null,"porcentaje":"-"},{"rango":{"min":40,"max":49},"vacunados":1262,"personasINE":null,"porcentaje":"-"},{"rango":{"min":50,"max":59},"vacunados":652,"personasINE":null,"porcentaje":"-"},{"rango":{"min":60,"max":69},"vacunados":218,"personasINE":null,"porcentaje":"-"},{"rango":{"min":70,"max":79},"vacunados":33,"personasINE":null,"porcentaje":"-"},{"rango":{"min":80,"max":null},"vacunados":26,"personasINE":null,"porcentaje":"-"}]},"pautaCompleta":{"etarioTotal":{"vacunados":4651,"personasINE":"-","porcentaje":"-"},"etarioRangos":[{"rango":{"min":12,"max":19},"vacunados":148,"personasINE":null,"porcentaje":"-"},{"rango":{"min":20,"max":29},"vacunados":1121,"personasINE":null,"porcentaje":"-"},{"rango":{"min":30,"max":39},"vacunados":1317,"personasINE":null,"porcentaje":"-"},{"rango":{"min":40,"max":49},"vacunados":1179,"personasINE":null,"porcentaje":"-"},{"rango":{"min":50,"max":59},"vacunados":623,"personasINE":null,"porcentaje":"-"},{"rango":{"min":60,"max":69},"vacunados":206,"personasINE":null,"porcentaje":"-"},{"rango":{"min":70,"max":79},"vacunados":32,"personasINE":null,"porcentaje":"-"},{"rango":{"min":80,"max":null},"vacunados":25,"personasINE":null,"porcentaje":"-"}]}}},{"ccaa":"Totales","dosisAdministradas":70919608,"dosisEntregadas":75641871,"dosisEntregadasModerna":10752760,"dosisEntregadasPfizer":53616591,"dosisEntregadasAstrazeneca":9111010,"dosisEntregadasJanssen":2161510,"dosisPrimeraDosis":37846897,"dosisPautaCompletada":36994918,"porcentajeEntregadas":0.9375707800776107,"porcentajePoblacionAdministradas":1.510856582871751,"porcentajePoblacionPrimeraDosis":0.8062824243715382,"porcentajePoblacionCompletas":0.7881320409032808,"fechaUltRegistro":null,"etarios":{"unaDosis":{"etarioTotal":{"vacunados":37846897,"personasINE":42119827,"porcentaje":0.8985530021289024},"etarioRangos":[{"rango":{"min":12,"max":19},"vacunados":3272510,"personasINE":3888686,"porcentaje":0.7966790302226249},{"rango":{"min":20,"max":29},"vacunados":3939291,"personasINE":4944640,"porcentaje":0.8809929930508328},{"rango":{"min":30,"max":39},"vacunados":4861766,"personasINE":6230403,"porcentaje":0.8809929930508328},{"rango":{"min":40,"max":49},"vacunados":6952565,"personasINE":7891737,"porcentaje":0.8809929930508328},{"rango":{"min":50,"max":59},"vacunados":6669115,"personasINE":7033306,"porcentaje":0.9482190878656496},{"rango":{"min":60,"max":69},"vacunados":5273310,"personasINE":5336986,"porcentaje":0.9880689212975263},{"rango":{"min":70,"max":79},"vacunados":3941501,"personasINE":3960045,"porcentaje":0.9953172249305248},{"rango":{"min":80,"max":null},"vacunados":2936839,"personasINE":2936839,"porcentaje":1}]},"pautaCompleta":{"etarioTotal":{"vacunados":36994918,"personasINE":42119827,"porcentaje":0.8783254973957989},"etarioRangos":[{"rango":{"min":12,"max":19},"vacunados":3116957,"personasINE":3888686,"porcentaje":0.7568306287212011},{"rango":{"min":20,"max":29},"vacunados":3742255,"personasINE":4944640,"porcentaje":0.8658309317707876},{"rango":{"min":30,"max":39},"vacunados":4690191,"personasINE":6230403,"porcentaje":0.8658309317707876},{"rango":{"min":40,"max":49},"vacunados":6832910,"personasINE":7891737,"porcentaje":0.8658309317707876},{"rango":{"min":50,"max":59},"vacunados":6594957,"personasINE":7033306,"porcentaje":0.937675255420424},{"rango":{"min":60,"max":69},"vacunados":5200512,"personasINE":5336986,"porcentaje":0.9744286381864221},{"rango":{"min":70,"max":79},"vacunados":3915321,"personasINE":3960045,"porcentaje":0.9887061889448227},{"rango":{"min":80,"max":null},"vacunados":2901815,"personasINE":2901815,"porcentaje":1}]}}}]