[{"ccaa":"Andalucía","dosisAdministradas":11548836,"dosisEntregadas":12694740,"dosisEntregadasModerna":1658600,"dosisEntregadasPfizer":8704890,"dosisEntregadasAstrazeneca":1805800,"dosisEntregadasJanssen":525450,"dosisPrimeraDosis":6434931,"dosisPautaCompletada":5694536,"porcentajeEntregadas":0.9097339528024994,"porcentajePoblacionAdministradas":1.3643992476263263,"porcentajePoblacionPrimeraDosis":0.7602337599154861,"porcentajePoblacionCompletas":0.6727622276375758,"fechaUltRegistro":1629676800000,"etarios":{"unaDosis":{"etarioTotal":{"vacunados":6434931,"personasINE":7451975,"porcentaje":0.8635202077301655},"etarioRangos":[{"rango":{"min":12,"max":19},"vacunados":500842,"personasINE":752907,"porcentaje":0.7235665552530925},{"rango":{"min":20,"max":29},"vacunados":671956,"personasINE":928672,"porcentaje":0.8700814517794203},{"rango":{"min":30,"max":39},"vacunados":864917,"personasINE":1140217,"porcentaje":0.8700814517794203},{"rango":{"min":40,"max":49},"vacunados":1205162,"personasINE":1385114,"porcentaje":0.8700814517794203},{"rango":{"min":50,"max":59},"vacunados":1189991,"personasINE":1265021,"porcentaje":0.9406887316495142},{"rango":{"min":60,"max":69},"vacunados":917524,"personasINE":917524,"porcentaje":1},{"rango":{"min":70,"max":79},"vacunados":651464,"personasINE":651464,"porcentaje":1},{"rango":{"min":80,"max":null},"vacunados":433075,"personasINE":433075,"porcentaje":1}]},"pautaCompleta":{"etarioTotal":{"vacunados":5694536,"personasINE":7451975,"porcentaje":0.7641646677558633},"etarioRangos":[{"rango":{"min":12,"max":19},"vacunados":106997,"personasINE":752906.9999999999,"porcentaje":0.5308257382585024},{"rango":{"min":20,"max":29},"vacunados":492963,"personasINE":928672,"porcentaje":0.8492102455104779},{"rango":{"min":30,"max":39},"vacunados":783728,"personasINE":1140217,"porcentaje":0.8492102455104779},{"rango":{"min":40,"max":49},"vacunados":1176253,"personasINE":1385114,"porcentaje":0.8492102455104779},{"rango":{"min":50,"max":59},"vacunados":1174263,"personasINE":1265021,"porcentaje":0.928255736466035},{"rango":{"min":60,"max":69},"vacunados":888707,"personasINE":916147,"porcentaje":0.9700484747535058},{"rango":{"min":70,"max":79},"vacunados":645480,"personasINE":650381,"porcentaje":0.992464417010952},{"rango":{"min":80,"max":null},"vacunados":426145,"personasINE":426145,"porcentaje":1}]}}},{"ccaa":"Aragón","dosisAdministradas":1824300,"dosisEntregadas":2002845,"dosisEntregadasModerna":237600,"dosisEntregadasPfizer":1414845,"dosisEntregadasAstrazeneca":285700,"dosisEntregadasJanssen":64700,"dosisPrimeraDosis":1007413,"dosisPautaCompletada":920561,"porcentajeEntregadas":0.9108543097443886,"porcentajePoblacionAdministradas":1.3722824962708489,"porcentajePoblacionPrimeraDosis":0.7578003762625142,"porcentajePoblacionCompletas":0.6924682053662166,"fechaUltRegistro":1629676800000,"etarios":{"unaDosis":{"etarioTotal":{"vacunados":1007413,"personasINE":1185134,"porcentaje":0.8500414299142545},"etarioRangos":[{"rango":{"min":12,"max":19},"vacunados":63474,"personasINE":103109,"porcentaje":0.7014440073312321},{"rango":{"min":20,"max":29},"vacunados":91469,"personasINE":130401,"porcentaje":0.8437585778555244},{"rango":{"min":30,"max":39},"vacunados":116354,"personasINE":164286,"porcentaje":0.8437585778555244},{"rango":{"min":40,"max":49},"vacunados":181360,"personasINE":214943,"porcentaje":0.8437585778555244},{"rango":{"min":50,"max":59},"vacunados":182100,"personasINE":198266,"porcentaje":0.9184630748590278},{"rango":{"min":60,"max":69},"vacunados":152790,"personasINE":156367,"porcentaje":0.9771243293022185},{"rango":{"min":70,"max":79},"vacunados":118842,"personasINE":118955,"porcentaje":0.9990500609474171},{"rango":{"min":80,"max":null},"vacunados":101024,"personasINE":101024,"porcentaje":1}]},"pautaCompleta":{"etarioTotal":{"vacunados":920561,"personasINE":1185134,"porcentaje":0.7767568899381843},"etarioRangos":[{"rango":{"min":12,"max":19},"vacunados":25327,"personasINE":103109,"porcentaje":0.5418363356109233},{"rango":{"min":20,"max":29},"vacunados":70656,"personasINE":130401,"porcentaje":0.8161140395360631},{"rango":{"min":30,"max":39},"vacunados":105403,"personasINE":164286,"porcentaje":0.8161140395360631},{"rango":{"min":40,"max":49},"vacunados":175418,"personasINE":214943,"porcentaje":0.8161140395360631},{"rango":{"min":50,"max":59},"vacunados":178072,"personasINE":198266,"porcentaje":0.8981469339170609},{"rango":{"min":60,"max":69},"vacunados":148473,"personasINE":156367,"porcentaje":0.9495162022677419},{"rango":{"min":70,"max":79},"vacunados":117853,"personasINE":118955,"porcentaje":0.9907359926022445},{"rango":{"min":80,"max":null},"vacunados":99359,"personasINE":99359,"porcentaje":1}]}}},{"ccaa":"Asturias","dosisAdministradas":1553978,"dosisEntregadas":1570955,"dosisEntregadasModerna":155400,"dosisEntregadasPfizer":1129955,"dosisEntregadasAstrazeneca":235900,"dosisEntregadasJanssen":49700,"dosisPrimeraDosis":837567,"dosisPautaCompletada":775001,"porcentajeEntregadas":0.9891931977682366,"porcentajePoblacionAdministradas":1.525326271319534,"porcentajePoblacionPrimeraDosis":0.8221242186763829,"porcentajePoblacionCompletas":0.7607117897414958,"fechaUltRegistro":1629676800000,"etarios":{"unaDosis":{"etarioTotal":{"vacunados":837567,"personasINE":933927,"porcentaje":0.8968227709446241},"etarioRangos":[{"rango":{"min":12,"max":19},"vacunados":46098,"personasINE":64000,"porcentaje":0.7409336249067765},{"rango":{"min":20,"max":29},"vacunados":58616,"personasINE":79111,"porcentaje":0.8795877671519166},{"rango":{"min":30,"max":39},"vacunados":86002,"personasINE":114451,"porcentaje":0.8795877671519166},{"rango":{"min":40,"max":49},"vacunados":146885,"personasINE":166993,"porcentaje":0.8795877671519166},{"rango":{"min":50,"max":59},"vacunados":150767,"personasINE":162645,"porcentaje":0.9269697808109687},{"rango":{"min":60,"max":69},"vacunados":146443,"personasINE":149652,"porcentaje":0.9785569187180927},{"rango":{"min":70,"max":79},"vacunados":114013,"personasINE":114013,"porcentaje":1},{"rango":{"min":80,"max":null},"vacunados":88743,"personasINE":88743,"porcentaje":1}]},"pautaCompleta":{"etarioTotal":{"vacunados":775001,"personasINE":933927,"porcentaje":0.8298303828885983},"etarioRangos":[{"rango":{"min":12,"max":19},"vacunados":11837,"personasINE":64000,"porcentaje":0.5844952029427007},{"rango":{"min":20,"max":29},"vacunados":46240,"personasINE":79111,"porcentaje":0.8617966022527891},{"rango":{"min":30,"max":39},"vacunados":78510,"personasINE":114451.00000000001,"porcentaje":0.8617966022527891},{"rango":{"min":40,"max":49},"vacunados":143914,"personasINE":166993,"porcentaje":0.8617966022527891},{"rango":{"min":50,"max":59},"vacunados":148829,"personasINE":162645,"porcentaje":0.915054259276338},{"rango":{"min":60,"max":69},"vacunados":144345,"personasINE":149652,"porcentaje":0.9645377275278646},{"rango":{"min":70,"max":79},"vacunados":113526,"personasINE":113526,"porcentaje":1},{"rango":{"min":80,"max":null},"vacunados":87800,"personasINE":87826,"porcentaje":0.9997039601029308}]}}},{"ccaa":"Baleares","dosisAdministradas":1477953,"dosisEntregadas":1763180,"dosisEntregadasModerna":278700,"dosisEntregadasPfizer":1165680,"dosisEntregadasAstrazeneca":256400,"dosisEntregadasJanssen":62400,"dosisPrimeraDosis":810975,"dosisPautaCompletada":749761,"porcentajeEntregadas":0.8382314908290702,"porcentajePoblacionAdministradas":1.261543963815242,"porcentajePoblacionPrimeraDosis":0.6922281128392215,"porcentajePoblacionCompletas":0.63997736318684,"fechaUltRegistro":1629676800000,"etarios":{"unaDosis":{"etarioTotal":{"vacunados":810975,"personasINE":1034867,"porcentaje":0.7836514257387664},"etarioRangos":[{"rango":{"min":12,"max":19},"vacunados":63036,"personasINE":95480,"porcentaje":0.62546577547085},{"rango":{"min":20,"max":29},"vacunados":86278,"personasINE":137942,"porcentaje":0.7778650835224957},{"rango":{"min":30,"max":39},"vacunados":115793,"personasINE":182187.00000000003,"porcentaje":0.7778650835224957},{"rango":{"min":40,"max":49},"vacunados":160374,"personasINE":206172,"porcentaje":0.7778650835224957},{"rango":{"min":50,"max":59},"vacunados":146780,"personasINE":165797,"porcentaje":0.8852994927531861},{"rango":{"min":60,"max":69},"vacunados":108810,"personasINE":117231,"porcentaje":0.9281674642372751},{"rango":{"min":70,"max":79},"vacunados":78703,"personasINE":80516,"porcentaje":0.9774827363505391},{"rango":{"min":80,"max":null},"vacunados":51201,"personasINE":51201,"porcentaje":1}]},"pautaCompleta":{"etarioTotal":{"vacunados":749761,"personasINE":1034867,"porcentaje":0.7244998632674537},"etarioRangos":[{"rango":{"min":12,"max":19},"vacunados":46363,"personasINE":95480,"porcentaje":0.5327093996027316},{"rango":{"min":20,"max":29},"vacunados":73483,"personasINE":137942,"porcentaje":0.7403284636129057},{"rango":{"min":30,"max":39},"vacunados":102068,"personasINE":182187,"porcentaje":0.7403284636129057},{"rango":{"min":40,"max":49},"vacunados":152635,"personasINE":206172,"porcentaje":0.7403284636129057},{"rango":{"min":50,"max":59},"vacunados":142085,"personasINE":165797,"porcentaje":0.8569817306706394},{"rango":{"min":60,"max":69},"vacunados":104711,"personasINE":117231,"porcentaje":0.8932023099692061},{"rango":{"min":70,"max":79},"vacunados":77982,"personasINE":80516,"porcentaje":0.9685279944358886},{"rango":{"min":80,"max":null},"vacunados":50434,"personasINE":50434,"porcentaje":1}]}}},{"ccaa":"Canarias","dosisAdministradas":2868549,"dosisEntregadas":3242210,"dosisEntregadasModerna":443900,"dosisEntregadasPfizer":2160960,"dosisEntregadasAstrazeneca":503700,"dosisEntregadasJanssen":133650,"dosisPrimeraDosis":1593821,"dosisPautaCompletada":1420762,"porcentajeEntregadas":0.8847511419679787,"porcentajePoblacionAdministradas":1.3182960837371414,"porcentajePoblacionPrimeraDosis":0.7324706611175247,"porcentajePoblacionCompletas":0.6529381162819768,"fechaUltRegistro":1629676800000,"etarios":{"unaDosis":{"etarioTotal":{"vacunados":1593821,"personasINE":1960774,"porcentaje":0.8128529856067043},"etarioRangos":[{"rango":{"min":12,"max":19},"vacunados":121592,"personasINE":179797,"porcentaje":0.6769428158317047},{"rango":{"min":20,"max":29},"vacunados":170419,"personasINE":251748.00000000003,"porcentaje":0.7910570111671358},{"rango":{"min":30,"max":39},"vacunados":215792,"personasINE":310934,"porcentaje":0.7910570111671358},{"rango":{"min":40,"max":49},"vacunados":306870,"personasINE":387924,"porcentaje":0.7910570111671358},{"rango":{"min":50,"max":59},"vacunados":314905,"personasINE":350512,"porcentaje":0.8984143196238645},{"rango":{"min":60,"max":69},"vacunados":221349,"personasINE":235092,"porcentaje":0.941542034607728},{"rango":{"min":70,"max":79},"vacunados":150376,"personasINE":154531,"porcentaje":0.9731121910814011},{"rango":{"min":80,"max":null},"vacunados":92518,"personasINE":92518,"porcentaje":1}]},"pautaCompleta":{"etarioTotal":{"vacunados":1420762,"personasINE":1960774,"porcentaje":0.7245924313561889},"etarioRangos":[{"rango":{"min":12,"max":19},"vacunados":47967,"personasINE":179797,"porcentaje":0.5374183707517041},{"rango":{"min":20,"max":29},"vacunados":135294,"personasINE":251748,"porcentaje":0.7579113434590281},{"rango":{"min":30,"max":39},"vacunados":186390,"personasINE":310934,"porcentaje":0.7579113434590281},{"rango":{"min":40,"max":49},"vacunados":294012,"personasINE":387924,"porcentaje":0.7579113434590281},{"rango":{"min":50,"max":59},"vacunados":308389,"personasINE":350512,"porcentaje":0.8798243712055508},{"rango":{"min":60,"max":69},"vacunados":209162,"personasINE":235092,"porcentaje":0.8897027546662584},{"rango":{"min":70,"max":79},"vacunados":148580,"personasINE":154531,"porcentaje":0.961489927587345},{"rango":{"min":80,"max":null},"vacunados":90968,"personasINE":90968,"porcentaje":1}]}}},{"ccaa":"Cantabria","dosisAdministradas":795123,"dosisEntregadas":878495,"dosisEntregadasModerna":99000,"dosisEntregadasPfizer":624345,"dosisEntregadasAstrazeneca":130200,"dosisEntregadasJanssen":24950,"dosisPrimeraDosis":438587,"dosisPautaCompletada":387431,"porcentajeEntregadas":0.9050967848422586,"porcentajePoblacionAdministradas":1.3640696168329316,"porcentajePoblacionPrimeraDosis":0.7524159168303582,"porcentajePoblacionCompletas":0.6646554755920776,"fechaUltRegistro":1629676800000,"etarios":{"unaDosis":{"etarioTotal":{"vacunados":438587,"personasINE":524127,"porcentaje":0.8367952805331532},"etarioRangos":[{"rango":{"min":12,"max":19},"vacunados":16157,"personasINE":43963,"porcentaje":0.6367290367290367},{"rango":{"min":20,"max":29},"vacunados":32158,"personasINE":50505,"porcentaje":0.8606818112080517},{"rango":{"min":30,"max":39},"vacunados":49760,"personasINE":70473,"porcentaje":0.8606818112080517},{"rango":{"min":40,"max":49},"vacunados":84148,"personasINE":97769,"porcentaje":0.8606818112080517},{"rango":{"min":50,"max":59},"vacunados":82390,"personasINE":89964,"porcentaje":0.9158107687519452},{"rango":{"min":60,"max":69},"vacunados":75707,"personasINE":77345,"porcentaje":0.9788221604499321},{"rango":{"min":70,"max":79},"vacunados":55923,"personasINE":55923,"porcentaje":1},{"rango":{"min":80,"max":null},"vacunados":42344,"personasINE":42344,"porcentaje":1}]},"pautaCompleta":{"etarioTotal":{"vacunados":387431,"personasINE":524127,"porcentaje":0.7391929818536347},"etarioRangos":[{"rango":{"min":12,"max":19},"vacunados":1273,"personasINE":43963,"porcentaje":0.24773784773784774},{"rango":{"min":20,"max":29},"vacunados":12512,"personasINE":50505,"porcentaje":0.8269492374883655},{"rango":{"min":30,"max":39},"vacunados":40011,"personasINE":70473,"porcentaje":0.8269492374883655},{"rango":{"min":40,"max":49},"vacunados":80850,"personasINE":97769,"porcentaje":0.8269492374883655},{"rango":{"min":50,"max":59},"vacunados":80732,"personasINE":89964,"porcentaje":0.8973811746920991},{"rango":{"min":60,"max":69},"vacunados":74586,"personasINE":77345,"porcentaje":0.9643286573146292},{"rango":{"min":70,"max":79},"vacunados":55607,"personasINE":55607,"porcentaje":1},{"rango":{"min":80,"max":null},"vacunados":41860,"personasINE":41860,"porcentaje":1}]}}},{"ccaa":"Castilla y Leon","dosisAdministradas":3421168,"dosisEntregadas":3650915,"dosisEntregadasModerna":373900,"dosisEntregadasPfizer":2649765,"dosisEntregadasAstrazeneca":514400,"dosisEntregadasJanssen":112850,"dosisPrimeraDosis":1896751,"dosisPautaCompletada":1708440,"porcentajeEntregadas":0.9370713916922196,"porcentajePoblacionAdministradas":1.4285115398523038,"porcentajePoblacionPrimeraDosis":0.7919899553972203,"porcentajePoblacionCompletas":0.713360540945452,"fechaUltRegistro":1629676800000,"etarios":{"unaDosis":{"etarioTotal":{"vacunados":1896751,"personasINE":2176253,"porcentaje":0.8715673223655521},"etarioRangos":[{"rango":{"min":12,"max":19},"vacunados":85516,"personasINE":165342,"porcentaje":0.726865586760566},{"rango":{"min":20,"max":29},"vacunados":153373,"personasINE":211006,"porcentaje":0.86204428785731},{"rango":{"min":30,"max":39},"vacunados":201397,"personasINE":267783,"porcentaje":0.86204428785731},{"rango":{"min":40,"max":49},"vacunados":313185,"personasINE":363305,"porcentaje":0.86204428785731},{"rango":{"min":50,"max":59},"vacunados":347162,"personasINE":381175,"porcentaje":0.9107680199383485},{"rango":{"min":60,"max":69},"vacunados":317289,"personasINE":318575,"porcentaje":0.9959632739543278},{"rango":{"min":70,"max":79},"vacunados":249815,"personasINE":249815,"porcentaje":1},{"rango":{"min":80,"max":null},"vacunados":229014,"personasINE":229014,"porcentaje":1}]},"pautaCompleta":{"etarioTotal":{"vacunados":1708440,"personasINE":2176253,"porcentaje":0.7850374014418361},"etarioRangos":[{"rango":{"min":12,"max":19},"vacunados":11092,"personasINE":165342,"porcentaje":0.4015193880742728},{"rango":{"min":20,"max":29},"vacunados":84723,"personasINE":211006,"porcentaje":0.8378855231830005},{"rango":{"min":30,"max":39},"vacunados":183115,"personasINE":267783,"porcentaje":0.8378855231830005},{"rango":{"min":40,"max":49},"vacunados":304408,"personasINE":363305,"porcentaje":0.8378855231830005},{"rango":{"min":50,"max":59},"vacunados":341074,"personasINE":381175,"porcentaje":0.894796353380993},{"rango":{"min":60,"max":69},"vacunados":309703,"personasINE":318575,"porcentaje":0.9721509848544299},{"rango":{"min":70,"max":79},"vacunados":248170,"personasINE":248170,"porcentaje":1},{"rango":{"min":80,"max":null},"vacunados":226155,"personasINE":226155,"porcentaje":1}]}}},{"ccaa":"Castilla La Mancha","dosisAdministradas":2746785,"dosisEntregadas":3085190,"dosisEntregadasModerna":387800,"dosisEntregadasPfizer":2135115,"dosisEntregadasAstrazeneca":460900,"dosisEntregadasJanssen":101375,"dosisPrimeraDosis":1546217,"dosisPautaCompletada":1350653,"porcentajeEntregadas":0.8903130763421377,"porcentajePoblacionAdministradas":1.343026010392031,"porcentajePoblacionPrimeraDosis":0.7560146311816669,"porcentajePoblacionCompletas":0.6603946468376767,"fechaUltRegistro":1629676800000},{"ccaa":"Cataluña","dosisAdministradas":9976690,"dosisEntregadas":11765440,"dosisEntregadasModerna":1535500,"dosisEntregadasPfizer":8092340,"dosisEntregadasAstrazeneca":1698100,"dosisEntregadasJanssen":439500,"dosisPrimeraDosis":5593132,"dosisPautaCompletada":4957377,"porcentajeEntregadas":0.847965736938015,"porcentajePoblacionAdministradas":1.2822719526651252,"porcentajePoblacionPrimeraDosis":0.7188673088122209,"porcentajePoblacionCompletas":0.6371557586621595,"fechaUltRegistro":1629676800000,"etarios":{"unaDosis":{"etarioTotal":{"vacunados":5593132,"personasINE":6868360,"porcentaje":0.814332970316058},"etarioRangos":[{"rango":{"min":12,"max":19},"vacunados":397292,"personasINE":656166,"porcentaje":0.6483565472891225},{"rango":{"min":20,"max":29},"vacunados":543929,"personasINE":838935,"porcentaje":0.8235260166090123},{"rango":{"min":30,"max":39},"vacunados":704942,"personasINE":1044651.9999999999,"porcentaje":0.8235260166090123},{"rango":{"min":40,"max":49},"vacunados":1084382,"personasINE":1316755,"porcentaje":0.8235260166090123},{"rango":{"min":50,"max":59},"vacunados":999253,"personasINE":1091780,"porcentaje":0.9152512410925278},{"rango":{"min":60,"max":69},"vacunados":789950,"personasINE":837584,"porcentaje":0.943129286137271},{"rango":{"min":70,"max":79},"vacunados":615655,"personasINE":635292,"porcentaje":0.969089804373422},{"rango":{"min":80,"max":null},"vacunados":457729,"personasINE":457729,"porcentaje":1}]},"pautaCompleta":{"etarioTotal":{"vacunados":4957377,"personasINE":6868360,"porcentaje":0.7217701168837976},"etarioRangos":[{"rango":{"min":12,"max":19},"vacunados":165250,"personasINE":656166,"porcentaje":0.49011782796044984},{"rango":{"min":20,"max":29},"vacunados":411177,"personasINE":838935,"porcentaje":0.7836378065775335},{"rango":{"min":30,"max":39},"vacunados":589238,"personasINE":1044652,"porcentaje":0.7836378065775335},{"rango":{"min":40,"max":49},"vacunados":1031859,"personasINE":1316755,"porcentaje":0.7836378065775335},{"rango":{"min":50,"max":59},"vacunados":936721,"personasINE":1091780,"porcentaje":0.8579759658539267},{"rango":{"min":60,"max":69},"vacunados":765640,"personasINE":837584,"porcentaje":0.9141053315249575},{"rango":{"min":70,"max":79},"vacunados":607376,"personasINE":635292,"porcentaje":0.9560580016748204},{"rango":{"min":80,"max":null},"vacunados":450116,"personasINE":450116,"porcentaje":1}]}}},{"ccaa":"C. Valenciana","dosisAdministradas":6747401,"dosisEntregadas":7620680,"dosisEntregadasModerna":1057200,"dosisEntregadasPfizer":5349430,"dosisEntregadasAstrazeneca":906800,"dosisEntregadasJanssen":307250,"dosisPrimeraDosis":3879583,"dosisPautaCompletada":3260475,"porcentajeEntregadas":0.8854066828681955,"porcentajePoblacionAdministradas":1.3341763962294109,"porcentajePoblacionPrimeraDosis":0.7671173042498715,"porcentajePoblacionCompletas":0.6446999052666483,"fechaUltRegistro":1629676800000,"etarios":{"unaDosis":{"etarioTotal":{"vacunados":3879583,"personasINE":4488459,"porcentaje":0.8643463157399901},"etarioRangos":[{"rango":{"min":12,"max":19},"vacunados":292170,"personasINE":424531,"porcentaje":0.7226917458140066},{"rango":{"min":20,"max":29},"vacunados":373000,"personasINE":516126,"porcentaje":0.8673125971714022},{"rango":{"min":30,"max":39},"vacunados":472977,"personasINE":648759,"porcentaje":0.8673125971714022},{"rango":{"min":40,"max":49},"vacunados":738593,"personasINE":851588,"porcentaje":0.8673125971714022},{"rango":{"min":50,"max":59},"vacunados":708600,"personasINE":752334,"porcentaje":0.9418689039708428},{"rango":{"min":60,"max":69},"vacunados":564796,"personasINE":580728,"porcentaje":0.9725654695485666},{"rango":{"min":70,"max":79},"vacunados":432972,"personasINE":437862,"porcentaje":0.9888320977842334},{"rango":{"min":80,"max":null},"vacunados":296475,"personasINE":296475,"porcentaje":1}]},"pautaCompleta":{"etarioTotal":{"vacunados":3260475,"personasINE":4488459,"porcentaje":0.7264130072258652},"etarioRangos":[{"rango":{"min":12,"max":19},"vacunados":28400,"personasINE":424530.99999999994,"porcentaje":0.29921182036944466},{"rango":{"min":20,"max":29},"vacunados":154431,"personasINE":516126,"porcentaje":0.83645495239482},{"rango":{"min":30,"max":39},"vacunados":406857,"personasINE":648759,"porcentaje":0.83645495239482},{"rango":{"min":40,"max":49},"vacunados":712315,"personasINE":851588,"porcentaje":0.83645495239482},{"rango":{"min":50,"max":59},"vacunados":696457,"personasINE":752334,"porcentaje":0.9257284663460644},{"rango":{"min":60,"max":69},"vacunados":540977,"personasINE":580728,"porcentaje":0.9315497100191483},{"rango":{"min":70,"max":79},"vacunados":429082,"personasINE":437862,"porcentaje":0.9799480201524682},{"rango":{"min":80,"max":null},"vacunados":291956,"personasINE":291956,"porcentaje":1}]}}},{"ccaa":"Extremadura","dosisAdministradas":1535334,"dosisEntregadas":1603215,"dosisEntregadasModerna":187900,"dosisEntregadasPfizer":1135565,"dosisEntregadasAstrazeneca":228000,"dosisEntregadasJanssen":51750,"dosisPrimeraDosis":857413,"dosisPautaCompletada":755650,"porcentajeEntregadas":0.9576594530365546,"porcentajePoblacionAdministradas":1.4430007133545804,"porcentajePoblacionPrimeraDosis":0.8058491316153299,"porcentajePoblacionCompletas":0.710206045750559,"fechaUltRegistro":1629676800000,"etarios":{"unaDosis":{"etarioTotal":{"vacunados":857413,"personasINE":953437,"porcentaje":0.8992864761908758},"etarioRangos":[{"rango":{"min":12,"max":19},"vacunados":53916,"personasINE":84750,"porcentaje":0.7475291210730675},{"rango":{"min":20,"max":29},"vacunados":84710,"personasINE":113320,"porcentaje":0.9034258342006596},{"rango":{"min":30,"max":39},"vacunados":108923,"personasINE":133479,"porcentaje":0.9034258342006596},{"rango":{"min":40,"max":49},"vacunados":144091,"personasINE":159494,"porcentaje":0.9034258342006596},{"rango":{"min":50,"max":59},"vacunados":159945,"personasINE":169216,"porcentaje":0.9452120366868382},{"rango":{"min":60,"max":69},"vacunados":131915,"personasINE":131915,"porcentaje":1},{"rango":{"min":70,"max":79},"vacunados":95766,"personasINE":95766,"porcentaje":1},{"rango":{"min":80,"max":null},"vacunados":78147,"personasINE":78147,"porcentaje":1}]},"pautaCompleta":{"etarioTotal":{"vacunados":755650,"personasINE":953437,"porcentaje":0.7925536768554189},"etarioRangos":[{"rango":{"min":12,"max":19},"vacunados":5617,"personasINE":84750,"porcentaje":0.4359071655488881},{"rango":{"min":20,"max":29},"vacunados":49397,"personasINE":113320,"porcentaje":0.8842715086460933},{"rango":{"min":30,"max":39},"vacunados":100502,"personasINE":133479,"porcentaje":0.8842715086460933},{"rango":{"min":40,"max":49},"vacunados":141036,"personasINE":159494,"porcentaje":0.8842715086460933},{"rango":{"min":50,"max":59},"vacunados":157887,"personasINE":169216,"porcentaje":0.9330500661875946},{"rango":{"min":60,"max":69},"vacunados":129184,"personasINE":125297,"porcentaje":1.0310222910364972},{"rango":{"min":70,"max":79},"vacunados":95012,"personasINE":95012,"porcentaje":1},{"rango":{"min":80,"max":null},"vacunados":77015,"personasINE":77015,"porcentaje":1}]}}},{"ccaa":"Galicia","dosisAdministradas":3917623,"dosisEntregadas":4052675,"dosisEntregadasModerna":436400,"dosisEntregadasPfizer":2911075,"dosisEntregadasAstrazeneca":573400,"dosisEntregadasJanssen":131800,"dosisPrimeraDosis":2173223,"dosisPautaCompletada":1921206,"porcentajeEntregadas":0.966675837564078,"porcentajePoblacionAdministradas":1.4499946147391813,"porcentajePoblacionPrimeraDosis":0.8043555101211443,"porcentajePoblacionCompletas":0.7110787214095393,"fechaUltRegistro":1629676800000,"etarios":{"unaDosis":{"etarioTotal":{"vacunados":2173223,"personasINE":2454497,"porcentaje":0.8854046266913344},"etarioRangos":[{"rango":{"min":12,"max":19},"vacunados":96932,"personasINE":180007,"porcentaje":0.7541832445092886},{"rango":{"min":20,"max":29},"vacunados":174202,"personasINE":230981,"porcentaje":0.8963632138368895},{"rango":{"min":30,"max":39},"vacunados":246154,"personasINE":323408,"porcentaje":0.8963632138368895},{"rango":{"min":40,"max":49},"vacunados":397287,"personasINE":443221,"porcentaje":0.8963632138368895},{"rango":{"min":50,"max":59},"vacunados":385151,"personasINE":405889,"porcentaje":0.9489072135485317},{"rango":{"min":60,"max":69},"vacunados":341537,"personasINE":346927,"porcentaje":0.9844635903230362},{"rango":{"min":70,"max":79},"vacunados":290305,"personasINE":290305,"porcentaje":1},{"rango":{"min":80,"max":null},"vacunados":241655,"personasINE":241655,"porcentaje":1}]},"pautaCompleta":{"etarioTotal":{"vacunados":1921206,"personasINE":2454497,"porcentaje":0.7827290072059571},"etarioRangos":[{"rango":{"min":12,"max":19},"vacunados":12024,"personasINE":180007,"porcentaje":0.19375186703668268},{"rango":{"min":20,"max":29},"vacunados":44753,"personasINE":230981,"porcentaje":0.8794371205335487},{"rango":{"min":30,"max":39},"vacunados":226010,"personasINE":323408,"porcentaje":0.8794371205335487},{"rango":{"min":40,"max":49},"vacunados":389785,"personasINE":443221,"porcentaje":0.8794371205335487},{"rango":{"min":50,"max":59},"vacunados":381669,"personasINE":405889,"porcentaje":0.9403285134605767},{"rango":{"min":60,"max":69},"vacunados":338302,"personasINE":346927,"porcentaje":0.975138862066083},{"rango":{"min":70,"max":79},"vacunados":288895,"personasINE":289762,"porcentaje":0.9970078892332328},{"rango":{"min":80,"max":null},"vacunados":239768,"personasINE":239768,"porcentaje":1}]}}},{"ccaa":"La Rioja","dosisAdministradas":428698,"dosisEntregadas":481585,"dosisEntregadasModerna":58600,"dosisEntregadasPfizer":346385,"dosisEntregadasAstrazeneca":61400,"dosisEntregadasJanssen":15200,"dosisPrimeraDosis":244611,"dosisPautaCompletada":214836,"porcentajeEntregadas":0.8901813802340189,"porcentajePoblacionAdministradas":1.3400413861225204,"porcentajePoblacionPrimeraDosis":0.7646148652450346,"porcentajePoblacionCompletas":0.6715429771751158,"fechaUltRegistro":1629676800000,"etarios":{"unaDosis":{"etarioTotal":{"vacunados":244611,"personasINE":283970,"porcentaje":0.8613973307039476},"etarioRangos":[{"rango":{"min":12,"max":19},"vacunados":15094,"personasINE":25532.000000000004,"porcentaje":0.6618294044257667},{"rango":{"min":20,"max":29},"vacunados":20158,"personasINE":30458,"porcentaje":0.8733072695336846},{"rango":{"min":30,"max":39},"vacunados":28747,"personasINE":39319,"porcentaje":0.8733072695336846},{"rango":{"min":40,"max":49},"vacunados":46239,"personasINE":52947,"porcentaje":0.8733072695336846},{"rango":{"min":50,"max":59},"vacunados":44742,"personasINE":47664,"porcentaje":0.9386958710976838},{"rango":{"min":60,"max":69},"vacunados":37703,"personasINE":37718,"porcentaje":0.9996023118935257},{"rango":{"min":70,"max":79},"vacunados":28596,"personasINE":28596,"porcentaje":1},{"rango":{"min":80,"max":null},"vacunados":23332,"personasINE":23332,"porcentaje":1}]},"pautaCompleta":{"etarioTotal":{"vacunados":214836,"personasINE":283970,"porcentaje":0.7565447054266295},"etarioRangos":[{"rango":{"min":12,"max":19},"vacunados":2806,"personasINE":25532,"porcentaje":0.37638715608378753},{"rango":{"min":20,"max":29},"vacunados":11464,"personasINE":30458,"porcentaje":0.834721513966797},{"rango":{"min":30,"max":39},"vacunados":24835,"personasINE":39319,"porcentaje":0.834721513966797},{"rango":{"min":40,"max":49},"vacunados":44196,"personasINE":52947,"porcentaje":0.834721513966797},{"rango":{"min":50,"max":59},"vacunados":43563,"personasINE":47664,"porcentaje":0.913960221550856},{"rango":{"min":60,"max":69},"vacunados":36414,"personasINE":37718,"porcentaje":0.9654276472771621},{"rango":{"min":70,"max":79},"vacunados":28457,"personasINE":28457,"porcentaje":1},{"rango":{"min":80,"max":null},"vacunados":23101,"personasINE":23101,"porcentaje":1}]}}},{"ccaa":"Madrid","dosisAdministradas":8826101,"dosisEntregadas":10261709,"dosisEntregadasModerna":1455000,"dosisEntregadasPfizer":7115859,"dosisEntregadasAstrazeneca":1309400,"dosisEntregadasJanssen":381450,"dosisPrimeraDosis":4998713,"dosisPautaCompletada":4457179,"porcentajeEntregadas":0.8601004959310384,"porcentajePoblacionAdministradas":1.30180631302464,"porcentajePoblacionPrimeraDosis":0.737285483182023,"porcentajePoblacionCompletas":0.6574118923498441,"fechaUltRegistro":1629676800000,"etarios":{"unaDosis":{"etarioTotal":{"vacunados":4998713,"personasINE":5977937,"porcentaje":0.8361936567749041},"etarioRangos":[{"rango":{"min":12,"max":19},"vacunados":299058,"personasINE":553542,"porcentaje":0.7019845786053402},{"rango":{"min":20,"max":29},"vacunados":521206,"personasINE":742475,"porcentaje":0.8557905814124022},{"rango":{"min":30,"max":39},"vacunados":690776,"personasINE":949640,"porcentaje":0.8557905814124022},{"rango":{"min":40,"max":49},"vacunados":997827,"personasINE":1165971,"porcentaje":0.8557905814124022},{"rango":{"min":50,"max":59},"vacunados":925283,"personasINE":972783,"porcentaje":0.951171021697542},{"rango":{"min":60,"max":69},"vacunados":682117,"personasINE":703323,"porcentaje":0.969848846120488},{"rango":{"min":70,"max":79},"vacunados":509282,"personasINE":526081,"porcentaje":0.968067654980887},{"rango":{"min":80,"max":null},"vacunados":373164,"personasINE":373164,"porcentaje":1}]},"pautaCompleta":{"etarioTotal":{"vacunados":4457179,"personasINE":5977937,"porcentaje":0.7456048800781943},"etarioRangos":[{"rango":{"min":12,"max":19},"vacunados":95824,"personasINE":553542,"porcentaje":0.5033502811542476},{"rango":{"min":20,"max":29},"vacunados":373725,"personasINE":742475,"porcentaje":0.8149259286894786},{"rango":{"min":30,"max":39},"vacunados":586017,"personasINE":949640,"porcentaje":0.8149259286894786},{"rango":{"min":40,"max":49},"vacunados":950180,"personasINE":1165971,"porcentaje":0.8149259286894786},{"rango":{"min":50,"max":59},"vacunados":909131,"personasINE":972783,"porcentaje":0.9345671131177251},{"rango":{"min":60,"max":69},"vacunados":666674,"personasINE":703323,"porcentaje":0.9478916514887186},{"rango":{"min":70,"max":79},"vacunados":506181,"personasINE":526081,"porcentaje":0.9621731254312549},{"rango":{"min":80,"max":null},"vacunados":369447,"personasINE":369447,"porcentaje":1}]}}},{"ccaa":"Murcia","dosisAdministradas":1988971,"dosisEntregadas":2277945,"dosisEntregadasModerna":354400,"dosisEntregadasPfizer":1575545,"dosisEntregadasAstrazeneca":259900,"dosisEntregadasJanssen":88100,"dosisPrimeraDosis":1128420,"dosisPautaCompletada":924914,"porcentajeEntregadas":0.8731426790374658,"porcentajePoblacionAdministradas":1.3161089719709036,"porcentajePoblacionPrimeraDosis":0.7466794066637508,"porcentajePoblacionCompletas":0.6120187844375289,"fechaUltRegistro":1629676800000,"etarios":{"unaDosis":{"etarioTotal":{"vacunados":1128420,"personasINE":1310137,"porcentaje":0.8612992381712752},"etarioRangos":[{"rango":{"min":12,"max":19},"vacunados":96919,"personasINE":141894,"porcentaje":0.7304816311365009},{"rango":{"min":20,"max":29},"vacunados":125824,"personasINE":172248,"porcentaje":0.8829503023721558},{"rango":{"min":30,"max":39},"vacunados":154752,"personasINE":209002.99999999997,"porcentaje":0.8829503023721558},{"rango":{"min":40,"max":49},"vacunados":224408,"personasINE":254157,"porcentaje":0.8829503023721558},{"rango":{"min":50,"max":59},"vacunados":203967,"personasINE":213256,"porcentaje":0.9564420227332407},{"rango":{"min":60,"max":69},"vacunados":146205,"personasINE":146909,"porcentaje":0.9952079178266818},{"rango":{"min":70,"max":79},"vacunados":102610,"personasINE":102899,"porcentaje":0.9971914207135152},{"rango":{"min":80,"max":null},"vacunados":73735,"personasINE":73735,"porcentaje":1}]},"pautaCompleta":{"etarioTotal":{"vacunados":924914,"personasINE":1310137,"porcentaje":0.7059673911964932},"etarioRangos":[{"rango":{"min":12,"max":19},"vacunados":9163,"personasINE":141894,"porcentaje":0.5006618364219033},{"rango":{"min":20,"max":29},"vacunados":86238,"personasINE":172248,"porcentaje":0.7997733684297501},{"rango":{"min":30,"max":39},"vacunados":128154,"personasINE":209003,"porcentaje":0.7997733684297501},{"rango":{"min":40,"max":49},"vacunados":203268,"personasINE":254157,"porcentaje":0.7997733684297501},{"rango":{"min":50,"max":59},"vacunados":190361,"personasINE":213256,"porcentaje":0.8926407697790449},{"rango":{"min":60,"max":69},"vacunados":135171,"personasINE":146909,"porcentaje":0.9201001980818058},{"rango":{"min":70,"max":79},"vacunados":100025,"personasINE":102899,"porcentaje":0.9720696994139885},{"rango":{"min":80,"max":null},"vacunados":72534,"personasINE":72534,"porcentaje":1}]}}},{"ccaa":"Navarra","dosisAdministradas":892392,"dosisEntregadas":998375,"dosisEntregadasModerna":132400,"dosisEntregadasPfizer":687525,"dosisEntregadasAstrazeneca":145700,"dosisEntregadasJanssen":32750,"dosisPrimeraDosis":498120,"dosisPautaCompletada":447467,"porcentajeEntregadas":0.8938444973081257,"porcentajePoblacionAdministradas":1.3496612961038843,"porcentajePoblacionPrimeraDosis":0.7533609499135658,"porcentajePoblacionCompletas":0.6767529193266152,"fechaUltRegistro":1629676800000,"etarios":{"unaDosis":{"etarioTotal":{"vacunados":498120,"personasINE":581354,"porcentaje":0.8568273375602473},"etarioRangos":[{"rango":{"min":12,"max":19},"vacunados":36921,"personasINE":56388,"porcentaje":0.7188339424897617},{"rango":{"min":20,"max":29},"vacunados":48972,"personasINE":68127,"porcentaje":0.8575859706301735},{"rango":{"min":30,"max":39},"vacunados":59775,"personasINE":81341,"porcentaje":0.8575859706301735},{"rango":{"min":40,"max":49},"vacunados":92621,"personasINE":108002,"porcentaje":0.8575859706301735},{"rango":{"min":50,"max":59},"vacunados":90143,"personasINE":96694,"porcentaje":0.9322501913252115},{"rango":{"min":60,"max":69},"vacunados":71474,"personasINE":73844,"porcentaje":0.9679053139049889},{"rango":{"min":70,"max":79},"vacunados":55772,"personasINE":55792,"porcentaje":0.9996415256667622},{"rango":{"min":80,"max":null},"vacunados":42442,"personasINE":42442,"porcentaje":1}]},"pautaCompleta":{"etarioTotal":{"vacunados":447467,"personasINE":581354,"porcentaje":0.7696979809204031},"etarioRangos":[{"rango":{"min":12,"max":19},"vacunados":10109,"personasINE":56388,"porcentaje":0.5569157602712581},{"rango":{"min":20,"max":29},"vacunados":37941,"personasINE":68127,"porcentaje":0.8283365122868095},{"rango":{"min":30,"max":39},"vacunados":54240,"personasINE":81341,"porcentaje":0.8283365122868095},{"rango":{"min":40,"max":49},"vacunados":89462,"personasINE":108002,"porcentaje":0.8283365122868095},{"rango":{"min":50,"max":59},"vacunados":88456,"personasINE":96694,"porcentaje":0.9148034004178129},{"rango":{"min":60,"max":69},"vacunados":69740,"personasINE":73844,"porcentaje":0.9444233790152213},{"rango":{"min":70,"max":79},"vacunados":55565,"personasINE":55792,"porcentaje":0.9959313163177517},{"rango":{"min":80,"max":null},"vacunados":41954,"personasINE":41954,"porcentaje":1}]}}},{"ccaa":"País Vasco","dosisAdministradas":3019879,"dosisEntregadas":3326700,"dosisEntregadasModerna":444700,"dosisEntregadasPfizer":2326950,"dosisEntregadasAstrazeneca":444200,"dosisEntregadasJanssen":110850,"dosisPrimeraDosis":1687186,"dosisPautaCompletada":1520990,"porcentajeEntregadas":0.907770162623621,"porcentajePoblacionAdministradas":1.3599970997575326,"porcentajePoblacionPrimeraDosis":0.7598211937470052,"porcentajePoblacionCompletas":0.6849751227649218,"fechaUltRegistro":1629676800000,"etarios":{"unaDosis":{"etarioTotal":{"vacunados":1687186,"personasINE":1983943,"porcentaje":0.8504206018015639},"etarioRangos":[{"rango":{"min":12,"max":19},"vacunados":88477,"personasINE":168606,"porcentaje":0.6535919497454524},{"rango":{"min":20,"max":29},"vacunados":131721,"personasINE":201534,"porcentaje":0.8565527030124291},{"rango":{"min":30,"max":39},"vacunados":186142,"personasINE":260543,"porcentaje":0.8565527030124291},{"rango":{"min":40,"max":49},"vacunados":310186,"personasINE":362133,"porcentaje":0.8565527030124291},{"rango":{"min":50,"max":59},"vacunados":317307,"personasINE":339977,"porcentaje":0.9333190186394962},{"rango":{"min":60,"max":69},"vacunados":276172,"personasINE":280119,"porcentaje":0.9859095598656286},{"rango":{"min":70,"max":79},"vacunados":213312,"personasINE":213312,"porcentaje":1},{"rango":{"min":80,"max":null},"vacunados":163869,"personasINE":163869,"porcentaje":1}]},"pautaCompleta":{"etarioTotal":{"vacunados":1520990,"personasINE":1983943,"porcentaje":0.7666500499258295},"etarioRangos":[{"rango":{"min":12,"max":19},"vacunados":28130,"personasINE":168606,"porcentaje":0.37195212718449494},{"rango":{"min":20,"max":29},"vacunados":74961,"personasINE":201534,"porcentaje":0.8379987463169609},{"rango":{"min":30,"max":39},"vacunados":158006,"personasINE":260543,"porcentaje":0.8379987463169609},{"rango":{"min":40,"max":49},"vacunados":303467,"personasINE":362133,"porcentaje":0.8379987463169609},{"rango":{"min":50,"max":59},"vacunados":313071,"personasINE":339977,"porcentaje":0.9208593522502992},{"rango":{"min":60,"max":69},"vacunados":270310,"personasINE":280119,"porcentaje":0.9649827394785787},{"rango":{"min":70,"max":79},"vacunados":211575,"personasINE":213081,"porcentaje":0.9929322651949258},{"rango":{"min":80,"max":null},"vacunados":161470,"personasINE":157950,"porcentaje":1.0222855333966445}]}}},{"ccaa":"Ceuta","dosisAdministradas":101019,"dosisEntregadas":129210,"dosisEntregadasModerna":18400,"dosisEntregadasPfizer":88560,"dosisEntregadasAstrazeneca":18100,"dosisEntregadasJanssen":4150,"dosisPrimeraDosis":56905,"dosisPautaCompletada":50577,"porcentajeEntregadas":0.7818202925470165,"porcentajePoblacionAdministradas":1.1997220968623072,"porcentajePoblacionPrimeraDosis":0.6758153012992566,"porcentajePoblacionCompletas":0.6006626920975748,"fechaUltRegistro":1629676800000,"etarios":{"unaDosis":{"etarioTotal":{"vacunados":56905,"personasINE":70965,"porcentaje":0.8018741633199464},"etarioRangos":[{"rango":{"min":12,"max":19},"vacunados":5931,"personasINE":9126,"porcentaje":0.7144159751983222},{"rango":{"min":20,"max":29},"vacunados":7835,"personasINE":10967,"porcentaje":0.8427464008859358},{"rango":{"min":30,"max":39},"vacunados":8446,"personasINE":11894,"porcentaje":0.8427464008859358},{"rango":{"min":40,"max":49},"vacunados":10654,"personasINE":12642,"porcentaje":0.8427464008859358},{"rango":{"min":50,"max":59},"vacunados":10262,"personasINE":11556,"porcentaje":0.8880235375562479},{"rango":{"min":60,"max":69},"vacunados":7530,"personasINE":7857,"porcentaje":0.9583810614738449},{"rango":{"min":70,"max":79},"vacunados":3864,"personasINE":4318,"porcentaje":0.8948587308939324},{"rango":{"min":80,"max":null},"vacunados":2383,"personasINE":2605,"porcentaje":0.9147792706333974}]},"pautaCompleta":{"etarioTotal":{"vacunados":50577,"personasINE":70965,"porcentaje":0.7127034453603889},"etarioRangos":[{"rango":{"min":12,"max":19},"vacunados":3057,"personasINE":9126,"porcentaje":0.6079146530500593},{"rango":{"min":20,"max":29},"vacunados":6667,"personasINE":10967,"porcentaje":0.7906976744186046},{"rango":{"min":30,"max":39},"vacunados":7535,"personasINE":11894,"porcentaje":0.7906976744186046},{"rango":{"min":40,"max":49},"vacunados":9996,"personasINE":12642,"porcentaje":0.7906976744186046},{"rango":{"min":50,"max":59},"vacunados":9943,"personasINE":11556,"porcentaje":0.8604188300449983},{"rango":{"min":60,"max":69},"vacunados":7214,"personasINE":7857,"porcentaje":0.9181621484026983},{"rango":{"min":70,"max":79},"vacunados":3813,"personasINE":4318,"porcentaje":0.8830477072718851},{"rango":{"min":80,"max":null},"vacunados":2352,"personasINE":2605,"porcentaje":0.9028790786948176}]}}},{"ccaa":"Melilla","dosisAdministradas":92718,"dosisEntregadas":129880,"dosisEntregadasModerna":19300,"dosisEntregadasPfizer":89730,"dosisEntregadasAstrazeneca":15100,"dosisEntregadasJanssen":5750,"dosisPrimeraDosis":53134,"dosisPautaCompletada":47895,"porcentajeEntregadas":0.7138743455497382,"porcentajePoblacionAdministradas":1.0647939730809868,"porcentajePoblacionPrimeraDosis":0.610202581652809,"porcentajePoblacionCompletas":0.5500367495061785,"fechaUltRegistro":1629331200000,"etarios":{"unaDosis":{"etarioTotal":{"vacunados":53134,"personasINE":70927,"porcentaje":0.749136436053971},"etarioRangos":[{"rango":{"min":12,"max":19},"vacunados":6021,"personasINE":9574,"porcentaje":0.6399333055439766},{"rango":{"min":20,"max":29},"vacunados":7676,"personasINE":11995,"porcentaje":0.8057823696050658},{"rango":{"min":30,"max":39},"vacunados":8038,"personasINE":12133,"porcentaje":0.8057823696050658},{"rango":{"min":40,"max":49},"vacunados":9671,"personasINE":12002,"porcentaje":0.8057823696050658},{"rango":{"min":50,"max":59},"vacunados":9425,"personasINE":11299,"porcentaje":0.8341446145676609},{"rango":{"min":60,"max":69},"vacunados":7018,"personasINE":7827,"porcentaje":0.8966398364635237},{"rango":{"min":70,"max":79},"vacunados":3288,"personasINE":3747.9999999999995,"porcentaje":0.8772678762006404},{"rango":{"min":80,"max":null},"vacunados":1997,"personasINE":2349,"porcentaje":0.8501489995742869}]},"pautaCompleta":{"etarioTotal":{"vacunados":47895,"personasINE":70927,"porcentaje":0.6752717582866892},"etarioRangos":[{"rango":{"min":12,"max":19},"vacunados":3209,"personasINE":9574,"porcentaje":0.557565652355148},{"rango":{"min":20,"max":29},"vacunados":6688,"personasINE":11995,"porcentaje":0.7802866188968505},{"rango":{"min":30,"max":39},"vacunados":7457,"personasINE":12133,"porcentaje":0.7802866188968505},{"rango":{"min":40,"max":49},"vacunados":9365,"personasINE":12002,"porcentaje":0.7802866188968505},{"rango":{"min":50,"max":59},"vacunados":9190,"personasINE":11299,"porcentaje":0.8133463138330825},{"rango":{"min":60,"max":69},"vacunados":6844,"personasINE":7827,"porcentaje":0.8744090967164941},{"rango":{"min":70,"max":79},"vacunados":3198,"personasINE":3748,"porcentaje":0.8532550693703308},{"rango":{"min":80,"max":null},"vacunados":1944,"personasINE":2349,"porcentaje":0.8275862068965517}]}}},{"ccaa":"Fuerzas Armadas","dosisAdministradas":170171,"dosisEntregadas":213568,"dosisEntregadasModerna":58300,"dosisEntregadasPfizer":49368,"dosisEntregadasAstrazeneca":103900,"dosisEntregadasJanssen":2000,"dosisPrimeraDosis":91449,"dosisPautaCompletada":84844,"porcentajeEntregadas":0.7968000824093497,"porcentajePoblacionAdministradas":null,"porcentajePoblacionPrimeraDosis":null,"porcentajePoblacionCompletas":null,"fechaUltRegistro":1629676800000},{"ccaa":"Sanidad Exterior","dosisAdministradas":4713,"dosisEntregadas":6890,"dosisEntregadasModerna":4180,"dosisEntregadasPfizer":0,"dosisEntregadasAstrazeneca":0,"dosisEntregadasJanssen":2710,"dosisPrimeraDosis":3578,"dosisPautaCompletada":3088,"porcentajeEntregadas":0.6840348330914369,"porcentajePoblacionAdministradas":null,"porcentajePoblacionPrimeraDosis":null,"porcentajePoblacionCompletas":null,"fechaUltRegistro":1629244800000,"etarios":{"unaDosis":{"etarioTotal":{"vacunados":3578,"personasINE":"-","porcentaje":"-"},"etarioRangos":[{"rango":{"min":12,"max":19},"vacunados":130,"personasINE":null,"porcentaje":"-"},{"rango":{"min":20,"max":29},"vacunados":906,"personasINE":null,"porcentaje":"-"},{"rango":{"min":30,"max":39},"vacunados":992,"personasINE":null,"porcentaje":"-"},{"rango":{"min":40,"max":49},"vacunados":886,"personasINE":null,"porcentaje":"-"},{"rango":{"min":50,"max":59},"vacunados":460,"personasINE":null,"porcentaje":"-"},{"rango":{"min":60,"max":69},"vacunados":161,"personasINE":null,"porcentaje":"-"},{"rango":{"min":70,"max":79},"vacunados":22,"personasINE":null,"porcentaje":"-"},{"rango":{"min":80,"max":null},"vacunados":21,"personasINE":null,"porcentaje":"-"}]},"pautaCompleta":{"etarioTotal":{"vacunados":3088,"personasINE":"-","porcentaje":"-"},"etarioRangos":[{"rango":{"min":12,"max":19},"vacunados":69,"personasINE":null,"porcentaje":"-"},{"rango":{"min":20,"max":29},"vacunados":754,"personasINE":null,"porcentaje":"-"},{"rango":{"min":30,"max":39},"vacunados":845,"personasINE":null,"porcentaje":"-"},{"rango":{"min":40,"max":49},"vacunados":798,"personasINE":null,"porcentaje":"-"},{"rango":{"min":50,"max":59},"vacunados":440,"personasINE":null,"porcentaje":"-"},{"rango":{"min":60,"max":69},"vacunados":147,"personasINE":null,"porcentaje":"-"},{"rango":{"min":70,"max":79},"vacunados":19,"personasINE":null,"porcentaje":"-"},{"rango":{"min":80,"max":null},"vacunados":16,"personasINE":null,"porcentaje":"-"}]}}},{"ccaa":"Totales","dosisAdministradas":63938402,"dosisEntregadas":71756402,"dosisEntregadasModerna":9397180,"dosisEntregadasPfizer":49753887,"dosisEntregadasAstrazeneca":9957000,"dosisEntregadasJanssen":2648335,"dosisPrimeraDosis":35831729,"dosisPautaCompletada":31653643,"porcentajeEntregadas":0.8910480489253071,"porcentajePoblacionAdministradas":1.3621304218150831,"porcentajePoblacionPrimeraDosis":0.763351704303366,"porcentajePoblacionCompletas":0.674342628887942,"fechaUltRegistro":null,"etarios":{"unaDosis":{"etarioTotal":{"vacunados":35831729,"personasINE":42119827,"porcentaje":0.8507093108430859},"etarioRangos":[{"rango":{"min":12,"max":19},"vacunados":2399030,"personasINE":3888685.9999999995,"porcentaje":0.7051589195573389},{"rango":{"min":20,"max":29},"vacunados":3486757,"personasINE":4944640,"porcentaje":0.856364954888892},{"rango":{"min":30,"max":39},"vacunados":4548394,"personasINE":6230403,"porcentaje":0.856364954888892},{"rango":{"min":40,"max":49},"vacunados":6758207,"personasINE":7891737,"porcentaje":0.856364954888892},{"rango":{"min":50,"max":59},"vacunados":6560375,"personasINE":7033306,"porcentaje":0.9327583642742119},{"rango":{"min":60,"max":69},"vacunados":5219878,"personasINE":5336986,"porcentaje":0.9780572780217148},{"rango":{"min":70,"max":79},"vacunados":3928517,"personasINE":3960045,"porcentaje":0.9920384743102667},{"rango":{"min":80,"max":null},"vacunados":2930571,"personasINE":2930571,"porcentaje":1}]},"pautaCompleta":{"etarioTotal":{"vacunados":31653643,"personasINE":42119827,"porcentaje":0.7515140791057855},"etarioRangos":[{"rango":{"min":12,"max":19},"vacunados":637171,"personasINE":3888686,"porcentaje":0.46789675284752785},{"rango":{"min":20,"max":29},"vacunados":2313581,"personasINE":4944640,"porcentaje":0.823532892695233},{"rango":{"min":30,"max":39},"vacunados":3970760,"personasINE":6230403,"porcentaje":0.823532892695233},{"rango":{"min":40,"max":49},"vacunados":6499105,"personasINE":7891737,"porcentaje":0.823532892695233},{"rango":{"min":50,"max":59},"vacunados":6390674,"personasINE":7033306,"porcentaje":0.9086301662404564},{"rango":{"min":60,"max":69},"vacunados":5059477,"personasINE":5336986,"porcentaje":0.9480026741685288},{"rango":{"min":70,"max":79},"vacunados":3892865,"personasINE":3960045,"porcentaje":0.9830355463132363},{"rango":{"min":80,"max":null},"vacunados":2890010,"personasINE":2890010,"porcentaje":1}]}}}]