[{"ccaa":"Andalucía","dosisAdministradas":1046334,"dosisEntregadas":1196860,"dosisEntregadasModerna":73300,"dosisEntregadasPfizer":820260,"dosisEntregadasAstrazeneca":303300,"dosisPautaCompletada":322619,"porcentajeEntregadas":0.8742325752385408,"porcentajePoblacionAdministradas":0.12361568926650655,"porcentajePoblacionCompletas":0.038114760731727225,"fechaUltRegistro":1615417156000},{"ccaa":"Aragón","dosisAdministradas":173511,"dosisEntregadas":207935,"dosisEntregadasModerna":12600,"dosisEntregadasPfizer":147735,"dosisEntregadasAstrazeneca":47600,"dosisPautaCompletada":55708,"porcentajeEntregadas":0.8344482650828384,"porcentajePoblacionAdministradas":0.13051916253382187,"porcentajePoblacionCompletas":0.04190490231993447,"fechaUltRegistro":1615417156000},{"ccaa":"Asturias","dosisAdministradas":150737,"dosisEntregadas":194115,"dosisEntregadasModerna":12700,"dosisEntregadasPfizer":144815,"dosisEntregadasAstrazeneca":36600,"dosisPautaCompletada":51231,"porcentajeEntregadas":0.7765345285011462,"porcentajePoblacionAdministradas":0.14795776140968056,"porcentajePoblacionCompletas":0.050286419888808616,"fechaUltRegistro":1615417156000},{"ccaa":"Baleares","dosisAdministradas":101587,"dosisEntregadas":124810,"dosisEntregadasModerna":6500,"dosisEntregadasPfizer":76410,"dosisEntregadasAstrazeneca":41900,"dosisPautaCompletada":28759,"porcentajeEntregadas":0.8139331784312155,"porcentajePoblacionAdministradas":0.08671213946052343,"porcentajePoblacionCompletas":0.024547967936302807,"fechaUltRegistro":1615417156000},{"ccaa":"Canarias","dosisAdministradas":200954,"dosisEntregadas":259580,"dosisEntregadasModerna":14300,"dosisEntregadasPfizer":167280,"dosisEntregadasAstrazeneca":78000,"dosisPautaCompletada":60515,"porcentajeEntregadas":0.774150550889899,"porcentajePoblacionAdministradas":0.09235222100487511,"porcentajePoblacionCompletas":0.02781081567975764,"fechaUltRegistro":1615417156000},{"ccaa":"Cantabria","dosisAdministradas":74747,"dosisEntregadas":97635,"dosisEntregadasModerna":5900,"dosisEntregadasPfizer":70935,"dosisEntregadasAstrazeneca":20800,"dosisPautaCompletada":23571,"porcentajeEntregadas":0.7655758693091617,"porcentajePoblacionAdministradas":0.12823187311826112,"porcentajePoblacionCompletas":0.04043712097168492,"fechaUltRegistro":1615417156000},{"ccaa":"Castilla y Leon","dosisAdministradas":353400,"dosisEntregadas":438075,"dosisEntregadasModerna":27300,"dosisEntregadasPfizer":324975,"dosisEntregadasAstrazeneca":85800,"dosisPautaCompletada":114957,"porcentajeEntregadas":0.8067111795925356,"porcentajePoblacionAdministradas":0.14756246351649618,"porcentajePoblacionCompletas":0.04800039082757739,"fechaUltRegistro":1615417156000},{"ccaa":"Castilla La Mancha","dosisAdministradas":231247,"dosisEntregadas":307045,"dosisEntregadasModerna":18600,"dosisEntregadasPfizer":215145,"dosisEntregadasAstrazeneca":73300,"dosisPautaCompletada":78222,"porcentajeEntregadas":0.7531371623051996,"porcentajePoblacionAdministradas":0.11306699862753218,"porcentajePoblacionCompletas":0.038246233536620246,"fechaUltRegistro":1615417156000},{"ccaa":"Cataluña","dosisAdministradas":857036,"dosisEntregadas":1077680,"dosisEntregadasModerna":63400,"dosisEntregadasPfizer":735380,"dosisEntregadasAstrazeneca":278900,"dosisPautaCompletada":227178,"porcentajeEntregadas":0.7952601885531884,"porcentajePoblacionAdministradas":0.1101520870373148,"porcentajePoblacionCompletas":0.029198459375059042,"fechaUltRegistro":1615417156000},{"ccaa":"C. Valenciana","dosisAdministradas":465589,"dosisEntregadas":608650,"dosisEntregadasModerna":31700,"dosisEntregadasPfizer":395650,"dosisEntregadasAstrazeneca":181300,"dosisPautaCompletada":143105,"porcentajeEntregadas":0.7649535858046497,"porcentajePoblacionAdministradas":0.09206179596322424,"porcentajePoblacionCompletas":0.028296423049765363,"fechaUltRegistro":1615417156000},{"ccaa":"Extremadura","dosisAdministradas":144537,"dosisEntregadas":178365,"dosisEntregadasModerna":10900,"dosisEntregadasPfizer":129365,"dosisEntregadasAstrazeneca":38100,"dosisPautaCompletada":50636,"porcentajeEntregadas":0.810343957615003,"porcentajePoblacionAdministradas":0.1358447048695144,"porcentajePoblacionCompletas":0.04759080703053703,"fechaUltRegistro":1615417156000},{"ccaa":"Galicia","dosisAdministradas":311089,"dosisEntregadas":384845,"dosisEntregadasModerna":19900,"dosisEntregadasPfizer":268045,"dosisEntregadasAstrazeneca":96900,"dosisPautaCompletada":81598,"porcentajeEntregadas":0.808348815756993,"porcentajePoblacionAdministradas":0.11514057751462996,"porcentajePoblacionCompletas":0.03020113486506683,"fechaUltRegistro":1615417156000},{"ccaa":"La Rioja","dosisAdministradas":42025,"dosisEntregadas":50435,"dosisEntregadasModerna":2700,"dosisEntregadasPfizer":36335,"dosisEntregadasAstrazeneca":11400,"dosisPautaCompletada":12638,"porcentajeEntregadas":0.8332507187469019,"porcentajePoblacionAdministradas":0.13136342892152267,"porcentajePoblacionCompletas":0.03950436679857712,"fechaUltRegistro":1615417156000},{"ccaa":"Madrid","dosisAdministradas":743606,"dosisEntregadas":893365,"dosisEntregadasModerna":51300,"dosisEntregadasPfizer":598965,"dosisEntregadasAstrazeneca":243100,"dosisPautaCompletada":190518,"porcentajeEntregadas":0.8323652706340633,"porcentajePoblacionAdministradas":0.10967821297342965,"porcentajePoblacionCompletas":0.028100464196458702,"fechaUltRegistro":1615417156000},{"ccaa":"Murcia","dosisAdministradas":164066,"dosisEntregadas":215645,"dosisEntregadasModerna":13400,"dosisEntregadasPfizer":148145,"dosisEntregadasAstrazeneca":54100,"dosisPautaCompletada":54658,"porcentajeEntregadas":0.7608152287324075,"porcentajePoblacionAdministradas":0.1085630381716869,"porcentajePoblacionCompletas":0.03616738715143944,"fechaUltRegistro":1615417156000},{"ccaa":"Navarra","dosisAdministradas":75449,"dosisEntregadas":99265,"dosisEntregadasModerna":5900,"dosisEntregadasPfizer":69765,"dosisEntregadasAstrazeneca":23600,"dosisPautaCompletada":24831,"porcentajeEntregadas":0.7600765627361105,"porcentajePoblacionAdministradas":0.11410971314146919,"porcentajePoblacionCompletas":0.03755461685397846,"fechaUltRegistro":1615417156000},{"ccaa":"País Vasco","dosisAdministradas":200677,"dosisEntregadas":303680,"dosisEntregadasModerna":16000,"dosisEntregadasPfizer":208080,"dosisEntregadasAstrazeneca":79600,"dosisPautaCompletada":57875,"porcentajeEntregadas":0.6608173076923077,"porcentajePoblacionAdministradas":0.09037452758472851,"porcentajePoblacionCompletas":0.026063902609497664,"fechaUltRegistro":1615330756000},{"ccaa":"Ceuta","dosisAdministradas":8998,"dosisEntregadas":9190,"dosisEntregadasModerna":600,"dosisEntregadasPfizer":5490,"dosisEntregadasAstrazeneca":3100,"dosisPautaCompletada":2533,"porcentajeEntregadas":0.9791077257889009,"porcentajePoblacionAdministradas":0.1068620697845657,"porcentajePoblacionCompletas":0.030082420845110567,"fechaUltRegistro":1615417156000},{"ccaa":"Melilla","dosisAdministradas":7178,"dosisEntregadas":8020,"dosisEntregadasModerna":600,"dosisEntregadasPfizer":4320,"dosisEntregadasAstrazeneca":3100,"dosisPautaCompletada":2092,"porcentajeEntregadas":0.8950124688279302,"porcentajePoblacionAdministradas":0.08243373604667187,"porcentajePoblacionCompletas":0.02402498966420139,"fechaUltRegistro":1615417156000},{"ccaa":"Totales","dosisAdministradas":5352767,"dosisEntregadas":6655195,"dosisEntregadasModerna":387600,"dosisEntregadasPfizer":4567095,"dosisEntregadasAstrazeneca":1700500,"dosisPautaCompletada":1583244,"porcentajeEntregadas":0.8042990475861338,"porcentajePoblacionAdministradas":0.1140342351938645,"porcentajePoblacionCompletas":0.03372910097997443,"fechaUltRegistro":null}]