[{"ccaa":"Andalucía","dosisAdministradas":769899,"dosisEntregadas":842810,"dosisEntregadasModerna":36300,"dosisEntregadasPfizer":662310,"dosisEntregadasAstrazeneca":144200,"dosisPautaCompletada":228739,"porcentajeEntregadas":0.9134905850666224,"porcentajePoblacionAdministradas":0.09095718532571256,"porcentajePoblacionCompletas":0.02702361688249779,"fechaUltRegistro":1614470400000},{"ccaa":"Aragón","dosisAdministradas":130122,"dosisEntregadas":141535,"dosisEntregadasModerna":6300,"dosisEntregadasPfizer":112635,"dosisEntregadasAstrazeneca":22600,"dosisPautaCompletada":46822,"porcentajeEntregadas":0.9193627018052072,"porcentajePoblacionAdministradas":0.09788090937880578,"porcentajePoblacionCompletas":0.03522063862324929,"fechaUltRegistro":1614384000000},{"ccaa":"Asturias","dosisAdministradas":117129,"dosisEntregadas":135755,"dosisEntregadasModerna":6300,"dosisEntregadasPfizer":112055,"dosisEntregadasAstrazeneca":17400,"dosisPautaCompletada":39215,"porcentajeEntregadas":0.8627969503885676,"porcentajePoblacionAdministradas":0.11496941451769953,"porcentajePoblacionCompletas":0.03849196689386563,"fechaUltRegistro":1614470400000},{"ccaa":"Baleares","dosisAdministradas":61342,"dosisEntregadas":79620,"dosisEntregadasModerna":3200,"dosisEntregadasPfizer":56520,"dosisEntregadasAstrazeneca":19900,"dosisPautaCompletada":21950,"porcentajeEntregadas":0.7704345641798543,"porcentajePoblacionAdministradas":0.05236000727246034,"porcentajePoblacionCompletas":0.01873597469320375,"fechaUltRegistro":1614470400000},{"ccaa":"Canarias","dosisAdministradas":146120,"dosisEntregadas":173940,"dosisEntregadasModerna":7000,"dosisEntregadasPfizer":129840,"dosisEntregadasAstrazeneca":37100,"dosisPautaCompletada":51446,"porcentajeEntregadas":0.8400597907324364,"porcentajePoblacionAdministradas":0.06715221659301308,"porcentajePoblacionCompletas":0.023642984771722907,"fechaUltRegistro":1614470400000},{"ccaa":"Cantabria","dosisAdministradas":59144,"dosisEntregadas":68525,"dosisEntregadasModerna":2900,"dosisEntregadasPfizer":55725,"dosisEntregadasAstrazeneca":9900,"dosisPautaCompletada":20433,"porcentajeEntregadas":0.8631010580080263,"porcentajePoblacionAdministradas":0.10146421801151131,"porcentajePoblacionCompletas":0.03505373946011786,"fechaUltRegistro":1614384000000},{"ccaa":"Castilla y Leon","dosisAdministradas":257479,"dosisEntregadas":300885,"dosisEntregadasModerna":13500,"dosisEntregadasPfizer":246585,"dosisEntregadasAstrazeneca":40800,"dosisPautaCompletada":89946,"porcentajeEntregadas":0.8557389035678084,"porcentajePoblacionAdministradas":0.10751057029927538,"porcentajePoblacionCompletas":0.037557027004682414,"fechaUltRegistro":1614470400000},{"ccaa":"Castilla La Mancha","dosisAdministradas":162939,"dosisEntregadas":211175,"dosisEntregadasModerna":9200,"dosisEntregadasPfizer":167175,"dosisEntregadasAstrazeneca":34800,"dosisPautaCompletada":68732,"porcentajeEntregadas":0.7715828104652539,"porcentajePoblacionAdministradas":0.0796681630004777,"porcentajePoblacionCompletas":0.03360614818643071,"fechaUltRegistro":1614470400000},{"ccaa":"Cataluña","dosisAdministradas":650327,"dosisEntregadas":734510,"dosisEntregadasModerna":31400,"dosisEntregadasPfizer":570410,"dosisEntregadasAstrazeneca":132700,"dosisPautaCompletada":188109,"porcentajeEntregadas":0.8853888987215968,"porcentajePoblacionAdministradas":0.08358444255167323,"porcentajePoblacionCompletas":0.02417704616900836,"fechaUltRegistro":1614470400000},{"ccaa":"C. Valenciana","dosisAdministradas":323505,"dosisEntregadas":389910,"dosisEntregadasModerna":15700,"dosisEntregadasPfizer":288010,"dosisEntregadasAstrazeneca":86200,"dosisPautaCompletada":102016,"porcentajeEntregadas":0.8296914672616758,"porcentajePoblacionAdministradas":0.06396725717979346,"porcentajePoblacionCompletas":0.02017181715415159,"fechaUltRegistro":1614470400000},{"ccaa":"Extremadura","dosisAdministradas":111006,"dosisEntregadas":125955,"dosisEntregadasModerna":5400,"dosisEntregadasPfizer":102455,"dosisEntregadasAstrazeneca":18100,"dosisPautaCompletada":39292,"porcentajeEntregadas":0.8813147552697392,"porcentajePoblacionAdministradas":0.10433022207978104,"porcentajePoblacionCompletas":0.03692902262903588,"fechaUltRegistro":1614297600000},{"ccaa":"Galicia","dosisAdministradas":217795,"dosisEntregadas":235025,"dosisEntregadasModerna":9800,"dosisEntregadasPfizer":179125,"dosisEntregadasAstrazeneca":46100,"dosisPautaCompletada":58891,"porcentajeEntregadas":0.9266886501436018,"porcentajePoblacionAdministradas":0.08061050721754492,"porcentajePoblacionCompletas":0.021796796898681962,"fechaUltRegistro":1614470400000},{"ccaa":"La Rioja","dosisAdministradas":27386,"dosisEntregadas":34945,"dosisEntregadasModerna":1400,"dosisEntregadasPfizer":28145,"dosisEntregadasAstrazeneca":5400,"dosisPautaCompletada":9205,"porcentajeEntregadas":0.7836886535985119,"porcentajePoblacionAdministradas":0.08560425614383865,"porcentajePoblacionCompletas":0.028773357839919477,"fechaUltRegistro":1614297600000},{"ccaa":"Madrid","dosisAdministradas":472599,"dosisEntregadas":605415,"dosisEntregadasModerna":25400,"dosisEntregadasPfizer":464415,"dosisEntregadasAstrazeneca":115600,"dosisPautaCompletada":175205,"porcentajeEntregadas":0.7806199053541786,"porcentajePoblacionAdministradas":0.0697060187424925,"porcentajePoblacionCompletas":0.025841872314114923,"fechaUltRegistro":1614470400000},{"ccaa":"Murcia","dosisAdministradas":123364,"dosisEntregadas":153535,"dosisEntregadasModerna":6600,"dosisEntregadasPfizer":121235,"dosisEntregadasAstrazeneca":25700,"dosisPautaCompletada":50233,"porcentajeEntregadas":0.8034910606702055,"porcentajePoblacionAdministradas":0.0816303843636828,"porcentajePoblacionCompletas":0.03323934938670016,"fechaUltRegistro":1614470400000},{"ccaa":"Navarra","dosisAdministradas":60697,"dosisEntregadas":69825,"dosisEntregadasModerna":2900,"dosisEntregadasPfizer":55725,"dosisEntregadasAstrazeneca":11200,"dosisPautaCompletada":21719,"porcentajeEntregadas":0.8692731829573935,"porcentajePoblacionAdministradas":0.09179866212339137,"porcentajePoblacionCompletas":0.03284800142771368,"fechaUltRegistro":1614470400000},{"ccaa":"País Vasco","dosisAdministradas":127629,"dosisEntregadas":194210,"dosisEntregadasModerna":7900,"dosisEntregadasPfizer":148410,"dosisEntregadasAstrazeneca":37900,"dosisPautaCompletada":47492,"porcentajeEntregadas":0.6571700736316358,"porcentajePoblacionAdministradas":0.057477491596502416,"porcentajePoblacionCompletas":0.021387937153006704,"fechaUltRegistro":1614470400000},{"ccaa":"Ceuta","dosisAdministradas":6273,"dosisEntregadas":6220,"dosisEntregadasModerna":400,"dosisEntregadasPfizer":4320,"dosisEntregadasAstrazeneca":1500,"dosisPautaCompletada":1136,"porcentajeEntregadas":1.0085209003215434,"porcentajePoblacionAdministradas":0.0744994180660792,"porcentajePoblacionCompletas":0.013491366000807583,"fechaUltRegistro":1614211200000},{"ccaa":"Melilla","dosisAdministradas":4710,"dosisEntregadas":5050,"dosisEntregadasModerna":400,"dosisEntregadasPfizer":3150,"dosisEntregadasAstrazeneca":1500,"dosisPautaCompletada":1267,"porcentajeEntregadas":0.9326732673267327,"porcentajePoblacionAdministradas":0.05409067940649547,"porcentajePoblacionCompletas":0.01455050760255409,"fechaUltRegistro":1614211200000},{"ccaa":"Totales","dosisAdministradas":3829465,"dosisEntregadas":4508845,"dosisEntregadasModerna":192000,"dosisEntregadasPfizer":3508245,"dosisEntregadasAstrazeneca":808600,"dosisPautaCompletada":1261848,"porcentajeEntregadas":0.8493228310132639,"porcentajePoblacionAdministradas":0.08158212611844909,"porcentajePoblacionCompletas":0.026882147422241157,"fechaUltRegistro":null}]