[{"ccaa":"Andalucía","dosisAdministradas":468983,"dosisEntregadas":545910,"dosisEntregadasModerna":36300,"dosisEntregadasPfizer":475110,"dosisEntregadasAstrazeneca":34500,"dosisPautaCompletada":194477,"porcentajeEntregadas":0.8590848308329212,"porcentajePoblacionAdministradas":0.05540645415256892,"porcentajePoblacionCompletas":0.022975845572716164,"fechaUltRegistro":1613347200000},{"ccaa":"Aragón","dosisAdministradas":93512,"dosisEntregadas":92745,"dosisEntregadasModerna":6300,"dosisEntregadasPfizer":81045,"dosisEntregadasAstrazeneca":5400,"dosisPautaCompletada":37628,"porcentajeEntregadas":1.0082699876004098,"porcentajePoblacionAdministradas":0.07034198366018726,"porcentajePoblacionCompletas":0.02830468989183769,"fechaUltRegistro":1613347200000},{"ccaa":"Asturias","dosisAdministradas":81941,"dosisEntregadas":94475,"dosisEntregadasModerna":6300,"dosisEntregadasPfizer":83975,"dosisEntregadasAstrazeneca":4200,"dosisPautaCompletada":34140,"porcentajeEntregadas":0.8673299814765811,"porcentajePoblacionAdministradas":0.08043019913936615,"porcentajePoblacionCompletas":0.033510538053208534,"fechaUltRegistro":1613347200000},{"ccaa":"Baleares","dosisAdministradas":44573,"dosisEntregadas":50480,"dosisEntregadasModerna":3200,"dosisEntregadasPfizer":42480,"dosisEntregadasAstrazeneca":4800,"dosisPautaCompletada":19025,"porcentajeEntregadas":0.8829833597464343,"porcentajePoblacionAdministradas":0.03804640546697816,"porcentajePoblacionCompletas":0.016239267359371357,"fechaUltRegistro":1613347200000},{"ccaa":"Canarias","dosisAdministradas":106747,"dosisEntregadas":109470,"dosisEntregadasModerna":7000,"dosisEntregadasPfizer":93570,"dosisEntregadasAstrazeneca":8900,"dosisPautaCompletada":44120,"porcentajeEntregadas":0.9751256051886361,"porcentajePoblacionAdministradas":0.0490576078884093,"porcentajePoblacionCompletas":0.020276182562850652,"fechaUltRegistro":1613347200000},{"ccaa":"Cantabria","dosisAdministradas":43214,"dosisEntregadas":44645,"dosisEntregadasModerna":2900,"dosisEntregadasPfizer":39345,"dosisEntregadasAstrazeneca":2400,"dosisPautaCompletada":19000,"porcentajeEntregadas":0.9679471385373503,"porcentajePoblacionAdministradas":0.07413557955412975,"porcentajePoblacionCompletas":0.03259536288074386,"fechaUltRegistro":1613347200000},{"ccaa":"Castilla y Leon","dosisAdministradas":190381,"dosisEntregadas":200855,"dosisEntregadasModerna":13500,"dosisEntregadasPfizer":177555,"dosisEntregadasAstrazeneca":9800,"dosisPautaCompletada":80091,"porcentajeEntregadas":0.9478529287296806,"porcentajePoblacionAdministradas":0.07949374467100752,"porcentajePoblacionCompletas":0.033442063569608646,"fechaUltRegistro":1613347200000},{"ccaa":"Castilla La Mancha","dosisAdministradas":129772,"dosisEntregadas":137875,"dosisEntregadasModerna":9200,"dosisEntregadasPfizer":120375,"dosisEntregadasAstrazeneca":8300,"dosisPautaCompletada":52826,"porcentajeEntregadas":0.9412293744333635,"porcentajePoblacionAdministradas":0.06345133362115879,"porcentajePoblacionCompletas":0.025828993541529253,"fechaUltRegistro":1613347200000},{"ccaa":"Cataluña","dosisAdministradas":416165,"dosisEntregadas":473320,"dosisEntregadasModerna":31400,"dosisEntregadasPfizer":410120,"dosisEntregadasAstrazeneca":31800,"dosisPautaCompletada":166104,"porcentajeEntregadas":0.8792465984957323,"porcentajePoblacionAdministradas":0.053488352066755784,"porcentajePoblacionCompletas":0.02134881412828182,"fechaUltRegistro":1613347200000},{"ccaa":"C. Valenciana","dosisAdministradas":224560,"dosisEntregadas":243580,"dosisEntregadasModerna":15700,"dosisEntregadasPfizer":207280,"dosisEntregadasAstrazeneca":20600,"dosisPautaCompletada":95559,"porcentajeEntregadas":0.9219147713276952,"porcentajePoblacionAdministradas":0.044402674679817684,"porcentajePoblacionCompletas":0.018895062298399972,"fechaUltRegistro":1613347200000},{"ccaa":"Extremadura","dosisAdministradas":80044,"dosisEntregadas":84075,"dosisEntregadasModerna":5400,"dosisEntregadasPfizer":74375,"dosisEntregadasAstrazeneca":4300,"dosisPautaCompletada":32353,"porcentajeEntregadas":0.952054713053821,"porcentajePoblacionAdministradas":0.07523024247476708,"porcentajePoblacionCompletas":0.030407326405303824,"fechaUltRegistro":1613347200000},{"ccaa":"Galicia","dosisAdministradas":137656,"dosisEntregadas":149615,"dosisEntregadasModerna":9800,"dosisEntregadasPfizer":128815,"dosisEntregadasAstrazeneca":11000,"dosisPautaCompletada":57383,"porcentajeEntregadas":0.920068174982455,"porcentajePoblacionAdministradas":0.05094937891842496,"porcentajePoblacionCompletas":0.021238654402830095,"fechaUltRegistro":1613347200000},{"ccaa":"La Rioja","dosisAdministradas":21676,"dosisEntregadas":22655,"dosisEntregadasModerna":1400,"dosisEntregadasPfizer":19955,"dosisEntregadasAstrazeneca":1300,"dosisPautaCompletada":8523,"porcentajeEntregadas":0.956786581328625,"porcentajePoblacionAdministradas":0.06775570934688697,"porcentajePoblacionCompletas":0.026641534912507737,"fechaUltRegistro":1613347200000},{"ccaa":"Madrid","dosisAdministradas":346408,"dosisEntregadas":386475,"dosisEntregadasModerna":25400,"dosisEntregadasPfizer":333375,"dosisEntregadasAstrazeneca":27700,"dosisPautaCompletada":156682,"porcentajeEntregadas":0.8963270586713241,"porcentajePoblacionAdministradas":0.051093469390644804,"porcentajePoblacionCompletas":0.023109821283183438,"fechaUltRegistro":1613347200000},{"ccaa":"Murcia","dosisAdministradas":92527,"dosisEntregadas":100105,"dosisEntregadasModerna":6600,"dosisEntregadasPfizer":87305,"dosisEntregadasAstrazeneca":6200,"dosisPautaCompletada":38970,"porcentajeEntregadas":0.9242994855401828,"porcentajePoblacionAdministradas":0.06122543508656074,"porcentajePoblacionCompletas":0.025786583433195412,"fechaUltRegistro":1613347200000},{"ccaa":"Navarra","dosisAdministradas":41235,"dosisEntregadas":44945,"dosisEntregadasModerna":2900,"dosisEntregadasPfizer":39345,"dosisEntregadasAstrazeneca":2700,"dosisPautaCompletada":16062,"porcentajeEntregadas":0.9174546668149961,"porcentajePoblacionAdministradas":0.06236416680656446,"porcentajePoblacionCompletas":0.024292306226434784,"fechaUltRegistro":1613347200000},{"ccaa":"País Vasco","dosisAdministradas":98289,"dosisEntregadas":124460,"dosisEntregadasModerna":7900,"dosisEntregadasPfizer":107460,"dosisEntregadasAstrazeneca":9100,"dosisPautaCompletada":41758,"porcentajeEntregadas":0.7897236059778242,"porcentajePoblacionAdministradas":0.04426427513753634,"porcentajePoblacionCompletas":0.01880564052125103,"fechaUltRegistro":1613260800000},{"ccaa":"Ceuta","dosisAdministradas":3759,"dosisEntregadas":5120,"dosisEntregadasModerna":400,"dosisEntregadasPfizer":4320,"dosisEntregadasAstrazeneca":400,"dosisPautaCompletada":969,"porcentajeEntregadas":0.7341796875,"porcentajePoblacionAdministradas":0.04464264506781312,"porcentajePoblacionCompletas":0.011508040189069143,"fechaUltRegistro":1613347200000},{"ccaa":"Melilla","dosisAdministradas":3070,"dosisEntregadas":3950,"dosisEntregadasModerna":400,"dosisEntregadasPfizer":3150,"dosisEntregadasAstrazeneca":400,"dosisPautaCompletada":1252,"porcentajeEntregadas":0.7772151898734178,"porcentajePoblacionAdministradas":0.03525655749000873,"porcentajePoblacionCompletas":0.014378244292342322,"fechaUltRegistro":1613347200000},{"ccaa":"Totales","dosisAdministradas":2624512,"dosisEntregadas":2914755,"dosisEntregadasModerna":192000,"dosisEntregadasPfizer":2528955,"dosisEntregadasAstrazeneca":193800,"dosisPautaCompletada":1096922,"porcentajeEntregadas":0.9004228485756093,"porcentajePoblacionAdministradas":0.055912057946314445,"porcentajePoblacionCompletas":0.023368598210481466,"fechaUltRegistro":null}]