[{"ccaa":"Andalucía","dosisAdministradas":13229714,"dosisEntregadas":13766150,"dosisEntregadasModerna":2019500,"dosisEntregadasPfizer":9884250,"dosisEntregadasAstrazeneca":1528900,"dosisEntregadasJanssen":333500,"dosisPrimeraDosis":6855610,"dosisPautaCompletada":6752567,"porcentajeEntregadas":0.9610322421301526,"porcentajePoblacionAdministradas":1.5629810508965125,"porcentajePoblacionPrimeraDosis":0.8099334968493378,"porcentajePoblacionCompletas":0.7977598205002097,"fechaUltRegistro":1636243200000,"etarios":{"unaDosis":{"etarioTotal":{"vacunados":6855610,"personasINE":7451975,"porcentaje":0.919972222129033},"etarioRangos":[{"rango":{"min":12,"max":19},"vacunados":669413,"personasINE":752907,"porcentaje":0.8276452827263017},{"rango":{"min":20,"max":29},"vacunados":768611,"personasINE":928672,"porcentaje":0.9039003287816021},{"rango":{"min":30,"max":39},"vacunados":931490,"personasINE":1140217,"porcentaje":0.9039003287816021},{"rango":{"min":40,"max":49},"vacunados":1252005,"personasINE":1385114,"porcentaje":0.9039003287816021},{"rango":{"min":50,"max":59},"vacunados":1216513,"personasINE":1265021,"porcentaje":0.9616543915081252},{"rango":{"min":60,"max":69},"vacunados":929747,"personasINE":929747,"porcentaje":1},{"rango":{"min":70,"max":79},"vacunados":653863,"personasINE":653863,"porcentaje":1},{"rango":{"min":80,"max":null},"vacunados":433968,"personasINE":433968,"porcentaje":1}]},"pautaCompleta":{"etarioTotal":{"vacunados":6752567,"personasINE":7451975,"porcentaje":0.9061446126697956},"etarioRangos":[{"rango":{"min":12,"max":19},"vacunados":653032,"personasINE":752907,"porcentaje":0.8013453619792564},{"rango":{"min":20,"max":29},"vacunados":744187,"personasINE":928672,"porcentaje":0.8941430091674765},{"rango":{"min":30,"max":39},"vacunados":909588,"personasINE":1140217,"porcentaje":0.8941430091674765},{"rango":{"min":40,"max":49},"vacunados":1238490,"personasINE":1385114,"porcentaje":0.8941430091674765},{"rango":{"min":50,"max":59},"vacunados":1206947,"personasINE":1265021,"porcentaje":0.9540924617061693},{"rango":{"min":60,"max":69},"vacunados":922001,"personasINE":916147.0000000001,"porcentaje":1.0063898042563038},{"rango":{"min":70,"max":79},"vacunados":649565,"personasINE":650381,"porcentaje":0.9987453508020683},{"rango":{"min":80,"max":null},"vacunados":428757,"personasINE":428757,"porcentaje":1}]}}},{"ccaa":"Aragón","dosisAdministradas":2035376,"dosisEntregadas":2112962,"dosisEntregadasModerna":267720,"dosisEntregadasPfizer":1517367,"dosisEntregadasAstrazeneca":264060,"dosisEntregadasJanssen":63815,"dosisPrimeraDosis":1068093,"dosisPautaCompletada":1049564,"porcentajeEntregadas":0.9632809298037541,"porcentajePoblacionAdministradas":1.531058958575769,"porcentajePoblacionPrimeraDosis":0.8034453370001753,"porcentajePoblacionCompletas":0.7895073759337923,"fechaUltRegistro":1636070400000,"etarios":{"unaDosis":{"etarioTotal":{"vacunados":1068093,"personasINE":1185134,"porcentaje":0.901242391155768},"etarioRangos":[{"rango":{"min":12,"max":19},"vacunados":88374,"personasINE":103109,"porcentaje":0.7995030712954655},{"rango":{"min":20,"max":29},"vacunados":104256,"personasINE":130401,"porcentaje":0.8750785091861564},{"rango":{"min":30,"max":39},"vacunados":125976,"personasINE":164286,"porcentaje":0.8750785091861564},{"rango":{"min":40,"max":49},"vacunados":188092,"personasINE":214943,"porcentaje":0.8750785091861564},{"rango":{"min":50,"max":59},"vacunados":186138,"personasINE":198266,"porcentaje":0.9388296530923104},{"rango":{"min":60,"max":69},"vacunados":154612,"personasINE":156367,"porcentaje":0.9887764042285137},{"rango":{"min":70,"max":79},"vacunados":119319,"personasINE":119319,"porcentaje":1},{"rango":{"min":80,"max":null},"vacunados":101326,"personasINE":101326,"porcentaje":1}]},"pautaCompleta":{"etarioTotal":{"vacunados":1049564,"personasINE":1185134,"porcentaje":0.8856078721899802},"etarioRangos":[{"rango":{"min":12,"max":19},"vacunados":85595,"personasINE":103109,"porcentaje":0.7716275181938789},{"rango":{"min":20,"max":29},"vacunados":100621,"personasINE":130401,"porcentaje":0.8629124930795606},{"rango":{"min":30,"max":39},"vacunados":122532,"personasINE":164286,"porcentaje":0.8629124930795606},{"rango":{"min":40,"max":49},"vacunados":185477,"personasINE":214943,"porcentaje":0.8629124930795606},{"rango":{"min":50,"max":59},"vacunados":184133,"personasINE":198266,"porcentaje":0.928716976183511},{"rango":{"min":60,"max":69},"vacunados":152646,"personasINE":156367,"porcentaje":0.9762034188799427},{"rango":{"min":70,"max":79},"vacunados":118575,"personasINE":118955,"porcentaje":0.9968055146904291},{"rango":{"min":80,"max":null},"vacunados":99985,"personasINE":99985,"porcentaje":1}]}}},{"ccaa":"Asturias","dosisAdministradas":1719509,"dosisEntregadas":1706785,"dosisEntregadasModerna":162000,"dosisEntregadasPfizer":1280885,"dosisEntregadasAstrazeneca":220900,"dosisEntregadasJanssen":43000,"dosisPrimeraDosis":874057,"dosisPautaCompletada":866122,"porcentajeEntregadas":1.0074549518539242,"porcentajePoblacionAdministradas":1.6878052658856049,"porcentajePoblacionPrimeraDosis":0.8579414282124572,"porcentajePoblacionCompletas":0.8501527310990357,"fechaUltRegistro":1636243200000,"etarios":{"unaDosis":{"etarioTotal":{"vacunados":874057,"personasINE":933927,"porcentaje":0.9358943472027257},"etarioRangos":[{"rango":{"min":12,"max":19},"vacunados":60642,"personasINE":64000,"porcentaje":0.8439407920516743},{"rango":{"min":20,"max":29},"vacunados":66765,"personasINE":79111,"porcentaje":0.902666578838634},{"rango":{"min":30,"max":39},"vacunados":91084,"personasINE":114451,"porcentaje":0.902666578838634},{"rango":{"min":40,"max":49},"vacunados":150739,"personasINE":166993,"porcentaje":0.902666578838634},{"rango":{"min":50,"max":59},"vacunados":153241,"personasINE":162645,"porcentaje":0.942180823265394},{"rango":{"min":60,"max":69},"vacunados":148242,"personasINE":149652,"porcentaje":0.9905781412877877},{"rango":{"min":70,"max":79},"vacunados":114377,"personasINE":114377,"porcentaje":1},{"rango":{"min":80,"max":null},"vacunados":88967,"personasINE":88967,"porcentaje":1}]},"pautaCompleta":{"etarioTotal":{"vacunados":866122,"personasINE":933927,"porcentaje":0.9273979657939003},"etarioRangos":[{"rango":{"min":12,"max":19},"vacunados":59592,"personasINE":64000,"porcentaje":0.8233115495948731},{"rango":{"min":20,"max":29},"vacunados":65133,"personasINE":79111,"porcentaje":0.8972352134520609},{"rango":{"min":30,"max":39},"vacunados":89495,"personasINE":114451,"porcentaje":0.8972352134520609},{"rango":{"min":40,"max":49},"vacunados":149832,"personasINE":166993,"porcentaje":0.8972352134520609},{"rango":{"min":50,"max":59},"vacunados":152496,"personasINE":162645,"porcentaje":0.9376002951212764},{"rango":{"min":60,"max":69},"vacunados":147422,"personasINE":149652,"porcentaje":0.9850987624622457},{"rango":{"min":70,"max":79},"vacunados":113961,"personasINE":113961,"porcentaje":1},{"rango":{"min":80,"max":null},"vacunados":88191,"personasINE":88191,"porcentaje":1}]}}},{"ccaa":"Baleares","dosisAdministradas":1615210,"dosisEntregadas":1938050,"dosisEntregadasModerna":305100,"dosisEntregadasPfizer":1318950,"dosisEntregadasAstrazeneca":256400,"dosisEntregadasJanssen":57600,"dosisPrimeraDosis":859888,"dosisPautaCompletada":843635,"porcentajeEntregadas":0.8334201903975645,"porcentajePoblacionAdministradas":1.3787031291211675,"porcentajePoblacionPrimeraDosis":0.7339790344869971,"porcentajePoblacionCompletas":0.7201058774624576,"fechaUltRegistro":1636243200000,"etarios":{"unaDosis":{"etarioTotal":{"vacunados":859888,"personasINE":1034867,"porcentaje":0.830916436604897},"etarioRangos":[{"rango":{"min":12,"max":19},"vacunados":75057,"personasINE":95480,"porcentaje":0.7088631453799423},{"rango":{"min":20,"max":29},"vacunados":97782,"personasINE":137942,"porcentaje":0.8150524804532138},{"rango":{"min":30,"max":39},"vacunados":127273,"personasINE":182187,"porcentaje":0.8150524804532138},{"rango":{"min":40,"max":49},"vacunados":168041,"personasINE":206172,"porcentaje":0.8150524804532138},{"rango":{"min":50,"max":59},"vacunados":150457,"personasINE":165797,"porcentaje":0.9074772161136812},{"rango":{"min":60,"max":69},"vacunados":110465,"personasINE":117231,"porcentaje":0.9422848905153074},{"rango":{"min":70,"max":79},"vacunados":79307,"personasINE":80516,"porcentaje":0.9849843509364599},{"rango":{"min":80,"max":null},"vacunados":51506,"personasINE":51506,"porcentaje":1}]},"pautaCompleta":{"etarioTotal":{"vacunados":843635,"personasINE":1034867,"porcentaje":0.8152110367805718},"etarioRangos":[{"rango":{"min":12,"max":19},"vacunados":72805,"personasINE":95480,"porcentaje":0.6814313262095664},{"rango":{"min":20,"max":29},"vacunados":93998,"personasINE":137942,"porcentaje":0.8022233862988185},{"rango":{"min":30,"max":39},"vacunados":123414,"personasINE":182187,"porcentaje":0.8022233862988185},{"rango":{"min":40,"max":49},"vacunados":165396,"personasINE":206172,"porcentaje":0.8022233862988185},{"rango":{"min":50,"max":59},"vacunados":148818,"personasINE":165797,"porcentaje":0.8975916331417335},{"rango":{"min":60,"max":69},"vacunados":109469,"personasINE":117231,"porcentaje":0.9337888442476819},{"rango":{"min":70,"max":79},"vacunados":78842,"personasINE":80516,"porcentaje":0.9792091012966367},{"rango":{"min":80,"max":null},"vacunados":50893,"personasINE":50893,"porcentaje":1}]}}},{"ccaa":"Canarias","dosisAdministradas":3187906,"dosisEntregadas":3567300,"dosisEntregadasModerna":574700,"dosisEntregadasPfizer":2403150,"dosisEntregadasAstrazeneca":455800,"dosisEntregadasJanssen":133650,"dosisPrimeraDosis":1681910,"dosisPautaCompletada":1642890,"porcentajeEntregadas":0.8936467356263841,"porcentajePoblacionAdministradas":1.4650626484407745,"porcentajePoblacionPrimeraDosis":0.7729536313301029,"porcentajePoblacionCompletas":0.7550212504687603,"fechaUltRegistro":1636243200000,"etarios":{"unaDosis":{"etarioTotal":{"vacunados":1681910,"personasINE":1960774,"porcentaje":0.8577786119154986},"etarioRangos":[{"rango":{"min":12,"max":19},"vacunados":154093,"personasINE":179797,"porcentaje":0.7505084449528894},{"rango":{"min":20,"max":29},"vacunados":188939,"personasINE":251748,"porcentaje":0.8207587053134119},{"rango":{"min":30,"max":39},"vacunados":230240,"personasINE":310934,"porcentaje":0.8207587053134119},{"rango":{"min":40,"max":49},"vacunados":318392,"personasINE":387924,"porcentaje":0.8207587053134119},{"rango":{"min":50,"max":59},"vacunados":320978,"personasINE":350512,"porcentaje":0.9157404026110376},{"rango":{"min":60,"max":69},"vacunados":224671,"personasINE":235092,"porcentaje":0.9556726728259575},{"rango":{"min":70,"max":79},"vacunados":151490,"personasINE":154531,"porcentaje":0.9803211006205874},{"rango":{"min":80,"max":null},"vacunados":93107,"personasINE":93107,"porcentaje":1}]},"pautaCompleta":{"etarioTotal":{"vacunados":1642890,"personasINE":1960774,"porcentaje":0.8378783072398961},"etarioRangos":[{"rango":{"min":12,"max":19},"vacunados":145062,"personasINE":179797,"porcentaje":0.7110046554490999},{"rango":{"min":20,"max":29},"vacunados":178994,"personasINE":251748,"porcentaje":0.8097642837256782},{"rango":{"min":30,"max":39},"vacunados":222764,"personasINE":310934,"porcentaje":0.8097642837256782},{"rango":{"min":40,"max":49},"vacunados":314127,"personasINE":387924,"porcentaje":0.8097642837256782},{"rango":{"min":50,"max":59},"vacunados":318481,"personasINE":350512,"porcentaje":0.908616538092847},{"rango":{"min":60,"max":69},"vacunados":221098,"personasINE":235092,"porcentaje":0.9404743674816668},{"rango":{"min":70,"max":79},"vacunados":150353,"personasINE":154531,"porcentaje":0.9729633536313103},{"rango":{"min":80,"max":null},"vacunados":92011,"personasINE":92011,"porcentaje":1}]}}},{"ccaa":"Cantabria","dosisAdministradas":940314,"dosisEntregadas":1009495,"dosisEntregadasModerna":114900,"dosisEntregadasPfizer":747195,"dosisEntregadasAstrazeneca":125200,"dosisEntregadasJanssen":22200,"dosisPrimeraDosis":483096,"dosisPautaCompletada":477623,"porcentajeEntregadas":0.9314696952436614,"porcentajePoblacionAdministradas":1.6131513711496728,"porcentajePoblacionPrimeraDosis":0.8287731276966229,"porcentajePoblacionCompletas":0.819383947641554,"fechaUltRegistro":1636156800000,"etarios":{"unaDosis":{"etarioTotal":{"vacunados":483096,"personasINE":524127,"porcentaje":0.921715538409584},"etarioRangos":[{"rango":{"min":12,"max":19},"vacunados":39589,"personasINE":43963,"porcentaje":0.818018018018018},{"rango":{"min":20,"max":29},"vacunados":41314,"personasINE":50505,"porcentaje":0.9009706553201935},{"rango":{"min":30,"max":39},"vacunados":54804,"personasINE":70473,"porcentaje":0.9009706553201935},{"rango":{"min":40,"max":49},"vacunados":88087,"personasINE":97769,"porcentaje":0.9009706553201935},{"rango":{"min":50,"max":59},"vacunados":84331,"personasINE":89964,"porcentaje":0.9373860655373261},{"rango":{"min":60,"max":69},"vacunados":76697,"personasINE":77345,"porcentaje":0.9916219535845885},{"rango":{"min":70,"max":79},"vacunados":55930,"personasINE":55930,"porcentaje":1},{"rango":{"min":80,"max":null},"vacunados":42344,"personasINE":42344,"porcentaje":1}]},"pautaCompleta":{"etarioTotal":{"vacunados":477623,"personasINE":524127,"porcentaje":0.9112734127415684},"etarioRangos":[{"rango":{"min":12,"max":19},"vacunados":38494,"personasINE":43963,"porcentaje":0.7981783981783982},{"rango":{"min":20,"max":29},"vacunados":40312,"personasINE":50505,"porcentaje":0.8918266526199511},{"rango":{"min":30,"max":39},"vacunados":53887,"personasINE":70473,"porcentaje":0.8918266526199511},{"rango":{"min":40,"max":49},"vacunados":87193,"personasINE":97769,"porcentaje":0.8918266526199511},{"rango":{"min":50,"max":59},"vacunados":83809,"personasINE":89964,"porcentaje":0.9315837446089547},{"rango":{"min":60,"max":69},"vacunados":76295,"personasINE":77345,"porcentaje":0.9864244618268796},{"rango":{"min":70,"max":79},"vacunados":55723,"personasINE":55723,"porcentaje":1},{"rango":{"min":80,"max":null},"vacunados":41910,"personasINE":41910,"porcentaje":1}]}}},{"ccaa":"Castilla y Leon","dosisAdministradas":3802260,"dosisEntregadas":4260510,"dosisEntregadasModerna":411830,"dosisEntregadasPfizer":3274545,"dosisEntregadasAstrazeneca":473110,"dosisEntregadasJanssen":101025,"dosisPrimeraDosis":2004593,"dosisPautaCompletada":1965878,"porcentajeEntregadas":0.8924424540723997,"porcentajePoblacionAdministradas":1.5876368209684006,"porcentajePoblacionPrimeraDosis":0.8370194720654319,"porcentajePoblacionCompletas":0.8208539916606749,"fechaUltRegistro":1635897600000,"etarios":{"unaDosis":{"etarioTotal":{"vacunados":2004593,"personasINE":2176253,"porcentaje":0.921121303451391},"etarioRangos":[{"rango":{"min":12,"max":19},"vacunados":144160,"personasINE":165342,"porcentaje":0.8217870581879189},{"rango":{"min":20,"max":29},"vacunados":173402,"personasINE":211006,"porcentaje":0.8829000426638774},{"rango":{"min":30,"max":39},"vacunados":212601,"personasINE":267783,"porcentaje":0.8829000426638774},{"rango":{"min":40,"max":49},"vacunados":320762,"personasINE":363305,"porcentaje":0.8829000426638774},{"rango":{"min":50,"max":59},"vacunados":353123,"personasINE":381175,"porcentaje":0.9264065061979406},{"rango":{"min":60,"max":69},"vacunados":320615,"personasINE":320615,"porcentaje":1},{"rango":{"min":70,"max":79},"vacunados":250578,"personasINE":250578,"porcentaje":1},{"rango":{"min":80,"max":null},"vacunados":229352,"personasINE":229352,"porcentaje":1}]},"pautaCompleta":{"etarioTotal":{"vacunados":1965878,"personasINE":2176253,"porcentaje":0.9033315519840753},"etarioRangos":[{"rango":{"min":12,"max":19},"vacunados":134289,"personasINE":165342,"porcentaje":0.7872003639706928},{"rango":{"min":20,"max":29},"vacunados":166104,"personasINE":211006,"porcentaje":0.8694072473541514},{"rango":{"min":30,"max":39},"vacunados":206481,"personasINE":267783,"porcentaje":0.8694072473541514},{"rango":{"min":40,"max":49},"vacunados":315860,"personasINE":363305,"porcentaje":0.8694072473541514},{"rango":{"min":50,"max":59},"vacunados":348973,"personasINE":381175,"porcentaje":0.9155191185151177},{"rango":{"min":60,"max":69},"vacunados":318098,"personasINE":318575,"porcentaje":0.9985027073687515},{"rango":{"min":70,"max":79},"vacunados":249144,"personasINE":249144,"porcentaje":1},{"rango":{"min":80,"max":null},"vacunados":226929,"personasINE":226929,"porcentaje":1}]}}},{"ccaa":"Castilla La Mancha","dosisAdministradas":3080248,"dosisEntregadas":3268780,"dosisEntregadasModerna":446800,"dosisEntregadasPfizer":2330505,"dosisEntregadasAstrazeneca":396400,"dosisEntregadasJanssen":95075,"dosisPrimeraDosis":1621034,"dosisPautaCompletada":1563970,"porcentajeEntregadas":0.9423234356548926,"porcentajePoblacionAdministradas":1.5060709820601295,"porcentajePoblacionPrimeraDosis":0.7925960079619757,"porcentajePoblacionCompletas":0.7646948667161153,"fechaUltRegistro":1636156800000},{"ccaa":"Cataluña","dosisAdministradas":11345956,"dosisEntregadas":11863410,"dosisEntregadasModerna":1604900,"dosisEntregadasPfizer":8368460,"dosisEntregadasAstrazeneca":1514300,"dosisEntregadasJanssen":375750,"dosisPrimeraDosis":5989564,"dosisPautaCompletada":5866345,"porcentajeEntregadas":0.9563823554947524,"porcentajePoblacionAdministradas":1.4582593179674412,"porcentajePoblacionPrimeraDosis":0.7698194417078948,"porcentajePoblacionCompletas":0.7539824990209472,"fechaUltRegistro":1636243200000,"etarios":{"unaDosis":{"etarioTotal":{"vacunados":5989564,"personasINE":6868360,"porcentaje":0.8720515523356376},"etarioRangos":[{"rango":{"min":12,"max":19},"vacunados":533568,"personasINE":656166,"porcentaje":0.7652035020591583},{"rango":{"min":20,"max":29},"vacunados":641956,"personasINE":838935,"porcentaje":0.8579940839412039},{"rango":{"min":30,"max":39},"vacunados":780612,"personasINE":1044652,"porcentaje":0.8579940839412039},{"rango":{"min":40,"max":49},"vacunados":1129768,"personasINE":1316755,"porcentaje":0.8579940839412039},{"rango":{"min":50,"max":59},"vacunados":1026200,"personasINE":1091780,"porcentaje":0.9399329535254355},{"rango":{"min":60,"max":69},"vacunados":799979,"personasINE":837584,"porcentaje":0.9551030105637166},{"rango":{"min":70,"max":79},"vacunados":618533,"personasINE":635292,"porcentaje":0.9736200046592748},{"rango":{"min":80,"max":null},"vacunados":458948,"personasINE":458948,"porcentaje":1}]},"pautaCompleta":{"etarioTotal":{"vacunados":5866345,"personasINE":6868360,"porcentaje":0.8541114618336837},"etarioRangos":[{"rango":{"min":12,"max":19},"vacunados":514359,"personasINE":656166,"porcentaje":0.7312556991900445},{"rango":{"min":20,"max":29},"vacunados":613476,"personasINE":838935,"porcentaje":0.8444957490193696},{"rango":{"min":30,"max":39},"vacunados":754882,"personasINE":1044652,"porcentaje":0.8444957490193696},{"rango":{"min":40,"max":49},"vacunados":1111994,"personasINE":1316755,"porcentaje":0.8444957490193696},{"rango":{"min":50,"max":59},"vacunados":1015385,"personasINE":1091780,"porcentaje":0.9300271116891682},{"rango":{"min":60,"max":69},"vacunados":788406,"personasINE":837584,"porcentaje":0.9412858889377066},{"rango":{"min":70,"max":79},"vacunados":614529,"personasINE":635292,"porcentaje":0.9673173910579702},{"rango":{"min":80,"max":null},"vacunados":453314,"personasINE":453314,"porcentaje":1}]}}},{"ccaa":"C. Valenciana","dosisAdministradas":7831632,"dosisEntregadas":8088540,"dosisEntregadasModerna":1213650,"dosisEntregadasPfizer":5797540,"dosisEntregadasAstrazeneca":863900,"dosisEntregadasJanssen":213450,"dosisPrimeraDosis":4080223,"dosisPautaCompletada":4015726,"porcentajeEntregadas":0.9682380256511064,"porcentajePoblacionAdministradas":1.5485634481120856,"porcentajePoblacionPrimeraDosis":0.8067902319652197,"porcentajePoblacionCompletas":0.7940371178361487,"fechaUltRegistro":1636243200000,"etarios":{"unaDosis":{"etarioTotal":{"vacunados":4080223,"personasINE":4488459,"porcentaje":0.9090476263679806},"etarioRangos":[{"rango":{"min":12,"max":19},"vacunados":372467,"personasINE":424531,"porcentaje":0.8256685383026625},{"rango":{"min":20,"max":29},"vacunados":426149,"personasINE":516126,"porcentaje":0.8846860218791246},{"rango":{"min":30,"max":39},"vacunados":510605,"personasINE":648759,"porcentaje":0.8846860218791246},{"rango":{"min":40,"max":49},"vacunados":753388,"personasINE":851588,"porcentaje":0.8846860218791246},{"rango":{"min":50,"max":59},"vacunados":715250,"personasINE":752334,"porcentaje":0.950708063174069},{"rango":{"min":60,"max":69},"vacunados":570429,"personasINE":580728,"porcentaje":0.982265363474811},{"rango":{"min":70,"max":79},"vacunados":434591,"personasINE":437862,"porcentaje":0.9925296097857316},{"rango":{"min":80,"max":null},"vacunados":297344,"personasINE":297344,"porcentaje":1}]},"pautaCompleta":{"etarioTotal":{"vacunados":4015726,"personasINE":4488459,"porcentaje":0.8946781066731366},"etarioRangos":[{"rango":{"min":12,"max":19},"vacunados":359522,"personasINE":424531,"porcentaje":0.7977858119916454},{"rango":{"min":20,"max":29},"vacunados":411758,"personasINE":516126,"porcentaje":0.8750863093420762},{"rango":{"min":30,"max":39},"vacunados":498650,"personasINE":648759,"porcentaje":0.8750863093420762},{"rango":{"min":40,"max":49},"vacunados":745213,"personasINE":851588,"porcentaje":0.8750863093420762},{"rango":{"min":50,"max":59},"vacunados":709865,"personasINE":752334,"porcentaje":0.9435503380147647},{"rango":{"min":60,"max":69},"vacunados":565478,"personasINE":580728,"porcentaje":0.9737398575580994},{"rango":{"min":70,"max":79},"vacunados":431898,"personasINE":437862,"porcentaje":0.9863792701810159},{"rango":{"min":80,"max":null},"vacunados":293342,"personasINE":293342,"porcentaje":1}]}}},{"ccaa":"Extremadura","dosisAdministradas":1784224,"dosisEntregadas":1833705,"dosisEntregadasModerna":218200,"dosisEntregadasPfizer":1377755,"dosisEntregadasAstrazeneca":186000,"dosisEntregadasJanssen":51750,"dosisPrimeraDosis":898779,"dosisPautaCompletada":884894,"porcentajeEntregadas":0.973015834062731,"porcentajePoblacionAdministradas":1.6769227443568389,"porcentajePoblacionPrimeraDosis":0.844727426180959,"porcentajePoblacionCompletas":0.8316774547057436,"fechaUltRegistro":1636243200000,"etarios":{"unaDosis":{"etarioTotal":{"vacunados":898779,"personasINE":953437,"porcentaje":0.9426726674127394},"etarioRangos":[{"rango":{"min":12,"max":19},"vacunados":77004,"personasINE":84750,"porcentaje":0.8254941757853865},{"rango":{"min":20,"max":29},"vacunados":93545,"personasINE":113320,"porcentaje":0.9174012815529111},{"rango":{"min":30,"max":39},"vacunados":113205,"personasINE":133479,"porcentaje":0.9174012815529111},{"rango":{"min":40,"max":49},"vacunados":146320,"personasINE":159494,"porcentaje":0.9174012815529111},{"rango":{"min":50,"max":59},"vacunados":161556,"personasINE":169216,"porcentaje":0.95473241301059},{"rango":{"min":60,"max":69},"vacunados":132905,"personasINE":132905,"porcentaje":1},{"rango":{"min":70,"max":79},"vacunados":95958,"personasINE":95958,"porcentaje":1},{"rango":{"min":80,"max":null},"vacunados":78286,"personasINE":78286,"porcentaje":1}]},"pautaCompleta":{"etarioTotal":{"vacunados":884894,"personasINE":953437,"porcentaje":0.9281095657080646},"etarioRangos":[{"rango":{"min":12,"max":19},"vacunados":74446,"personasINE":84750,"porcentaje":0.7974408753971055},{"rango":{"min":20,"max":29},"vacunados":90366,"personasINE":113320,"porcentaje":0.9058083689668577},{"rango":{"min":30,"max":39},"vacunados":110673,"personasINE":133479,"porcentaje":0.9058083689668577},{"rango":{"min":40,"max":49},"vacunados":144471,"personasINE":159494,"porcentaje":0.9058083689668577},{"rango":{"min":50,"max":59},"vacunados":160324,"personasINE":169216,"porcentaje":0.9474517776096822},{"rango":{"min":60,"max":69},"vacunados":131685,"personasINE":125296.99999999999,"porcentaje":1.050982864713441},{"rango":{"min":70,"max":79},"vacunados":95464,"personasINE":95464,"porcentaje":1},{"rango":{"min":80,"max":null},"vacunados":77465,"personasINE":77465,"porcentaje":1}]}}},{"ccaa":"Galicia","dosisAdministradas":4513925,"dosisEntregadas":4479149,"dosisEntregadasModerna":527400,"dosisEntregadasPfizer":3255649,"dosisEntregadasAstrazeneca":573400,"dosisEntregadasJanssen":122700,"dosisPrimeraDosis":2311081,"dosisPautaCompletada":2290670,"porcentajeEntregadas":1.0077639748086076,"porcentajePoblacionAdministradas":1.6706985182945269,"porcentajePoblacionPrimeraDosis":0.8553796534853001,"porcentajePoblacionCompletas":0.847825113377321,"fechaUltRegistro":1636156800000,"etarios":{"unaDosis":{"etarioTotal":{"vacunados":2311081,"personasINE":2454497,"porcentaje":0.9415701058098666},"etarioRangos":[{"rango":{"min":12,"max":19},"vacunados":169197,"personasINE":180007,"porcentaje":0.8620406007420524},{"rango":{"min":20,"max":29},"vacunados":199115,"personasINE":230981,"porcentaje":0.9208679191644801},{"rango":{"min":30,"max":39},"vacunados":263842,"personasINE":323408,"porcentaje":0.9208679191644801},{"rango":{"min":40,"max":49},"vacunados":408148,"personasINE":443221,"porcentaje":0.9208679191644801},{"rango":{"min":50,"max":59},"vacunados":390984,"personasINE":405889,"porcentaje":0.9632781376189057},{"rango":{"min":60,"max":69},"vacunados":346105,"personasINE":346927,"porcentaje":0.9976306254629936},{"rango":{"min":70,"max":79},"vacunados":291355,"personasINE":291355,"porcentaje":1},{"rango":{"min":80,"max":null},"vacunados":242335,"personasINE":242335,"porcentaje":1}]},"pautaCompleta":{"etarioTotal":{"vacunados":2290670,"personasINE":2454497,"porcentaje":0.9332543490580758},"etarioRangos":[{"rango":{"min":12,"max":19},"vacunados":165463,"personasINE":180007,"porcentaje":0.8418268169243358},{"rango":{"min":20,"max":29},"vacunados":194446,"personasINE":230981,"porcentaje":0.914823530473511},{"rango":{"min":30,"max":39},"vacunados":260143,"personasINE":323408,"porcentaje":0.914823530473511},{"rango":{"min":40,"max":49},"vacunados":405469,"personasINE":443221,"porcentaje":0.914823530473511},{"rango":{"min":50,"max":59},"vacunados":389116,"personasINE":405889,"porcentaje":0.9586758941484002},{"rango":{"min":60,"max":69},"vacunados":345060,"personasINE":346927,"porcentaje":0.9946184644031741},{"rango":{"min":70,"max":79},"vacunados":290200,"personasINE":290200,"porcentaje":1},{"rango":{"min":80,"max":null},"vacunados":240773,"personasINE":240773,"porcentaje":1}]}}},{"ccaa":"La Rioja","dosisAdministradas":490601,"dosisEntregadas":557365,"dosisEntregadasModerna":67600,"dosisEntregadasPfizer":421265,"dosisEntregadasAstrazeneca":53300,"dosisEntregadasJanssen":15200,"dosisPrimeraDosis":260733,"dosisPautaCompletada":255589,"porcentajeEntregadas":0.8802149399406134,"porcentajePoblacionAdministradas":1.5335402639459355,"porcentajePoblacionPrimeraDosis":0.8150096588458148,"porcentajePoblacionCompletas":0.7989303375282107,"fechaUltRegistro":1636070400000,"etarios":{"unaDosis":{"etarioTotal":{"vacunados":260733,"personasINE":283970,"porcentaje":0.9181709335493186},"etarioRangos":[{"rango":{"min":12,"max":19},"vacunados":22080,"personasINE":25532,"porcentaje":0.7959156871757831},{"rango":{"min":20,"max":29},"vacunados":24242,"personasINE":30457.999999999996,"porcentaje":0.899106653823635},{"rango":{"min":30,"max":39},"vacunados":31268,"personasINE":39319,"porcentaje":0.899106653823635},{"rango":{"min":40,"max":49},"vacunados":47605,"personasINE":52947,"porcentaje":0.899106653823635},{"rango":{"min":50,"max":59},"vacunados":45427,"personasINE":47664,"porcentaje":0.9530673044645854},{"rango":{"min":60,"max":69},"vacunados":38069,"personasINE":38069,"porcentaje":1},{"rango":{"min":70,"max":79},"vacunados":28672,"personasINE":28672,"porcentaje":1},{"rango":{"min":80,"max":null},"vacunados":23370,"personasINE":23370,"porcentaje":1}]},"pautaCompleta":{"etarioTotal":{"vacunados":255589,"personasINE":283970,"porcentaje":0.9000563439799979},"etarioRangos":[{"rango":{"min":12,"max":19},"vacunados":21156,"personasINE":25532,"porcentaje":0.7618359708450981},{"rango":{"min":20,"max":29},"vacunados":23204,"personasINE":30458,"porcentaje":0.8843749409787146},{"rango":{"min":30,"max":39},"vacunados":30362,"personasINE":39319,"porcentaje":0.8843749409787146},{"rango":{"min":40,"max":49},"vacunados":46825,"personasINE":52947,"porcentaje":0.8843749409787146},{"rango":{"min":50,"max":59},"vacunados":44799,"personasINE":47664,"porcentaje":0.9398917421953675},{"rango":{"min":60,"max":69},"vacunados":37501,"personasINE":37718,"porcentaje":0.9942467787263376},{"rango":{"min":70,"max":79},"vacunados":28569,"personasINE":28569,"porcentaje":1},{"rango":{"min":80,"max":null},"vacunados":23173,"personasINE":23173,"porcentaje":1}]}}},{"ccaa":"Madrid","dosisAdministradas":10087653,"dosisEntregadas":10831935,"dosisEntregadasModerna":1645800,"dosisEntregadasPfizer":7637685,"dosisEntregadasAstrazeneca":1227000,"dosisEntregadasJanssen":321450,"dosisPrimeraDosis":5355337,"dosisPautaCompletada":5245198,"porcentajeEntregadas":0.9312881770431599,"porcentajePoblacionAdministradas":1.4878790033109692,"porcentajePoblacionPrimeraDosis":0.7898857621246841,"porcentajePoblacionCompletas":0.7736408035058986,"fechaUltRegistro":1636156800000,"etarios":{"unaDosis":{"etarioTotal":{"vacunados":5355337,"personasINE":5977937,"porcentaje":0.8958503577404713},"etarioRangos":[{"rango":{"min":12,"max":19},"vacunados":454866,"personasINE":553542,"porcentaje":0.8096959493585643},{"rango":{"min":20,"max":29},"vacunados":601179,"personasINE":742475,"porcentaje":0.8862313042091098},{"rango":{"min":30,"max":39},"vacunados":749410,"personasINE":949640,"porcentaje":0.8862313042091098},{"rango":{"min":40,"max":49},"vacunados":1033320,"personasINE":1165971,"porcentaje":0.8862313042091098},{"rango":{"min":50,"max":59},"vacunados":941834,"personasINE":972783,"porcentaje":0.9681850936950995},{"rango":{"min":60,"max":69},"vacunados":689412,"personasINE":703323,"porcentaje":0.98022103642281},{"rango":{"min":70,"max":79},"vacunados":511278,"personasINE":526081,"porcentaje":0.9718617475255712},{"rango":{"min":80,"max":null},"vacunados":374038,"personasINE":374038,"porcentaje":1}]},"pautaCompleta":{"etarioTotal":{"vacunados":5245198,"personasINE":5977937,"porcentaje":0.8774261087060636},"etarioRangos":[{"rango":{"min":12,"max":19},"vacunados":441185,"personasINE":553542,"porcentaje":0.7741930704737533},{"rango":{"min":20,"max":29},"vacunados":574819,"personasINE":742475,"porcentaje":0.8695979574106045},{"rango":{"min":30,"max":39},"vacunados":723654,"personasINE":949639.9999999999,"porcentaje":0.8695979574106045},{"rango":{"min":40,"max":49},"vacunados":1013926,"personasINE":1165971,"porcentaje":0.8695979574106045},{"rango":{"min":50,"max":59},"vacunados":934117,"personasINE":972783,"porcentaje":0.9602521836833086},{"rango":{"min":60,"max":69},"vacunados":677225,"personasINE":703323,"porcentaje":0.9628932936929405},{"rango":{"min":70,"max":79},"vacunados":509134,"personasINE":526081,"porcentaje":0.9677863294815817},{"rango":{"min":80,"max":null},"vacunados":371138,"personasINE":371138,"porcentaje":1}]}}},{"ccaa":"Murcia","dosisAdministradas":2265271,"dosisEntregadas":2407175,"dosisEntregadasModerna":398000,"dosisEntregadasPfizer":1687865,"dosisEntregadasAstrazeneca":253010,"dosisEntregadasJanssen":68300,"dosisPrimeraDosis":1193509,"dosisPautaCompletada":1163295,"porcentajeEntregadas":0.9410495705546958,"porcentajePoblacionAdministradas":1.498937635111573,"porcentajePoblacionPrimeraDosis":0.789749022498579,"porcentajePoblacionCompletas":0.7697563144705942,"fechaUltRegistro":1636156800000,"etarios":{"unaDosis":{"etarioTotal":{"vacunados":1193509,"personasINE":1310137,"porcentaje":0.9109803020600136},"etarioRangos":[{"rango":{"min":12,"max":19},"vacunados":119628,"personasINE":141894,"porcentaje":0.8204275231062189},{"rango":{"min":20,"max":29},"vacunados":141317,"personasINE":172248,"porcentaje":0.9122432197421279},{"rango":{"min":30,"max":39},"vacunados":167477,"personasINE":209003,"porcentaje":0.9122432197421279},{"rango":{"min":40,"max":49},"vacunados":231853,"personasINE":254157,"porcentaje":0.9122432197421279},{"rango":{"min":50,"max":59},"vacunados":207540,"personasINE":213256,"porcentaje":0.973196533743482},{"rango":{"min":60,"max":69},"vacunados":148368,"personasINE":148368,"porcentaje":1},{"rango":{"min":70,"max":79},"vacunados":103342,"personasINE":103342,"porcentaje":1},{"rango":{"min":80,"max":null},"vacunados":73984,"personasINE":73984,"porcentaje":1}]},"pautaCompleta":{"etarioTotal":{"vacunados":1163295,"personasINE":1310137,"porcentaje":0.8879185917197973},"etarioRangos":[{"rango":{"min":12,"max":19},"vacunados":114900,"personasINE":141894,"porcentaje":0.7777739073893456},{"rango":{"min":20,"max":29},"vacunados":133970,"personasINE":172248,"porcentaje":0.8921650790653022},{"rango":{"min":30,"max":39},"vacunados":161377,"personasINE":209003,"porcentaje":0.8921650790653022},{"rango":{"min":40,"max":49},"vacunados":226750,"personasINE":254157,"porcentaje":0.8921650790653022},{"rango":{"min":50,"max":59},"vacunados":204913,"personasINE":213256,"porcentaje":0.9608780057770941},{"rango":{"min":60,"max":69},"vacunados":145748,"personasINE":146909,"porcentaje":0.9920971485749682},{"rango":{"min":70,"max":79},"vacunados":102449,"personasINE":102899,"porcentaje":0.9956267796577226},{"rango":{"min":80,"max":null},"vacunados":73188,"personasINE":73188,"porcentaje":1}]}}},{"ccaa":"Navarra","dosisAdministradas":1017222,"dosisEntregadas":1046175,"dosisEntregadasModerna":151500,"dosisEntregadasPfizer":734325,"dosisEntregadasAstrazeneca":136600,"dosisEntregadasJanssen":23750,"dosisPrimeraDosis":528404,"dosisPautaCompletada":522257,"porcentajeEntregadas":0.9723248978421393,"porcentajePoblacionAdministradas":1.5384552561490752,"porcentajePoblacionPrimeraDosis":0.7991627306233997,"porcentajePoblacionCompletas":0.789865955229682,"fechaUltRegistro":1636243200000,"etarios":{"unaDosis":{"etarioTotal":{"vacunados":528404,"personasINE":581354,"porcentaje":0.90891952235643},"etarioRangos":[{"rango":{"min":12,"max":19},"vacunados":49148,"personasINE":56388,"porcentaje":0.8385662072306134},{"rango":{"min":20,"max":29},"vacunados":57129,"personasINE":68127,"porcentaje":0.8830114257143387},{"rango":{"min":30,"max":39},"vacunados":64110,"personasINE":81341,"porcentaje":0.8830114257143387},{"rango":{"min":40,"max":49},"vacunados":95367,"personasINE":108002,"porcentaje":0.8830114257143387},{"rango":{"min":50,"max":59},"vacunados":91933,"personasINE":96694,"porcentaje":0.9507621982749705},{"rango":{"min":60,"max":69},"vacunados":72300,"personasINE":73844,"porcentaje":0.9790910568224906},{"rango":{"min":70,"max":79},"vacunados":55901,"personasINE":55901,"porcentaje":1},{"rango":{"min":80,"max":null},"vacunados":42516,"personasINE":42516,"porcentaje":1}]},"pautaCompleta":{"etarioTotal":{"vacunados":522257,"personasINE":581354,"porcentaje":0.8983459303625674},"etarioRangos":[{"rango":{"min":12,"max":19},"vacunados":48259,"personasINE":56388,"porcentaje":0.8147136964786355},{"rango":{"min":20,"max":29},"vacunados":55504,"personasINE":68127,"porcentaje":0.8754189737227088},{"rango":{"min":30,"max":39},"vacunados":63012,"personasINE":81341,"porcentaje":0.8754189737227088},{"rango":{"min":40,"max":49},"vacunados":94547,"personasINE":108002,"porcentaje":0.8754189737227088},{"rango":{"min":50,"max":59},"vacunados":91324,"personasINE":96694,"porcentaje":0.9444639791507229},{"rango":{"min":60,"max":69},"vacunados":71735,"personasINE":73844,"porcentaje":0.9714397919939332},{"rango":{"min":70,"max":79},"vacunados":55756,"personasINE":55792,"porcentaje":0.9993547462001721},{"rango":{"min":80,"max":null},"vacunados":42120,"personasINE":42120,"porcentaje":1}]}}},{"ccaa":"País Vasco","dosisAdministradas":3455869,"dosisEntregadas":3719130,"dosisEntregadasModerna":526100,"dosisEntregadasPfizer":2647530,"dosisEntregadasAstrazeneca":444200,"dosisEntregadasJanssen":101300,"dosisPrimeraDosis":1815132,"dosisPautaCompletada":1784368,"porcentajeEntregadas":0.9292143592721954,"porcentajePoblacionAdministradas":1.5563444155020663,"porcentajePoblacionPrimeraDosis":0.8174414457258352,"porcentajePoblacionCompletas":0.803586933416918,"fechaUltRegistro":1636243200000,"etarios":{"unaDosis":{"etarioTotal":{"vacunados":1815132,"personasINE":1983943,"porcentaje":0.9149113659011373},"etarioRangos":[{"rango":{"min":12,"max":19},"vacunados":146647,"personasINE":168606,"porcentaje":0.81406611291395},{"rango":{"min":20,"max":29},"vacunados":164062,"personasINE":201534,"porcentaje":0.8854371184067732},{"rango":{"min":30,"max":39},"vacunados":203196,"personasINE":260543,"porcentaje":0.8854371184067732},{"rango":{"min":40,"max":49},"vacunados":320646,"personasINE":362133,"porcentaje":0.8854371184067732},{"rango":{"min":50,"max":59},"vacunados":323988,"personasINE":339977,"porcentaje":0.952970347994129},{"rango":{"min":60,"max":69},"vacunados":278602,"personasINE":280119,"porcentaje":0.9945844444682439},{"rango":{"min":70,"max":79},"vacunados":213773,"personasINE":213773,"porcentaje":1},{"rango":{"min":80,"max":null},"vacunados":164218,"personasINE":164218,"porcentaje":1}]},"pautaCompleta":{"etarioTotal":{"vacunados":1784368,"personasINE":1983943,"porcentaje":0.8994048720149722},"etarioRangos":[{"rango":{"min":12,"max":19},"vacunados":143159,"personasINE":168606,"porcentaje":0.7889041055107326},{"rango":{"min":20,"max":29},"vacunados":158991,"personasINE":201534,"porcentaje":0.8730991099954989},{"rango":{"min":30,"max":39},"vacunados":197700,"personasINE":260543,"porcentaje":0.8730991099954989},{"rango":{"min":40,"max":49},"vacunados":316178,"personasINE":362133,"porcentaje":0.8730991099954989},{"rango":{"min":50,"max":59},"vacunados":320725,"personasINE":339977,"porcentaje":0.9433726399138765},{"rango":{"min":60,"max":69},"vacunados":273429,"personasINE":280119,"porcentaje":0.9761172930076146},{"rango":{"min":70,"max":79},"vacunados":212234,"personasINE":213081,"porcentaje":0.9960249858035207},{"rango":{"min":80,"max":null},"vacunados":161952,"personasINE":157950,"porcentaje":1.0253371320037987}]}}},{"ccaa":"Ceuta","dosisAdministradas":117276,"dosisEntregadas":140015,"dosisEntregadasModerna":22400,"dosisEntregadasPfizer":95580,"dosisEntregadasAstrazeneca":18100,"dosisEntregadasJanssen":3935,"dosisPrimeraDosis":62891,"dosisPautaCompletada":60263,"porcentajeEntregadas":0.8375959718601579,"porcentajePoblacionAdministradas":1.3927935203439348,"porcentajePoblacionPrimeraDosis":0.7469062492577373,"porcentajePoblacionCompletas":0.7156955891784044,"fechaUltRegistro":1636070400000,"etarios":{"unaDosis":{"etarioTotal":{"vacunados":62891,"personasINE":70965,"porcentaje":0.8862256041710702},"etarioRangos":[{"rango":{"min":12,"max":19},"vacunados":8592,"personasINE":9126,"porcentaje":0.845627792468314},{"rango":{"min":20,"max":29},"vacunados":9274,"personasINE":10967,"porcentaje":0.8846701471286189},{"rango":{"min":30,"max":39},"vacunados":9270,"personasINE":11894,"porcentaje":0.8846701471286189},{"rango":{"min":40,"max":49},"vacunados":11184,"personasINE":12642,"porcentaje":0.8846701471286189},{"rango":{"min":50,"max":59},"vacunados":10606,"personasINE":11556,"porcentaje":0.9177916233991},{"rango":{"min":60,"max":69},"vacunados":7668,"personasINE":7857,"porcentaje":0.9759450171821306},{"rango":{"min":70,"max":79},"vacunados":3896,"personasINE":4318,"porcentaje":0.9022695692450209},{"rango":{"min":80,"max":null},"vacunados":2401,"personasINE":2605,"porcentaje":0.9216890595009597}]},"pautaCompleta":{"etarioTotal":{"vacunados":60263,"personasINE":70965,"porcentaje":0.849193264285211},"etarioRangos":[{"rango":{"min":12,"max":19},"vacunados":7769,"personasINE":9126,"porcentaje":0.7744141515455457},{"rango":{"min":20,"max":29},"vacunados":8493,"personasINE":10967,"porcentaje":0.863233665559247},{"rango":{"min":30,"max":39},"vacunados":8848,"personasINE":11894,"porcentaje":0.863233665559247},{"rango":{"min":40,"max":49},"vacunados":10913,"personasINE":12642,"porcentaje":0.863233665559247},{"rango":{"min":50,"max":59},"vacunados":10459,"personasINE":11556,"porcentaje":0.9050709588092766},{"rango":{"min":60,"max":69},"vacunados":7539,"personasINE":7857,"porcentaje":0.9595265368461244},{"rango":{"min":70,"max":79},"vacunados":3862,"personasINE":4318,"porcentaje":0.8943955534969893},{"rango":{"min":80,"max":null},"vacunados":2380,"personasINE":2605,"porcentaje":0.9136276391554703}]}}},{"ccaa":"Melilla","dosisAdministradas":104620,"dosisEntregadas":141100,"dosisEntregadasModerna":23500,"dosisEntregadasPfizer":96750,"dosisEntregadasAstrazeneca":15100,"dosisEntregadasJanssen":5750,"dosisPrimeraDosis":57923,"dosisPautaCompletada":55317,"porcentajeEntregadas":0.7414599574769667,"porcentajePoblacionAdministradas":1.2014791676236851,"porcentajePoblacionPrimeraDosis":0.6652005144930865,"porcentajePoblacionCompletas":0.6352726353989618,"fechaUltRegistro":1636070400000,"etarios":{"unaDosis":{"etarioTotal":{"vacunados":57923,"personasINE":70927,"porcentaje":0.8166565623810397},"etarioRangos":[{"rango":{"min":12,"max":19},"vacunados":8057,"personasINE":9574,"porcentaje":0.7364735306377658},{"rango":{"min":20,"max":29},"vacunados":8834,"personasINE":11995,"porcentaje":0.8417763706048992},{"rango":{"min":30,"max":39},"vacunados":8688,"personasINE":12133,"porcentaje":0.8417763706048992},{"rango":{"min":40,"max":49},"vacunados":10103,"personasINE":12002,"porcentaje":0.8417763706048992},{"rango":{"min":50,"max":59},"vacunados":9714,"personasINE":11299,"porcentaje":0.8597220993008231},{"rango":{"min":60,"max":69},"vacunados":7192,"personasINE":7827,"porcentaje":0.9188705762105532},{"rango":{"min":70,"max":79},"vacunados":3320,"personasINE":3748,"porcentaje":0.8858057630736392},{"rango":{"min":80,"max":null},"vacunados":2015,"personasINE":2349,"porcentaje":0.8578118348233291}]},"pautaCompleta":{"etarioTotal":{"vacunados":55317,"personasINE":70927,"porcentaje":0.7799145600406051},"etarioRangos":[{"rango":{"min":12,"max":19},"vacunados":7344,"personasINE":9574,"porcentaje":0.6720300125052105},{"rango":{"min":20,"max":29},"vacunados":8061,"personasINE":11995,"porcentaje":0.8216130644892518},{"rango":{"min":30,"max":39},"vacunados":8293,"personasINE":12133,"porcentaje":0.8216130644892518},{"rango":{"min":40,"max":49},"vacunados":9861,"personasINE":12002,"porcentaje":0.8216130644892518},{"rango":{"min":50,"max":59},"vacunados":9508,"personasINE":11299,"porcentaje":0.8414903973802992},{"rango":{"min":60,"max":69},"vacunados":7029,"personasINE":7827,"porcentaje":0.8980452280567267},{"rango":{"min":70,"max":79},"vacunados":3252,"personasINE":3748,"porcentaje":0.8676627534685165},{"rango":{"min":80,"max":null},"vacunados":1969,"personasINE":2349,"porcentaje":0.8382290336313325}]}}},{"ccaa":"Fuerzas Armadas","dosisAdministradas":173169,"dosisEntregadas":212238,"dosisEntregadasModerna":58300,"dosisEntregadasPfizer":48138,"dosisEntregadasAstrazeneca":103800,"dosisEntregadasJanssen":2000,"dosisPrimeraDosis":92887,"dosisPautaCompletada":86880,"porcentajeEntregadas":0.8159189212110932,"porcentajePoblacionAdministradas":null,"porcentajePoblacionPrimeraDosis":null,"porcentajePoblacionCompletas":null,"fechaUltRegistro":1635984000000},{"ccaa":"Sanidad Exterior","dosisAdministradas":7173,"dosisEntregadas":9250,"dosisEntregadasModerna":4910,"dosisEntregadasPfizer":0,"dosisEntregadasAstrazeneca":0,"dosisEntregadasJanssen":4340,"dosisPrimeraDosis":5425,"dosisPautaCompletada":5195,"porcentajeEntregadas":0.7754594594594595,"porcentajePoblacionAdministradas":null,"porcentajePoblacionPrimeraDosis":null,"porcentajePoblacionCompletas":null,"fechaUltRegistro":1635984000000,"etarios":{"unaDosis":{"etarioTotal":{"vacunados":5425,"personasINE":"-","porcentaje":"-"},"etarioRangos":[{"rango":{"min":12,"max":19},"vacunados":172,"personasINE":null,"porcentaje":"-"},{"rango":{"min":20,"max":29},"vacunados":1311,"personasINE":null,"porcentaje":"-"},{"rango":{"min":30,"max":39},"vacunados":1586,"personasINE":null,"porcentaje":"-"},{"rango":{"min":40,"max":49},"vacunados":1349,"personasINE":null,"porcentaje":"-"},{"rango":{"min":50,"max":59},"vacunados":711,"personasINE":null,"porcentaje":"-"},{"rango":{"min":60,"max":69},"vacunados":231,"personasINE":null,"porcentaje":"-"},{"rango":{"min":70,"max":79},"vacunados":37,"personasINE":null,"porcentaje":"-"},{"rango":{"min":80,"max":null},"vacunados":28,"personasINE":null,"porcentaje":"-"}]},"pautaCompleta":{"etarioTotal":{"vacunados":5195,"personasINE":"-","porcentaje":"-"},"etarioRangos":[{"rango":{"min":12,"max":19},"vacunados":156,"personasINE":null,"porcentaje":"-"},{"rango":{"min":20,"max":29},"vacunados":1260,"personasINE":null,"porcentaje":"-"},{"rango":{"min":30,"max":39},"vacunados":1511,"personasINE":null,"porcentaje":"-"},{"rango":{"min":40,"max":49},"vacunados":1300,"personasINE":null,"porcentaje":"-"},{"rango":{"min":50,"max":59},"vacunados":685,"personasINE":null,"porcentaje":"-"},{"rango":{"min":60,"max":69},"vacunados":220,"personasINE":null,"porcentaje":"-"},{"rango":{"min":70,"max":79},"vacunados":36,"personasINE":null,"porcentaje":"-"},{"rango":{"min":80,"max":null},"vacunados":27,"personasINE":null,"porcentaje":"-"}]}}},{"ccaa":"Totales","dosisAdministradas":72805128,"dosisEntregadas":76959219,"dosisEntregadasModerna":10764810,"dosisEntregadasPfizer":54925389,"dosisEntregadasAstrazeneca":9109480,"dosisEntregadasJanssen":2159540,"dosisPrimeraDosis":38100169,"dosisPautaCompletada":37398246,"porcentajeEntregadas":0.9460221783175841,"porcentajePoblacionAdministradas":1.551025308904985,"porcentajePoblacionPrimeraDosis":0.8116780783979548,"porcentajePoblacionCompletas":0.7967244567533021,"fechaUltRegistro":null,"etarios":{"unaDosis":{"etarioTotal":{"vacunados":38100169,"personasINE":42119827,"porcentaje":0.9045661322398119},"etarioRangos":[{"rango":{"min":12,"max":19},"vacunados":3343557,"personasINE":3888686,"porcentaje":0.8103299734662179},{"rango":{"min":20,"max":29},"vacunados":4006790,"personasINE":4944640,"porcentaje":0.8850349422440206},{"rango":{"min":30,"max":39},"vacunados":4914352,"personasINE":6230403,"porcentaje":0.8850349422440206},{"rango":{"min":40,"max":49},"vacunados":6984463,"personasINE":7891737,"porcentaje":0.8850349422440206},{"rango":{"min":50,"max":59},"vacunados":6686468,"personasINE":7033306,"porcentaje":0.9506863486388905},{"rango":{"min":60,"max":69},"vacunados":5282296,"personasINE":5336986,"porcentaje":0.9897526431585169},{"rango":{"min":70,"max":79},"vacunados":3943955,"personasINE":3960045,"porcentaje":0.9959369148582907},{"rango":{"min":80,"max":null},"vacunados":2938288,"personasINE":2938288,"porcentaje":1}]},"pautaCompleta":{"etarioTotal":{"vacunados":37398246,"personasINE":42119827,"porcentaje":0.8879012252353268},"etarioRangos":[{"rango":{"min":12,"max":19},"vacunados":3229809,"personasINE":3888686.0000000005,"porcentaje":0.7782878025498318},{"rango":{"min":20,"max":29},"vacunados":3848353,"personasINE":4944640,"porcentaje":0.8719384591757176},{"rango":{"min":30,"max":39},"vacunados":4772413,"personasINE":6230403,"porcentaje":0.8719384591757176},{"rango":{"min":40,"max":49},"vacunados":6881109,"personasINE":7891737,"porcentaje":0.8719384591757176},{"rango":{"min":50,"max":59},"vacunados":6621752,"personasINE":7033306,"porcentaje":0.9414849858658219},{"rango":{"min":60,"max":69},"vacunados":5218204,"personasINE":5336986,"porcentaje":0.977743617839732},{"rango":{"min":70,"max":79},"vacunados":3920748,"personasINE":3960045,"porcentaje":0.990076627917107},{"rango":{"min":80,"max":null},"vacunados":2905858,"personasINE":2905858,"porcentaje":1}]}}}]