[{"ccaa":"Andalucía","dosisAdministradas":10061676,"dosisEntregadas":10113160,"dosisEntregadasModerna":1102600,"dosisEntregadasPfizer":6728760,"dosisEntregadasAstrazeneca":1805800,"dosisEntregadasJanssen":476000,"dosisPrimeraDosis":5669482,"dosisPautaCompletada":4668302,"porcentajeEntregadas":0.9949092074089602,"porcentajePoblacionAdministradas":1.1887036203700412,"porcentajePoblacionPrimeraDosis":0.6698023052046976,"porcentajePoblacionCompletas":0.5515211867665689,"fechaUltRegistro":1627516800000,"etarios":{"unaDosis":{"etarioTotal":{"vacunados":5669482,"personasINE":7451975,"porcentaje":0.7608026060205516},"etarioRangos":[{"rango":{"min":12,"max":19},"vacunados":54936,"personasINE":752907,"porcentaje":0.5265648151338685},{"rango":{"min":20,"max":29},"vacunados":489006,"personasINE":928672,"porcentaje":0.8450474112600118},{"rango":{"min":30,"max":39},"vacunados":793021,"personasINE":1140217,"porcentaje":0.8450474112600118},{"rango":{"min":40,"max":49},"vacunados":1170487,"personasINE":1385114,"porcentaje":0.8450474112600118},{"rango":{"min":50,"max":59},"vacunados":1172514,"personasINE":1265021,"porcentaje":0.9268731507223991},{"rango":{"min":60,"max":69},"vacunados":906735,"personasINE":916147,"porcentaje":0.9897265395182214},{"rango":{"min":70,"max":79},"vacunados":650229,"personasINE":650381,"porcentaje":0.9997662908356794},{"rango":{"min":80,"max":null},"vacunados":432554,"personasINE":432554,"porcentaje":1}]},"pautaCompleta":{"etarioTotal":{"vacunados":4668302,"personasINE":7451975,"porcentaje":0.6264516453691806},"etarioRangos":[{"rango":{"min":12,"max":19},"vacunados":6463,"personasINE":752907,"porcentaje":0.12266009958306054},{"rango":{"min":20,"max":29},"vacunados":113911,"personasINE":928672,"porcentaje":0.7841015252174189},{"rango":{"min":30,"max":39},"vacunados":469048,"personasINE":1140217,"porcentaje":0.7841015252174189},{"rango":{"min":40,"max":49},"vacunados":1086070,"personasINE":1385114,"porcentaje":0.7841015252174189},{"rango":{"min":50,"max":59},"vacunados":1109559,"personasINE":1265021,"porcentaje":0.877107178457907},{"rango":{"min":60,"max":69},"vacunados":813613,"personasINE":916147,"porcentaje":0.8880812795326514},{"rango":{"min":70,"max":79},"vacunados":644020,"personasINE":650381,"porcentaje":0.9902195789852409},{"rango":{"min":80,"max":null},"vacunados":425618,"personasINE":425618,"porcentaje":1}]}}},{"ccaa":"Aragón","dosisAdministradas":1626247,"dosisEntregadas":1668905,"dosisEntregadasModerna":159500,"dosisEntregadasPfizer":1166805,"dosisEntregadasAstrazeneca":285700,"dosisEntregadasJanssen":56900,"dosisPrimeraDosis":925543,"dosisPautaCompletada":790976,"porcentajeEntregadas":0.9744395277142798,"porcentajePoblacionAdministradas":1.2233022489245076,"porcentajePoblacionPrimeraDosis":0.6962157860253304,"porcentajePoblacionCompletas":0.5949912403499046,"fechaUltRegistro":1627516800000,"etarios":{"unaDosis":{"etarioTotal":{"vacunados":925543,"personasINE":1185134,"porcentaje":0.7809606339873804},"etarioRangos":[{"rango":{"min":12,"max":19},"vacunados":21844,"personasINE":103109,"porcentaje":0.5415602641084041},{"rango":{"min":20,"max":29},"vacunados":70620,"personasINE":130401,"porcentaje":0.8198545660942669},{"rango":{"min":30,"max":39},"vacunados":107085,"personasINE":164286,"porcentaje":0.8198545660942669},{"rango":{"min":40,"max":49},"vacunados":176222,"personasINE":214943,"porcentaje":0.8198545660942669},{"rango":{"min":50,"max":59},"vacunados":178999,"personasINE":198266,"porcentaje":0.9028224708220269},{"rango":{"min":60,"max":69},"vacunados":151271,"personasINE":156367,"porcentaje":0.9674100033894619},{"rango":{"min":70,"max":79},"vacunados":118584,"personasINE":118955,"porcentaje":0.9968811735530243},{"rango":{"min":80,"max":null},"vacunados":100918,"personasINE":100918,"porcentaje":1}]},"pautaCompleta":{"etarioTotal":{"vacunados":790976,"personasINE":1185134,"porcentaje":0.6674148239777106},"etarioRangos":[{"rango":{"min":12,"max":19},"vacunados":7595,"personasINE":103109.00000000001,"porcentaje":0.23188472481039255},{"rango":{"min":20,"max":29},"vacunados":30238,"personasINE":130401.00000000001,"porcentaje":0.7753916154515383},{"rango":{"min":30,"max":39},"vacunados":62727,"personasINE":164286,"porcentaje":0.7753916154515383},{"rango":{"min":40,"max":49},"vacunados":166665,"personasINE":214943,"porcentaje":0.7753916154515383},{"rango":{"min":50,"max":59},"vacunados":174291,"personasINE":198266,"porcentaje":0.879076594070592},{"rango":{"min":60,"max":69},"vacunados":132638,"personasINE":156367,"porcentaje":0.848248031873733},{"rango":{"min":70,"max":79},"vacunados":117582,"personasINE":118955,"porcentaje":0.9884578201841032},{"rango":{"min":80,"max":null},"vacunados":99240,"personasINE":99240,"porcentaje":1}]}}},{"ccaa":"Asturias","dosisAdministradas":1396906,"dosisEntregadas":1389335,"dosisEntregadasModerna":133000,"dosisEntregadasPfizer":976685,"dosisEntregadasAstrazeneca":235900,"dosisEntregadasJanssen":43750,"dosisPrimeraDosis":767916,"dosisPautaCompletada":677139,"porcentajeEntregadas":1.0054493696624645,"porcentajePoblacionAdministradas":1.3711503125294469,"porcentajePoblacionPrimeraDosis":0.7537574206112385,"porcentajePoblacionCompletas":0.6646541366962968,"fechaUltRegistro":1627516800000,"etarios":{"unaDosis":{"etarioTotal":{"vacunados":767916,"personasINE":933927,"porcentaje":0.8222441368543794},"etarioRangos":[{"rango":{"min":12,"max":19},"vacunados":8587,"personasINE":64000,"porcentaje":0.5519586403913489},{"rango":{"min":20,"max":29},"vacunados":43666,"personasINE":79111,"porcentaje":0.8517602534237962},{"rango":{"min":30,"max":39},"vacunados":77741,"personasINE":114450.99999999999,"porcentaje":0.8517602534237962},{"rango":{"min":40,"max":49},"vacunados":142238,"personasINE":166993,"porcentaje":0.8517602534237962},{"rango":{"min":50,"max":59},"vacunados":148201,"personasINE":162645,"porcentaje":0.9111930892434443},{"rango":{"min":60,"max":69},"vacunados":145036,"personasINE":149652,"porcentaje":0.9691551065137787},{"rango":{"min":70,"max":79},"vacunados":113820,"personasINE":113820,"porcentaje":1},{"rango":{"min":80,"max":null},"vacunados":88627,"personasINE":88627,"porcentaje":1}]},"pautaCompleta":{"etarioTotal":{"vacunados":677139,"personasINE":933927,"porcentaje":0.7250448910889181},"etarioRangos":[{"rango":{"min":12,"max":19},"vacunados":615,"personasINE":64000,"porcentaje":0.13304091719229943},{"rango":{"min":20,"max":29},"vacunados":10525,"personasINE":79111,"porcentaje":0.8048061894809962},{"rango":{"min":30,"max":39},"vacunados":46046,"personasINE":114451,"porcentaje":0.8048061894809962},{"rango":{"min":40,"max":49},"vacunados":134397,"personasINE":166993,"porcentaje":0.8048061894809962},{"rango":{"min":50,"max":59},"vacunados":145332,"personasINE":162645,"porcentaje":0.8935534446186479},{"rango":{"min":60,"max":69},"vacunados":139900,"personasINE":149652,"porcentaje":0.9348354849918478},{"rango":{"min":70,"max":79},"vacunados":112789,"personasINE":112789,"porcentaje":1},{"rango":{"min":80,"max":null},"vacunados":87535,"personasINE":87826,"porcentaje":0.9966866303828024}]}}},{"ccaa":"Baleares","dosisAdministradas":1310456,"dosisEntregadas":1406310,"dosisEntregadasModerna":181400,"dosisEntregadasPfizer":912960,"dosisEntregadasAstrazeneca":256400,"dosisEntregadasJanssen":55550,"dosisPrimeraDosis":749962,"dosisPautaCompletada":634074,"porcentajeEntregadas":0.9318400637128371,"porcentajePoblacionAdministradas":1.1185726857656952,"porcentajePoblacionPrimeraDosis":0.64014893179337,"porcentajePoblacionCompletas":0.5412298140145091,"fechaUltRegistro":1627516800000,"etarios":{"unaDosis":{"etarioTotal":{"vacunados":749962,"personasINE":1034867,"porcentaje":0.7246940911247532},"etarioRangos":[{"rango":{"min":12,"max":19},"vacunados":39725,"personasINE":95480,"porcentaje":0.5442359832393324},{"rango":{"min":20,"max":29},"vacunados":75073,"personasINE":137942,"porcentaje":0.7433647634014318},{"rango":{"min":30,"max":39},"vacunados":104666,"personasINE":182187,"porcentaje":0.7433647634014318},{"rango":{"min":40,"max":49},"vacunados":153261,"personasINE":206172.00000000003,"porcentaje":0.7433647634014318},{"rango":{"min":50,"max":59},"vacunados":142255,"personasINE":165797,"porcentaje":0.8580070809483887},{"rango":{"min":60,"max":69},"vacunados":105771,"personasINE":117231,"porcentaje":0.902244286920695},{"rango":{"min":70,"max":79},"vacunados":78211,"personasINE":80516,"porcentaje":0.9713721496348552},{"rango":{"min":80,"max":null},"vacunados":51000,"personasINE":51000,"porcentaje":1}]},"pautaCompleta":{"etarioTotal":{"vacunados":634074,"personasINE":1034867,"porcentaje":0.6127106188524709},"etarioRangos":[{"rango":{"min":12,"max":19},"vacunados":11425,"personasINE":95480,"porcentaje":0.27520262139159934},{"rango":{"min":20,"max":29},"vacunados":37962,"personasINE":137942,"porcentaje":0.7058766466833518},{"rango":{"min":30,"max":39},"vacunados":75672,"personasINE":182187,"porcentaje":0.7058766466833518},{"rango":{"min":40,"max":49},"vacunados":145532,"personasINE":206171.99999999997,"porcentaje":0.7058766466833518},{"rango":{"min":50,"max":59},"vacunados":138835,"personasINE":165797,"porcentaje":0.8373794459489616},{"rango":{"min":60,"max":69},"vacunados":96753,"personasINE":117231,"porcentaje":0.8253192414975561},{"rango":{"min":70,"max":79},"vacunados":77619,"personasINE":80516,"porcentaje":0.9640195737493169},{"rango":{"min":80,"max":null},"vacunados":50276,"personasINE":50276,"porcentaje":1}]}}},{"ccaa":"Canarias","dosisAdministradas":2496717,"dosisEntregadas":2614950,"dosisEntregadasModerna":300900,"dosisEntregadasPfizer":1689450,"dosisEntregadasAstrazeneca":503700,"dosisEntregadasJanssen":120900,"dosisPrimeraDosis":1451087,"dosisPautaCompletada":1177657,"porcentajeEntregadas":0.95478575116159,"porcentajePoblacionAdministradas":1.147413637800834,"porcentajePoblacionPrimeraDosis":0.6668745450267285,"porcentajePoblacionCompletas":0.5412146039986176,"fechaUltRegistro":1627516800000,"etarios":{"unaDosis":{"etarioTotal":{"vacunados":1451087,"personasINE":1960774,"porcentaje":0.7400582627064618},"etarioRangos":[{"rango":{"min":12,"max":19},"vacunados":52474,"personasINE":179797,"porcentaje":0.5704712649157093},{"rango":{"min":20,"max":29},"vacunados":143615,"personasINE":251748.00000000003,"porcentaje":0.7607598395562017},{"rango":{"min":30,"max":39},"vacunados":192463,"personasINE":310934,"porcentaje":0.7607598395562017},{"rango":{"min":40,"max":49},"vacunados":295117,"personasINE":387924,"porcentaje":0.7607598395562017},{"rango":{"min":50,"max":59},"vacunados":308676,"personasINE":350512,"porcentaje":0.8806431734148902},{"rango":{"min":60,"max":69},"vacunados":217232,"personasINE":235092,"porcentaje":0.9240297415479897},{"rango":{"min":70,"max":79},"vacunados":149400,"personasINE":154531,"porcentaje":0.9667963062427604},{"rango":{"min":80,"max":null},"vacunados":92110,"personasINE":92110,"porcentaje":1}]},"pautaCompleta":{"etarioTotal":{"vacunados":1177657,"personasINE":1960774,"porcentaje":0.6006082291992856},"etarioRangos":[{"rango":{"min":12,"max":19},"vacunados":5600,"personasINE":179797,"porcentaje":0.17349889572111793},{"rango":{"min":20,"max":29},"vacunados":43678,"personasINE":251748.00000000003,"porcentaje":0.6938137367113146},{"rango":{"min":30,"max":39},"vacunados":128641,"personasINE":310934,"porcentaje":0.6938137367113146},{"rango":{"min":40,"max":49},"vacunados":269147,"personasINE":387924,"porcentaje":0.6938137367113146},{"rango":{"min":50,"max":59},"vacunados":298519,"personasINE":350512,"porcentaje":0.8516655635185101},{"rango":{"min":60,"max":69},"vacunados":194243,"personasINE":235092,"porcentaje":0.8262424923008864},{"rango":{"min":70,"max":79},"vacunados":147423,"personasINE":154531,"porcentaje":0.9540027567284234},{"rango":{"min":80,"max":null},"vacunados":90406,"personasINE":90406,"porcentaje":1}]}}},{"ccaa":"Cantabria","dosisAdministradas":700609,"dosisEntregadas":740615,"dosisEntregadasModerna":71100,"dosisEntregadasPfizer":514365,"dosisEntregadasAstrazeneca":130200,"dosisEntregadasJanssen":24950,"dosisPrimeraDosis":386495,"dosisPautaCompletada":334956,"porcentajeEntregadas":0.945982730568514,"porcentajePoblacionAdministradas":1.2019265575007934,"porcentajePoblacionPrimeraDosis":0.6630497250838473,"porcentajePoblacionCompletas":0.5746322299517074,"fechaUltRegistro":1627516800000,"etarios":{"unaDosis":{"etarioTotal":{"vacunados":386495,"personasINE":524127,"porcentaje":0.7374071551360644},"etarioRangos":[{"rango":{"min":12,"max":19},"vacunados":610,"personasINE":43963,"porcentaje":0.13719433719433718},{"rango":{"min":20,"max":29},"vacunados":6929,"personasINE":50505,"porcentaje":0.8375763278748888},{"rango":{"min":30,"max":39},"vacunados":42120,"personasINE":70473,"porcentaje":0.8375763278748888},{"rango":{"min":40,"max":49},"vacunados":81889,"personasINE":97769,"porcentaje":0.8375763278748888},{"rango":{"min":50,"max":59},"vacunados":81576,"personasINE":89964,"porcentaje":0.9067627050820328},{"rango":{"min":60,"max":69},"vacunados":75254,"personasINE":77345,"porcentaje":0.9729652854095288},{"rango":{"min":70,"max":79},"vacunados":55835,"personasINE":55835,"porcentaje":1},{"rango":{"min":80,"max":null},"vacunados":42282,"personasINE":42282,"porcentaje":1}]},"pautaCompleta":{"etarioTotal":{"vacunados":334956,"personasINE":524127,"porcentaje":0.6390741175325827},"etarioRangos":[{"rango":{"min":12,"max":19},"vacunados":267,"personasINE":43963,"porcentaje":0.10695970695970695},{"rango":{"min":20,"max":29},"vacunados":5402,"personasINE":50505,"porcentaje":0.7367877343534249},{"rango":{"min":30,"max":39},"vacunados":10927,"personasINE":70473,"porcentaje":0.7367877343534249},{"rango":{"min":40,"max":49},"vacunados":72035,"personasINE":97769,"porcentaje":0.7367877343534249},{"rango":{"min":50,"max":59},"vacunados":77426,"personasINE":89964,"porcentaje":0.8606331421457472},{"rango":{"min":60,"max":69},"vacunados":71693,"personasINE":77345,"porcentaje":0.9269248173766889},{"rango":{"min":70,"max":79},"vacunados":55435,"personasINE":55435,"porcentaje":1},{"rango":{"min":80,"max":null},"vacunados":41771,"personasINE":41771,"porcentaje":1}]}}},{"ccaa":"Castilla y Leon","dosisAdministradas":3044350,"dosisEntregadas":3226085,"dosisEntregadasModerna":320600,"dosisEntregadasPfizer":2288235,"dosisEntregadasAstrazeneca":514400,"dosisEntregadasJanssen":102850,"dosisPrimeraDosis":1704546,"dosisPautaCompletada":1485543,"porcentajeEntregadas":0.9436670143533106,"porcentajePoblacionAdministradas":1.2711708709859795,"porcentajePoblacionPrimeraDosis":0.7117345980112889,"porcentajePoblacionCompletas":0.6202897134682691,"fechaUltRegistro":1627516800000,"etarios":{"unaDosis":{"etarioTotal":{"vacunados":1704546,"personasINE":2176253,"porcentaje":0.7832480874236589},"etarioRangos":[{"rango":{"min":12,"max":19},"vacunados":5093,"personasINE":165342,"porcentaje":0.3212752244012019},{"rango":{"min":20,"max":29},"vacunados":67791,"personasINE":211006,"porcentaje":0.8460274425069845},{"rango":{"min":30,"max":39},"vacunados":188536,"personasINE":267783,"porcentaje":0.8460274425069845},{"rango":{"min":40,"max":49},"vacunados":307366,"personasINE":363305,"porcentaje":0.8460274425069845},{"rango":{"min":50,"max":59},"vacunados":343084,"personasINE":381175,"porcentaje":0.9000695218731554},{"rango":{"min":60,"max":69},"vacunados":314463,"personasINE":318575,"porcentaje":0.9870925213842894},{"rango":{"min":70,"max":79},"vacunados":249422,"personasINE":249422,"porcentaje":1},{"rango":{"min":80,"max":null},"vacunados":228791,"personasINE":228791,"porcentaje":1}]},"pautaCompleta":{"etarioTotal":{"vacunados":1485543,"personasINE":2176253,"porcentaje":0.6826150268374127},"etarioRangos":[{"rango":{"min":12,"max":19},"vacunados":1330,"personasINE":165342,"porcentaje":0.12790631546022388},{"rango":{"min":20,"max":29},"vacunados":26989,"personasINE":211006,"porcentaje":0.7848116596248331},{"rango":{"min":30,"max":39},"vacunados":62650,"personasINE":267783,"porcentaje":0.7848116596248331},{"rango":{"min":40,"max":49},"vacunados":285126,"personasINE":363305,"porcentaje":0.7848116596248331},{"rango":{"min":50,"max":59},"vacunados":335058,"personasINE":381175,"porcentaje":0.8790135764412671},{"rango":{"min":60,"max":69},"vacunados":300980,"personasINE":318575,"porcentaje":0.9447696774699835},{"rango":{"min":70,"max":79},"vacunados":247571,"personasINE":247571,"porcentaje":1},{"rango":{"min":80,"max":null},"vacunados":225839,"personasINE":225839,"porcentaje":1}]}}},{"ccaa":"Castilla La Mancha","dosisAdministradas":2424586,"dosisEntregadas":2521550,"dosisEntregadasModerna":253800,"dosisEntregadasPfizer":1717425,"dosisEntregadasAstrazeneca":460900,"dosisEntregadasJanssen":89425,"dosisPrimeraDosis":1376915,"dosisPautaCompletada":1121423,"porcentajeEntregadas":0.9615458745612817,"porcentajePoblacionAdministradas":1.1854885119994367,"porcentajePoblacionPrimeraDosis":0.6732353129563994,"porcentajePoblacionCompletas":0.5483138497013281,"fechaUltRegistro":1627516800000},{"ccaa":"Cataluña","dosisAdministradas":8938127,"dosisEntregadas":9395670,"dosisEntregadasModerna":967400,"dosisEntregadasPfizer":6336170,"dosisEntregadasAstrazeneca":1698100,"dosisEntregadasJanssen":394000,"dosisPrimeraDosis":5015902,"dosisPautaCompletada":4389893,"porcentajeEntregadas":0.9513027809618686,"porcentajePoblacionAdministradas":1.1487887827985912,"porcentajePoblacionPrimeraDosis":0.644677789118125,"porcentajePoblacionCompletas":0.5642188610752629,"fechaUltRegistro":1627516800000,"etarios":{"unaDosis":{"etarioTotal":{"vacunados":5015902,"personasINE":6868360,"porcentaje":0.7302910738516909},"etarioRangos":[{"rango":{"min":12,"max":19},"vacunados":142480,"personasINE":656166,"porcentaje":0.5002842890092796},{"rango":{"min":20,"max":29},"vacunados":419706,"personasINE":838935.0000000001,"porcentaje":0.784627360442907},{"rango":{"min":30,"max":39},"vacunados":600353,"personasINE":1044652.0000000001,"porcentaje":0.784627360442907},{"rango":{"min":40,"max":49},"vacunados":1033162,"personasINE":1316755,"porcentaje":0.784627360442907},{"rango":{"min":50,"max":59},"vacunados":972394,"personasINE":1091780,"porcentaje":0.8906501309787687},{"rango":{"min":60,"max":69},"vacunados":777124,"personasINE":837584,"porcentaje":0.9278161951517698},{"rango":{"min":70,"max":79},"vacunados":613807,"personasINE":635292,"porcentaje":0.9661809057882045},{"rango":{"min":80,"max":null},"vacunados":456876,"personasINE":456876,"porcentaje":1}]},"pautaCompleta":{"etarioTotal":{"vacunados":4389893,"personasINE":6868360,"porcentaje":0.6391471908869075},"etarioRangos":[{"rango":{"min":12,"max":19},"vacunados":39814,"personasINE":656166,"porcentaje":0.2264740414930835},{"rango":{"min":20,"max":29},"vacunados":189997,"personasINE":838935,"porcentaje":0.7505245850594834},{"rango":{"min":30,"max":39},"vacunados":455651,"personasINE":1044652,"porcentaje":0.7505245850594834},{"rango":{"min":40,"max":49},"vacunados":988257,"personasINE":1316755,"porcentaje":0.7505245850594834},{"rango":{"min":50,"max":59},"vacunados":913724,"personasINE":1091780,"porcentaje":0.8369121984282548},{"rango":{"min":60,"max":69},"vacunados":747505,"personasINE":837584,"porcentaje":0.8924537718007984},{"rango":{"min":70,"max":79},"vacunados":605787,"personasINE":635292,"porcentaje":0.9535567896337432},{"rango":{"min":80,"max":null},"vacunados":449158,"personasINE":449158,"porcentaje":1}]}}},{"ccaa":"C. Valenciana","dosisAdministradas":5727125,"dosisEntregadas":5987840,"dosisEntregadasModerna":622400,"dosisEntregadasPfizer":4048390,"dosisEntregadasAstrazeneca":1009800,"dosisEntregadasJanssen":307250,"dosisPrimeraDosis":3265803,"dosisPautaCompletada":2663300,"porcentajeEntregadas":0.9564592574283882,"porcentajePoblacionAdministradas":1.1324352877879,"porcentajePoblacionPrimeraDosis":0.6457534208112425,"porcentajePoblacionCompletas":0.5266193599695335,"fechaUltRegistro":1627516800000,"etarios":{"unaDosis":{"etarioTotal":{"vacunados":3265803,"personasINE":4488459,"porcentaje":0.7276000515990009},"etarioRangos":[{"rango":{"min":12,"max":19},"vacunados":4777,"personasINE":424531,"porcentaje":0.27574855752277544},{"rango":{"min":20,"max":29},"vacunados":142321,"personasINE":516126,"porcentaje":0.8402725261511436},{"rango":{"min":30,"max":39},"vacunados":423025,"personasINE":648759,"porcentaje":0.8402725261511436},{"rango":{"min":40,"max":49},"vacunados":715566,"personasINE":851588,"porcentaje":0.8402725261511436},{"rango":{"min":50,"max":59},"vacunados":699379,"personasINE":752334,"porcentaje":0.9296123796079933},{"rango":{"min":60,"max":69},"vacunados":553442,"personasINE":580728,"porcentaje":0.9530141477593641},{"rango":{"min":70,"max":79},"vacunados":431542,"personasINE":437862,"porcentaje":0.9855662286291115},{"rango":{"min":80,"max":null},"vacunados":295751,"personasINE":295751,"porcentaje":1}]},"pautaCompleta":{"etarioTotal":{"vacunados":2663300,"personasINE":4488459,"porcentaje":0.5933662310383141},"etarioRangos":[{"rango":{"min":12,"max":19},"vacunados":2662,"personasINE":424531,"porcentaje":0.10255829002995392},{"rango":{"min":20,"max":29},"vacunados":52933,"personasINE":516126,"porcentaje":0.7350185770583897},{"rango":{"min":30,"max":39},"vacunados":94752,"personasINE":648759,"porcentaje":0.7350185770583897},{"rango":{"min":40,"max":49},"vacunados":625933,"personasINE":851588,"porcentaje":0.7350185770583897},{"rango":{"min":50,"max":59},"vacunados":658010,"personasINE":752334,"porcentaje":0.8746248341826901},{"rango":{"min":60,"max":69},"vacunados":509441,"personasINE":580728,"porcentaje":0.8772454574258517},{"rango":{"min":70,"max":79},"vacunados":428033,"personasINE":437862,"porcentaje":0.9775522881638508},{"rango":{"min":80,"max":null},"vacunados":291536,"personasINE":291536,"porcentaje":1}]}}},{"ccaa":"Extremadura","dosisAdministradas":1362253,"dosisEntregadas":1340185,"dosisEntregadasModerna":128800,"dosisEntregadasPfizer":937835,"dosisEntregadasAstrazeneca":228000,"dosisEntregadasJanssen":45550,"dosisPrimeraDosis":760628,"dosisPautaCompletada":668031,"porcentajeEntregadas":1.0164663833724448,"porcentajePoblacionAdministradas":1.2803286130375653,"porcentajePoblacionPrimeraDosis":0.7148846743428257,"porcentajePoblacionCompletas":0.6278563553878008,"fechaUltRegistro":1627516800000,"etarios":{"unaDosis":{"etarioTotal":{"vacunados":760628,"personasINE":953437,"porcentaje":0.7977747874269616},"etarioRangos":[{"rango":{"min":12,"max":19},"vacunados":2374,"personasINE":84750,"porcentaje":0.4466466643134486},{"rango":{"min":20,"max":29},"vacunados":50614,"personasINE":113320,"porcentaje":0.8905852257765182},{"rango":{"min":30,"max":39},"vacunados":102275,"personasINE":133479,"porcentaje":0.8905852257765182},{"rango":{"min":40,"max":49},"vacunados":142043,"personasINE":159494,"porcentaje":0.8905852257765182},{"rango":{"min":50,"max":59},"vacunados":158438,"personasINE":169216,"porcentaje":0.9363062594553706},{"rango":{"min":60,"max":69},"vacunados":131123,"personasINE":131123,"porcentaje":1},{"rango":{"min":70,"max":79},"vacunados":95684,"personasINE":95684,"porcentaje":1},{"rango":{"min":80,"max":null},"vacunados":78077,"personasINE":78077,"porcentaje":1}]},"pautaCompleta":{"etarioTotal":{"vacunados":668031,"personasINE":953437,"porcentaje":0.7006556280068845},"etarioRangos":[{"rango":{"min":12,"max":19},"vacunados":667,"personasINE":84750,"porcentaje":0.11778150370631839},{"rango":{"min":20,"max":29},"vacunados":13347,"personasINE":113320,"porcentaje":0.8536183179304551},{"rango":{"min":30,"max":39},"vacunados":65530,"personasINE":133479,"porcentaje":0.8536183179304551},{"rango":{"min":40,"max":49},"vacunados":136147,"personasINE":159494,"porcentaje":0.8536183179304551},{"rango":{"min":50,"max":59},"vacunados":155848,"personasINE":169216,"porcentaje":0.921000378214826},{"rango":{"min":60,"max":69},"vacunados":124692,"personasINE":125297,"porcentaje":0.9951714725811472},{"rango":{"min":70,"max":79},"vacunados":94859,"personasINE":94859,"porcentaje":1},{"rango":{"min":80,"max":null},"vacunados":76941,"personasINE":76941,"porcentaje":1}]}}},{"ccaa":"Galicia","dosisAdministradas":3499477,"dosisEntregadas":3544615,"dosisEntregadasModerna":341000,"dosisEntregadasPfizer":2492215,"dosisEntregadasAstrazeneca":595400,"dosisEntregadasJanssen":116000,"dosisPrimeraDosis":1921556,"dosisPautaCompletada":1729486,"porcentajeEntregadas":0.9872657538265792,"porcentajePoblacionAdministradas":1.2952299913502718,"porcentajePoblacionPrimeraDosis":0.7112082637660035,"porcentajePoblacionCompletas":0.6401191197485842,"fechaUltRegistro":1627516800000,"etarios":{"unaDosis":{"etarioTotal":{"vacunados":1921556,"personasINE":2454497,"porcentaje":0.7828716026134886},"etarioRangos":[{"rango":{"min":12,"max":19},"vacunados":6833,"personasINE":180007,"porcentaje":0.17335192072075192},{"rango":{"min":20,"max":29},"vacunados":40041,"personasINE":230981,"porcentaje":0.8812262956854481},{"rango":{"min":30,"max":39},"vacunados":232321,"personasINE":323408,"porcentaje":0.8812262956854481},{"rango":{"min":40,"max":49},"vacunados":390578,"personasINE":443221,"porcentaje":0.8812262956854481},{"rango":{"min":50,"max":59},"vacunados":381691,"personasINE":405889,"porcentaje":0.9403827154714712},{"rango":{"min":60,"max":69},"vacunados":338938,"personasINE":346927,"porcentaje":0.9769721007589492},{"rango":{"min":70,"max":79},"vacunados":289799,"personasINE":289799,"porcentaje":1},{"rango":{"min":80,"max":null},"vacunados":241355,"personasINE":241355,"porcentaje":1}]},"pautaCompleta":{"etarioTotal":{"vacunados":1729486,"personasINE":2454497,"porcentaje":0.7046193171146675},"etarioRangos":[{"rango":{"min":12,"max":19},"vacunados":748,"personasINE":180007,"porcentaje":0.0929730150964798},{"rango":{"min":20,"max":29},"vacunados":21475,"personasINE":230981,"porcentaje":0.8408491474907551},{"rango":{"min":30,"max":39},"vacunados":102648,"personasINE":323408,"porcentaje":0.8408491474907551},{"rango":{"min":40,"max":49},"vacunados":372682,"personasINE":443221,"porcentaje":0.8408491474907551},{"rango":{"min":50,"max":59},"vacunados":374846,"personasINE":405889,"porcentaje":0.9235184988999455},{"rango":{"min":60,"max":69},"vacunados":329274,"personasINE":346927,"porcentaje":0.9491160964698625},{"rango":{"min":70,"max":79},"vacunados":288344,"personasINE":289762,"porcentaje":0.995106328642127},{"rango":{"min":80,"max":null},"vacunados":239469,"personasINE":239469,"porcentaje":1}]}}},{"ccaa":"La Rioja","dosisAdministradas":363407,"dosisEntregadas":391305,"dosisEntregadasModerna":38400,"dosisEntregadasPfizer":277355,"dosisEntregadasAstrazeneca":61400,"dosisEntregadasJanssen":14150,"dosisPrimeraDosis":211746,"dosisPautaCompletada":175900,"porcentajeEntregadas":0.9287052299357279,"porcentajePoblacionAdministradas":1.1359521621435762,"porcentajePoblacionPrimeraDosis":0.6618841313603031,"porcentajePoblacionCompletas":0.5498352682283364,"fechaUltRegistro":1627516800000,"etarios":{"unaDosis":{"etarioTotal":{"vacunados":211746,"personasINE":283970,"porcentaje":0.7456632742895376},"etarioRangos":[{"rango":{"min":12,"max":19},"vacunados":461,"personasINE":25532,"porcentaje":0.2906625517105522},{"rango":{"min":20,"max":29},"vacunados":8853,"personasINE":30458,"porcentaje":0.8389521597068766},{"rango":{"min":30,"max":39},"vacunados":25269,"personasINE":39319,"porcentaje":0.8389521597068766},{"rango":{"min":40,"max":49},"vacunados":44420,"personasINE":52947,"porcentaje":0.8389521597068766},{"rango":{"min":50,"max":59},"vacunados":43678,"personasINE":47664,"porcentaje":0.9163729439409197},{"rango":{"min":60,"max":69},"vacunados":37148,"personasINE":37718,"porcentaje":0.9848878519539742},{"rango":{"min":70,"max":79},"vacunados":28574,"personasINE":28574,"porcentaje":1},{"rango":{"min":80,"max":null},"vacunados":23343,"personasINE":23343,"porcentaje":1}]},"pautaCompleta":{"etarioTotal":{"vacunados":175900,"personasINE":283970,"porcentaje":0.6194316301017713},"etarioRangos":[{"rango":{"min":12,"max":19},"vacunados":201,"personasINE":25532,"porcentaje":0.13999606014840107},{"rango":{"min":20,"max":29},"vacunados":4264,"personasINE":30458,"porcentaje":0.6505939902166318},{"rango":{"min":30,"max":39},"vacunados":8029,"personasINE":39319,"porcentaje":0.6505939902166318},{"rango":{"min":40,"max":49},"vacunados":34447,"personasINE":52946.99999999999,"porcentaje":0.6505939902166318},{"rango":{"min":50,"max":59},"vacunados":42309,"personasINE":47664,"porcentaje":0.8876510574018127},{"rango":{"min":60,"max":69},"vacunados":35164,"personasINE":37718,"porcentaje":0.9322869717376319},{"rango":{"min":70,"max":79},"vacunados":28411,"personasINE":28411,"porcentaje":1},{"rango":{"min":80,"max":null},"vacunados":23075,"personasINE":23075,"porcentaje":1}]}}},{"ccaa":"Madrid","dosisAdministradas":7702194,"dosisEntregadas":7980045,"dosisEntregadasModerna":904800,"dosisEntregadasPfizer":5424045,"dosisEntregadasAstrazeneca":1309400,"dosisEntregadasJanssen":341800,"dosisPrimeraDosis":4544846,"dosisPautaCompletada":3714716,"porcentajeEntregadas":0.9651817752907409,"porcentajePoblacionAdministradas":1.1360355805287639,"porcentajePoblacionPrimeraDosis":0.6703423419383919,"porcentajePoblacionCompletas":0.5479022662321266,"fechaUltRegistro":1627516800000,"etarios":{"unaDosis":{"etarioTotal":{"vacunados":4544846,"personasINE":5977937,"porcentaje":0.7602699727347411},"etarioRangos":[{"rango":{"min":12,"max":19},"vacunados":89785,"personasINE":553542,"porcentaje":0.5601279504360416},{"rango":{"min":20,"max":29},"vacunados":415881,"personasINE":742475,"porcentaje":0.8235504999695533},{"rango":{"min":30,"max":39},"vacunados":609288,"personasINE":949640.0000000001,"porcentaje":0.8235504999695533},{"rango":{"min":40,"max":49},"vacunados":960236,"personasINE":1165971,"porcentaje":0.8235504999695533},{"rango":{"min":50,"max":59},"vacunados":912398,"personasINE":972783,"porcentaje":0.9379255188464437},{"rango":{"min":60,"max":69},"vacunados":676714,"personasINE":703323,"porcentaje":0.9621667427341349},{"rango":{"min":70,"max":79},"vacunados":508029,"personasINE":526081,"porcentaje":0.9656858924766338},{"rango":{"min":80,"max":null},"vacunados":372515,"personasINE":372515,"porcentaje":1}]},"pautaCompleta":{"etarioTotal":{"vacunados":3714716,"personasINE":5977937,"porcentaje":0.6214043406613352},"etarioRangos":[{"rango":{"min":12,"max":19},"vacunados":15855,"personasINE":553542,"porcentaje":0.1898501633051618},{"rango":{"min":20,"max":29},"vacunados":140959,"personasINE":742475,"porcentaje":0.7151953178938413},{"rango":{"min":30,"max":39},"vacunados":311377,"personasINE":949640,"porcentaje":0.7151953178938413},{"rango":{"min":40,"max":49},"vacunados":833897,"personasINE":1165971,"porcentaje":0.7151953178938413},{"rango":{"min":50,"max":59},"vacunados":889160,"personasINE":972783,"porcentaje":0.9140373546823907},{"rango":{"min":60,"max":69},"vacunados":650033,"personasINE":703323,"porcentaje":0.924231114295992},{"rango":{"min":70,"max":79},"vacunados":504688,"personasINE":526081,"porcentaje":0.9593351594146149},{"rango":{"min":80,"max":null},"vacunados":368747,"personasINE":368747,"porcentaje":1}]}}},{"ccaa":"Murcia","dosisAdministradas":1684081,"dosisEntregadas":1756745,"dosisEntregadasModerna":207600,"dosisEntregadasPfizer":1201145,"dosisEntregadasAstrazeneca":259900,"dosisEntregadasJanssen":88100,"dosisPrimeraDosis":971330,"dosisPautaCompletada":775081,"porcentajeEntregadas":0.9586371385716197,"porcentajePoblacionAdministradas":1.1143622072044947,"porcentajePoblacionPrimeraDosis":0.6427324117568822,"porcentajePoblacionCompletas":0.5128737714648328,"fechaUltRegistro":1627516800000,"etarios":{"unaDosis":{"etarioTotal":{"vacunados":971330,"personasINE":1310137,"porcentaje":0.7413957471623197},"etarioRangos":[{"rango":{"min":12,"max":19},"vacunados":2215,"personasINE":141894,"porcentaje":0.5517103246481817},{"rango":{"min":20,"max":29},"vacunados":95031,"personasINE":172248,"porcentaje":0.8502618460243078},{"rango":{"min":30,"max":39},"vacunados":139050,"personasINE":209003,"porcentaje":0.8502618460243078},{"rango":{"min":40,"max":49},"vacunados":216100,"personasINE":254157,"porcentaje":0.8502618460243078},{"rango":{"min":50,"max":59},"vacunados":199974,"personasINE":213256,"porcentaje":0.9377180477923247},{"rango":{"min":60,"max":69},"vacunados":143183,"personasINE":146909,"porcentaje":0.9746373605429212},{"rango":{"min":70,"max":79},"vacunados":102204,"personasINE":102899,"porcentaje":0.9932458041380383},{"rango":{"min":80,"max":null},"vacunados":73573,"personasINE":73573,"porcentaje":1}]},"pautaCompleta":{"etarioTotal":{"vacunados":775081,"personasINE":1310137,"porcentaje":0.5916030155624946},"etarioRangos":[{"rango":{"min":12,"max":19},"vacunados":1549,"personasINE":141894,"porcentaje":0.13178092053318471},{"rango":{"min":20,"max":29},"vacunados":22699,"personasINE":172248,"porcentaje":0.7586649197149793},{"rango":{"min":30,"max":39},"vacunados":73364,"personasINE":209003,"porcentaje":0.7586649197149793},{"rango":{"min":40,"max":49},"vacunados":192820,"personasINE":254157,"porcentaje":0.7586649197149793},{"rango":{"min":50,"max":59},"vacunados":186884,"personasINE":213256,"porcentaje":0.8763364219529579},{"rango":{"min":60,"max":69},"vacunados":126057,"personasINE":146909,"porcentaje":0.8580617933550702},{"rango":{"min":70,"max":79},"vacunados":99337,"personasINE":102899,"porcentaje":0.9653835314240177},{"rango":{"min":80,"max":null},"vacunados":72371,"personasINE":72371,"porcentaje":1}]}}},{"ccaa":"Navarra","dosisAdministradas":783709,"dosisEntregadas":810835,"dosisEntregadasModerna":85600,"dosisEntregadasPfizer":550635,"dosisEntregadasAstrazeneca":145700,"dosisEntregadasJanssen":28900,"dosisPrimeraDosis":442485,"dosisPautaCompletada":385183,"porcentajeEntregadas":0.9665455980563247,"porcentajePoblacionAdministradas":1.185288197012388,"porcentajePoblacionPrimeraDosis":0.6692180999006347,"porcentajePoblacionCompletas":0.5825540648248555,"fechaUltRegistro":1627516800000,"etarios":{"unaDosis":{"etarioTotal":{"vacunados":442485,"personasINE":581354,"porcentaje":0.7611283314469325},"etarioRangos":[{"rango":{"min":12,"max":19},"vacunados":5807,"personasINE":56388,"porcentaje":0.523991956199451},{"rango":{"min":20,"max":29},"vacunados":35698,"personasINE":68127,"porcentaje":0.8365030277217088},{"rango":{"min":30,"max":39},"vacunados":53704,"personasINE":81341,"porcentaje":0.8365030277217088},{"rango":{"min":40,"max":49},"vacunados":90344,"personasINE":108002,"porcentaje":0.8365030277217088},{"rango":{"min":50,"max":59},"vacunados":88675,"personasINE":96694,"porcentaje":0.9170682772457444},{"rango":{"min":60,"max":69},"vacunados":70125,"personasINE":73844,"porcentaje":0.9496370727479552},{"rango":{"min":70,"max":79},"vacunados":55717,"personasINE":55792,"porcentaje":0.9986557212503585},{"rango":{"min":80,"max":null},"vacunados":42415,"personasINE":42415,"porcentaje":1}]},"pautaCompleta":{"etarioTotal":{"vacunados":385183,"personasINE":581354,"porcentaje":0.6625618814010052},"etarioRangos":[{"rango":{"min":12,"max":19},"vacunados":1117,"personasINE":56387.99999999999,"porcentaje":0.1742480954687569},{"rango":{"min":20,"max":29},"vacunados":11871,"personasINE":68127,"porcentaje":0.7993740856650803},{"rango":{"min":30,"max":39},"vacunados":36376,"personasINE":81341,"porcentaje":0.7993740856650803},{"rango":{"min":40,"max":49},"vacunados":86334,"personasINE":108002,"porcentaje":0.7993740856650803},{"rango":{"min":50,"max":59},"vacunados":86812,"personasINE":96694,"porcentaje":0.8978013113533415},{"rango":{"min":60,"max":69},"vacunados":65270,"personasINE":73844,"porcentaje":0.8838903634689345},{"rango":{"min":70,"max":79},"vacunados":55482,"personasINE":55792,"porcentaje":0.994443647834815},{"rango":{"min":80,"max":null},"vacunados":41921,"personasINE":41921,"porcentaje":1}]}}},{"ccaa":"País Vasco","dosisAdministradas":2718179,"dosisEntregadas":2831820,"dosisEntregadasModerna":265800,"dosisEntregadasPfizer":1918620,"dosisEntregadasAstrazeneca":549600,"dosisEntregadasJanssen":97800,"dosisPrimeraDosis":1492648,"dosisPautaCompletada":1372881,"porcentajeEntregadas":0.9598699776115713,"porcentajePoblacionAdministradas":1.224127045031218,"porcentajePoblacionPrimeraDosis":0.6722113538187727,"porcentajePoblacionCompletas":0.6182744998432789,"fechaUltRegistro":1627516800000,"etarios":{"unaDosis":{"etarioTotal":{"vacunados":1492648,"personasINE":1983943,"porcentaje":0.7523643572421184},"etarioRangos":[{"rango":{"min":12,"max":19},"vacunados":15190,"personasINE":168606,"porcentaje":0.2962924370081475},{"rango":{"min":20,"max":29},"vacunados":59713,"personasINE":201534,"porcentaje":0.8260583818652263},{"rango":{"min":30,"max":39},"vacunados":158047,"personasINE":260542.99999999997,"porcentaje":0.8260583818652263},{"rango":{"min":40,"max":49},"vacunados":299143,"personasINE":362133,"porcentaje":0.8260583818652263},{"rango":{"min":50,"max":59},"vacunados":310374,"personasINE":339977,"porcentaje":0.9129264626724749},{"rango":{"min":60,"max":69},"vacunados":273562,"personasINE":280119,"porcentaje":0.9765920912183751},{"rango":{"min":70,"max":79},"vacunados":212930,"personasINE":213081,"porcentaje":0.9992913492990928},{"rango":{"min":80,"max":null},"vacunados":163689,"personasINE":163689,"porcentaje":1}]},"pautaCompleta":{"etarioTotal":{"vacunados":1372881,"personasINE":1983943,"porcentaje":0.6919961914228383},"etarioRangos":[{"rango":{"min":12,"max":19},"vacunados":3345,"personasINE":168606,"porcentaje":0.16308910655274048},{"rango":{"min":20,"max":29},"vacunados":32868,"personasINE":201534,"porcentaje":0.7991400949374954},{"rango":{"min":30,"max":39},"vacunados":102454,"personasINE":260543,"porcentaje":0.7991400949374954},{"rango":{"min":40,"max":49},"vacunados":289395,"personasINE":362133,"porcentaje":0.7991400949374954},{"rango":{"min":50,"max":59},"vacunados":305753,"personasINE":339977,"porcentaje":0.8993343667365734},{"rango":{"min":60,"max":69},"vacunados":266473,"personasINE":280119,"porcentaje":0.9512849895937084},{"rango":{"min":70,"max":79},"vacunados":211294,"personasINE":213081,"porcentaje":0.9916135178640987},{"rango":{"min":80,"max":null},"vacunados":161299,"personasINE":157950,"porcentaje":1.0212029123140234}]}}},{"ccaa":"Ceuta","dosisAdministradas":92240,"dosisEntregadas":104620,"dosisEntregadasModerna":13700,"dosisEntregadasPfizer":68670,"dosisEntregadasAstrazeneca":18100,"dosisEntregadasJanssen":4150,"dosisPrimeraDosis":51465,"dosisPautaCompletada":46259,"porcentajeEntregadas":0.8816669852800612,"porcentajePoblacionAdministradas":1.095460915417686,"porcentajePoblacionPrimeraDosis":0.6112087598869386,"porcentajePoblacionCompletas":0.5493812498515475,"fechaUltRegistro":1627516800000,"etarios":{"unaDosis":{"etarioTotal":{"vacunados":51465,"personasINE":70965,"porcentaje":0.7252166560980765},"etarioRangos":[{"rango":{"min":12,"max":19},"vacunados":3118,"personasINE":9126,"porcentaje":0.6421993252484727},{"rango":{"min":20,"max":29},"vacunados":7043,"personasINE":10967,"porcentaje":0.7938617307388072},{"rango":{"min":30,"max":39},"vacunados":7731,"personasINE":11894,"porcentaje":0.7938617307388072},{"rango":{"min":40,"max":49},"vacunados":10036,"personasINE":12642,"porcentaje":0.7938617307388072},{"rango":{"min":50,"max":59},"vacunados":9956,"personasINE":11556,"porcentaje":0.8615437867774316},{"rango":{"min":60,"max":69},"vacunados":7372,"personasINE":7857,"porcentaje":0.9382716049382716},{"rango":{"min":70,"max":79},"vacunados":3835,"personasINE":4318,"porcentaje":0.8881426586382585},{"rango":{"min":80,"max":null},"vacunados":2374,"personasINE":2605,"porcentaje":0.9113243761996161}]},"pautaCompleta":{"etarioTotal":{"vacunados":46259,"personasINE":70965,"porcentaje":0.6518565490030297},"etarioRangos":[{"rango":{"min":12,"max":19},"vacunados":1603,"personasINE":9126,"porcentaje":0.48326798577550834},{"rango":{"min":20,"max":29},"vacunados":5300,"personasINE":10967,"porcentaje":0.7647524125929441},{"rango":{"min":30,"max":39},"vacunados":6959,"personasINE":11894,"porcentaje":0.7647524125929441},{"rango":{"min":40,"max":49},"vacunados":9668,"personasINE":12642,"porcentaje":0.7647524125929441},{"rango":{"min":50,"max":59},"vacunados":9718,"personasINE":11556,"porcentaje":0.8409484250605745},{"rango":{"min":60,"max":69},"vacunados":6869,"personasINE":7857,"porcentaje":0.8742522591319842},{"rango":{"min":70,"max":79},"vacunados":3796,"personasINE":4318,"porcentaje":0.8791106993978693},{"rango":{"min":80,"max":null},"vacunados":2346,"personasINE":2605,"porcentaje":0.9005758157389635}]}}},{"ccaa":"Melilla","dosisAdministradas":84383,"dosisEntregadas":102420,"dosisEntregadasModerna":13400,"dosisEntregadasPfizer":68670,"dosisEntregadasAstrazeneca":15100,"dosisEntregadasJanssen":5250,"dosisPrimeraDosis":48618,"dosisPautaCompletada":42981,"porcentajeEntregadas":0.823891818004296,"porcentajePoblacionAdministradas":0.969072993706647,"porcentajePoblacionPrimeraDosis":0.5583398410583857,"porcentajePoblacionCompletas":0.493603289080803,"fechaUltRegistro":1627516800000,"etarios":{"unaDosis":{"etarioTotal":{"vacunados":48618,"personasINE":70927,"porcentaje":0.6854653376006317},"etarioRangos":[{"rango":{"min":12,"max":19},"vacunados":3116,"personasINE":9574,"porcentaje":0.5876615256356815},{"rango":{"min":20,"max":29},"vacunados":7049,"personasINE":11995,"porcentaje":0.7844525912347942},{"rango":{"min":30,"max":39},"vacunados":7595,"personasINE":12133,"porcentaje":0.7844525912347942},{"rango":{"min":40,"max":49},"vacunados":9415,"personasINE":12002,"porcentaje":0.7844525912347942},{"rango":{"min":50,"max":59},"vacunados":9268,"personasINE":11299,"porcentaje":0.820249579608815},{"rango":{"min":60,"max":69},"vacunados":6926,"personasINE":7827,"porcentaje":0.8848856522294621},{"rango":{"min":70,"max":79},"vacunados":3263,"personasINE":3748,"porcentaje":0.87059765208111},{"rango":{"min":80,"max":null},"vacunados":1986,"personasINE":2349,"porcentaje":0.8454661558109834}]},"pautaCompleta":{"etarioTotal":{"vacunados":42981,"personasINE":70927,"porcentaje":0.6059892565595613},"etarioRangos":[{"rango":{"min":12,"max":19},"vacunados":1017,"personasINE":9574,"porcentaje":0.427511463109629},{"rango":{"min":20,"max":29},"vacunados":5128,"personasINE":11995,"porcentaje":0.7565405765705716},{"rango":{"min":30,"max":39},"vacunados":6899,"personasINE":12133,"porcentaje":0.7565405765705716},{"rango":{"min":40,"max":49},"vacunados":9080,"personasINE":12002,"porcentaje":0.7565405765705716},{"rango":{"min":50,"max":59},"vacunados":9004,"personasINE":11299,"porcentaje":0.7968846800601823},{"rango":{"min":60,"max":69},"vacunados":6745,"personasINE":7827,"porcentaje":0.861760572377667},{"rango":{"min":70,"max":79},"vacunados":3185,"personasINE":3748,"porcentaje":0.8497865528281751},{"rango":{"min":80,"max":null},"vacunados":1923,"personasINE":2349,"porcentaje":0.8186462324393359}]}}},{"ccaa":"Fuerzas Armadas","dosisAdministradas":165876,"dosisEntregadas":215768,"dosisEntregadasModerna":58300,"dosisEntregadasPfizer":49368,"dosisEntregadasAstrazeneca":106100,"dosisEntregadasJanssen":2000,"dosisPrimeraDosis":89529,"dosisPautaCompletada":77506,"porcentajeEntregadas":0.7687701605428052,"porcentajePoblacionAdministradas":null,"porcentajePoblacionPrimeraDosis":null,"porcentajePoblacionCompletas":null,"fechaUltRegistro":1627516800000},{"ccaa":"Sanidad Exterior","dosisAdministradas":4003,"dosisEntregadas":6460,"dosisEntregadasModerna":3930,"dosisEntregadasPfizer":0,"dosisEntregadasAstrazeneca":0,"dosisEntregadasJanssen":2530,"dosisPrimeraDosis":3116,"dosisPautaCompletada":2560,"porcentajeEntregadas":0.6196594427244582,"porcentajePoblacionAdministradas":null,"porcentajePoblacionPrimeraDosis":null,"porcentajePoblacionCompletas":null,"fechaUltRegistro":1627516800000,"etarios":{"unaDosis":{"etarioTotal":{"vacunados":3116,"personasINE":"-","porcentaje":"-"},"etarioRangos":[{"rango":{"min":12,"max":19},"vacunados":84,"personasINE":null,"porcentaje":"-"},{"rango":{"min":20,"max":29},"vacunados":787,"personasINE":null,"porcentaje":"-"},{"rango":{"min":30,"max":39},"vacunados":872,"personasINE":null,"porcentaje":"-"},{"rango":{"min":40,"max":49},"vacunados":793,"personasINE":null,"porcentaje":"-"},{"rango":{"min":50,"max":59},"vacunados":411,"personasINE":null,"porcentaje":"-"},{"rango":{"min":60,"max":69},"vacunados":132,"personasINE":null,"porcentaje":"-"},{"rango":{"min":70,"max":79},"vacunados":21,"personasINE":null,"porcentaje":"-"},{"rango":{"min":80,"max":null},"vacunados":16,"personasINE":null,"porcentaje":"-"}]},"pautaCompleta":{"etarioTotal":{"vacunados":2560,"personasINE":"-","porcentaje":"-"},"etarioRangos":[{"rango":{"min":12,"max":19},"vacunados":42,"personasINE":null,"porcentaje":"-"},{"rango":{"min":20,"max":29},"vacunados":591,"personasINE":null,"porcentaje":"-"},{"rango":{"min":30,"max":39},"vacunados":707,"personasINE":null,"porcentaje":"-"},{"rango":{"min":40,"max":49},"vacunados":688,"personasINE":null,"porcentaje":"-"},{"rango":{"min":50,"max":59},"vacunados":382,"personasINE":null,"porcentaje":"-"},{"rango":{"min":60,"max":69},"vacunados":116,"personasINE":null,"porcentaje":"-"},{"rango":{"min":70,"max":79},"vacunados":19,"personasINE":null,"porcentaje":"-"},{"rango":{"min":80,"max":null},"vacunados":15,"personasINE":null,"porcentaje":"-"}]}}},{"ccaa":"Totales","dosisAdministradas":56186601,"dosisEntregadas":58149238,"dosisEntregadasModerna":6174030,"dosisEntregadasPfizer":39367803,"dosisEntregadasAstrazeneca":10189600,"dosisEntregadasJanssen":2417805,"dosisPrimeraDosis":31851618,"dosisPautaCompletada":26933847,"porcentajeEntregadas":0.9662482765466334,"porcentajePoblacionAdministradas":1.1969876651043885,"porcentajePoblacionPrimeraDosis":0.6785602471239881,"porcentajePoblacionCompletas":0.5737930762675756,"fechaUltRegistro":null,"etarios":{"unaDosis":{"etarioTotal":{"vacunados":31851618,"personasINE":42119827,"porcentaje":0.7562143595699005},"etarioRangos":[{"rango":{"min":12,"max":19},"vacunados":471593,"personasINE":3888686,"porcentaje":0.4701715392829407},{"rango":{"min":20,"max":29},"vacunados":2324829,"personasINE":4944640,"porcentaje":0.8277445130267266},{"rango":{"min":30,"max":39},"vacunados":4074589,"personasINE":6230403,"porcentaje":0.8277445130267266},{"rango":{"min":40,"max":49},"vacunados":6532342,"personasINE":7891737,"porcentaje":0.8277445130267266},{"rango":{"min":50,"max":59},"vacunados":6451023,"personasINE":7033306,"porcentaje":0.9172106261266039},{"rango":{"min":60,"max":69},"vacunados":5152839,"personasINE":5336986,"porcentaje":0.9654960683801681},{"rango":{"min":70,"max":79},"vacunados":3918598,"personasINE":3960045,"porcentaje":0.9895337047937587},{"rango":{"min":80,"max":null},"vacunados":2925805,"personasINE":2925805,"porcentaje":1}]},"pautaCompleta":{"etarioTotal":{"vacunados":26933847,"personasINE":42119827,"porcentaje":0.6394576834325554},"etarioRangos":[{"rango":{"min":12,"max":19},"vacunados":103850,"personasINE":3888686,"porcentaje":0.16578901598498577},{"rango":{"min":20,"max":29},"vacunados":819767,"personasINE":4944640,"porcentaje":0.7600526981575793},{"rango":{"min":30,"max":39},"vacunados":2264507,"personasINE":6230403,"porcentaje":0.7600526981575793},{"rango":{"min":40,"max":49},"vacunados":5998136,"personasINE":7891737,"porcentaje":0.7600526981575793},{"rango":{"min":50,"max":59},"vacunados":6173192,"personasINE":7033306,"porcentaje":0.8777084346962865},{"rango":{"min":60,"max":69},"vacunados":4807682,"personasINE":5336986,"porcentaje":0.9008234235577909},{"rango":{"min":70,"max":79},"vacunados":3881771,"personasINE":3960045,"porcentaje":0.9802340629967589},{"rango":{"min":80,"max":null},"vacunados":2884942,"personasINE":2884942,"porcentaje":1}]}}}]