[{"ccaa":"Andalucía","dosisAdministradas":13970155,"dosisEntregadas":14477000,"dosisEntregadasModerna":2119500,"dosisEntregadasPfizer":10486800,"dosisEntregadasAstrazeneca":1537200,"dosisEntregadasJanssen":333500,"dosisPrimeraDosis":6912829,"dosisPautaCompletada":6803132,"porcentajeEntregadas":0.9649896387373075,"porcentajePoblacionAdministradas":1.650458017693139,"porcentajePoblacionPrimeraDosis":0.8166934474235714,"porcentajePoblacionCompletas":0.8037336561279929,"fechaUltRegistro":1639008000000,"etarios":{"unaDosis":{"etarioTotal":{"vacunados":6912829,"personasINE":7451975,"porcentaje":0.9276505892733135},"etarioRangos":[{"rango":{"min":12,"max":19},"vacunados":684310,"personasINE":752907,"porcentaje":0.8420464921953068},{"rango":{"min":20,"max":29},"vacunados":781985,"personasINE":928672,"porcentaje":0.9100521689911444},{"rango":{"min":30,"max":39},"vacunados":943561,"personasINE":1140217,"porcentaje":0.9100521689911444},{"rango":{"min":40,"max":49},"vacunados":1260526,"personasINE":1385114,"porcentaje":0.9100521689911444},{"rango":{"min":50,"max":59},"vacunados":1220801,"personasINE":1265021,"porcentaje":0.9650440585571307},{"rango":{"min":60,"max":69},"vacunados":932438,"personasINE":932438,"porcentaje":1},{"rango":{"min":70,"max":79},"vacunados":654780,"personasINE":654780,"porcentaje":1},{"rango":{"min":80,"max":null},"vacunados":434428,"personasINE":434428,"porcentaje":1}]},"pautaCompleta":{"etarioTotal":{"vacunados":6803132,"personasINE":7451975,"porcentaje":0.9129300621647282},"etarioRangos":[{"rango":{"min":12,"max":19},"vacunados":666326,"personasINE":752907,"porcentaje":0.8150035749974157},{"rango":{"min":20,"max":29},"vacunados":756871,"personasINE":928672,"porcentaje":0.8992270672305673},{"rango":{"min":30,"max":39},"vacunados":920567,"personasINE":1140217,"porcentaje":0.8992270672305673},{"rango":{"min":40,"max":49},"vacunados":1245532,"personasINE":1385114,"porcentaje":0.8992270672305673},{"rango":{"min":50,"max":59},"vacunados":1210365,"personasINE":1265021,"porcentaje":0.9567943931365567},{"rango":{"min":60,"max":69},"vacunados":923278,"personasINE":916146.9999999999,"porcentaje":1.0077836853692694},{"rango":{"min":70,"max":79},"vacunados":650691,"personasINE":650691,"porcentaje":1},{"rango":{"min":80,"max":null},"vacunados":429502,"personasINE":429502,"porcentaje":1}]}}},{"ccaa":"Aragón","dosisAdministradas":2199109,"dosisEntregadas":2323016,"dosisEntregadasModerna":328490,"dosisEntregadasPfizer":1675761,"dosisEntregadasAstrazeneca":255200,"dosisEntregadasJanssen":63565,"dosisPrimeraDosis":1077702,"dosisPautaCompletada":1057482,"porcentajeEntregadas":0.9466611508487243,"porcentajePoblacionAdministradas":1.6542228734811655,"porcentajePoblacionPrimeraDosis":0.8106734587491565,"porcentajePoblacionCompletas":0.7954634866641943,"fechaUltRegistro":1639008000000,"etarios":{"unaDosis":{"etarioTotal":{"vacunados":1077702,"personasINE":1185134,"porcentaje":0.9093503350675958},"etarioRangos":[{"rango":{"min":12,"max":19},"vacunados":90044,"personasINE":103109,"porcentaje":0.8180765484927263},{"rango":{"min":20,"max":29},"vacunados":106678,"personasINE":130401,"porcentaje":0.882275766133347},{"rango":{"min":30,"max":39},"vacunados":128238,"personasINE":164286,"porcentaje":0.882275766133347},{"rango":{"min":40,"max":49},"vacunados":189639,"personasINE":214943,"porcentaje":0.882275766133347},{"rango":{"min":50,"max":59},"vacunados":186974,"personasINE":198266,"porcentaje":0.9430462106463035},{"rango":{"min":60,"max":69},"vacunados":155111,"personasINE":156367,"porcentaje":0.9919676146501499},{"rango":{"min":70,"max":79},"vacunados":119528,"personasINE":119528,"porcentaje":1},{"rango":{"min":80,"max":null},"vacunados":101490,"personasINE":101490,"porcentaje":1}]},"pautaCompleta":{"etarioTotal":{"vacunados":1057482,"personasINE":1185134,"porcentaje":0.8922889732300314},"etarioRangos":[{"rango":{"min":12,"max":19},"vacunados":87033,"personasINE":103109,"porcentaje":0.7866734150811727},{"rango":{"min":20,"max":29},"vacunados":102583,"personasINE":130401,"porcentaje":0.8683185774833327},{"rango":{"min":30,"max":39},"vacunados":124366,"personasINE":164286,"porcentaje":0.8683185774833327},{"rango":{"min":40,"max":49},"vacunados":186639,"personasINE":214943,"porcentaje":0.8683185774833327},{"rango":{"min":50,"max":59},"vacunados":184741,"personasINE":198266,"porcentaje":0.9317835634955061},{"rango":{"min":60,"max":69},"vacunados":153008,"personasINE":156367,"porcentaje":0.9785184853581638},{"rango":{"min":70,"max":79},"vacunados":118835,"personasINE":118955,"porcentaje":0.9989912151653987},{"rango":{"min":80,"max":null},"vacunados":100277,"personasINE":100277,"porcentaje":1}]}}},{"ccaa":"Asturias","dosisAdministradas":1880038,"dosisEntregadas":2001965,"dosisEntregadasModerna":291040,"dosisEntregadasPfizer":1447025,"dosisEntregadasAstrazeneca":220900,"dosisEntregadasJanssen":43000,"dosisPrimeraDosis":876035,"dosisPautaCompletada":867845,"porcentajeEntregadas":0.9390963378480642,"porcentajePoblacionAdministradas":1.8453744856613374,"porcentajePoblacionPrimeraDosis":0.859882958507397,"porcentajePoblacionCompletas":0.8518439629990263,"fechaUltRegistro":1639008000000,"etarios":{"unaDosis":{"etarioTotal":{"vacunados":876035,"personasINE":933927,"porcentaje":0.9380122857568097},"etarioRangos":[{"rango":{"min":12,"max":19},"vacunados":60904,"personasINE":63999.99999999999,"porcentaje":0.8486177649125912},{"rango":{"min":20,"max":29},"vacunados":67135,"personasINE":79111,"porcentaje":0.9051517129460517},{"rango":{"min":30,"max":39},"vacunados":91490,"personasINE":114451,"porcentaje":0.9051517129460517},{"rango":{"min":40,"max":49},"vacunados":151154,"personasINE":166993,"porcentaje":0.9051517129460517},{"rango":{"min":50,"max":59},"vacunados":153473,"personasINE":162645,"porcentaje":0.9436072427679917},{"rango":{"min":60,"max":69},"vacunados":148403,"personasINE":149652,"porcentaje":0.9916539705449977},{"rango":{"min":70,"max":79},"vacunados":114447,"personasINE":114447,"porcentaje":1},{"rango":{"min":80,"max":null},"vacunados":89029,"personasINE":89029,"porcentaje":1}]},"pautaCompleta":{"etarioTotal":{"vacunados":867845,"personasINE":933927,"porcentaje":0.9292428637356025},"etarioRangos":[{"rango":{"min":12,"max":19},"vacunados":59898,"personasINE":64000,"porcentaje":0.8287595909544817},{"rango":{"min":20,"max":29},"vacunados":65564,"personasINE":79111,"porcentaje":0.8991993676381644},{"rango":{"min":30,"max":39},"vacunados":89922,"personasINE":114451,"porcentaje":0.8991993676381644},{"rango":{"min":40,"max":49},"vacunados":150160,"personasINE":166993,"porcentaje":0.8991993676381644},{"rango":{"min":50,"max":59},"vacunados":152664,"personasINE":162645,"porcentaje":0.9386332195886747},{"rango":{"min":60,"max":69},"vacunados":147426,"personasINE":149652,"porcentaje":0.9851254911394435},{"rango":{"min":70,"max":79},"vacunados":113985,"personasINE":113985,"porcentaje":1},{"rango":{"min":80,"max":null},"vacunados":88226,"personasINE":88226,"porcentaje":1}]}}},{"ccaa":"Baleares","dosisAdministradas":1748168,"dosisEntregadas":1935774,"dosisEntregadasModerna":335070,"dosisEntregadasPfizer":1318884,"dosisEntregadasAstrazeneca":225400,"dosisEntregadasJanssen":56420,"dosisPrimeraDosis":875548,"dosisPautaCompletada":855954,"porcentajeEntregadas":0.9030847609276703,"porcentajePoblacionAdministradas":1.4921927748277273,"porcentajePoblacionPrimeraDosis":0.7473460214435151,"porcentajePoblacionCompletas":0.7306210698198871,"fechaUltRegistro":1639008000000,"etarios":{"unaDosis":{"etarioTotal":{"vacunados":875548,"personasINE":1034867,"porcentaje":0.8460488159348013},"etarioRangos":[{"rango":{"min":12,"max":19},"vacunados":77761,"personasINE":95480,"porcentaje":0.7326847515622508},{"rango":{"min":20,"max":29},"vacunados":101068,"personasINE":137942,"porcentaje":0.8291038550336612},{"rango":{"min":30,"max":39},"vacunados":131407,"personasINE":182187,"porcentaje":0.8291038550336612},{"rango":{"min":40,"max":49},"vacunados":170938,"personasINE":206172,"porcentaje":0.8291038550336612},{"rango":{"min":50,"max":59},"vacunados":151915,"personasINE":165797,"porcentaje":0.9162711026134369},{"rango":{"min":60,"max":69},"vacunados":111218,"personasINE":117231,"porcentaje":0.9487081062176387},{"rango":{"min":70,"max":79},"vacunados":79582,"personasINE":80516,"porcentaje":0.9883998211535595},{"rango":{"min":80,"max":null},"vacunados":51659,"personasINE":51659,"porcentaje":1}]},"pautaCompleta":{"etarioTotal":{"vacunados":855954,"personasINE":1034867,"porcentaje":0.8271149819252136},"etarioRangos":[{"rango":{"min":12,"max":19},"vacunados":74780,"personasINE":95480,"porcentaje":0.7021791767554479},{"rango":{"min":20,"max":29},"vacunados":96860,"personasINE":137942,"porcentaje":0.8130250470480958},{"rango":{"min":30,"max":39},"vacunados":126644,"personasINE":182187,"porcentaje":0.8130250470480958},{"rango":{"min":40,"max":49},"vacunados":167623,"personasINE":206172,"porcentaje":0.8130250470480958},{"rango":{"min":50,"max":59},"vacunados":149942,"personasINE":165797,"porcentaje":0.904371007919323},{"rango":{"min":60,"max":69},"vacunados":109906,"personasINE":117231,"porcentaje":0.9375165271984373},{"rango":{"min":70,"max":79},"vacunados":79098,"personasINE":80516,"porcentaje":0.982388593571464},{"rango":{"min":80,"max":null},"vacunados":51101,"personasINE":51101,"porcentaje":1}]}}},{"ccaa":"Canarias","dosisAdministradas":3378103,"dosisEntregadas":3617300,"dosisEntregadasModerna":624700,"dosisEntregadasPfizer":2403150,"dosisEntregadasAstrazeneca":455800,"dosisEntregadasJanssen":133650,"dosisPrimeraDosis":1698815,"dosisPautaCompletada":1653675,"porcentajeEntregadas":0.9338741602852957,"porcentajePoblacionAdministradas":1.5524712861313117,"porcentajePoblacionPrimeraDosis":0.7807226446171607,"porcentajePoblacionCompletas":0.7599777017140084,"fechaUltRegistro":1639008000000,"etarios":{"unaDosis":{"etarioTotal":{"vacunados":1698815,"personasINE":1960774,"porcentaje":0.8664002072650903},"etarioRangos":[{"rango":{"min":12,"max":19},"vacunados":157900,"personasINE":179797,"porcentaje":0.763978263978264},{"rango":{"min":20,"max":29},"vacunados":192330,"personasINE":251748,"porcentaje":0.8260999577236778},{"rango":{"min":30,"max":39},"vacunados":233056,"personasINE":310934,"porcentaje":0.8260999577236778},{"rango":{"min":40,"max":49},"vacunados":320464,"personasINE":387924,"porcentaje":0.8260999577236778},{"rango":{"min":50,"max":59},"vacunados":322466,"personasINE":350512,"porcentaje":0.9199856210343725},{"rango":{"min":60,"max":69},"vacunados":226024,"personasINE":235092,"porcentaje":0.9614278665373556},{"rango":{"min":70,"max":79},"vacunados":152917,"personasINE":154531,"porcentaje":0.9895554937197067},{"rango":{"min":80,"max":null},"vacunados":93658,"personasINE":93658,"porcentaje":1}]},"pautaCompleta":{"etarioTotal":{"vacunados":1653675,"personasINE":1960774,"porcentaje":0.8433786861718893},"etarioRangos":[{"rango":{"min":12,"max":19},"vacunados":148025,"personasINE":179797,"porcentaje":0.7205260816371928},{"rango":{"min":20,"max":29},"vacunados":181391,"personasINE":251748,"porcentaje":0.813388705004073},{"rango":{"min":30,"max":39},"vacunados":224999,"personasINE":310934,"porcentaje":0.813388705004073},{"rango":{"min":40,"max":49},"vacunados":315533,"personasINE":387924,"porcentaje":0.813388705004073},{"rango":{"min":50,"max":59},"vacunados":319411,"personasINE":350512,"porcentaje":0.9112697996074314},{"rango":{"min":60,"max":69},"vacunados":221561,"personasINE":235092,"porcentaje":0.9424438092321304},{"rango":{"min":70,"max":79},"vacunados":150597,"personasINE":154531,"porcentaje":0.9745423248409705},{"rango":{"min":80,"max":null},"vacunados":92158,"personasINE":92158,"porcentaje":1}]}}},{"ccaa":"Cantabria","dosisAdministradas":1015114,"dosisEntregadas":1114605,"dosisEntregadasModerna":122900,"dosisEntregadasPfizer":844305,"dosisEntregadasAstrazeneca":125200,"dosisEntregadasJanssen":22200,"dosisPrimeraDosis":486611,"dosisPautaCompletada":480476,"porcentajeEntregadas":0.9107387819003144,"porcentajePoblacionAdministradas":1.741474168174917,"porcentajePoblacionPrimeraDosis":0.8348032698295605,"porcentajePoblacionCompletas":0.8242783987099098,"fechaUltRegistro":1638921600000,"etarios":{"unaDosis":{"etarioTotal":{"vacunados":486611,"personasINE":524127,"porcentaje":0.9284219282731094},"etarioRangos":[{"rango":{"min":12,"max":19},"vacunados":40530,"personasINE":43963,"porcentaje":0.832095832095832},{"rango":{"min":20,"max":29},"vacunados":42025,"personasINE":50505,"porcentaje":0.9057369922981722},{"rango":{"min":30,"max":39},"vacunados":55457,"personasINE":70473,"porcentaje":0.9057369922981722},{"rango":{"min":40,"max":49},"vacunados":88553,"personasINE":97769,"porcentaje":0.9057369922981722},{"rango":{"min":50,"max":59},"vacunados":84624,"personasINE":89964,"porcentaje":0.9406429238362012},{"rango":{"min":60,"max":69},"vacunados":76883,"personasINE":77345,"porcentaje":0.994026763203827},{"rango":{"min":70,"max":79},"vacunados":56065,"personasINE":56065,"porcentaje":1},{"rango":{"min":80,"max":null},"vacunados":42474,"personasINE":42474,"porcentaje":1}]},"pautaCompleta":{"etarioTotal":{"vacunados":480476,"personasINE":524127,"porcentaje":0.9167167499480088},"etarioRangos":[{"rango":{"min":12,"max":19},"vacunados":39479,"personasINE":43963,"porcentaje":0.8103950103950104},{"rango":{"min":20,"max":29},"vacunados":40929,"personasINE":50505,"porcentaje":0.8918675653837106},{"rango":{"min":30,"max":39},"vacunados":54537,"personasINE":70473,"porcentaje":0.8918675653837106},{"rango":{"min":40,"max":49},"vacunados":87197,"personasINE":97769,"porcentaje":0.8918675653837106},{"rango":{"min":50,"max":59},"vacunados":83895,"personasINE":89964,"porcentaje":0.9325396825396826},{"rango":{"min":60,"max":69},"vacunados":76444,"personasINE":77345,"porcentaje":0.9883508953390652},{"rango":{"min":70,"max":79},"vacunados":55875,"personasINE":55875,"porcentaje":1},{"rango":{"min":80,"max":null},"vacunados":42120,"personasINE":42120,"porcentaje":1}]}}},{"ccaa":"Castilla y Leon","dosisAdministradas":4227565,"dosisEntregadas":5042759,"dosisEntregadasModerna":611570,"dosisEntregadasPfizer":3867399,"dosisEntregadasAstrazeneca":466170,"dosisEntregadasJanssen":97620,"dosisPrimeraDosis":2021067,"dosisPautaCompletada":1982358,"porcentajeEntregadas":0.838343652750409,"porcentajePoblacionAdministradas":1.7652232769556202,"porcentajePoblacionPrimeraDosis":0.8438982044479185,"porcentajePoblacionCompletas":0.8277352293481447,"fechaUltRegistro":1639008000000,"etarios":{"unaDosis":{"etarioTotal":{"vacunados":2021067,"personasINE":2176253,"porcentaje":0.9286911953711264},"etarioRangos":[{"rango":{"min":12,"max":19},"vacunados":147714,"personasINE":165342,"porcentaje":0.8366065419940665},{"rango":{"min":20,"max":29},"vacunados":176529,"personasINE":211006,"porcentaje":0.8883169788469744},{"rango":{"min":30,"max":39},"vacunados":215211,"personasINE":267783,"porcentaje":0.8883169788469744},{"rango":{"min":40,"max":49},"vacunados":322730,"personasINE":363305,"porcentaje":0.8883169788469744},{"rango":{"min":50,"max":59},"vacunados":354612,"personasINE":381175,"porcentaje":0.9303128484291991},{"rango":{"min":60,"max":69},"vacunados":322698,"personasINE":322698,"porcentaje":1},{"rango":{"min":70,"max":79},"vacunados":251835,"personasINE":251835,"porcentaje":1},{"rango":{"min":80,"max":null},"vacunados":229738,"personasINE":229738,"porcentaje":1}]},"pautaCompleta":{"etarioTotal":{"vacunados":1982358,"personasINE":2176253,"porcentaje":0.9109042009361963},"etarioRangos":[{"rango":{"min":12,"max":19},"vacunados":138001,"personasINE":165342,"porcentaje":0.8036216979611954},{"rango":{"min":20,"max":29},"vacunados":169569,"personasINE":211006,"porcentaje":0.8746232504369607},{"rango":{"min":30,"max":39},"vacunados":209371,"personasINE":267783,"porcentaje":0.8746232504369607},{"rango":{"min":40,"max":49},"vacunados":317755,"personasINE":363305,"porcentaje":0.8746232504369607},{"rango":{"min":50,"max":59},"vacunados":350271,"personasINE":381175,"porcentaje":0.9189243785662753},{"rango":{"min":60,"max":69},"vacunados":319939,"personasINE":318575,"porcentaje":1.004281566350153},{"rango":{"min":70,"max":79},"vacunados":249906,"personasINE":249906,"porcentaje":1},{"rango":{"min":80,"max":null},"vacunados":227546,"personasINE":227546,"porcentaje":1}]}}},{"ccaa":"Castilla La Mancha","dosisAdministradas":3335492,"dosisEntregadas":3547900,"dosisEntregadasModerna":581270,"dosisEntregadasPfizer":2490795,"dosisEntregadasAstrazeneca":382100,"dosisEntregadasJanssen":93735,"dosisPrimeraDosis":1638016,"dosisPautaCompletada":1577167,"porcentajeEntregadas":0.9401313453028552,"porcentajePoblacionAdministradas":1.6308711870257542,"porcentajePoblacionPrimeraDosis":0.8008992671207659,"porcentajePoblacionCompletas":0.7711474701267003,"fechaUltRegistro":1639008000000},{"ccaa":"Cataluña","dosisAdministradas":12107848,"dosisEntregadas":12414030,"dosisEntregadasModerna":2054900,"dosisEntregadasPfizer":8469080,"dosisEntregadasAstrazeneca":1514300,"dosisEntregadasJanssen":375750,"dosisPrimeraDosis":6093587,"dosisPautaCompletada":5939132,"porcentajeEntregadas":0.9753358095638563,"porcentajePoblacionAdministradas":1.5561828519812213,"porcentajePoblacionPrimeraDosis":0.7831891841106441,"porcentajePoblacionCompletas":0.7633375785732472,"fechaUltRegistro":1639008000000,"etarios":{"unaDosis":{"etarioTotal":{"vacunados":6093587,"personasINE":6868360,"porcentaje":0.8871967980711553},"etarioRangos":[{"rango":{"min":12,"max":19},"vacunados":554523,"personasINE":656166,"porcentaje":0.7975290099948149},{"rango":{"min":20,"max":29},"vacunados":669075,"personasINE":838935,"porcentaje":0.8707633538509442},{"rango":{"min":30,"max":39},"vacunados":805100,"personasINE":1044652,"porcentaje":0.8707633538509442},{"rango":{"min":40,"max":49},"vacunados":1146582,"personasINE":1316755,"porcentaje":0.8707633538509442},{"rango":{"min":50,"max":59},"vacunados":1034482,"personasINE":1091780,"porcentaje":0.9475187308798476},{"rango":{"min":60,"max":69},"vacunados":804214,"personasINE":837584,"porcentaje":0.9601592198513821},{"rango":{"min":70,"max":79},"vacunados":619899,"personasINE":635292,"porcentaje":0.9757701970117678},{"rango":{"min":80,"max":null},"vacunados":459712,"personasINE":459712,"porcentaje":1}]},"pautaCompleta":{"etarioTotal":{"vacunados":5939132,"personasINE":6868360,"porcentaje":0.8647088970292762},"etarioRangos":[{"rango":{"min":12,"max":19},"vacunados":530459,"personasINE":656166,"porcentaje":0.7567201273042607},{"rango":{"min":20,"max":29},"vacunados":634839,"personasINE":838935,"porcentaje":0.8524516709638468},{"rango":{"min":30,"max":39},"vacunados":772470,"personasINE":1044652,"porcentaje":0.8524516709638468},{"rango":{"min":40,"max":49},"vacunados":1122470,"personasINE":1316755,"porcentaje":0.8524516709638468},{"rango":{"min":50,"max":59},"vacunados":1020636,"personasINE":1091780,"porcentaje":0.9348366887101797},{"rango":{"min":60,"max":69},"vacunados":789082,"personasINE":837584,"porcentaje":0.9420929721675677},{"rango":{"min":70,"max":79},"vacunados":615329,"personasINE":635292,"porcentaje":0.9685766545147743},{"rango":{"min":80,"max":null},"vacunados":453847,"personasINE":453847,"porcentaje":1}]}}},{"ccaa":"C. Valenciana","dosisAdministradas":8168371,"dosisEntregadas":8876855,"dosisEntregadasModerna":1543650,"dosisEntregadasPfizer":6256180,"dosisEntregadasAstrazeneca":863900,"dosisEntregadasJanssen":213125,"dosisPrimeraDosis":4093220,"dosisPautaCompletada":4029904,"porcentajeEntregadas":0.920187498838271,"porcentajePoblacionAdministradas":1.6151474892102646,"porcentajePoblacionPrimeraDosis":0.8093601534241331,"porcentajePoblacionCompletas":0.7968405606648379,"fechaUltRegistro":1637798400000,"etarios":{"unaDosis":{"etarioTotal":{"vacunados":4093220,"personasINE":4488459,"porcentaje":0.9119432749636345},"etarioRangos":[{"rango":{"min":12,"max":19},"vacunados":376276,"personasINE":424531,"porcentaje":0.8309017565478197},{"rango":{"min":20,"max":29},"vacunados":428850,"personasINE":516126,"porcentaje":0.8865989187259566},{"rango":{"min":30,"max":39},"vacunados":513288,"personasINE":648759,"porcentaje":0.8865989187259566},{"rango":{"min":40,"max":49},"vacunados":755017,"personasINE":851588,"porcentaje":0.8865989187259566},{"rango":{"min":50,"max":59},"vacunados":716145,"personasINE":752334,"porcentaje":0.9518976943751046},{"rango":{"min":60,"max":69},"vacunados":571119,"personasINE":580728,"porcentaje":0.9834535272967724},{"rango":{"min":70,"max":79},"vacunados":434964,"personasINE":437862,"porcentaje":0.9933814763555641},{"rango":{"min":80,"max":null},"vacunados":297561,"personasINE":297561,"porcentaje":1}]},"pautaCompleta":{"etarioTotal":{"vacunados":4029904,"personasINE":4488459,"porcentaje":0.8978368745264244},"etarioRangos":[{"rango":{"min":12,"max":19},"vacunados":363695,"personasINE":424531,"porcentaje":0.8038986604046299},{"rango":{"min":20,"max":29},"vacunados":414913,"personasINE":516126,"porcentaje":0.8770027290191971},{"rango":{"min":30,"max":39},"vacunados":501641,"personasINE":648759,"porcentaje":0.8770027290191971},{"rango":{"min":40,"max":49},"vacunados":746845,"personasINE":851588,"porcentaje":0.8770027290191971},{"rango":{"min":50,"max":59},"vacunados":710688,"personasINE":752334,"porcentaje":0.9446442670409685},{"rango":{"min":60,"max":69},"vacunados":566263,"personasINE":580728,"porcentaje":0.9750916091526498},{"rango":{"min":70,"max":79},"vacunados":432264,"personasINE":437862,"porcentaje":0.9872151499787605},{"rango":{"min":80,"max":null},"vacunados":293595,"personasINE":293595,"porcentaje":1}]}}},{"ccaa":"Extremadura","dosisAdministradas":1878823,"dosisEntregadas":1930668,"dosisEntregadasModerna":231770,"dosisEntregadasPfizer":1464233,"dosisEntregadasAstrazeneca":185400,"dosisEntregadasJanssen":49265,"dosisPrimeraDosis":902793,"dosisPautaCompletada":888915,"porcentajeEntregadas":0.9731466000368785,"porcentajePoblacionAdministradas":1.7658326652487295,"porcentajePoblacionPrimeraDosis":0.8485000286657638,"porcentajePoblacionCompletas":0.8354566362182997,"fechaUltRegistro":1639008000000,"etarios":{"unaDosis":{"etarioTotal":{"vacunados":902793,"personasINE":953437,"porcentaje":0.9468826991190818},"etarioRangos":[{"rango":{"min":12,"max":19},"vacunados":78596,"personasINE":84750,"porcentaje":0.8329950582421461},{"rango":{"min":20,"max":29},"vacunados":94395,"personasINE":113320,"porcentaje":0.9197838163191092},{"rango":{"min":30,"max":39},"vacunados":113822,"personasINE":133479,"porcentaje":0.9197838163191092},{"rango":{"min":40,"max":49},"vacunados":146700,"personasINE":159494,"porcentaje":0.9197838163191092},{"rango":{"min":50,"max":59},"vacunados":161836,"personasINE":169216,"porcentaje":0.9563871028744326},{"rango":{"min":60,"max":69},"vacunados":133079,"personasINE":133079,"porcentaje":1},{"rango":{"min":70,"max":79},"vacunados":96032,"personasINE":96032,"porcentaje":1},{"rango":{"min":80,"max":null},"vacunados":78333,"personasINE":78333,"porcentaje":1}]},"pautaCompleta":{"etarioTotal":{"vacunados":888915,"personasINE":953437,"porcentaje":0.9323269392733867},"etarioRangos":[{"rango":{"min":12,"max":19},"vacunados":76095,"personasINE":84750,"porcentaje":0.8066625485351218},{"rango":{"min":20,"max":29},"vacunados":91411,"personasINE":113320,"porcentaje":0.9082410623597126},{"rango":{"min":30,"max":39},"vacunados":111393,"personasINE":133479,"porcentaje":0.9082410623597126},{"rango":{"min":40,"max":49},"vacunados":144859,"personasINE":159494,"porcentaje":0.9082410623597126},{"rango":{"min":50,"max":59},"vacunados":160579,"personasINE":169216,"porcentaje":0.9489587273071104},{"rango":{"min":60,"max":69},"vacunados":131424,"personasINE":125297,"porcentaje":1.0488998140418366},{"rango":{"min":70,"max":79},"vacunados":95587,"personasINE":95587,"porcentaje":1},{"rango":{"min":80,"max":null},"vacunados":77567,"personasINE":77567,"porcentaje":1}]}}},{"ccaa":"Galicia","dosisAdministradas":4978065,"dosisEntregadas":5108079,"dosisEntregadasModerna":537400,"dosisEntregadasPfizer":3874579,"dosisEntregadasAstrazeneca":573400,"dosisEntregadasJanssen":122700,"dosisPrimeraDosis":2323640,"dosisPautaCompletada":2300409,"porcentajeEntregadas":0.9745473787699838,"porcentajePoblacionAdministradas":1.8424864878069183,"porcentajePoblacionPrimeraDosis":0.8600280033562574,"porcentajePoblacionCompletas":0.8514297219761946,"fechaUltRegistro":1639008000000,"etarios":{"unaDosis":{"etarioTotal":{"vacunados":2323640,"personasINE":2454497,"porcentaje":0.9466868364475491},"etarioRangos":[{"rango":{"min":12,"max":19},"vacunados":171890,"personasINE":180007,"porcentaje":0.8724267363982319},{"rango":{"min":20,"max":29},"vacunados":201514,"personasINE":230981,"porcentaje":0.9254096714731477},{"rango":{"min":30,"max":39},"vacunados":266161,"personasINE":323408,"porcentaje":0.9254096714731477},{"rango":{"min":40,"max":49},"vacunados":410161,"personasINE":443221,"porcentaje":0.9254096714731477},{"rango":{"min":50,"max":59},"vacunados":392281,"personasINE":405889,"porcentaje":0.9664735925339194},{"rango":{"min":60,"max":69},"vacunados":347091,"personasINE":347091,"porcentaje":1},{"rango":{"min":70,"max":79},"vacunados":291869,"personasINE":291869,"porcentaje":1},{"rango":{"min":80,"max":null},"vacunados":242673,"personasINE":242673,"porcentaje":1}]},"pautaCompleta":{"etarioTotal":{"vacunados":2300409,"personasINE":2454497,"porcentaje":0.9372221681265042},"etarioRangos":[{"rango":{"min":12,"max":19},"vacunados":167947,"personasINE":180007,"porcentaje":0.8512301877643615},{"rango":{"min":20,"max":29},"vacunados":196618,"personasINE":230981,"porcentaje":0.9176686122724329},{"rango":{"min":30,"max":39},"vacunados":262047,"personasINE":323408,"porcentaje":0.9176686122724329},{"rango":{"min":40,"max":49},"vacunados":406730,"personasINE":443221,"porcentaje":0.9176686122724329},{"rango":{"min":50,"max":59},"vacunados":389876,"personasINE":405889,"porcentaje":0.960548327252032},{"rango":{"min":60,"max":69},"vacunados":345645,"personasINE":346927,"porcentaje":0.9963046981065181},{"rango":{"min":70,"max":79},"vacunados":290517,"personasINE":290517,"porcentaje":1},{"rango":{"min":80,"max":null},"vacunados":241029,"personasINE":241029,"porcentaje":1}]}}},{"ccaa":"La Rioja","dosisAdministradas":537580,"dosisEntregadas":557305,"dosisEntregadasModerna":67600,"dosisEntregadasPfizer":421265,"dosisEntregadasAstrazeneca":53240,"dosisEntregadasJanssen":15200,"dosisPrimeraDosis":262713,"dosisPautaCompletada":257742,"porcentajeEntregadas":0.9646064542754865,"porcentajePoblacionAdministradas":1.6803891045718538,"porcentajePoblacionPrimeraDosis":0.8211988221834619,"porcentajePoblacionCompletas":0.8056602711978844,"fechaUltRegistro":1639008000000,"etarios":{"unaDosis":{"etarioTotal":{"vacunados":262713,"personasINE":283970,"porcentaje":0.9251435010740571},"etarioRangos":[{"rango":{"min":12,"max":19},"vacunados":22591,"personasINE":25532,"porcentaje":0.811412436798214},{"rango":{"min":20,"max":29},"vacunados":24714,"personasINE":30458,"porcentaje":0.9039039039039038},{"rango":{"min":30,"max":39},"vacunados":31699,"personasINE":39319,"porcentaje":0.9039039039039038},{"rango":{"min":40,"max":49},"vacunados":47859,"personasINE":52947,"porcentaje":0.9039039039039038},{"rango":{"min":50,"max":59},"vacunados":45571,"personasINE":47664,"porcentaje":0.9560884525008392},{"rango":{"min":60,"max":69},"vacunados":38169,"personasINE":38169,"porcentaje":1},{"rango":{"min":70,"max":79},"vacunados":28706,"personasINE":28706,"porcentaje":1},{"rango":{"min":80,"max":null},"vacunados":23404,"personasINE":23404,"porcentaje":1}]},"pautaCompleta":{"etarioTotal":{"vacunados":257742,"personasINE":283970,"porcentaje":0.9076381307884636},"etarioRangos":[{"rango":{"min":12,"max":19},"vacunados":21820,"personasINE":25532,"porcentaje":0.7822575349661829},{"rango":{"min":20,"max":29},"vacunados":23826,"personasINE":30458.000000000004,"porcentaje":0.8894177196063988},{"rango":{"min":30,"max":39},"vacunados":30893,"personasINE":39319,"porcentaje":0.8894177196063988},{"rango":{"min":40,"max":49},"vacunados":47092,"personasINE":52947,"porcentaje":0.8894177196063988},{"rango":{"min":50,"max":59},"vacunados":44917,"personasINE":47664,"porcentaje":0.94236740516952},{"rango":{"min":60,"max":69},"vacunados":37426,"personasINE":37718,"porcentaje":0.9922583381939657},{"rango":{"min":70,"max":79},"vacunados":28582,"personasINE":28582,"porcentaje":1},{"rango":{"min":80,"max":null},"vacunados":23186,"personasINE":23186,"porcentaje":1}]}}},{"ccaa":"Madrid","dosisAdministradas":10735102,"dosisEntregadas":11464185,"dosisEntregadasModerna":1820800,"dosisEntregadasPfizer":8099835,"dosisEntregadasAstrazeneca":1222100,"dosisEntregadasJanssen":321450,"dosisPrimeraDosis":5430741,"dosisPautaCompletada":5298888,"porcentajeEntregadas":0.9364034163789227,"porcentajePoblacionAdministradas":1.5833745336206144,"porcentajePoblacionPrimeraDosis":0.8010074797695773,"porcentajePoblacionCompletas":0.7815598133774482,"fechaUltRegistro":1639008000000,"etarios":{"unaDosis":{"etarioTotal":{"vacunados":5430741,"personasINE":5977937,"porcentaje":0.9084640738100787},"etarioRangos":[{"rango":{"min":12,"max":19},"vacunados":469763,"personasINE":553542,"porcentaje":0.8363877571635409},{"rango":{"min":20,"max":29},"vacunados":620997,"personasINE":742475,"porcentaje":0.8965317319212913},{"rango":{"min":30,"max":39},"vacunados":767634,"personasINE":949640,"porcentaje":0.8965317319212913},{"rango":{"min":40,"max":49},"vacunados":1045330,"personasINE":1165971,"porcentaje":0.8965317319212913},{"rango":{"min":50,"max":59},"vacunados":947405,"personasINE":972783,"porcentaje":0.97391196186611},{"rango":{"min":60,"max":69},"vacunados":692220,"personasINE":703323,"porcentaje":0.9842135121416475},{"rango":{"min":70,"max":79},"vacunados":512495,"personasINE":526081,"porcentaje":0.9741750795029662},{"rango":{"min":80,"max":null},"vacunados":374897,"personasINE":374897,"porcentaje":1}]},"pautaCompleta":{"etarioTotal":{"vacunados":5298888,"personasINE":5977937,"porcentaje":0.8864074679943934},"etarioRangos":[{"rango":{"min":12,"max":19},"vacunados":453133,"personasINE":553542,"porcentaje":0.7962301761002054},{"rango":{"min":20,"max":29},"vacunados":591181,"personasINE":742475,"porcentaje":0.8765389533701953},{"rango":{"min":30,"max":39},"vacunados":737921,"personasINE":949639.9999999999,"porcentaje":0.8765389533701953},{"rango":{"min":40,"max":49},"vacunados":1022019,"personasINE":1165971,"porcentaje":0.8765389533701953},{"rango":{"min":50,"max":59},"vacunados":937156,"personasINE":972783,"porcentaje":0.9633762103161754},{"rango":{"min":60,"max":69},"vacunados":675226,"personasINE":703323,"porcentaje":0.960051071840392},{"rango":{"min":70,"max":79},"vacunados":510314,"personasINE":526081,"porcentaje":0.9700293300841505},{"rango":{"min":80,"max":null},"vacunados":371938,"personasINE":371938,"porcentaje":1}]}}},{"ccaa":"Murcia","dosisAdministradas":2426871,"dosisEntregadas":2507175,"dosisEntregadasModerna":498000,"dosisEntregadasPfizer":1687865,"dosisEntregadasAstrazeneca":253010,"dosisEntregadasJanssen":68300,"dosisPrimeraDosis":1206467,"dosisPautaCompletada":1176426,"porcentajeEntregadas":0.9679703251667714,"porcentajePoblacionAdministradas":1.6058689125764019,"porcentajePoblacionPrimeraDosis":0.798323375799255,"porcentajePoblacionCompletas":0.7784451424680612,"fechaUltRegistro":1639008000000,"etarios":{"unaDosis":{"etarioTotal":{"vacunados":1206467,"personasINE":1310137,"porcentaje":0.9208708707562644},"etarioRangos":[{"rango":{"min":12,"max":19},"vacunados":123209,"personasINE":141894,"porcentaje":0.8386802749523942},{"rango":{"min":20,"max":29},"vacunados":144461,"personasINE":172248,"porcentaje":0.9191011854877104},{"rango":{"min":30,"max":39},"vacunados":170141,"personasINE":209003,"porcentaje":0.9191011854877104},{"rango":{"min":40,"max":49},"vacunados":233596,"personasINE":254157,"porcentaje":0.9191011854877104},{"rango":{"min":50,"max":59},"vacunados":208406,"personasINE":213256,"porcentaje":0.9772573808005401},{"rango":{"min":60,"max":69},"vacunados":148978,"personasINE":148978,"porcentaje":1},{"rango":{"min":70,"max":79},"vacunados":103589,"personasINE":103589,"porcentaje":1},{"rango":{"min":80,"max":null},"vacunados":74087,"personasINE":74087,"porcentaje":1}]},"pautaCompleta":{"etarioTotal":{"vacunados":1176426,"personasINE":1310137,"porcentaje":0.8979412076752279},"etarioRangos":[{"rango":{"min":12,"max":19},"vacunados":118836,"personasINE":141894,"porcentaje":0.7995216199897822},{"rango":{"min":20,"max":29},"vacunados":137716,"personasINE":172248,"porcentaje":0.899026979386757},{"rango":{"min":30,"max":39},"vacunados":164155,"personasINE":209003,"porcentaje":0.899026979386757},{"rango":{"min":40,"max":49},"vacunados":228494,"personasINE":254157,"porcentaje":0.899026979386757},{"rango":{"min":50,"max":59},"vacunados":205669,"personasINE":213256,"porcentaje":0.964423040852309},{"rango":{"min":60,"max":69},"vacunados":145693,"personasINE":146909,"porcentaje":0.9917227671551777},{"rango":{"min":70,"max":79},"vacunados":102608,"personasINE":102899,"porcentaje":0.9971719841786606},{"rango":{"min":80,"max":null},"vacunados":73255,"personasINE":73255,"porcentaje":1}]}}},{"ccaa":"Navarra","dosisAdministradas":1092575,"dosisEntregadas":1131375,"dosisEntregadasModerna":166500,"dosisEntregadasPfizer":804525,"dosisEntregadasAstrazeneca":136600,"dosisEntregadasJanssen":23750,"dosisPrimeraDosis":533715,"dosisPautaCompletada":525271,"porcentajeEntregadas":0.9657054469119434,"porcentajePoblacionAdministradas":1.6524197780691685,"porcentajePoblacionPrimeraDosis":0.8071951324643034,"porcentajePoblacionCompletas":0.794424354617459,"fechaUltRegistro":1639008000000,"etarios":{"unaDosis":{"etarioTotal":{"vacunados":533715,"personasINE":581354,"porcentaje":0.9180550920781486},"etarioRangos":[{"rango":{"min":12,"max":19},"vacunados":50548,"personasINE":56388,"porcentaje":0.862815036622778},{"rango":{"min":20,"max":29},"vacunados":58781,"personasINE":68127,"porcentaje":0.8889927964296958},{"rango":{"min":30,"max":39},"vacunados":65155,"personasINE":81341,"porcentaje":0.8889927964296958},{"rango":{"min":40,"max":49},"vacunados":96013,"personasINE":108002,"porcentaje":0.8889927964296958},{"rango":{"min":50,"max":59},"vacunados":92252,"personasINE":96694,"porcentaje":0.9540612654352907},{"rango":{"min":60,"max":69},"vacunados":72477,"personasINE":73844,"porcentaje":0.9814880017333839},{"rango":{"min":70,"max":79},"vacunados":55944,"personasINE":55944,"porcentaje":1},{"rango":{"min":80,"max":null},"vacunados":42545,"personasINE":42545,"porcentaje":1}]},"pautaCompleta":{"etarioTotal":{"vacunados":525271,"personasINE":581354,"porcentaje":0.9035303790805602},"etarioRangos":[{"rango":{"min":12,"max":19},"vacunados":49359,"personasINE":56388,"porcentaje":0.8319902534971451},{"rango":{"min":20,"max":29},"vacunados":56681,"personasINE":68127,"porcentaje":0.878983722523657},{"rango":{"min":30,"max":39},"vacunados":63702,"personasINE":81341,"porcentaje":0.878983722523657},{"rango":{"min":40,"max":49},"vacunados":94932,"personasINE":108002,"porcentaje":0.878983722523657},{"rango":{"min":50,"max":59},"vacunados":91549,"personasINE":96694,"porcentaje":0.9467909073985976},{"rango":{"min":60,"max":69},"vacunados":71108,"personasINE":73844,"porcentaje":0.9629489193434808},{"rango":{"min":70,"max":79},"vacunados":55782,"personasINE":55792,"porcentaje":0.9998207628333812},{"rango":{"min":80,"max":null},"vacunados":42158,"personasINE":42158,"porcentaje":1}]}}},{"ccaa":"País Vasco","dosisAdministradas":3728700,"dosisEntregadas":4039520,"dosisEntregadasModerna":651100,"dosisEntregadasPfizer":2842920,"dosisEntregadasAstrazeneca":444200,"dosisEntregadasJanssen":101300,"dosisPrimeraDosis":1829633,"dosisPautaCompletada":1794565,"porcentajeEntregadas":0.9230552144809284,"porcentajePoblacionAdministradas":1.6792133677759644,"porcentajePoblacionPrimeraDosis":0.8239719451079575,"porcentajePoblacionCompletas":0.8081791341064911,"fechaUltRegistro":1639008000000,"etarios":{"unaDosis":{"etarioTotal":{"vacunados":1829633,"personasINE":1983943,"porcentaje":0.9222205476669441},"etarioRangos":[{"rango":{"min":12,"max":19},"vacunados":150496,"personasINE":168606,"porcentaje":0.8336707453829131},{"rango":{"min":20,"max":29},"vacunados":168013,"personasINE":201534,"porcentaje":0.890783220529474},{"rango":{"min":30,"max":39},"vacunados":206104,"personasINE":260543,"porcentaje":0.890783220529474},{"rango":{"min":40,"max":49},"vacunados":322582,"personasINE":362133,"porcentaje":0.890783220529474},{"rango":{"min":50,"max":59},"vacunados":324978,"personasINE":339977,"porcentaje":0.9558823096856552},{"rango":{"min":60,"max":69},"vacunados":279132,"personasINE":280119,"porcentaje":0.9964764974885674},{"rango":{"min":70,"max":79},"vacunados":213958,"personasINE":213958,"porcentaje":1},{"rango":{"min":80,"max":null},"vacunados":164370,"personasINE":164370,"porcentaje":1}]},"pautaCompleta":{"etarioTotal":{"vacunados":1794565,"personasINE":1983943,"porcentaje":0.904544636615064},"etarioRangos":[{"rango":{"min":12,"max":19},"vacunados":146553,"personasINE":168606,"porcentaje":0.8068167157898916},{"rango":{"min":20,"max":29},"vacunados":162601,"personasINE":201534,"porcentaje":0.8769706157682399},{"rango":{"min":30,"max":39},"vacunados":200399,"personasINE":260543,"porcentaje":0.8769706157682399},{"rango":{"min":40,"max":49},"vacunados":317580,"personasINE":362133,"porcentaje":0.8769706157682399},{"rango":{"min":50,"max":59},"vacunados":321265,"personasINE":339977,"porcentaje":0.944960982654709},{"rango":{"min":60,"max":69},"vacunados":271936,"personasINE":280119,"porcentaje":0.9707874153484769},{"rango":{"min":70,"max":79},"vacunados":212210,"personasINE":213081,"porcentaje":0.9959123525795355},{"rango":{"min":80,"max":null},"vacunados":162021,"personasINE":157950,"porcentaje":1.0257739791073124}]}}},{"ccaa":"Ceuta","dosisAdministradas":122544,"dosisEntregadas":142225,"dosisEntregadasModerna":22270,"dosisEntregadasPfizer":97920,"dosisEntregadasAstrazeneca":18100,"dosisEntregadasJanssen":3935,"dosisPrimeraDosis":63438,"dosisPautaCompletada":60841,"porcentajeEntregadas":0.8616206714712603,"porcentajePoblacionAdministradas":1.455357354932187,"porcentajePoblacionPrimeraDosis":0.7534025320063656,"porcentajePoblacionCompletas":0.7225600342034632,"fechaUltRegistro":1639008000000,"etarios":{"unaDosis":{"etarioTotal":{"vacunados":63438,"personasINE":70965,"porcentaje":0.8939336292538576},"etarioRangos":[{"rango":{"min":12,"max":19},"vacunados":8740,"personasINE":9126,"porcentaje":0.859122823014498},{"rango":{"min":20,"max":29},"vacunados":9422,"personasINE":10967,"porcentaje":0.8894162316089227},{"rango":{"min":30,"max":39},"vacunados":9389,"personasINE":11894,"porcentaje":0.8894162316089227},{"rango":{"min":40,"max":49},"vacunados":11244,"personasINE":12642,"porcentaje":0.8894162316089227},{"rango":{"min":50,"max":59},"vacunados":10640,"personasINE":11556,"porcentaje":0.9207338179300796},{"rango":{"min":60,"max":69},"vacunados":7690,"personasINE":7857,"porcentaje":0.9787450680921471},{"rango":{"min":70,"max":79},"vacunados":3905,"personasINE":4318,"porcentaje":0.9043538675312645},{"rango":{"min":80,"max":null},"vacunados":2408,"personasINE":2605,"porcentaje":0.9243761996161228}]},"pautaCompleta":{"etarioTotal":{"vacunados":60841,"personasINE":70965,"porcentaje":0.8573381244275347},"etarioRangos":[{"rango":{"min":12,"max":19},"vacunados":7973,"personasINE":9126,"porcentaje":0.788912191118811},{"rango":{"min":20,"max":29},"vacunados":8652,"personasINE":10967,"porcentaje":0.8694035753836419},{"rango":{"min":30,"max":39},"vacunados":8982,"personasINE":11894,"porcentaje":0.8694035753836419},{"rango":{"min":40,"max":49},"vacunados":10991,"personasINE":12642,"porcentaje":0.8694035753836419},{"rango":{"min":50,"max":59},"vacunados":10489,"personasINE":11556,"porcentaje":0.9076670128071997},{"rango":{"min":60,"max":69},"vacunados":7535,"personasINE":7857,"porcentaje":0.959017436680667},{"rango":{"min":70,"max":79},"vacunados":3847,"personasINE":4318,"porcentaje":0.8909217230199167},{"rango":{"min":80,"max":null},"vacunados":2372,"personasINE":2605,"porcentaje":0.9105566218809981}]}}},{"ccaa":"Melilla","dosisAdministradas":111724,"dosisEntregadas":141100,"dosisEntregadasModerna":23500,"dosisEntregadasPfizer":96750,"dosisEntregadasAstrazeneca":15100,"dosisEntregadasJanssen":5750,"dosisPrimeraDosis":60497,"dosisPautaCompletada":57832,"porcentajeEntregadas":0.7918072289156627,"porcentajePoblacionAdministradas":1.2830630713399789,"porcentajePoblacionPrimeraDosis":0.6947608985254261,"porcentajePoblacionCompletas":0.6641554504111351,"fechaUltRegistro":1639008000000,"etarios":{"unaDosis":{"etarioTotal":{"vacunados":60497,"personasINE":70927,"porcentaje":0.852947396619059},"etarioRangos":[{"rango":{"min":12,"max":19},"vacunados":8430,"personasINE":9574,"porcentaje":0.7796581909128804},{"rango":{"min":20,"max":29},"vacunados":9352,"personasINE":11995,"porcentaje":0.8786868855190801},{"rango":{"min":30,"max":39},"vacunados":9095,"personasINE":12133,"porcentaje":0.8786868855190801},{"rango":{"min":40,"max":49},"vacunados":10546,"personasINE":12002,"porcentaje":0.8786868855190801},{"rango":{"min":50,"max":59},"vacunados":10095,"personasINE":11299,"porcentaje":0.8934418975130543},{"rango":{"min":60,"max":69},"vacunados":7472,"personasINE":7827,"porcentaje":0.9546441804011754},{"rango":{"min":70,"max":79},"vacunados":3417,"personasINE":3748,"porcentaje":0.9116862326574173},{"rango":{"min":80,"max":null},"vacunados":2090,"personasINE":2349,"porcentaje":0.8897403150276714}]},"pautaCompleta":{"etarioTotal":{"vacunados":57832,"personasINE":70927,"porcentaje":0.8153735530897965},"etarioRangos":[{"rango":{"min":12,"max":19},"vacunados":7873,"personasINE":9574,"porcentaje":0.7135473113797416},{"rango":{"min":20,"max":29},"vacunados":8559,"personasINE":11995,"porcentaje":0.8547742042992834},{"rango":{"min":30,"max":39},"vacunados":8664,"personasINE":12133,"porcentaje":0.8547742042992834},{"rango":{"min":40,"max":49},"vacunados":10259,"personasINE":12002,"porcentaje":0.8547742042992834},{"rango":{"min":50,"max":59},"vacunados":9834,"personasINE":11299,"porcentaje":0.8703425081865652},{"rango":{"min":60,"max":69},"vacunados":7259,"personasINE":7827,"porcentaje":0.9274306886418807},{"rango":{"min":70,"max":79},"vacunados":3347,"personasINE":3748,"porcentaje":0.8930096051227321},{"rango":{"min":80,"max":null},"vacunados":2037,"personasINE":2349,"porcentaje":0.8671775223499362}]}}},{"ccaa":"Fuerzas Armadas","dosisAdministradas":178101,"dosisEntregadas":212238,"dosisEntregadasModerna":58300,"dosisEntregadasPfizer":48138,"dosisEntregadasAstrazeneca":103800,"dosisEntregadasJanssen":2000,"dosisPrimeraDosis":95248,"dosisPautaCompletada":89105,"porcentajeEntregadas":0.8391569841404461,"porcentajePoblacionAdministradas":null,"porcentajePoblacionPrimeraDosis":null,"porcentajePoblacionCompletas":null,"fechaUltRegistro":1638144000000},{"ccaa":"Sanidad Exterior","dosisAdministradas":7862,"dosisEntregadas":9940,"dosisEntregadasModerna":5540,"dosisEntregadasPfizer":0,"dosisEntregadasAstrazeneca":0,"dosisEntregadasJanssen":4400,"dosisPrimeraDosis":6027,"dosisPautaCompletada":5720,"porcentajeEntregadas":0.7909456740442656,"porcentajePoblacionAdministradas":null,"porcentajePoblacionPrimeraDosis":null,"porcentajePoblacionCompletas":null,"fechaUltRegistro":1638489600000,"etarios":{"unaDosis":{"etarioTotal":{"vacunados":6027,"personasINE":"-","porcentaje":"-"},"etarioRangos":[{"rango":{"min":12,"max":19},"vacunados":185,"personasINE":null,"porcentaje":"-"},{"rango":{"min":20,"max":29},"vacunados":1484,"personasINE":null,"porcentaje":"-"},{"rango":{"min":30,"max":39},"vacunados":1771,"personasINE":null,"porcentaje":"-"},{"rango":{"min":40,"max":49},"vacunados":1499,"personasINE":null,"porcentaje":"-"},{"rango":{"min":50,"max":59},"vacunados":762,"personasINE":null,"porcentaje":"-"},{"rango":{"min":60,"max":69},"vacunados":254,"personasINE":null,"porcentaje":"-"},{"rango":{"min":70,"max":79},"vacunados":43,"personasINE":null,"porcentaje":"-"},{"rango":{"min":80,"max":null},"vacunados":29,"personasINE":null,"porcentaje":"-"}]},"pautaCompleta":{"etarioTotal":{"vacunados":5720,"personasINE":"-","porcentaje":"-"},"etarioRangos":[{"rango":{"min":12,"max":19},"vacunados":168,"personasINE":null,"porcentaje":"-"},{"rango":{"min":20,"max":29},"vacunados":1411,"personasINE":null,"porcentaje":"-"},{"rango":{"min":30,"max":39},"vacunados":1683,"personasINE":null,"porcentaje":"-"},{"rango":{"min":40,"max":49},"vacunados":1427,"personasINE":null,"porcentaje":"-"},{"rango":{"min":50,"max":59},"vacunados":731,"personasINE":null,"porcentaje":"-"},{"rango":{"min":60,"max":69},"vacunados":232,"personasINE":null,"porcentaje":"-"},{"rango":{"min":70,"max":79},"vacunados":41,"personasINE":null,"porcentaje":"-"},{"rango":{"min":80,"max":null},"vacunados":27,"personasINE":null,"porcentaje":"-"}]}}},{"ccaa":"Totales","dosisAdministradas":77827910,"dosisEntregadas":82595014,"dosisEntregadasModerna":12695870,"dosisEntregadasPfizer":58697409,"dosisEntregadasAstrazeneca":9051120,"dosisEntregadasJanssen":2150615,"dosisPrimeraDosis":38488342,"dosisPautaCompletada":37702839,"porcentajeEntregadas":0.9422833925544223,"porcentajePoblacionAdministradas":1.6580296122709843,"porcentajePoblacionPrimeraDosis":0.8199476352790797,"porcentajePoblacionCompletas":0.8032134426927994,"fechaUltRegistro":null,"etarios":{"unaDosis":{"etarioTotal":{"vacunados":38488342,"personasINE":42119827,"porcentaje":0.9137820532833623},"etarioRangos":[{"rango":{"min":12,"max":19},"vacunados":3428782,"personasINE":3888686,"porcentaje":0.8291912050220036},{"rango":{"min":20,"max":29},"vacunados":4100052,"personasINE":4944640,"porcentaje":0.8924813383922956},{"rango":{"min":30,"max":39},"vacunados":4999187,"personasINE":6230403,"porcentaje":0.8924813383922956},{"rango":{"min":40,"max":49},"vacunados":7043228,"personasINE":7891737,"porcentaje":0.8924813383922956},{"rango":{"min":50,"max":59},"vacunados":6717442,"personasINE":7033306,"porcentaje":0.9550902520095101},{"rango":{"min":60,"max":69},"vacunados":5302493,"personasINE":5336986,"porcentaje":0.993536988854758},{"rango":{"min":70,"max":79},"vacunados":3953435,"personasINE":3960045,"porcentaje":0.9983308270486825},{"rango":{"min":80,"max":null},"vacunados":2943723,"personasINE":2943723,"porcentaje":1}]},"pautaCompleta":{"etarioTotal":{"vacunados":37702839,"personasINE":42119827,"porcentaje":0.895132807644248},"etarioRangos":[{"rango":{"min":12,"max":19},"vacunados":3304012,"personasINE":3888686,"porcentaje":0.7948012393217706},{"rango":{"min":20,"max":29},"vacunados":3930006,"personasINE":4944640,"porcentaje":0.8773268800011962},{"rango":{"min":30,"max":39},"vacunados":4842782,"personasINE":6230403,"porcentaje":0.8773268800011962},{"rango":{"min":40,"max":49},"vacunados":6923633,"personasINE":7891737,"porcentaje":0.8773268800011962},{"rango":{"min":50,"max":59},"vacunados":6643168,"personasINE":7033306,"porcentaje":0.9445299266091934},{"rango":{"min":60,"max":69},"vacunados":5220588,"personasINE":5336986,"porcentaje":0.9781903119101305},{"rango":{"min":70,"max":79},"vacunados":3927490,"personasINE":3960045,"porcentaje":0.9917791338229742},{"rango":{"min":80,"max":null},"vacunados":2911160,"personasINE":2911160,"porcentaje":1}]}}}]