[{"ccaa":"Andalucía","dosisAdministradas":12901983,"dosisEntregadas":13316870,"dosisEntregadasModerna":2019500,"dosisEntregadasPfizer":9434970,"dosisEntregadasAstrazeneca":1528900,"dosisEntregadasJanssen":333500,"dosisPrimeraDosis":6832843,"dosisPautaCompletada":6721608,"porcentajeEntregadas":0.9688450063716173,"porcentajePoblacionAdministradas":1.5242623497370342,"porcentajePoblacionPrimeraDosis":0.8072437645100173,"porcentajePoblacionCompletas":0.794102271262584,"fechaUltRegistro":1634688000000,"etarios":{"unaDosis":{"etarioTotal":{"vacunados":6832843,"personasINE":7451975,"porcentaje":0.9169170589004928},"etarioRangos":[{"rango":{"min":12,"max":19},"vacunados":663383,"personasINE":752907,"porcentaje":0.8217325385065987},{"rango":{"min":20,"max":29},"vacunados":763120,"personasINE":928672,"porcentaje":0.9016131524192232},{"rango":{"min":30,"max":39},"vacunados":926900,"personasINE":1140217,"porcentaje":0.9016131524192232},{"rango":{"min":40,"max":49},"vacunados":1248837,"personasINE":1385114,"porcentaje":0.9016131524192232},{"rango":{"min":50,"max":59},"vacunados":1214761,"personasINE":1265021,"porcentaje":0.9602694342623561},{"rango":{"min":60,"max":69},"vacunados":928669,"personasINE":928669,"porcentaje":1},{"rango":{"min":70,"max":79},"vacunados":653445,"personasINE":653445,"porcentaje":1},{"rango":{"min":80,"max":null},"vacunados":433728,"personasINE":433728,"porcentaje":1}]},"pautaCompleta":{"etarioTotal":{"vacunados":6721608,"personasINE":7451975,"porcentaje":0.9019901435525481},"etarioRangos":[{"rango":{"min":12,"max":19},"vacunados":644560,"personasINE":752907,"porcentaje":0.7933156162778677},{"rango":{"min":20,"max":29},"vacunados":736730,"personasINE":928672,"porcentaje":0.8912890924501521},{"rango":{"min":30,"max":39},"vacunados":903167,"personasINE":1140217,"porcentaje":0.8912890924501521},{"rango":{"min":40,"max":49},"vacunados":1234537,"personasINE":1385114,"porcentaje":0.8912890924501521},{"rango":{"min":50,"max":59},"vacunados":1204782,"personasINE":1265021,"porcentaje":0.9523810276667344},{"rango":{"min":60,"max":69},"vacunados":920462,"personasINE":916146.9999999999,"porcentaje":1.0047099428366846},{"rango":{"min":70,"max":79},"vacunados":649017,"personasINE":650381,"porcentaje":0.9979027677622809},{"rango":{"min":80,"max":null},"vacunados":428353,"personasINE":428353,"porcentaje":1}]}}},{"ccaa":"Aragón","dosisAdministradas":2000005,"dosisEntregadas":2136845,"dosisEntregadasModerna":275200,"dosisEntregadasPfizer":1531845,"dosisEntregadasAstrazeneca":265100,"dosisEntregadasJanssen":64700,"dosisPrimeraDosis":1064833,"dosisPautaCompletada":1045000,"porcentajeEntregadas":0.9359616631061214,"porcentajePoblacionAdministradas":1.504452038565027,"porcentajePoblacionPrimeraDosis":0.800993086307941,"porcentajePoblacionCompletas":0.7860742249646643,"fechaUltRegistro":1634688000000,"etarios":{"unaDosis":{"etarioTotal":{"vacunados":1064833,"personasINE":1185134,"porcentaje":0.8984916473580202},"etarioRangos":[{"rango":{"min":12,"max":19},"vacunados":87762,"personasINE":103109,"porcentaje":0.7931304207789818},{"rango":{"min":20,"max":29},"vacunados":103425,"personasINE":130401,"porcentaje":0.8726778727383538},{"rango":{"min":30,"max":39},"vacunados":125182,"personasINE":164286,"porcentaje":0.8726778727383538},{"rango":{"min":40,"max":49},"vacunados":187576,"personasINE":214943,"porcentaje":0.8726778727383538},{"rango":{"min":50,"max":59},"vacunados":185879,"personasINE":198266,"porcentaje":0.9375233272472335},{"rango":{"min":60,"max":69},"vacunados":154495,"personasINE":156367,"porcentaje":0.9880281645104146},{"rango":{"min":70,"max":79},"vacunados":119261,"personasINE":119261,"porcentaje":1},{"rango":{"min":80,"max":null},"vacunados":101253,"personasINE":101253,"porcentaje":1}]},"pautaCompleta":{"etarioTotal":{"vacunados":1045000,"personasINE":1185134,"porcentaje":0.8817568308731333},"etarioRangos":[{"rango":{"min":12,"max":19},"vacunados":84544,"personasINE":103109,"porcentaje":0.7628315733775047},{"rango":{"min":20,"max":29},"vacunados":99474,"personasINE":130401,"porcentaje":0.860046617010091},{"rango":{"min":30,"max":39},"vacunados":121530,"personasINE":164286,"porcentaje":0.860046617010091},{"rango":{"min":40,"max":49},"vacunados":184861,"personasINE":214943,"porcentaje":0.860046617010091},{"rango":{"min":50,"max":59},"vacunados":183784,"personasINE":198266,"porcentaje":0.9269567147165929},{"rango":{"min":60,"max":69},"vacunados":152422,"personasINE":156367,"porcentaje":0.9747708915564026},{"rango":{"min":70,"max":79},"vacunados":118489,"personasINE":118955,"porcentaje":0.9960825522256316},{"rango":{"min":80,"max":null},"vacunados":99896,"personasINE":99896,"porcentaje":1}]}}},{"ccaa":"Asturias","dosisAdministradas":1675116,"dosisEntregadas":1650625,"dosisEntregadasModerna":162000,"dosisEntregadasPfizer":1224725,"dosisEntregadasAstrazeneca":220900,"dosisEntregadasJanssen":43000,"dosisPrimeraDosis":873035,"dosisPautaCompletada":863721,"porcentajeEntregadas":1.0148374100719424,"porcentajePoblacionAdministradas":1.6442307692307692,"porcentajePoblacionPrimeraDosis":0.8569382715079938,"porcentajePoblacionCompletas":0.84779599993718,"fechaUltRegistro":1634688000000,"etarios":{"unaDosis":{"etarioTotal":{"vacunados":873035,"personasINE":933927,"porcentaje":0.934800043258199},"etarioRangos":[{"rango":{"min":12,"max":19},"vacunados":60460,"personasINE":64000,"porcentaje":0.841020844130399},{"rango":{"min":20,"max":29},"vacunados":66534,"personasINE":79111,"porcentaje":0.9016725251956669},{"rango":{"min":30,"max":39},"vacunados":90874,"personasINE":114451,"porcentaje":0.9016725251956669},{"rango":{"min":40,"max":49},"vacunados":150573,"personasINE":166993,"porcentaje":0.9016725251956669},{"rango":{"min":50,"max":59},"vacunados":153144,"personasINE":162645,"porcentaje":0.94158443235267},{"rango":{"min":60,"max":69},"vacunados":148154,"personasINE":149652,"porcentaje":0.9899901103894369},{"rango":{"min":70,"max":79},"vacunados":114345,"personasINE":114345,"porcentaje":1},{"rango":{"min":80,"max":null},"vacunados":88951,"personasINE":88951,"porcentaje":1}]},"pautaCompleta":{"etarioTotal":{"vacunados":863721,"personasINE":933927,"porcentaje":0.9248271010475123},"etarioRangos":[{"rango":{"min":12,"max":19},"vacunados":59101,"personasINE":64000,"porcentaje":0.8154618194688475},{"rango":{"min":20,"max":29},"vacunados":64512,"personasINE":79111,"porcentaje":0.8952171647913385},{"rango":{"min":30,"max":39},"vacunados":89001,"personasINE":114451,"porcentaje":0.8952171647913385},{"rango":{"min":40,"max":49},"vacunados":149495,"personasINE":166993,"porcentaje":0.8952171647913385},{"rango":{"min":50,"max":59},"vacunados":152281,"personasINE":162645,"porcentaje":0.9362783977374035},{"rango":{"min":60,"max":69},"vacunados":147261,"personasINE":149652,"porcentaje":0.9840229332050356},{"rango":{"min":70,"max":79},"vacunados":113911,"personasINE":113911,"porcentaje":1},{"rango":{"min":80,"max":null},"vacunados":88159,"personasINE":88159,"porcentaje":1}]}}},{"ccaa":"Baleares","dosisAdministradas":1603409,"dosisEntregadas":1891250,"dosisEntregadasModerna":305100,"dosisEntregadasPfizer":1272150,"dosisEntregadasAstrazeneca":256400,"dosisEntregadasJanssen":57600,"dosisPrimeraDosis":854963,"dosisPautaCompletada":837122,"porcentajeEntregadas":0.8478038334434898,"porcentajePoblacionAdministradas":1.3686300886949945,"porcentajePoblacionPrimeraDosis":0.7297751768394332,"porcentajePoblacionCompletas":0.7145465424657909,"fechaUltRegistro":1634688000000,"etarios":{"unaDosis":{"etarioTotal":{"vacunados":854963,"personasINE":1034867,"porcentaje":0.8261573709471846},"etarioRangos":[{"rango":{"min":12,"max":19},"vacunados":74214,"personasINE":95480,"porcentaje":0.6999318554174944},{"rango":{"min":20,"max":29},"vacunados":96550,"personasINE":137942,"porcentaje":0.8110752187493937},{"rango":{"min":30,"max":39},"vacunados":125865,"personasINE":182187,"porcentaje":0.8110752187493937},{"rango":{"min":40,"max":49},"vacunados":167221,"personasINE":206172,"porcentaje":0.8110752187493937},{"rango":{"min":50,"max":59},"vacunados":150106,"personasINE":165797,"porcentaje":0.90536016936374},{"rango":{"min":60,"max":69},"vacunados":110288,"personasINE":117231,"porcentaje":0.9407750509677474},{"rango":{"min":70,"max":79},"vacunados":79236,"personasINE":80516,"porcentaje":0.9841025386258632},{"rango":{"min":80,"max":null},"vacunados":51483,"personasINE":51483,"porcentaje":1}]},"pautaCompleta":{"etarioTotal":{"vacunados":837122,"personasINE":1034867,"porcentaje":0.8089174744194182},"etarioRangos":[{"rango":{"min":12,"max":19},"vacunados":71748,"personasINE":95480,"porcentaje":0.6695857679314494},{"rango":{"min":20,"max":29},"vacunados":92364,"personasINE":137942,"porcentaje":0.7978095958714083},{"rango":{"min":30,"max":39},"vacunados":121390,"personasINE":182187,"porcentaje":0.7978095958714083},{"rango":{"min":40,"max":49},"vacunados":164486,"personasINE":206172,"porcentaje":0.7978095958714083},{"rango":{"min":50,"max":59},"vacunados":148296,"personasINE":165797,"porcentaje":0.894443204641821},{"rango":{"min":60,"max":69},"vacunados":109224,"personasINE":117231,"porcentaje":0.931698953348517},{"rango":{"min":70,"max":79},"vacunados":78760,"personasINE":80516,"porcentaje":0.9781906701773561},{"rango":{"min":80,"max":null},"vacunados":50854,"personasINE":50854,"porcentaje":1}]}}},{"ccaa":"Canarias","dosisAdministradas":3141732,"dosisEntregadas":3522840,"dosisEntregadasModerna":574700,"dosisEntregadasPfizer":2358690,"dosisEntregadasAstrazeneca":455800,"dosisEntregadasJanssen":133650,"dosisPrimeraDosis":1671004,"dosisPautaCompletada":1629562,"porcentajeEntregadas":0.8918179650509248,"porcentajePoblacionAdministradas":1.4438425112318654,"porcentajePoblacionPrimeraDosis":0.7679415722405641,"porcentajePoblacionCompletas":0.7488961153554858,"fechaUltRegistro":1634688000000,"etarios":{"unaDosis":{"etarioTotal":{"vacunados":1671004,"personasINE":1960774,"porcentaje":0.8522165226589092},"etarioRangos":[{"rango":{"min":12,"max":19},"vacunados":148519,"personasINE":179797,"porcentaje":0.7417774917774917},{"rango":{"min":20,"max":29},"vacunados":186741,"personasINE":251748,"porcentaje":0.818652622678669},{"rango":{"min":30,"max":39},"vacunados":228871,"personasINE":310934,"porcentaje":0.818652622678669},{"rango":{"min":40,"max":49},"vacunados":317575,"personasINE":387924,"porcentaje":0.818652622678669},{"rango":{"min":50,"max":59},"vacunados":320513,"personasINE":350512,"porcentaje":0.9144137718537454},{"rango":{"min":60,"max":69},"vacunados":224383,"personasINE":235092,"porcentaje":0.9544476205060146},{"rango":{"min":70,"max":79},"vacunados":151369,"personasINE":154531,"porcentaje":0.9795380862092395},{"rango":{"min":80,"max":null},"vacunados":93033,"personasINE":93033,"porcentaje":1}]},"pautaCompleta":{"etarioTotal":{"vacunados":1629562,"personasINE":1960774,"porcentaje":0.8310809914860152},"etarioRangos":[{"rango":{"min":12,"max":19},"vacunados":139080,"personasINE":179797,"porcentaje":0.7004305893194782},{"rango":{"min":20,"max":29},"vacunados":176332,"personasINE":251748,"porcentaje":0.8067688516307318},{"rango":{"min":30,"max":39},"vacunados":220796,"personasINE":310934,"porcentaje":0.8067688516307318},{"rango":{"min":40,"max":49},"vacunados":312965,"personasINE":387924,"porcentaje":0.8067688516307318},{"rango":{"min":50,"max":59},"vacunados":317817,"personasINE":350512,"porcentaje":0.9067221664308212},{"rango":{"min":60,"max":69},"vacunados":220504,"personasINE":235092,"porcentaje":0.9379476970717847},{"rango":{"min":70,"max":79},"vacunados":150170,"personasINE":154531,"porcentaje":0.9717791252240651},{"rango":{"min":80,"max":null},"vacunados":91898,"personasINE":91898,"porcentaje":1}]}}},{"ccaa":"Cantabria","dosisAdministradas":919900,"dosisEntregadas":989605,"dosisEntregadasModerna":114900,"dosisEntregadasPfizer":727305,"dosisEntregadasAstrazeneca":125200,"dosisEntregadasJanssen":22200,"dosisPrimeraDosis":481681,"dosisPautaCompletada":475359,"porcentajeEntregadas":0.9295628053617352,"porcentajePoblacionAdministradas":1.5781302270524356,"porcentajePoblacionPrimeraDosis":0.8263456309347149,"porcentajePoblacionCompletas":0.8154999528225011,"fechaUltRegistro":1634688000000,"etarios":{"unaDosis":{"etarioTotal":{"vacunados":481681,"personasINE":524127,"porcentaje":0.9190158110534279},"etarioRangos":[{"rango":{"min":12,"max":19},"vacunados":39081,"personasINE":43963,"porcentaje":0.8120978120978121},{"rango":{"min":20,"max":29},"vacunados":41015,"personasINE":50505,"porcentaje":0.8995284803976721},{"rango":{"min":30,"max":39},"vacunados":54514,"personasINE":70473,"porcentaje":0.8995284803976721},{"rango":{"min":40,"max":49},"vacunados":87946,"personasINE":97769,"porcentaje":0.8995284803976721},{"rango":{"min":50,"max":59},"vacunados":84248,"personasINE":89964,"porcentaje":0.9364634742786003},{"rango":{"min":60,"max":69},"vacunados":76652,"personasINE":77345,"porcentaje":0.9910401448057405},{"rango":{"min":70,"max":79},"vacunados":55912,"personasINE":55912,"porcentaje":1},{"rango":{"min":80,"max":null},"vacunados":42313,"personasINE":42313,"porcentaje":1}]},"pautaCompleta":{"etarioTotal":{"vacunados":475359,"personasINE":524127,"porcentaje":0.9069538489717187},"etarioRangos":[{"rango":{"min":12,"max":19},"vacunados":37771,"personasINE":43963,"porcentaje":0.7875655875655876},{"rango":{"min":20,"max":29},"vacunados":39776,"personasINE":50505,"porcentaje":0.8896275915678794},{"rango":{"min":30,"max":39},"vacunados":53417,"personasINE":70473,"porcentaje":0.8896275915678794},{"rango":{"min":40,"max":49},"vacunados":86978,"personasINE":97769,"porcentaje":0.8896275915678794},{"rango":{"min":50,"max":59},"vacunados":83662,"personasINE":89964,"porcentaje":0.9299497576808501},{"rango":{"min":60,"max":69},"vacunados":76216,"personasINE":77345,"porcentaje":0.9854030641929019},{"rango":{"min":70,"max":79},"vacunados":55692,"personasINE":55692,"porcentaje":1},{"rango":{"min":80,"max":null},"vacunados":41847,"personasINE":41847,"porcentaje":1}]}}},{"ccaa":"Castilla y Leon","dosisAdministradas":3793355,"dosisEntregadas":3912325,"dosisEntregadasModerna":412400,"dosisEntregadasPfizer":2916525,"dosisEntregadasAstrazeneca":481200,"dosisEntregadasJanssen":102200,"dosisPrimeraDosis":1999544,"dosisPautaCompletada":1959795,"porcentajeEntregadas":0.9695909721201588,"porcentajePoblacionAdministradas":1.5839185308223496,"porcentajePoblacionPrimeraDosis":0.8349112579219832,"porcentajePoblacionCompletas":0.8183140299584369,"fechaUltRegistro":1634688000000,"etarios":{"unaDosis":{"etarioTotal":{"vacunados":1999544,"personasINE":2176253,"porcentaje":0.9188012606990088},"etarioRangos":[{"rango":{"min":12,"max":19},"vacunados":142750,"personasINE":165342,"porcentaje":0.8156118783352132},{"rango":{"min":20,"max":29},"vacunados":172099,"personasINE":211006,"porcentaje":0.8813008353862457},{"rango":{"min":30,"max":39},"vacunados":211575,"personasINE":267783,"porcentaje":0.8813008353862457},{"rango":{"min":40,"max":49},"vacunados":320181,"personasINE":363305,"porcentaje":0.8813008353862457},{"rango":{"min":50,"max":59},"vacunados":352744,"personasINE":381175,"porcentaje":0.9254122122384731},{"rango":{"min":60,"max":69},"vacunados":320391,"personasINE":320391,"porcentaje":1},{"rango":{"min":70,"max":79},"vacunados":250482,"personasINE":250482,"porcentaje":1},{"rango":{"min":80,"max":null},"vacunados":229322,"personasINE":229322,"porcentaje":1}]},"pautaCompleta":{"etarioTotal":{"vacunados":1959795,"personasINE":2176253,"porcentaje":0.9005363806505953},"etarioRangos":[{"rango":{"min":12,"max":19},"vacunados":132489,"personasINE":165342,"porcentaje":0.7799872989393667},{"rango":{"min":20,"max":29},"vacunados":164582,"personasINE":211006,"porcentaje":0.8675713243693316},{"rango":{"min":30,"max":39},"vacunados":205351,"personasINE":267783,"porcentaje":0.8675713243693316},{"rango":{"min":40,"max":49},"vacunados":315193,"personasINE":363305,"porcentaje":0.8675713243693316},{"rango":{"min":50,"max":59},"vacunados":348574,"personasINE":381175,"porcentaje":0.9144723552174199},{"rango":{"min":60,"max":69},"vacunados":317701,"personasINE":318575,"porcentaje":0.997256532998509},{"rango":{"min":70,"max":79},"vacunados":249053,"personasINE":249053,"porcentaje":1},{"rango":{"min":80,"max":null},"vacunados":226852,"personasINE":226852,"porcentaje":1}]}}},{"ccaa":"Castilla La Mancha","dosisAdministradas":3021580,"dosisEntregadas":3267280,"dosisEntregadasModerna":446800,"dosisEntregadasPfizer":2330505,"dosisEntregadasAstrazeneca":394900,"dosisEntregadasJanssen":95075,"dosisPrimeraDosis":1615960,"dosisPautaCompletada":1553573,"porcentajeEntregadas":0.9247998335006489,"porcentajePoblacionAdministradas":1.477385573490591,"porcentajePoblacionPrimeraDosis":0.7901151024754782,"porcentajePoblacionCompletas":0.7596113085089582,"fechaUltRegistro":1634688000000},{"ccaa":"Cataluña","dosisAdministradas":11125422,"dosisEntregadas":11863410,"dosisEntregadasModerna":1604900,"dosisEntregadasPfizer":8368460,"dosisEntregadasAstrazeneca":1514300,"dosisEntregadasJanssen":375750,"dosisPrimeraDosis":5952633,"dosisPautaCompletada":5816719,"porcentajeEntregadas":0.9377929280029941,"porcentajePoblacionAdministradas":1.429914790593227,"porcentajePoblacionPrimeraDosis":0.7650728187814657,"porcentajePoblacionCompletas":0.7476042284800203,"fechaUltRegistro":1634688000000,"etarios":{"unaDosis":{"etarioTotal":{"vacunados":5952633,"personasINE":6868360,"porcentaje":0.8666745773372392},"etarioRangos":[{"rango":{"min":12,"max":19},"vacunados":524163,"personasINE":656166,"porcentaje":0.7522132227168971},{"rango":{"min":20,"max":29},"vacunados":631058,"personasINE":838935,"porcentaje":0.8544869774559428},{"rango":{"min":30,"max":39},"vacunados":772448,"personasINE":1044651.9999999999,"porcentaje":0.8544869774559428},{"rango":{"min":40,"max":49},"vacunados":1125150,"personasINE":1316755,"porcentaje":0.8544869774559428},{"rango":{"min":50,"max":59},"vacunados":1023993,"personasINE":1091780,"porcentaje":0.9379114839986078},{"rango":{"min":60,"max":69},"vacunados":798890,"personasINE":837584,"porcentaje":0.9538028424611741},{"rango":{"min":70,"max":79},"vacunados":618184,"personasINE":635292,"porcentaje":0.973070650976244},{"rango":{"min":80,"max":null},"vacunados":458747,"personasINE":458747,"porcentaje":1}]},"pautaCompleta":{"etarioTotal":{"vacunados":5816719,"personasINE":6868360,"porcentaje":0.8468861562294346},"etarioRangos":[{"rango":{"min":12,"max":19},"vacunados":501458,"personasINE":656166,"porcentaje":0.7140624720627939},{"rango":{"min":20,"max":29},"vacunados":599052,"personasINE":838935,"porcentaje":0.8401099673059909},{"rango":{"min":30,"max":39},"vacunados":743635,"personasINE":1044652,"porcentaje":0.8401099673059909},{"rango":{"min":40,"max":49},"vacunados":1106219,"personasINE":1316755,"porcentaje":0.8401099673059909},{"rango":{"min":50,"max":59},"vacunados":1012554,"personasINE":1091780,"porcentaje":0.9274340984447416},{"rango":{"min":60,"max":69},"vacunados":786813,"personasINE":837584,"porcentaje":0.9393839901430782},{"rango":{"min":70,"max":79},"vacunados":614051,"personasINE":635292,"porcentaje":0.9665649811425298},{"rango":{"min":80,"max":null},"vacunados":452937,"personasINE":452937,"porcentaje":1}]}}},{"ccaa":"C. Valenciana","dosisAdministradas":7648790,"dosisEntregadas":8088540,"dosisEntregadasModerna":1213650,"dosisEntregadasPfizer":5797540,"dosisEntregadasAstrazeneca":863900,"dosisEntregadasJanssen":213450,"dosisPrimeraDosis":4068208,"dosisPautaCompletada":3999906,"porcentajeEntregadas":0.9456329572456834,"porcentajePoblacionAdministradas":1.5124097526907851,"porcentajePoblacionPrimeraDosis":0.8044144832286771,"porcentajePoblacionCompletas":0.7909089992333934,"fechaUltRegistro":1634688000000,"etarios":{"unaDosis":{"etarioTotal":{"vacunados":4068208,"personasINE":4488459,"porcentaje":0.9063707611008589},"etarioRangos":[{"rango":{"min":12,"max":19},"vacunados":368662,"personasINE":424531,"porcentaje":0.8201892561118796},{"rango":{"min":20,"max":29},"vacunados":423321,"personasINE":516126,"porcentaje":0.8830831340977092},{"rango":{"min":30,"max":39},"vacunados":508119,"personasINE":648759,"porcentaje":0.8830831340977092},{"rango":{"min":40,"max":49},"vacunados":752023,"personasINE":851588,"porcentaje":0.8830831340977092},{"rango":{"min":50,"max":59},"vacunados":714567,"personasINE":752334,"porcentaje":0.9498002217100383},{"rango":{"min":60,"max":69},"vacunados":569909,"personasINE":580728,"porcentaje":0.981369935666956},{"rango":{"min":70,"max":79},"vacunados":434371,"personasINE":437862,"porcentaje":0.9920271683772512},{"rango":{"min":80,"max":null},"vacunados":297236,"personasINE":297236,"porcentaje":1}]},"pautaCompleta":{"etarioTotal":{"vacunados":3999906,"personasINE":4488459,"porcentaje":0.8911535117063563},"etarioRangos":[{"rango":{"min":12,"max":19},"vacunados":354934,"personasINE":424531,"porcentaje":0.7901520171431007},{"rango":{"min":20,"max":29},"vacunados":407818,"personasINE":516126,"porcentaje":0.8731922009234513},{"rango":{"min":30,"max":39},"vacunados":495258,"personasINE":648759,"porcentaje":0.8731922009234513},{"rango":{"min":40,"max":49},"vacunados":743600,"personasINE":851588,"porcentaje":0.8731922009234513},{"rango":{"min":50,"max":59},"vacunados":709080,"personasINE":752334,"porcentaje":0.9425069184697222},{"rango":{"min":60,"max":69},"vacunados":564385,"personasINE":580728,"porcentaje":0.9718577371850505},{"rango":{"min":70,"max":79},"vacunados":431674,"personasINE":437862,"porcentaje":0.9858676934741997},{"rango":{"min":80,"max":null},"vacunados":293157,"personasINE":293157,"porcentaje":1}]}}},{"ccaa":"Extremadura","dosisAdministradas":1705344,"dosisEntregadas":1682775,"dosisEntregadasModerna":218200,"dosisEntregadasPfizer":1226825,"dosisEntregadasAstrazeneca":186000,"dosisEntregadasJanssen":51750,"dosisPrimeraDosis":896457,"dosisPautaCompletada":881681,"porcentajeEntregadas":1.013411775192762,"porcentajePoblacionAdministradas":1.6027865002109989,"porcentajePoblacionPrimeraDosis":0.842545068689749,"porcentajePoblacionCompletas":0.8286576809679066,"fechaUltRegistro":1634688000000,"etarios":{"unaDosis":{"etarioTotal":{"vacunados":896457,"personasINE":953437,"porcentaje":0.940237267905483},"etarioRangos":[{"rango":{"min":12,"max":19},"vacunados":75977,"personasINE":84750,"porcentaje":0.8202965054712319},{"rango":{"min":20,"max":29},"vacunados":92956,"personasINE":113320,"porcentaje":0.9164231883331034},{"rango":{"min":30,"max":39},"vacunados":112916,"personasINE":133479,"porcentaje":0.9164231883331034},{"rango":{"min":40,"max":49},"vacunados":146164,"personasINE":159494,"porcentaje":0.9164231883331034},{"rango":{"min":50,"max":59},"vacunados":161438,"personasINE":169216,"porcentaje":0.9540350794251135},{"rango":{"min":60,"max":69},"vacunados":132836,"personasINE":132836,"porcentaje":1},{"rango":{"min":70,"max":79},"vacunados":95914,"personasINE":95914,"porcentaje":1},{"rango":{"min":80,"max":null},"vacunados":78256,"personasINE":78256,"porcentaje":1}]},"pautaCompleta":{"etarioTotal":{"vacunados":881681,"personasINE":953437,"porcentaje":0.9247396524363959},"etarioRangos":[{"rango":{"min":12,"max":19},"vacunados":73116,"personasINE":84750,"porcentaje":0.7900547123190964},{"rango":{"min":20,"max":29},"vacunados":89529,"personasINE":113320,"porcentaje":0.9045481334721055},{"rango":{"min":30,"max":39},"vacunados":110193,"personasINE":133479,"porcentaje":0.9045481334721055},{"rango":{"min":40,"max":49},"vacunados":144270,"personasINE":159494,"porcentaje":0.9045481334721055},{"rango":{"min":50,"max":59},"vacunados":160194,"personasINE":169216,"porcentaje":0.9466835287443268},{"rango":{"min":60,"max":69},"vacunados":131596,"personasINE":125297.00000000001,"porcentaje":1.0502725524154608},{"rango":{"min":70,"max":79},"vacunados":95401,"personasINE":95401,"porcentaje":1},{"rango":{"min":80,"max":null},"vacunados":77382,"personasINE":77382,"porcentaje":1}]}}},{"ccaa":"Galicia","dosisAdministradas":4405199,"dosisEntregadas":4358529,"dosisEntregadasModerna":507400,"dosisEntregadasPfizer":3155029,"dosisEntregadasAstrazeneca":573400,"dosisEntregadasJanssen":122700,"dosisPrimeraDosis":2306805,"dosisPautaCompletada":2283368,"porcentajeEntregadas":1.0107077410750278,"porcentajePoblacionAdministradas":1.6304567404404218,"porcentajePoblacionPrimeraDosis":0.8537970160103249,"porcentajePoblacionCompletas":0.8451224897004573,"fechaUltRegistro":1634688000000,"etarios":{"unaDosis":{"etarioTotal":{"vacunados":2306805,"personasINE":2454497,"porcentaje":0.9398279973452809},"etarioRangos":[{"rango":{"min":12,"max":19},"vacunados":167736,"personasINE":180007,"porcentaje":0.8583216801381932},{"rango":{"min":20,"max":29},"vacunados":198256,"personasINE":230981,"porcentaje":0.919645052919424},{"rango":{"min":30,"max":39},"vacunados":263072,"personasINE":323408,"porcentaje":0.919645052919424},{"rango":{"min":40,"max":49},"vacunados":407606,"personasINE":443221,"porcentaje":0.919645052919424},{"rango":{"min":50,"max":59},"vacunados":390690,"personasINE":405889,"porcentaje":0.9625538016551323},{"rango":{"min":60,"max":69},"vacunados":345881,"personasINE":346927,"porcentaje":0.9969849564894055},{"rango":{"min":70,"max":79},"vacunados":291287,"personasINE":291287,"porcentaje":1},{"rango":{"min":80,"max":null},"vacunados":242277,"personasINE":242277,"porcentaje":1}]},"pautaCompleta":{"etarioTotal":{"vacunados":2283368,"personasINE":2454497,"porcentaje":0.9302794014415173},"etarioRangos":[{"rango":{"min":12,"max":19},"vacunados":163487,"personasINE":180007,"porcentaje":0.8348089236777051},{"rango":{"min":20,"max":29},"vacunados":192825,"personasINE":230981,"porcentaje":0.9126530556990756},{"rango":{"min":30,"max":39},"vacunados":258726,"personasINE":323408,"porcentaje":0.9126530556990756},{"rango":{"min":40,"max":49},"vacunados":404507,"personasINE":443221,"porcentaje":0.9126530556990756},{"rango":{"min":50,"max":59},"vacunados":388546,"personasINE":405889,"porcentaje":0.9572715693206764},{"rango":{"min":60,"max":69},"vacunados":344573,"personasINE":346927,"porcentaje":0.9932147108757751},{"rango":{"min":70,"max":79},"vacunados":290044,"personasINE":290044,"porcentaje":1},{"rango":{"min":80,"max":null},"vacunados":240660,"personasINE":240660,"porcentaje":1}]}}},{"ccaa":"La Rioja","dosisAdministradas":481267,"dosisEntregadas":510565,"dosisEntregadasModerna":67600,"dosisEntregadasPfizer":374465,"dosisEntregadasAstrazeneca":53300,"dosisEntregadasJanssen":15200,"dosisPrimeraDosis":259483,"dosisPautaCompletada":253969,"porcentajeEntregadas":0.9426165130786481,"porcentajePoblacionAdministradas":1.5043636727370482,"porcentajePoblacionPrimeraDosis":0.8111023587589165,"porcentajePoblacionCompletas":0.7938664766155904,"fechaUltRegistro":1634688000000,"etarios":{"unaDosis":{"etarioTotal":{"vacunados":259483,"personasINE":283970,"porcentaje":0.9137690601119837},"etarioRangos":[{"rango":{"min":12,"max":19},"vacunados":21695,"personasINE":25532,"porcentaje":0.7849497668921137},{"rango":{"min":20,"max":29},"vacunados":23908,"personasINE":30458,"porcentaje":0.8965947079154626},{"rango":{"min":30,"max":39},"vacunados":30989,"personasINE":39319,"porcentaje":0.8965947079154626},{"rango":{"min":40,"max":49},"vacunados":47472,"personasINE":52947,"porcentaje":0.8965947079154626},{"rango":{"min":50,"max":59},"vacunados":45367,"personasINE":47664,"porcentaje":0.951808492782813},{"rango":{"min":60,"max":69},"vacunados":38030,"personasINE":38030,"porcentaje":1},{"rango":{"min":70,"max":79},"vacunados":28660,"personasINE":28660,"porcentaje":1},{"rango":{"min":80,"max":null},"vacunados":23362,"personasINE":23362,"porcentaje":1}]},"pautaCompleta":{"etarioTotal":{"vacunados":253969,"personasINE":283970,"porcentaje":0.8943515160052118},"etarioRangos":[{"rango":{"min":12,"max":19},"vacunados":20552,"personasINE":25532,"porcentaje":0.747652505088975},{"rango":{"min":20,"max":29},"vacunados":22772,"personasINE":30458,"porcentaje":0.881768561013844},{"rango":{"min":30,"max":39},"vacunados":30063,"personasINE":39319,"porcentaje":0.881768561013844},{"rango":{"min":40,"max":49},"vacunados":46687,"personasINE":52947,"porcentaje":0.881768561013844},{"rango":{"min":50,"max":59},"vacunados":44736,"personasINE":47664,"porcentaje":0.9385699899295066},{"rango":{"min":60,"max":69},"vacunados":37444,"personasINE":37718,"porcentaje":0.992735563921735},{"rango":{"min":70,"max":79},"vacunados":28552,"personasINE":28552,"porcentaje":1},{"rango":{"min":80,"max":null},"vacunados":23163,"personasINE":23163,"porcentaje":1}]}}},{"ccaa":"Madrid","dosisAdministradas":9848126,"dosisEntregadas":10825829,"dosisEntregadasModerna":1645800,"dosisEntregadasPfizer":7637679,"dosisEntregadasAstrazeneca":1220900,"dosisEntregadasJanssen":321450,"dosisPrimeraDosis":5321369,"dosisPautaCompletada":5199609,"porcentajeEntregadas":0.9096879324437879,"porcentajePoblacionAdministradas":1.4525499536275526,"porcentajePoblacionPrimeraDosis":0.7848756498632425,"porcentajePoblacionCompletas":0.7669166511305201,"fechaUltRegistro":1634688000000,"etarios":{"unaDosis":{"etarioTotal":{"vacunados":5321369,"personasINE":5977937,"porcentaje":0.8901681299083614},"etarioRangos":[{"rango":{"min":12,"max":19},"vacunados":448653,"personasINE":553542,"porcentaje":0.7975177615407926},{"rango":{"min":20,"max":29},"vacunados":592137,"personasINE":742475,"porcentaje":0.8814824725486311},{"rango":{"min":30,"max":39},"vacunados":740901,"personasINE":949640,"porcentaje":0.8814824725486311},{"rango":{"min":40,"max":49},"vacunados":1027783,"personasINE":1165971,"porcentaje":0.8814824725486311},{"rango":{"min":50,"max":59},"vacunados":939043,"personasINE":972783,"porcentaje":0.9653160057278961},{"rango":{"min":60,"max":69},"vacunados":688231,"personasINE":703323,"porcentaje":0.9785418648330853},{"rango":{"min":70,"max":79},"vacunados":510813,"personasINE":526081,"porcentaje":0.9709778532203216},{"rango":{"min":80,"max":null},"vacunados":373808,"personasINE":373808,"porcentaje":1}]},"pautaCompleta":{"etarioTotal":{"vacunados":5199609,"personasINE":5977937,"porcentaje":0.8697998991959935},"etarioRangos":[{"rango":{"min":12,"max":19},"vacunados":430974,"personasINE":553542,"porcentaje":0.7579406714030775},{"rango":{"min":20,"max":29},"vacunados":562752,"personasINE":742475,"porcentaje":0.8636887195307602},{"rango":{"min":30,"max":39},"vacunados":712765,"personasINE":949640,"porcentaje":0.8636887195307602},{"rango":{"min":40,"max":49},"vacunados":1007036,"personasINE":1165971,"porcentaje":0.8636887195307602},{"rango":{"min":50,"max":59},"vacunados":930973,"personasINE":972783,"porcentaje":0.9570202193089312},{"rango":{"min":60,"max":69},"vacunados":675699,"personasINE":703323,"porcentaje":0.9607235935693842},{"rango":{"min":70,"max":79},"vacunados":508597,"personasINE":526081,"porcentaje":0.9667655741226161},{"rango":{"min":80,"max":null},"vacunados":370813,"personasINE":370813,"porcentaje":1}]}}},{"ccaa":"Murcia","dosisAdministradas":2220367,"dosisEntregadas":2407175,"dosisEntregadasModerna":398000,"dosisEntregadasPfizer":1687865,"dosisEntregadasAstrazeneca":253010,"dosisEntregadasJanssen":68300,"dosisPrimeraDosis":1187210,"dosisPautaCompletada":1153228,"porcentajeEntregadas":0.9223953389346433,"porcentajePoblacionAdministradas":1.4692245034081035,"porcentajePoblacionPrimeraDosis":0.7855809524691795,"porcentajePoblacionCompletas":0.7630949458428812,"fechaUltRegistro":1634688000000,"etarios":{"unaDosis":{"etarioTotal":{"vacunados":1187210,"personasINE":1310137,"porcentaje":0.9061724079237515},"etarioRangos":[{"rango":{"min":12,"max":19},"vacunados":117967,"personasINE":141894,"porcentaje":0.8093794993265524},{"rango":{"min":20,"max":29},"vacunados":139414,"personasINE":172248,"porcentaje":0.9092214654721295},{"rango":{"min":30,"max":39},"vacunados":166169,"personasINE":209003,"porcentaje":0.9092214654721295},{"rango":{"min":40,"max":49},"vacunados":231085,"personasINE":254157,"porcentaje":0.9092214654721295},{"rango":{"min":50,"max":59},"vacunados":207208,"personasINE":213256,"porcentaje":0.9716397193982819},{"rango":{"min":60,"max":69},"vacunados":148147,"personasINE":148147,"porcentaje":1},{"rango":{"min":70,"max":79},"vacunados":103263,"personasINE":103263,"porcentaje":1},{"rango":{"min":80,"max":null},"vacunados":73957,"personasINE":73957,"porcentaje":1}]},"pautaCompleta":{"etarioTotal":{"vacunados":1153228,"personasINE":1310137,"porcentaje":0.8802346624818626},"etarioRangos":[{"rango":{"min":12,"max":19},"vacunados":112952,"personasINE":141894,"porcentaje":0.7630335330453765},{"rango":{"min":20,"max":29},"vacunados":131431,"personasINE":172248,"porcentaje":0.8879944286405647},{"rango":{"min":30,"max":39},"vacunados":159351,"personasINE":209003,"porcentaje":0.8879944286405647},{"rango":{"min":40,"max":49},"vacunados":225690,"personasINE":254157,"porcentaje":0.8879944286405647},{"rango":{"min":50,"max":59},"vacunados":204392,"personasINE":213256,"porcentaje":0.9584349326630903},{"rango":{"min":60,"max":69},"vacunados":145294,"personasINE":146909,"porcentaje":0.9890068001279704},{"rango":{"min":70,"max":79},"vacunados":101226,"personasINE":102899,"porcentaje":0.9837413385941555},{"rango":{"min":80,"max":null},"vacunados":72892,"personasINE":72892,"porcentaje":1}]}}},{"ccaa":"Navarra","dosisAdministradas":981247,"dosisEntregadas":1046175,"dosisEntregadasModerna":151500,"dosisEntregadasPfizer":734325,"dosisEntregadasAstrazeneca":136600,"dosisEntregadasJanssen":23750,"dosisPrimeraDosis":526928,"dosisPautaCompletada":520155,"porcentajeEntregadas":0.9379377255239324,"porcentajePoblacionAdministradas":1.4840463583470584,"porcentajePoblacionPrimeraDosis":0.7969304155947471,"porcentajePoblacionCompletas":0.7866868724449748,"fechaUltRegistro":1634688000000,"etarios":{"unaDosis":{"etarioTotal":{"vacunados":526928,"personasINE":581354,"porcentaje":0.9063806217898217},"etarioRangos":[{"rango":{"min":12,"max":19},"vacunados":48596,"personasINE":56388,"porcentaje":0.8324893214144172},{"rango":{"min":20,"max":29},"vacunados":56715,"personasINE":68127,"porcentaje":0.8816873761597007},{"rango":{"min":30,"max":39},"vacunados":63868,"personasINE":81341,"porcentaje":0.8816873761597007},{"rango":{"min":40,"max":49},"vacunados":95224,"personasINE":108002,"porcentaje":0.8816873761597007},{"rango":{"min":50,"max":59},"vacunados":91857,"personasINE":96694,"porcentaje":0.9499762136223551},{"rango":{"min":60,"max":69},"vacunados":72269,"personasINE":73844,"porcentaje":0.9786712529115432},{"rango":{"min":70,"max":79},"vacunados":55892,"personasINE":55892,"porcentaje":1},{"rango":{"min":80,"max":null},"vacunados":42507,"personasINE":42507,"porcentaje":1}]},"pautaCompleta":{"etarioTotal":{"vacunados":520155,"personasINE":581354,"porcentaje":0.8947302332141862},"etarioRangos":[{"rango":{"min":12,"max":19},"vacunados":47395,"personasINE":56388,"porcentaje":0.8067432882704361},{"rango":{"min":20,"max":29},"vacunados":54961,"personasINE":68127,"porcentaje":0.8737523379196681},{"rango":{"min":30,"max":39},"vacunados":62611,"personasINE":81341,"porcentaje":0.8737523379196681},{"rango":{"min":40,"max":49},"vacunados":94367,"personasINE":108002,"porcentaje":0.8737523379196681},{"rango":{"min":50,"max":59},"vacunados":91261,"personasINE":96694,"porcentaje":0.943812439241318},{"rango":{"min":60,"max":69},"vacunados":71684,"personasINE":73844,"porcentaje":0.9707491468501165},{"rango":{"min":70,"max":79},"vacunados":55742,"personasINE":55792,"porcentaje":0.9991038141669056},{"rango":{"min":80,"max":null},"vacunados":42134,"personasINE":42134,"porcentaje":1}]}}},{"ccaa":"País Vasco","dosisAdministradas":3363148,"dosisEntregadas":3668820,"dosisEntregadasModerna":526100,"dosisEntregadasPfizer":2597220,"dosisEntregadasAstrazeneca":444200,"dosisEntregadasJanssen":101300,"dosisPrimeraDosis":1808412,"dosisPautaCompletada":1776369,"porcentajeEntregadas":0.9166838384003576,"porcentajePoblacionAdministradas":1.5145876791935524,"porcentajePoblacionPrimeraDosis":0.8144151057597735,"porcentajePoblacionCompletas":0.7999845980912441,"fechaUltRegistro":1634688000000,"etarios":{"unaDosis":{"etarioTotal":{"vacunados":1808412,"personasINE":1983943,"porcentaje":0.911524171813404},"etarioRangos":[{"rango":{"min":12,"max":19},"vacunados":144691,"personasINE":168606,"porcentaje":0.8040926096837259},{"rango":{"min":20,"max":29},"vacunados":162052,"personasINE":201534,"porcentaje":0.8835317411006454},{"rango":{"min":30,"max":39},"vacunados":201799,"personasINE":260543,"porcentaje":0.8835317411006454},{"rango":{"min":40,"max":49},"vacunados":319956,"personasINE":362133,"porcentaje":0.8835317411006454},{"rango":{"min":50,"max":59},"vacunados":323592,"personasINE":339977,"porcentaje":0.9518055633175185},{"rango":{"min":60,"max":69},"vacunados":278443,"personasINE":280119,"porcentaje":0.9940168285621468},{"rango":{"min":70,"max":79},"vacunados":213718,"personasINE":213718,"porcentaje":1},{"rango":{"min":80,"max":null},"vacunados":164161,"personasINE":164161,"porcentaje":1}]},"pautaCompleta":{"etarioTotal":{"vacunados":1776369,"personasINE":1983943,"porcentaje":0.8953730021477432},"etarioRangos":[{"rango":{"min":12,"max":19},"vacunados":140934,"personasINE":168606,"porcentaje":0.7763652783153215},{"rango":{"min":20,"max":29},"vacunados":156464,"personasINE":201534,"porcentaje":0.8709949107096012},{"rango":{"min":30,"max":39},"vacunados":196056,"personasINE":260543,"porcentaje":0.8709949107096012},{"rango":{"min":40,"max":49},"vacunados":315416,"personasINE":362133,"porcentaje":0.8709949107096012},{"rango":{"min":50,"max":59},"vacunados":320322,"personasINE":339977,"porcentaje":0.9421872656091441},{"rango":{"min":60,"max":69},"vacunados":273138,"personasINE":280119,"porcentaje":0.9750784488021162},{"rango":{"min":70,"max":79},"vacunados":212175,"personasINE":213081,"porcentaje":0.995748095794557},{"rango":{"min":80,"max":null},"vacunados":161864,"personasINE":157950,"porcentaje":1.0247799936688826}]}}},{"ccaa":"Ceuta","dosisAdministradas":114016,"dosisEntregadas":140230,"dosisEntregadasModerna":22400,"dosisEntregadasPfizer":95580,"dosisEntregadasAstrazeneca":18100,"dosisEntregadasJanssen":4150,"dosisPrimeraDosis":62353,"dosisPautaCompletada":59327,"porcentajeEntregadas":0.813064251586679,"porcentajePoblacionAdministradas":1.354077100306406,"porcentajePoblacionPrimeraDosis":0.7405168523312985,"porcentajePoblacionCompletas":0.7045794636706967,"fechaUltRegistro":1634688000000,"etarios":{"unaDosis":{"etarioTotal":{"vacunados":62353,"personasINE":70965,"porcentaje":0.8786444021700839},"etarioRangos":[{"rango":{"min":12,"max":19},"vacunados":8330,"personasINE":9126,"porcentaje":0.8342299626151181},{"rango":{"min":20,"max":29},"vacunados":9149,"personasINE":10967,"porcentaje":0.8801613668723304},{"rango":{"min":30,"max":39},"vacunados":9215,"personasINE":11894,"porcentaje":0.8801613668723304},{"rango":{"min":40,"max":49},"vacunados":11127,"personasINE":12642,"porcentaje":0.8801613668723304},{"rango":{"min":50,"max":59},"vacunados":10580,"personasINE":11556,"porcentaje":0.9155417099342333},{"rango":{"min":60,"max":69},"vacunados":7661,"personasINE":7857,"porcentaje":0.9750540918925799},{"rango":{"min":70,"max":79},"vacunados":3890,"personasINE":4318,"porcentaje":0.9008800370541917},{"rango":{"min":80,"max":null},"vacunados":2401,"personasINE":2605,"porcentaje":0.9216890595009597}]},"pautaCompleta":{"etarioTotal":{"vacunados":59327,"personasINE":70965,"porcentaje":0.8360036637779187},"etarioRangos":[{"rango":{"min":12,"max":19},"vacunados":7266,"personasINE":9126,"porcentaje":0.7592778335005015},{"rango":{"min":20,"max":29},"vacunados":8327,"personasINE":10967,"porcentaje":0.8573010599588673},{"rango":{"min":30,"max":39},"vacunados":8721,"personasINE":11894,"porcentaje":0.8573010599588673},{"rango":{"min":40,"max":49},"vacunados":10838,"personasINE":12642,"porcentaje":0.8573010599588673},{"rango":{"min":50,"max":59},"vacunados":10422,"personasINE":11556,"porcentaje":0.9018691588785047},{"rango":{"min":60,"max":69},"vacunados":7520,"personasINE":7857,"porcentaje":0.9571083110602011},{"rango":{"min":70,"max":79},"vacunados":3856,"personasINE":4318,"porcentaje":0.8930060213061602},{"rango":{"min":80,"max":null},"vacunados":2377,"personasINE":2605,"porcentaje":0.9124760076775432}]}}},{"ccaa":"Melilla","dosisAdministradas":101936,"dosisEntregadas":141100,"dosisEntregadasModerna":23500,"dosisEntregadasPfizer":96750,"dosisEntregadasAstrazeneca":15100,"dosisEntregadasJanssen":5750,"dosisPrimeraDosis":57127,"dosisPautaCompletada":54636,"porcentajeEntregadas":0.72243798724309,"porcentajePoblacionAdministradas":1.1706555193164592,"porcentajePoblacionPrimeraDosis":0.656059074831182,"porcentajePoblacionCompletas":0.6274518811153476,"fechaUltRegistro":1634688000000,"etarios":{"unaDosis":{"etarioTotal":{"vacunados":57127,"personasINE":70927,"porcentaje":0.8054337558334626},"etarioRangos":[{"rango":{"min":12,"max":19},"vacunados":7660,"personasINE":9574,"porcentaje":0.7199666527719883},{"rango":{"min":20,"max":29},"vacunados":8636,"personasINE":11995,"porcentaje":0.8378603566072321},{"rango":{"min":30,"max":39},"vacunados":8597,"personasINE":12133,"porcentaje":0.8378603566072321},{"rango":{"min":40,"max":49},"vacunados":10056,"personasINE":12002,"porcentaje":0.8378603566072321},{"rango":{"min":50,"max":59},"vacunados":9684,"personasINE":11299,"porcentaje":0.8570669970793876},{"rango":{"min":60,"max":69},"vacunados":7167,"personasINE":7827,"porcentaje":0.9156765044078191},{"rango":{"min":70,"max":79},"vacunados":3315,"personasINE":3748,"porcentaje":0.8844717182497331},{"rango":{"min":80,"max":null},"vacunados":2012,"personasINE":2349,"porcentaje":0.8565346956151554}]},"pautaCompleta":{"etarioTotal":{"vacunados":54636,"personasINE":70927,"porcentaje":0.7703131388610825},"etarioRangos":[{"rango":{"min":12,"max":19},"vacunados":7068,"personasINE":9574,"porcentaje":0.6553563984993748},{"rango":{"min":20,"max":29},"vacunados":7861,"personasINE":11995,"porcentaje":0.8177803699383436},{"rango":{"min":30,"max":39},"vacunados":8204,"personasINE":12133,"porcentaje":0.8177803699383436},{"rango":{"min":40,"max":49},"vacunados":9815,"personasINE":12002,"porcentaje":0.8177803699383436},{"rango":{"min":50,"max":59},"vacunados":9481,"personasINE":11299,"porcentaje":0.8391008053810072},{"rango":{"min":60,"max":69},"vacunados":7001,"personasINE":7827,"porcentaje":0.8944678676376645},{"rango":{"min":70,"max":79},"vacunados":3241,"personasINE":3748,"porcentaje":0.8647278548559232},{"rango":{"min":80,"max":null},"vacunados":1965,"personasINE":2349,"porcentaje":0.8365261813537676}]}}},{"ccaa":"Fuerzas Armadas","dosisAdministradas":173004,"dosisEntregadas":212238,"dosisEntregadasModerna":58300,"dosisEntregadasPfizer":48138,"dosisEntregadasAstrazeneca":103800,"dosisEntregadasJanssen":2000,"dosisPrimeraDosis":92822,"dosisPautaCompletada":86744,"porcentajeEntregadas":0.8151414920984932,"porcentajePoblacionAdministradas":null,"porcentajePoblacionPrimeraDosis":null,"porcentajePoblacionCompletas":null,"fechaUltRegistro":1634688000000},{"ccaa":"Sanidad Exterior","dosisAdministradas":6858,"dosisEntregadas":8995,"dosisEntregadasModerna":4910,"dosisEntregadasPfizer":0,"dosisEntregadasAstrazeneca":0,"dosisEntregadasJanssen":4085,"dosisPrimeraDosis":5149,"dosisPautaCompletada":4901,"porcentajeEntregadas":0.7624235686492495,"porcentajePoblacionAdministradas":null,"porcentajePoblacionPrimeraDosis":null,"porcentajePoblacionCompletas":null,"fechaUltRegistro":1634688000000,"etarios":{"unaDosis":{"etarioTotal":{"vacunados":5149,"personasINE":"-","porcentaje":"-"},"etarioRangos":[{"rango":{"min":12,"max":19},"vacunados":171,"personasINE":null,"porcentaje":"-"},{"rango":{"min":20,"max":29},"vacunados":1243,"personasINE":null,"porcentaje":"-"},{"rango":{"min":30,"max":39},"vacunados":1487,"personasINE":null,"porcentaje":"-"},{"rango":{"min":40,"max":49},"vacunados":1291,"personasINE":null,"porcentaje":"-"},{"rango":{"min":50,"max":59},"vacunados":676,"personasINE":null,"porcentaje":"-"},{"rango":{"min":60,"max":69},"vacunados":221,"personasINE":null,"porcentaje":"-"},{"rango":{"min":70,"max":79},"vacunados":33,"personasINE":null,"porcentaje":"-"},{"rango":{"min":80,"max":null},"vacunados":27,"personasINE":null,"porcentaje":"-"}]},"pautaCompleta":{"etarioTotal":{"vacunados":4901,"personasINE":"-","porcentaje":"-"},"etarioRangos":[{"rango":{"min":12,"max":19},"vacunados":155,"personasINE":null,"porcentaje":"-"},{"rango":{"min":20,"max":29},"vacunados":1186,"personasINE":null,"porcentaje":"-"},{"rango":{"min":30,"max":39},"vacunados":1413,"personasINE":null,"porcentaje":"-"},{"rango":{"min":40,"max":49},"vacunados":1232,"personasINE":null,"porcentaje":"-"},{"rango":{"min":50,"max":59},"vacunados":648,"personasINE":null,"porcentaje":"-"},{"rango":{"min":60,"max":69},"vacunados":209,"personasINE":null,"porcentaje":"-"},{"rango":{"min":70,"max":79},"vacunados":32,"personasINE":null,"porcentaje":"-"},{"rango":{"min":80,"max":null},"vacunados":26,"personasINE":null,"porcentaje":"-"}]}}},{"ccaa":"Totales","dosisAdministradas":71231804,"dosisEntregadas":75642021,"dosisEntregadasModerna":10752860,"dosisEntregadasPfizer":53616591,"dosisEntregadasAstrazeneca":9111010,"dosisEntregadasJanssen":2161560,"dosisPrimeraDosis":37938819,"dosisPautaCompletada":37176352,"porcentajeEntregadas":0.9416962034898565,"porcentajePoblacionAdministradas":1.5175075415423946,"porcentajePoblacionPrimeraDosis":0.8082407115466553,"porcentajePoblacionCompletas":0.7919972731146144,"fechaUltRegistro":null,"etarios":{"unaDosis":{"etarioTotal":{"vacunados":37938819,"personasINE":42119827,"porcentaje":0.9007353947583878},"etarioRangos":[{"rango":{"min":12,"max":19},"vacunados":3299599,"personasINE":3888685.9999999995,"porcentaje":0.8018112542065752},{"rango":{"min":20,"max":29},"vacunados":3964668,"personasINE":4944640,"porcentaje":0.8823863491649557},{"rango":{"min":30,"max":39},"vacunados":4880017,"personasINE":6230403,"porcentaje":0.8823863491649557},{"rango":{"min":40,"max":49},"vacunados":6963561,"personasINE":7891737,"porcentaje":0.8823863491649557},{"rango":{"min":50,"max":59},"vacunados":6675724,"personasINE":7033306,"porcentaje":0.9491587597639005},{"rango":{"min":60,"max":69},"vacunados":5276494,"personasINE":5336986,"porcentaje":0.9886655127069848},{"rango":{"min":70,"max":79},"vacunados":3941768,"personasINE":3960045,"porcentaje":0.9953846484067732},{"rango":{"min":80,"max":null},"vacunados":2936988,"personasINE":2936988,"porcentaje":1}]},"pautaCompleta":{"etarioTotal":{"vacunados":37176352,"personasINE":42119827,"porcentaje":0.8826330649458746},"etarioRangos":[{"rango":{"min":12,"max":19},"vacunados":3169964,"personasINE":3888686,"porcentaje":0.7667401469065493},{"rango":{"min":20,"max":29},"vacunados":3791254,"personasINE":4944640,"porcentaje":0.8685065151056098},{"rango":{"min":30,"max":39},"vacunados":4725151,"personasINE":6230403,"porcentaje":0.8685065151056098},{"rango":{"min":40,"max":49},"vacunados":6854025,"personasINE":7891737,"porcentaje":0.8685065151056098},{"rango":{"min":50,"max":59},"vacunados":6607491,"personasINE":7033306,"porcentaje":0.9394573476541472},{"rango":{"min":60,"max":69},"vacunados":5208200,"personasINE":5336986,"porcentaje":0.9758691516147878},{"rango":{"min":70,"max":79},"vacunados":3916826,"personasINE":3960045,"porcentaje":0.9890862351311664},{"rango":{"min":80,"max":null},"vacunados":2903441,"personasINE":2903441,"porcentaje":1}]}}}]