[{"ccaa":"Andalucía","dosisAdministradas":2925571,"dosisEntregadas":2874040,"dosisEntregadasModerna":248500,"dosisEntregadasPfizer":1907190,"dosisEntregadasAstrazeneca":669700,"dosisEntregadasJanssen":48650,"dosisPrimeraDosis":2055906,"dosisPautaCompletada":889736,"porcentajeEntregadas":1.0179298130854129,"porcentajePoblacionAdministradas":0.34563196423236064,"porcentajePoblacionPrimeraDosis":0.24288825294518426,"porcentajePoblacionCompletas":0.10511493357305074,"fechaUltRegistro":1619906356000,"etarios":{"unaDosis":{"etarioTotal":{"vacunados":2055906,"personasINE":7062213,"porcentaje":0.291113564544145},"etarioRangos":[{"rango":{"min":16,"max":17},"vacunados":365,"personasINE":181921,"porcentaje":0.002006365400366093},{"rango":{"min":18,"max":24},"vacunados":30242,"personasINE":625846,"porcentaje":0.048321791622859295},{"rango":{"min":25,"max":49},"vacunados":338517,"personasINE":3009381,"porcentaje":0.11248725236186445},{"rango":{"min":50,"max":59},"vacunados":153197,"personasINE":1265021,"porcentaje":0.12110233743155252},{"rango":{"min":60,"max":69},"vacunados":529280,"personasINE":916147,"porcentaje":0.5777238805562863},{"rango":{"min":70,"max":79},"vacunados":579067,"personasINE":650381,"porcentaje":0.8903504253660547},{"rango":{"min":80,"max":null},"vacunados":425238,"personasINE":413516,"porcentaje":1}]},"pautaCompleta":{"etarioTotal":{"vacunados":889736,"personasINE":7062213,"porcentaje":0.1259854382755094},"etarioRangos":[{"rango":{"min":16,"max":17},"vacunados":218,"personasINE":181921,"porcentaje":0.0011983223487118035},{"rango":{"min":18,"max":24},"vacunados":13584,"personasINE":625846,"porcentaje":0.021705020084813197},{"rango":{"min":25,"max":49},"vacunados":140286,"personasINE":3009381,"porcentaje":0.04661623104552066},{"rango":{"min":50,"max":59},"vacunados":75368,"personasINE":1265021,"porcentaje":0.0595784575908226},{"rango":{"min":60,"max":69},"vacunados":50806,"personasINE":916147,"porcentaje":0.05545616587731008},{"rango":{"min":70,"max":79},"vacunados":202590,"personasINE":650381,"porcentaje":0.31149433947178656},{"rango":{"min":80,"max":null},"vacunados":406884,"personasINE":413516,"porcentaje":0.9839619265034485}]}}},{"ccaa":"Aragón","dosisAdministradas":540702,"dosisEntregadas":558035,"dosisEntregadasModerna":51800,"dosisEntregadasPfizer":393435,"dosisEntregadasAstrazeneca":105200,"dosisEntregadasJanssen":7600,"dosisPrimeraDosis":388602,"dosisPautaCompletada":159390,"porcentajeEntregadas":0.968939224242207,"porcentajePoblacionAdministradas":0.40672909625535303,"porcentajePoblacionPrimeraDosis":0.29231580475571145,"porcentajePoblacionCompletas":0.11989700547092616,"fechaUltRegistro":1619733556000,"etarios":{"unaDosis":{"etarioTotal":{"vacunados":388602,"personasINE":1132764,"porcentaje":0.34305645306524574},"etarioRangos":[{"rango":{"min":16,"max":17},"vacunados":35,"personasINE":25106,"porcentaje":0.0013940890623755278},{"rango":{"min":18,"max":24},"vacunados":5907,"personasINE":89180,"porcentaje":0.06623682440008971},{"rango":{"min":25,"max":49},"vacunados":52190,"personasINE":446083,"porcentaje":0.11699616439093173},{"rango":{"min":50,"max":59},"vacunados":28645,"personasINE":198266,"porcentaje":0.14447762097384323},{"rango":{"min":60,"max":69},"vacunados":94302,"personasINE":156367,"porcentaje":0.6030812127878644},{"rango":{"min":70,"max":79},"vacunados":108181,"personasINE":118955,"porcentaje":0.9094279349333781},{"rango":{"min":80,"max":null},"vacunados":99342,"personasINE":98807,"porcentaje":1}]},"pautaCompleta":{"etarioTotal":{"vacunados":159390,"personasINE":1132764,"porcentaje":0.14070892083434855},"etarioRangos":[{"rango":{"min":16,"max":17},"vacunados":28,"personasINE":25106,"porcentaje":0.0011152712499004221},{"rango":{"min":18,"max":24},"vacunados":1500,"personasINE":89180,"porcentaje":0.016819914779098454},{"rango":{"min":25,"max":49},"vacunados":22223,"personasINE":446083,"porcentaje":0.04981808318182939},{"rango":{"min":50,"max":59},"vacunados":14424,"personasINE":198266,"porcentaje":0.07275074899377604},{"rango":{"min":60,"max":69},"vacunados":15705,"personasINE":156367,"porcentaje":0.10043679292945443},{"rango":{"min":70,"max":79},"vacunados":11027,"personasINE":118955,"porcentaje":0.09269891975957295},{"rango":{"min":80,"max":null},"vacunados":94483,"personasINE":98807,"porcentaje":0.9562379183661077}]}}},{"ccaa":"Asturias","dosisAdministradas":497706,"dosisEntregadas":507015,"dosisEntregadasModerna":47600,"dosisEntregadasPfizer":372965,"dosisEntregadasAstrazeneca":80600,"dosisEntregadasJanssen":5850,"dosisPrimeraDosis":336259,"dosisPautaCompletada":167040,"porcentajeEntregadas":0.9816395964616431,"porcentajePoblacionAdministradas":0.48852946257499136,"porcentajePoblacionPrimeraDosis":0.33005916857744133,"porcentajePoblacionCompletas":0.16396017212677075,"fechaUltRegistro":1619906356000,"etarios":{"unaDosis":{"etarioTotal":{"vacunados":336259,"personasINE":901209,"porcentaje":0.37311988672993723},"etarioRangos":[{"rango":{"min":16,"max":17},"vacunados":37,"personasINE":15563,"porcentaje":0.002377433656749984},{"rango":{"min":18,"max":24},"vacunados":4104,"personasINE":54179,"porcentaje":0.07574890640284981},{"rango":{"min":25,"max":49},"vacunados":41754,"personasINE":322095,"porcentaje":0.12963256182182276},{"rango":{"min":50,"max":59},"vacunados":26258,"personasINE":162645,"porcentaje":0.16144363491038766},{"rango":{"min":60,"max":69},"vacunados":77329,"personasINE":149652,"porcentaje":0.5167254697565018},{"rango":{"min":70,"max":79},"vacunados":99700,"personasINE":109249,"porcentaje":0.9125941656216533},{"rango":{"min":80,"max":null},"vacunados":87077,"personasINE":87826,"porcentaje":0.9914717737344294}]},"pautaCompleta":{"etarioTotal":{"vacunados":167040,"personasINE":901209,"porcentaje":0.18535101180747196},"etarioRangos":[{"rango":{"min":16,"max":17},"vacunados":32,"personasINE":15563,"porcentaje":0.0020561588382702564},{"rango":{"min":18,"max":24},"vacunados":2604,"personasINE":54179,"porcentaje":0.04806290260063863},{"rango":{"min":25,"max":49},"vacunados":22787,"personasINE":322095,"porcentaje":0.07074620841677146},{"rango":{"min":50,"max":59},"vacunados":15015,"personasINE":162645,"porcentaje":0.09231762427372499},{"rango":{"min":60,"max":69},"vacunados":11785,"personasINE":149652,"porcentaje":0.07874936519391655},{"rango":{"min":70,"max":79},"vacunados":31929,"personasINE":109249,"porcentaje":0.2922589680454741},{"rango":{"min":80,"max":null},"vacunados":82888,"personasINE":87826,"porcentaje":0.9437751918566256}]}}},{"ccaa":"Baleares","dosisAdministradas":334842,"dosisEntregadas":341570,"dosisEntregadasModerna":27900,"dosisEntregadasPfizer":214470,"dosisEntregadasAstrazeneca":92500,"dosisEntregadasJanssen":6700,"dosisPrimeraDosis":242597,"dosisPautaCompletada":95950,"porcentajeEntregadas":0.9803027197938929,"porcentajePoblacionAdministradas":0.28581281267524966,"porcentajePoblacionPrimeraDosis":0.20707477233016627,"porcentajePoblacionCompletas":0.08190053630127106,"fechaUltRegistro":1619906356000,"etarios":{"unaDosis":{"etarioTotal":{"vacunados":242597,"personasINE":986279,"porcentaje":0.24597198155897063},"etarioRangos":[{"rango":{"min":16,"max":17},"vacunados":36,"personasINE":23300,"porcentaje":0.0015450643776824034},{"rango":{"min":18,"max":24},"vacunados":3811,"personasINE":85839,"porcentaje":0.04439706893137152},{"rango":{"min":25,"max":49},"vacunados":43987,"personasINE":464054,"porcentaje":0.09478853754088964},{"rango":{"min":50,"max":59},"vacunados":22157,"personasINE":165797,"porcentaje":0.13363933002406558},{"rango":{"min":60,"max":69},"vacunados":63821,"personasINE":117231,"porcentaje":0.5444037839820526},{"rango":{"min":70,"max":79},"vacunados":59746,"personasINE":80516,"porcentaje":0.742038849421233},{"rango":{"min":80,"max":null},"vacunados":49039,"personasINE":49542,"porcentaje":0.9898469985063179}]},"pautaCompleta":{"etarioTotal":{"vacunados":95950,"personasINE":986279,"porcentaje":0.09728484536322886},"etarioRangos":[{"rango":{"min":16,"max":17},"vacunados":32,"personasINE":23300,"porcentaje":0.0013733905579399143},{"rango":{"min":18,"max":24},"vacunados":1340,"personasINE":85839,"porcentaje":0.015610619881405888},{"rango":{"min":25,"max":49},"vacunados":18409,"personasINE":464054,"porcentaje":0.03966995220383834},{"rango":{"min":50,"max":59},"vacunados":7969,"personasINE":165797,"porcentaje":0.04806480213755376},{"rango":{"min":60,"max":69},"vacunados":5276,"personasINE":117231,"porcentaje":0.0450051607509959},{"rango":{"min":70,"max":79},"vacunados":17411,"personasINE":80516,"porcentaje":0.21624273436335636},{"rango":{"min":80,"max":null},"vacunados":45513,"personasINE":49542,"porcentaje":0.9186750635824149}]}}},{"ccaa":"Canarias","dosisAdministradas":626348,"dosisEntregadas":659300,"dosisEntregadasModerna":54700,"dosisEntregadasPfizer":420000,"dosisEntregadasAstrazeneca":172100,"dosisEntregadasJanssen":12500,"dosisPrimeraDosis":458549,"dosisPautaCompletada":175748,"porcentajeEntregadas":0.9500197178826028,"porcentajePoblacionAdministradas":0.28785009963455077,"porcentajePoblacionPrimeraDosis":0.21073488753428385,"porcentajePoblacionCompletas":0.08076832577189202,"fechaUltRegistro":1619906356000,"etarios":{"unaDosis":{"etarioTotal":{"vacunados":458549,"personasINE":1871033,"porcentaje":0.24507798633161468},"etarioRangos":[{"rango":{"min":16,"max":17},"vacunados":57,"personasINE":44352,"porcentaje":0.0012851731601731602},{"rango":{"min":18,"max":24},"vacunados":6114,"personasINE":163899,"porcentaje":0.037303461277982175},{"rango":{"min":25,"max":49},"vacunados":69259,"personasINE":832411,"porcentaje":0.08320288895749815},{"rango":{"min":50,"max":59},"vacunados":31101,"personasINE":350512,"porcentaje":0.08873020039256858},{"rango":{"min":60,"max":69},"vacunados":144460,"personasINE":235092,"porcentaje":0.614482840760213},{"rango":{"min":70,"max":79},"vacunados":120463,"personasINE":154531,"porcentaje":0.779539380447936},{"rango":{"min":80,"max":null},"vacunados":87095,"personasINE":90236,"porcentaje":0.9651912762090519}]},"pautaCompleta":{"etarioTotal":{"vacunados":175748,"personasINE":1871033,"porcentaje":0.09393099961358245},"etarioRangos":[{"rango":{"min":16,"max":17},"vacunados":35,"personasINE":44352,"porcentaje":0.0007891414141414141},{"rango":{"min":18,"max":24},"vacunados":2585,"personasINE":163899,"porcentaje":0.015771908309385657},{"rango":{"min":25,"max":49},"vacunados":36302,"personasINE":832411,"porcentaje":0.04361066828766078},{"rango":{"min":50,"max":59},"vacunados":18140,"personasINE":350512,"porcentaje":0.051752864381248},{"rango":{"min":60,"max":69},"vacunados":11730,"personasINE":235092,"porcentaje":0.04989536011433822},{"rango":{"min":70,"max":79},"vacunados":35696,"personasINE":154531,"porcentaje":0.23099572254110826},{"rango":{"min":80,"max":null},"vacunados":71260,"personasINE":90236,"porcentaje":0.7897069905580921}]}}},{"ccaa":"Cantabria","dosisAdministradas":231340,"dosisEntregadas":248035,"dosisEntregadasModerna":22500,"dosisEntregadasPfizer":176235,"dosisEntregadasAstrazeneca":46000,"dosisEntregadasJanssen":3300,"dosisPrimeraDosis":159347,"dosisPautaCompletada":72566,"porcentajeEntregadas":0.9326909508738687,"porcentajePoblacionAdministradas":0.3968742762542781,"porcentajePoblacionPrimeraDosis":0.2733670152083101,"porcentajePoblacionCompletas":0.12449026856863468,"fechaUltRegistro":1619906356000,"etarios":{"unaDosis":{"etarioTotal":{"vacunados":159347,"personasINE":501384,"porcentaje":0.317814290045155},"etarioRangos":[{"rango":{"min":16,"max":17},"vacunados":5,"personasINE":10791,"porcentaje":0.0004633490872022982},{"rango":{"min":18,"max":24},"vacunados":1617,"personasINE":34935,"porcentaje":0.04628595963933019},{"rango":{"min":25,"max":49},"vacunados":23278,"personasINE":194241,"porcentaje":0.11984081630551738},{"rango":{"min":50,"max":59},"vacunados":11900,"personasINE":89964,"porcentaje":0.13227513227513227},{"rango":{"min":60,"max":69},"vacunados":32936,"personasINE":77345,"porcentaje":0.425832309780852},{"rango":{"min":70,"max":79},"vacunados":48372,"personasINE":53066,"porcentaje":0.911544114875815},{"rango":{"min":80,"max":null},"vacunados":41239,"personasINE":41042,"porcentaje":1}]},"pautaCompleta":{"etarioTotal":{"vacunados":72566,"personasINE":501384,"porcentaje":0.1447313835303879},"etarioRangos":[{"rango":{"min":16,"max":17},"vacunados":5,"personasINE":10791,"porcentaje":0.0004633490872022982},{"rango":{"min":18,"max":24},"vacunados":663,"personasINE":34935,"porcentaje":0.01897810218978102},{"rango":{"min":25,"max":49},"vacunados":11342,"personasINE":194241,"porcentaje":0.05839137978078778},{"rango":{"min":50,"max":59},"vacunados":5913,"personasINE":89964,"porcentaje":0.06572629051620649},{"rango":{"min":60,"max":69},"vacunados":3970,"personasINE":77345,"porcentaje":0.051328463378369646},{"rango":{"min":70,"max":79},"vacunados":12343,"personasINE":53066,"porcentaje":0.2325971431801907},{"rango":{"min":80,"max":null},"vacunados":38330,"personasINE":41042,"porcentaje":0.9339213488621412}]}}},{"ccaa":"Castilla y Leon","dosisAdministradas":1116328,"dosisEntregadas":1194215,"dosisEntregadasModerna":113700,"dosisEntregadasPfizer":877215,"dosisEntregadasAstrazeneca":189500,"dosisEntregadasJanssen":13800,"dosisPrimeraDosis":775805,"dosisPautaCompletada":348793,"porcentajeEntregadas":0.9347797507149048,"porcentajePoblacionAdministradas":0.466123683566619,"porcentajePoblacionPrimeraDosis":0.32393802209511974,"porcentajePoblacionCompletas":0.14563880684015068,"fechaUltRegistro":1619906356000,"etarios":{"unaDosis":{"etarioTotal":{"vacunados":775805,"personasINE":2092873,"porcentaje":0.37068900024033946},"etarioRangos":[{"rango":{"min":16,"max":17},"vacunados":105,"personasINE":40684,"porcentaje":0.00258086717136958},{"rango":{"min":18,"max":24},"vacunados":7974,"personasINE":144422,"porcentaje":0.05521319466563266},{"rango":{"min":25,"max":49},"vacunados":90237,"personasINE":738950,"porcentaje":0.12211516340753772},{"rango":{"min":50,"max":59},"vacunados":57797,"personasINE":381175,"porcentaje":0.15162851708532826},{"rango":{"min":60,"max":69},"vacunados":162451,"personasINE":318575,"porcentaje":0.5099301577336577},{"rango":{"min":70,"max":79},"vacunados":230761,"personasINE":245410,"porcentaje":0.9403080559064423},{"rango":{"min":80,"max":null},"vacunados":226480,"personasINE":223657,"porcentaje":1}]},"pautaCompleta":{"etarioTotal":{"vacunados":348793,"personasINE":2092873,"porcentaje":0.16665750860181197},"etarioRangos":[{"rango":{"min":16,"max":17},"vacunados":91,"personasINE":40684,"porcentaje":0.002236751548520303},{"rango":{"min":18,"max":24},"vacunados":2797,"personasINE":144422,"porcentaje":0.01936685546523383},{"rango":{"min":25,"max":49},"vacunados":43683,"personasINE":738950,"porcentaje":0.05911496041680763},{"rango":{"min":50,"max":59},"vacunados":31140,"personasINE":381175,"porcentaje":0.08169475962484424},{"rango":{"min":60,"max":69},"vacunados":25290,"personasINE":318575,"porcentaje":0.07938476026053519},{"rango":{"min":70,"max":79},"vacunados":37472,"personasINE":245410,"porcentaje":0.15269141436779268},{"rango":{"min":80,"max":null},"vacunados":208320,"personasINE":223657,"porcentaje":0.931426246439861}]}}},{"ccaa":"Castilla La Mancha","dosisAdministradas":751400,"dosisEntregadas":797505,"dosisEntregadasModerna":71900,"dosisEntregadasPfizer":552105,"dosisEntregadasAstrazeneca":161800,"dosisEntregadasJanssen":11700,"dosisPrimeraDosis":531306,"dosisPautaCompletada":225341,"porcentajeEntregadas":0.9421884502291522,"porcentajePoblacionAdministradas":0.36739305923418547,"porcentajePoblacionPrimeraDosis":0.2597792610187359,"porcentajePoblacionCompletas":0.11017929113773035,"fechaUltRegistro":1619906356000},{"ccaa":"Cataluña","dosisAdministradas":2724660,"dosisEntregadas":2799330,"dosisEntregadasModerna":251300,"dosisEntregadasPfizer":1887830,"dosisEntregadasAstrazeneca":615500,"dosisEntregadasJanssen":44700,"dosisPrimeraDosis":1906437,"dosisPautaCompletada":832364,"porcentajeEntregadas":0.9733257600925936,"porcentajePoblacionAdministradas":0.35019180695687246,"porcentajePoblacionPrimeraDosis":0.24502823026705683,"porcentajePoblacionCompletas":0.10698107404441294,"fechaUltRegistro":1619906356000,"etarios":{"unaDosis":{"etarioTotal":{"vacunados":1906437,"personasINE":6531658,"porcentaje":0.29187642708788486},"etarioRangos":[{"rango":{"min":16,"max":17},"vacunados":428,"personasINE":159864,"porcentaje":0.002677275684331682},{"rango":{"min":18,"max":24},"vacunados":39823,"personasINE":556316,"porcentaje":0.07158341661933146},{"rango":{"min":25,"max":49},"vacunados":312678,"personasINE":2803626,"porcentaje":0.11152628774308698},{"rango":{"min":50,"max":59},"vacunados":143339,"personasINE":1091780,"porcentaje":0.1312892707321988},{"rango":{"min":60,"max":69},"vacunados":520353,"personasINE":837584,"porcentaje":0.6212547040058072},{"rango":{"min":70,"max":79},"vacunados":443779,"personasINE":635292,"porcentaje":0.6985433469963418},{"rango":{"min":80,"max":null},"vacunados":446037,"personasINE":447196,"porcentaje":0.9974082952441435}]},"pautaCompleta":{"etarioTotal":{"vacunados":832364,"personasINE":6531658,"porcentaje":0.12743533112113342},"etarioRangos":[{"rango":{"min":16,"max":17},"vacunados":287,"personasINE":159864,"porcentaje":0.0017952759845868988},{"rango":{"min":18,"max":24},"vacunados":18612,"personasINE":556316,"porcentaje":0.033455805693167195},{"rango":{"min":25,"max":49},"vacunados":138212,"personasINE":2803626,"porcentaje":0.04929758819471641},{"rango":{"min":50,"max":59},"vacunados":74804,"personasINE":1091780,"porcentaje":0.06851563501804393},{"rango":{"min":60,"max":69},"vacunados":59351,"personasINE":837584,"porcentaje":0.0708597585436207},{"rango":{"min":70,"max":79},"vacunados":128626,"personasINE":635292,"porcentaje":0.20246752674360766},{"rango":{"min":80,"max":null},"vacunados":412472,"personasINE":447196,"porcentaje":0.9223517204983944}]}}},{"ccaa":"C. Valenciana","dosisAdministradas":1711562,"dosisEntregadas":1716860,"dosisEntregadasModerna":151600,"dosisEntregadasPfizer":1136260,"dosisEntregadasAstrazeneca":400000,"dosisEntregadasJanssen":29000,"dosisPrimeraDosis":1212102,"dosisPautaCompletada":510040,"porcentajeEntregadas":0.9969141339421969,"porcentajePoblacionAdministradas":0.3384304002508822,"porcentajePoblacionPrimeraDosis":0.23967122722103837,"porcentajePoblacionCompletas":0.10085117649489762,"fechaUltRegistro":1619906356000,"etarios":{"unaDosis":{"etarioTotal":{"vacunados":1212102,"personasINE":4269305,"porcentaje":0.283910847315898},"etarioRangos":[{"rango":{"min":16,"max":17},"vacunados":134,"personasINE":103049,"porcentaje":0.001300352259604654},{"rango":{"min":18,"max":24},"vacunados":18071,"personasINE":352834,"porcentaje":0.05121671947714789},{"rango":{"min":25,"max":49},"vacunados":206235,"personasINE":1765967,"porcentaje":0.11678304294474359},{"rango":{"min":50,"max":59},"vacunados":97437,"personasINE":752334,"porcentaje":0.12951295568191787},{"rango":{"min":60,"max":69},"vacunados":255186,"personasINE":580728,"porcentaje":0.4394243087986114},{"rango":{"min":70,"max":79},"vacunados":345201,"personasINE":437862,"porcentaje":0.7883785302218507},{"rango":{"min":80,"max":null},"vacunados":289838,"personasINE":276531,"porcentaje":1}]},"pautaCompleta":{"etarioTotal":{"vacunados":510040,"personasINE":4269305,"porcentaje":0.1194667516141386},"etarioRangos":[{"rango":{"min":16,"max":17},"vacunados":110,"personasINE":103049,"porcentaje":0.0010674533474366564},{"rango":{"min":18,"max":24},"vacunados":5608,"personasINE":352834,"porcentaje":0.01589415985987745},{"rango":{"min":25,"max":49},"vacunados":70268,"personasINE":1765967,"porcentaje":0.03979009800296381},{"rango":{"min":50,"max":59},"vacunados":35172,"personasINE":752334,"porcentaje":0.046750512405394413},{"rango":{"min":60,"max":69},"vacunados":25281,"personasINE":580728,"porcentaje":0.04353328925073356},{"rango":{"min":70,"max":79},"vacunados":98142,"personasINE":437862,"porcentaje":0.2241391123230607},{"rango":{"min":80,"max":null},"vacunados":275459,"personasINE":276531,"porcentaje":0.9961234002697709}]}}},{"ccaa":"Extremadura","dosisAdministradas":453916,"dosisEntregadas":453315,"dosisEntregadasModerna":40800,"dosisEntregadasPfizer":322415,"dosisEntregadasAstrazeneca":84000,"dosisEntregadasJanssen":6100,"dosisPrimeraDosis":311536,"dosisPautaCompletada":145574,"porcentajeEntregadas":1.0013257889105809,"porcentajePoblacionAdministradas":0.42661799439278864,"porcentajePoblacionPrimeraDosis":0.2928005699317755,"porcentajePoblacionCompletas":0.136819340837811,"fechaUltRegistro":1619906356000,"etarios":{"unaDosis":{"etarioTotal":{"vacunados":311536,"personasINE":911213,"porcentaje":0.34189152261875105},"etarioRangos":[{"rango":{"min":16,"max":17},"vacunados":62,"personasINE":20953,"porcentaje":0.002959003483987973},{"rango":{"min":18,"max":24},"vacunados":2349,"personasINE":76088,"porcentaje":0.030872148039112608},{"rango":{"min":25,"max":49},"vacunados":43562,"personasINE":351778,"porcentaje":0.12383378153267117},{"rango":{"min":50,"max":59},"vacunados":24715,"personasINE":169216,"porcentaje":0.14605592851739788},{"rango":{"min":60,"max":69},"vacunados":71770,"personasINE":125297,"porcentaje":0.572799029505894},{"rango":{"min":70,"max":79},"vacunados":91646,"personasINE":91876,"porcentaje":0.9974966258870652},{"rango":{"min":80,"max":null},"vacunados":77432,"personasINE":76005,"porcentaje":1}]},"pautaCompleta":{"etarioTotal":{"vacunados":145574,"personasINE":911213,"porcentaje":0.1597584757899635},"etarioRangos":[{"rango":{"min":16,"max":17},"vacunados":44,"personasINE":20953,"porcentaje":0.0020999379563785615},{"rango":{"min":18,"max":24},"vacunados":935,"personasINE":76088,"porcentaje":0.01228840290190306},{"rango":{"min":25,"max":49},"vacunados":20223,"personasINE":351778,"porcentaje":0.05748796115732081},{"rango":{"min":50,"max":59},"vacunados":13372,"personasINE":169216,"porcentaje":0.0790232602118003},{"rango":{"min":60,"max":69},"vacunados":8281,"personasINE":125297,"porcentaje":0.06609096786036378},{"rango":{"min":70,"max":79},"vacunados":28826,"personasINE":91876,"porcentaje":0.313748965997649},{"rango":{"min":80,"max":null},"vacunados":73893,"personasINE":76005,"porcentaje":0.9722123544503651}]}}},{"ccaa":"Galicia","dosisAdministradas":1194632,"dosisEntregadas":1229725,"dosisEntregadasModerna":113300,"dosisEntregadasPfizer":886975,"dosisEntregadasAstrazeneca":213900,"dosisEntregadasJanssen":15550,"dosisPrimeraDosis":814033,"dosisPautaCompletada":386408,"porcentajeEntregadas":0.9714627254060867,"porcentajePoblacionAdministradas":0.44215841253614696,"porcentajePoblacionPrimeraDosis":0.3012907230277084,"porcentajePoblacionCompletas":0.14301772250472736,"fechaUltRegistro":1619906356000,"etarios":{"unaDosis":{"etarioTotal":{"vacunados":814033,"personasINE":2362643,"porcentaje":0.34454337790347506},"etarioRangos":[{"rango":{"min":16,"max":17},"vacunados":40,"personasINE":44014,"porcentaje":0.0009088017448993502},{"rango":{"min":18,"max":24},"vacunados":5212,"personasINE":152745,"porcentaje":0.034122229860224555},{"rango":{"min":25,"max":49},"vacunados":97753,"personasINE":889004,"porcentaje":0.10995788545383373},{"rango":{"min":50,"max":59},"vacunados":66860,"personasINE":405889,"porcentaje":0.164724838564238},{"rango":{"min":60,"max":69},"vacunados":136149,"personasINE":346927,"porcentaje":0.3924427905582442},{"rango":{"min":70,"max":79},"vacunados":272667,"personasINE":289762,"porcentaje":0.9410033061616085},{"rango":{"min":80,"max":null},"vacunados":235352,"personasINE":234302,"porcentaje":1}]},"pautaCompleta":{"etarioTotal":{"vacunados":386408,"personasINE":2362643,"porcentaje":0.16354904232251763},"etarioRangos":[{"rango":{"min":16,"max":17},"vacunados":9,"personasINE":44014,"porcentaje":0.0002044803926023538},{"rango":{"min":18,"max":24},"vacunados":1671,"personasINE":152745,"porcentaje":0.010939801630167927},{"rango":{"min":25,"max":49},"vacunados":40107,"personasINE":889004,"porcentaje":0.04511453266801949},{"rango":{"min":50,"max":59},"vacunados":24250,"personasINE":405889,"porcentaje":0.059745398372461435},{"rango":{"min":60,"max":69},"vacunados":17365,"personasINE":346927,"porcentaje":0.05005375770695276},{"rango":{"min":70,"max":79},"vacunados":83750,"personasINE":289762,"porcentaje":0.28903030763178056},{"rango":{"min":80,"max":null},"vacunados":219256,"personasINE":234302,"porcentaje":0.9357837321064267}]}}},{"ccaa":"La Rioja","dosisAdministradas":128158,"dosisEntregadas":131095,"dosisEntregadasModerna":11600,"dosisEntregadasPfizer":92495,"dosisEntregadasAstrazeneca":25100,"dosisEntregadasJanssen":1900,"dosisPrimeraDosis":93979,"dosisPautaCompletada":34592,"porcentajeEntregadas":0.9775963995575727,"porcentajePoblacionAdministradas":0.4006014116293754,"porcentajePoblacionPrimeraDosis":0.29376332389329635,"porcentajePoblacionCompletas":0.1081290596847903,"fechaUltRegistro":1619819956000,"etarios":{"unaDosis":{"etarioTotal":{"vacunados":93979,"personasINE":270788,"porcentaje":0.347057476697638},"etarioRangos":[{"rango":{"min":16,"max":17},"vacunados":9,"personasINE":6286,"porcentaje":0.0014317531021317213},{"rango":{"min":18,"max":24},"vacunados":1333,"personasINE":21170,"porcentaje":0.06296646197449221},{"rango":{"min":25,"max":49},"vacunados":13349,"personasINE":107618,"porcentaje":0.12404058800572396},{"rango":{"min":50,"max":59},"vacunados":6967,"personasINE":47664,"porcentaje":0.14616901644847263},{"rango":{"min":60,"max":69},"vacunados":21753,"personasINE":37718,"porcentaje":0.5767272920091203},{"rango":{"min":70,"max":79},"vacunados":27624,"personasINE":28125,"porcentaje":0.9821866666666667},{"rango":{"min":80,"max":null},"vacunados":22944,"personasINE":22207,"porcentaje":1}]},"pautaCompleta":{"etarioTotal":{"vacunados":34592,"personasINE":270788,"porcentaje":0.1277456903555549},"etarioRangos":[{"rango":{"min":16,"max":17},"vacunados":9,"personasINE":6286,"porcentaje":0.0014317531021317213},{"rango":{"min":18,"max":24},"vacunados":395,"personasINE":21170,"porcentaje":0.01865847897968824},{"rango":{"min":25,"max":49},"vacunados":4738,"personasINE":107618,"porcentaje":0.04402609228939397},{"rango":{"min":50,"max":59},"vacunados":3424,"personasINE":47664,"porcentaje":0.07183618663981202},{"rango":{"min":60,"max":69},"vacunados":2542,"personasINE":37718,"porcentaje":0.06739487777718861},{"rango":{"min":70,"max":79},"vacunados":1649,"personasINE":28125,"porcentaje":0.05863111111111111},{"rango":{"min":80,"max":null},"vacunados":21835,"personasINE":22207,"porcentaje":0.9832485252397892}]}}},{"ccaa":"Madrid","dosisAdministradas":2243635,"dosisEntregadas":2319245,"dosisEntregadasModerna":204000,"dosisEntregadasPfizer":1539645,"dosisEntregadasAstrazeneca":536700,"dosisEntregadasJanssen":38900,"dosisPrimeraDosis":1667639,"dosisPautaCompletada":597751,"porcentajeEntregadas":0.9673988733402465,"porcentajePoblacionAdministradas":0.3309250831282169,"porcentajePoblacionPrimeraDosis":0.24596851747403498,"porcentajePoblacionCompletas":0.08816532072506213,"fechaUltRegistro":1619906356000,"etarios":{"unaDosis":{"etarioTotal":{"vacunados":1667639,"personasINE":5695623,"porcentaje":0.292793079879058},"etarioRangos":[{"rango":{"min":16,"max":17},"vacunados":255,"personasINE":135861,"porcentaje":0.0018769183209309515},{"rango":{"min":18,"max":24},"vacunados":23941,"personasINE":479716,"porcentaje":0.049906611411751955},{"rango":{"min":25,"max":49},"vacunados":281588,"personasINE":2513737,"porcentaje":0.11201967429369103},{"rango":{"min":50,"max":59},"vacunados":116773,"personasINE":972783,"porcentaje":0.12004013228027217},{"rango":{"min":60,"max":69},"vacunados":431921,"personasINE":703323,"porcentaje":0.6141147097421811},{"rango":{"min":70,"max":79},"vacunados":450271,"personasINE":526081,"porcentaje":0.8558967155247956},{"rango":{"min":80,"max":null},"vacunados":362890,"personasINE":364122,"porcentaje":0.9966165186393572}]},"pautaCompleta":{"etarioTotal":{"vacunados":597751,"personasINE":5695623,"porcentaje":0.10494918641911517},"etarioRangos":[{"rango":{"min":16,"max":17},"vacunados":118,"personasINE":135861,"porcentaje":0.0008685347524307933},{"rango":{"min":18,"max":24},"vacunados":14170,"personasINE":479716,"porcentaje":0.02953831016684872},{"rango":{"min":25,"max":49},"vacunados":113484,"personasINE":2513737,"porcentaje":0.04514553431802929},{"rango":{"min":50,"max":59},"vacunados":52691,"personasINE":972783,"porcentaje":0.05416521464704872},{"rango":{"min":60,"max":69},"vacunados":54453,"personasINE":703323,"porcentaje":0.07742246450066329},{"rango":{"min":70,"max":79},"vacunados":53323,"personasINE":526081,"porcentaje":0.10135891621252241},{"rango":{"min":80,"max":null},"vacunados":309512,"personasINE":364122,"porcentaje":0.850022794557868}]}}},{"ccaa":"Murcia","dosisAdministradas":450506,"dosisEntregadas":505995,"dosisEntregadasModerna":42500,"dosisEntregadasPfizer":335345,"dosisEntregadasAstrazeneca":119500,"dosisEntregadasJanssen":8650,"dosisPrimeraDosis":328001,"dosisPautaCompletada":122710,"porcentajeEntregadas":0.8903368610361763,"porcentajePoblacionAdministradas":0.2981013742918946,"porcentajePoblacionPrimeraDosis":0.21703939319146853,"porcentajePoblacionCompletas":0.08119763030760609,"fechaUltRegistro":1619906356000,"etarios":{"unaDosis":{"etarioTotal":{"vacunados":328001,"personasINE":1237479,"porcentaje":0.26505581104810666},"etarioRangos":[{"rango":{"min":16,"max":17},"vacunados":118,"personasINE":34712,"porcentaje":0.003399400783590689},{"rango":{"min":18,"max":24},"vacunados":7117,"personasINE":118667,"porcentaje":0.05997455063328474},{"rango":{"min":25,"max":49},"vacunados":58992,"personasINE":551265,"porcentaje":0.10701205409376616},{"rango":{"min":50,"max":59},"vacunados":25725,"personasINE":213256,"porcentaje":0.12062966575383577},{"rango":{"min":60,"max":69},"vacunados":77031,"personasINE":146909,"porcentaje":0.5243450026887393},{"rango":{"min":70,"max":79},"vacunados":87161,"personasINE":102899,"porcentaje":0.8470539072294191},{"rango":{"min":80,"max":null},"vacunados":71857,"personasINE":69771,"porcentaje":1}]},"pautaCompleta":{"etarioTotal":{"vacunados":122710,"personasINE":1237479,"porcentaje":0.09916127869644657},"etarioRangos":[{"rango":{"min":16,"max":17},"vacunados":105,"personasINE":34712,"porcentaje":0.0030248905277713758},{"rango":{"min":18,"max":24},"vacunados":2556,"personasINE":118667,"porcentaje":0.021539265339142306},{"rango":{"min":25,"max":49},"vacunados":27892,"personasINE":551265,"porcentaje":0.05059635565472141},{"rango":{"min":50,"max":59},"vacunados":14013,"personasINE":213256,"porcentaje":0.06570975728701654},{"rango":{"min":60,"max":69},"vacunados":7686,"personasINE":146909,"porcentaje":0.05231810168199361},{"rango":{"min":70,"max":79},"vacunados":7121,"personasINE":102899,"porcentaje":0.0692037823496827},{"rango":{"min":80,"max":null},"vacunados":63337,"personasINE":69771,"porcentaje":0.9077840363474796}]}}},{"ccaa":"Navarra","dosisAdministradas":254526,"dosisEntregadas":252845,"dosisEntregadasModerna":22800,"dosisEntregadasPfizer":173895,"dosisEntregadasAstrazeneca":52300,"dosisEntregadasJanssen":3850,"dosisPrimeraDosis":181064,"dosisPautaCompletada":76793,"porcentajeEntregadas":1.006648341869525,"porcentajePoblacionAdministradas":0.38494730012386624,"porcentajePoblacionPrimeraDosis":0.27384274278316445,"porcentajePoblacionCompletas":0.11614239024073007,"fechaUltRegistro":1619906356000,"etarios":{"unaDosis":{"etarioTotal":{"vacunados":181064,"personasINE":552935,"porcentaje":0.3274598280087171},"etarioRangos":[{"rango":{"min":16,"max":17},"vacunados":6,"personasINE":13906,"porcentaje":0.00043146843089313965},{"rango":{"min":18,"max":24},"vacunados":3375,"personasINE":48505,"porcentaje":0.06958045562313163},{"rango":{"min":25,"max":49},"vacunados":27006,"personasINE":223028,"porcentaje":0.1210879351471564},{"rango":{"min":50,"max":59},"vacunados":14359,"personasINE":96694,"porcentaje":0.1484993898277039},{"rango":{"min":60,"max":69},"vacunados":41560,"personasINE":73844,"porcentaje":0.5628080819023888},{"rango":{"min":70,"max":79},"vacunados":53061,"personasINE":55792,"porcentaje":0.9510503297963866},{"rango":{"min":80,"max":null},"vacunados":41697,"personasINE":41166,"porcentaje":1}]},"pautaCompleta":{"etarioTotal":{"vacunados":76793,"personasINE":552935,"porcentaje":0.1388825087939812},"etarioRangos":[{"rango":{"min":16,"max":17},"vacunados":4,"personasINE":13906,"porcentaje":0.00028764562059542645},{"rango":{"min":18,"max":24},"vacunados":924,"personasINE":48505,"porcentaje":0.01904958251726626},{"rango":{"min":25,"max":49},"vacunados":12478,"personasINE":223028,"porcentaje":0.05594813207310293},{"rango":{"min":50,"max":59},"vacunados":7671,"personasINE":96694,"porcentaje":0.07933274039754276},{"rango":{"min":60,"max":69},"vacunados":5452,"personasINE":73844,"porcentaje":0.073831320080169},{"rango":{"min":70,"max":79},"vacunados":11741,"personasINE":55792,"porcentaje":0.21044235732721536},{"rango":{"min":80,"max":null},"vacunados":38523,"personasINE":41166,"porcentaje":0.9357965311179128}]}}},{"ccaa":"País Vasco","dosisAdministradas":876047,"dosisEntregadas":893080,"dosisEntregadasModerna":81200,"dosisEntregadasPfizer":623430,"dosisEntregadasAstrazeneca":175700,"dosisEntregadasJanssen":12750,"dosisPrimeraDosis":636880,"dosisPautaCompletada":251474,"porcentajeEntregadas":0.9809278004210149,"porcentajePoblacionAdministradas":0.39452619765602764,"porcentajePoblacionPrimeraDosis":0.28681776749782933,"porcentajePoblacionCompletas":0.11325086556925815,"fechaUltRegistro":1619906356000,"etarios":{"unaDosis":{"etarioTotal":{"vacunados":636880,"personasINE":1898123,"porcentaje":0.33553146977303366},"etarioRangos":[{"rango":{"min":16,"max":17},"vacunados":15,"personasINE":41824,"porcentaje":0.000358645753634277},{"rango":{"min":18,"max":24},"vacunados":12204,"personasINE":140323,"porcentaje":0.08697077457009898},{"rango":{"min":25,"max":49},"vacunados":95384,"personasINE":724849,"porcentaje":0.1315915452735673},{"rango":{"min":50,"max":59},"vacunados":52109,"personasINE":339977,"porcentaje":0.1532721331148872},{"rango":{"min":60,"max":69},"vacunados":168471,"personasINE":280119,"porcentaje":0.6014265365790967},{"rango":{"min":70,"max":79},"vacunados":149817,"personasINE":213081,"porcentaje":0.703098821574894},{"rango":{"min":80,"max":null},"vacunados":158880,"personasINE":157950,"porcentaje":1}]},"pautaCompleta":{"etarioTotal":{"vacunados":251474,"personasINE":1898123,"porcentaje":0.13248561868751393},"etarioRangos":[{"rango":{"min":16,"max":17},"vacunados":6,"personasINE":41824,"porcentaje":0.0001434583014537108},{"rango":{"min":18,"max":24},"vacunados":3548,"personasINE":140323,"porcentaje":0.0252845221382097},{"rango":{"min":25,"max":49},"vacunados":38407,"personasINE":724849,"porcentaje":0.05298620816197581},{"rango":{"min":50,"max":59},"vacunados":23629,"personasINE":339977,"porcentaje":0.06950176041320442},{"rango":{"min":60,"max":69},"vacunados":14650,"personasINE":280119,"porcentaje":0.05229920141082897},{"rango":{"min":70,"max":79},"vacunados":32246,"personasINE":213081,"porcentaje":0.1513321225261755},{"rango":{"min":80,"max":null},"vacunados":138988,"personasINE":157950,"porcentaje":0.8799493510604621}]}}},{"ccaa":"Ceuta","dosisAdministradas":22588,"dosisEntregadas":21760,"dosisEntregadasModerna":1800,"dosisEntregadasPfizer":12510,"dosisEntregadasAstrazeneca":7000,"dosisEntregadasJanssen":450,"dosisPrimeraDosis":16152,"dosisPautaCompletada":6863,"porcentajeEntregadas":1.0380514705882353,"porcentajePoblacionAdministradas":0.26825966129070566,"porcentajePoblacionPrimeraDosis":0.19182442222275006,"porcentajePoblacionCompletas":0.08150637752072397,"fechaUltRegistro":1619906356000,"etarios":{"unaDosis":{"etarioTotal":{"vacunados":16152,"personasINE":66158,"porcentaje":0.24414280963753437},"etarioRangos":[{"rango":{"min":16,"max":17},"vacunados":6,"personasINE":2175,"porcentaje":0.002758620689655172},{"rango":{"min":18,"max":24},"vacunados":315,"personasINE":7581,"porcentaje":0.04155124653739612},{"rango":{"min":25,"max":49},"vacunados":3620,"personasINE":30066,"porcentaje":0.12040178274462848},{"rango":{"min":50,"max":59},"vacunados":1874,"personasINE":11556,"porcentaje":0.1621668397369332},{"rango":{"min":60,"max":69},"vacunados":4615,"personasINE":7857,"porcentaje":0.5873743158966527},{"rango":{"min":70,"max":79},"vacunados":3462,"personasINE":4318,"porcentaje":0.8017600741083835},{"rango":{"min":80,"max":null},"vacunados":2260,"personasINE":2605,"porcentaje":0.8675623800383877}]},"pautaCompleta":{"etarioTotal":{"vacunados":6863,"personasINE":66158,"porcentaje":0.10373650956800387},"etarioRangos":[{"rango":{"min":16,"max":17},"vacunados":0,"personasINE":2175,"porcentaje":0},{"rango":{"min":18,"max":24},"vacunados":48,"personasINE":7581,"porcentaje":0.006331618519984171},{"rango":{"min":25,"max":49},"vacunados":876,"personasINE":30066,"porcentaje":0.029135901017760927},{"rango":{"min":50,"max":59},"vacunados":623,"personasINE":11556,"porcentaje":0.05391138802353756},{"rango":{"min":60,"max":69},"vacunados":781,"personasINE":7857,"porcentaje":0.09940180730558737},{"rango":{"min":70,"max":79},"vacunados":2354,"personasINE":4318,"porcentaje":0.5451597962019453},{"rango":{"min":80,"max":null},"vacunados":2181,"personasINE":2605,"porcentaje":0.837236084452975}]}}},{"ccaa":"Melilla","dosisAdministradas":20931,"dosisEntregadas":21660,"dosisEntregadasModerna":1700,"dosisEntregadasPfizer":12510,"dosisEntregadasAstrazeneca":7000,"dosisEntregadasJanssen":450,"dosisPrimeraDosis":14853,"dosisPautaCompletada":6329,"porcentajeEntregadas":0.9663434903047091,"porcentajePoblacionAdministradas":0.24037622306950251,"porcentajePoblacionPrimeraDosis":0.1705751297716937,"porcentajePoblacionCompletas":0.07268363268868575,"fechaUltRegistro":1619733556000,"etarios":{"unaDosis":{"etarioTotal":{"vacunados":14853,"personasINE":66178,"porcentaje":0.22444014627217504},"etarioRangos":[{"rango":{"min":16,"max":17},"vacunados":6,"personasINE":2324,"porcentaje":0.0025817555938037868},{"rango":{"min":18,"max":24},"vacunados":212,"personasINE":8536,"porcentaje":0.02483598875351453},{"rango":{"min":25,"max":49},"vacunados":3391,"personasINE":30095,"porcentaje":0.1126765243395913},{"rango":{"min":50,"max":59},"vacunados":1643,"personasINE":11299,"porcentaje":0.1454110983272856},{"rango":{"min":60,"max":69},"vacunados":4899,"personasINE":7827,"porcentaje":0.6259103104637792},{"rango":{"min":70,"max":79},"vacunados":2876,"personasINE":3748,"porcentaje":0.767342582710779},{"rango":{"min":80,"max":null},"vacunados":1826,"personasINE":2349,"porcentaje":0.7773520647083866}]},"pautaCompleta":{"etarioTotal":{"vacunados":6329,"personasINE":66178,"porcentaje":0.09563601196772341},"etarioRangos":[{"rango":{"min":16,"max":17},"vacunados":6,"personasINE":2324,"porcentaje":0.0025817555938037868},{"rango":{"min":18,"max":24},"vacunados":73,"personasINE":8536,"porcentaje":0.008552014995313965},{"rango":{"min":25,"max":49},"vacunados":873,"personasINE":30095,"porcentaje":0.029008140887190562},{"rango":{"min":50,"max":59},"vacunados":568,"personasINE":11299,"porcentaje":0.050269935392512614},{"rango":{"min":60,"max":69},"vacunados":1071,"personasINE":7827,"porcentaje":0.13683403602912994},{"rango":{"min":70,"max":79},"vacunados":2160,"personasINE":3748,"porcentaje":0.576307363927428},{"rango":{"min":80,"max":null},"vacunados":1578,"personasINE":2349,"porcentaje":0.6717752234993615}]}}},{"ccaa":"Fuerzas Armadas","dosisAdministradas":73168,"dosisEntregadas":85600,"dosisEntregadasModerna":0,"dosisEntregadasPfizer":19500,"dosisEntregadasAstrazeneca":66100,"dosisEntregadasJanssen":0,"dosisPrimeraDosis":65032,"dosisPautaCompletada":8136,"porcentajeEntregadas":0.854766355140187,"porcentajePoblacionAdministradas":null,"porcentajePoblacionPrimeraDosis":null,"porcentajePoblacionCompletas":null,"fechaUltRegistro":1619647156000},{"ccaa":"Totales","dosisAdministradas":17178566,"dosisEntregadas":17610225,"dosisEntregadasModerna":1561200,"dosisEntregadasPfizer":11956425,"dosisEntregadasAstrazeneca":3820200,"dosisEntregadasJanssen":272400,"dosisPrimeraDosis":12196079,"dosisPautaCompletada":5113598,"porcentajeEntregadas":0.9754881609973751,"porcentajePoblacionAdministradas":0.36596859821048144,"porcentajePoblacionPrimeraDosis":0.259822731146144,"porcentajePoblacionCompletas":0.10893902854708139,"fechaUltRegistro":null,"etarios":{"unaDosis":{"etarioTotal":{"vacunados":12196079,"personasINE":40129822,"porcentaje":0.3039156017188414},"etarioRangos":[{"rango":{"min":16,"max":17},"vacunados":1822,"personasINE":949049,"porcentaje":0.001919816574275933},{"rango":{"min":18,"max":24},"vacunados":186380,"personasINE":3310299,"porcentaje":0.056303071112307375},{"rango":{"min":25,"max":49},"vacunados":1927778,"personasINE":16706113,"porcentaje":0.11539356880921373},{"rango":{"min":50,"max":59},"vacunados":938534,"personasINE":7033306,"porcentaje":0.13344137166788989},{"rango":{"min":60,"max":69},"vacunados":2961573,"personasINE":5336986,"porcentaje":0.5549148901645985},{"rango":{"min":70,"max":79},"vacunados":3317764,"personasINE":3960045,"porcentaje":0.8378096713547447},{"rango":{"min":80,"max":null},"vacunados":2862228,"personasINE":2834024,"porcentaje":1}]},"pautaCompleta":{"etarioTotal":{"vacunados":5113598,"personasINE":40129822,"porcentaje":0.12742638130814535},"etarioRangos":[{"rango":{"min":16,"max":17},"vacunados":1227,"personasINE":949049,"porcentaje":0.0012928731814690285},{"rango":{"min":18,"max":24},"vacunados":77764,"personasINE":3310299,"porcentaje":0.023491533544250837},{"rango":{"min":25,"max":49},"vacunados":804500,"personasINE":16706113,"porcentaje":0.048156025282481925},{"rango":{"min":50,"max":59},"vacunados":443037,"personasINE":7033306,"porcentaje":0.06299128745429247},{"rango":{"min":60,"max":69},"vacunados":336720,"personasINE":5336986,"porcentaje":0.06309179001031669},{"rango":{"min":70,"max":79},"vacunados":818856,"personasINE":3960045,"porcentaje":0.20677946841513165},{"rango":{"min":80,"max":null},"vacunados":2631494,"personasINE":2834024,"porcentaje":0.9285362438709058}]}}}]