[{"ccaa":"Andalucía","dosisAdministradas":506973,"dosisEntregadas":679510,"dosisEntregadasModerna":36300,"dosisEntregadasPfizer":568710,"dosisEntregadasAstrazeneca":74500,"dosisPautaCompletada":202631,"porcentajeEntregadas":0.746086150314197,"porcentajePoblacionAdministradas":0.059894657761774564,"porcentajePoblacionCompletas":0.023939173085994997,"fechaUltRegistro":1613520000000},{"ccaa":"Aragón","dosisAdministradas":101956,"dosisEntregadas":114255,"dosisEntregadasModerna":6300,"dosisEntregadasPfizer":96255,"dosisEntregadasAstrazeneca":11700,"dosisPautaCompletada":40945,"porcentajeEntregadas":0.8923548203579712,"porcentajePoblacionAdministradas":0.07669376428755724,"porcentajePoblacionCompletas":0.03079981735997912,"fechaUltRegistro":1613520000000},{"ccaa":"Asturias","dosisAdministradas":85458,"dosisEntregadas":113315,"dosisEntregadasModerna":6300,"dosisEntregadasPfizer":98015,"dosisEntregadasAstrazeneca":9000,"dosisPautaCompletada":35251,"porcentajeEntregadas":0.7541631734545294,"porcentajePoblacionAdministradas":0.08388235386499984,"porcentajePoblacionCompletas":0.03460105380532085,"fechaUltRegistro":1613520000000},{"ccaa":"Baleares","dosisAdministradas":46824,"dosisEntregadas":63000,"dosisEntregadasModerna":3200,"dosisEntregadasPfizer":49500,"dosisEntregadasAstrazeneca":10300,"dosisPautaCompletada":19906,"porcentajeEntregadas":0.7432380952380953,"porcentajePoblacionAdministradas":0.039967803145083025,"porcentajePoblacionCompletas":0.016991267072570107,"fechaUltRegistro":1613520000000},{"ccaa":"Canarias","dosisAdministradas":111897,"dosisEntregadas":137320,"dosisEntregadasModerna":7000,"dosisEntregadasPfizer":111120,"dosisEntregadasAstrazeneca":19200,"dosisPautaCompletada":46799,"porcentajeEntregadas":0.8148630935042237,"porcentajePoblacionAdministradas":0.051424388037971426,"porcentajePoblacionCompletas":0.021507367809584035,"fechaUltRegistro":1613520000000},{"ccaa":"Cantabria","dosisAdministradas":44700,"dosisEntregadas":55535,"dosisEntregadasModerna":2900,"dosisEntregadasPfizer":47535,"dosisEntregadasAstrazeneca":5100,"dosisPautaCompletada":19118,"porcentajeEntregadas":0.8048978121905105,"porcentajePoblacionAdministradas":0.07668488004048687,"porcentajePoblacionCompletas":0.032797797239687426,"fechaUltRegistro":1613520000000},{"ccaa":"Castilla y Leon","dosisAdministradas":202462,"dosisEntregadas":246085,"dosisEntregadasModerna":13500,"dosisEntregadasPfizer":211485,"dosisEntregadasAstrazeneca":21100,"dosisPautaCompletada":83192,"porcentajeEntregadas":0.8227319828514538,"porcentajePoblacionAdministradas":0.08453817625488638,"porcentajePoblacionCompletas":0.0347368886951453,"fechaUltRegistro":1613520000000},{"ccaa":"Castilla La Mancha","dosisAdministradas":137438,"dosisEntregadas":170975,"dosisEntregadasModerna":9200,"dosisEntregadasPfizer":143775,"dosisEntregadasAstrazeneca":18000,"dosisPautaCompletada":58335,"porcentajeEntregadas":0.8038485158648925,"porcentajePoblacionAdministradas":0.06719958381025816,"porcentajePoblacionCompletas":0.028522589979273632,"fechaUltRegistro":1613520000000},{"ccaa":"Cataluña","dosisAdministradas":443181,"dosisEntregadas":589680,"dosisEntregadasModerna":31400,"dosisEntregadasPfizer":489680,"dosisEntregadasAstrazeneca":68600,"dosisPautaCompletada":170429,"porcentajeEntregadas":0.7515618640618641,"porcentajePoblacionAdministradas":0.05696063185826991,"porcentajePoblacionCompletas":0.02190469250029465,"fechaUltRegistro":1613520000000},{"ccaa":"C. Valenciana","dosisAdministradas":233828,"dosisEntregadas":307260,"dosisEntregadasModerna":15700,"dosisEntregadasPfizer":247060,"dosisEntregadasAstrazeneca":44500,"dosisPautaCompletada":96724,"porcentajeEntregadas":0.7610102193581982,"porcentajePoblacionAdministradas":0.046235253896653054,"porcentajePoblacionCompletas":0.019125419957831697,"fechaUltRegistro":1613520000000},{"ccaa":"Extremadura","dosisAdministradas":85553,"dosisEntregadas":103115,"dosisEntregadasModerna":5400,"dosisEntregadasPfizer":88415,"dosisEntregadasAstrazeneca":9300,"dosisPautaCompletada":35477,"porcentajeEntregadas":0.8296853028172428,"porcentajePoblacionAdministradas":0.08040793731502359,"porcentajePoblacionCompletas":0.03334345250458887,"fechaUltRegistro":1613520000000},{"ccaa":"Galicia","dosisAdministradas":142844,"dosisEntregadas":186985,"dosisEntregadasModerna":9800,"dosisEntregadasPfizer":153385,"dosisEntregadasAstrazeneca":23800,"dosisPautaCompletada":57531,"porcentajeEntregadas":0.7639329357969891,"porcentajePoblacionAdministradas":0.052869566762244254,"porcentajePoblacionCompletas":0.021293432313563565,"fechaUltRegistro":1613520000000},{"ccaa":"La Rioja","dosisAdministradas":22749,"dosisEntregadas":27665,"dosisEntregadasModerna":1400,"dosisEntregadasPfizer":23465,"dosisEntregadasAstrazeneca":2800,"dosisPautaCompletada":8812,"porcentajeEntregadas":0.8223025483462859,"porcentajePoblacionAdministradas":0.07110973574148052,"porcentajePoblacionCompletas":0.027544902692598634,"fechaUltRegistro":1613520000000},{"ccaa":"Madrid","dosisAdministradas":364384,"dosisEntregadas":484095,"dosisEntregadasModerna":25400,"dosisEntregadasPfizer":398895,"dosisEntregadasAstrazeneca":59800,"dosisPautaCompletada":163768,"porcentajeEntregadas":0.7527117611212675,"porcentajePoblacionAdministradas":0.05374484062273595,"porcentajePoblacionCompletas":0.024154971291561158,"fechaUltRegistro":1613520000000},{"ccaa":"Murcia","dosisAdministradas":96682,"dosisEntregadas":123585,"dosisEntregadasModerna":6600,"dosisEntregadasPfizer":103685,"dosisEntregadasAstrazeneca":13300,"dosisPautaCompletada":42022,"porcentajeEntregadas":0.7823117692276571,"porcentajePoblacionAdministradas":0.0639748129198922,"porcentajePoblacionCompletas":0.027806102361553443,"fechaUltRegistro":1613520000000},{"ccaa":"Navarra","dosisAdministradas":43893,"dosisEntregadas":55065,"dosisEntregadasModerna":2900,"dosisEntregadasPfizer":46365,"dosisEntregadasAstrazeneca":5800,"dosisPautaCompletada":17700,"porcentajeEntregadas":0.7971125034050668,"porcentajePoblacionAdministradas":0.0663841487484063,"porcentajePoblacionCompletas":0.02676963144115899,"fechaUltRegistro":1613520000000},{"ccaa":"País Vasco","dosisAdministradas":104091,"dosisEntregadas":154850,"dosisEntregadasModerna":7900,"dosisEntregadasPfizer":127350,"dosisEntregadasAstrazeneca":19600,"dosisPautaCompletada":43642,"porcentajeEntregadas":0.6722053600258314,"porcentajePoblacionAdministradas":0.046877195447520024,"porcentajePoblacionCompletas":0.019654096547450487,"fechaUltRegistro":1613520000000},{"ccaa":"Ceuta","dosisAdministradas":4434,"dosisEntregadas":5520,"dosisEntregadasModerna":400,"dosisEntregadasPfizer":4320,"dosisEntregadasAstrazeneca":800,"dosisPautaCompletada":1019,"porcentajeEntregadas":0.8032608695652174,"porcentajePoblacionAdministradas":0.05265908173202537,"porcentajePoblacionCompletas":0.012101850312344125,"fechaUltRegistro":1613520000000},{"ccaa":"Melilla","dosisAdministradas":3404,"dosisEntregadas":4350,"dosisEntregadasModerna":400,"dosisEntregadasPfizer":3150,"dosisEntregadasAstrazeneca":800,"dosisPautaCompletada":1255,"porcentajeEntregadas":0.782528735632184,"porcentajePoblacionAdministradas":0.03909228719739079,"porcentajePoblacionCompletas":0.014412696954384675,"fechaUltRegistro":1613520000000},{"ccaa":"Totales","dosisAdministradas":2782751,"dosisEntregadas":3622165,"dosisEntregadasModerna":192000,"dosisEntregadasPfizer":3012165,"dosisEntregadasAstrazeneca":418000,"dosisPautaCompletada":1144556,"porcentajeEntregadas":0.7682562776681902,"porcentajePoblacionAdministradas":0.059283148700468684,"porcentajePoblacionCompletas":0.02438338304218151,"fechaUltRegistro":null}]