[{"ccaa":"Andalucía","dosisAdministradas":878194,"dosisEntregadas":1021430,"dosisEntregadasModerna":73300,"dosisEntregadasPfizer":739530,"dosisEntregadasAstrazeneca":208600,"dosisPautaCompletada":244049,"porcentajeEntregadas":0.8597691471760179,"porcentajePoblacionAdministradas":0.1037513419421623,"porcentajePoblacionCompletas":0.028832366481259003,"fechaUltRegistro":1614816000000},{"ccaa":"Aragón","dosisAdministradas":150631,"dosisEntregadas":175485,"dosisEntregadasModerna":12600,"dosisEntregadasPfizer":130185,"dosisEntregadasAstrazeneca":32700,"dosisPautaCompletada":49532,"porcentajeEntregadas":0.8583696612246061,"porcentajePoblacionAdministradas":0.1133082742398587,"porcentajePoblacionCompletas":0.037259166039186366,"fechaUltRegistro":1614816000000},{"ccaa":"Asturias","dosisAdministradas":128729,"dosisEntregadas":166335,"dosisEntregadasModerna":12700,"dosisEntregadasPfizer":128435,"dosisEntregadasAstrazeneca":25200,"dosisPautaCompletada":43690,"porcentajeEntregadas":0.773914089037184,"porcentajePoblacionAdministradas":0.1263555375820586,"porcentajePoblacionCompletas":0.042884458334642085,"fechaUltRegistro":1614816000000},{"ccaa":"Baleares","dosisAdministradas":74598,"dosisEntregadas":101180,"dosisEntregadasModerna":6500,"dosisEntregadasPfizer":65880,"dosisEntregadasAstrazeneca":28800,"dosisPautaCompletada":23934,"porcentajeEntregadas":0.7372800948804111,"porcentajePoblacionAdministradas":0.06367499955187304,"porcentajePoblacionCompletas":0.020429467804425446,"fechaUltRegistro":1614816000000},{"ccaa":"Canarias","dosisAdministradas":167802,"dosisEntregadas":216560,"dosisEntregadasModerna":14300,"dosisEntregadasPfizer":148560,"dosisEntregadasAstrazeneca":53700,"dosisPautaCompletada":54601,"porcentajeEntregadas":0.7748522349464352,"porcentajePoblacionAdministradas":0.07711659080715015,"porcentajePoblacionCompletas":0.02509292484393038,"fechaUltRegistro":1614816000000},{"ccaa":"Cantabria","dosisAdministradas":66555,"dosisEntregadas":82945,"dosisEntregadasModerna":5900,"dosisEntregadasPfizer":62745,"dosisEntregadasAstrazeneca":14300,"dosisPautaCompletada":20759,"porcentajeEntregadas":0.8023991801796371,"porcentajePoblacionAdministradas":0.11417812508041619,"porcentajePoblacionCompletas":0.03561300726533483,"fechaUltRegistro":1614816000000},{"ccaa":"Castilla y Leon","dosisAdministradas":293772,"dosisEntregadas":371495,"dosisEntregadasModerna":27300,"dosisEntregadasPfizer":285195,"dosisEntregadasAstrazeneca":59000,"dosisPautaCompletada":97774,"porcentajeEntregadas":0.7907831868531205,"porcentajePoblacionAdministradas":0.1226647425924395,"porcentajePoblacionCompletas":0.04082561490623061,"fechaUltRegistro":1614816000000},{"ccaa":"Castilla La Mancha","dosisAdministradas":195716,"dosisEntregadas":259575,"dosisEntregadasModerna":18600,"dosisEntregadasPfizer":190575,"dosisEntregadasAstrazeneca":50400,"dosisPautaCompletada":71960,"porcentajeEntregadas":0.7539863237985168,"porcentajePoblacionAdministradas":0.09569430394074772,"porcentajePoblacionCompletas":0.03518446172809687,"fechaUltRegistro":1614816000000},{"ccaa":"Cataluña","dosisAdministradas":734794,"dosisEntregadas":906440,"dosisEntregadasModerna":63400,"dosisEntregadasPfizer":651140,"dosisEntregadasAstrazeneca":191900,"dosisPautaCompletada":192984,"porcentajeEntregadas":0.8106372181280614,"porcentajePoblacionAdministradas":0.09444071502538597,"porcentajePoblacionCompletas":0.02480361427619045,"fechaUltRegistro":1614816000000},{"ccaa":"C. Valenciana","dosisAdministradas":394016,"dosisEntregadas":497060,"dosisEntregadasModerna":31700,"dosisEntregadasPfizer":340660,"dosisEntregadasAstrazeneca":124700,"dosisPautaCompletada":113075,"porcentajeEntregadas":0.7926930350460709,"porcentajePoblacionAdministradas":0.07790953093446315,"porcentajePoblacionCompletas":0.022358534197632635,"fechaUltRegistro":1614816000000},{"ccaa":"Extremadura","dosisAdministradas":125191,"dosisEntregadas":152425,"dosisEntregadasModerna":10900,"dosisEntregadasPfizer":115325,"dosisEntregadasAstrazeneca":26200,"dosisPautaCompletada":43176,"porcentajeEntregadas":0.8213285222240446,"porcentajePoblacionAdministradas":0.11766215188719412,"porcentajePoblacionCompletas":0.04057944316988835,"fechaUltRegistro":1614816000000},{"ccaa":"Galicia","dosisAdministradas":255614,"dosisEntregadas":309015,"dosisEntregadasModerna":19900,"dosisEntregadasPfizer":222415,"dosisEntregadasAstrazeneca":66700,"dosisPautaCompletada":68562,"porcentajeEntregadas":0.8271896186269275,"porcentajePoblacionAdministradas":0.09460811401503949,"porcentajePoblacionCompletas":0.025376237268299615,"fechaUltRegistro":1614816000000},{"ccaa":"La Rioja","dosisAdministradas":33316,"dosisEntregadas":42155,"dosisEntregadasModerna":2700,"dosisEntregadasPfizer":31655,"dosisEntregadasAstrazeneca":7800,"dosisPautaCompletada":10329,"porcentajeEntregadas":0.7903214328074961,"porcentajePoblacionAdministradas":0.10414048775608445,"porcentajePoblacionCompletas":0.03228680207805848,"fechaUltRegistro":1614816000000},{"ccaa":"Madrid","dosisAdministradas":598738,"dosisEntregadas":748435,"dosisEntregadasModerna":51300,"dosisEntregadasPfizer":529935,"dosisEntregadasAstrazeneca":167200,"dosisPautaCompletada":177916,"porcentajeEntregadas":0.7999866387862673,"porcentajePoblacionAdministradas":0.0883108983511232,"porcentajePoblacionCompletas":0.02624173142683183,"fechaUltRegistro":1614816000000},{"ccaa":"Murcia","dosisAdministradas":137200,"dosisEntregadas":184705,"dosisEntregadasModerna":13400,"dosisEntregadasPfizer":134105,"dosisEntregadasAstrazeneca":37200,"dosisPautaCompletada":51169,"porcentajeEntregadas":0.742806096207466,"porcentajePoblacionAdministradas":0.09078571329315911,"porcentajePoblacionCompletas":0.0338587038155806,"fechaUltRegistro":1614816000000},{"ccaa":"Navarra","dosisAdministradas":68249,"dosisEntregadas":84845,"dosisEntregadasModerna":5900,"dosisEntregadasPfizer":62745,"dosisEntregadasAstrazeneca":16200,"dosisPautaCompletada":23670,"porcentajeEntregadas":0.804396251988921,"porcentajePoblacionAdministradas":0.10322037153828587,"porcentajePoblacionCompletas":0.035798710520465155,"fechaUltRegistro":1614816000000},{"ccaa":"País Vasco","dosisAdministradas":155955,"dosisEntregadas":248460,"dosisEntregadasModerna":16000,"dosisEntregadasPfizer":177660,"dosisEntregadasAstrazeneca":54800,"dosisPautaCompletada":52452,"porcentajeEntregadas":0.6276865491427192,"porcentajePoblacionAdministradas":0.0702340549713038,"porcentajePoblacionCompletas":0.023621664270814195,"fechaUltRegistro":1614816000000},{"ccaa":"Ceuta","dosisAdministradas":7104,"dosisEntregadas":8290,"dosisEntregadasModerna":600,"dosisEntregadasPfizer":5490,"dosisEntregadasAstrazeneca":2200,"dosisPautaCompletada":1577,"porcentajeEntregadas":0.8569360675512666,"porcentajePoblacionAdministradas":0.08436854231490938,"porcentajePoblacionCompletas":0.01872877128809292,"fechaUltRegistro":1614556800000},{"ccaa":"Melilla","dosisAdministradas":5403,"dosisEntregadas":7120,"dosisEntregadasModerna":600,"dosisEntregadasPfizer":4320,"dosisEntregadasAstrazeneca":2200,"dosisPautaCompletada":1276,"porcentajeEntregadas":0.7588483146067416,"porcentajePoblacionAdministradas":0.06204924433827921,"porcentajePoblacionCompletas":0.014653865588681153,"fechaUltRegistro":1614816000000},{"ccaa":"Totales","dosisAdministradas":4471577,"dosisEntregadas":5583955,"dosisEntregadasModerna":387600,"dosisEntregadasPfizer":4026555,"dosisEntregadasAstrazeneca":1169800,"dosisPautaCompletada":1342485,"porcentajeEntregadas":0.8007903000650972,"porcentajePoblacionAdministradas":0.09526154665530465,"porcentajePoblacionCompletas":0.028600021303792075,"fechaUltRegistro":null}]