[{"ccaa":"Andalucía","dosisAdministradas":4411991,"dosisEntregadas":4523240,"dosisEntregadasModerna":447000,"dosisEntregadasPfizer":2919240,"dosisEntregadasAstrazeneca":1054200,"dosisEntregadasJanssen":102800,"dosisPrimeraDosis":3014242,"dosisPautaCompletada":1446707,"porcentajeEntregadas":0.9754050194108648,"porcentajePoblacionAdministradas":0.5212401666223438,"porcentajePoblacionPrimeraDosis":0.3561077079078509,"porcentajePoblacionCompletas":0.1709164406123474,"fechaUltRegistro":1621987200000,"etarios":{"unaDosis":{"etarioTotal":{"vacunados":3014242,"personasINE":7062213,"porcentaje":0.42681267189194094},"etarioRangos":[{"rango":{"min":16,"max":17},"vacunados":513,"personasINE":181921,"porcentaje":0.0028199053435282347},{"rango":{"min":18,"max":24},"vacunados":38038,"personasINE":625846,"porcentaje":0.06077853018154626},{"rango":{"min":25,"max":49},"vacunados":383707,"personasINE":3009381,"porcentaje":0.12750362948393706},{"rango":{"min":50,"max":59},"vacunados":712500,"personasINE":1265021,"porcentaje":0.5632317566269651},{"rango":{"min":60,"max":69},"vacunados":812410,"personasINE":916147,"porcentaje":0.8867681714833973},{"rango":{"min":70,"max":79},"vacunados":637662,"personasINE":650381,"porcentaje":0.9804437706513567},{"rango":{"min":80,"max":null},"vacunados":429412,"personasINE":413516,"porcentaje":1}]},"pautaCompleta":{"etarioTotal":{"vacunados":1446707,"personasINE":7062213,"porcentaje":0.20485179362333025},"etarioRangos":[{"rango":{"min":16,"max":17},"vacunados":361,"personasINE":181921,"porcentaje":0.0019843778343346836},{"rango":{"min":18,"max":24},"vacunados":16079,"personasINE":625846,"porcentaje":0.025691623817999956},{"rango":{"min":25,"max":49},"vacunados":169782,"personasINE":3009381,"porcentaje":0.05641758222039682},{"rango":{"min":50,"max":59},"vacunados":102820,"personasINE":1265021,"porcentaje":0.08127928311071515},{"rango":{"min":60,"max":69},"vacunados":144862,"personasINE":916147,"porcentaje":0.1581209129102644},{"rango":{"min":70,"max":79},"vacunados":593603,"personasINE":650381,"porcentaje":0.9127004017645042},{"rango":{"min":80,"max":null},"vacunados":419200,"personasINE":413516,"porcentaje":1}]}}},{"ccaa":"Aragón","dosisAdministradas":800211,"dosisEntregadas":833865,"dosisEntregadasModerna":84500,"dosisEntregadasPfizer":567765,"dosisEntregadasAstrazeneca":165600,"dosisEntregadasJanssen":16000,"dosisPrimeraDosis":522723,"dosisPautaCompletada":287048,"porcentajeEntregadas":0.9596409490744905,"porcentajePoblacionAdministradas":0.6019380302710038,"porcentajePoblacionPrimeraDosis":0.3932048584652672,"porcentajePoblacionCompletas":0.21592443457192054,"fechaUltRegistro":1621987200000,"etarios":{"unaDosis":{"etarioTotal":{"vacunados":522723,"personasINE":1132764,"porcentaje":0.4614579912497219},"etarioRangos":[{"rango":{"min":16,"max":17},"vacunados":58,"personasINE":25106,"porcentaje":0.0023102047319365888},{"rango":{"min":18,"max":24},"vacunados":6683,"personasINE":89180,"porcentaje":0.07493832697914331},{"rango":{"min":25,"max":49},"vacunados":61381,"personasINE":446083,"porcentaje":0.13759995337190611},{"rango":{"min":50,"max":59},"vacunados":97689,"personasINE":198266,"porcentaje":0.49271685513401187},{"rango":{"min":60,"max":69},"vacunados":140312,"personasINE":156367,"porcentaje":0.8973248831275141},{"rango":{"min":70,"max":79},"vacunados":116355,"personasINE":118955,"porcentaje":0.9781429952503048},{"rango":{"min":80,"max":null},"vacunados":100245,"personasINE":98807,"porcentaje":1}]},"pautaCompleta":{"etarioTotal":{"vacunados":287048,"personasINE":1132764,"porcentaje":0.2534049457786441},"etarioRangos":[{"rango":{"min":16,"max":17},"vacunados":33,"personasINE":25106,"porcentaje":0.0013144268302397832},{"rango":{"min":18,"max":24},"vacunados":1770,"personasINE":89180,"porcentaje":0.019847499439336173},{"rango":{"min":25,"max":49},"vacunados":25761,"personasINE":446083,"porcentaje":0.05774934261112842},{"rango":{"min":50,"max":59},"vacunados":17400,"personasINE":198266,"porcentaje":0.0877608868893305},{"rango":{"min":60,"max":69},"vacunados":35081,"personasINE":156367,"porcentaje":0.22435040641567594},{"rango":{"min":70,"max":79},"vacunados":109092,"personasINE":118955,"porcentaje":0.9170862931360598},{"rango":{"min":80,"max":null},"vacunados":97911,"personasINE":98807,"porcentaje":0.9909318165717004}]}}},{"ccaa":"Asturias","dosisAdministradas":727195,"dosisEntregadas":733385,"dosisEntregadasModerna":73600,"dosisEntregadasPfizer":520385,"dosisEntregadasAstrazeneca":127000,"dosisEntregadasJanssen":12400,"dosisPrimeraDosis":470971,"dosisPautaCompletada":264215,"porcentajeEntregadas":0.9915596855676078,"porcentajePoblacionAdministradas":0.7137872208436724,"porcentajePoblacionPrimeraDosis":0.46228739359864307,"porcentajePoblacionCompletas":0.2593434918491064,"fechaUltRegistro":1621987200000,"etarios":{"unaDosis":{"etarioTotal":{"vacunados":470971,"personasINE":901209,"porcentaje":0.5225990863384631},"etarioRangos":[{"rango":{"min":16,"max":17},"vacunados":43,"personasINE":15563,"porcentaje":0.002762963438925657},{"rango":{"min":18,"max":24},"vacunados":4540,"personasINE":54179,"porcentaje":0.08379630484135919},{"rango":{"min":25,"max":49},"vacunados":45059,"personasINE":322095,"porcentaje":0.13989350967882147},{"rango":{"min":50,"max":59},"vacunados":86852,"personasINE":162645,"porcentaje":0.5339973562052323},{"rango":{"min":60,"max":69},"vacunados":134196,"personasINE":149652,"porcentaje":0.8967203913078342},{"rango":{"min":70,"max":79},"vacunados":112261,"personasINE":109249,"porcentaje":1},{"rango":{"min":80,"max":null},"vacunados":88020,"personasINE":87826,"porcentaje":1}]},"pautaCompleta":{"etarioTotal":{"vacunados":264215,"personasINE":901209,"porcentaje":0.2931783859237979},"etarioRangos":[{"rango":{"min":16,"max":17},"vacunados":36,"personasINE":15563,"porcentaje":0.0023131786930540386},{"rango":{"min":18,"max":24},"vacunados":3779,"personasINE":54179,"porcentaje":0.06975027224570406},{"rango":{"min":25,"max":49},"vacunados":34152,"personasINE":322095,"porcentaje":0.1060308294136823},{"rango":{"min":50,"max":59},"vacunados":20794,"personasINE":162645,"porcentaje":0.12784899628024224},{"rango":{"min":60,"max":69},"vacunados":20004,"personasINE":149652,"porcentaje":0.13367011466602519},{"rango":{"min":70,"max":79},"vacunados":99368,"personasINE":109249,"porcentaje":0.9095552362035351},{"rango":{"min":80,"max":null},"vacunados":86082,"personasINE":87826,"porcentaje":0.9801425545965887}]}}},{"ccaa":"Baleares","dosisAdministradas":518077,"dosisEntregadas":555630,"dosisEntregadasModerna":54800,"dosisEntregadasPfizer":340830,"dosisEntregadasAstrazeneca":145800,"dosisEntregadasJanssen":14200,"dosisPrimeraDosis":371487,"dosisPautaCompletada":154356,"porcentajeEntregadas":0.9324136565700196,"porcentajePoblacionAdministradas":0.44221765654354983,"porcentajePoblacionPrimeraDosis":0.3170920742985959,"porcentajePoblacionCompletas":0.13175444691317348,"fechaUltRegistro":1621987200000,"etarios":{"unaDosis":{"etarioTotal":{"vacunados":371487,"personasINE":986279,"porcentaje":0.376655084413234},"etarioRangos":[{"rango":{"min":16,"max":17},"vacunados":41,"personasINE":23300,"porcentaje":0.001759656652360515},{"rango":{"min":18,"max":24},"vacunados":4385,"personasINE":85839,"porcentaje":0.05108400610445136},{"rango":{"min":25,"max":49},"vacunados":50247,"personasINE":464054,"porcentaje":0.10827834691652265},{"rango":{"min":50,"max":59},"vacunados":97097,"personasINE":165797,"porcentaje":0.5856378583448434},{"rango":{"min":60,"max":69},"vacunados":93748,"personasINE":117231,"porcentaje":0.7996860898567785},{"rango":{"min":70,"max":79},"vacunados":75711,"personasINE":80516,"porcentaje":0.9403224203884942},{"rango":{"min":80,"max":null},"vacunados":50258,"personasINE":49542,"porcentaje":1}]},"pautaCompleta":{"etarioTotal":{"vacunados":154356,"personasINE":986279,"porcentaje":0.15650338291700422},"etarioRangos":[{"rango":{"min":16,"max":17},"vacunados":35,"personasINE":23300,"porcentaje":0.0015021459227467812},{"rango":{"min":18,"max":24},"vacunados":1552,"personasINE":85839,"porcentaje":0.01808035974324025},{"rango":{"min":25,"max":49},"vacunados":20694,"personasINE":464054,"porcentaje":0.04459394811810694},{"rango":{"min":50,"max":59},"vacunados":10830,"personasINE":165797,"porcentaje":0.0653208441648522},{"rango":{"min":60,"max":69},"vacunados":6640,"personasINE":117231,"porcentaje":0.05664030845083638},{"rango":{"min":70,"max":79},"vacunados":65880,"personasINE":80516,"porcentaje":0.8182224651001043},{"rango":{"min":80,"max":null},"vacunados":48725,"personasINE":49542,"porcentaje":0.9835089419078762}]}}},{"ccaa":"Canarias","dosisAdministradas":995872,"dosisEntregadas":1112360,"dosisEntregadasModerna":104800,"dosisEntregadasPfizer":710160,"dosisEntregadasAstrazeneca":271000,"dosisEntregadasJanssen":26400,"dosisPrimeraDosis":710238,"dosisPautaCompletada":309230,"porcentajeEntregadas":0.895278506958179,"porcentajePoblacionAdministradas":0.45767186040868546,"porcentajePoblacionPrimeraDosis":0.32640333977955394,"porcentajePoblacionCompletas":0.14211250983477577,"fechaUltRegistro":1621987200000,"etarios":{"unaDosis":{"etarioTotal":{"vacunados":710238,"personasINE":1871033,"porcentaje":0.3795967254452487},"etarioRangos":[{"rango":{"min":16,"max":17},"vacunados":78,"personasINE":44352,"porcentaje":0.0017586580086580087},{"rango":{"min":18,"max":24},"vacunados":7909,"personasINE":163899,"porcentaje":0.048255327976375696},{"rango":{"min":25,"max":49},"vacunados":105398,"personasINE":832411,"porcentaje":0.12661774051520222},{"rango":{"min":50,"max":59},"vacunados":166311,"personasINE":350512,"porcentaje":0.4744801889806911},{"rango":{"min":60,"max":69},"vacunados":195879,"personasINE":235092,"porcentaje":0.8332014700627839},{"rango":{"min":70,"max":79},"vacunados":144403,"personasINE":154531,"porcentaje":0.9344597524121374},{"rango":{"min":80,"max":null},"vacunados":90260,"personasINE":90236,"porcentaje":1}]},"pautaCompleta":{"etarioTotal":{"vacunados":309230,"personasINE":1871033,"porcentaje":0.16527233886307724},"etarioRangos":[{"rango":{"min":16,"max":17},"vacunados":56,"personasINE":44352,"porcentaje":0.0012626262626262627},{"rango":{"min":18,"max":24},"vacunados":2907,"personasINE":163899,"porcentaje":0.01773653286475207},{"rango":{"min":25,"max":49},"vacunados":39824,"personasINE":832411,"porcentaje":0.047841751250283816},{"rango":{"min":50,"max":59},"vacunados":34588,"personasINE":350512,"porcentaje":0.09867850458757475},{"rango":{"min":60,"max":69},"vacunados":19496,"personasINE":235092,"porcentaje":0.08292923621390774},{"rango":{"min":70,"max":79},"vacunados":126325,"personasINE":154531,"porcentaje":0.817473516640674},{"rango":{"min":80,"max":null},"vacunados":86034,"personasINE":90236,"porcentaje":0.9534332195576045}]}}},{"ccaa":"Cantabria","dosisAdministradas":346706,"dosisEntregadas":368635,"dosisEntregadasModerna":36900,"dosisEntregadasPfizer":252285,"dosisEntregadasAstrazeneca":72500,"dosisEntregadasJanssen":6950,"dosisPrimeraDosis":230025,"dosisPautaCompletada":120945,"porcentajeEntregadas":0.94051297353751,"porcentajePoblacionAdministradas":0.5947898885753253,"porcentajePoblacionPrimeraDosis":0.3946183340338477,"porcentajePoblacionCompletas":0.20748664019008242,"fechaUltRegistro":1621987200000,"etarios":{"unaDosis":{"etarioTotal":{"vacunados":230025,"personasINE":501384,"porcentaje":0.45878009669235553},"etarioRangos":[{"rango":{"min":16,"max":17},"vacunados":9,"personasINE":10791,"porcentaje":0.0008340283569641367},{"rango":{"min":18,"max":24},"vacunados":1802,"personasINE":34935,"porcentaje":0.05158150851581508},{"rango":{"min":25,"max":49},"vacunados":25550,"personasINE":194241,"porcentaje":0.13153762593891094},{"rango":{"min":50,"max":59},"vacunados":35926,"personasINE":89964,"porcentaje":0.3993375127828909},{"rango":{"min":60,"max":69},"vacunados":69625,"personasINE":77345,"porcentaje":0.9001874717176288},{"rango":{"min":70,"max":79},"vacunados":55163,"personasINE":53066,"porcentaje":1},{"rango":{"min":80,"max":null},"vacunados":41950,"personasINE":41042,"porcentaje":1}]},"pautaCompleta":{"etarioTotal":{"vacunados":120945,"personasINE":501384,"porcentaje":0.24122229668278206},"etarioRangos":[{"rango":{"min":16,"max":17},"vacunados":5,"personasINE":10791,"porcentaje":0.0004633490872022982},{"rango":{"min":18,"max":24},"vacunados":739,"personasINE":34935,"porcentaje":0.02115357091741806},{"rango":{"min":25,"max":49},"vacunados":12587,"personasINE":194241,"porcentaje":0.06480094315824157},{"rango":{"min":50,"max":59},"vacunados":7326,"personasINE":89964,"porcentaje":0.08143257302921168},{"rango":{"min":60,"max":69},"vacunados":7896,"personasINE":77345,"porcentaje":0.10208804706186567},{"rango":{"min":70,"max":79},"vacunados":51132,"personasINE":53066,"porcentaje":0.963554818527871},{"rango":{"min":80,"max":null},"vacunados":41260,"personasINE":41042,"porcentaje":1}]}}},{"ccaa":"Castilla y Leon","dosisAdministradas":1598322,"dosisEntregadas":1726505,"dosisEntregadasModerna":180200,"dosisEntregadasPfizer":1218855,"dosisEntregadasAstrazeneca":298300,"dosisEntregadasJanssen":29150,"dosisPrimeraDosis":1005002,"dosisPautaCompletada":615945,"porcentajeEntregadas":0.9257557898760791,"porcentajePoblacionAdministradas":0.6673806785869077,"porcentajePoblacionPrimeraDosis":0.41963941980476993,"porcentajePoblacionCompletas":0.25718834632333964,"fechaUltRegistro":1621987200000,"etarios":{"unaDosis":{"etarioTotal":{"vacunados":1005002,"personasINE":2092873,"porcentaje":0.4802020953970929},"etarioRangos":[{"rango":{"min":16,"max":17},"vacunados":112,"personasINE":40684,"porcentaje":0.0027529249827942187},{"rango":{"min":18,"max":24},"vacunados":9132,"personasINE":144422,"porcentaje":0.06323136364265831},{"rango":{"min":25,"max":49},"vacunados":99303,"personasINE":738950,"porcentaje":0.13438392313417688},{"rango":{"min":50,"max":59},"vacunados":122958,"personasINE":381175,"porcentaje":0.32257624450711614},{"rango":{"min":60,"max":69},"vacunados":299063,"personasINE":318575,"porcentaje":0.9387522561406262},{"rango":{"min":70,"max":79},"vacunados":246718,"personasINE":245410,"porcentaje":1},{"rango":{"min":80,"max":null},"vacunados":227716,"personasINE":223657,"porcentaje":1}]},"pautaCompleta":{"etarioTotal":{"vacunados":615945,"personasINE":2092873,"porcentaje":0.2943059612312835},"etarioRangos":[{"rango":{"min":16,"max":17},"vacunados":105,"personasINE":40684,"porcentaje":0.00258086717136958},{"rango":{"min":18,"max":24},"vacunados":3052,"personasINE":144422,"porcentaje":0.02113251443685865},{"rango":{"min":25,"max":49},"vacunados":46317,"personasINE":738950,"porcentaje":0.0626794776371879},{"rango":{"min":50,"max":59},"vacunados":39460,"personasINE":381175,"porcentaje":0.1035220043287204},{"rango":{"min":60,"max":69},"vacunados":64323,"personasINE":318575,"porcentaje":0.20190849878364592},{"rango":{"min":70,"max":79},"vacunados":238929,"personasINE":245410,"porcentaje":0.9735911332056558},{"rango":{"min":80,"max":null},"vacunados":223759,"personasINE":223657,"porcentaje":1}]}}},{"ccaa":"Castilla La Mancha","dosisAdministradas":1146802,"dosisEntregadas":1197380,"dosisEntregadasModerna":121100,"dosisEntregadasPfizer":797805,"dosisEntregadasAstrazeneca":253800,"dosisEntregadasJanssen":24675,"dosisPrimeraDosis":774216,"dosisPautaCompletada":393256,"porcentajeEntregadas":0.9577594414471596,"porcentajePoblacionAdministradas":0.5607227776362554,"porcentajePoblacionPrimeraDosis":0.3785488218632607,"porcentajePoblacionCompletas":0.19228044304258562,"fechaUltRegistro":1621987200000},{"ccaa":"Cataluña","dosisAdministradas":3995011,"dosisEntregadas":4353830,"dosisEntregadasModerna":437200,"dosisEntregadasPfizer":2853080,"dosisEntregadasAstrazeneca":969100,"dosisEntregadasJanssen":94450,"dosisPrimeraDosis":2778155,"dosisPautaCompletada":1258088,"porcentajeEntregadas":0.9175854362710533,"porcentajePoblacionAdministradas":0.5134659447059751,"porcentajePoblacionPrimeraDosis":0.35706734765301723,"porcentajePoblacionCompletas":0.1616980137084105,"fechaUltRegistro":1621987200000,"etarios":{"unaDosis":{"etarioTotal":{"vacunados":2778155,"personasINE":6531658,"porcentaje":0.42533687464959125},"etarioRangos":[{"rango":{"min":16,"max":17},"vacunados":780,"personasINE":159864,"porcentaje":0.004879147275183906},{"rango":{"min":18,"max":24},"vacunados":46968,"personasINE":556316,"porcentaje":0.08442683654613566},{"rango":{"min":25,"max":49},"vacunados":347498,"personasINE":2803626,"porcentaje":0.12394591860683273},{"rango":{"min":50,"max":59},"vacunados":630900,"personasINE":1091780,"porcentaje":0.5778636721683855},{"rango":{"min":60,"max":69},"vacunados":698399,"personasINE":837584,"porcentaje":0.8338256222659458},{"rango":{"min":70,"max":79},"vacunados":601001,"personasINE":635292,"porcentaje":0.9460232460034126},{"rango":{"min":80,"max":null},"vacunados":452609,"personasINE":447196,"porcentaje":1}]},"pautaCompleta":{"etarioTotal":{"vacunados":1258088,"personasINE":6531658,"porcentaje":0.19261388149838832},"etarioRangos":[{"rango":{"min":16,"max":17},"vacunados":388,"personasINE":159864,"porcentaje":0.00242706300355302},{"rango":{"min":18,"max":24},"vacunados":21402,"personasINE":556316,"porcentaje":0.03847094097599206},{"rango":{"min":25,"max":49},"vacunados":157203,"personasINE":2803626,"porcentaje":0.05607131621692765},{"rango":{"min":50,"max":59},"vacunados":91040,"personasINE":1091780,"porcentaje":0.08338676290095075},{"rango":{"min":60,"max":69},"vacunados":73899,"personasINE":837584,"porcentaje":0.0882287627270817},{"rango":{"min":70,"max":79},"vacunados":474426,"personasINE":635292,"porcentaje":0.7467841559471865},{"rango":{"min":80,"max":null},"vacunados":439730,"personasINE":447196,"porcentaje":0.983304859614129}]}}},{"ccaa":"C. Valenciana","dosisAdministradas":2632543,"dosisEntregadas":2747170,"dosisEntregadasModerna":272700,"dosisEntregadasPfizer":1783270,"dosisEntregadasAstrazeneca":629800,"dosisEntregadasJanssen":61400,"dosisPrimeraDosis":1797349,"dosisPautaCompletada":881810,"porcentajeEntregadas":0.9582745152283987,"porcentajePoblacionAdministradas":0.5205377200286395,"porcentajePoblacionPrimeraDosis":0.35539322645660687,"porcentajePoblacionCompletas":0.17436196365964568,"fechaUltRegistro":1621987200000,"etarios":{"unaDosis":{"etarioTotal":{"vacunados":1797349,"personasINE":4269305,"porcentaje":0.42099334669226024},"etarioRangos":[{"rango":{"min":16,"max":17},"vacunados":188,"personasINE":103049,"porcentaje":0.001824374811982649},{"rango":{"min":18,"max":24},"vacunados":21009,"personasINE":352834,"porcentaje":0.0595435814008854},{"rango":{"min":25,"max":49},"vacunados":214259,"personasINE":1765967,"porcentaje":0.1213267292084167},{"rango":{"min":50,"max":59},"vacunados":333354,"personasINE":752334,"porcentaje":0.44309309429056776},{"rango":{"min":60,"max":69},"vacunados":511512,"personasINE":580728,"porcentaje":0.8808116708682895},{"rango":{"min":70,"max":79},"vacunados":423764,"personasINE":437862,"porcentaje":0.9678026410147489},{"rango":{"min":80,"max":null},"vacunados":293263,"personasINE":276531,"porcentaje":1}]},"pautaCompleta":{"etarioTotal":{"vacunados":881810,"personasINE":4269305,"porcentaje":0.20654649878610218},"etarioRangos":[{"rango":{"min":16,"max":17},"vacunados":137,"personasINE":103049,"porcentaje":0.0013294646236256538},{"rango":{"min":18,"max":24},"vacunados":6210,"personasINE":352834,"porcentaje":0.017600344637988402},{"rango":{"min":25,"max":49},"vacunados":75781,"personasINE":1765967,"porcentaje":0.04291190039224969},{"rango":{"min":50,"max":59},"vacunados":61835,"personasINE":752334,"porcentaje":0.08219088862127726},{"rango":{"min":60,"max":69},"vacunados":68605,"personasINE":580728,"porcentaje":0.11813620145748095},{"rango":{"min":70,"max":79},"vacunados":382753,"personasINE":437862,"porcentaje":0.8741407110002695},{"rango":{"min":80,"max":null},"vacunados":286489,"personasINE":276531,"porcentaje":1}]}}},{"ccaa":"Extremadura","dosisAdministradas":646531,"dosisEntregadas":671305,"dosisEntregadasModerna":66700,"dosisEntregadasPfizer":459305,"dosisEntregadasAstrazeneca":132400,"dosisEntregadasJanssen":12900,"dosisPrimeraDosis":427510,"dosisPautaCompletada":228317,"porcentajeEntregadas":0.9630957612411646,"porcentajePoblacionAdministradas":0.6076493415803013,"porcentajePoblacionPrimeraDosis":0.4018000219927499,"porcentajePoblacionCompletas":0.21458626844124976,"fechaUltRegistro":1621987200000,"etarios":{"unaDosis":{"etarioTotal":{"vacunados":427510,"personasINE":911213,"porcentaje":0.46916582621187364},"etarioRangos":[{"rango":{"min":16,"max":17},"vacunados":71,"personasINE":20953,"porcentaje":0.003388536247792679},{"rango":{"min":18,"max":24},"vacunados":2794,"personasINE":76088,"porcentaje":0.036720639259804434},{"rango":{"min":25,"max":49},"vacunados":48760,"personasINE":351778,"porcentaje":0.1386101461717333},{"rango":{"min":50,"max":59},"vacunados":78928,"personasINE":169216,"porcentaje":0.4664334341906203},{"rango":{"min":60,"max":69},"vacunados":124297,"personasINE":125297,"porcentaje":0.9920189629440449},{"rango":{"min":70,"max":79},"vacunados":94817,"personasINE":91876,"porcentaje":1},{"rango":{"min":80,"max":null},"vacunados":77843,"personasINE":76005,"porcentaje":1}]},"pautaCompleta":{"etarioTotal":{"vacunados":228317,"personasINE":911213,"porcentaje":0.25056380890088265},"etarioRangos":[{"rango":{"min":16,"max":17},"vacunados":59,"personasINE":20953,"porcentaje":0.0028158258960530713},{"rango":{"min":18,"max":24},"vacunados":1068,"personasINE":76088,"porcentaje":0.014036378929660392},{"rango":{"min":25,"max":49},"vacunados":21761,"personasINE":351778,"porcentaje":0.061860036727708956},{"rango":{"min":50,"max":59},"vacunados":18812,"personasINE":169216,"porcentaje":0.11117152042360061},{"rango":{"min":60,"max":69},"vacunados":21748,"personasINE":125297,"porcentaje":0.17357159389291044},{"rango":{"min":70,"max":79},"vacunados":88670,"personasINE":91876,"porcentaje":0.9651051417127433},{"rango":{"min":80,"max":null},"vacunados":76199,"personasINE":76005,"porcentaje":1}]}}},{"ccaa":"Galicia","dosisAdministradas":1786951,"dosisEntregadas":1832195,"dosisEntregadasModerna":182600,"dosisEntregadasPfizer":1280095,"dosisEntregadasAstrazeneca":336600,"dosisEntregadasJanssen":32900,"dosisPrimeraDosis":1194630,"dosisPautaCompletada":613146,"porcentajeEntregadas":0.9753061218920475,"porcentajePoblacionAdministradas":0.6613881240749288,"porcentajePoblacionPrimeraDosis":0.44215767229411,"porcentajePoblacionCompletas":0.22693822199044422,"fechaUltRegistro":1621987200000,"etarios":{"unaDosis":{"etarioTotal":{"vacunados":1194630,"personasINE":2362643,"porcentaje":0.5056328865596706},"etarioRangos":[{"rango":{"min":16,"max":17},"vacunados":43,"personasINE":44014,"porcentaje":0.0009769618757668015},{"rango":{"min":18,"max":24},"vacunados":6335,"personasINE":152745,"porcentaje":0.04147435267930211},{"rango":{"min":25,"max":49},"vacunados":104196,"personasINE":889004,"porcentaje":0.11720532191081255},{"rango":{"min":50,"max":59},"vacunados":236870,"personasINE":405889,"porcentaje":0.5835831963911315},{"rango":{"min":60,"max":69},"vacunados":323172,"personasINE":346927,"porcentaje":0.9315273818411366},{"rango":{"min":70,"max":79},"vacunados":284430,"personasINE":289762,"porcentaje":0.9815986913397892},{"rango":{"min":80,"max":null},"vacunados":239584,"personasINE":234302,"porcentaje":1}]},"pautaCompleta":{"etarioTotal":{"vacunados":613146,"personasINE":2362643,"porcentaje":0.25951699008271667},"etarioRangos":[{"rango":{"min":16,"max":17},"vacunados":37,"personasINE":44014,"porcentaje":0.0008406416140318989},{"rango":{"min":18,"max":24},"vacunados":1910,"personasINE":152745,"porcentaje":0.012504500965661724},{"rango":{"min":25,"max":49},"vacunados":44378,"personasINE":889004,"porcentaje":0.049918785517275514},{"rango":{"min":50,"max":59},"vacunados":28565,"personasINE":405889,"porcentaje":0.07037638369110767},{"rango":{"min":60,"max":69},"vacunados":26743,"personasINE":346927,"porcentaje":0.0770853810744047},{"rango":{"min":70,"max":79},"vacunados":275230,"personasINE":289762,"porcentaje":0.9498484963521787},{"rango":{"min":80,"max":null},"vacunados":236283,"personasINE":234302,"porcentaje":1}]}}},{"ccaa":"La Rioja","dosisAdministradas":186704,"dosisEntregadas":196445,"dosisEntregadasModerna":19500,"dosisEntregadasPfizer":133445,"dosisEntregadasAstrazeneca":39600,"dosisEntregadasJanssen":3900,"dosisPrimeraDosis":119865,"dosisPautaCompletada":70135,"porcentajeEntregadas":0.9504136017714881,"porcentajePoblacionAdministradas":0.5836068443394162,"porcentajePoblacionPrimeraDosis":0.37467881993285695,"porcentajePoblacionCompletas":0.21923079327569284,"fechaUltRegistro":1621987200000,"etarios":{"unaDosis":{"etarioTotal":{"vacunados":119865,"personasINE":270788,"porcentaje":0.44265255476609006},"etarioRangos":[{"rango":{"min":16,"max":17},"vacunados":10,"personasINE":6286,"porcentaje":0.001590836780146357},{"rango":{"min":18,"max":24},"vacunados":1469,"personasINE":21170,"porcentaje":0.06939064714218234},{"rango":{"min":25,"max":49},"vacunados":14563,"personasINE":107618,"porcentaje":0.13532122879072275},{"rango":{"min":50,"max":59},"vacunados":17122,"personasINE":47664,"porcentaje":0.3592228935884525},{"rango":{"min":60,"max":69},"vacunados":35206,"personasINE":37718,"porcentaje":0.9334004984357601},{"rango":{"min":70,"max":79},"vacunados":28275,"personasINE":28125,"porcentaje":1},{"rango":{"min":80,"max":null},"vacunados":23220,"personasINE":22207,"porcentaje":1}]},"pautaCompleta":{"etarioTotal":{"vacunados":70135,"personasINE":270788,"porcentaje":0.2590033531766548},"etarioRangos":[{"rango":{"min":16,"max":17},"vacunados":9,"personasINE":6286,"porcentaje":0.0014317531021317213},{"rango":{"min":18,"max":24},"vacunados":455,"personasINE":21170,"porcentaje":0.02149267831837506},{"rango":{"min":25,"max":49},"vacunados":5258,"personasINE":107618,"porcentaje":0.048857997732721294},{"rango":{"min":50,"max":59},"vacunados":5166,"personasINE":47664,"porcentaje":0.10838368580060423},{"rango":{"min":60,"max":69},"vacunados":8750,"personasINE":37718,"porcentaje":0.2319847287767114},{"rango":{"min":70,"max":79},"vacunados":27615,"personasINE":28125,"porcentaje":0.9818666666666667},{"rango":{"min":80,"max":null},"vacunados":22882,"personasINE":22207,"porcentaje":1}]}}},{"ccaa":"Madrid","dosisAdministradas":3410710,"dosisEntregadas":3648675,"dosisEntregadasModerna":364200,"dosisEntregadasPfizer":2357475,"dosisEntregadasAstrazeneca":844700,"dosisEntregadasJanssen":82300,"dosisPrimeraDosis":2319092,"dosisPautaCompletada":1139171,"porcentajeEntregadas":0.9347804339931619,"porcentajePoblacionAdministradas":0.5030628824546954,"porcentajePoblacionPrimeraDosis":0.342054618011389,"porcentajePoblacionCompletas":0.16802209712018842,"fechaUltRegistro":1621987200000,"etarios":{"unaDosis":{"etarioTotal":{"vacunados":2319092,"personasINE":5695623,"porcentaje":0.4071709100128291},"etarioRangos":[{"rango":{"min":16,"max":17},"vacunados":434,"personasINE":135861,"porcentaje":0.003194441377584443},{"rango":{"min":18,"max":24},"vacunados":31642,"personasINE":479716,"porcentaje":0.06595985958358695},{"rango":{"min":25,"max":49},"vacunados":320715,"personasINE":2513737,"porcentaje":0.12758494623741465},{"rango":{"min":50,"max":59},"vacunados":481916,"personasINE":972783,"porcentaje":0.49539928226541785},{"rango":{"min":60,"max":69},"vacunados":618711,"personasINE":703323,"porcentaje":0.879696810711437},{"rango":{"min":70,"max":79},"vacunados":497158,"personasINE":526081,"porcentaje":0.9450217742134767},{"rango":{"min":80,"max":null},"vacunados":368516,"personasINE":364122,"porcentaje":1}]},"pautaCompleta":{"etarioTotal":{"vacunados":1139171,"personasINE":5695623,"porcentaje":0.20000814660661353},"etarioRangos":[{"rango":{"min":16,"max":17},"vacunados":265,"personasINE":135861,"porcentaje":0.0019505229609674594},{"rango":{"min":18,"max":24},"vacunados":15942,"personasINE":479716,"porcentaje":0.033232162362731285},{"rango":{"min":25,"max":49},"vacunados":127108,"personasINE":2513737,"porcentaje":0.05056535349561231},{"rango":{"min":50,"max":59},"vacunados":87457,"personasINE":972783,"porcentaje":0.08990391485048567},{"rango":{"min":60,"max":69},"vacunados":96086,"personasINE":703323,"porcentaje":0.13661717304851398},{"rango":{"min":70,"max":79},"vacunados":452505,"personasINE":526081,"porcentaje":0.8601432098859301},{"rango":{"min":80,"max":null},"vacunados":359808,"personasINE":364122,"porcentaje":0.9881523225732035}]}}},{"ccaa":"Murcia","dosisAdministradas":703427,"dosisEntregadas":788695,"dosisEntregadasModerna":77300,"dosisEntregadasPfizer":504995,"dosisEntregadasAstrazeneca":188100,"dosisEntregadasJanssen":18300,"dosisPrimeraDosis":462994,"dosisPautaCompletada":250064,"porcentajeEntregadas":0.8918872314392763,"porcentajePoblacionAdministradas":0.46546007248299587,"porcentajePoblacionPrimeraDosis":0.3063647269712311,"porcentajePoblacionCompletas":0.16546821143542667,"fechaUltRegistro":1621987200000,"etarios":{"unaDosis":{"etarioTotal":{"vacunados":462994,"personasINE":1237479,"porcentaje":0.3741429147484523},"etarioRangos":[{"rango":{"min":16,"max":17},"vacunados":132,"personasINE":34712,"porcentaje":0.0038027195206268728},{"rango":{"min":18,"max":24},"vacunados":7380,"personasINE":118667,"porcentaje":0.06219083654259398},{"rango":{"min":25,"max":49},"vacunados":63120,"personasINE":551265,"porcentaje":0.11450028570651138},{"rango":{"min":50,"max":59},"vacunados":95640,"personasINE":213256,"porcentaje":0.44847507221367744},{"rango":{"min":60,"max":69},"vacunados":125590,"personasINE":146909,"porcentaje":0.8548829547543036},{"rango":{"min":70,"max":79},"vacunados":98318,"personasINE":102899,"porcentaje":0.9554806169156163},{"rango":{"min":80,"max":null},"vacunados":72814,"personasINE":69771,"porcentaje":1}]},"pautaCompleta":{"etarioTotal":{"vacunados":250064,"personasINE":1237479,"porcentaje":0.20207534834934573},"etarioRangos":[{"rango":{"min":16,"max":17},"vacunados":120,"personasINE":34712,"porcentaje":0.0034570177460244295},{"rango":{"min":18,"max":24},"vacunados":3248,"personasINE":118667,"porcentaje":0.02737070963283811},{"rango":{"min":25,"max":49},"vacunados":34960,"personasINE":551265,"porcentaje":0.06341777548003229},{"rango":{"min":50,"max":59},"vacunados":24430,"personasINE":213256,"porcentaje":0.11455715196758826},{"rango":{"min":60,"max":69},"vacunados":27447,"personasINE":146909,"porcentaje":0.18682994234526135},{"rango":{"min":70,"max":79},"vacunados":88772,"personasINE":102899,"porcentaje":0.8627100360547721},{"rango":{"min":80,"max":null},"vacunados":71087,"personasINE":69771,"porcentaje":1}]}}},{"ccaa":"Navarra","dosisAdministradas":379747,"dosisEntregadas":384945,"dosisEntregadasModerna":38800,"dosisEntregadasPfizer":255795,"dosisEntregadasAstrazeneca":82300,"dosisEntregadasJanssen":8050,"dosisPrimeraDosis":256006,"dosisPautaCompletada":131982,"porcentajeEntregadas":0.9864967722661679,"porcentajePoblacionAdministradas":0.5743326119144522,"porcentajePoblacionPrimeraDosis":0.3871856647867428,"porcentajePoblacionCompletas":0.1996107060376862,"fechaUltRegistro":1621987200000,"etarios":{"unaDosis":{"etarioTotal":{"vacunados":256006,"personasINE":552935,"porcentaje":0.46299474621790987},"etarioRangos":[{"rango":{"min":16,"max":17},"vacunados":9,"personasINE":13906,"porcentaje":0.0006472026463397094},{"rango":{"min":18,"max":24},"vacunados":3665,"personasINE":48505,"porcentaje":0.07555922069889702},{"rango":{"min":25,"max":49},"vacunados":30134,"personasINE":223028,"porcentaje":0.13511307997202146},{"rango":{"min":50,"max":59},"vacunados":56946,"personasINE":96694,"porcentaje":0.5889300266821106},{"rango":{"min":60,"max":69},"vacunados":67719,"personasINE":73844,"porcentaje":0.9170548724337794},{"rango":{"min":70,"max":79},"vacunados":55274,"personasINE":55792,"porcentaje":0.9907155147691425},{"rango":{"min":80,"max":null},"vacunados":42259,"personasINE":41166,"porcentaje":1}]},"pautaCompleta":{"etarioTotal":{"vacunados":131982,"personasINE":552935,"porcentaje":0.2386935173212041},"etarioRangos":[{"rango":{"min":16,"max":17},"vacunados":8,"personasINE":13906,"porcentaje":0.0005752912411908529},{"rango":{"min":18,"max":24},"vacunados":1036,"personasINE":48505,"porcentaje":0.021358622822389445},{"rango":{"min":25,"max":49},"vacunados":13731,"personasINE":223028,"porcentaje":0.06156626073856197},{"rango":{"min":50,"max":59},"vacunados":12316,"personasINE":96694,"porcentaje":0.12737088133700125},{"rango":{"min":60,"max":69},"vacunados":10950,"personasINE":73844,"porcentaje":0.1482855749959374},{"rango":{"min":70,"max":79},"vacunados":52640,"personasINE":55792,"porcentaje":0.9435044450817321},{"rango":{"min":80,"max":null},"vacunados":41301,"personasINE":41166,"porcentaje":1}]}}},{"ccaa":"País Vasco","dosisAdministradas":1306191,"dosisEntregadas":1364940,"dosisEntregadasModerna":136200,"dosisEntregadasPfizer":925290,"dosisEntregadasAstrazeneca":276500,"dosisEntregadasJanssen":26950,"dosisPrimeraDosis":908202,"dosisPautaCompletada":421203,"porcentajeEntregadas":0.9569585476284672,"porcentajePoblacionAdministradas":0.5882407777693712,"porcentajePoblacionPrimeraDosis":0.4090071443239913,"porcentajePoblacionCompletas":0.1896880167745701,"fechaUltRegistro":1621987200000,"etarios":{"unaDosis":{"etarioTotal":{"vacunados":908202,"personasINE":1898123,"porcentaje":0.47847373431542634},"etarioRangos":[{"rango":{"min":16,"max":17},"vacunados":38,"personasINE":41824,"porcentaje":0.0009085692425401683},{"rango":{"min":18,"max":24},"vacunados":12726,"personasINE":140323,"porcentaje":0.09069076345289083},{"rango":{"min":25,"max":49},"vacunados":99391,"personasINE":724849,"porcentaje":0.1371195931842356},{"rango":{"min":50,"max":59},"vacunados":163335,"personasINE":339977,"porcentaje":0.4804295584701318},{"rango":{"min":60,"max":69},"vacunados":262346,"personasINE":280119,"porcentaje":0.9365519654146988},{"rango":{"min":70,"max":79},"vacunados":208880,"personasINE":213081,"porcentaje":0.9802844927515827},{"rango":{"min":80,"max":null},"vacunados":161486,"personasINE":157950,"porcentaje":1}]},"pautaCompleta":{"etarioTotal":{"vacunados":421203,"personasINE":1898123,"porcentaje":0.22190500826342655},"etarioRangos":[{"rango":{"min":16,"max":17},"vacunados":16,"personasINE":41824,"porcentaje":0.00038255547054322876},{"rango":{"min":18,"max":24},"vacunados":3986,"personasINE":140323,"porcentaje":0.0284058921203224},{"rango":{"min":25,"max":49},"vacunados":42540,"personasINE":724849,"porcentaje":0.05868808538054133},{"rango":{"min":50,"max":59},"vacunados":34528,"personasINE":339977,"porcentaje":0.1015598113990064},{"rango":{"min":60,"max":69},"vacunados":19005,"personasINE":280119,"porcentaje":0.06784616537971362},{"rango":{"min":70,"max":79},"vacunados":163623,"personasINE":213081,"porcentaje":0.7678910836724062},{"rango":{"min":80,"max":null},"vacunados":157505,"personasINE":157950,"porcentaje":0.9971826527382083}]}}},{"ccaa":"Ceuta","dosisAdministradas":36761,"dosisEntregadas":40060,"dosisEntregadasModerna":3800,"dosisEntregadasPfizer":24210,"dosisEntregadasAstrazeneca":11000,"dosisEntregadasJanssen":1050,"dosisPrimeraDosis":28671,"dosisPautaCompletada":8867,"porcentajeEntregadas":0.9176485272091862,"porcentajePoblacionAdministradas":0.436581078834232,"porcentajePoblacionPrimeraDosis":0.34050260088833995,"porcentajePoblacionCompletas":0.10530628726158524,"fechaUltRegistro":1621987200000,"etarios":{"unaDosis":{"etarioTotal":{"vacunados":28671,"personasINE":66158,"porcentaje":0.43337162550258473},"etarioRangos":[{"rango":{"min":16,"max":17},"vacunados":8,"personasINE":2175,"porcentaje":0.0036781609195402297},{"rango":{"min":18,"max":24},"vacunados":436,"personasINE":7581,"porcentaje":0.05751220155652289},{"rango":{"min":25,"max":49},"vacunados":7116,"personasINE":30066,"porcentaje":0.23667930552783875},{"rango":{"min":50,"max":59},"vacunados":8812,"personasINE":11556,"porcentaje":0.7625475943232952},{"rango":{"min":60,"max":69},"vacunados":6249,"personasINE":7857,"porcentaje":0.7953417334860634},{"rango":{"min":70,"max":79},"vacunados":3713,"personasINE":4318,"porcentaje":0.8598888374247337},{"rango":{"min":80,"max":null},"vacunados":2337,"personasINE":2605,"porcentaje":0.8971209213051824}]},"pautaCompleta":{"etarioTotal":{"vacunados":8867,"personasINE":66158,"porcentaje":0.13402763082318087},"etarioRangos":[{"rango":{"min":16,"max":17},"vacunados":5,"personasINE":2175,"porcentaje":0.0022988505747126436},{"rango":{"min":18,"max":24},"vacunados":119,"personasINE":7581,"porcentaje":0.01569713758079409},{"rango":{"min":25,"max":49},"vacunados":1205,"personasINE":30066,"porcentaje":0.04007849397991086},{"rango":{"min":50,"max":59},"vacunados":752,"personasINE":11556,"porcentaje":0.06507442021460713},{"rango":{"min":60,"max":69},"vacunados":1055,"personasINE":7857,"porcentaje":0.13427516863942981},{"rango":{"min":70,"max":79},"vacunados":3472,"personasINE":4318,"porcentaje":0.8040759610930986},{"rango":{"min":80,"max":null},"vacunados":2259,"personasINE":2605,"porcentaje":0.8671785028790787}]}}},{"ccaa":"Melilla","dosisAdministradas":35862,"dosisEntregadas":39960,"dosisEntregadasModerna":3700,"dosisEntregadasPfizer":24210,"dosisEntregadasAstrazeneca":11000,"dosisEntregadasJanssen":1050,"dosisPrimeraDosis":27381,"dosisPautaCompletada":9461,"porcentajeEntregadas":0.8974474474474474,"porcentajePoblacionAdministradas":0.4118471220542974,"porcentajePoblacionPrimeraDosis":0.31444944646056316,"porcentajePoblacionCompletas":0.10865221186090313,"fechaUltRegistro":1621987200000,"etarios":{"unaDosis":{"etarioTotal":{"vacunados":27381,"personasINE":66178,"porcentaje":0.413747771162622},"etarioRangos":[{"rango":{"min":16,"max":17},"vacunados":7,"personasINE":2324,"porcentaje":0.0030120481927710845},{"rango":{"min":18,"max":24},"vacunados":300,"personasINE":8536,"porcentaje":0.035145267104029994},{"rango":{"min":25,"max":49},"vacunados":8120,"personasINE":30095,"porcentaje":0.2698122611729523},{"rango":{"min":50,"max":59},"vacunados":7857,"personasINE":11299,"porcentaje":0.6953712717939641},{"rango":{"min":60,"max":69},"vacunados":6122,"personasINE":7827,"porcentaje":0.7821643030535327},{"rango":{"min":70,"max":79},"vacunados":3071,"personasINE":3748,"porcentaje":0.8193703308431163},{"rango":{"min":80,"max":null},"vacunados":1904,"personasINE":2349,"porcentaje":0.8105576841209026}]},"pautaCompleta":{"etarioTotal":{"vacunados":9461,"personasINE":66178,"porcentaje":0.14296291819033516},"etarioRangos":[{"rango":{"min":16,"max":17},"vacunados":6,"personasINE":2324,"porcentaje":0.0025817555938037868},{"rango":{"min":18,"max":24},"vacunados":101,"personasINE":8536,"porcentaje":0.01183223992502343},{"rango":{"min":25,"max":49},"vacunados":1704,"personasINE":30095,"porcentaje":0.05662070111314172},{"rango":{"min":50,"max":59},"vacunados":1054,"personasINE":11299,"porcentaje":0.09328259137976812},{"rango":{"min":60,"max":69},"vacunados":1983,"personasINE":7827,"porcentaje":0.25335377539287085},{"rango":{"min":70,"max":79},"vacunados":2814,"personasINE":3748,"porcentaje":0.7508004268943437},{"rango":{"min":80,"max":null},"vacunados":1799,"personasINE":2349,"porcentaje":0.7658578118348234}]}}},{"ccaa":"Fuerzas Armadas","dosisAdministradas":79564,"dosisEntregadas":91340,"dosisEntregadasModerna":3400,"dosisEntregadasPfizer":21840,"dosisEntregadasAstrazeneca":66100,"dosisEntregadasJanssen":0,"dosisPrimeraDosis":68832,"dosisPautaCompletada":10732,"porcentajeEntregadas":0.8710751040070068,"porcentajePoblacionAdministradas":null,"porcentajePoblacionPrimeraDosis":null,"porcentajePoblacionCompletas":null,"fechaUltRegistro":1621987200000},{"ccaa":"Totales","dosisAdministradas":25745178,"dosisEntregadas":27210560,"dosisEntregadasModerna":2709000,"dosisEntregadasPfizer":17950335,"dosisEntregadasAstrazeneca":5975400,"dosisEntregadasJanssen":575825,"dosisPrimeraDosis":17487591,"dosisPautaCompletada":8614678,"porcentajeEntregadas":0.9461465695671092,"porcentajePoblacionAdministradas":0.5484699190455901,"porcentajePoblacionPrimeraDosis":0.37255200255645504,"porcentajePoblacionCompletas":0.18352530890498508,"fechaUltRegistro":null,"etarios":{"unaDosis":{"etarioTotal":{"vacunados":17487591,"personasINE":40129822,"porcentaje":0.4357754440077008},"etarioRangos":[{"rango":{"min":16,"max":17},"vacunados":2684,"personasINE":949049,"porcentaje":0.0028280942290650956},{"rango":{"min":18,"max":24},"vacunados":222020,"personasINE":3310299,"porcentaje":0.06706947015964419},{"rango":{"min":25,"max":49},"vacunados":2166188,"personasINE":16706113,"porcentaje":0.12966439290815285},{"rango":{"min":50,"max":59},"vacunados":3622870,"personasINE":7033306,"porcentaje":0.5151020018182061},{"rango":{"min":60,"max":69},"vacunados":4730577,"personasINE":5336986,"porcentaje":0.8863761306475227},{"rango":{"min":70,"max":79},"vacunados":3842777,"personasINE":3960045,"porcentaje":0.9703872051959006},{"rango":{"min":80,"max":null},"vacunados":2900475,"personasINE":2834024,"porcentaje":1}]},"pautaCompleta":{"etarioTotal":{"vacunados":8614678,"personasINE":40129822,"porcentaje":0.21467022704461536},"etarioRangos":[{"rango":{"min":16,"max":17},"vacunados":1778,"personasINE":949049,"porcentaje":0.001873454373799456},{"rango":{"min":18,"max":24},"vacunados":90290,"personasINE":3310299,"porcentaje":0.027275481761617305},{"rango":{"min":25,"max":49},"vacunados":922127,"personasINE":16706113,"porcentaje":0.05519698088957018},{"rango":{"min":50,"max":59},"vacunados":639480,"personasINE":7033306,"porcentaje":0.09092168035913695},{"rango":{"min":60,"max":69},"vacunados":685743,"personasINE":5336986,"porcentaje":0.12848881372370097},{"rango":{"min":70,"max":79},"vacunados":3443144,"personasINE":3960045,"porcentaje":0.8694709277293566},{"rango":{"min":80,"max":null},"vacunados":2832116,"personasINE":2834024,"porcentaje":0.9993267523493097}]}}}]