[{"ccaa":"Andalucía","dosisAdministradas":5209446,"dosisEntregadas":5577820,"dosisEntregadasModerna":502000,"dosisEntregadasPfizer":3555720,"dosisEntregadasAstrazeneca":1293200,"dosisEntregadasJanssen":226900,"dosisPrimeraDosis":3421131,"dosisPautaCompletada":1851883,"porcentajeEntregadas":0.9339573525140646,"porcentajePoblacionAdministradas":0.6154528649424041,"porcentajePoblacionPrimeraDosis":0.40417827064399403,"porcentajePoblacionCompletas":0.21878462659717257,"fechaUltRegistro":1622930356000,"etarios":{"unaDosis":{"etarioTotal":{"vacunados":3421131,"personasINE":7062213,"porcentaje":0.48442761496998177},"etarioRangos":[{"rango":{"min":16,"max":17},"vacunados":576,"personasINE":181921,"porcentaje":0.06509748404559589},{"rango":{"min":18,"max":24},"vacunados":40741,"personasINE":625846,"porcentaje":0.11957763101756054},{"rango":{"min":25,"max":39},"vacunados":194226,"personasINE":1624267,"porcentaje":0.19682928625369464},{"rango":{"min":40,"max":49},"vacunados":272631,"personasINE":1385114,"porcentaje":0.19682928625369464},{"rango":{"min":50,"max":59},"vacunados":1005319,"personasINE":1265021,"porcentaje":0.7947053843374932},{"rango":{"min":60,"max":69},"vacunados":836737,"personasINE":916147,"porcentaje":0.9133217704145732},{"rango":{"min":70,"max":79},"vacunados":640726,"personasINE":650381,"porcentaje":0.9851548553847668},{"rango":{"min":80,"max":null},"vacunados":430175,"personasINE":430175,"porcentaje":1}]},"pautaCompleta":{"etarioTotal":{"vacunados":1851883,"personasINE":7062213,"porcentaje":0.26222417817191296},"etarioRangos":[{"rango":{"min":16,"max":17},"vacunados":425,"personasINE":181921,"porcentaje":0.03495109020429946},{"rango":{"min":18,"max":24},"vacunados":21874,"personasINE":625846,"porcentaje":0.08559307059738332},{"rango":{"min":25,"max":39},"vacunados":139026,"personasINE":1624267,"porcentaje":0.1050837692781966},{"rango":{"min":40,"max":49},"vacunados":145553,"personasINE":1385114,"porcentaje":0.1050837692781966},{"rango":{"min":50,"max":59},"vacunados":305429,"personasINE":1265021,"porcentaje":0.24144184167693658},{"rango":{"min":60,"max":69},"vacunados":198271,"personasINE":916147,"porcentaje":0.21641832588001708},{"rango":{"min":70,"max":79},"vacunados":620292,"personasINE":650381,"porcentaje":0.9537363483865611},{"rango":{"min":80,"max":null},"vacunados":421013,"personasINE":421013,"porcentaje":1}]}}},{"ccaa":"Aragón","dosisAdministradas":922090,"dosisEntregadas":1000185,"dosisEntregadasModerna":93100,"dosisEntregadasPfizer":668385,"dosisEntregadasAstrazeneca":203200,"dosisEntregadasJanssen":35500,"dosisPrimeraDosis":611539,"dosisPautaCompletada":342979,"porcentajeEntregadas":0.921919444902693,"porcentajePoblacionAdministradas":0.6936183560743228,"porcentajePoblacionPrimeraDosis":0.46001439757001517,"porcentajePoblacionCompletas":0.25799708287479006,"fechaUltRegistro":1622930356000,"etarios":{"unaDosis":{"etarioTotal":{"vacunados":611539,"personasINE":1132764,"porcentaje":0.5398644377822741},"etarioRangos":[{"rango":{"min":16,"max":17},"vacunados":71,"personasINE":25106,"porcentaje":0.08594976452119309},{"rango":{"min":18,"max":24},"vacunados":7665,"personasINE":89180,"porcentaje":0.1476983646274985},{"rango":{"min":25,"max":39},"vacunados":34139,"personasINE":231139.99999999997,"porcentaje":0.22189603755414225},{"rango":{"min":40,"max":49},"vacunados":47695,"personasINE":214943,"porcentaje":0.22189603755414225},{"rango":{"min":50,"max":59},"vacunados":157149,"personasINE":198266,"porcentaje":0.7926169892972068},{"rango":{"min":60,"max":69},"vacunados":146987,"personasINE":156367,"porcentaje":0.9400129183267569},{"rango":{"min":70,"max":79},"vacunados":117340,"personasINE":118955,"porcentaje":0.9864234374343239},{"rango":{"min":80,"max":null},"vacunados":100493,"personasINE":100493,"porcentaje":1}]},"pautaCompleta":{"etarioTotal":{"vacunados":342979,"personasINE":1132764,"porcentaje":0.30278063215285794},"etarioRangos":[{"rango":{"min":16,"max":17},"vacunados":49,"personasINE":25106,"porcentaje":0.057098004036779546},{"rango":{"min":18,"max":24},"vacunados":5092,"personasINE":89180,"porcentaje":0.07626546681664792},{"rango":{"min":25,"max":39},"vacunados":17628,"personasINE":231140,"porcentaje":0.10304592380305476},{"rango":{"min":40,"max":49},"vacunados":22149,"personasINE":214943,"porcentaje":0.10304592380305476},{"rango":{"min":50,"max":59},"vacunados":40662,"personasINE":198266,"porcentaje":0.20508811394792853},{"rango":{"min":60,"max":69},"vacunados":45360,"personasINE":156367,"porcentaje":0.29008678301687696},{"rango":{"min":70,"max":79},"vacunados":113667,"personasINE":118955,"porcentaje":0.9555462149552352},{"rango":{"min":80,"max":null},"vacunados":98372,"personasINE":98807,"porcentaje":0.995597477911484}]}}},{"ccaa":"Asturias","dosisAdministradas":832730,"dosisEntregadas":861005,"dosisEntregadasModerna":80200,"dosisEntregadasPfizer":597605,"dosisEntregadasAstrazeneca":155800,"dosisEntregadasJanssen":27400,"dosisPrimeraDosis":526485,"dosisPautaCompletada":325789,"porcentajeEntregadas":0.9671604694513969,"porcentajePoblacionAdministradas":0.8173764016710117,"porcentajePoblacionPrimeraDosis":0.5167778449602664,"porcentajePoblacionCompletas":0.31978221094952414,"fechaUltRegistro":1622930356000,"etarios":{"unaDosis":{"etarioTotal":{"vacunados":526485,"personasINE":901209,"porcentaje":0.584198559934488},"etarioRangos":[{"rango":{"min":16,"max":17},"vacunados":54,"personasINE":15563.000000000002,"porcentaje":0.08689713726720685},{"rango":{"min":18,"max":24},"vacunados":4708,"personasINE":54179,"porcentaje":0.13471135123982927},{"rango":{"min":25,"max":39},"vacunados":20894,"personasINE":155102,"porcentaje":0.17306713455055003},{"rango":{"min":40,"max":49},"vacunados":28901,"personasINE":166993,"porcentaje":0.17306713455055003},{"rango":{"min":50,"max":59},"vacunados":131573,"personasINE":162645,"porcentaje":0.8089581604107104},{"rango":{"min":60,"max":69},"vacunados":139276,"personasINE":149652,"porcentaje":0.9306658113489963},{"rango":{"min":70,"max":79},"vacunados":112859,"personasINE":112859,"porcentaje":1},{"rango":{"min":80,"max":null},"vacunados":88220,"personasINE":88220,"porcentaje":1}]},"pautaCompleta":{"etarioTotal":{"vacunados":325789,"personasINE":901209,"porcentaje":0.3615021598763439},"etarioRangos":[{"rango":{"min":16,"max":17},"vacunados":41,"personasINE":15563,"porcentaje":0.08034478303401688},{"rango":{"min":18,"max":24},"vacunados":4353,"personasINE":54178.99999999999,"porcentaje":0.12112674240177432},{"rango":{"min":25,"max":39},"vacunados":18787,"personasINE":155102,"porcentaje":0.13849083494517733},{"rango":{"min":40,"max":49},"vacunados":23127,"personasINE":166993,"porcentaje":0.13849083494517733},{"rango":{"min":50,"max":59},"vacunados":51650,"personasINE":162645,"porcentaje":0.31756279012573396},{"rango":{"min":60,"max":69},"vacunados":31964,"personasINE":149652,"porcentaje":0.21358885948734396},{"rango":{"min":70,"max":79},"vacunados":109194,"personasINE":109249,"porcentaje":0.9994965628976009},{"rango":{"min":80,"max":null},"vacunados":86673,"personasINE":87826,"porcentaje":0.9868717691799694}]}}},{"ccaa":"Baleares","dosisAdministradas":624009,"dosisEntregadas":705960,"dosisEntregadasModerna":62400,"dosisEntregadasPfizer":433260,"dosisEntregadasAstrazeneca":178900,"dosisEntregadasJanssen":31400,"dosisPrimeraDosis":435979,"dosisPautaCompletada":203628,"porcentajeEntregadas":0.8839155192928778,"porcentajePoblacionAdministradas":0.532638580060655,"porcentajePoblacionPrimeraDosis":0.3721408433151835,"porcentajePoblacionCompletas":0.17381180204226393,"fechaUltRegistro":1622930356000,"etarios":{"unaDosis":{"etarioTotal":{"vacunados":435979,"personasINE":986279,"porcentaje":0.4420442896989594},"etarioRangos":[{"rango":{"min":16,"max":17},"vacunados":45,"personasINE":23300,"porcentaje":0.05378674029287387},{"rango":{"min":18,"max":24},"vacunados":4617,"personasINE":85839,"porcentaje":0.10660301998588502},{"rango":{"min":25,"max":39},"vacunados":27491,"personasINE":257882,"porcentaje":0.27903401043788684},{"rango":{"min":40,"max":49},"vacunados":57529,"personasINE":206171.99999999997,"porcentaje":0.27903401043788684},{"rango":{"min":50,"max":59},"vacunados":122265,"personasINE":165797,"porcentaje":0.7374379512295156},{"rango":{"min":60,"max":69},"vacunados":96776,"personasINE":117231,"porcentaje":0.8255154353370695},{"rango":{"min":70,"max":79},"vacunados":76730,"personasINE":80516,"porcentaje":0.9529782900293109},{"rango":{"min":80,"max":null},"vacunados":50526,"personasINE":50526,"porcentaje":1}]},"pautaCompleta":{"etarioTotal":{"vacunados":203628,"personasINE":986279,"porcentaje":0.20646084931342956},"etarioRangos":[{"rango":{"min":16,"max":17},"vacunados":38,"personasINE":23300,"porcentaje":0.027225387061825045},{"rango":{"min":18,"max":24},"vacunados":2337,"personasINE":85839,"porcentaje":0.06476605579295958},{"rango":{"min":25,"max":39},"vacunados":16702,"personasINE":257881.99999999997,"porcentaje":0.07697941524552315},{"rango":{"min":40,"max":49},"vacunados":15871,"personasINE":206172,"porcentaje":0.07697941524552315},{"rango":{"min":50,"max":59},"vacunados":36052,"personasINE":165797,"porcentaje":0.21744663654951538},{"rango":{"min":60,"max":69},"vacunados":9237,"personasINE":117231,"porcentaje":0.07879315198198429},{"rango":{"min":70,"max":79},"vacunados":74009,"personasINE":80516,"porcentaje":0.9191837647175717},{"rango":{"min":80,"max":null},"vacunados":49382,"personasINE":49542,"porcentaje":0.9967704170199023}]}}},{"ccaa":"Canarias","dosisAdministradas":1201701,"dosisEntregadas":1345050,"dosisEntregadasModerna":118900,"dosisEntregadasPfizer":835350,"dosisEntregadasAstrazeneca":332500,"dosisEntregadasJanssen":58300,"dosisPrimeraDosis":845845,"dosisPautaCompletada":410948,"porcentajeEntregadas":0.8934247797479647,"porcentajePoblacionAdministradas":0.5522644800988257,"porcentajePoblacionPrimeraDosis":0.3887241078847328,"porcentajePoblacionCompletas":0.18885894541791362,"fechaUltRegistro":1622930356000,"etarios":{"unaDosis":{"etarioTotal":{"vacunados":845845,"personasINE":1871033,"porcentaje":0.4520738009431154},"etarioRangos":[{"rango":{"min":16,"max":17},"vacunados":97,"personasINE":44352,"porcentaje":0.051452418867717314},{"rango":{"min":18,"max":24},"vacunados":8433,"personasINE":163899,"porcentaje":0.11141158234099086},{"rango":{"min":25,"max":39},"vacunados":49521,"personasINE":444487,"porcentaje":0.2672456460543818},{"rango":{"min":40,"max":49},"vacunados":103671,"personasINE":387924,"porcentaje":0.2672456460543818},{"rango":{"min":50,"max":59},"vacunados":243076,"personasINE":350512,"porcentaje":0.6934883827087233},{"rango":{"min":60,"max":69},"vacunados":204100,"personasINE":235092,"porcentaje":0.8681707586817076},{"rango":{"min":70,"max":79},"vacunados":146083,"personasINE":154531,"porcentaje":0.9453313574622567},{"rango":{"min":80,"max":null},"vacunados":90864,"personasINE":90864,"porcentaje":1}]},"pautaCompleta":{"etarioTotal":{"vacunados":410948,"personasINE":1871033,"porcentaje":0.21963695990396748},"etarioRangos":[{"rango":{"min":16,"max":17},"vacunados":63,"personasINE":44352,"porcentaje":0.026101440521296652},{"rango":{"min":18,"max":24},"vacunados":4278,"personasINE":163899,"porcentaje":0.058496648945863434},{"rango":{"min":25,"max":39},"vacunados":26001,"personasINE":444487,"porcentaje":0.08874160918117982},{"rango":{"min":40,"max":49},"vacunados":34425,"personasINE":387924,"porcentaje":0.08874160918117982},{"rango":{"min":50,"max":59},"vacunados":85706,"personasINE":350512,"porcentaje":0.24451659286985894},{"rango":{"min":60,"max":69},"vacunados":34740,"personasINE":235091.99999999997,"porcentaje":0.147771936093104},{"rango":{"min":70,"max":79},"vacunados":138234,"personasINE":154531,"porcentaje":0.8945389598203597},{"rango":{"min":80,"max":null},"vacunados":87501,"personasINE":90236,"porcentaje":0.9696905891218582}]}}},{"ccaa":"Cantabria","dosisAdministradas":397693,"dosisEntregadas":441995,"dosisEntregadasModerna":40700,"dosisEntregadasPfizer":296745,"dosisEntregadasAstrazeneca":89000,"dosisEntregadasJanssen":15550,"dosisPrimeraDosis":264171,"dosisPautaCompletada":141889,"porcentajeEntregadas":0.8997680969241734,"porcentajePoblacionAdministradas":0.6822604026385088,"porcentajePoblacionPrimeraDosis":0.45319734776678877,"porcentajePoblacionCompletas":0.24341702335715082,"fechaUltRegistro":1622930356000,"etarios":{"unaDosis":{"etarioTotal":{"vacunados":264171,"personasINE":501384,"porcentaje":0.5268835862333062},"etarioRangos":[{"rango":{"min":16,"max":17},"vacunados":13,"personasINE":10791,"porcentaje":0.053155860884499785},{"rango":{"min":18,"max":24},"vacunados":1857,"personasINE":34935,"porcentaje":0.1313438096027863},{"rango":{"min":25,"max":39},"vacunados":12671,"personasINE":96472,"porcentaje":0.18293119495954752},{"rango":{"min":40,"max":49},"vacunados":17885,"personasINE":97769,"porcentaje":0.18293119495954752},{"rango":{"min":50,"max":59},"vacunados":62321,"personasINE":89964,"porcentaje":0.6927326486150016},{"rango":{"min":60,"max":69},"vacunados":71988,"personasINE":77345,"porcentaje":0.9307388971491369},{"rango":{"min":70,"max":79},"vacunados":55383,"personasINE":55383,"porcentaje":1},{"rango":{"min":80,"max":null},"vacunados":42053,"personasINE":42053,"porcentaje":1}]},"pautaCompleta":{"etarioTotal":{"vacunados":141889,"personasINE":501384,"porcentaje":0.28299467075136026},"etarioRangos":[{"rango":{"min":16,"max":17},"vacunados":7,"personasINE":10791,"porcentaje":0.023443537999141263},{"rango":{"min":18,"max":24},"vacunados":819,"personasINE":34935,"porcentaje":0.07235259971805291},{"rango":{"min":25,"max":39},"vacunados":6980,"personasINE":96471.99999999999,"porcentaje":0.08813632132884656},{"rango":{"min":40,"max":49},"vacunados":8617,"personasINE":97769,"porcentaje":0.08813632132884656},{"rango":{"min":50,"max":59},"vacunados":11074,"personasINE":89964,"porcentaje":0.12309368191721133},{"rango":{"min":60,"max":69},"vacunados":18775,"personasINE":77345,"porcentaje":0.24274355161936778},{"rango":{"min":70,"max":79},"vacunados":54197,"personasINE":54197,"porcentaje":1},{"rango":{"min":80,"max":null},"vacunados":41420,"personasINE":41420,"porcentaje":1}]}}},{"ccaa":"Castilla y Leon","dosisAdministradas":1797248,"dosisEntregadas":2022645,"dosisEntregadasModerna":195800,"dosisEntregadasPfizer":1396695,"dosisEntregadasAstrazeneca":365900,"dosisEntregadasJanssen":64250,"dosisPrimeraDosis":1126013,"dosisPautaCompletada":714587,"porcentajeEntregadas":0.8885632426847024,"porcentajePoblacionAdministradas":0.7504423951049681,"porcentajePoblacionPrimeraDosis":0.4701676633604992,"porcentajePoblacionCompletas":0.298376395350488,"fechaUltRegistro":1622930356000,"etarios":{"unaDosis":{"etarioTotal":{"vacunados":1126013,"personasINE":2092873,"porcentaje":0.5380226129344685},"etarioRangos":[{"rango":{"min":16,"max":17},"vacunados":122,"personasINE":40684,"porcentaje":0.06577945188406198},{"rango":{"min":18,"max":24},"vacunados":9500,"personasINE":144422,"porcentaje":0.12894887460235063},{"rango":{"min":25,"max":39},"vacunados":48439,"personasINE":375645,"porcentaje":0.15005023327507191},{"rango":{"min":40,"max":49},"vacunados":54514,"personasINE":363305,"porcentaje":0.15005023327507191},{"rango":{"min":50,"max":59},"vacunados":233302,"personasINE":381175,"porcentaje":0.6120600773922739},{"rango":{"min":60,"max":69},"vacunados":304285,"personasINE":318575,"porcentaje":0.9551440006277957},{"rango":{"min":70,"max":79},"vacunados":247749,"personasINE":247749,"porcentaje":1},{"rango":{"min":80,"max":null},"vacunados":228102,"personasINE":228102,"porcentaje":1}]},"pautaCompleta":{"etarioTotal":{"vacunados":714587,"personasINE":2092873,"porcentaje":0.3414383003650962},"etarioRangos":[{"rango":{"min":16,"max":17},"vacunados":111,"personasINE":40684,"porcentaje":0.040637852958690504},{"rango":{"min":18,"max":24},"vacunados":5869,"personasINE":144422,"porcentaje":0.08782227901343023},{"rango":{"min":25,"max":39},"vacunados":32990,"personasINE":375645,"porcentaje":0.09859209204387498},{"rango":{"min":40,"max":49},"vacunados":35819,"personasINE":363305,"porcentaje":0.09859209204387498},{"rango":{"min":50,"max":59},"vacunados":68228,"personasINE":381175,"porcentaje":0.1789939004394307},{"rango":{"min":60,"max":69},"vacunados":103555,"personasINE":318575,"porcentaje":0.3250568939810092},{"rango":{"min":70,"max":79},"vacunados":243413,"personasINE":245410,"porcentaje":0.9918625972861742},{"rango":{"min":80,"max":null},"vacunados":224602,"personasINE":224602,"porcentaje":1}]}}},{"ccaa":"Castilla La Mancha","dosisAdministradas":1305906,"dosisEntregadas":1453120,"dosisEntregadasModerna":134400,"dosisEntregadasPfizer":952245,"dosisEntregadasAstrazeneca":311600,"dosisEntregadasJanssen":54875,"dosisPrimeraDosis":875488,"dosisPautaCompletada":466014,"porcentajeEntregadas":0.898691092270425,"porcentajePoblacionAdministradas":0.6385158376527524,"porcentajePoblacionPrimeraDosis":0.4280652310923856,"porcentajePoblacionCompletas":0.22785508265365945,"fechaUltRegistro":1622930356000},{"ccaa":"Cataluña","dosisAdministradas":4673252,"dosisEntregadas":5323030,"dosisEntregadasModerna":487700,"dosisEntregadasPfizer":3438080,"dosisEntregadasAstrazeneca":1188700,"dosisEntregadasJanssen":208550,"dosisPrimeraDosis":3020524,"dosisPautaCompletada":1702865,"porcentajeEntregadas":0.8779308025692134,"porcentajePoblacionAdministradas":0.6006380841076752,"porcentajePoblacionPrimeraDosis":0.3882182575134513,"porcentajePoblacionCompletas":0.21886377432546247,"fechaUltRegistro":1622930356000,"etarios":{"unaDosis":{"etarioTotal":{"vacunados":3020524,"personasINE":6531658,"porcentaje":0.46244368581453593},"etarioRangos":[{"rango":{"min":16,"max":17},"vacunados":947,"personasINE":159864,"porcentaje":0.09005313526844455},{"rango":{"min":18,"max":24},"vacunados":50098,"personasINE":556316,"porcentaje":0.12201798273017632},{"rango":{"min":25,"max":39},"vacunados":181425,"personasINE":1486871,"porcentaje":0.16279717942973446},{"rango":{"min":40,"max":49},"vacunados":214364,"personasINE":1316755,"porcentaje":0.16279717942973446},{"rango":{"min":50,"max":59},"vacunados":802233,"personasINE":1091780,"porcentaje":0.7347936397442708},{"rango":{"min":60,"max":69},"vacunados":711992,"personasINE":837584,"porcentaje":0.8500544423007125},{"rango":{"min":70,"max":79},"vacunados":605662,"personasINE":635292,"porcentaje":0.9533600297186176},{"rango":{"min":80,"max":null},"vacunados":453803,"personasINE":453803,"porcentaje":1}]},"pautaCompleta":{"etarioTotal":{"vacunados":1702865,"personasINE":6531658,"porcentaje":0.26070945539402096},"etarioRangos":[{"rango":{"min":16,"max":17},"vacunados":479,"personasINE":159864,"porcentaje":0.05771000654304388},{"rango":{"min":18,"max":24},"vacunados":32105,"personasINE":556316,"porcentaje":0.08816299463773253},{"rango":{"min":25,"max":39},"vacunados":131087,"personasINE":1486871,"porcentaje":0.1049041013704144},{"rango":{"min":40,"max":49},"vacunados":138133,"personasINE":1316755,"porcentaje":0.1049041013704144},{"rango":{"min":50,"max":59},"vacunados":292150,"personasINE":1091780,"porcentaje":0.26759054021872536},{"rango":{"min":60,"max":69},"vacunados":84214,"personasINE":837584,"porcentaje":0.10054394544308391},{"rango":{"min":70,"max":79},"vacunados":580799,"personasINE":635292,"porcentaje":0.9142236955604667},{"rango":{"min":80,"max":null},"vacunados":443898,"personasINE":447196,"porcentaje":0.9926251576489951}]}}},{"ccaa":"C. Valenciana","dosisAdministradas":2980160,"dosisEntregadas":3378390,"dosisEntregadasModerna":305500,"dosisEntregadasPfizer":2164690,"dosisEntregadasAstrazeneca":772600,"dosisEntregadasJanssen":135600,"dosisPrimeraDosis":2011956,"dosisPautaCompletada":1053837,"porcentajeEntregadas":0.8821243254923203,"porcentajePoblacionAdministradas":0.5892726886970319,"porcentajePoblacionPrimeraDosis":0.3978278755704812,"porcentajePoblacionCompletas":0.20837718862021298,"fechaUltRegistro":1622843956000,"etarios":{"unaDosis":{"etarioTotal":{"vacunados":2011956,"personasINE":4269305,"porcentaje":0.4712607789792484},"etarioRangos":[{"rango":{"min":16,"max":17},"vacunados":199,"personasINE":103049,"porcentaje":0.06179676561782595},{"rango":{"min":18,"max":24},"vacunados":21804,"personasINE":352834,"porcentaje":0.11879319188214077},{"rango":{"min":25,"max":39},"vacunados":108622,"personasINE":914379,"porcentaje":0.13055609050385866},{"rango":{"min":40,"max":49},"vacunados":111180,"personasINE":851588.0000000001,"porcentaje":0.13055609050385866},{"rango":{"min":50,"max":59},"vacunados":526498,"personasINE":752334,"porcentaje":0.699819495064692},{"rango":{"min":60,"max":69},"vacunados":523280,"personasINE":580728,"porcentaje":0.9010758909506689},{"rango":{"min":70,"max":79},"vacunados":426490,"personasINE":437862,"porcentaje":0.9740283468307366},{"rango":{"min":80,"max":null},"vacunados":293883,"personasINE":293883,"porcentaje":1}]},"pautaCompleta":{"etarioTotal":{"vacunados":1053837,"personasINE":4269305,"porcentaje":0.24684041079285737},"etarioRangos":[{"rango":{"min":16,"max":17},"vacunados":150,"personasINE":103049,"porcentaje":0.018734022231417607},{"rango":{"min":18,"max":24},"vacunados":6610,"personasINE":352834,"porcentaje":0.0452591321541724},{"rango":{"min":25,"max":39},"vacunados":41384,"personasINE":914378.9999999999,"porcentaje":0.046382757859434375},{"rango":{"min":40,"max":49},"vacunados":39499,"personasINE":851588,"porcentaje":0.046382757859434375},{"rango":{"min":50,"max":59},"vacunados":105151,"personasINE":752334,"porcentaje":0.13976638035766029},{"rango":{"min":60,"max":69},"vacunados":165752,"personasINE":580728,"porcentaje":0.28542105770687826},{"rango":{"min":70,"max":79},"vacunados":407187,"personasINE":437862,"porcentaje":0.9299436808857585},{"rango":{"min":80,"max":null},"vacunados":288104,"personasINE":288104,"porcentaje":1}]}}},{"ccaa":"Extremadura","dosisAdministradas":748960,"dosisEntregadas":804635,"dosisEntregadasModerna":73600,"dosisEntregadasPfizer":540035,"dosisEntregadasAstrazeneca":162500,"dosisEntregadasJanssen":28500,"dosisPrimeraDosis":492342,"dosisPautaCompletada":282023,"porcentajeEntregadas":0.9308071361549025,"porcentajePoblacionAdministradas":0.7039183749425509,"porcentajePoblacionPrimeraDosis":0.4627330973028806,"porcentajePoblacionCompletas":0.26506244907127624,"fechaUltRegistro":1622930356000,"etarios":{"unaDosis":{"etarioTotal":{"vacunados":492342,"personasINE":911213,"porcentaje":0.5403149428289544},"etarioRangos":[{"rango":{"min":16,"max":17},"vacunados":76,"personasINE":20953,"porcentaje":0.03898117968667858},{"rango":{"min":18,"max":24},"vacunados":2966,"personasINE":76088,"porcentaje":0.12292754467350378},{"rango":{"min":25,"max":39},"vacunados":23637,"personasINE":192284,"porcentaje":0.18139240347599284},{"rango":{"min":40,"max":49},"vacunados":28931,"personasINE":159494,"porcentaje":0.18139240347599284},{"rango":{"min":50,"max":59},"vacunados":135908,"personasINE":169216,"porcentaje":0.8031628214826021},{"rango":{"min":60,"max":69},"vacunados":127790,"personasINE":127790,"porcentaje":1},{"rango":{"min":70,"max":79},"vacunados":95107,"personasINE":95107,"porcentaje":1},{"rango":{"min":80,"max":null},"vacunados":77927,"personasINE":77927,"porcentaje":1}]},"pautaCompleta":{"etarioTotal":{"vacunados":282023,"personasINE":911213,"porcentaje":0.30950282754965086},"etarioRangos":[{"rango":{"min":16,"max":17},"vacunados":65,"personasINE":20953,"porcentaje":0.019924298181053516},{"rango":{"min":18,"max":24},"vacunados":1516,"personasINE":76088,"porcentaje":0.06794637099290633},{"rango":{"min":25,"max":39},"vacunados":13065,"personasINE":192283.99999999997,"porcentaje":0.08648601201299108},{"rango":{"min":40,"max":49},"vacunados":13794,"personasINE":159494,"porcentaje":0.08648601201299108},{"rango":{"min":50,"max":59},"vacunados":37287,"personasINE":169216,"porcentaje":0.22035150340393345},{"rango":{"min":60,"max":69},"vacunados":49617,"personasINE":125297,"porcentaje":0.39599511560532175},{"rango":{"min":70,"max":79},"vacunados":90233,"personasINE":91876,"porcentaje":0.9821172014454265},{"rango":{"min":80,"max":null},"vacunados":76446,"personasINE":76446,"porcentaje":1}]}}},{"ccaa":"Galicia","dosisAdministradas":2069136,"dosisEntregadas":2169375,"dosisEntregadasModerna":200200,"dosisEntregadasPfizer":1483675,"dosisEntregadasAstrazeneca":412900,"dosisEntregadasJanssen":72600,"dosisPrimeraDosis":1325817,"dosisPautaCompletada":800572,"porcentajeEntregadas":0.9537936041486603,"porcentajePoblacionAdministradas":0.7658307236717189,"porcentajePoblacionPrimeraDosis":0.4907127383440564,"porcentajePoblacionCompletas":0.29630852399809166,"fechaUltRegistro":1622930356000,"etarios":{"unaDosis":{"etarioTotal":{"vacunados":1325817,"personasINE":2362643,"porcentaje":0.5611584145382946},"etarioRangos":[{"rango":{"min":16,"max":17},"vacunados":45,"personasINE":44014.00000000001,"porcentaje":0.04470195423745458},{"rango":{"min":18,"max":24},"vacunados":6828,"personasINE":152745,"porcentaje":0.11093738433273588},{"rango":{"min":25,"max":39},"vacunados":49454,"personasINE":445783,"porcentaje":0.13875921944131708},{"rango":{"min":40,"max":49},"vacunados":61501,"personasINE":443221,"porcentaje":0.13875921944131708},{"rango":{"min":50,"max":59},"vacunados":351780,"personasINE":405889,"porcentaje":0.866690154204721},{"rango":{"min":60,"max":69},"vacunados":330196,"personasINE":346927,"porcentaje":0.9517737160843636},{"rango":{"min":70,"max":79},"vacunados":286071,"personasINE":289762,"porcentaje":0.9872619598152967},{"rango":{"min":80,"max":null},"vacunados":239942,"personasINE":239942,"porcentaje":1}]},"pautaCompleta":{"etarioTotal":{"vacunados":800572,"personasINE":2362643,"porcentaje":0.3388459449861871},"etarioRangos":[{"rango":{"min":16,"max":17},"vacunados":41,"personasINE":44014,"porcentaje":0.01964057743297653},{"rango":{"min":18,"max":24},"vacunados":3000,"personasINE":152745,"porcentaje":0.06297458628974187},{"rango":{"min":25,"max":39},"vacunados":28073,"personasINE":445783,"porcentaje":0.07208593455635},{"rango":{"min":40,"max":49},"vacunados":31950,"personasINE":443220.99999999994,"porcentaje":0.07208593455635},{"rango":{"min":50,"max":59},"vacunados":111463,"personasINE":405889.00000000006,"porcentaje":0.2746144881975121},{"rango":{"min":60,"max":69},"vacunados":108840,"personasINE":346927,"porcentaje":0.3137259423452196},{"rango":{"min":70,"max":79},"vacunados":280017,"personasINE":289762,"porcentaje":0.9663689510701886},{"rango":{"min":80,"max":null},"vacunados":237188,"personasINE":237188,"porcentaje":1}]}}},{"ccaa":"La Rioja","dosisAdministradas":216706,"dosisEntregadas":236815,"dosisEntregadasModerna":21600,"dosisEntregadasPfizer":158015,"dosisEntregadasAstrazeneca":48700,"dosisEntregadasJanssen":8500,"dosisPrimeraDosis":141316,"dosisPautaCompletada":83803,"porcentajeEntregadas":0.9150856153537571,"porcentajePoblacionAdministradas":0.6773882981051158,"porcentajePoblacionPrimeraDosis":0.44173121526410225,"porcentajePoblacionCompletas":0.2619547753458742,"fechaUltRegistro":1622843956000,"etarios":{"unaDosis":{"etarioTotal":{"vacunados":141316,"personasINE":270788,"porcentaje":0.521869506772826},"etarioRangos":[{"rango":{"min":16,"max":17},"vacunados":10,"personasINE":6286,"porcentaje":0.07472838923004252},{"rango":{"min":18,"max":24},"vacunados":1582,"personasINE":21170,"porcentaje":0.13930603061952407},{"rango":{"min":25,"max":39},"vacunados":7616,"personasINE":54671,"porcentaje":0.14741156250590212},{"rango":{"min":40,"max":49},"vacunados":7805,"personasINE":52947,"porcentaje":0.14741156250590212},{"rango":{"min":50,"max":59},"vacunados":36043,"personasINE":47664,"porcentaje":0.756189157435381},{"rango":{"min":60,"max":69},"vacunados":36578,"personasINE":37718,"porcentaje":0.9697757039079484},{"rango":{"min":70,"max":79},"vacunados":28405,"personasINE":28405,"porcentaje":1},{"rango":{"min":80,"max":null},"vacunados":23277,"personasINE":23277,"porcentaje":1}]},"pautaCompleta":{"etarioTotal":{"vacunados":83803,"personasINE":270788,"porcentaje":0.3094782634385571},"etarioRangos":[{"rango":{"min":16,"max":17},"vacunados":10,"personasINE":6286,"porcentaje":0.02843646669815777},{"rango":{"min":18,"max":24},"vacunados":602,"personasINE":21170,"porcentaje":0.05509319383219623},{"rango":{"min":25,"max":39},"vacunados":3012,"personasINE":54671,"porcentaje":0.06440402666817761},{"rango":{"min":40,"max":49},"vacunados":3410,"personasINE":52947,"porcentaje":0.06440402666817761},{"rango":{"min":50,"max":59},"vacunados":9705,"personasINE":47664,"porcentaje":0.20361278952668682},{"rango":{"min":60,"max":69},"vacunados":16108,"personasINE":37718,"porcentaje":0.42706400127260197},{"rango":{"min":70,"max":79},"vacunados":28000,"personasINE":28125,"porcentaje":0.9955555555555555},{"rango":{"min":80,"max":null},"vacunados":22956,"personasINE":22956,"porcentaje":1}]}}},{"ccaa":"Madrid","dosisAdministradas":3996892,"dosisEntregadas":4492425,"dosisEntregadasModerna":408200,"dosisEntregadasPfizer":2866425,"dosisEntregadasAstrazeneca":1036100,"dosisEntregadasJanssen":181700,"dosisPrimeraDosis":2678036,"dosisPautaCompletada":1481329,"porcentajeEntregadas":0.8896958769484187,"porcentajePoblacionAdministradas":0.5895218328090376,"porcentajePoblacionPrimeraDosis":0.39499708549757756,"porcentajePoblacionCompletas":0.21848871249790558,"fechaUltRegistro":1622930356000,"etarios":{"unaDosis":{"etarioTotal":{"vacunados":2678036,"personasINE":5695623,"porcentaje":0.47019193510525537},"etarioRangos":[{"rango":{"min":16,"max":17},"vacunados":474,"personasINE":135861,"porcentaje":0.0740083716198751},{"rango":{"min":18,"max":24},"vacunados":35503,"personasINE":479715.99999999994,"porcentaje":0.13490694972272635},{"rango":{"min":25,"max":39},"vacunados":181823,"personasINE":1347766,"porcentaje":0.14088858127689283},{"rango":{"min":40,"max":49},"vacunados":164272,"personasINE":1165971,"porcentaje":0.14088858127689283},{"rango":{"min":50,"max":59},"vacunados":752899,"personasINE":972783,"porcentaje":0.7739639775777332},{"rango":{"min":60,"max":69},"vacunados":671224,"personasINE":703323,"porcentaje":0.9543609408479461},{"rango":{"min":70,"max":79},"vacunados":502070,"personasINE":526081,"porcentaje":0.9543587394336613},{"rango":{"min":80,"max":null},"vacunados":369771,"personasINE":369771,"porcentaje":1}]},"pautaCompleta":{"etarioTotal":{"vacunados":1481329,"personasINE":5695623,"porcentaje":0.2600819962978589},"etarioRangos":[{"rango":{"min":16,"max":17},"vacunados":331,"personasINE":135861,"porcentaje":0.04463265765577967},{"rango":{"min":18,"max":24},"vacunados":21411,"personasINE":479715.99999999994,"porcentaje":0.07771304514285121},{"rango":{"min":25,"max":39},"vacunados":104739,"personasINE":1347766,"porcentaje":0.08127989461144403},{"rango":{"min":40,"max":49},"vacunados":94770,"personasINE":1165971,"porcentaje":0.08127989461144403},{"rango":{"min":50,"max":59},"vacunados":269359,"personasINE":972783.0000000001,"porcentaje":0.2768952582436165},{"rango":{"min":60,"max":69},"vacunados":151909,"personasINE":703323,"porcentaje":0.2159875334661315},{"rango":{"min":70,"max":79},"vacunados":476652,"personasINE":526081,"porcentaje":0.9060429857759547},{"rango":{"min":80,"max":null},"vacunados":362158,"personasINE":364122,"porcentaje":0.9946062034153388}]}}},{"ccaa":"Murcia","dosisAdministradas":850647,"dosisEntregadas":976885,"dosisEntregadasModerna":87100,"dosisEntregadasPfizer":618485,"dosisEntregadasAstrazeneca":230800,"dosisEntregadasJanssen":40500,"dosisPrimeraDosis":559499,"dosisPautaCompletada":308141,"porcentajeEntregadas":0.8707749632761277,"porcentajePoblacionAdministradas":0.562876054341734,"porcentajePoblacionPrimeraDosis":0.37022241838053377,"porcentajePoblacionCompletas":0.20389796268124885,"fechaUltRegistro":1622930356000,"etarios":{"unaDosis":{"etarioTotal":{"vacunados":559499,"personasINE":1237479,"porcentaje":0.45212807651685405},"etarioRangos":[{"rango":{"min":16,"max":17},"vacunados":154,"personasINE":34712,"porcentaje":0.06547734416476358},{"rango":{"min":18,"max":24},"vacunados":7770,"personasINE":118667,"porcentaje":0.1084218533327948},{"rango":{"min":25,"max":39},"vacunados":32213,"personasINE":297108,"porcentaje":0.19347883394909446},{"rango":{"min":40,"max":49},"vacunados":49174,"personasINE":254157,"porcentaje":0.19347883394909446},{"rango":{"min":50,"max":59},"vacunados":168017,"personasINE":213255.99999999997,"porcentaje":0.7878652886671419},{"rango":{"min":60,"max":69},"vacunados":129392,"personasINE":146909,"porcentaje":0.880762921264184},{"rango":{"min":70,"max":79},"vacunados":99763,"personasINE":102899,"porcentaje":0.9695235133480403},{"rango":{"min":80,"max":null},"vacunados":73016,"personasINE":73016,"porcentaje":1}]},"pautaCompleta":{"etarioTotal":{"vacunados":308141,"personasINE":1237479,"porcentaje":0.24900705385707556},"etarioRangos":[{"rango":{"min":16,"max":17},"vacunados":123,"personasINE":34712,"porcentaje":0.04998862362746172},{"rango":{"min":18,"max":24},"vacunados":5932,"personasINE":118667.00000000001,"porcentaje":0.086308682364662},{"rango":{"min":25,"max":39},"vacunados":25643,"personasINE":297108,"porcentaje":0.10746113622682044},{"rango":{"min":40,"max":49},"vacunados":27312,"personasINE":254156.99999999997,"porcentaje":0.10746113622682044},{"rango":{"min":50,"max":59},"vacunados":47528,"personasINE":213256,"porcentaje":0.2228682897550362},{"rango":{"min":60,"max":69},"vacunados":37342,"personasINE":146909,"porcentaje":0.2541845632330218},{"rango":{"min":70,"max":79},"vacunados":92743,"personasINE":102899,"porcentaje":0.9013012760085132},{"rango":{"min":80,"max":null},"vacunados":71518,"personasINE":71518,"porcentaje":1}]}}},{"ccaa":"Navarra","dosisAdministradas":451316,"dosisEntregadas":466785,"dosisEntregadasModerna":43100,"dosisEntregadasPfizer":304935,"dosisEntregadasAstrazeneca":101000,"dosisEntregadasJanssen":17750,"dosisPrimeraDosis":298676,"dosisPautaCompletada":176597,"porcentajeEntregadas":0.9668605460758165,"porcentajePoblacionAdministradas":0.6825741798586503,"porcentajePoblacionPrimeraDosis":0.45172013787116394,"porcentajePoblacionCompletas":0.26708681376352283,"fechaUltRegistro":1622930356000,"etarios":{"unaDosis":{"etarioTotal":{"vacunados":298676,"personasINE":552935,"porcentaje":0.5401647571595215},"etarioRangos":[{"rango":{"min":16,"max":17},"vacunados":11,"personasINE":13905.999999999998,"porcentaje":0.08228017730130914},{"rango":{"min":18,"max":24},"vacunados":3991,"personasINE":48505,"porcentaje":0.13960322014153323},{"rango":{"min":25,"max":39},"vacunados":16058,"personasINE":115025.99999999999,"porcentaje":0.2174404177700413},{"rango":{"min":40,"max":49},"vacunados":23484,"personasINE":108002,"porcentaje":0.2174404177700413},{"rango":{"min":50,"max":59},"vacunados":87127,"personasINE":96694,"porcentaje":0.9010590109003661},{"rango":{"min":60,"max":69},"vacunados":70194,"personasINE":73844,"porcentaje":0.9505714750013542},{"rango":{"min":70,"max":79},"vacunados":55477,"personasINE":55792,"porcentaje":0.9943540292515056},{"rango":{"min":80,"max":null},"vacunados":42334,"personasINE":42334,"porcentaje":1}]},"pautaCompleta":{"etarioTotal":{"vacunados":176597,"personasINE":552935,"porcentaje":0.31938112074656155},"etarioRangos":[{"rango":{"min":16,"max":17},"vacunados":8,"personasINE":13906,"porcentaje":0.038552726523038865},{"rango":{"min":18,"max":24},"vacunados":1870,"personasINE":48505,"porcentaje":0.09144888981621546},{"rango":{"min":25,"max":39},"vacunados":10519,"personasINE":115026,"porcentaje":0.12656247106535065},{"rango":{"min":40,"max":49},"vacunados":13669,"personasINE":108001.99999999999,"porcentaje":0.12656247106535065},{"rango":{"min":50,"max":59},"vacunados":34607,"personasINE":96694,"porcentaje":0.3579022483297826},{"rango":{"min":60,"max":69},"vacunados":19586,"personasINE":73844,"porcentaje":0.2652348193488977},{"rango":{"min":70,"max":79},"vacunados":54641,"personasINE":55792,"porcentaje":0.9793698021221681},{"rango":{"min":80,"max":null},"vacunados":41697,"personasINE":41697,"porcentaje":1}]}}},{"ccaa":"País Vasco","dosisAdministradas":1554168,"dosisEntregadas":1640950,"dosisEntregadasModerna":150600,"dosisEntregadasPfizer":1092600,"dosisEntregadasAstrazeneca":338200,"dosisEntregadasJanssen":59550,"dosisPrimeraDosis":1016420,"dosisPautaCompletada":611623,"porcentajeEntregadas":0.94711478107194,"porcentajePoblacionAdministradas":0.6999167756509334,"porcentajePoblacionPrimeraDosis":0.45774292683102574,"porcentajePoblacionCompletas":0.2754433227771713,"fechaUltRegistro":1622930356000,"etarios":{"unaDosis":{"etarioTotal":{"vacunados":1016420,"personasINE":1898123,"porcentaje":0.5354868994264333},"etarioRangos":[{"rango":{"min":16,"max":17},"vacunados":50,"personasINE":41824.00000000001,"porcentaje":0.09468868253956943},{"rango":{"min":18,"max":24},"vacunados":13287,"personasINE":140323,"porcentaje":0.1448764322500248},{"rango":{"min":25,"max":39},"vacunados":52549,"personasINE":362716,"porcentaje":0.14149773701927193},{"rango":{"min":40,"max":49},"vacunados":51241,"personasINE":362133,"porcentaje":0.14149773701927193},{"rango":{"min":50,"max":59},"vacunados":256800,"personasINE":339977,"porcentaje":0.7553452145292181},{"rango":{"min":60,"max":69},"vacunados":271151,"personasINE":280119,"porcentaje":0.9679850349315826},{"rango":{"min":70,"max":79},"vacunados":209590,"personasINE":213081,"porcentaje":0.9836165589611462},{"rango":{"min":80,"max":null},"vacunados":161752,"personasINE":161752,"porcentaje":1}]},"pautaCompleta":{"etarioTotal":{"vacunados":611623,"personasINE":1898123,"porcentaje":0.3222251666514762},"etarioRangos":[{"rango":{"min":16,"max":17},"vacunados":31,"personasINE":41824,"porcentaje":0.0439486042915274},{"rango":{"min":18,"max":24},"vacunados":6167,"personasINE":140323,"porcentaje":0.09264272874645728},{"rango":{"min":25,"max":39},"vacunados":33603,"personasINE":362716,"porcentaje":0.09282501180505505},{"rango":{"min":40,"max":49},"vacunados":33615,"personasINE":362133,"porcentaje":0.09282501180505505},{"rango":{"min":50,"max":59},"vacunados":99354,"personasINE":339977,"porcentaje":0.2922374160604982},{"rango":{"min":60,"max":69},"vacunados":74877,"personasINE":280119,"porcentaje":0.2673042528354021},{"rango":{"min":70,"max":79},"vacunados":205098,"personasINE":213081,"porcentaje":0.9625353738719079},{"rango":{"min":80,"max":null},"vacunados":158878,"personasINE":157950,"porcentaje":1.0058752769863881}]}}},{"ccaa":"Ceuta","dosisAdministradas":46766,"dosisEntregadas":49040,"dosisEntregadasModerna":4400,"dosisEntregadasPfizer":28890,"dosisEntregadasAstrazeneca":13500,"dosisEntregadasJanssen":2250,"dosisPrimeraDosis":33532,"dosisPautaCompletada":15679,"porcentajeEntregadas":0.9536296900489396,"porcentajePoblacionAdministradas":0.5554024845015558,"porcentajePoblacionPrimeraDosis":0.3982328210731337,"porcentajePoblacionCompletas":0.18620697845656872,"fechaUltRegistro":1622843956000,"etarios":{"unaDosis":{"etarioTotal":{"vacunados":33532,"personasINE":66158,"porcentaje":0.5068472444753469},"etarioRangos":[{"rango":{"min":16,"max":17},"vacunados":10,"personasINE":2175,"porcentaje":0.07716660071230709},{"rango":{"min":18,"max":24},"vacunados":585,"personasINE":7580.999999999999,"porcentaje":0.12471303948576676},{"rango":{"min":25,"max":39},"vacunados":2173,"personasINE":17424,"porcentaje":0.6498180667615884},{"rango":{"min":40,"max":49},"vacunados":8215,"personasINE":12642,"porcentaje":0.6498180667615884},{"rango":{"min":50,"max":59},"vacunados":9574,"personasINE":11556,"porcentaje":0.8284873658705434},{"rango":{"min":60,"max":69},"vacunados":6873,"personasINE":7857,"porcentaje":0.8747613592974418},{"rango":{"min":70,"max":79},"vacunados":3747,"personasINE":4318,"porcentaje":0.8677628531727651},{"rango":{"min":80,"max":null},"vacunados":2355,"personasINE":2605,"porcentaje":0.9040307101727447}]},"pautaCompleta":{"etarioTotal":{"vacunados":15679,"personasINE":66158,"porcentaje":0.23699325856283443},"etarioRangos":[{"rango":{"min":16,"max":17},"vacunados":7,"personasINE":2175,"porcentaje":0.043925603482390184},{"rango":{"min":18,"max":24},"vacunados":333,"personasINE":7581,"porcentaje":0.08562901744719927},{"rango":{"min":25,"max":39},"vacunados":1492,"personasINE":17424,"porcentaje":0.16840689764277805},{"rango":{"min":40,"max":49},"vacunados":2129,"personasINE":12642,"porcentaje":0.16840689764277805},{"rango":{"min":50,"max":59},"vacunados":4145,"personasINE":11556,"porcentaje":0.35868812737971617},{"rango":{"min":60,"max":69},"vacunados":1684,"personasINE":7857,"porcentaje":0.21433116965763013},{"rango":{"min":70,"max":79},"vacunados":3594,"personasINE":4318,"porcentaje":0.8323297823066235},{"rango":{"min":80,"max":null},"vacunados":2295,"personasINE":2605,"porcentaje":0.8809980806142035}]}}},{"ccaa":"Melilla","dosisAdministradas":42469,"dosisEntregadas":48940,"dosisEntregadasModerna":4300,"dosisEntregadasPfizer":28890,"dosisEntregadasAstrazeneca":13500,"dosisEntregadasJanssen":2250,"dosisPrimeraDosis":29620,"dosisPautaCompletada":14166,"porcentajeEntregadas":0.8677768696362893,"porcentajePoblacionAdministradas":0.48772336809224126,"porcentajePoblacionPrimeraDosis":0.3401626165648399,"porcentajePoblacionCompletas":0.16268547016399468,"fechaUltRegistro":1622757556000,"etarios":{"unaDosis":{"etarioTotal":{"vacunados":29620,"personasINE":66178,"porcentaje":0.4475807670222733},"etarioRangos":[{"rango":{"min":16,"max":17},"vacunados":7,"personasINE":2324,"porcentaje":0.03830834114339269},{"rango":{"min":18,"max":24},"vacunados":327,"personasINE":8536,"porcentaje":0.11374564748797877},{"rango":{"min":25,"max":39},"vacunados":2058,"personasINE":18093,"porcentaje":0.6341443092817863},{"rango":{"min":40,"max":49},"vacunados":7611,"personasINE":12002,"porcentaje":0.6341443092817863},{"rango":{"min":50,"max":59},"vacunados":8170,"personasINE":11299,"porcentaje":0.7230728383042747},{"rango":{"min":60,"max":69},"vacunados":6387,"personasINE":7827,"porcentaje":0.8160214641625144},{"rango":{"min":70,"max":79},"vacunados":3130,"personasINE":3748,"porcentaje":0.8351120597652081},{"rango":{"min":80,"max":null},"vacunados":1930,"personasINE":2349,"porcentaje":0.8216262239250745}]},"pautaCompleta":{"etarioTotal":{"vacunados":14166,"personasINE":66178,"porcentaje":0.21405905285744506},"etarioRangos":[{"rango":{"min":16,"max":17},"vacunados":6,"personasINE":2324,"porcentaje":0.02999062792877226},{"rango":{"min":18,"max":24},"vacunados":256,"personasINE":8536,"porcentaje":0.08848726026640137},{"rango":{"min":25,"max":39},"vacunados":1601,"personasINE":18093,"porcentaje":0.1443926012331278},{"rango":{"min":40,"max":49},"vacunados":1733,"personasINE":12002,"porcentaje":0.1443926012331278},{"rango":{"min":50,"max":59},"vacunados":3503,"personasINE":11299,"porcentaje":0.3100274360562882},{"rango":{"min":60,"max":69},"vacunados":2390,"personasINE":7827,"porcentaje":0.3053532643413824},{"rango":{"min":70,"max":79},"vacunados":2860,"personasINE":3748,"porcentaje":0.7630736392742796},{"rango":{"min":80,"max":null},"vacunados":1817,"personasINE":2349,"porcentaje":0.7735206470838655}]}}},{"ccaa":"Fuerzas Armadas","dosisAdministradas":86511,"dosisEntregadas":134830,"dosisEntregadasModerna":7700,"dosisEntregadasPfizer":30030,"dosisEntregadasAstrazeneca":96100,"dosisEntregadasJanssen":1000,"dosisPrimeraDosis":72185,"dosisPautaCompletada":14517,"porcentajeEntregadas":0.641630200993844,"porcentajePoblacionAdministradas":null,"porcentajePoblacionPrimeraDosis":null,"porcentajePoblacionCompletas":null,"fechaUltRegistro":1622930356000},{"ccaa":"Totales","dosisAdministradas":30007806,"dosisEntregadas":33129880,"dosisEntregadasModerna":3021500,"dosisEntregadasPfizer":21490755,"dosisEntregadasAstrazeneca":7344700,"dosisEntregadasJanssen":1272925,"dosisPrimeraDosis":19786574,"dosisPautaCompletada":11002869,"porcentajeEntregadas":0.905762592559949,"porcentajePoblacionAdministradas":0.6392800596506178,"porcentajePoblacionPrimeraDosis":0.4215290583723903,"porcentajePoblacionCompletas":0.23440283340434598,"fechaUltRegistro":null,"etarios":{"unaDosis":{"etarioTotal":{"vacunados":19786574,"personasINE":40129822,"porcentaje":0.4930640858561496},"etarioRangos":[{"rango":{"min":16,"max":17},"vacunados":3088,"personasINE":949049,"porcentaje":0.07207143523893159},{"rango":{"min":18,"max":24},"vacunados":238578,"personasINE":3310299,"porcentaje":0.12711336571074344},{"rango":{"min":25,"max":39},"vacunados":1120425,"personasINE":8814376,"porcentaje":0.17829978368513802},{"rango":{"min":40,"max":49},"vacunados":1407095,"personasINE":7891737,"porcentaje":0.17829978368513802},{"rango":{"min":50,"max":59},"vacunados":5346949,"personasINE":7033306,"porcentaje":0.7602326700985284},{"rango":{"min":60,"max":69},"vacunados":4894122,"personasINE":5336986,"porcentaje":0.9170198310432143},{"rango":{"min":70,"max":79},"vacunados":3868877,"personasINE":3960045,"porcentaje":0.9769780393909665},{"rango":{"min":80,"max":null},"vacunados":2907440,"personasINE":2907440,"porcentaje":1}]},"pautaCompleta":{"etarioTotal":{"vacunados":11002869,"personasINE":40129822,"porcentaje":0.27418185408347934},"etarioRangos":[{"rango":{"min":16,"max":17},"vacunados":2087,"personasINE":949049,"porcentaje":0.03922153255642466},{"rango":{"min":18,"max":24},"vacunados":129835,"personasINE":3310299,"porcentaje":0.07714499585676854},{"rango":{"min":25,"max":39},"vacunados":679985,"personasINE":8814376,"porcentaje":0.09087948572031734},{"rango":{"min":40,"max":49},"vacunados":717197,"personasINE":7891737,"porcentaje":0.09087948572031734},{"rango":{"min":50,"max":59},"vacunados":1692447,"personasINE":7033306,"porcentaje":0.24063321004375468},{"rango":{"min":60,"max":69},"vacunados":1202975,"personasINE":5336986,"porcentaje":0.22540343931949605},{"rango":{"min":70,"max":79},"vacunados":3727908,"personasINE":3960045,"porcentaje":0.9413802115885047},{"rango":{"min":80,"max":null},"vacunados":2850435,"personasINE":2850435,"porcentaje":1}]}}}]