[{"ccaa":"Andalucía","dosisAdministradas":12594366,"dosisEntregadas":13520870,"dosisEntregadasModerna":2019500,"dosisEntregadasPfizer":9434970,"dosisEntregadasAstrazeneca":1603000,"dosisEntregadasJanssen":463400,"dosisPrimeraDosis":6757099,"dosisPautaCompletada":6531551,"porcentajeEntregadas":0.9314760070912597,"porcentajePoblacionAdministradas":1.487919950957013,"porcentajePoblacionPrimeraDosis":0.7982952387354536,"porcentajePoblacionCompletas":0.7716486120534554,"fechaUltRegistro":1632268800000,"etarios":{"unaDosis":{"etarioTotal":{"vacunados":6757099,"personasINE":7451975,"porcentaje":0.9067527735935775},"etarioRangos":[{"rango":{"min":12,"max":19},"vacunados":641147,"personasINE":752907,"porcentaje":0.8000445797870508},{"rango":{"min":20,"max":29},"vacunados":742979,"personasINE":928672,"porcentaje":0.8945198734544594},{"rango":{"min":30,"max":39},"vacunados":911674,"personasINE":1140217,"porcentaje":0.8945198734544594},{"rango":{"min":40,"max":49},"vacunados":1239012,"personasINE":1385114,"porcentaje":0.8945198734544594},{"rango":{"min":50,"max":59},"vacunados":1208911,"personasINE":1265021,"porcentaje":0.9556450051026821},{"rango":{"min":60,"max":69},"vacunados":926069,"personasINE":926069,"porcentaje":1},{"rango":{"min":70,"max":79},"vacunados":653503,"personasINE":653503,"porcentaje":1},{"rango":{"min":80,"max":null},"vacunados":433804,"personasINE":433804,"porcentaje":1}]},"pautaCompleta":{"etarioTotal":{"vacunados":6531551,"personasINE":7451975,"porcentaje":0.8764858980337428},"etarioRangos":[{"rango":{"min":12,"max":19},"vacunados":570972,"personasINE":752907,"porcentaje":0.7439688070707419},{"rango":{"min":20,"max":29},"vacunados":690903,"personasINE":928672,"porcentaje":0.8774844525432564},{"rango":{"min":30,"max":39},"vacunados":872894,"personasINE":1140217,"porcentaje":0.8774844525432564},{"rango":{"min":40,"max":49},"vacunados":1215416,"personasINE":1385114,"porcentaje":0.8774844525432564},{"rango":{"min":50,"max":59},"vacunados":1193403,"personasINE":1265021,"porcentaje":0.9433859200756352},{"rango":{"min":60,"max":69},"vacunados":913068,"personasINE":916147,"porcentaje":0.9966391856328733},{"rango":{"min":70,"max":79},"vacunados":647741,"personasINE":650381,"porcentaje":0.995940840830221},{"rango":{"min":80,"max":null},"vacunados":427154,"personasINE":427154,"porcentaje":1}]}}},{"ccaa":"Aragón","dosisAdministradas":1957506,"dosisEntregadas":2113445,"dosisEntregadasModerna":275200,"dosisEntregadasPfizer":1508445,"dosisEntregadasAstrazeneca":265100,"dosisEntregadasJanssen":64700,"dosisPrimeraDosis":1055716,"dosisPautaCompletada":1025750,"porcentajeEntregadas":0.9262157283487387,"porcentajePoblacionAdministradas":1.4724832648934738,"porcentajePoblacionPrimeraDosis":0.794135058835211,"porcentajePoblacionCompletas":0.7715939102942626,"fechaUltRegistro":1632268800000,"etarios":{"unaDosis":{"etarioTotal":{"vacunados":1055716,"personasINE":1185134,"porcentaje":0.8907988463751778},"etarioRangos":[{"rango":{"min":12,"max":19},"vacunados":85666,"personasINE":103109,"porcentaje":0.7741581736336378},{"rango":{"min":20,"max":29},"vacunados":100951,"personasINE":130401,"porcentaje":0.866587886090731},{"rango":{"min":30,"max":39},"vacunados":123236,"personasINE":164286,"porcentaje":0.866587886090731},{"rango":{"min":40,"max":49},"vacunados":186267,"personasINE":214943,"porcentaje":0.866587886090731},{"rango":{"min":50,"max":59},"vacunados":185188,"personasINE":198266,"porcentaje":0.9340381104173181},{"rango":{"min":60,"max":69},"vacunados":154104,"personasINE":156367,"porcentaje":0.9855276369054852},{"rango":{"min":70,"max":79},"vacunados":119136,"personasINE":119136,"porcentaje":1},{"rango":{"min":80,"max":null},"vacunados":101168,"personasINE":101168,"porcentaje":1}]},"pautaCompleta":{"etarioTotal":{"vacunados":1025750,"personasINE":1185134,"porcentaje":0.8655139418833651},"etarioRangos":[{"rango":{"min":12,"max":19},"vacunados":76841,"personasINE":103109,"porcentaje":0.7306309000697847},{"rango":{"min":20,"max":29},"vacunados":95275,"personasINE":130401,"porcentaje":0.851183802217332},{"rango":{"min":30,"max":39},"vacunados":118055,"personasINE":164286,"porcentaje":0.851183802217332},{"rango":{"min":40,"max":49},"vacunados":182956,"personasINE":214943,"porcentaje":0.851183802217332},{"rango":{"min":50,"max":59},"vacunados":182798,"personasINE":198266,"porcentaje":0.9219835977928641},{"rango":{"min":60,"max":69},"vacunados":151761,"personasINE":156367,"porcentaje":0.970543656909706},{"rango":{"min":70,"max":79},"vacunados":118282,"personasINE":118955,"porcentaje":0.9943423983859443},{"rango":{"min":80,"max":null},"vacunados":99782,"personasINE":99782,"porcentaje":1}]}}},{"ccaa":"Asturias","dosisAdministradas":1646830,"dosisEntregadas":1647965,"dosisEntregadasModerna":162000,"dosisEntregadasPfizer":1215365,"dosisEntregadasAstrazeneca":220900,"dosisEntregadasJanssen":49700,"dosisPrimeraDosis":869290,"dosisPautaCompletada":850542,"porcentajeEntregadas":0.9993112717806507,"porcentajePoblacionAdministradas":1.6164662970757295,"porcentajePoblacionPrimeraDosis":0.8532623205704055,"porcentajePoblacionCompletas":0.8348599899488017,"fechaUltRegistro":1632268800000,"etarios":{"unaDosis":{"etarioTotal":{"vacunados":869290,"personasINE":933927,"porcentaje":0.9307900938724333},"etarioRangos":[{"rango":{"min":12,"max":19},"vacunados":59552,"personasINE":64000,"porcentaje":0.8279000391854483},{"rango":{"min":20,"max":29},"vacunados":65496,"personasINE":79111,"porcentaje":0.8987801883911302},{"rango":{"min":30,"max":39},"vacunados":90134,"personasINE":114451,"porcentaje":0.8987801883911302},{"rango":{"min":40,"max":49},"vacunados":150090,"personasINE":166993,"porcentaje":0.8987801883911302},{"rango":{"min":50,"max":59},"vacunados":152884,"personasINE":162645,"porcentaje":0.9399858587721726},{"rango":{"min":60,"max":69},"vacunados":147971,"personasINE":149652,"porcentaje":0.988767273407639},{"rango":{"min":70,"max":79},"vacunados":114282,"personasINE":114282,"porcentaje":1},{"rango":{"min":80,"max":null},"vacunados":88881,"personasINE":88881,"porcentaje":1}]},"pautaCompleta":{"etarioTotal":{"vacunados":850542,"personasINE":933927,"porcentaje":0.9107157197511154},"etarioRangos":[{"rango":{"min":12,"max":19},"vacunados":53092,"personasINE":64000,"porcentaje":0.7821668288859956},{"rango":{"min":20,"max":29},"vacunados":61878,"personasINE":79111,"porcentaje":0.8892348781086632},{"rango":{"min":30,"max":39},"vacunados":87126,"personasINE":114451,"porcentaje":0.8892348781086632},{"rango":{"min":40,"max":49},"vacunados":148496,"personasINE":166993,"porcentaje":0.8892348781086632},{"rango":{"min":50,"max":59},"vacunados":151653,"personasINE":162645,"porcentaje":0.9324172277045099},{"rango":{"min":60,"max":69},"vacunados":146502,"personasINE":149652,"porcentaje":0.9789511667067596},{"rango":{"min":70,"max":79},"vacunados":113745,"personasINE":113745,"porcentaje":1},{"rango":{"min":80,"max":null},"vacunados":88050,"personasINE":88050,"porcentaje":1}]}}},{"ccaa":"Baleares","dosisAdministradas":1568745,"dosisEntregadas":1891250,"dosisEntregadasModerna":305100,"dosisEntregadasPfizer":1272150,"dosisEntregadasAstrazeneca":256400,"dosisEntregadasJanssen":57600,"dosisPrimeraDosis":843028,"dosisPautaCompletada":816929,"porcentajeEntregadas":0.8294752148050232,"porcentajePoblacionAdministradas":1.3390417594573993,"porcentajePoblacionPrimeraDosis":0.7195877573422401,"porcentajePoblacionCompletas":0.6973102993232002,"fechaUltRegistro":1632268800000,"etarios":{"unaDosis":{"etarioTotal":{"vacunados":843028,"personasINE":1034867,"porcentaje":0.8146244879776822},"etarioRangos":[{"rango":{"min":12,"max":19},"vacunados":72331,"personasINE":95480,"porcentaje":0.6777631178321324},{"rango":{"min":20,"max":29},"vacunados":93492,"personasINE":137942,"porcentaje":0.8028733290650525},{"rango":{"min":30,"max":39},"vacunados":122153,"personasINE":182187,"porcentaje":0.8028733290650525},{"rango":{"min":40,"max":49},"vacunados":165530,"personasINE":206172,"porcentaje":0.8028733290650525},{"rango":{"min":50,"max":59},"vacunados":149168,"personasINE":165797,"porcentaje":0.8997026484194527},{"rango":{"min":60,"max":69},"vacunados":109866,"personasINE":117231,"porcentaje":0.9371753205210226},{"rango":{"min":70,"max":79},"vacunados":79079,"personasINE":80516,"porcentaje":0.9821526156291918},{"rango":{"min":80,"max":null},"vacunados":51409,"personasINE":51409,"porcentaje":1}]},"pautaCompleta":{"etarioTotal":{"vacunados":816929,"personasINE":1034867,"porcentaje":0.7894048220689228},"etarioRangos":[{"rango":{"min":12,"max":19},"vacunados":66406,"personasINE":95480,"porcentaje":0.6359266938278407},{"rango":{"min":20,"max":29},"vacunados":87721,"personasINE":137942,"porcentaje":0.7824292338435869},{"rango":{"min":30,"max":39},"vacunados":116523,"personasINE":182187,"porcentaje":0.7824292338435869},{"rango":{"min":40,"max":49},"vacunados":161315,"personasINE":206172,"porcentaje":0.7824292338435869},{"rango":{"min":50,"max":59},"vacunados":147084,"personasINE":165797,"porcentaje":0.8871330603086908},{"rango":{"min":60,"max":69},"vacunados":108570,"personasINE":117231,"porcentaje":0.926120224172787},{"rango":{"min":70,"max":79},"vacunados":78557,"personasINE":80516,"porcentaje":0.9756694321625515},{"rango":{"min":80,"max":null},"vacunados":50753,"personasINE":50753,"porcentaje":1}]}}},{"ccaa":"Canarias","dosisAdministradas":3092295,"dosisEntregadas":3522840,"dosisEntregadasModerna":574700,"dosisEntregadasPfizer":2358690,"dosisEntregadasAstrazeneca":455800,"dosisEntregadasJanssen":133650,"dosisPrimeraDosis":1656754,"dosisPautaCompletada":1601856,"porcentajeEntregadas":0.8777846850836257,"porcentajePoblacionAdministradas":1.4211228005029524,"porcentajePoblacionPrimeraDosis":0.7613927145451738,"porcentajePoblacionCompletas":0.7361632977198026,"fechaUltRegistro":1632268800000,"etarios":{"unaDosis":{"etarioTotal":{"vacunados":1656754,"personasINE":1960774,"porcentaje":0.8449489844316581},"etarioRangos":[{"rango":{"min":12,"max":19},"vacunados":144652,"personasINE":179797,"porcentaje":0.7270365603698937},{"rango":{"min":20,"max":29},"vacunados":183030,"personasINE":251748,"porcentaje":0.8141388519400707},{"rango":{"min":30,"max":39},"vacunados":225949,"personasINE":310934,"porcentaje":0.8141388519400707},{"rango":{"min":40,"max":49},"vacunados":315824,"personasINE":387924,"porcentaje":0.8141388519400707},{"rango":{"min":50,"max":59},"vacunados":319505,"personasINE":350512,"porcentaje":0.9115379787282604},{"rango":{"min":60,"max":69},"vacunados":223797,"personasINE":235092,"porcentaje":0.951954979327242},{"rango":{"min":70,"max":79},"vacunados":151114,"personasINE":154531,"porcentaje":0.977887931871275},{"rango":{"min":80,"max":null},"vacunados":92883,"personasINE":92883,"porcentaje":1}]},"pautaCompleta":{"etarioTotal":{"vacunados":1601856,"personasINE":1960774,"porcentaje":0.8169508571615086},"etarioRangos":[{"rango":{"min":12,"max":19},"vacunados":129780,"personasINE":179797,"porcentaje":0.6766727044504822},{"rango":{"min":20,"max":29},"vacunados":170351,"personasINE":251748,"porcentaje":0.7990431115373114},{"rango":{"min":30,"max":39},"vacunados":215817,"personasINE":310934,"porcentaje":0.7990431115373114},{"rango":{"min":40,"max":49},"vacunados":309968,"personasINE":387924,"porcentaje":0.7990431115373114},{"rango":{"min":50,"max":59},"vacunados":316141,"personasINE":350512,"porcentaje":0.9019405897658282},{"rango":{"min":60,"max":69},"vacunados":218394,"personasINE":235092,"porcentaje":0.928972487366648},{"rango":{"min":70,"max":79},"vacunados":149798,"personasINE":154531,"porcentaje":0.9693718412486815},{"rango":{"min":80,"max":null},"vacunados":91607,"personasINE":91607,"porcentaje":1}]}}},{"ccaa":"Cantabria","dosisAdministradas":892559,"dosisEntregadas":931515,"dosisEntregadasModerna":114900,"dosisEntregadasPfizer":666465,"dosisEntregadasAstrazeneca":125200,"dosisEntregadasJanssen":24950,"dosisPrimeraDosis":476070,"dosisPautaCompletada":458328,"porcentajeEntregadas":0.9581799541606952,"porcentajePoblacionAdministradas":1.5312254998670451,"porcentajePoblacionPrimeraDosis":0.8167197056124068,"porcentajePoblacionCompletas":0.7862824988634511,"fechaUltRegistro":1632268800000,"etarios":{"unaDosis":{"etarioTotal":{"vacunados":476070,"personasINE":524127,"porcentaje":0.9083103904206423},"etarioRangos":[{"rango":{"min":12,"max":19},"vacunados":37438,"personasINE":43963,"porcentaje":0.7885357885357885},{"rango":{"min":20,"max":29},"vacunados":39825,"personasINE":50505,"porcentaje":0.8896480479497592},{"rango":{"min":30,"max":39},"vacunados":53523,"personasINE":70473,"porcentaje":0.8896480479497592},{"rango":{"min":40,"max":49},"vacunados":86980,"personasINE":97769,"porcentaje":0.8896480479497592},{"rango":{"min":50,"max":59},"vacunados":83777,"personasINE":89964,"porcentaje":0.9312280467742653},{"rango":{"min":60,"max":69},"vacunados":76402,"personasINE":77345,"porcentaje":0.9878078738121404},{"rango":{"min":70,"max":79},"vacunados":55862,"personasINE":55862,"porcentaje":1},{"rango":{"min":80,"max":null},"vacunados":42263,"personasINE":42263,"porcentaje":1}]},"pautaCompleta":{"etarioTotal":{"vacunados":458328,"personasINE":524127,"porcentaje":0.8744598160369529},"etarioRangos":[{"rango":{"min":12,"max":19},"vacunados":28145,"personasINE":43963,"porcentaje":0.7278091278091278},{"rango":{"min":20,"max":29},"vacunados":36758,"personasINE":50505,"porcentaje":0.8756865673168387},{"rango":{"min":30,"max":39},"vacunados":51415,"personasINE":70473,"porcentaje":0.8756865673168387},{"rango":{"min":40,"max":49},"vacunados":85615,"personasINE":97769,"porcentaje":0.8756865673168387},{"rango":{"min":50,"max":59},"vacunados":83090,"personasINE":89964,"porcentaje":0.9235916588857765},{"rango":{"min":60,"max":69},"vacunados":75881,"personasINE":77345,"porcentaje":0.9810718210614778},{"rango":{"min":70,"max":79},"vacunados":55638,"personasINE":55638,"porcentaje":1},{"rango":{"min":80,"max":null},"vacunados":41786,"personasINE":41786,"porcentaje":1}]}}},{"ccaa":"Castilla y Leon","dosisAdministradas":3695716,"dosisEntregadas":3843295,"dosisEntregadasModerna":412400,"dosisEntregadasPfizer":2847495,"dosisEntregadasAstrazeneca":481200,"dosisEntregadasJanssen":102200,"dosisPrimeraDosis":1982515,"dosisPautaCompletada":1927346,"porcentajeEntregadas":0.9616009179623214,"porcentajePoblacionAdministradas":1.5431492852782434,"porcentajePoblacionPrimeraDosis":0.8278007848285411,"porcentajePoblacionCompletas":0.8047649230579085,"fechaUltRegistro":1632268800000,"etarios":{"unaDosis":{"etarioTotal":{"vacunados":1982515,"personasINE":2176253,"porcentaje":0.9109763432836164},"etarioRangos":[{"rango":{"min":12,"max":19},"vacunados":137655,"personasINE":165342,"porcentaje":0.7938020719789959},{"rango":{"min":20,"max":29},"vacunados":167497,"personasINE":211006,"porcentaje":0.876260992829716},{"rango":{"min":30,"max":39},"vacunados":208595,"personasINE":267783,"porcentaje":0.876260992829716},{"rango":{"min":40,"max":49},"vacunados":318350,"personasINE":363305,"porcentaje":0.876260992829716},{"rango":{"min":50,"max":59},"vacunados":351313,"personasINE":381175,"porcentaje":0.9216580310880829},{"rango":{"min":60,"max":69},"vacunados":319637,"personasINE":319637,"porcentaje":1},{"rango":{"min":70,"max":79},"vacunados":250279,"personasINE":250279,"porcentaje":1},{"rango":{"min":80,"max":null},"vacunados":229189,"personasINE":229189,"porcentaje":1}]},"pautaCompleta":{"etarioTotal":{"vacunados":1927346,"personasINE":2176253,"porcentaje":0.885625890004517},"etarioRangos":[{"rango":{"min":12,"max":19},"vacunados":120287,"personasINE":165342,"porcentaje":0.743685013696293},{"rango":{"min":20,"max":29},"vacunados":156922,"personasINE":211006,"porcentaje":0.8589449635980787},{"rango":{"min":30,"max":39},"vacunados":200521,"personasINE":267783,"porcentaje":0.8589449635980787},{"rango":{"min":40,"max":49},"vacunados":312059,"personasINE":363305,"porcentaje":0.8589449635980787},{"rango":{"min":50,"max":59},"vacunados":346255,"personasINE":381175,"porcentaje":0.9083885354495966},{"rango":{"min":60,"max":69},"vacunados":316035,"personasINE":318575,"porcentaje":0.9920269952130581},{"rango":{"min":70,"max":79},"vacunados":248718,"personasINE":248718,"porcentaje":1},{"rango":{"min":80,"max":null},"vacunados":226549,"personasINE":226549,"porcentaje":1}]}}},{"ccaa":"Castilla La Mancha","dosisAdministradas":2962206,"dosisEntregadas":3216670,"dosisEntregadasModerna":446800,"dosisEntregadasPfizer":2256795,"dosisEntregadasAstrazeneca":411700,"dosisEntregadasJanssen":101375,"dosisPrimeraDosis":1601550,"dosisPautaCompletada":1524676,"porcentajeEntregadas":0.9208921027024842,"porcentajePoblacionAdministradas":1.4483549699519025,"porcentajePoblacionPrimeraDosis":0.7830694091249797,"porcentajePoblacionCompletas":0.7454822730648668,"fechaUltRegistro":1632268800000},{"ccaa":"Cataluña","dosisAdministradas":10837471,"dosisEntregadas":11863410,"dosisEntregadasModerna":1604900,"dosisEntregadasPfizer":8368460,"dosisEntregadasAstrazeneca":1514300,"dosisEntregadasJanssen":375750,"dosisPrimeraDosis":5863262,"dosisPautaCompletada":5643581,"porcentajeEntregadas":0.913520733077589,"porcentajePoblacionAdministradas":1.392905372535547,"porcentajePoblacionPrimeraDosis":0.7535862509236256,"porcentajePoblacionCompletas":0.7253513569023192,"fechaUltRegistro":1632268800000,"etarios":{"unaDosis":{"etarioTotal":{"vacunados":5863262,"personasINE":6868360,"porcentaje":0.853662591943346},"etarioRangos":[{"rango":{"min":12,"max":19},"vacunados":500776,"personasINE":656166,"porcentaje":0.717464404274467},{"rango":{"min":20,"max":29},"vacunados":601906,"personasINE":838935,"porcentaje":0.847224426715676},{"rango":{"min":30,"max":39},"vacunados":753092,"personasINE":1044652,"porcentaje":0.847224426715676},{"rango":{"min":40,"max":49},"vacunados":1115587,"personasINE":1316755,"porcentaje":0.847224426715676},{"rango":{"min":50,"max":59},"vacunados":1019344,"personasINE":1091780,"porcentaje":0.9336533001154078},{"rango":{"min":60,"max":69},"vacunados":796674,"personasINE":837584,"porcentaje":0.9511571376721618},{"rango":{"min":70,"max":79},"vacunados":617540,"personasINE":635292,"porcentaje":0.9720569438935167},{"rango":{"min":80,"max":null},"vacunados":458343,"personasINE":458343,"porcentaje":1}]},"pautaCompleta":{"etarioTotal":{"vacunados":5643581,"personasINE":6868360,"porcentaje":0.8216781007402059},"etarioRangos":[{"rango":{"min":12,"max":19},"vacunados":436318,"personasINE":656166,"porcentaje":0.662886874430081},{"rango":{"min":20,"max":29},"vacunados":556119,"personasINE":838935,"porcentaje":0.8276771305216233},{"rango":{"min":30,"max":39},"vacunados":708411,"personasINE":1044652,"porcentaje":0.8276771305216233},{"rango":{"min":40,"max":49},"vacunados":1089848,"personasINE":1316755,"porcentaje":0.8276771305216233},{"rango":{"min":50,"max":59},"vacunados":1005341,"personasINE":1091780,"porcentaje":0.9208274560808954},{"rango":{"min":60,"max":69},"vacunados":782425,"personasINE":837584,"porcentaje":0.934145112609601},{"rango":{"min":70,"max":79},"vacunados":612951,"personasINE":635292,"porcentaje":0.9648334938894241},{"rango":{"min":80,"max":null},"vacunados":452168,"personasINE":452168,"porcentaje":1}]}}},{"ccaa":"C. Valenciana","dosisAdministradas":7505181,"dosisEntregadas":8010150,"dosisEntregadasModerna":1213650,"dosisEntregadasPfizer":5719150,"dosisEntregadasAstrazeneca":863900,"dosisEntregadasJanssen":213450,"dosisPrimeraDosis":4038187,"dosisPautaCompletada":3916225,"porcentajeEntregadas":0.9369588584483437,"porcentajePoblacionAdministradas":1.4840136727651798,"porcentajePoblacionPrimeraDosis":0.798478373963613,"porcentajePoblacionCompletas":0.7743625964017145,"fechaUltRegistro":1632268800000,"etarios":{"unaDosis":{"etarioTotal":{"vacunados":4038187,"personasINE":4488459,"porcentaje":0.8996822740276785},"etarioRangos":[{"rango":{"min":12,"max":19},"vacunados":357124,"personasINE":424531,"porcentaje":0.8056521082061358},{"rango":{"min":20,"max":29},"vacunados":415818,"personasINE":516126,"porcentaje":0.8799947862111726},{"rango":{"min":30,"max":39},"vacunados":502700,"personasINE":648759,"porcentaje":0.8799947862111726},{"rango":{"min":40,"max":49},"vacunados":749393,"personasINE":851588,"porcentaje":0.8799947862111726},{"rango":{"min":50,"max":59},"vacunados":713256,"personasINE":752334,"porcentaje":0.9480576446099738},{"rango":{"min":60,"max":69},"vacunados":568808,"personasINE":580728,"porcentaje":0.9794740394814784},{"rango":{"min":70,"max":79},"vacunados":434039,"personasINE":437862,"porcentaje":0.9912689386153628},{"rango":{"min":80,"max":null},"vacunados":297049,"personasINE":297049,"porcentaje":1}]},"pautaCompleta":{"etarioTotal":{"vacunados":3916225,"personasINE":4488459,"porcentaje":0.8725099193286605},"etarioRangos":[{"rango":{"min":12,"max":19},"vacunados":320604,"personasINE":424531,"porcentaje":0.7525313586217319},{"rango":{"min":20,"max":29},"vacunados":388401,"personasINE":516126,"porcentaje":0.8660197184554033},{"rango":{"min":30,"max":39},"vacunados":480034,"personasINE":648759,"porcentaje":0.8660197184554033},{"rango":{"min":40,"max":49},"vacunados":737492,"personasINE":851588,"porcentaje":0.8660197184554033},{"rango":{"min":50,"max":59},"vacunados":706211,"personasINE":752334,"porcentaje":0.9386934526420446},{"rango":{"min":60,"max":69},"vacunados":559747,"personasINE":580728,"porcentaje":0.9638712099296056},{"rango":{"min":70,"max":79},"vacunados":430981,"personasINE":437862,"porcentaje":0.9842850030374867},{"rango":{"min":80,"max":null},"vacunados":292755,"personasINE":292755,"porcentaje":1}]}}},{"ccaa":"Extremadura","dosisAdministradas":1671455,"dosisEntregadas":1672245,"dosisEntregadasModerna":218200,"dosisEntregadasPfizer":1216295,"dosisEntregadasAstrazeneca":186000,"dosisEntregadasJanssen":51750,"dosisPrimeraDosis":890202,"dosisPautaCompletada":867512,"porcentajeEntregadas":0.9995275811857712,"porcentajePoblacionAdministradas":1.570935547144843,"porcentajePoblacionPrimeraDosis":0.8366662374634276,"porcentajePoblacionCompletas":0.8153407889382107,"fechaUltRegistro":1632268800000,"etarios":{"unaDosis":{"etarioTotal":{"vacunados":890202,"personasINE":953437,"porcentaje":0.933676792488649},"etarioRangos":[{"rango":{"min":12,"max":19},"vacunados":73685,"personasINE":84750,"porcentaje":0.8011560183551006},{"rango":{"min":20,"max":29},"vacunados":90787,"personasINE":113320,"porcentaje":0.9140782725368979},{"rango":{"min":30,"max":39},"vacunados":112007,"personasINE":133479,"porcentaje":0.9140782725368979},{"rango":{"min":40,"max":49},"vacunados":145790,"personasINE":159494,"porcentaje":0.9140782725368979},{"rango":{"min":50,"max":59},"vacunados":161164,"personasINE":169216,"porcentaje":0.9524158472012103},{"rango":{"min":60,"max":69},"vacunados":132680,"personasINE":132680,"porcentaje":1},{"rango":{"min":70,"max":79},"vacunados":95872,"personasINE":95872,"porcentaje":1},{"rango":{"min":80,"max":null},"vacunados":78217,"personasINE":78217,"porcentaje":1}]},"pautaCompleta":{"etarioTotal":{"vacunados":867512,"personasINE":953437,"porcentaje":0.9098786810245459},"etarioRangos":[{"rango":{"min":12,"max":19},"vacunados":66671,"personasINE":84750,"porcentaje":0.7570067066713732},{"rango":{"min":20,"max":29},"vacunados":85784,"personasINE":113319.99999999999,"porcentaje":0.899889651021355},{"rango":{"min":30,"max":39},"vacunados":108187,"personasINE":133479,"porcentaje":0.899889651021355},{"rango":{"min":40,"max":49},"vacunados":143527,"personasINE":159494,"porcentaje":0.899889651021355},{"rango":{"min":50,"max":59},"vacunados":159749,"personasINE":169216,"porcentaje":0.9440537537821483},{"rango":{"min":60,"max":69},"vacunados":131000,"personasINE":125296.99999999999,"porcentaje":1.0455158543301117},{"rango":{"min":70,"max":79},"vacunados":95309,"personasINE":95309,"porcentaje":1},{"rango":{"min":80,"max":null},"vacunados":77285,"personasINE":77285,"porcentaje":1}]}}},{"ccaa":"Galicia","dosisAdministradas":4332179,"dosisEntregadas":4321089,"dosisEntregadasModerna":507400,"dosisEntregadasPfizer":3117589,"dosisEntregadasAstrazeneca":573400,"dosisEntregadasJanssen":122700,"dosisPrimeraDosis":2294534,"dosisPautaCompletada":2244937,"porcentajeEntregadas":1.0025664826621252,"porcentajePoblacionAdministradas":1.6034305036717855,"porcentajePoblacionPrimeraDosis":0.8492552609926868,"porcentajePoblacionCompletas":0.8308983688396595,"fechaUltRegistro":1632268800000,"etarios":{"unaDosis":{"etarioTotal":{"vacunados":2294534,"personasINE":2454497,"porcentaje":0.9348286023572243},"etarioRangos":[{"rango":{"min":12,"max":19},"vacunados":164395,"personasINE":180007,"porcentaje":0.8466757005987505},{"rango":{"min":20,"max":29},"vacunados":195566,"personasINE":230981,"porcentaje":0.9159493796548449},{"rango":{"min":30,"max":39},"vacunados":260798,"personasINE":323408,"porcentaje":0.9159493796548449},{"rango":{"min":40,"max":49},"vacunados":405968,"personasINE":443221,"porcentaje":0.9159493796548449},{"rango":{"min":50,"max":59},"vacunados":389723,"personasINE":405889,"porcentaje":0.9601713769035377},{"rango":{"min":60,"max":69},"vacunados":345019,"personasINE":346927,"porcentaje":0.9945002839214013},{"rango":{"min":70,"max":79},"vacunados":291015,"personasINE":291015,"porcentaje":1},{"rango":{"min":80,"max":null},"vacunados":242050,"personasINE":242050,"porcentaje":1}]},"pautaCompleta":{"etarioTotal":{"vacunados":2244937,"personasINE":2454497,"porcentaje":0.9146220182791016},"etarioRangos":[{"rango":{"min":12,"max":19},"vacunados":153764,"personasINE":180007,"porcentaje":0.7943294037171889},{"rango":{"min":20,"max":29},"vacunados":183475,"personasINE":230981,"porcentaje":0.9015592672729857},{"rango":{"min":30,"max":39},"vacunados":249922,"personasINE":323408,"porcentaje":0.9015592672729857},{"rango":{"min":40,"max":49},"vacunados":399590,"personasINE":443221,"porcentaje":0.9015592672729857},{"rango":{"min":50,"max":59},"vacunados":386255,"personasINE":405889,"porcentaje":0.9516271690043338},{"rango":{"min":60,"max":69},"vacunados":342134,"personasINE":346927,"porcentaje":0.9861844134356795},{"rango":{"min":70,"max":79},"vacunados":289479,"personasINE":289762,"porcentaje":0.9990233363933159},{"rango":{"min":80,"max":null},"vacunados":240318,"personasINE":240318,"porcentaje":1}]}}},{"ccaa":"La Rioja","dosisAdministradas":469573,"dosisEntregadas":510565,"dosisEntregadasModerna":67600,"dosisEntregadasPfizer":374465,"dosisEntregadasAstrazeneca":53300,"dosisEntregadasJanssen":15200,"dosisPrimeraDosis":255844,"dosisPautaCompletada":248354,"porcentajeEntregadas":0.9197124753949056,"porcentajePoblacionAdministradas":1.4678100989640965,"porcentajePoblacionPrimeraDosis":0.799727426745938,"porcentajePoblacionCompletas":0.776314884625243,"fechaUltRegistro":1632268800000,"etarios":{"unaDosis":{"etarioTotal":{"vacunados":255844,"personasINE":283970,"porcentaje":0.9009543261612142},"etarioRangos":[{"rango":{"min":12,"max":19},"vacunados":20408,"personasINE":25532,"porcentaje":0.7486046358920481},{"rango":{"min":20,"max":29},"vacunados":22801,"personasINE":30458,"porcentaje":0.8909097777022306},{"rango":{"min":30,"max":39},"vacunados":30347,"personasINE":39319,"porcentaje":0.8909097777022306},{"rango":{"min":40,"max":49},"vacunados":47171,"personasINE":52947,"porcentaje":0.8909097777022306},{"rango":{"min":50,"max":59},"vacunados":45200,"personasINE":47664,"porcentaje":0.9483048002685465},{"rango":{"min":60,"max":69},"vacunados":37933,"personasINE":37933,"porcentaje":1},{"rango":{"min":70,"max":79},"vacunados":28635,"personasINE":28635,"porcentaje":1},{"rango":{"min":80,"max":null},"vacunados":23349,"personasINE":23349,"porcentaje":1}]},"pautaCompleta":{"etarioTotal":{"vacunados":248354,"personasINE":283970,"porcentaje":0.8745783005247033},"etarioRangos":[{"rango":{"min":12,"max":19},"vacunados":18189,"personasINE":25532,"porcentaje":0.7004071179985554},{"rango":{"min":20,"max":29},"vacunados":21333,"personasINE":30458,"porcentaje":0.8731561750429675},{"rango":{"min":30,"max":39},"vacunados":29110,"personasINE":39319,"porcentaje":0.8731561750429675},{"rango":{"min":40,"max":49},"vacunados":46231,"personasINE":52947,"porcentaje":0.8731561750429675},{"rango":{"min":50,"max":59},"vacunados":44534,"personasINE":47664,"porcentaje":0.9343319906008728},{"rango":{"min":60,"max":69},"vacunados":37294,"personasINE":37718,"porcentaje":0.9887586828569913},{"rango":{"min":70,"max":79},"vacunados":28524,"personasINE":28524,"porcentaje":1},{"rango":{"min":80,"max":null},"vacunados":23139,"personasINE":23139,"porcentaje":1}]}}},{"ccaa":"Madrid","dosisAdministradas":9597955,"dosisEntregadas":10808279,"dosisEntregadasModerna":1645800,"dosisEntregadasPfizer":7620129,"dosisEntregadasAstrazeneca":1220900,"dosisEntregadasJanssen":321450,"dosisPrimeraDosis":5259714,"dosisPautaCompletada":5042547,"porcentajeEntregadas":0.8880188048439535,"porcentajePoblacionAdministradas":1.4156509665056414,"porcentajePoblacionPrimeraDosis":0.7757818418239357,"porcentajePoblacionCompletas":0.7437507817238279,"fechaUltRegistro":1632268800000,"etarios":{"unaDosis":{"etarioTotal":{"vacunados":5259714,"personasINE":5977937,"porcentaje":0.8798543711651695},"etarioRangos":[{"rango":{"min":12,"max":19},"vacunados":432574,"personasINE":553542,"porcentaje":0.7741540119195932},{"rango":{"min":20,"max":29},"vacunados":574790,"personasINE":742475,"porcentaje":0.8746366762123586},{"rango":{"min":30,"max":39},"vacunados":727573,"personasINE":949640,"porcentaje":0.8746366762123586},{"rango":{"min":40,"max":49},"vacunados":1019801,"personasINE":1165971,"porcentaje":0.8746366762123586},{"rango":{"min":50,"max":59},"vacunados":935120,"personasINE":972783,"porcentaje":0.9612832461093584},{"rango":{"min":60,"max":69},"vacunados":686269,"personasINE":703323,"porcentaje":0.9757522503885128},{"rango":{"min":70,"max":79},"vacunados":510171,"personasINE":526081,"porcentaje":0.9697575088246867},{"rango":{"min":80,"max":null},"vacunados":373416,"personasINE":373416,"porcentaje":1}]},"pautaCompleta":{"etarioTotal":{"vacunados":5042547,"personasINE":5977937,"porcentaje":0.8435262867440724},"etarioRangos":[{"rango":{"min":12,"max":19},"vacunados":361806,"personasINE":553542,"porcentaje":0.7103242533418633},{"rango":{"min":20,"max":29},"vacunados":527398,"personasINE":742475,"porcentaje":0.8509439771658128},{"rango":{"min":30,"max":39},"vacunados":686101,"personasINE":949640,"porcentaje":0.8509439771658128},{"rango":{"min":40,"max":49},"vacunados":992176,"personasINE":1165971,"porcentaje":0.8509439771658128},{"rango":{"min":50,"max":59},"vacunados":924785,"personasINE":972783,"porcentaje":0.9506590884092341},{"rango":{"min":60,"max":69},"vacunados":672440,"personasINE":703323,"porcentaje":0.9560898762019726},{"rango":{"min":70,"max":79},"vacunados":507589,"personasINE":526081,"porcentaje":0.9648495193705913},{"rango":{"min":80,"max":null},"vacunados":370252,"personasINE":370252,"porcentaje":1}]}}},{"ccaa":"Murcia","dosisAdministradas":2179968,"dosisEntregadas":2407265,"dosisEntregadasModerna":398000,"dosisEntregadasPfizer":1687865,"dosisEntregadasAstrazeneca":253100,"dosisEntregadasJanssen":68300,"dosisPrimeraDosis":1174183,"dosisPautaCompletada":1128266,"porcentajeEntregadas":0.9055787376960991,"porcentajePoblacionAdministradas":1.442492345745346,"porcentajePoblacionPrimeraDosis":0.776960941630477,"porcentajePoblacionCompletas":0.7465775043325034,"fechaUltRegistro":1632268800000,"etarios":{"unaDosis":{"etarioTotal":{"vacunados":1174183,"personasINE":1310137,"porcentaje":0.8962291729796197},"etarioRangos":[{"rango":{"min":12,"max":19},"vacunados":114811,"personasINE":141894,"porcentaje":0.790087548186336},{"rango":{"min":20,"max":29},"vacunados":136091,"personasINE":172248,"porcentaje":0.9022021821157789},{"rango":{"min":30,"max":39},"vacunados":162894,"personasINE":209003,"porcentaje":0.9022021821157789},{"rango":{"min":40,"max":49},"vacunados":229301,"personasINE":254157,"porcentaje":0.9022021821157789},{"rango":{"min":50,"max":59},"vacunados":206397,"personasINE":213256,"porcentaje":0.9678367783321454},{"rango":{"min":60,"max":69},"vacunados":147700,"personasINE":147700,"porcentaje":1},{"rango":{"min":70,"max":79},"vacunados":103100,"personasINE":103100,"porcentaje":1},{"rango":{"min":80,"max":null},"vacunados":73889,"personasINE":73889,"porcentaje":1}]},"pautaCompleta":{"etarioTotal":{"vacunados":1128266,"personasINE":1310137,"porcentaje":0.8611816932122366},"etarioRangos":[{"rango":{"min":12,"max":19},"vacunados":104222,"personasINE":141894,"porcentaje":0.7305454925456318},{"rango":{"min":20,"max":29},"vacunados":125835,"personasINE":172248,"porcentaje":0.8771664758397368},{"rango":{"min":30,"max":39},"vacunados":154445,"personasINE":209003,"porcentaje":0.8771664758397368},{"rango":{"min":40,"max":49},"vacunados":222938,"personasINE":254157,"porcentaje":0.8771664758397368},{"rango":{"min":50,"max":59},"vacunados":203079,"personasINE":213256,"porcentaje":0.952278013279814},{"rango":{"min":60,"max":69},"vacunados":144179,"personasINE":146909,"porcentaje":0.9814170677085815},{"rango":{"min":70,"max":79},"vacunados":100807,"personasINE":102899,"porcentaje":0.9796693845421238},{"rango":{"min":80,"max":null},"vacunados":72761,"personasINE":72761,"porcentaje":1}]}}},{"ccaa":"Navarra","dosisAdministradas":960889,"dosisEntregadas":1046175,"dosisEntregadasModerna":151500,"dosisEntregadasPfizer":734325,"dosisEntregadasAstrazeneca":136600,"dosisEntregadasJanssen":23750,"dosisPrimeraDosis":520570,"dosisPautaCompletada":505792,"porcentajeEntregadas":0.9184782660644729,"porcentajePoblacionAdministradas":1.4532567449640577,"porcentajePoblacionPrimeraDosis":0.7873145219957138,"porcentajePoblacionCompletas":0.7649641483551801,"fechaUltRegistro":1632268800000,"etarios":{"unaDosis":{"etarioTotal":{"vacunados":520570,"personasINE":581354,"porcentaje":0.8954440839832529},"etarioRangos":[{"rango":{"min":12,"max":19},"vacunados":46322,"personasINE":56388,"porcentaje":0.8057011170314266},{"rango":{"min":20,"max":29},"vacunados":54890,"personasINE":68127,"porcentaje":0.8771504231403122},{"rango":{"min":30,"max":39},"vacunados":62941,"personasINE":81341,"porcentaje":0.8771504231403122},{"rango":{"min":40,"max":49},"vacunados":94734,"personasINE":108002,"porcentaje":0.8771504231403122},{"rango":{"min":50,"max":59},"vacunados":91290,"personasINE":96694,"porcentaje":0.9441123544377107},{"rango":{"min":60,"max":69},"vacunados":72049,"personasINE":73844,"porcentaje":0.9756919993499811},{"rango":{"min":70,"max":79},"vacunados":55858,"personasINE":55858,"porcentaje":1},{"rango":{"min":80,"max":null},"vacunados":42486,"personasINE":42486,"porcentaje":1}]},"pautaCompleta":{"etarioTotal":{"vacunados":505792,"personasINE":581354,"porcentaje":0.8700241161151381},"etarioRangos":[{"rango":{"min":12,"max":19},"vacunados":42228,"personasINE":56388.00000000001,"porcentaje":0.749482583997534},{"rango":{"min":20,"max":29},"vacunados":51060,"personasINE":68127,"porcentaje":0.861197014870095},{"rango":{"min":30,"max":39},"vacunados":60248,"personasINE":81341,"porcentaje":0.861197014870095},{"rango":{"min":40,"max":49},"vacunados":93011,"personasINE":108002,"porcentaje":0.861197014870095},{"rango":{"min":50,"max":59},"vacunados":90258,"personasINE":96694,"porcentaje":0.9334395102074586},{"rango":{"min":60,"max":69},"vacunados":71227,"personasINE":73844,"porcentaje":0.9645604246790531},{"rango":{"min":70,"max":79},"vacunados":55676,"personasINE":55792,"porcentaje":0.9979208488672211},{"rango":{"min":80,"max":null},"vacunados":42084,"personasINE":42084,"porcentaje":1}]}}},{"ccaa":"País Vasco","dosisAdministradas":3290651,"dosisEntregadas":3566050,"dosisEntregadasModerna":526100,"dosisEntregadasPfizer":2484900,"dosisEntregadasAstrazeneca":444200,"dosisEntregadasJanssen":110850,"dosisPrimeraDosis":1786714,"dosisPautaCompletada":1725324,"porcentajeEntregadas":0.9227719745937382,"porcentajePoblacionAdministradas":1.481938785068615,"porcentajePoblacionPrimeraDosis":0.8046434503157842,"porcentajePoblacionCompletas":0.7769965737508241,"fechaUltRegistro":1632268800000,"etarios":{"unaDosis":{"etarioTotal":{"vacunados":1786714,"personasINE":1983943,"porcentaje":0.9005873656652434},"etarioRangos":[{"rango":{"min":12,"max":19},"vacunados":137635,"personasINE":168606,"porcentaje":0.7671410283128405},{"rango":{"min":20,"max":29},"vacunados":154605,"personasINE":201534,"porcentaje":0.8781856389779445},{"rango":{"min":30,"max":39},"vacunados":198184,"personasINE":260543,"porcentaje":0.8781856389779445},{"rango":{"min":40,"max":49},"vacunados":318020,"personasINE":362133,"porcentaje":0.8781856389779445},{"rango":{"min":50,"max":59},"vacunados":322519,"personasINE":339977,"porcentaje":0.9486494674639755},{"rango":{"min":60,"max":69},"vacunados":278076,"personasINE":280119,"porcentaje":0.9927066710933568},{"rango":{"min":70,"max":79},"vacunados":213601,"personasINE":213601,"porcentaje":1},{"rango":{"min":80,"max":null},"vacunados":164074,"personasINE":164074,"porcentaje":1}]},"pautaCompleta":{"etarioTotal":{"vacunados":1725324,"personasINE":1983943,"porcentaje":0.8696439363429292},"etarioRangos":[{"rango":{"min":12,"max":19},"vacunados":117341,"personasINE":168606,"porcentaje":0.7040201653319043},{"rango":{"min":20,"max":29},"vacunados":141884,"personasINE":201534,"porcentaje":0.8633209345737616},{"rango":{"min":30,"max":39},"vacunados":188640,"personasINE":260543,"porcentaje":0.8633209345737616},{"rango":{"min":40,"max":49},"vacunados":312637,"personasINE":362133,"porcentaje":0.8633209345737616},{"rango":{"min":50,"max":59},"vacunados":318943,"personasINE":339977,"porcentaje":0.9381311088691294},{"rango":{"min":60,"max":69},"vacunados":272181,"personasINE":280119,"porcentaje":0.9716620436314566},{"rango":{"min":70,"max":79},"vacunados":211959,"personasINE":213081,"porcentaje":0.9947343967786898},{"rango":{"min":80,"max":null},"vacunados":161739,"personasINE":157950,"porcentaje":1.023988603988604}]}}},{"ccaa":"Ceuta","dosisAdministradas":109641,"dosisEntregadas":140230,"dosisEntregadasModerna":22400,"dosisEntregadasPfizer":95580,"dosisEntregadasAstrazeneca":18100,"dosisEntregadasJanssen":4150,"dosisPrimeraDosis":60551,"dosisPautaCompletada":56690,"porcentajeEntregadas":0.7818655066676174,"porcentajePoblacionAdministradas":1.3021187145198452,"porcentajePoblacionPrimeraDosis":0.7191159354884682,"porcentajePoblacionCompletas":0.6732619177691741,"fechaUltRegistro":1632268800000,"etarios":{"unaDosis":{"etarioTotal":{"vacunados":60551,"personasINE":70965,"porcentaje":0.8532516029028394},"etarioRangos":[{"rango":{"min":12,"max":19},"vacunados":7702,"personasINE":9126,"porcentaje":0.7883650952858575},{"rango":{"min":20,"max":29},"vacunados":8646,"personasINE":10967,"porcentaje":0.8656858092074039},{"rango":{"min":30,"max":39},"vacunados":8905,"personasINE":11894,"porcentaje":0.8656858092074039},{"rango":{"min":40,"max":49},"vacunados":10944,"personasINE":12642,"porcentaje":0.8656858092074039},{"rango":{"min":50,"max":59},"vacunados":10476,"personasINE":11556,"porcentaje":0.9065420560747663},{"rango":{"min":60,"max":69},"vacunados":7600,"personasINE":7857,"porcentaje":0.9672903143693522},{"rango":{"min":70,"max":79},"vacunados":3883,"personasINE":4318,"porcentaje":0.8992589161648912},{"rango":{"min":80,"max":null},"vacunados":2395,"personasINE":2605,"porcentaje":0.9193857965451055}]},"pautaCompleta":{"etarioTotal":{"vacunados":56690,"personasINE":70965,"porcentaje":0.7988445008102586},"etarioRangos":[{"rango":{"min":12,"max":19},"vacunados":6154,"personasINE":9126,"porcentaje":0.7083979210358348},{"rango":{"min":20,"max":29},"vacunados":7769,"personasINE":10967,"porcentaje":0.8362600854295207},{"rango":{"min":30,"max":39},"vacunados":8337,"personasINE":11894,"porcentaje":0.8362600854295207},{"rango":{"min":40,"max":49},"vacunados":10572,"personasINE":12642,"porcentaje":0.8362600854295207},{"rango":{"min":50,"max":59},"vacunados":10225,"personasINE":11556,"porcentaje":0.8848217376254759},{"rango":{"min":60,"max":69},"vacunados":7422,"personasINE":7857,"porcentaje":0.944635357006491},{"rango":{"min":70,"max":79},"vacunados":3840,"personasINE":4318,"porcentaje":0.889300602130616},{"rango":{"min":80,"max":null},"vacunados":2371,"personasINE":2605,"porcentaje":0.9101727447216891}]}}},{"ccaa":"Melilla","dosisAdministradas":99233,"dosisEntregadas":141100,"dosisEntregadasModerna":23500,"dosisEntregadasPfizer":96750,"dosisEntregadasAstrazeneca":15100,"dosisEntregadasJanssen":5750,"dosisPrimeraDosis":55912,"dosisPautaCompletada":52744,"porcentajeEntregadas":0.7032813607370659,"porcentajePoblacionAdministradas":1.1396136708162985,"porcentajePoblacionPrimeraDosis":0.6421057467040286,"porcentajePoblacionCompletas":0.6057237355873031,"fechaUltRegistro":1632268800000,"etarios":{"unaDosis":{"etarioTotal":{"vacunados":55912,"personasINE":70927,"porcentaje":0.788303466944887},"etarioRangos":[{"rango":{"min":12,"max":19},"vacunados":7247,"personasINE":9574,"porcentaje":0.6882867861609003},{"rango":{"min":20,"max":29},"vacunados":8256,"personasINE":11995,"porcentaje":0.8281119813364439},{"rango":{"min":30,"max":39},"vacunados":8428,"personasINE":12133,"porcentaje":0.8281119813364439},{"rango":{"min":40,"max":49},"vacunados":9939,"personasINE":12002,"porcentaje":0.8281119813364439},{"rango":{"min":50,"max":59},"vacunados":9611,"personasINE":11299,"porcentaje":0.8506062483405611},{"rango":{"min":60,"max":69},"vacunados":7123,"personasINE":7827,"porcentaje":0.910054938035007},{"rango":{"min":70,"max":79},"vacunados":3303,"personasINE":3748,"porcentaje":0.8812700106723586},{"rango":{"min":80,"max":null},"vacunados":2005,"personasINE":2349,"porcentaje":0.8535547041294168}]},"pautaCompleta":{"etarioTotal":{"vacunados":52744,"personasINE":70927,"porcentaje":0.7436378248057862},"etarioRangos":[{"rango":{"min":12,"max":19},"vacunados":6180,"personasINE":9574,"porcentaje":0.6176740308461859},{"rango":{"min":20,"max":29},"vacunados":7409,"personasINE":11995,"porcentaje":0.8058656890518247},{"rango":{"min":30,"max":39},"vacunados":7972,"personasINE":12133,"porcentaje":0.8058656890518247},{"rango":{"min":40,"max":49},"vacunados":9672,"personasINE":12002,"porcentaje":0.8058656890518247},{"rango":{"min":50,"max":59},"vacunados":9390,"personasINE":11299,"porcentaje":0.8310469953093194},{"rango":{"min":60,"max":69},"vacunados":6941,"personasINE":7827,"porcentaje":0.8868020953111025},{"rango":{"min":70,"max":79},"vacunados":3226,"personasINE":3748,"porcentaje":0.8607257203842049},{"rango":{"min":80,"max":null},"vacunados":1954,"personasINE":2349,"porcentaje":0.831843337590464}]}}},{"ccaa":"Fuerzas Armadas","dosisAdministradas":171864,"dosisEntregadas":212238,"dosisEntregadasModerna":58300,"dosisEntregadasPfizer":48138,"dosisEntregadasAstrazeneca":103800,"dosisEntregadasJanssen":2000,"dosisPrimeraDosis":92219,"dosisPautaCompletada":86036,"porcentajeEntregadas":0.8097701636841659,"porcentajePoblacionAdministradas":null,"porcentajePoblacionPrimeraDosis":null,"porcentajePoblacionCompletas":null,"fechaUltRegistro":1632182400000},{"ccaa":"Sanidad Exterior","dosisAdministradas":5953,"dosisEntregadas":7965,"dosisEntregadasModerna":4680,"dosisEntregadasPfizer":0,"dosisEntregadasAstrazeneca":0,"dosisEntregadasJanssen":3285,"dosisPrimeraDosis":4409,"dosisPautaCompletada":4119,"porcentajeEntregadas":0.7473948524795982,"porcentajePoblacionAdministradas":null,"porcentajePoblacionPrimeraDosis":null,"porcentajePoblacionCompletas":null,"fechaUltRegistro":1632182400000,"etarios":{"unaDosis":{"etarioTotal":{"vacunados":4409,"personasINE":"-","porcentaje":"-"},"etarioRangos":[{"rango":{"min":12,"max":19},"vacunados":161,"personasINE":null,"porcentaje":"-"},{"rango":{"min":20,"max":29},"vacunados":1072,"personasINE":null,"porcentaje":"-"},{"rango":{"min":30,"max":39},"vacunados":1239,"personasINE":null,"porcentaje":"-"},{"rango":{"min":40,"max":49},"vacunados":1105,"personasINE":null,"porcentaje":"-"},{"rango":{"min":50,"max":59},"vacunados":570,"personasINE":null,"porcentaje":"-"},{"rango":{"min":60,"max":69},"vacunados":205,"personasINE":null,"porcentaje":"-"},{"rango":{"min":70,"max":79},"vacunados":31,"personasINE":null,"porcentaje":"-"},{"rango":{"min":80,"max":null},"vacunados":26,"personasINE":null,"porcentaje":"-"}]},"pautaCompleta":{"etarioTotal":{"vacunados":4119,"personasINE":"-","porcentaje":"-"},"etarioRangos":[{"rango":{"min":12,"max":19},"vacunados":139,"personasINE":null,"porcentaje":"-"},{"rango":{"min":20,"max":29},"vacunados":992,"personasINE":null,"porcentaje":"-"},{"rango":{"min":30,"max":39},"vacunados":1136,"personasINE":null,"porcentaje":"-"},{"rango":{"min":40,"max":49},"vacunados":1050,"personasINE":null,"porcentaje":"-"},{"rango":{"min":50,"max":59},"vacunados":552,"personasINE":null,"porcentaje":"-"},{"rango":{"min":60,"max":69},"vacunados":195,"personasINE":null,"porcentaje":"-"},{"rango":{"min":70,"max":79},"vacunados":30,"personasINE":null,"porcentaje":"-"},{"rango":{"min":80,"max":null},"vacunados":25,"personasINE":null,"porcentaje":"-"}]}}},{"ccaa":"Totales","dosisAdministradas":69642236,"dosisEntregadas":75394611,"dosisEntregadasModerna":10752630,"dosisEntregadasPfizer":53124021,"dosisEntregadasAstrazeneca":9202000,"dosisEntregadasJanssen":2315960,"dosisPrimeraDosis":37538323,"dosisPautaCompletada":36259105,"porcentajeEntregadas":0.9237031012733788,"porcentajePoblacionAdministradas":1.4836437153813378,"porcentajePoblacionPrimeraDosis":0.7997086280357903,"porcentajePoblacionCompletas":0.7724564337452067,"fechaUltRegistro":null,"etarios":{"unaDosis":{"etarioTotal":{"vacunados":37538323,"personasINE":42119827,"porcentaje":0.8912269036622587},"etarioRangos":[{"rango":{"min":12,"max":19},"vacunados":3185310,"personasINE":3888686,"porcentaje":0.7787749967641729},{"rango":{"min":20,"max":29},"vacunados":3850762,"personasINE":4944640,"porcentaje":0.8764800448874563},{"rango":{"min":30,"max":39},"vacunados":4798451,"personasINE":6230403,"porcentaje":0.8764800448874563},{"rango":{"min":40,"max":49},"vacunados":6916950,"personasINE":7891737,"porcentaje":0.8764800448874563},{"rango":{"min":50,"max":59},"vacunados":6650245,"personasINE":7033306,"porcentaje":0.9455361390503982},{"rango":{"min":60,"max":69},"vacunados":5263197,"personasINE":5336986,"porcentaje":0.9861740315601353},{"rango":{"min":70,"max":79},"vacunados":3938528,"personasINE":3960045,"porcentaje":0.9945664758860063},{"rango":{"min":80,"max":null},"vacunados":2934880,"personasINE":2934880,"porcentaje":1}]},"pautaCompleta":{"etarioTotal":{"vacunados":36259105,"personasINE":42119827,"porcentaje":0.8608559811985932},"etarioRangos":[{"rango":{"min":12,"max":19},"vacunados":2805221,"personasINE":3888686,"porcentaje":0.7226499805850375},{"rango":{"min":20,"max":29},"vacunados":3573244,"personasINE":4944640,"porcentaje":0.8576544048540898},{"rango":{"min":30,"max":39},"vacunados":4564228,"personasINE":6230403,"porcentaje":0.8576544048540898},{"rango":{"min":40,"max":49},"vacunados":6768383,"personasINE":7891737,"porcentaje":0.8576544048540898},{"rango":{"min":50,"max":59},"vacunados":6564423,"personasINE":7033306,"porcentaje":0.9333339115346325},{"rango":{"min":60,"max":69},"vacunados":5175288,"personasINE":5336986,"porcentaje":0.9697023750858631},{"rango":{"min":70,"max":79},"vacunados":3909791,"personasINE":3960045,"porcentaje":0.987309740167094},{"rango":{"min":80,"max":null},"vacunados":2898527,"personasINE":2898527,"porcentaje":1}]}}}]