[{"ccaa":"Andalucía","dosisAdministradas":1098755,"dosisEntregadas":1196860,"dosisEntregadasModerna":73300,"dosisEntregadasPfizer":820260,"dosisEntregadasAstrazeneca":303300,"dosisPautaCompletada":356888,"porcentajeEntregadas":0.9180313486957539,"porcentajePoblacionAdministradas":0.12980879591031202,"porcentajePoblacionCompletas":0.042163359033487384,"fechaUltRegistro":1615680000000},{"ccaa":"Aragón","dosisAdministradas":180393,"dosisEntregadas":207935,"dosisEntregadasModerna":12600,"dosisEntregadasPfizer":147735,"dosisEntregadasAstrazeneca":47600,"dosisPautaCompletada":58473,"porcentajeEntregadas":0.8675451463197634,"porcentajePoblacionAdministradas":0.13569596905650783,"porcentajePoblacionCompletas":0.043984802063501256,"fechaUltRegistro":1615593600000},{"ccaa":"Asturias","dosisAdministradas":163493,"dosisEntregadas":194115,"dosisEntregadasModerna":12700,"dosisEntregadasPfizer":144815,"dosisEntregadasAstrazeneca":36600,"dosisPautaCompletada":56507,"porcentajeEntregadas":0.8422481518687376,"porcentajePoblacionAdministradas":0.160478570531143,"porcentajePoblacionCompletas":0.055465142758425734,"fechaUltRegistro":1615680000000},{"ccaa":"Baleares","dosisAdministradas":108484,"dosisEntregadas":124810,"dosisEntregadasModerna":6500,"dosisEntregadasPfizer":76410,"dosisEntregadasAstrazeneca":41900,"dosisPautaCompletada":31152,"porcentajeEntregadas":0.8691931736239084,"porcentajePoblacionAdministradas":0.09259924731742668,"porcentajePoblacionCompletas":0.026590573286682604,"fechaUltRegistro":1615680000000},{"ccaa":"Canarias","dosisAdministradas":215260,"dosisEntregadas":259580,"dosisEntregadasModerna":14300,"dosisEntregadasPfizer":167280,"dosisEntregadasAstrazeneca":78000,"dosisPautaCompletada":63662,"porcentajeEntregadas":0.8292626550581709,"porcentajePoblacionAdministradas":0.09892681456208594,"porcentajePoblacionCompletas":0.029257079200276478,"fechaUltRegistro":1615680000000},{"ccaa":"Cantabria","dosisAdministradas":77788,"dosisEntregadas":97635,"dosisEntregadasModerna":5900,"dosisEntregadasPfizer":70935,"dosisEntregadasAstrazeneca":20800,"dosisPautaCompletada":25052,"porcentajeEntregadas":0.7967224868131305,"porcentajePoblacionAdministradas":0.13344884672459492,"porcentajePoblacionCompletas":0.04297784373096817,"fechaUltRegistro":1615507200000},{"ccaa":"Castilla y Leon","dosisAdministradas":370986,"dosisEntregadas":438075,"dosisEntregadasModerna":27300,"dosisEntregadasPfizer":324975,"dosisEntregadasAstrazeneca":85800,"dosisPautaCompletada":121726,"porcentajeEntregadas":0.8468549905838041,"porcentajePoblacionAdministradas":0.15490551242255476,"porcentajePoblacionCompletas":0.05082679239957276,"fechaUltRegistro":1615680000000},{"ccaa":"Castilla La Mancha","dosisAdministradas":236652,"dosisEntregadas":307045,"dosisEntregadasModerna":18600,"dosisEntregadasPfizer":215145,"dosisEntregadasAstrazeneca":73300,"dosisPautaCompletada":79440,"porcentajeEntregadas":0.7707404452116139,"porcentajePoblacionAdministradas":0.11570974481486353,"porcentajePoblacionCompletas":0.038841768200111385,"fechaUltRegistro":1615680000000},{"ccaa":"Cataluña","dosisAdministradas":887751,"dosisEntregadas":1077680,"dosisEntregadasModerna":63400,"dosisEntregadasPfizer":735380,"dosisEntregadasAstrazeneca":278900,"dosisPautaCompletada":242309,"porcentajeEntregadas":0.8237612278227303,"porcentajePoblacionAdministradas":0.11409978742954001,"porcentajePoblacionCompletas":0.03114319825296103,"fechaUltRegistro":1615680000000},{"ccaa":"C. Valenciana","dosisAdministradas":480454,"dosisEntregadas":608650,"dosisEntregadasModerna":31700,"dosisEntregadasPfizer":395650,"dosisEntregadasAstrazeneca":181300,"dosisPautaCompletada":153418,"porcentajeEntregadas":0.789376488950957,"porcentajePoblacionAdministradas":0.09500108060481442,"porcentajePoblacionCompletas":0.0303356320984515,"fechaUltRegistro":1615680000000},{"ccaa":"Extremadura","dosisAdministradas":148614,"dosisEntregadas":178365,"dosisEntregadasModerna":10900,"dosisEntregadasPfizer":129365,"dosisEntregadasAstrazeneca":38100,"dosisPautaCompletada":52819,"porcentajeEntregadas":0.833201581027668,"porcentajePoblacionAdministradas":0.1396765186040807,"porcentajePoblacionCompletas":0.04964252382782872,"fechaUltRegistro":1615680000000},{"ccaa":"Galicia","dosisAdministradas":338334,"dosisEntregadas":384845,"dosisEntregadasModerna":19900,"dosisEntregadasPfizer":268045,"dosisEntregadasAstrazeneca":96900,"dosisPautaCompletada":89140,"porcentajeEntregadas":0.879143551299874,"porcentajePoblacionAdministradas":0.12522452466282902,"porcentajePoblacionCompletas":0.032992587586363115,"fechaUltRegistro":1615680000000},{"ccaa":"La Rioja","dosisAdministradas":45403,"dosisEntregadas":50435,"dosisEntregadasModerna":2700,"dosisEntregadasPfizer":36335,"dosisEntregadasAstrazeneca":11400,"dosisPautaCompletada":13182,"porcentajeEntregadas":0.9002280162585506,"porcentajePoblacionAdministradas":0.14192251667635677,"porcentajePoblacionCompletas":0.041204823796395285,"fechaUltRegistro":1615593600000},{"ccaa":"Madrid","dosisAdministradas":779306,"dosisEntregadas":893365,"dosisEntregadasModerna":51300,"dosisEntregadasPfizer":598965,"dosisEntregadasAstrazeneca":243100,"dosisPautaCompletada":195455,"porcentajeEntregadas":0.8723265406636705,"porcentajePoblacionAdministradas":0.11494378668202189,"porcentajePoblacionCompletas":0.02882864731688783,"fechaUltRegistro":1615680000000},{"ccaa":"Murcia","dosisAdministradas":177134,"dosisEntregadas":215645,"dosisEntregadasModerna":13400,"dosisEntregadasPfizer":148145,"dosisEntregadasAstrazeneca":54100,"dosisPautaCompletada":57603,"porcentajeEntregadas":0.8214148252915672,"porcentajePoblacionAdministradas":0.11721017885182541,"porcentajePoblacionCompletas":0.038116103810684,"fechaUltRegistro":1615680000000},{"ccaa":"Navarra","dosisAdministradas":84981,"dosisEntregadas":99265,"dosisEntregadasModerna":5900,"dosisEntregadasPfizer":69765,"dosisEntregadasAstrazeneca":23600,"dosisPautaCompletada":27530,"porcentajeEntregadas":0.8561023522893265,"porcentajePoblacionAdministradas":0.1285259914972391,"porcentajePoblacionCompletas":0.04163660754661621,"fechaUltRegistro":1615680000000},{"ccaa":"País Vasco","dosisAdministradas":234455,"dosisEntregadas":303680,"dosisEntregadasModerna":16000,"dosisEntregadasPfizer":208080,"dosisEntregadasAstrazeneca":79600,"dosisPautaCompletada":64502,"porcentajeEntregadas":0.7720462328767124,"porcentajePoblacionAdministradas":0.1055863893962812,"porcentajePoblacionCompletas":0.029048360192100532,"fechaUltRegistro":1615680000000},{"ccaa":"Ceuta","dosisAdministradas":9278,"dosisEntregadas":9190,"dosisEntregadasModerna":600,"dosisEntregadasPfizer":5490,"dosisEntregadasAstrazeneca":3100,"dosisPautaCompletada":2533,"porcentajeEntregadas":1.009575625680087,"porcentajePoblacionAdministradas":0.11018740647490559,"porcentajePoblacionCompletas":0.030082420845110567,"fechaUltRegistro":1615507200000},{"ccaa":"Melilla","dosisAdministradas":7374,"dosisEntregadas":8020,"dosisEntregadasModerna":600,"dosisEntregadasPfizer":4320,"dosisEntregadasAstrazeneca":3100,"dosisPautaCompletada":2283,"porcentajeEntregadas":0.9194513715710724,"porcentajePoblacionAdministradas":0.08468464330010565,"porcentajePoblacionCompletas":0.026218475814231246,"fechaUltRegistro":1615507200000},{"ccaa":"Totales","dosisAdministradas":5644895,"dosisEntregadas":6655195,"dosisEntregadasModerna":387600,"dosisEntregadasPfizer":4567095,"dosisEntregadasAstrazeneca":1700500,"dosisPautaCompletada":1693674,"porcentajeEntregadas":0.8481937794459816,"porcentajePoblacionAdministradas":0.120257669365147,"porcentajePoblacionCompletas":0.03608167873881551,"fechaUltRegistro":null}]