[{"ccaa":"Andalucía","dosisAdministradas":363482,"dosisEntregadas":416830,"dosisEntregadasModerna":16600,"dosisEntregadasPfizer":400230,"dosisPautaCompletada":131693,"porcentajeEntregadas":0.8720149701317084,"porcentajePoblacionAdministradas":0.04294238547726475,"porcentajePoblacionCompletas":0.015558436375549343},{"ccaa":"Aragón","dosisAdministradas":72656,"dosisEntregadas":71075,"dosisEntregadasModerna":2900,"dosisEntregadasPfizer":68175,"dosisPautaCompletada":23488,"porcentajeEntregadas":1.0222441083362646,"porcentajePoblacionAdministradas":0.05465359702299775,"porcentajePoblacionCompletas":0.017668240570306252},{"ccaa":"Asturias","dosisAdministradas":68626,"dosisEntregadas":72835,"dosisEntregadasModerna":2900,"dosisEntregadasPfizer":69935,"dosisPautaCompletada":28740,"porcentajeEntregadas":0.9422118486991145,"porcentajePoblacionAdministradas":0.06736069667368157,"porcentajePoblacionCompletas":0.02821010145428275},{"ccaa":"Baleares","dosisAdministradas":31496,"dosisEntregadas":36960,"dosisEntregadasModerna":1500,"dosisEntregadasPfizer":35460,"dosisPautaCompletada":9922,"porcentajeEntregadas":0.8521645021645021,"porcentajePoblacionAdministradas":0.026884203140644432,"porcentajePoblacionCompletas":0.008469172706422215},{"ccaa":"Canarias","dosisAdministradas":79839,"dosisEntregadas":82730,"dosisEntregadasModerna":3200,"dosisEntregadasPfizer":79530,"dosisPautaCompletada":24049,"porcentajeEntregadas":0.965054998186873,"porcentajePoblacionAdministradas":0.03669152628366802,"porcentajePoblacionCompletas":0.011052173945013493},{"ccaa":"Cantabria","dosisAdministradas":29864,"dosisEntregadas":34795,"dosisEntregadasModerna":1300,"dosisEntregadasPfizer":33495,"dosisPautaCompletada":8806,"porcentajeEntregadas":0.8582842362408392,"porcentajePoblacionAdministradas":0.051233048266870244,"porcentajePoblacionCompletas":0.015107092922517391},{"ccaa":"Castilla y Leon","dosisAdministradas":151008,"dosisEntregadas":155675,"dosisEntregadasModerna":6200,"dosisEntregadasPfizer":149475,"dosisPautaCompletada":56665,"porcentajeEntregadas":0.9700208768267223,"porcentajePoblacionAdministradas":0.06305351581974832,"porcentajePoblacionCompletas":0.02366051781313598},{"ccaa":"Castilla La Mancha","dosisAdministradas":102033,"dosisEntregadas":105855,"dosisEntregadasModerna":4200,"dosisEntregadasPfizer":101655,"dosisPautaCompletada":30345,"porcentajeEntregadas":0.9638940059515375,"porcentajePoblacionAdministradas":0.04988849615762795,"porcentajePoblacionCompletas":0.014837027392149796},{"ccaa":"Cataluña","dosisAdministradas":308695,"dosisEntregadas":360070,"dosisEntregadasModerna":14300,"dosisEntregadasPfizer":345770,"dosisPautaCompletada":107877,"porcentajeEntregadas":0.8573194101146999,"porcentajePoblacionAdministradas":0.0396755778146821,"porcentajePoblacionCompletas":0.013865084656098937},{"ccaa":"C. Valenciana","dosisAdministradas":182225,"dosisEntregadas":182690,"dosisEntregadasModerna":7000,"dosisEntregadasPfizer":175690,"dosisPautaCompletada":75577,"porcentajeEntregadas":0.9974547046910066,"porcentajePoblacionAdministradas":0.036031694841155044,"porcentajePoblacionCompletas":0.01494398354237879},{"ccaa":"Extremadura","dosisAdministradas":61952,"dosisEntregadas":65175,"dosisEntregadasModerna":2500,"dosisEntregadasPfizer":62675,"dosisPautaCompletada":21662,"porcentajeEntregadas":0.9505485232067511,"porcentajePoblacionAdministradas":0.058226275321033055,"porcentajePoblacionCompletas":0.020359271306886268},{"ccaa":"Galicia","dosisAdministradas":96947,"dosisEntregadas":113425,"dosisEntregadasModerna":4500,"dosisEntregadasPfizer":108925,"dosisPautaCompletada":37720,"porcentajeEntregadas":0.8547233854970244,"porcentajePoblacionAdministradas":0.03588212237755379,"porcentajePoblacionCompletas":0.013960964816666106},{"ccaa":"La Rioja","dosisAdministradas":16622,"dosisEntregadas":18215,"dosisEntregadasModerna":600,"dosisEntregadasPfizer":17615,"dosisPautaCompletada":6521,"porcentajeEntregadas":0.9125446060938787,"porcentajePoblacionAdministradas":0.051957713635539554,"porcentajePoblacionCompletas":0.020383603093331332},{"ccaa":"Madrid","dosisAdministradas":246003,"dosisEntregadas":292325,"dosisEntregadasModerna":11600,"dosisEntregadasPfizer":280725,"dosisPautaCompletada":67334,"porcentajeEntregadas":0.8415393825365604,"porcentajePoblacionAdministradas":0.03628422770405647,"porcentajePoblacionCompletas":0.009931432495640047},{"ccaa":"Murcia","dosisAdministradas":72359,"dosisEntregadas":76265,"dosisEntregadasModerna":3000,"dosisEntregadasPfizer":73265,"dosisPautaCompletada":20388,"porcentajeEntregadas":0.9487838458008261,"porcentajePoblacionAdministradas":0.04788019991384621,"porcentajePoblacionCompletas":0.013490809931639416},{"ccaa":"Navarra","dosisAdministradas":31446,"dosisEntregadas":34795,"dosisEntregadasModerna":1300,"dosisEntregadasPfizer":33495,"dosisPautaCompletada":9016,"porcentajeEntregadas":0.9037505388705274,"porcentajePoblacionAdministradas":0.047559199451903136,"porcentajePoblacionCompletas":0.013635875540875109},{"ccaa":"País Vasco","dosisAdministradas":68359,"dosisEntregadas":94680,"dosisEntregadasModerna":3600,"dosisEntregadasPfizer":91080,"dosisPautaCompletada":21112,"porcentajeEntregadas":0.7220004224757076,"porcentajePoblacionAdministradas":0.030785353235121396,"porcentajePoblacionCompletas":0.009507751393377359},{"ccaa":"Ceuta","dosisAdministradas":2156,"dosisEntregadas":2180,"dosisEntregadasModerna":200,"dosisEntregadasPfizer":1980,"dosisPautaCompletada":921,"porcentajeEntregadas":0.9889908256880734,"porcentajePoblacionAdministradas":0.025605092515617205,"porcentajePoblacionCompletas":0.01093798247072516},{"ccaa":"Melilla","dosisAdministradas":2392,"dosisEntregadas":2180,"dosisEntregadasModerna":200,"dosisEntregadasPfizer":1980,"dosisPautaCompletada":1073,"porcentajeEntregadas":1.0972477064220183,"porcentajePoblacionAdministradas":0.02747025586843677,"porcentajePoblacionCompletas":0.012322568790481879},{"ccaa":"Totales","dosisAdministradas":1988160,"dosisEntregadas":2218755,"dosisEntregadasModerna":87600,"dosisEntregadasPfizer":2131155,"dosisPautaCompletada":682909,"porcentajeEntregadas":0.8960700933631699,"porcentajePoblacionAdministradas":0.042355347251810824,"porcentajePoblacionCompletas":0.0145485513421389}]
