[{"ccaa":"Andalucía","dosisAdministradas":2386916,"dosisEntregadas":2549950,"dosisEntregadasModerna":219200,"dosisEntregadasPfizer":1653300,"dosisEntregadasAstrazeneca":651300,"dosisEntregadasJanssen":26150,"dosisPautaCompletada":667970,"porcentajeEntregadas":0.9360638443891056,"porcentajePoblacionAdministradas":0.2819943407757492,"porcentajePoblacionCompletas":0.07891511884288227,"fechaUltRegistro":1618955956000,"etarios":{"unaDosis":{"etarioTotal":{"vacunados":1718946,"personasINE":7062213,"porcentaje":0.24340047517683197},"etarioRangos":[{"rango":{"min":16,"max":17},"vacunados":303,"personasINE":181921,"porcentaje":0.0016655581268792499},{"rango":{"min":18,"max":24},"vacunados":29116,"personasINE":625846,"porcentaje":0.046522626972130526},{"rango":{"min":25,"max":49},"vacunados":333161,"personasINE":3009381,"porcentaje":0.11070748436306337},{"rango":{"min":50,"max":59},"vacunados":149699,"personasINE":1265021,"porcentaje":0.11833716594428077},{"rango":{"min":60,"max":69},"vacunados":366426,"personasINE":916147,"porcentaje":0.3999641978852739},{"rango":{"min":70,"max":79},"vacunados":419276,"personasINE":650381,"porcentaje":0.6446621288137261},{"rango":{"min":80,"max":null},"vacunados":420965,"personasINE":413516,"porcentaje":1.0180138132502732}]},"pautaCompleta":{"etarioTotal":{"vacunados":667970,"personasINE":7062213,"porcentaje":0.0945836666212135},"etarioRangos":[{"rango":{"min":16,"max":17},"vacunados":142,"personasINE":181921,"porcentaje":0.000780558594115028},{"rango":{"min":18,"max":24},"vacunados":12899,"personasINE":625846,"porcentaje":0.0206105016250004},{"rango":{"min":25,"max":49},"vacunados":137500,"personasINE":3009381,"porcentaje":0.04569045926720478},{"rango":{"min":50,"max":59},"vacunados":73743,"personasINE":1265021,"porcentaje":0.058293893935357596},{"rango":{"min":60,"max":69},"vacunados":44612,"personasINE":916147,"porcentaje":0.04869524213908903},{"rango":{"min":70,"max":79},"vacunados":24024,"personasINE":650381,"porcentaje":0.036938348444988396},{"rango":{"min":80,"max":null},"vacunados":375050,"personasINE":413516,"porcentaje":0.9069782064055563}]}}},{"ccaa":"Aragón","dosisAdministradas":436089,"dosisEntregadas":484795,"dosisEntregadasModerna":45800,"dosisEntregadasPfizer":332595,"dosisEntregadasAstrazeneca":102300,"dosisEntregadasJanssen":4100,"dosisPautaCompletada":119768,"porcentajeEntregadas":0.8995327922111408,"porcentajePoblacionAdministradas":0.328036672431211,"porcentajePoblacionCompletas":0.09009238064647647,"fechaUltRegistro":1618955956000,"etarios":{"unaDosis":{"etarioTotal":{"vacunados":316321,"personasINE":1132764,"porcentaje":0.2792470452803938},"etarioRangos":[{"rango":{"min":16,"max":17},"vacunados":32,"personasINE":25106,"porcentaje":0.0012745957141719112},{"rango":{"min":18,"max":24},"vacunados":5836,"personasINE":89180,"porcentaje":0.06544068176721238},{"rango":{"min":25,"max":49},"vacunados":51018,"personasINE":446083,"porcentaje":0.11436885063990333},{"rango":{"min":50,"max":59},"vacunados":27463,"personasINE":198266,"porcentaje":0.13851593314032662},{"rango":{"min":60,"max":69},"vacunados":58650,"personasINE":156367,"porcentaje":0.37507914073941434},{"rango":{"min":70,"max":79},"vacunados":74696,"personasINE":118955,"porcentaje":0.6279349333781682},{"rango":{"min":80,"max":null},"vacunados":98626,"personasINE":98807,"porcentaje":0.99816814598156}]},"pautaCompleta":{"etarioTotal":{"vacunados":119768,"personasINE":1132764,"porcentaje":0.10573076121769406},"etarioRangos":[{"rango":{"min":16,"max":17},"vacunados":27,"personasINE":25106,"porcentaje":0.00107544013383255},{"rango":{"min":18,"max":24},"vacunados":1477,"personasINE":89180,"porcentaje":0.016562009419152278},{"rango":{"min":25,"max":49},"vacunados":21990,"personasINE":446083,"porcentaje":0.04929575886101914},{"rango":{"min":50,"max":59},"vacunados":14281,"personasINE":198266,"porcentaje":0.07202949572796143},{"rango":{"min":60,"max":69},"vacunados":9735,"personasINE":156367,"porcentaje":0.06225738167260356},{"rango":{"min":70,"max":79},"vacunados":3605,"personasINE":118955,"porcentaje":0.030305577739481317},{"rango":{"min":80,"max":null},"vacunados":68653,"personasINE":98807,"porcentaje":0.6948191929721579}]}}},{"ccaa":"Asturias","dosisAdministradas":402983,"dosisEntregadas":442895,"dosisEntregadasModerna":42200,"dosisEntregadasPfizer":319145,"dosisEntregadasAstrazeneca":78400,"dosisEntregadasJanssen":3150,"dosisPautaCompletada":122607,"porcentajeEntregadas":0.9098838325110918,"porcentajePoblacionAdministradas":0.39555293369350125,"porcentajePoblacionCompletas":0.12034641297860979,"fechaUltRegistro":1618955956000,"etarios":{"unaDosis":{"etarioTotal":{"vacunados":280376,"personasINE":901209,"porcentaje":0.31111096316170833},"etarioRangos":[{"rango":{"min":16,"max":17},"vacunados":36,"personasINE":15563,"porcentaje":0.0023131786930540386},{"rango":{"min":18,"max":24},"vacunados":3473,"personasINE":54179,"porcentaje":0.06410232747005297},{"rango":{"min":25,"max":49},"vacunados":34834,"personasINE":322095,"porcentaje":0.10814821714090564},{"rango":{"min":50,"max":59},"vacunados":23350,"personasINE":162645,"porcentaje":0.1435642042485167},{"rango":{"min":60,"max":69},"vacunados":63852,"personasINE":149652,"porcentaje":0.4266698741079304},{"rango":{"min":70,"max":79},"vacunados":68563,"personasINE":109249,"porcentaje":0.6275846918507263},{"rango":{"min":80,"max":null},"vacunados":86268,"personasINE":87826,"porcentaje":0.9822603784756222}]},"pautaCompleta":{"etarioTotal":{"vacunados":122607,"personasINE":901209,"porcentaje":0.1360472432032969},"etarioRangos":[{"rango":{"min":16,"max":17},"vacunados":29,"personasINE":15563,"porcentaje":0.0018633939471824198},{"rango":{"min":18,"max":24},"vacunados":2468,"personasINE":54179,"porcentaje":0.04555270492257148},{"rango":{"min":25,"max":49},"vacunados":22060,"personasINE":322095,"porcentaje":0.06848911035564041},{"rango":{"min":50,"max":59},"vacunados":14335,"personasINE":162645,"porcentaje":0.08813673952473178},{"rango":{"min":60,"max":69},"vacunados":10945,"personasINE":149652,"porcentaje":0.0731363429823858},{"rango":{"min":70,"max":79},"vacunados":4225,"personasINE":109249,"porcentaje":0.03867312286611319},{"rango":{"min":80,"max":null},"vacunados":68545,"personasINE":87826,"porcentaje":0.78046364402341}]}}},{"ccaa":"Baleares","dosisAdministradas":276829,"dosisEntregadas":301850,"dosisEntregadasModerna":24300,"dosisEntregadasPfizer":184050,"dosisEntregadasAstrazeneca":89900,"dosisEntregadasJanssen":3600,"dosisPautaCompletada":69009,"porcentajeEntregadas":0.9171078350173928,"porcentajePoblacionAdministradas":0.23629435709999547,"porcentajePoblacionCompletas":0.05890436800015023,"fechaUltRegistro":1618955956000,"etarios":{"unaDosis":{"etarioTotal":{"vacunados":207820,"personasINE":986279,"porcentaje":0.21071116793523942},"etarioRangos":[{"rango":{"min":16,"max":17},"vacunados":33,"personasINE":23300,"porcentaje":0.0014163090128755365},{"rango":{"min":18,"max":24},"vacunados":3727,"personasINE":85839,"porcentaje":0.0434184927597013},{"rango":{"min":25,"max":49},"vacunados":42922,"personasINE":464054,"porcentaje":0.09249354600973163},{"rango":{"min":50,"max":59},"vacunados":20907,"personasINE":165797,"porcentaje":0.12609998974649722},{"rango":{"min":60,"max":69},"vacunados":51620,"personasINE":117231,"porcentaje":0.44032721720364065},{"rango":{"min":70,"max":79},"vacunados":40252,"personasINE":80516,"porcentaje":0.49992548064980874},{"rango":{"min":80,"max":null},"vacunados":48359,"personasINE":49542,"porcentaje":0.9761212708409027}]},"pautaCompleta":{"etarioTotal":{"vacunados":69009,"personasINE":986279,"porcentaje":0.06996904527015176},"etarioRangos":[{"rango":{"min":16,"max":17},"vacunados":31,"personasINE":23300,"porcentaje":0.0013304721030042918},{"rango":{"min":18,"max":24},"vacunados":1317,"personasINE":85839,"porcentaje":0.015342676405829519},{"rango":{"min":25,"max":49},"vacunados":18124,"personasINE":464054,"porcentaje":0.03905579954057071},{"rango":{"min":50,"max":59},"vacunados":7837,"personasINE":165797,"porcentaje":0.04726864780424254},{"rango":{"min":60,"max":69},"vacunados":5167,"personasINE":117231,"porcentaje":0.044075372555040904},{"rango":{"min":70,"max":79},"vacunados":2323,"personasINE":80516,"porcentaje":0.028851408415718614},{"rango":{"min":80,"max":null},"vacunados":34210,"personasINE":49542,"porcentaje":0.6905252109321384}]}}},{"ccaa":"Canarias","dosisAdministradas":523232,"dosisEntregadas":584570,"dosisEntregadasModerna":47800,"dosisEntregadasPfizer":362670,"dosisEntregadasAstrazeneca":167400,"dosisEntregadasJanssen":6700,"dosisPautaCompletada":132821,"porcentajeEntregadas":0.8950715910840447,"porcentajePoblacionAdministradas":0.24046118664382302,"porcentajePoblacionCompletas":0.06104040897960984,"fechaUltRegistro":1618955956000,"etarios":{"unaDosis":{"etarioTotal":{"vacunados":390411,"personasINE":1871033,"porcentaje":0.20866067033558466},"etarioRangos":[{"rango":{"min":16,"max":17},"vacunados":47,"personasINE":44352,"porcentaje":0.0010597041847041847},{"rango":{"min":18,"max":24},"vacunados":6005,"personasINE":163899,"porcentaje":0.036638417562035154},{"rango":{"min":25,"max":49},"vacunados":67815,"personasINE":832411,"porcentaje":0.08146816896941535},{"rango":{"min":50,"max":59},"vacunados":29618,"personasINE":350512,"porcentaje":0.08449924681608618},{"rango":{"min":60,"max":69},"vacunados":119379,"personasINE":235092,"porcentaje":0.5077969475779694},{"rango":{"min":70,"max":79},"vacunados":83079,"personasINE":154531,"porcentaje":0.5376202833088507},{"rango":{"min":80,"max":null},"vacunados":84468,"personasINE":90236,"porcentaje":0.9360787268939226}]},"pautaCompleta":{"etarioTotal":{"vacunados":132821,"personasINE":1871033,"porcentaje":0.07098805846823653},"etarioRangos":[{"rango":{"min":16,"max":17},"vacunados":25,"personasINE":44352,"porcentaje":0.0005636724386724386},{"rango":{"min":18,"max":24},"vacunados":2467,"personasINE":163899,"porcentaje":0.015051952726984301},{"rango":{"min":25,"max":49},"vacunados":35227,"personasINE":832411,"porcentaje":0.04231923893365177},{"rango":{"min":50,"max":59},"vacunados":17547,"personasINE":350512,"porcentaje":0.050061053544529145},{"rango":{"min":60,"max":69},"vacunados":9944,"personasINE":235092,"porcentaje":0.04229833426913719},{"rango":{"min":70,"max":79},"vacunados":16135,"personasINE":154531,"porcentaje":0.10441270683552167},{"rango":{"min":80,"max":null},"vacunados":51476,"personasINE":90236,"porcentaje":0.5704596834966089}]}}},{"ccaa":"Cantabria","dosisAdministradas":182628,"dosisEntregadas":216895,"dosisEntregadasModerna":19900,"dosisEntregadasPfizer":150495,"dosisEntregadasAstrazeneca":44700,"dosisEntregadasJanssen":1800,"dosisPautaCompletada":55401,"porcentajeEntregadas":0.8420111113672515,"porcentajePoblacionAdministradas":0.31330662800971,"porcentajePoblacionCompletas":0.09504293152400477,"fechaUltRegistro":1618955956000,"etarios":{"unaDosis":{"etarioTotal":{"vacunados":127227,"personasINE":501384,"porcentaje":0.2537516155282179},"etarioRangos":[{"rango":{"min":16,"max":17},"vacunados":5,"personasINE":10791,"porcentaje":0.0004633490872022982},{"rango":{"min":18,"max":24},"vacunados":1576,"personasINE":34935,"porcentaje":0.045112351509947045},{"rango":{"min":25,"max":49},"vacunados":22685,"personasINE":194241,"porcentaje":0.11678790780525224},{"rango":{"min":50,"max":59},"vacunados":11375,"personasINE":89964,"porcentaje":0.1264394646747588},{"rango":{"min":60,"max":69},"vacunados":23052,"personasINE":77345,"porcentaje":0.29804124377787833},{"rango":{"min":70,"max":79},"vacunados":29096,"personasINE":53066,"porcentaje":0.5482983454566012},{"rango":{"min":80,"max":null},"vacunados":39438,"personasINE":41042,"porcentaje":0.9609180839140393}]},"pautaCompleta":{"etarioTotal":{"vacunados":55401,"personasINE":501384,"porcentaje":0.11049614666602843},"etarioRangos":[{"rango":{"min":16,"max":17},"vacunados":5,"personasINE":10791,"porcentaje":0.0004633490872022982},{"rango":{"min":18,"max":24},"vacunados":643,"personasINE":34935,"porcentaje":0.01840561041935022},{"rango":{"min":25,"max":49},"vacunados":10928,"personasINE":194241,"porcentaje":0.05626000689864653},{"rango":{"min":50,"max":59},"vacunados":5722,"personasINE":89964,"porcentaje":0.06360321906540393},{"rango":{"min":60,"max":69},"vacunados":3841,"personasINE":77345,"porcentaje":0.04966061154567199},{"rango":{"min":70,"max":79},"vacunados":1850,"personasINE":53066,"porcentaje":0.03486224701315343},{"rango":{"min":80,"max":null},"vacunados":32412,"personasINE":41042,"porcentaje":0.7897275961210467}]}}},{"ccaa":"Castilla y Leon","dosisAdministradas":910748,"dosisEntregadas":1032825,"dosisEntregadasModerna":100800,"dosisEntregadasPfizer":740325,"dosisEntregadasAstrazeneca":184300,"dosisEntregadasJanssen":7400,"dosisPautaCompletada":269734,"porcentajeEntregadas":0.881802822356159,"porcentajePoblacionAdministradas":0.38028358382207655,"porcentajePoblacionCompletas":0.11262765572767001,"fechaUltRegistro":1618955956000,"etarios":{"unaDosis":{"etarioTotal":{"vacunados":641014,"personasINE":2092873,"porcentaje":0.3062842322491618},"etarioRangos":[{"rango":{"min":16,"max":17},"vacunados":97,"personasINE":40684,"porcentaje":0.0023842296725985644},{"rango":{"min":18,"max":24},"vacunados":7858,"personasINE":144422,"porcentaje":0.054409992937364114},{"rango":{"min":25,"max":49},"vacunados":89272,"personasINE":738950,"porcentaje":0.1208092563772921},{"rango":{"min":50,"max":59},"vacunados":56797,"personasINE":381175,"porcentaje":0.1490050501738047},{"rango":{"min":60,"max":69},"vacunados":118869,"personasINE":318575,"porcentaje":0.37312720709409086},{"rango":{"min":70,"max":79},"vacunados":143235,"personasINE":245410,"porcentaje":0.5836559227415345},{"rango":{"min":80,"max":null},"vacunados":224886,"personasINE":223657,"porcentaje":1.0054950213943672}]},"pautaCompleta":{"etarioTotal":{"vacunados":269734,"personasINE":2092873,"porcentaje":0.12888216341842051},"etarioRangos":[{"rango":{"min":16,"max":17},"vacunados":89,"personasINE":40684,"porcentaje":0.002187592173827549},{"rango":{"min":18,"max":24},"vacunados":2723,"personasINE":144422,"porcentaje":0.018854468155821136},{"rango":{"min":25,"max":49},"vacunados":42931,"personasINE":738950,"porcentaje":0.0580973002232898},{"rango":{"min":50,"max":59},"vacunados":30574,"personasINE":381175,"porcentaje":0.08020987735292189},{"rango":{"min":60,"max":69},"vacunados":20639,"personasINE":318575,"porcentaje":0.0647853723612964},{"rango":{"min":70,"max":79},"vacunados":13481,"personasINE":245410,"porcentaje":0.05493256183529604},{"rango":{"min":80,"max":null},"vacunados":159297,"personasINE":223657,"porcentaje":0.7122379357677158}]}}},{"ccaa":"Castilla La Mancha","dosisAdministradas":608848,"dosisEntregadas":696435,"dosisEntregadasModerna":63800,"dosisEntregadasPfizer":469035,"dosisEntregadasAstrazeneca":157300,"dosisEntregadasJanssen":6300,"dosisPautaCompletada":184096,"porcentajeEntregadas":0.8742352121877849,"porcentajePoblacionAdministradas":0.29769301214880933,"porcentajePoblacionCompletas":0.09001276634652197,"fechaUltRegistro":1618955956000},{"ccaa":"Cataluña","dosisAdministradas":2217908,"dosisEntregadas":2450730,"dosisEntregadasModerna":221100,"dosisEntregadasPfizer":1607030,"dosisEntregadasAstrazeneca":598600,"dosisEntregadasJanssen":24000,"dosisPautaCompletada":578629,"porcentajeEntregadas":0.9049989186895333,"porcentajePoblacionAdministradas":0.2850605984541569,"porcentajePoblacionCompletas":0.07436932867500831,"fechaUltRegistro":1618955956000,"etarios":{"unaDosis":{"etarioTotal":{"vacunados":1639279,"personasINE":6531658,"porcentaje":0.25097440802932425},"etarioRangos":[{"rango":{"min":16,"max":17},"vacunados":335,"personasINE":159864,"porcentaje":0.002095531201521293},{"rango":{"min":18,"max":24},"vacunados":36242,"personasINE":556316,"porcentaje":0.06514642756994227},{"rango":{"min":25,"max":49},"vacunados":298502,"personasINE":2803626,"porcentaje":0.10646997852067287},{"rango":{"min":50,"max":59},"vacunados":136470,"personasINE":1091780,"porcentaje":0.12499771016138783},{"rango":{"min":60,"max":69},"vacunados":433019,"personasINE":837584,"porcentaje":0.5169857590402873},{"rango":{"min":70,"max":79},"vacunados":295285,"personasINE":635292,"porcentaje":0.464802012303004},{"rango":{"min":80,"max":null},"vacunados":439426,"personasINE":447196,"porcentaje":0.9826250682027567}]},"pautaCompleta":{"etarioTotal":{"vacunados":578629,"personasINE":6531658,"porcentaje":0.08858837985699802},"etarioRangos":[{"rango":{"min":16,"max":17},"vacunados":245,"personasINE":159864,"porcentaje":0.001532552669769304},{"rango":{"min":18,"max":24},"vacunados":17073,"personasINE":556316,"porcentaje":0.030689392359737992},{"rango":{"min":25,"max":49},"vacunados":130958,"personasINE":2803626,"porcentaje":0.046710224544928604},{"rango":{"min":50,"max":59},"vacunados":70483,"personasINE":1091780,"porcentaje":0.06455787796076133},{"rango":{"min":60,"max":69},"vacunados":53778,"personasINE":837584,"porcentaje":0.06420609753767981},{"rango":{"min":70,"max":79},"vacunados":34685,"personasINE":635292,"porcentaje":0.054596941249063426},{"rango":{"min":80,"max":null},"vacunados":271407,"personasINE":447196,"porcentaje":0.6069083802180699}]}}},{"ccaa":"C. Valenciana","dosisAdministradas":1391648,"dosisEntregadas":1498230,"dosisEntregadasModerna":131600,"dosisEntregadasPfizer":961930,"dosisEntregadasAstrazeneca":389100,"dosisEntregadasJanssen":15600,"dosisPautaCompletada":356717,"porcentajeEntregadas":0.9288613897732658,"porcentajePoblacionAdministradas":0.2751731983114487,"porcentajePoblacionCompletas":0.07053432892661438,"fechaUltRegistro":1618955956000,"etarios":{"unaDosis":{"etarioTotal":{"vacunados":1034931,"personasINE":4269305,"porcentaje":0.2424120553579564},"etarioRangos":[{"rango":{"min":16,"max":17},"vacunados":119,"personasINE":103049,"porcentaje":0.0011547904394996556},{"rango":{"min":18,"max":24},"vacunados":17664,"personasINE":352834,"porcentaje":0.050063202525833676},{"rango":{"min":25,"max":49},"vacunados":201167,"personasINE":1765967,"porcentaje":0.11391322714410858},{"rango":{"min":50,"max":59},"vacunados":91642,"personasINE":752334,"porcentaje":0.12181025980482073},{"rango":{"min":60,"max":69},"vacunados":196642,"personasINE":580728,"porcentaje":0.3386129134465705},{"rango":{"min":70,"max":79},"vacunados":241068,"personasINE":437862,"porcentaje":0.550557024816038},{"rango":{"min":80,"max":null},"vacunados":286629,"personasINE":276531,"porcentaje":1.0365167015632968}]},"pautaCompleta":{"etarioTotal":{"vacunados":356717,"personasINE":4269305,"porcentaje":0.0835538805496445},"etarioRangos":[{"rango":{"min":16,"max":17},"vacunados":106,"personasINE":103049,"porcentaje":0.0010286368620753233},{"rango":{"min":18,"max":24},"vacunados":5455,"personasINE":352834,"porcentaje":0.015460528180390778},{"rango":{"min":25,"max":49},"vacunados":69349,"personasINE":1765967,"porcentaje":0.03926970322775001},{"rango":{"min":50,"max":59},"vacunados":34664,"personasINE":752334,"porcentaje":0.046075280394080285},{"rango":{"min":60,"max":69},"vacunados":24496,"personasINE":580728,"porcentaje":0.04218153765618327},{"rango":{"min":70,"max":79},"vacunados":11992,"personasINE":437862,"porcentaje":0.027387624411344215},{"rango":{"min":80,"max":null},"vacunados":210655,"personasINE":276531,"porcentaje":0.7617771606076714}]}}},{"ccaa":"Extremadura","dosisAdministradas":377168,"dosisEntregadas":397985,"dosisEntregadasModerna":36200,"dosisEntregadasPfizer":276785,"dosisEntregadasAstrazeneca":81700,"dosisEntregadasJanssen":3300,"dosisPautaCompletada":112438,"porcentajeEntregadas":0.9476940085681621,"porcentajePoblacionAdministradas":0.3544855341277666,"porcentajePoblacionCompletas":0.10567610318547126,"fechaUltRegistro":1618955956000,"etarios":{"unaDosis":{"etarioTotal":{"vacunados":264730,"personasINE":911213,"porcentaje":0.29052482789424644},"etarioRangos":[{"rango":{"min":16,"max":17},"vacunados":55,"personasINE":20953,"porcentaje":0.0026249224454732017},{"rango":{"min":18,"max":24},"vacunados":2268,"personasINE":76088,"porcentaje":0.02980759121017769},{"rango":{"min":25,"max":49},"vacunados":42796,"personasINE":351778,"porcentaje":0.1216562718532711},{"rango":{"min":50,"max":59},"vacunados":23896,"personasINE":169216,"porcentaje":0.14121596066565809},{"rango":{"min":60,"max":69},"vacunados":55748,"personasINE":125297,"porcentaje":0.44492685379538216},{"rango":{"min":70,"max":79},"vacunados":63182,"personasINE":91876,"porcentaje":0.6876877530584701},{"rango":{"min":80,"max":null},"vacunados":76785,"personasINE":76005,"porcentaje":1.0102624827313993}]},"pautaCompleta":{"etarioTotal":{"vacunados":112438,"personasINE":911213,"porcentaje":0.12339376194149995},"etarioRangos":[{"rango":{"min":16,"max":17},"vacunados":41,"personasINE":20953,"porcentaje":0.00195676036844366},{"rango":{"min":18,"max":24},"vacunados":921,"personasINE":76088,"porcentaje":0.012104405425297024},{"rango":{"min":25,"max":49},"vacunados":19937,"personasINE":351778,"porcentaje":0.05667494840495994},{"rango":{"min":50,"max":59},"vacunados":13176,"personasINE":169216,"porcentaje":0.07786497730711044},{"rango":{"min":60,"max":69},"vacunados":7967,"personasINE":125297,"porcentaje":0.0635849222247939},{"rango":{"min":70,"max":79},"vacunados":5056,"personasINE":91876,"porcentaje":0.055030693543471634},{"rango":{"min":80,"max":null},"vacunados":65340,"personasINE":76005,"porcentaje":0.8596802841918295}]}}},{"ccaa":"Galicia","dosisAdministradas":947613,"dosisEntregadas":1058215,"dosisEntregadasModerna":98800,"dosisEntregadasPfizer":743065,"dosisEntregadasAstrazeneca":208000,"dosisEntregadasJanssen":8350,"dosisPautaCompletada":241155,"porcentajeEntregadas":0.8954824870182335,"porcentajePoblacionAdministradas":0.35073148867485204,"porcentajePoblacionCompletas":0.08925653420899031,"fechaUltRegistro":1618955956000,"etarios":{"unaDosis":{"etarioTotal":{"vacunados":706458,"personasINE":2362643,"porcentaje":0.2990117423580287},"etarioRangos":[{"rango":{"min":16,"max":17},"vacunados":14,"personasINE":44014,"porcentaje":0.0003180806107147726},{"rango":{"min":18,"max":24},"vacunados":5136,"personasINE":152745,"porcentaje":0.03362466856525582},{"rango":{"min":25,"max":49},"vacunados":97106,"personasINE":889004,"porcentaje":0.10923010470144116},{"rango":{"min":50,"max":59},"vacunados":66415,"personasINE":405889,"porcentaje":0.16362847970750624},{"rango":{"min":60,"max":69},"vacunados":104110,"personasINE":346927,"porcentaje":0.3000919501797208},{"rango":{"min":70,"max":79},"vacunados":206269,"personasINE":289762,"porcentaje":0.711856627162982},{"rango":{"min":80,"max":null},"vacunados":227408,"personasINE":234302,"porcentaje":0.9705764355404564}]},"pautaCompleta":{"etarioTotal":{"vacunados":241155,"personasINE":2362643,"porcentaje":0.10207001227015677},"etarioRangos":[{"rango":{"min":16,"max":17},"vacunados":3,"personasINE":44014,"porcentaje":0.00006816013086745126},{"rango":{"min":18,"max":24},"vacunados":1613,"personasINE":152745,"porcentaje":0.010560083799797048},{"rango":{"min":25,"max":49},"vacunados":39458,"personasINE":889004,"porcentaje":0.044384502206964195},{"rango":{"min":50,"max":59},"vacunados":23897,"personasINE":405889,"porcentaje":0.058875702470379834},{"rango":{"min":60,"max":69},"vacunados":16955,"personasINE":346927,"porcentaje":0.04887195288922454},{"rango":{"min":70,"max":79},"vacunados":4934,"personasINE":289762,"porcentaje":0.017027767616181556},{"rango":{"min":80,"max":null},"vacunados":154295,"personasINE":234302,"porcentaje":0.6585304436155047}]}}},{"ccaa":"La Rioja","dosisAdministradas":104710,"dosisEntregadas":114155,"dosisEntregadasModerna":10200,"dosisEntregadasPfizer":78455,"dosisEntregadasAstrazeneca":24500,"dosisEntregadasJanssen":1000,"dosisPautaCompletada":27622,"porcentajeEntregadas":0.9172616179755595,"porcentajePoblacionAdministradas":0.3273067136793013,"porcentajePoblacionCompletas":0.08634195440024507,"fechaUltRegistro":1618955956000,"etarios":{"unaDosis":{"etarioTotal":{"vacunados":77088,"personasINE":270788,"porcentaje":0.284680266481528},"etarioRangos":[{"rango":{"min":16,"max":17},"vacunados":9,"personasINE":6286,"porcentaje":0.0014317531021317213},{"rango":{"min":18,"max":24},"vacunados":1295,"personasINE":21170,"porcentaje":0.06117146905999055},{"rango":{"min":25,"max":49},"vacunados":13133,"personasINE":107618,"porcentaje":0.1220334888215726},{"rango":{"min":50,"max":59},"vacunados":6816,"personasINE":47664,"porcentaje":0.14300100704934543},{"rango":{"min":60,"max":69},"vacunados":16604,"personasINE":37718,"porcentaje":0.4402142213266875},{"rango":{"min":70,"max":79},"vacunados":16659,"personasINE":28125,"porcentaje":0.59232},{"rango":{"min":80,"max":null},"vacunados":22572,"personasINE":22207,"porcentaje":1.0164362588373035}]},"pautaCompleta":{"etarioTotal":{"vacunados":27622,"personasINE":270788,"porcentaje":0.10200599731155},"etarioRangos":[{"rango":{"min":16,"max":17},"vacunados":7,"personasINE":6286,"porcentaje":0.0011135857461024498},{"rango":{"min":18,"max":24},"vacunados":392,"personasINE":21170,"porcentaje":0.018516769012753898},{"rango":{"min":25,"max":49},"vacunados":4728,"personasINE":107618,"porcentaje":0.04393317103086844},{"rango":{"min":50,"max":59},"vacunados":3415,"personasINE":47664,"porcentaje":0.07164736488754615},{"rango":{"min":60,"max":69},"vacunados":2461,"personasINE":37718,"porcentaje":0.06524736200222706},{"rango":{"min":70,"max":79},"vacunados":722,"personasINE":28125,"porcentaje":0.02567111111111111},{"rango":{"min":80,"max":null},"vacunados":15897,"personasINE":22207,"porcentaje":0.7158553609222317}]}}},{"ccaa":"Madrid","dosisAdministradas":1806916,"dosisEntregadas":2034765,"dosisEntregadasModerna":179300,"dosisEntregadasPfizer":1312665,"dosisEntregadasAstrazeneca":521900,"dosisEntregadasJanssen":20900,"dosisPautaCompletada":465052,"porcentajeEntregadas":0.888021958309682,"porcentajePoblacionAdministradas":0.26651118720545236,"porcentajePoblacionCompletas":0.06859287351059487,"fechaUltRegistro":1618955956000,"etarios":{"unaDosis":{"etarioTotal":{"vacunados":1341864,"personasINE":5695623,"porcentaje":0.23559564950138026},"etarioRangos":[{"rango":{"min":16,"max":17},"vacunados":186,"personasINE":135861,"porcentaje":0.001369046304679047},{"rango":{"min":18,"max":24},"vacunados":22988,"personasINE":479716,"porcentaje":0.04792001934477899},{"rango":{"min":25,"max":49},"vacunados":274700,"personasINE":2513737,"porcentaje":0.10927953083397349},{"rango":{"min":50,"max":59},"vacunados":110865,"personasINE":972783,"porcentaje":0.11396683535793697},{"rango":{"min":60,"max":69},"vacunados":310136,"personasINE":703323,"porcentaje":0.44095813729964756},{"rango":{"min":70,"max":79},"vacunados":265093,"personasINE":526081,"porcentaje":0.503901490454892},{"rango":{"min":80,"max":null},"vacunados":357896,"personasINE":364122,"porcentaje":0.9829013352667513}]},"pautaCompleta":{"etarioTotal":{"vacunados":465052,"personasINE":5695623,"porcentaje":0.08165076937149808},"etarioRangos":[{"rango":{"min":16,"max":17},"vacunados":72,"personasINE":135861,"porcentaje":0.0005299534082628569},{"rango":{"min":18,"max":24},"vacunados":13944,"personasINE":479716,"porcentaje":0.029067198092204555},{"rango":{"min":25,"max":49},"vacunados":112386,"personasINE":2513737,"porcentaje":0.044708734445966306},{"rango":{"min":50,"max":59},"vacunados":52137,"personasINE":972783,"porcentaje":0.053595714563268476},{"rango":{"min":60,"max":69},"vacunados":31955,"personasINE":703323,"porcentaje":0.04543431680749812},{"rango":{"min":70,"max":79},"vacunados":10523,"personasINE":526081,"porcentaje":0.020002623170196226},{"rango":{"min":80,"max":null},"vacunados":244035,"personasINE":364122,"porcentaje":0.6702011963023382}]}}},{"ccaa":"Murcia","dosisAdministradas":376989,"dosisEntregadas":450605,"dosisEntregadasModerna":37700,"dosisEntregadasPfizer":292055,"dosisEntregadasAstrazeneca":116200,"dosisEntregadasJanssen":4650,"dosisPautaCompletada":112107,"porcentajeEntregadas":0.8366285327504134,"porcentajePoblacionAdministradas":0.24945492178334372,"porcentajePoblacionCompletas":0.07418158863087601,"fechaUltRegistro":1618955956000,"etarios":{"unaDosis":{"etarioTotal":{"vacunados":264882,"personasINE":1237479,"porcentaje":0.21404969296448667},"etarioRangos":[{"rango":{"min":16,"max":17},"vacunados":107,"personasINE":34712,"porcentaje":0.0030825074902051165},{"rango":{"min":18,"max":24},"vacunados":7054,"personasINE":118667,"porcentaje":0.059443653248165036},{"rango":{"min":25,"max":49},"vacunados":58538,"personasINE":551265,"porcentaje":0.10618849373713186},{"rango":{"min":50,"max":59},"vacunados":25393,"personasINE":213256,"porcentaje":0.11907285140863563},{"rango":{"min":60,"max":69},"vacunados":49362,"personasINE":146909,"porcentaje":0.3360039207945054},{"rango":{"min":70,"max":79},"vacunados":54636,"personasINE":102899,"porcentaje":0.5309672591570375},{"rango":{"min":80,"max":null},"vacunados":69792,"personasINE":69771,"porcentaje":1.0003009846497828}]},"pautaCompleta":{"etarioTotal":{"vacunados":112107,"personasINE":1237479,"porcentaje":0.09059305248816343},"etarioRangos":[{"rango":{"min":16,"max":17},"vacunados":98,"personasINE":34712,"porcentaje":0.002823231159253284},{"rango":{"min":18,"max":24},"vacunados":2530,"personasINE":118667,"porcentaje":0.021320164830997666},{"rango":{"min":25,"max":49},"vacunados":27750,"personasINE":551265,"porcentaje":0.050338766292073685},{"rango":{"min":50,"max":59},"vacunados":13944,"personasINE":213256,"porcentaje":0.06538620249840567},{"rango":{"min":60,"max":69},"vacunados":7574,"personasINE":146909,"porcentaje":0.051555724972602086},{"rango":{"min":70,"max":79},"vacunados":2870,"personasINE":102899,"porcentaje":0.027891427516302393},{"rango":{"min":80,"max":null},"vacunados":57341,"personasINE":69771,"porcentaje":0.8218457525332875}]}}},{"ccaa":"Navarra","dosisAdministradas":200145,"dosisEntregadas":221105,"dosisEntregadasModerna":20100,"dosisEntregadasPfizer":148155,"dosisEntregadasAstrazeneca":50800,"dosisEntregadasJanssen":2050,"dosisPautaCompletada":58861,"porcentajeEntregadas":0.9052034101445015,"porcentajePoblacionAdministradas":0.30270101044015624,"porcentajePoblacionCompletas":0.08902188001457961,"fechaUltRegistro":1618955956000,"etarios":{"unaDosis":{"etarioTotal":{"vacunados":141284,"personasINE":552935,"porcentaje":0.25551647119462506},"etarioRangos":[{"rango":{"min":16,"max":17},"vacunados":5,"personasINE":13906,"porcentaje":0.00035955702574428305},{"rango":{"min":18,"max":24},"vacunados":3284,"personasINE":48505,"porcentaje":0.06770436037521906},{"rango":{"min":25,"max":49},"vacunados":26216,"personasINE":223028,"porcentaje":0.11754577900532669},{"rango":{"min":50,"max":59},"vacunados":13719,"personasINE":96694,"porcentaje":0.14188057170041574},{"rango":{"min":60,"max":69},"vacunados":27334,"personasINE":73844,"porcentaje":0.3701587129624614},{"rango":{"min":70,"max":79},"vacunados":29914,"personasINE":55792,"porcentaje":0.536170060223688},{"rango":{"min":80,"max":null},"vacunados":40812,"personasINE":41166,"porcentaje":0.9914006704562017}]},"pautaCompleta":{"etarioTotal":{"vacunados":58861,"personasINE":552935,"porcentaje":0.10645193377160064},"etarioRangos":[{"rango":{"min":16,"max":17},"vacunados":4,"personasINE":13906,"porcentaje":0.00028764562059542645},{"rango":{"min":18,"max":24},"vacunados":915,"personasINE":48505,"porcentaje":0.018864034635604578},{"rango":{"min":25,"max":49},"vacunados":12418,"personasINE":223028,"porcentaje":0.05567910755600194},{"rango":{"min":50,"max":59},"vacunados":7614,"personasINE":96694,"porcentaje":0.07874325190808117},{"rango":{"min":60,"max":69},"vacunados":4080,"personasINE":73844,"porcentaje":0.05525161150533557},{"rango":{"min":70,"max":79},"vacunados":1853,"personasINE":55792,"porcentaje":0.03321264697447663},{"rango":{"min":80,"max":null},"vacunados":31977,"personasINE":41166,"porcentaje":0.7767818102317446}]}}},{"ccaa":"País Vasco","dosisAdministradas":651736,"dosisEntregadas":773800,"dosisEntregadasModerna":70900,"dosisEntregadasPfizer":525150,"dosisEntregadasAstrazeneca":170900,"dosisEntregadasJanssen":6850,"dosisPautaCompletada":178897,"porcentajeEntregadas":0.8422538123546136,"porcentajePoblacionAdministradas":0.29350814049423013,"porcentajePoblacionCompletas":0.08056594358758191,"fechaUltRegistro":1618955956000,"etarios":{"unaDosis":{"etarioTotal":{"vacunados":472839,"personasINE":1898123,"porcentaje":0.24910872477705606},"etarioRangos":[{"rango":{"min":16,"max":17},"vacunados":8,"personasINE":41824,"porcentaje":0.00019127773527161438},{"rango":{"min":18,"max":24},"vacunados":12015,"personasINE":140323,"porcentaje":0.08562388204357091},{"rango":{"min":25,"max":49},"vacunados":93802,"personasINE":724849,"porcentaje":0.12940902174107988},{"rango":{"min":50,"max":59},"vacunados":50586,"personasINE":339977,"porcentaje":0.14879241831065043},{"rango":{"min":60,"max":69},"vacunados":92794,"personasINE":280119,"porcentaje":0.3312663546564139},{"rango":{"min":70,"max":79},"vacunados":68367,"personasINE":213081,"porcentaje":0.3208498176749687},{"rango":{"min":80,"max":null},"vacunados":155267,"personasINE":157950,"porcentaje":0.9830136119025008}]},"pautaCompleta":{"etarioTotal":{"vacunados":178897,"personasINE":1898123,"porcentaje":0.09424942429968974},"etarioRangos":[{"rango":{"min":16,"max":17},"vacunados":6,"personasINE":41824,"porcentaje":0.0001434583014537108},{"rango":{"min":18,"max":24},"vacunados":3328,"personasINE":140323,"porcentaje":0.023716710731669078},{"rango":{"min":25,"max":49},"vacunados":37078,"personasINE":724849,"porcentaje":0.051152722842964536},{"rango":{"min":50,"max":59},"vacunados":22983,"personasINE":339977,"porcentaje":0.06760163187509743},{"rango":{"min":60,"max":69},"vacunados":13659,"personasINE":280119,"porcentaje":0.04876141925395992},{"rango":{"min":70,"max":79},"vacunados":4050,"personasINE":213081,"porcentaje":0.019006856547510102},{"rango":{"min":80,"max":null},"vacunados":97793,"personasINE":157950,"porcentaje":0.619138968027857}]}}},{"ccaa":"Ceuta","dosisAdministradas":18631,"dosisEntregadas":19990,"dosisEntregadasModerna":1600,"dosisEntregadasPfizer":11340,"dosisEntregadasAstrazeneca":6800,"dosisEntregadasJanssen":250,"dosisPautaCompletada":4548,"porcentajeEntregadas":0.932016008004002,"porcentajePoblacionAdministradas":0.22126552813472364,"porcentajePoblacionCompletas":0.054012968813092324,"fechaUltRegistro":1618955956000,"etarios":{"unaDosis":{"etarioTotal":{"vacunados":14083,"personasINE":66158,"porcentaje":0.21286919193445994},"etarioRangos":[{"rango":{"min":16,"max":17},"vacunados":0,"personasINE":2175,"porcentaje":0},{"rango":{"min":18,"max":24},"vacunados":297,"personasINE":7581,"porcentaje":0.03917688959240206},{"rango":{"min":25,"max":49},"vacunados":3576,"personasINE":30066,"porcentaje":0.1189383356615446},{"rango":{"min":50,"max":59},"vacunados":1827,"personasINE":11556,"porcentaje":0.15809968847352024},{"rango":{"min":60,"max":69},"vacunados":2814,"personasINE":7857,"porcentaje":0.35815196639938907},{"rango":{"min":70,"max":79},"vacunados":3324,"personasINE":4318,"porcentaje":0.7698008337193145},{"rango":{"min":80,"max":null},"vacunados":2245,"personasINE":2605,"porcentaje":0.8618042226487524}]},"pautaCompleta":{"etarioTotal":{"vacunados":4548,"personasINE":66158,"porcentaje":0.06874452069288672},"etarioRangos":[{"rango":{"min":16,"max":17},"vacunados":0,"personasINE":2175,"porcentaje":0},{"rango":{"min":18,"max":24},"vacunados":46,"personasINE":7581,"porcentaje":0.0060678010816514975},{"rango":{"min":25,"max":49},"vacunados":836,"personasINE":30066,"porcentaje":0.02780549457859376},{"rango":{"min":50,"max":59},"vacunados":546,"personasINE":11556,"porcentaje":0.047248182762201454},{"rango":{"min":60,"max":69},"vacunados":353,"personasINE":7857,"porcentaje":0.04492808960162912},{"rango":{"min":70,"max":79},"vacunados":876,"personasINE":4318,"porcentaje":0.20287169986104678},{"rango":{"min":80,"max":null},"vacunados":1891,"personasINE":2605,"porcentaje":0.7259117082533589}]}}},{"ccaa":"Melilla","dosisAdministradas":17627,"dosisEntregadas":19890,"dosisEntregadasModerna":1500,"dosisEntregadasPfizer":11340,"dosisEntregadasAstrazeneca":6800,"dosisEntregadasJanssen":250,"dosisPautaCompletada":4732,"porcentajeEntregadas":0.8862242332830568,"porcentajePoblacionAdministradas":0.20243235794019018,"porcentajePoblacionCompletas":0.054343332261472733,"fechaUltRegistro":1618955956000,"etarios":{"unaDosis":{"etarioTotal":{"vacunados":12895,"personasINE":66178,"porcentaje":0.19485327450210038},"etarioRangos":[{"rango":{"min":16,"max":17},"vacunados":6,"personasINE":2324,"porcentaje":0.0025817555938037868},{"rango":{"min":18,"max":24},"vacunados":196,"personasINE":8536,"porcentaje":0.02296157450796626},{"rango":{"min":25,"max":49},"vacunados":3275,"personasINE":30095,"porcentaje":0.10882206346569198},{"rango":{"min":50,"max":59},"vacunados":1560,"personasINE":11299,"porcentaje":0.13806531551464732},{"rango":{"min":60,"max":69},"vacunados":3445,"personasINE":7827,"porcentaje":0.44014309441676247},{"rango":{"min":70,"max":79},"vacunados":2660,"personasINE":3748,"porcentaje":0.7097118463180363},{"rango":{"min":80,"max":null},"vacunados":1753,"personasINE":2349,"porcentaje":0.7462750106428268}]},"pautaCompleta":{"etarioTotal":{"vacunados":4732,"personasINE":66178,"porcentaje":0.0715041252379945},"etarioRangos":[{"rango":{"min":16,"max":17},"vacunados":6,"personasINE":2324,"porcentaje":0.0025817555938037868},{"rango":{"min":18,"max":24},"vacunados":69,"personasINE":8536,"porcentaje":0.008083411433926898},{"rango":{"min":25,"max":49},"vacunados":860,"personasINE":30095,"porcentaje":0.028576175444425984},{"rango":{"min":50,"max":59},"vacunados":542,"personasINE":11299,"porcentaje":0.04796884680060182},{"rango":{"min":60,"max":69},"vacunados":372,"personasINE":7827,"porcentaje":0.04752778842468379},{"rango":{"min":70,"max":79},"vacunados":1404,"personasINE":3748,"porcentaje":0.37459978655282816},{"rango":{"min":80,"max":null},"vacunados":1479,"personasINE":2349,"porcentaje":0.6296296296296297}]}}},{"ccaa":"Fuerzas Armadas","dosisAdministradas":70600,"dosisEntregadas":85600,"dosisEntregadasModerna":0,"dosisEntregadasPfizer":19500,"dosisEntregadasAstrazeneca":66100,"dosisEntregadasJanssen":0,"dosisPautaCompletada":5851,"porcentajeEntregadas":0.8247663551401869,"porcentajePoblacionAdministradas":null,"porcentajePoblacionCompletas":null,"fechaUltRegistro":1618955956000},{"ccaa":"Totales","dosisAdministradas":13909964,"dosisEntregadas":15435285,"dosisEntregadasModerna":1372800,"dosisEntregadasPfizer":10199085,"dosisEntregadasAstrazeneca":3717000,"dosisEntregadasJanssen":146400,"dosisPautaCompletada":3768015,"porcentajeEntregadas":0.9011796024498414,"porcentajePoblacionAdministradas":0.29633498082658716,"porcentajePoblacionCompletas":0.080273008095441,"fechaUltRegistro":null,"etarios":{"unaDosis":{"etarioTotal":{"vacunados":10141949,"personasINE":40129822,"porcentaje":0.2527284820750015},"etarioRangos":[{"rango":{"min":16,"max":17},"vacunados":1496,"personasINE":949049,"porcentaje":0.0015763148162002173},{"rango":{"min":18,"max":24},"vacunados":178500,"personasINE":3310299,"porcentaje":0.05392262149129127},{"rango":{"min":25,"max":49},"vacunados":1877770,"personasINE":16706113,"porcentaje":0.11240017351732268},{"rango":{"min":50,"max":59},"vacunados":902212,"personasINE":7033306,"porcentaje":0.12827708619531128},{"rango":{"min":60,"max":69},"vacunados":2182859,"personasINE":5336986,"porcentaje":0.40900594455372374},{"rango":{"min":70,"max":79},"vacunados":2181336,"personasINE":3960045,"porcentaje":0.5508361647405522},{"rango":{"min":80,"max":null},"vacunados":2817776,"personasINE":2834024,"porcentaje":0.9942668093142472}]},"pautaCompleta":{"etarioTotal":{"vacunados":3768015,"personasINE":40129822,"porcentaje":0.0938956320314603},"etarioRangos":[{"rango":{"min":16,"max":17},"vacunados":1022,"personasINE":949049,"porcentaje":0.0010768674747036243},{"rango":{"min":18,"max":24},"vacunados":74124,"personasINE":3310299,"porcentaje":0.022391934988349994},{"rango":{"min":25,"max":49},"vacunados":784050,"personasINE":16706113,"porcentaje":0.04693192246454935},{"rango":{"min":50,"max":59},"vacunados":431607,"personasINE":7033306,"porcentaje":0.061366162655229275},{"rango":{"min":60,"max":69},"vacunados":283265,"personasINE":5336986,"porcentaje":0.05307583718600723},{"rango":{"min":70,"max":79},"vacunados":151221,"personasINE":3960045,"porcentaje":0.038186687272493115},{"rango":{"min":80,"max":null},"vacunados":2042726,"personasINE":2834024,"porcentaje":0.720786415358515}]}}}]