[{"ccaa":"Andalucía","dosisAdministradas":12678195,"dosisEntregadas":13316870,"dosisEntregadasModerna":2019500,"dosisEntregadasPfizer":9434970,"dosisEntregadasAstrazeneca":1528900,"dosisEntregadasJanssen":333500,"dosisPrimeraDosis":6786554,"dosisPautaCompletada":6591019,"porcentajeEntregadas":0.9520401565833413,"porcentajePoblacionAdministradas":1.4978236524667812,"porcentajePoblacionPrimeraDosis":0.8017751028394061,"porcentajePoblacionCompletas":0.7786742633362204,"fechaUltRegistro":1632960000000,"etarios":{"unaDosis":{"etarioTotal":{"vacunados":6786554,"personasINE":7451975,"porcentaje":0.9107054170203202},"etarioRangos":[{"rango":{"min":12,"max":19},"vacunados":649294,"personasINE":752907,"porcentaje":0.8086622618104131},{"rango":{"min":20,"max":29},"vacunados":750982,"personasINE":928672,"porcentaje":0.8972821009678625},{"rango":{"min":30,"max":39},"vacunados":917794,"personasINE":1140217,"porcentaje":0.8972821009678625},{"rango":{"min":40,"max":49},"vacunados":1242838,"personasINE":1385114,"porcentaje":0.8972821009678625},{"rango":{"min":50,"max":59},"vacunados":1210978,"personasINE":1265021,"porcentaje":0.9572789700724336},{"rango":{"min":60,"max":69},"vacunados":927026,"personasINE":927026,"porcentaje":1},{"rango":{"min":70,"max":79},"vacunados":653737,"personasINE":653737,"porcentaje":1},{"rango":{"min":80,"max":null},"vacunados":433905,"personasINE":433905,"porcentaje":1}]},"pautaCompleta":{"etarioTotal":{"vacunados":6591019,"personasINE":7451975,"porcentaje":0.884466064365487},"etarioRangos":[{"rango":{"min":12,"max":19},"vacunados":601405,"personasINE":752907,"porcentaje":0.7565749801867613},{"rango":{"min":20,"max":29},"vacunados":702610,"personasINE":928672,"porcentaje":0.8806444812484748},{"rango":{"min":30,"max":39},"vacunados":881380,"personasINE":1140217,"porcentaje":0.8806444812484748},{"rango":{"min":40,"max":49},"vacunados":1219793,"personasINE":1385114,"porcentaje":0.8806444812484748},{"rango":{"min":50,"max":59},"vacunados":1195318,"personasINE":1265021,"porcentaje":0.9448997289373062},{"rango":{"min":60,"max":69},"vacunados":915042,"personasINE":916147,"porcentaje":0.998793861683769},{"rango":{"min":70,"max":79},"vacunados":648161,"personasINE":650381,"porcentaje":0.9965866161526858},{"rango":{"min":80,"max":null},"vacunados":427310,"personasINE":427310,"porcentaje":1}]}}},{"ccaa":"Aragón","dosisAdministradas":1969567,"dosisEntregadas":2136845,"dosisEntregadasModerna":275200,"dosisEntregadasPfizer":1531845,"dosisEntregadasAstrazeneca":265100,"dosisEntregadasJanssen":64700,"dosisPrimeraDosis":1060052,"dosisPautaCompletada":1034955,"porcentajeEntregadas":0.9217172981662217,"porcentajePoblacionAdministradas":1.481555840230602,"porcentajePoblacionPrimeraDosis":0.7973967027007103,"porcentajePoblacionCompletas":0.7785181334912001,"fechaUltRegistro":1632960000000,"etarios":{"unaDosis":{"etarioTotal":{"vacunados":1060052,"personasINE":1185134,"porcentaje":0.8944575043834706},"etarioRangos":[{"rango":{"min":12,"max":19},"vacunados":86693,"personasINE":103109,"porcentaje":0.7834832554965069},{"rango":{"min":20,"max":29},"vacunados":102167,"personasINE":130401.00000000001,"porcentaje":0.8693141902737005},{"rango":{"min":30,"max":39},"vacunados":124137,"personasINE":164286,"porcentaje":0.8693141902737005},{"rango":{"min":40,"max":49},"vacunados":186853,"personasINE":214943,"porcentaje":0.8693141902737005},{"rango":{"min":50,"max":59},"vacunados":185507,"personasINE":198266,"porcentaje":0.9356470600102892},{"rango":{"min":60,"max":69},"vacunados":154291,"personasINE":156367,"porcentaje":0.9867235414121905},{"rango":{"min":70,"max":79},"vacunados":119197,"personasINE":119197,"porcentaje":1},{"rango":{"min":80,"max":null},"vacunados":101207,"personasINE":101207,"porcentaje":1}]},"pautaCompleta":{"etarioTotal":{"vacunados":1034955,"personasINE":1185134,"porcentaje":0.8732809960730179},"etarioRangos":[{"rango":{"min":12,"max":19},"vacunados":81225,"personasINE":103109,"porcentaje":0.7447949018795869},{"rango":{"min":20,"max":29},"vacunados":97122,"personasINE":130400.99999999999,"porcentaje":0.8547149709457856},{"rango":{"min":30,"max":39},"vacunados":119477,"personasINE":164286,"porcentaje":0.8547149709457856},{"rango":{"min":40,"max":49},"vacunados":183715,"personasINE":214943,"porcentaje":0.8547149709457856},{"rango":{"min":50,"max":59},"vacunados":183186,"personasINE":198266,"porcentaje":0.9239405646959136},{"rango":{"min":60,"max":69},"vacunados":152043,"personasINE":156367,"porcentaje":0.9723471064866628},{"rango":{"min":70,"max":79},"vacunados":118358,"personasINE":118955,"porcentaje":0.9949812954478584},{"rango":{"min":80,"max":null},"vacunados":99829,"personasINE":99829,"porcentaje":1}]}}},{"ccaa":"Asturias","dosisAdministradas":1656825,"dosisEntregadas":1650625,"dosisEntregadasModerna":162000,"dosisEntregadasPfizer":1224725,"dosisEntregadasAstrazeneca":220900,"dosisEntregadasJanssen":43000,"dosisPrimeraDosis":871136,"dosisPautaCompletada":858517,"porcentajeEntregadas":1.0037561529723589,"porcentajePoblacionAdministradas":1.6262770125954078,"porcentajePoblacionPrimeraDosis":0.8550742846373716,"porcentajePoblacionCompletas":0.8426879495555486,"fechaUltRegistro":1632960000000,"etarios":{"unaDosis":{"etarioTotal":{"vacunados":871136,"personasINE":933927,"porcentaje":0.9327666937565784},"etarioRangos":[{"rango":{"min":12,"max":19},"vacunados":60086,"personasINE":64000,"porcentaje":0.8348775770752487},{"rango":{"min":20,"max":29},"vacunados":66048,"personasINE":79111,"porcentaje":0.9000916206068518},{"rango":{"min":30,"max":39},"vacunados":90472,"personasINE":114451,"porcentaje":0.9000916206068518},{"rango":{"min":40,"max":49},"vacunados":150309,"personasINE":166993,"porcentaje":0.9000916206068518},{"rango":{"min":50,"max":59},"vacunados":152985,"personasINE":162645,"porcentaje":0.9406068431245965},{"rango":{"min":60,"max":69},"vacunados":148044,"personasINE":149652,"porcentaje":0.9892550717664983},{"rango":{"min":70,"max":79},"vacunados":114296,"personasINE":114296,"porcentaje":1},{"rango":{"min":80,"max":null},"vacunados":88896,"personasINE":88896,"porcentaje":1}]},"pautaCompleta":{"etarioTotal":{"vacunados":858517,"personasINE":933927,"porcentaje":0.9192549310599223},"etarioRangos":[{"rango":{"min":12,"max":19},"vacunados":57332,"personasINE":64000,"porcentaje":0.800128932765355},{"rango":{"min":20,"max":29},"vacunados":63299,"personasINE":79111,"porcentaje":0.8919116370147252},{"rango":{"min":30,"max":39},"vacunados":88112,"personasINE":114451,"porcentaje":0.8919116370147252},{"rango":{"min":40,"max":49},"vacunados":148943,"personasINE":166993,"porcentaje":0.8919116370147252},{"rango":{"min":50,"max":59},"vacunados":151938,"personasINE":162645,"porcentaje":0.934169510283132},{"rango":{"min":60,"max":69},"vacunados":146955,"personasINE":149652,"porcentaje":0.9819781893994066},{"rango":{"min":70,"max":79},"vacunados":113839,"personasINE":113839,"porcentaje":1},{"rango":{"min":80,"max":null},"vacunados":88099,"personasINE":88099,"porcentaje":1}]}}},{"ccaa":"Baleares","dosisAdministradas":1580474,"dosisEntregadas":1891250,"dosisEntregadasModerna":305100,"dosisEntregadasPfizer":1272150,"dosisEntregadasAstrazeneca":256400,"dosisEntregadasJanssen":57600,"dosisPrimeraDosis":847017,"dosisPautaCompletada":826194,"porcentajeEntregadas":0.8356769332452082,"porcentajePoblacionAdministradas":1.349053342472278,"porcentajePoblacionPrimeraDosis":0.7229926686429777,"porcentajePoblacionCompletas":0.7052186731515616,"fechaUltRegistro":1632960000000,"etarios":{"unaDosis":{"etarioTotal":{"vacunados":847017,"personasINE":1034867,"porcentaje":0.8184790895834924},"etarioRangos":[{"rango":{"min":12,"max":19},"vacunados":72882,"personasINE":95480,"porcentaje":0.6853387655681373},{"rango":{"min":20,"max":29},"vacunados":94537,"personasINE":137942,"porcentaje":0.8056040587470655},{"rango":{"min":30,"max":39},"vacunados":123508,"personasINE":182187,"porcentaje":0.8056040587470655},{"rango":{"min":40,"max":49},"vacunados":166093,"personasINE":206172,"porcentaje":0.8056040587470655},{"rango":{"min":50,"max":59},"vacunados":149439,"personasINE":165797,"porcentaje":0.9013371773916296},{"rango":{"min":60,"max":69},"vacunados":109999,"personasINE":117231,"porcentaje":0.9383098327234264},{"rango":{"min":70,"max":79},"vacunados":79123,"personasINE":80516,"porcentaje":0.9826990908639277},{"rango":{"min":80,"max":null},"vacunados":51436,"personasINE":51436,"porcentaje":1}]},"pautaCompleta":{"etarioTotal":{"vacunados":826194,"personasINE":1034867,"porcentaje":0.7983576633519089},"etarioRangos":[{"rango":{"min":12,"max":19},"vacunados":69758,"personasINE":95480,"porcentaje":0.6491568920270838},{"rango":{"min":20,"max":29},"vacunados":89546,"personasINE":137942,"porcentaje":0.7884678811865821},{"rango":{"min":30,"max":39},"vacunados":118477,"personasINE":182187,"porcentaje":0.7884678811865821},{"rango":{"min":40,"max":49},"vacunados":162560,"personasINE":206172,"porcentaje":0.7884678811865821},{"rango":{"min":50,"max":59},"vacunados":147577,"personasINE":165797,"porcentaje":0.8901065761141637},{"rango":{"min":60,"max":69},"vacunados":108849,"personasINE":117231,"porcentaje":0.9285001407477544},{"rango":{"min":70,"max":79},"vacunados":78630,"personasINE":80516,"porcentaje":0.9765760842565453},{"rango":{"min":80,"max":null},"vacunados":50797,"personasINE":50797,"porcentaje":1}]}}},{"ccaa":"Canarias","dosisAdministradas":3107798,"dosisEntregadas":3522840,"dosisEntregadasModerna":574700,"dosisEntregadasPfizer":2358690,"dosisEntregadasAstrazeneca":455800,"dosisEntregadasJanssen":133650,"dosisPrimeraDosis":1662214,"dosisPautaCompletada":1613757,"porcentajeEntregadas":0.8821853958737836,"porcentajePoblacionAdministradas":1.4282474981065758,"porcentajePoblacionPrimeraDosis":0.7639019610726707,"porcentajePoblacionCompletas":0.741632627925616,"fechaUltRegistro":1632960000000,"etarios":{"unaDosis":{"etarioTotal":{"vacunados":1662214,"personasINE":1960774,"porcentaje":0.8477335990787311},"etarioRangos":[{"rango":{"min":12,"max":19},"vacunados":146149,"personasINE":179797,"porcentaje":0.7326652048874271},{"rango":{"min":20,"max":29},"vacunados":184447,"personasINE":251748,"porcentaje":0.8158917726152546},{"rango":{"min":30,"max":39},"vacunados":227093,"personasINE":310934,"porcentaje":0.8158917726152546},{"rango":{"min":40,"max":49},"vacunados":316504,"personasINE":387924,"porcentaje":0.8158917726152546},{"rango":{"min":50,"max":59},"vacunados":319869,"personasINE":350512,"porcentaje":0.9125764595791299},{"rango":{"min":60,"max":69},"vacunados":224009,"personasINE":235092,"porcentaje":0.9528567539516445},{"rango":{"min":70,"max":79},"vacunados":151209,"personasINE":154531,"porcentaje":0.9785026952520853},{"rango":{"min":80,"max":null},"vacunados":92934,"personasINE":92934,"porcentaje":1}]},"pautaCompleta":{"etarioTotal":{"vacunados":1613757,"personasINE":1960774,"porcentaje":0.8230203990872992},"etarioRangos":[{"rango":{"min":12,"max":19},"vacunados":134363,"personasINE":179797,"porcentaje":0.6855188521855189},{"rango":{"min":20,"max":29},"vacunados":172578,"personasINE":251748,"porcentaje":0.8020333879832132},{"rango":{"min":30,"max":39},"vacunados":217729,"personasINE":310934,"porcentaje":0.8020333879832132},{"rango":{"min":40,"max":49},"vacunados":311128,"personasINE":387924,"porcentaje":0.8020333879832132},{"rango":{"min":50,"max":59},"vacunados":316792,"personasINE":350512,"porcentaje":0.9037978728260373},{"rango":{"min":60,"max":69},"vacunados":219525,"personasINE":235092,"porcentaje":0.9337833699147567},{"rango":{"min":70,"max":79},"vacunados":149943,"personasINE":154531,"porcentaje":0.9703101643036025},{"rango":{"min":80,"max":null},"vacunados":91699,"personasINE":91699,"porcentaje":1}]}}},{"ccaa":"Cantabria","dosisAdministradas":904308,"dosisEntregadas":992355,"dosisEntregadasModerna":114900,"dosisEntregadasPfizer":727305,"dosisEntregadasAstrazeneca":125200,"dosisEntregadasJanssen":24950,"dosisPrimeraDosis":479156,"dosisPautaCompletada":468638,"porcentajeEntregadas":0.9112746950436084,"porcentajePoblacionAdministradas":1.5513814429452484,"porcentajePoblacionPrimeraDosis":0.8220138787624055,"porcentajePoblacionCompletas":0.8039697720897917,"fechaUltRegistro":1632960000000,"etarios":{"unaDosis":{"etarioTotal":{"vacunados":479156,"personasINE":524127,"porcentaje":0.9141982763719481},"etarioRangos":[{"rango":{"min":12,"max":19},"vacunados":38206,"personasINE":43963,"porcentaje":0.798990198990199},{"rango":{"min":20,"max":29},"vacunados":40353,"personasINE":50505,"porcentaje":0.8969100635170657},{"rango":{"min":30,"max":39},"vacunados":54093,"personasINE":70473,"porcentaje":0.8969100635170657},{"rango":{"min":40,"max":49},"vacunados":87690,"personasINE":97769,"porcentaje":0.8969100635170657},{"rango":{"min":50,"max":59},"vacunados":84087,"personasINE":89964,"porcentaje":0.9346738695478192},{"rango":{"min":60,"max":69},"vacunados":76562,"personasINE":77345,"porcentaje":0.9898765272480444},{"rango":{"min":70,"max":79},"vacunados":55881,"personasINE":55881,"porcentaje":1},{"rango":{"min":80,"max":null},"vacunados":42284,"personasINE":42284,"porcentaje":1}]},"pautaCompleta":{"etarioTotal":{"vacunados":468638,"personasINE":524127,"porcentaje":0.8941306210136093},"etarioRangos":[{"rango":{"min":12,"max":19},"vacunados":34679,"personasINE":43963,"porcentaje":0.7555093555093555},{"rango":{"min":20,"max":29},"vacunados":38157,"personasINE":50505,"porcentaje":0.8839100328324929},{"rango":{"min":30,"max":39},"vacunados":52438,"personasINE":70473,"porcentaje":0.8839100328324929},{"rango":{"min":40,"max":49},"vacunados":86419,"personasINE":97769,"porcentaje":0.8839100328324929},{"rango":{"min":50,"max":59},"vacunados":83438,"personasINE":89964,"porcentaje":0.9274598728380241},{"rango":{"min":60,"max":69},"vacunados":76046,"personasINE":77345,"porcentaje":0.9832051199172539},{"rango":{"min":70,"max":79},"vacunados":55655,"personasINE":55655,"porcentaje":1},{"rango":{"min":80,"max":null},"vacunados":41806,"personasINE":41806,"porcentaje":1}]}}},{"ccaa":"Castilla y Leon","dosisAdministradas":3713229,"dosisEntregadas":3912325,"dosisEntregadasModerna":412400,"dosisEntregadasPfizer":2916525,"dosisEntregadasAstrazeneca":481200,"dosisEntregadasJanssen":102200,"dosisPrimeraDosis":1991218,"dosisPautaCompletada":1944676,"porcentajeEntregadas":0.9491105672458193,"porcentajePoblacionAdministradas":1.5504618529736718,"porcentajePoblacionPrimeraDosis":0.8314347297068209,"porcentajePoblacionCompletas":0.8120010789513461,"fechaUltRegistro":1632960000000,"etarios":{"unaDosis":{"etarioTotal":{"vacunados":1991218,"personasINE":2176253,"porcentaje":0.9149754187587564},"etarioRangos":[{"rango":{"min":12,"max":19},"vacunados":140288,"personasINE":165342,"porcentaje":0.8049771096556496},{"rango":{"min":20,"max":29},"vacunados":169855,"personasINE":211006,"porcentaje":0.8788538555758936},{"rango":{"min":30,"max":39},"vacunados":210059,"personasINE":267783,"porcentaje":0.8788538555758936},{"rango":{"min":40,"max":49},"vacunados":319292,"personasINE":363305,"porcentaje":0.8788538555758936},{"rango":{"min":50,"max":59},"vacunados":352064,"personasINE":381175,"porcentaje":0.9236282547386371},{"rango":{"min":60,"max":69},"vacunados":320035,"personasINE":320035,"porcentaje":1},{"rango":{"min":70,"max":79},"vacunados":250372,"personasINE":250372,"porcentaje":1},{"rango":{"min":80,"max":null},"vacunados":229253,"personasINE":229253,"porcentaje":1}]},"pautaCompleta":{"etarioTotal":{"vacunados":1944676,"personasINE":2176253,"porcentaje":0.893589118544581},"etarioRangos":[{"rango":{"min":12,"max":19},"vacunados":127093,"personasINE":165342,"porcentaje":0.762712908637669},{"rango":{"min":20,"max":29},"vacunados":160937,"personasINE":211006,"porcentaje":0.8635829399540331},{"rango":{"min":30,"max":39},"vacunados":202902,"personasINE":267783,"porcentaje":0.8635829399540331},{"rango":{"min":40,"max":49},"vacunados":313744,"personasINE":363305,"porcentaje":0.8635829399540331},{"rango":{"min":50,"max":59},"vacunados":347605,"personasINE":381175,"porcentaje":0.9119302157801534},{"rango":{"min":60,"max":69},"vacunados":316854,"personasINE":318575,"porcentaje":0.9945978184101075},{"rango":{"min":70,"max":79},"vacunados":248848,"personasINE":248848,"porcentaje":1},{"rango":{"min":80,"max":null},"vacunados":226693,"personasINE":226693,"porcentaje":1}]}}},{"ccaa":"Castilla La Mancha","dosisAdministradas":2980156,"dosisEntregadas":3288380,"dosisEntregadasModerna":446800,"dosisEntregadasPfizer":2330505,"dosisEntregadasAstrazeneca":411700,"dosisEntregadasJanssen":99375,"dosisPrimeraDosis":1607279,"dosisPautaCompletada":1538591,"porcentajeEntregadas":0.9062687402307519,"porcentajePoblacionAdministradas":1.4571315275953063,"porcentajePoblacionPrimeraDosis":0.7858705734001362,"porcentajePoblacionCompletas":0.752285938781188,"fechaUltRegistro":1632960000000},{"ccaa":"Cataluña","dosisAdministradas":10927084,"dosisEntregadas":11863410,"dosisEntregadasModerna":1604900,"dosisEntregadasPfizer":8368460,"dosisEntregadasAstrazeneca":1514300,"dosisEntregadasJanssen":375750,"dosisPrimeraDosis":5896560,"dosisPautaCompletada":5715133,"porcentajeEntregadas":0.9210744634131334,"porcentajePoblacionAdministradas":1.4044230438768617,"porcentajePoblacionPrimeraDosis":0.7578659360175639,"porcentajePoblacionCompletas":0.7345477058674665,"fechaUltRegistro":1632960000000,"etarios":{"unaDosis":{"etarioTotal":{"vacunados":5896560,"personasINE":6868360,"porcentaje":0.8585106197112556},"etarioRangos":[{"rango":{"min":12,"max":19},"vacunados":509558,"personasINE":656166,"porcentaje":0.7297847866640443},{"rango":{"min":20,"max":29},"vacunados":612242,"personasINE":838935,"porcentaje":0.8499439910993313},{"rango":{"min":30,"max":39},"vacunados":760766,"personasINE":1044652,"porcentaje":0.8499439910993313},{"rango":{"min":40,"max":49},"vacunados":1119168,"personasINE":1316755,"porcentaje":0.8499439910993313},{"rango":{"min":50,"max":59},"vacunados":1021044,"personasINE":1091780,"porcentaje":0.9352103903716866},{"rango":{"min":60,"max":69},"vacunados":797529,"personasINE":837584,"porcentaje":0.9521779308105217},{"rango":{"min":70,"max":79},"vacunados":617764,"personasINE":635292,"porcentaje":0.9724095376614218},{"rango":{"min":80,"max":null},"vacunados":458489,"personasINE":458489,"porcentaje":1}]},"pautaCompleta":{"etarioTotal":{"vacunados":5715133,"personasINE":6868360,"porcentaje":0.8320957259083682},"etarioRangos":[{"rango":{"min":12,"max":19},"vacunados":467668,"personasINE":656166,"porcentaje":0.6814568470739688},{"rango":{"min":20,"max":29},"vacunados":571698,"personasINE":838935,"porcentaje":0.8325254128520492},{"rango":{"min":30,"max":39},"vacunados":721704,"personasINE":1044652,"porcentaje":0.8325254128520492},{"rango":{"min":40,"max":49},"vacunados":1096232,"personasINE":1316755,"porcentaje":0.8325254128520492},{"rango":{"min":50,"max":59},"vacunados":1007975,"personasINE":1091780,"porcentaje":0.9232400300426826},{"rango":{"min":60,"max":69},"vacunados":784083,"personasINE":837584,"porcentaje":0.9361246155609467},{"rango":{"min":70,"max":79},"vacunados":613334,"personasINE":635292,"porcentaje":0.965436366269369},{"rango":{"min":80,"max":null},"vacunados":452439,"personasINE":452439,"porcentaje":1}]}}},{"ccaa":"C. Valenciana","dosisAdministradas":7564456,"dosisEntregadas":8088540,"dosisEntregadasModerna":1213650,"dosisEntregadasPfizer":5797540,"dosisEntregadasAstrazeneca":863900,"dosisEntregadasJanssen":213450,"dosisPrimeraDosis":4052657,"dosisPautaCompletada":3965310,"porcentajeEntregadas":0.9352066009440517,"porcentajePoblacionAdministradas":1.4957342309306865,"porcentajePoblacionPrimeraDosis":0.8013395545060825,"porcentajePoblacionCompletas":0.7840682665418056,"fechaUltRegistro":1632960000000,"etarios":{"unaDosis":{"etarioTotal":{"vacunados":4052657,"personasINE":4488459,"porcentaje":0.9029060976161306},"etarioRangos":[{"rango":{"min":12,"max":19},"vacunados":362362,"personasINE":424531,"porcentaje":0.8128422129480011},{"rango":{"min":20,"max":29},"vacunados":419529,"personasINE":516126,"porcentaje":0.8815577485826479},{"rango":{"min":30,"max":39},"vacunados":505497,"personasINE":648759,"porcentaje":0.8815577485826479},{"rango":{"min":40,"max":49},"vacunados":750724,"personasINE":851588,"porcentaje":0.8815577485826479},{"rango":{"min":50,"max":59},"vacunados":713890,"personasINE":752334,"porcentaje":0.9489003554272437},{"rango":{"min":60,"max":69},"vacunados":569342,"personasINE":580728,"porcentaje":0.9803935749610834},{"rango":{"min":70,"max":79},"vacunados":434176,"personasINE":437862,"porcentaje":0.991581822583371},{"rango":{"min":80,"max":null},"vacunados":297137,"personasINE":297137,"porcentaje":1}]},"pautaCompleta":{"etarioTotal":{"vacunados":3965310,"personasINE":4488459,"porcentaje":0.8834457438510633},"etarioRangos":[{"rango":{"min":12,"max":19},"vacunados":342047,"personasINE":424531,"porcentaje":0.7749444902988805},{"rango":{"min":20,"max":29},"vacunados":399969,"personasINE":516126.00000000006,"porcentaje":0.8695824741541684},{"rango":{"min":30,"max":39},"vacunados":488884,"personasINE":648759,"porcentaje":0.8695824741541684},{"rango":{"min":40,"max":49},"vacunados":740526,"personasINE":851588,"porcentaje":0.8695824741541684},{"rango":{"min":50,"max":59},"vacunados":707528,"personasINE":752334,"porcentaje":0.9404440049233452},{"rango":{"min":60,"max":69},"vacunados":562251,"personasINE":580728,"porcentaje":0.968183039219738},{"rango":{"min":70,"max":79},"vacunados":431223,"personasINE":437862,"porcentaje":0.984837688586815},{"rango":{"min":80,"max":null},"vacunados":292882,"personasINE":292882,"porcentaje":1}]}}},{"ccaa":"Extremadura","dosisAdministradas":1680828,"dosisEntregadas":1682775,"dosisEntregadasModerna":218200,"dosisEntregadasPfizer":1226825,"dosisEntregadasAstrazeneca":186000,"dosisEntregadasJanssen":51750,"dosisPrimeraDosis":893176,"dosisPautaCompletada":875788,"porcentajeEntregadas":0.9988429825734279,"porcentajePoblacionAdministradas":1.5797448653038053,"porcentajePoblacionPrimeraDosis":0.8394613843966139,"porcentajePoblacionCompletas":0.823119079462437,"fechaUltRegistro":1632960000000,"etarios":{"unaDosis":{"etarioTotal":{"vacunados":893176,"personasINE":953437,"porcentaje":0.9367960337180118},"etarioRangos":[{"rango":{"min":12,"max":19},"vacunados":74661,"personasINE":84750,"porcentaje":0.8108189198729262},{"rango":{"min":20,"max":29},"vacunados":91882,"personasINE":113320,"porcentaje":0.9153008890616575},{"rango":{"min":30,"max":39},"vacunados":112468,"personasINE":133479,"porcentaje":0.9153008890616575},{"rango":{"min":40,"max":49},"vacunados":145985,"personasINE":159494,"porcentaje":0.9153008890616575},{"rango":{"min":50,"max":59},"vacunados":161307,"personasINE":169216,"porcentaje":0.9532609209531013},{"rango":{"min":60,"max":69},"vacunados":132747,"personasINE":132747,"porcentaje":1},{"rango":{"min":70,"max":79},"vacunados":95886,"personasINE":95886,"porcentaje":1},{"rango":{"min":80,"max":null},"vacunados":78240,"personasINE":78240,"porcentaje":1}]},"pautaCompleta":{"etarioTotal":{"vacunados":875788,"personasINE":953437,"porcentaje":0.9185588560125105},"etarioRangos":[{"rango":{"min":12,"max":19},"vacunados":70766,"personasINE":84750,"porcentaje":0.7747264384045182},{"rango":{"min":20,"max":29},"vacunados":87792,"personasINE":113320,"porcentaje":0.9023286142425421},{"rango":{"min":30,"max":39},"vacunados":109281,"personasINE":133479,"porcentaje":0.9023286142425421},{"rango":{"min":40,"max":49},"vacunados":143916,"personasINE":159494,"porcentaje":0.9023286142425421},{"rango":{"min":50,"max":59},"vacunados":160004,"personasINE":169216,"porcentaje":0.9455607034795764},{"rango":{"min":60,"max":69},"vacunados":131337,"personasINE":125297,"porcentaje":1.0482054638179685},{"rango":{"min":70,"max":79},"vacunados":95362,"personasINE":95362,"porcentaje":1},{"rango":{"min":80,"max":null},"vacunados":77330,"personasINE":77330,"porcentaje":1}]}}},{"ccaa":"Galicia","dosisAdministradas":4348304,"dosisEntregadas":4358529,"dosisEntregadasModerna":507400,"dosisEntregadasPfizer":3155029,"dosisEntregadasAstrazeneca":573400,"dosisEntregadasJanssen":122700,"dosisPrimeraDosis":2300871,"dosisPautaCompletada":2256102,"porcentajeEntregadas":0.9976540250162382,"porcentajePoblacionAdministradas":1.6093987050946048,"porcentajePoblacionPrimeraDosis":0.8516007178867274,"porcentajePoblacionCompletas":0.8350307700108704,"fechaUltRegistro":1632960000000,"etarios":{"unaDosis":{"etarioTotal":{"vacunados":2300871,"personasINE":2454497,"porcentaje":0.9374103940644458},"etarioRangos":[{"rango":{"min":12,"max":19},"vacunados":166248,"personasINE":180007,"porcentaje":0.8523947857183058},{"rango":{"min":20,"max":29},"vacunados":196887,"personasINE":230981,"porcentaje":0.9178874647185039},{"rango":{"min":30,"max":39},"vacunados":261940,"personasINE":323408,"porcentaje":0.9178874647185039},{"rango":{"min":40,"max":49},"vacunados":406827,"personasINE":443221,"porcentaje":0.9178874647185039},{"rango":{"min":50,"max":59},"vacunados":390209,"personasINE":405889,"porcentaje":0.9613687485987549},{"rango":{"min":60,"max":69},"vacunados":345452,"personasINE":346927,"porcentaje":0.9957483851069533},{"rango":{"min":70,"max":79},"vacunados":291153,"personasINE":291153,"porcentaje":1},{"rango":{"min":80,"max":null},"vacunados":242155,"personasINE":242155,"porcentaje":1}]},"pautaCompleta":{"etarioTotal":{"vacunados":2256102,"personasINE":2454497,"porcentaje":0.9191708117793584},"etarioRangos":[{"rango":{"min":12,"max":19},"vacunados":157863,"personasINE":180007,"porcentaje":0.8055251297725787},{"rango":{"min":20,"max":29},"vacunados":186061,"personasINE":230981,"porcentaje":0.9038944454346702},{"rango":{"min":30,"max":39},"vacunados":252243,"personasINE":323408,"porcentaje":0.9038944454346702},{"rango":{"min":40,"max":49},"vacunados":400625,"personasINE":443221,"porcentaje":0.9038944454346702},{"rango":{"min":50,"max":59},"vacunados":386715,"personasINE":405889,"porcentaje":0.9527604837775845},{"rango":{"min":60,"max":69},"vacunados":342595,"personasINE":346927,"porcentaje":0.9875132232429301},{"rango":{"min":70,"max":79},"vacunados":289600,"personasINE":289762,"porcentaje":0.999440920479566},{"rango":{"min":80,"max":null},"vacunados":240400,"personasINE":240400,"porcentaje":1}]}}},{"ccaa":"La Rioja","dosisAdministradas":473152,"dosisEntregadas":510565,"dosisEntregadasModerna":67600,"dosisEntregadasPfizer":374465,"dosisEntregadasAstrazeneca":53300,"dosisEntregadasJanssen":15200,"dosisPrimeraDosis":257139,"dosisPautaCompletada":251097,"porcentajeEntregadas":0.9267223566049376,"porcentajePoblacionAdministradas":1.478997480572904,"porcentajePoblacionPrimeraDosis":0.8037753896359646,"porcentajePoblacionCompletas":0.7848890639359328,"fechaUltRegistro":1632960000000,"etarios":{"unaDosis":{"etarioTotal":{"vacunados":257139,"personasINE":283970,"porcentaje":0.9055146670422932},"etarioRangos":[{"rango":{"min":12,"max":19},"vacunados":20886,"personasINE":25532,"porcentaje":0.7609166721386827},{"rango":{"min":20,"max":29},"vacunados":23176,"personasINE":30458,"porcentaje":0.8934594972330822},{"rango":{"min":30,"max":39},"vacunados":30558,"personasINE":39319,"porcentaje":0.8934594972330822},{"rango":{"min":40,"max":49},"vacunados":47306,"personasINE":52947,"porcentaje":0.8934594972330822},{"rango":{"min":50,"max":59},"vacunados":45251,"personasINE":47664,"porcentaje":0.949374790198053},{"rango":{"min":60,"max":69},"vacunados":37962,"personasINE":37962,"porcentaje":1},{"rango":{"min":70,"max":79},"vacunados":28645,"personasINE":28645,"porcentaje":1},{"rango":{"min":80,"max":null},"vacunados":23355,"personasINE":23355,"porcentaje":1}]},"pautaCompleta":{"etarioTotal":{"vacunados":251097,"personasINE":283970,"porcentaje":0.8842377715955911},"etarioRangos":[{"rango":{"min":12,"max":19},"vacunados":19494,"personasINE":25532,"porcentaje":0.7208615142162978},{"rango":{"min":20,"max":29},"vacunados":21956,"personasINE":30458,"porcentaje":0.8774623680284057},{"rango":{"min":30,"max":39},"vacunados":29526,"personasINE":39319,"porcentaje":0.8774623680284057},{"rango":{"min":40,"max":49},"vacunados":46459,"personasINE":52947,"porcentaje":0.8774623680284057},{"rango":{"min":50,"max":59},"vacunados":44618,"personasINE":47664,"porcentaje":0.9360943269553541},{"rango":{"min":60,"max":69},"vacunados":37362,"personasINE":37718,"porcentaje":0.9905615356063417},{"rango":{"min":70,"max":79},"vacunados":28535,"personasINE":28535,"porcentaje":1},{"rango":{"min":80,"max":null},"vacunados":23147,"personasINE":23147,"porcentaje":1}]}}},{"ccaa":"Madrid","dosisAdministradas":9689324,"dosisEntregadas":10825829,"dosisEntregadasModerna":1645800,"dosisEntregadasPfizer":7637679,"dosisEntregadasAstrazeneca":1220900,"dosisEntregadasJanssen":321450,"dosisPrimeraDosis":5283605,"dosisPautaCompletada":5116749,"porcentajeEntregadas":0.8950191250942537,"porcentajePoblacionAdministradas":1.4291274428132146,"porcentajePoblacionPrimeraDosis":0.7793056463469603,"porcentajePoblacionCompletas":0.754695210304359,"fechaUltRegistro":1632960000000,"etarios":{"unaDosis":{"etarioTotal":{"vacunados":5283605,"personasINE":5977937,"porcentaje":0.8838509004025971},"etarioRangos":[{"rango":{"min":12,"max":19},"vacunados":439567,"personasINE":553542,"porcentaje":0.7831630694636184},{"rango":{"min":20,"max":29},"vacunados":581479,"personasINE":742475,"porcentaje":0.8771418843178775},{"rango":{"min":30,"max":39},"vacunados":732487,"personasINE":949639.9999999999,"porcentaje":0.8771418843178775},{"rango":{"min":40,"max":49},"vacunados":1022722,"personasINE":1165971,"porcentaje":0.8771418843178775},{"rango":{"min":50,"max":59},"vacunados":936479,"personasINE":972783,"porcentaje":0.962680268878054},{"rango":{"min":60,"max":69},"vacunados":686922,"personasINE":703323,"porcentaje":0.9766807000481997},{"rango":{"min":70,"max":79},"vacunados":510397,"personasINE":526081,"porcentaje":0.9701871004655177},{"rango":{"min":80,"max":null},"vacunados":373552,"personasINE":373552,"porcentaje":1}]},"pautaCompleta":{"etarioTotal":{"vacunados":5116749,"personasINE":5977937,"porcentaje":0.8559389301024751},"etarioRangos":[{"rango":{"min":12,"max":19},"vacunados":401759,"personasINE":553542,"porcentaje":0.729570692615913},{"rango":{"min":20,"max":29},"vacunados":541688,"personasINE":742475,"porcentaje":0.855769140055799},{"rango":{"min":30,"max":39},"vacunados":696472,"personasINE":949640,"porcentaje":0.855769140055799},{"rango":{"min":40,"max":49},"vacunados":997802,"personasINE":1165971,"porcentaje":0.855769140055799},{"rango":{"min":50,"max":59},"vacunados":927039,"personasINE":972783,"porcentaje":0.952976151926997},{"rango":{"min":60,"max":69},"vacunados":673539,"personasINE":703323,"porcentaje":0.9576524584010476},{"rango":{"min":70,"max":79},"vacunados":507981,"personasINE":526081,"porcentaje":0.9655946517741565},{"rango":{"min":80,"max":null},"vacunados":370469,"personasINE":370469,"porcentaje":1}]}}},{"ccaa":"Murcia","dosisAdministradas":2196908,"dosisEntregadas":2407265,"dosisEntregadasModerna":398000,"dosisEntregadasPfizer":1687865,"dosisEntregadasAstrazeneca":253100,"dosisEntregadasJanssen":68300,"dosisPrimeraDosis":1179907,"dosisPautaCompletada":1140864,"porcentajeEntregadas":0.9126157693482022,"porcentajePoblacionAdministradas":1.4537016021825626,"porcentajePoblacionPrimeraDosis":0.7807485321763228,"porcentajePoblacionCompletas":0.7549136443913023,"fechaUltRegistro":1632960000000,"etarios":{"unaDosis":{"etarioTotal":{"vacunados":1179907,"personasINE":1310137,"porcentaje":0.9005981817168739},"etarioRangos":[{"rango":{"min":12,"max":19},"vacunados":116382,"personasINE":141894,"porcentaje":0.7984301704519066},{"rango":{"min":20,"max":29},"vacunados":137528,"personasINE":172248,"porcentaje":0.905141310292457},{"rango":{"min":30,"max":39},"vacunados":164239,"personasINE":209003,"porcentaje":0.905141310292457},{"rango":{"min":40,"max":49},"vacunados":230048,"personasINE":254157,"porcentaje":0.905141310292457},{"rango":{"min":50,"max":59},"vacunados":206721,"personasINE":213256,"porcentaje":0.969356079078666},{"rango":{"min":60,"max":69},"vacunados":147897,"personasINE":147897,"porcentaje":1},{"rango":{"min":70,"max":79},"vacunados":103176,"personasINE":103176,"porcentaje":1},{"rango":{"min":80,"max":null},"vacunados":73916,"personasINE":73916,"porcentaje":1}]},"pautaCompleta":{"etarioTotal":{"vacunados":1140864,"personasINE":1310137,"porcentaje":0.8707974814847608},"etarioRangos":[{"rango":{"min":12,"max":19},"vacunados":109366,"personasINE":141894,"porcentaje":0.7456051739352562},{"rango":{"min":20,"max":29},"vacunados":128429,"personasINE":172248,"porcentaje":0.8819705929799297},{"rango":{"min":30,"max":39},"vacunados":156562,"personasINE":209003,"porcentaje":0.8819705929799297},{"rango":{"min":40,"max":49},"vacunados":224159,"personasINE":254157,"porcentaje":0.8819705929799297},{"rango":{"min":50,"max":59},"vacunados":203687,"personasINE":213256,"porcentaje":0.9551290467794575},{"rango":{"min":60,"max":69},"vacunados":144782,"personasINE":146909,"porcentaje":0.9855216494564663},{"rango":{"min":70,"max":79},"vacunados":101065,"personasINE":102899,"porcentaje":0.9821766975383629},{"rango":{"min":80,"max":null},"vacunados":72814,"personasINE":72814,"porcentaje":1}]}}},{"ccaa":"Navarra","dosisAdministradas":967020,"dosisEntregadas":1046175,"dosisEntregadasModerna":151500,"dosisEntregadasPfizer":734325,"dosisEntregadasAstrazeneca":136600,"dosisEntregadasJanssen":23750,"dosisPrimeraDosis":522725,"dosisPautaCompletada":510908,"porcentajeEntregadas":0.9243386622696967,"porcentajePoblacionAdministradas":1.4625293218208795,"porcentajePoblacionPrimeraDosis":0.7905737624338889,"porcentajePoblacionCompletas":0.7727016305276643,"fechaUltRegistro":1632960000000,"etarios":{"unaDosis":{"etarioTotal":{"vacunados":522725,"personasINE":581354,"porcentaje":0.8991509476153944},"etarioRangos":[{"rango":{"min":12,"max":19},"vacunados":47103,"personasINE":56388,"porcentaje":0.8165338265298634},{"rango":{"min":20,"max":29},"vacunados":55628,"personasINE":68127,"porcentaje":0.87847447269495},{"rango":{"min":30,"max":39},"vacunados":63274,"personasINE":81341,"porcentaje":0.87847447269495},{"rango":{"min":40,"max":49},"vacunados":94877,"personasINE":108002,"porcentaje":0.87847447269495},{"rango":{"min":50,"max":59},"vacunados":91376,"personasINE":96694,"porcentaje":0.945001758123565},{"rango":{"min":60,"max":69},"vacunados":72111,"personasINE":73844,"porcentaje":0.9765316071718758},{"rango":{"min":70,"max":79},"vacunados":55867,"personasINE":55867,"porcentaje":1},{"rango":{"min":80,"max":null},"vacunados":42489,"personasINE":42489,"porcentaje":1}]},"pautaCompleta":{"etarioTotal":{"vacunados":510908,"personasINE":581354,"porcentaje":0.8788242619815121},"etarioRangos":[{"rango":{"min":12,"max":19},"vacunados":44439,"personasINE":56388,"porcentaje":0.7716617493798347},{"rango":{"min":20,"max":29},"vacunados":52571,"personasINE":68127,"porcentaje":0.8640025184718801},{"rango":{"min":30,"max":39},"vacunados":61025,"personasINE":81341,"porcentaje":0.8640025184718801},{"rango":{"min":40,"max":49},"vacunados":93314,"personasINE":108002,"porcentaje":0.8640025184718801},{"rango":{"min":50,"max":59},"vacunados":90391,"personasINE":96694,"porcentaje":0.9348149833495356},{"rango":{"min":60,"max":69},"vacunados":71375,"personasINE":73844,"porcentaje":0.9665646498022858},{"rango":{"min":70,"max":79},"vacunados":55700,"personasINE":55792,"porcentaje":0.9983510180671064},{"rango":{"min":80,"max":null},"vacunados":42093,"personasINE":42093,"porcentaje":1}]}}},{"ccaa":"País Vasco","dosisAdministradas":3325790,"dosisEntregadas":3668820,"dosisEntregadasModerna":526100,"dosisEntregadasPfizer":2597220,"dosisEntregadasAstrazeneca":444200,"dosisEntregadasJanssen":101300,"dosisPrimeraDosis":1796304,"dosisPautaCompletada":1756820,"porcentajeEntregadas":0.9065012728888308,"porcentajePoblacionAdministradas":1.497763570792937,"porcentajePoblacionPrimeraDosis":0.8089622896423515,"porcentajePoblacionCompletas":0.7911807409489017,"fechaUltRegistro":1632960000000,"etarios":{"unaDosis":{"etarioTotal":{"vacunados":1796304,"personasINE":1983943,"porcentaje":0.9054211738946129},"etarioRangos":[{"rango":{"min":12,"max":19},"vacunados":140757,"personasINE":168606,"porcentaje":0.7839074300118094},{"rango":{"min":20,"max":29},"vacunados":157984,"personasINE":201534,"porcentaje":0.8804858988272265},{"rango":{"min":30,"max":39},"vacunados":199760,"personasINE":260543,"porcentaje":0.8804858988272265},{"rango":{"min":40,"max":49},"vacunados":318853,"personasINE":362133,"porcentaje":0.8804858988272265},{"rango":{"min":50,"max":59},"vacunados":322966,"personasINE":339977,"porcentaje":0.9499642622883313},{"rango":{"min":60,"max":69},"vacunados":278233,"personasINE":280119,"porcentaje":0.9932671471767356},{"rango":{"min":70,"max":79},"vacunados":213644,"personasINE":213644,"porcentaje":1},{"rango":{"min":80,"max":null},"vacunados":164107,"personasINE":164107,"porcentaje":1}]},"pautaCompleta":{"etarioTotal":{"vacunados":1756820,"personasINE":1983943,"porcentaje":0.8855193924422223},"etarioRangos":[{"rango":{"min":12,"max":19},"vacunados":134471,"personasINE":168606,"porcentaje":0.7453332936377981},{"rango":{"min":20,"max":29},"vacunados":150210,"personasINE":201534,"porcentaje":0.8666318728202069},{"rango":{"min":30,"max":39},"vacunados":192575,"personasINE":260543,"porcentaje":0.8666318728202069},{"rango":{"min":40,"max":49},"vacunados":313836,"personasINE":362133,"porcentaje":0.8666318728202069},{"rango":{"min":50,"max":59},"vacunados":319404,"personasINE":339977,"porcentaje":0.9394870829497289},{"rango":{"min":60,"max":69},"vacunados":272615,"personasINE":280119,"porcentaje":0.9732113851613065},{"rango":{"min":70,"max":79},"vacunados":212001,"personasINE":213081,"porcentaje":0.994931504920664},{"rango":{"min":80,"max":null},"vacunados":161708,"personasINE":157950,"porcentaje":1.023792339347895}]}}},{"ccaa":"Ceuta","dosisAdministradas":111140,"dosisEntregadas":140230,"dosisEntregadasModerna":22400,"dosisEntregadasPfizer":95580,"dosisEntregadasAstrazeneca":18100,"dosisEntregadasJanssen":4150,"dosisPrimeraDosis":61190,"dosisPautaCompletada":57701,"porcentajeEntregadas":0.7925550880696,"porcentajePoblacionAdministradas":1.3199211420156292,"porcentajePoblacionPrimeraDosis":0.7267048288639225,"porcentajePoblacionCompletas":0.6852687584617942,"fechaUltRegistro":1632960000000,"etarios":{"unaDosis":{"etarioTotal":{"vacunados":61190,"personasINE":70965,"porcentaje":0.8622560417107025},"etarioRangos":[{"rango":{"min":12,"max":19},"vacunados":7915,"personasINE":9126,"porcentaje":0.805780979301541},{"rango":{"min":20,"max":29},"vacunados":8837,"personasINE":10967,"porcentaje":0.8708274007277329},{"rango":{"min":30,"max":39},"vacunados":9016,"personasINE":11894,"porcentaje":0.8708274007277329},{"rango":{"min":40,"max":49},"vacunados":11009,"personasINE":12642,"porcentaje":0.8708274007277329},{"rango":{"min":50,"max":59},"vacunados":10513,"personasINE":11556,"porcentaje":0.9097438560055382},{"rango":{"min":60,"max":69},"vacunados":7619,"personasINE":7857,"porcentaje":0.9697085401552755},{"rango":{"min":70,"max":79},"vacunados":3885,"personasINE":4318,"porcentaje":0.8997220935618342},{"rango":{"min":80,"max":null},"vacunados":2396,"personasINE":2605,"porcentaje":0.9197696737044145}]},"pautaCompleta":{"etarioTotal":{"vacunados":57701,"personasINE":70965,"porcentaje":0.8130909603325583},"etarioRangos":[{"rango":{"min":12,"max":19},"vacunados":6619,"personasINE":9126,"porcentaje":0.724810796024437},{"rango":{"min":20,"max":29},"vacunados":7949,"personasINE":10967,"porcentaje":0.8440120234140168},{"rango":{"min":30,"max":39},"vacunados":8489,"personasINE":11894,"porcentaje":0.8440120234140168},{"rango":{"min":40,"max":49},"vacunados":10670,"personasINE":12642,"porcentaje":0.8440120234140168},{"rango":{"min":50,"max":59},"vacunados":10295,"personasINE":11556,"porcentaje":0.8908791969539633},{"rango":{"min":60,"max":69},"vacunados":7454,"personasINE":7857,"porcentaje":0.9487081583301514},{"rango":{"min":70,"max":79},"vacunados":3851,"personasINE":4318,"porcentaje":0.8918480778138027},{"rango":{"min":80,"max":null},"vacunados":2374,"personasINE":2605,"porcentaje":0.9113243761996161}]}}},{"ccaa":"Melilla","dosisAdministradas":100359,"dosisEntregadas":141100,"dosisEntregadasModerna":23500,"dosisEntregadasPfizer":96750,"dosisEntregadasAstrazeneca":15100,"dosisEntregadasJanssen":5750,"dosisPrimeraDosis":56477,"dosisPautaCompletada":53590,"porcentajeEntregadas":0.7112615166548547,"porcentajePoblacionAdministradas":1.1525449033028619,"porcentajePoblacionPrimeraDosis":0.648594331388672,"porcentajePoblacionCompletas":0.6154393862832468,"fechaUltRegistro":1632960000000,"etarios":{"unaDosis":{"etarioTotal":{"vacunados":56477,"personasINE":70927,"porcentaje":0.7962694037531547},"etarioRangos":[{"rango":{"min":12,"max":19},"vacunados":7502,"personasINE":9574,"porcentaje":0.7020425177157149},{"rango":{"min":20,"max":29},"vacunados":8421,"personasINE":11995,"porcentaje":0.8314447592067988},{"rango":{"min":30,"max":39},"vacunados":8479,"personasINE":12133,"porcentaje":0.8314447592067988},{"rango":{"min":40,"max":49},"vacunados":9979,"personasINE":12002,"porcentaje":0.8314447592067988},{"rango":{"min":50,"max":59},"vacunados":9638,"personasINE":11299,"porcentaje":0.8529958403398531},{"rango":{"min":60,"max":69},"vacunados":7142,"personasINE":7827,"porcentaje":0.912482432605085},{"rango":{"min":70,"max":79},"vacunados":3308,"personasINE":3748,"porcentaje":0.8826040554962646},{"rango":{"min":80,"max":null},"vacunados":2008,"personasINE":2349,"porcentaje":0.8548318433375904}]},"pautaCompleta":{"etarioTotal":{"vacunados":53590,"personasINE":70927,"porcentaje":0.755565581513387},"etarioRangos":[{"rango":{"min":12,"max":19},"vacunados":6677,"personasINE":9574,"porcentaje":0.6325969153814089},{"rango":{"min":20,"max":29},"vacunados":7588,"personasINE":11995,"porcentaje":0.8098650224962506},{"rango":{"min":30,"max":39},"vacunados":8029,"personasINE":12133,"porcentaje":0.8098650224962506},{"rango":{"min":40,"max":49},"vacunados":9720,"personasINE":12002,"porcentaje":0.8098650224962506},{"rango":{"min":50,"max":59},"vacunados":9423,"personasINE":11299,"porcentaje":0.8339676077528985},{"rango":{"min":60,"max":69},"vacunados":6964,"personasINE":7827,"porcentaje":0.889740641369618},{"rango":{"min":70,"max":79},"vacunados":3229,"personasINE":3748,"porcentaje":0.8615261472785486},{"rango":{"min":80,"max":null},"vacunados":1960,"personasINE":2349,"porcentaje":0.8343976160068114}]}}},{"ccaa":"Fuerzas Armadas","dosisAdministradas":172359,"dosisEntregadas":212238,"dosisEntregadasModerna":58300,"dosisEntregadasPfizer":48138,"dosisEntregadasAstrazeneca":103800,"dosisEntregadasJanssen":2000,"dosisPrimeraDosis":92480,"dosisPautaCompletada":86362,"porcentajeEntregadas":0.8121024510219659,"porcentajePoblacionAdministradas":null,"porcentajePoblacionPrimeraDosis":null,"porcentajePoblacionCompletas":null,"fechaUltRegistro":1632960000000},{"ccaa":"Sanidad Exterior","dosisAdministradas":6231,"dosisEntregadas":8745,"dosisEntregadasModerna":4810,"dosisEntregadasPfizer":0,"dosisEntregadasAstrazeneca":0,"dosisEntregadasJanssen":3935,"dosisPrimeraDosis":4667,"dosisPautaCompletada":4367,"porcentajeEntregadas":0.7125214408233276,"porcentajePoblacionAdministradas":null,"porcentajePoblacionPrimeraDosis":null,"porcentajePoblacionCompletas":null,"fechaUltRegistro":1632960000000,"etarios":{"unaDosis":{"etarioTotal":{"vacunados":4667,"personasINE":"-","porcentaje":"-"},"etarioRangos":[{"rango":{"min":12,"max":19},"vacunados":167,"personasINE":null,"porcentaje":"-"},{"rango":{"min":20,"max":29},"vacunados":1121,"personasINE":null,"porcentaje":"-"},{"rango":{"min":30,"max":39},"vacunados":1321,"personasINE":null,"porcentaje":"-"},{"rango":{"min":40,"max":49},"vacunados":1174,"personasINE":null,"porcentaje":"-"},{"rango":{"min":50,"max":59},"vacunados":613,"personasINE":null,"porcentaje":"-"},{"rango":{"min":60,"max":69},"vacunados":212,"personasINE":null,"porcentaje":"-"},{"rango":{"min":70,"max":79},"vacunados":33,"personasINE":null,"porcentaje":"-"},{"rango":{"min":80,"max":null},"vacunados":26,"personasINE":null,"porcentaje":"-"}]},"pautaCompleta":{"etarioTotal":{"vacunados":4367,"personasINE":"-","porcentaje":"-"},"etarioRangos":[{"rango":{"min":12,"max":19},"vacunados":145,"personasINE":null,"porcentaje":"-"},{"rango":{"min":20,"max":29},"vacunados":1041,"personasINE":null,"porcentaje":"-"},{"rango":{"min":30,"max":39},"vacunados":1217,"personasINE":null,"porcentaje":"-"},{"rango":{"min":40,"max":49},"vacunados":1115,"personasINE":null,"porcentaje":"-"},{"rango":{"min":50,"max":59},"vacunados":590,"personasINE":null,"porcentaje":"-"},{"rango":{"min":60,"max":69},"vacunados":202,"personasINE":null,"porcentaje":"-"},{"rango":{"min":70,"max":79},"vacunados":32,"personasINE":null,"porcentaje":"-"},{"rango":{"min":80,"max":null},"vacunados":25,"personasINE":null,"porcentaje":"-"}]}}},{"ccaa":"Totales","dosisAdministradas":70153507,"dosisEntregadas":75665711,"dosisEntregadasModerna":10752760,"dosisEntregadasPfizer":53616591,"dosisEntregadasAstrazeneca":9127900,"dosisEntregadasJanssen":2168460,"dosisPrimeraDosis":37702384,"dosisPautaCompletada":36667138,"porcentajeEntregadas":0.9271505689016786,"porcentajePoblacionAdministradas":1.4945357264593098,"porcentajePoblacionPrimeraDosis":0.8032037494674052,"porcentajePoblacionCompletas":0.7811490839369408,"fechaUltRegistro":null,"etarios":{"unaDosis":{"etarioTotal":{"vacunados":37702384,"personasINE":42119827,"porcentaje":0.8951220051307428},"etarioRangos":[{"rango":{"min":12,"max":19},"vacunados":3232757,"personasINE":3888686,"porcentaje":0.7881419071964795},{"rango":{"min":20,"max":29},"vacunados":3897078,"personasINE":4944640,"porcentaje":0.8788890202499146},{"rango":{"min":30,"max":39},"vacunados":4832086,"personasINE":6230403,"porcentaje":0.8788890202499146},{"rango":{"min":40,"max":49},"vacunados":6935961,"personasINE":7891737,"porcentaje":0.8788890202499146},{"rango":{"min":50,"max":59},"vacunados":6660077,"personasINE":7033306,"porcentaje":0.9469340591750167},{"rango":{"min":60,"max":69},"vacunados":5268573,"personasINE":5336986,"porcentaje":0.9871813416786178},{"rango":{"min":70,"max":79},"vacunados":3940026,"personasINE":3960045,"porcentaje":0.9949447544156695},{"rango":{"min":80,"max":null},"vacunados":2935826,"personasINE":2935826,"porcentaje":1}]},"pautaCompleta":{"etarioTotal":{"vacunados":36667138,"personasINE":42119827,"porcentaje":0.8705434141503002},"etarioRangos":[{"rango":{"min":12,"max":19},"vacunados":3001268,"personasINE":3888686,"porcentaje":0.7401713774915869},{"rango":{"min":20,"max":29},"vacunados":3659881,"personasINE":4944640,"porcentaje":0.8615687522278048},{"rango":{"min":30,"max":39},"vacunados":4627577,"personasINE":6230403,"porcentaje":0.8615687522278048},{"rango":{"min":40,"max":49},"vacunados":6799274,"personasINE":7891737,"porcentaje":0.8615687522278048},{"rango":{"min":50,"max":59},"vacunados":6578616,"personasINE":7033306,"porcentaje":0.9353518814622881},{"rango":{"min":60,"max":69},"vacunados":5188237,"personasINE":5336986,"porcentaje":0.9721286508902216},{"rango":{"min":70,"max":79},"vacunados":3912355,"personasINE":3960045,"porcentaje":0.9879572075569848},{"rango":{"min":80,"max":null},"vacunados":2899930,"personasINE":2899930,"porcentaje":1}]}}}]