[{"ccaa":"Andalucía","dosisAdministradas":12689933,"dosisEntregadas":13316870,"dosisEntregadasModerna":2019500,"dosisEntregadasPfizer":9434970,"dosisEntregadasAstrazeneca":1528900,"dosisEntregadasJanssen":333500,"dosisPrimeraDosis":6790195,"dosisPautaCompletada":6599046,"porcentajeEntregadas":0.9529215949393514,"porcentajePoblacionAdministradas":1.4992103998730686,"porcentajePoblacionPrimeraDosis":0.802205256809954,"porcentajePoblacionCompletas":0.7796225868521743,"fechaUltRegistro":1633219200000,"etarios":{"unaDosis":{"etarioTotal":{"vacunados":6790195,"personasINE":7451975,"porcentaje":0.9111940123255915},"etarioRangos":[{"rango":{"min":12,"max":19},"vacunados":650350,"personasINE":752907,"porcentaje":0.8096486165190724},{"rango":{"min":20,"max":29},"vacunados":751898,"personasINE":928672,"porcentaje":0.8976329746143639},{"rango":{"min":30,"max":39},"vacunados":918545,"personasINE":1140217,"porcentaje":0.8976329746143639},{"rango":{"min":40,"max":49},"vacunados":1243324,"personasINE":1385114,"porcentaje":0.8976329746143639},{"rango":{"min":50,"max":59},"vacunados":1211235,"personasINE":1265021,"porcentaje":0.9574821287551748},{"rango":{"min":60,"max":69},"vacunados":927158,"personasINE":927158,"porcentaje":1},{"rango":{"min":70,"max":79},"vacunados":653766,"personasINE":653766,"porcentaje":1},{"rango":{"min":80,"max":null},"vacunados":433919,"personasINE":433919,"porcentaje":1}]},"pautaCompleta":{"etarioTotal":{"vacunados":6599046,"personasINE":7451975,"porcentaje":0.8855432284729887},"etarioRangos":[{"rango":{"min":12,"max":19},"vacunados":605910,"personasINE":752907,"porcentaje":0.7580803556045622},{"rango":{"min":20,"max":29},"vacunados":704008,"personasINE":928672,"porcentaje":0.8809996866683898},{"rango":{"min":30,"max":39},"vacunados":882426,"personasINE":1140217,"porcentaje":0.8809996866683898},{"rango":{"min":40,"max":49},"vacunados":1220285,"personasINE":1385114,"porcentaje":0.8809996866683898},{"rango":{"min":50,"max":59},"vacunados":1195539,"personasINE":1265021,"porcentaje":0.9450744295944494},{"rango":{"min":60,"max":69},"vacunados":915309,"personasINE":916147,"porcentaje":0.9990852996298629},{"rango":{"min":70,"max":79},"vacunados":648224,"personasINE":650381,"porcentaje":0.9966834824510556},{"rango":{"min":80,"max":null},"vacunados":427345,"personasINE":427345,"porcentaje":1}]}}},{"ccaa":"Aragón","dosisAdministradas":1970826,"dosisEntregadas":2136845,"dosisEntregadasModerna":275200,"dosisEntregadasPfizer":1531845,"dosisEntregadasAstrazeneca":265100,"dosisEntregadasJanssen":64700,"dosisPrimeraDosis":1060356,"dosisPautaCompletada":1036009,"porcentajeEntregadas":0.922306484560181,"porcentajePoblacionAdministradas":1.482502890421253,"porcentajePoblacionPrimeraDosis":0.7976253788388818,"porcentajePoblacionCompletas":0.7793109777334133,"fechaUltRegistro":1633046400000,"etarios":{"unaDosis":{"etarioTotal":{"vacunados":1060356,"personasINE":1185134,"porcentaje":0.8947140154615427},"etarioRangos":[{"rango":{"min":12,"max":19},"vacunados":86767,"personasINE":103109,"porcentaje":0.7839663806259154},{"rango":{"min":20,"max":29},"vacunados":102230,"personasINE":130401.00000000001,"porcentaje":0.8695979864429174},{"rango":{"min":30,"max":39},"vacunados":124192,"personasINE":164286,"porcentaje":0.8695979864429174},{"rango":{"min":40,"max":49},"vacunados":186914,"personasINE":214943,"porcentaje":0.8695979864429174},{"rango":{"min":50,"max":59},"vacunados":185540,"personasINE":198266,"porcentaje":0.935813503071631},{"rango":{"min":60,"max":69},"vacunados":154306,"personasINE":156367,"porcentaje":0.9868194695811776},{"rango":{"min":70,"max":79},"vacunados":119200,"personasINE":119200,"porcentaje":1},{"rango":{"min":80,"max":null},"vacunados":101207,"personasINE":101207,"porcentaje":1}]},"pautaCompleta":{"etarioTotal":{"vacunados":1036009,"personasINE":1185134,"porcentaje":0.8741703469818602},"etarioRangos":[{"rango":{"min":12,"max":19},"vacunados":81692,"personasINE":103109,"porcentaje":0.7463899816719197},{"rango":{"min":20,"max":29},"vacunados":97330,"personasINE":130401,"porcentaje":0.8551522961901528},{"rango":{"min":30,"max":39},"vacunados":119669,"personasINE":164286,"porcentaje":0.8551522961901528},{"rango":{"min":40,"max":49},"vacunados":183809,"personasINE":214943,"porcentaje":0.8551522961901528},{"rango":{"min":50,"max":59},"vacunados":183246,"personasINE":198266,"porcentaje":0.9242431884438078},{"rango":{"min":60,"max":69},"vacunados":152070,"personasINE":156367,"porcentaje":0.9725197771908395},{"rango":{"min":70,"max":79},"vacunados":118361,"personasINE":118955,"porcentaje":0.9950065150687235},{"rango":{"min":80,"max":null},"vacunados":99832,"personasINE":99832,"porcentaje":1}]}}},{"ccaa":"Asturias","dosisAdministradas":1658479,"dosisEntregadas":1650625,"dosisEntregadasModerna":162000,"dosisEntregadasPfizer":1224725,"dosisEntregadasAstrazeneca":220900,"dosisEntregadasJanssen":43000,"dosisPrimeraDosis":871774,"dosisPautaCompletada":860479,"porcentajeEntregadas":1.0047581976524045,"porcentajePoblacionAdministradas":1.6279005166944123,"porcentajePoblacionPrimeraDosis":0.8557005214059114,"porcentajePoblacionCompletas":0.8446137748531583,"fechaUltRegistro":1633132800000,"etarios":{"unaDosis":{"etarioTotal":{"vacunados":871774,"personasINE":933927,"porcentaje":0.933449830661283},"etarioRangos":[{"rango":{"min":12,"max":19},"vacunados":60208,"personasINE":64000,"porcentaje":0.8368368494899572},{"rango":{"min":20,"max":29},"vacunados":66203,"personasINE":79111,"porcentaje":0.9006305653530388},{"rango":{"min":30,"max":39},"vacunados":90624,"personasINE":114451.00000000001,"porcentaje":0.9006305653530388},{"rango":{"min":40,"max":49},"vacunados":150399,"personasINE":166993,"porcentaje":0.9006305653530388},{"rango":{"min":50,"max":59},"vacunados":153036,"personasINE":162645,"porcentaje":0.940920409480771},{"rango":{"min":60,"max":69},"vacunados":148083,"personasINE":149652,"porcentaje":0.9895156763691765},{"rango":{"min":70,"max":79},"vacunados":114315,"personasINE":114315,"porcentaje":1},{"rango":{"min":80,"max":null},"vacunados":88906,"personasINE":88906,"porcentaje":1}]},"pautaCompleta":{"etarioTotal":{"vacunados":860479,"personasINE":933927,"porcentaje":0.9213557376540137},"etarioRangos":[{"rango":{"min":12,"max":19},"vacunados":58092,"personasINE":64000,"porcentaje":0.8060320309438637},{"rango":{"min":20,"max":29},"vacunados":63766,"personasINE":79111,"porcentaje":0.8931512099309552},{"rango":{"min":30,"max":39},"vacunados":88400,"personasINE":114451,"porcentaje":0.8931512099309552},{"rango":{"min":40,"max":49},"vacunados":149150,"personasINE":166993,"porcentaje":0.8931512099309552},{"rango":{"min":50,"max":59},"vacunados":152068,"personasINE":162645,"porcentaje":0.9349687970733807},{"rango":{"min":60,"max":69},"vacunados":147038,"personasINE":149652,"porcentaje":0.9825328094512602},{"rango":{"min":70,"max":79},"vacunados":113859,"personasINE":113859,"porcentaje":1},{"rango":{"min":80,"max":null},"vacunados":88106,"personasINE":88106,"porcentaje":1}]}}},{"ccaa":"Baleares","dosisAdministradas":1581683,"dosisEntregadas":1891250,"dosisEntregadasModerna":305100,"dosisEntregadasPfizer":1272150,"dosisEntregadasAstrazeneca":256400,"dosisEntregadasJanssen":57600,"dosisPrimeraDosis":847577,"dosisPautaCompletada":826997,"porcentajeEntregadas":0.8363161929940516,"porcentajePoblacionAdministradas":1.3500853148369287,"porcentajePoblacionPrimeraDosis":0.7234706707308225,"porcentajePoblacionCompletas":0.7059040940025249,"fechaUltRegistro":1633219200000,"etarios":{"unaDosis":{"etarioTotal":{"vacunados":847577,"personasINE":1034867,"porcentaje":0.8190202219222373},"etarioRangos":[{"rango":{"min":12,"max":19},"vacunados":72975,"personasINE":95480,"porcentaje":0.6862231952559772},{"rango":{"min":20,"max":29},"vacunados":94659,"personasINE":137942,"porcentaje":0.8059969345982966},{"rango":{"min":30,"max":39},"vacunados":123717,"personasINE":182187,"porcentaje":0.8059969345982966},{"rango":{"min":40,"max":49},"vacunados":166174,"personasINE":206172,"porcentaje":0.8059969345982966},{"rango":{"min":50,"max":59},"vacunados":149473,"personasINE":165797,"porcentaje":0.9015422474471794},{"rango":{"min":60,"max":69},"vacunados":110010,"personasINE":117231,"porcentaje":0.9384036645597155},{"rango":{"min":70,"max":79},"vacunados":79129,"personasINE":80516,"porcentaje":0.9827736102141189},{"rango":{"min":80,"max":null},"vacunados":51440,"personasINE":51440,"porcentaje":1}]},"pautaCompleta":{"etarioTotal":{"vacunados":826997,"personasINE":1034867,"porcentaje":0.7991336084733593},"etarioRangos":[{"rango":{"min":12,"max":19},"vacunados":70005,"personasINE":95480,"porcentaje":0.6504545388641603},{"rango":{"min":20,"max":29},"vacunados":89725,"personasINE":137942,"porcentaje":0.7890256678889471},{"rango":{"min":30,"max":39},"vacunados":118666,"personasINE":182187.00000000003,"porcentaje":0.7890256678889471},{"rango":{"min":40,"max":49},"vacunados":162675,"personasINE":206172,"porcentaje":0.7890256678889471},{"rango":{"min":50,"max":59},"vacunados":147625,"personasINE":165797,"porcentaje":0.8903960867808224},{"rango":{"min":60,"max":69},"vacunados":108867,"personasINE":117231,"porcentaje":0.928653683752591},{"rango":{"min":70,"max":79},"vacunados":78635,"personasINE":80516,"porcentaje":0.976638183715038},{"rango":{"min":80,"max":null},"vacunados":50799,"personasINE":50799,"porcentaje":1}]}}},{"ccaa":"Canarias","dosisAdministradas":3110340,"dosisEntregadas":3522840,"dosisEntregadasModerna":574700,"dosisEntregadasPfizer":2358690,"dosisEntregadasAstrazeneca":455800,"dosisEntregadasJanssen":133650,"dosisPrimeraDosis":1663209,"dosisPautaCompletada":1615634,"porcentajeEntregadas":0.8829069727833225,"porcentajePoblacionAdministradas":1.4294157224056414,"porcentajePoblacionPrimeraDosis":0.7643592321889453,"porcentajePoblacionCompletas":0.7424952388655632,"fechaUltRegistro":1633219200000,"etarios":{"unaDosis":{"etarioTotal":{"vacunados":1663209,"personasINE":1960774,"porcentaje":0.8482410517479322},"etarioRangos":[{"rango":{"min":12,"max":19},"vacunados":146445,"personasINE":179797,"porcentaje":0.7337933171266504},{"rango":{"min":20,"max":29},"vacunados":184731,"personasINE":251748.00000000003,"porcentaje":0.8161908002598447},{"rango":{"min":30,"max":39},"vacunados":227266,"personasINE":310934,"porcentaje":0.8161908002598447},{"rango":{"min":40,"max":49},"vacunados":316620,"personasINE":387924,"porcentaje":0.8161908002598447},{"rango":{"min":50,"max":59},"vacunados":319936,"personasINE":350512,"porcentaje":0.9127676085269548},{"rango":{"min":60,"max":69},"vacunados":224044,"personasINE":235092,"porcentaje":0.9530056318377487},{"rango":{"min":70,"max":79},"vacunados":151224,"personasINE":154531,"porcentaje":0.9785997631543185},{"rango":{"min":80,"max":null},"vacunados":92943,"personasINE":92943,"porcentaje":1}]},"pautaCompleta":{"etarioTotal":{"vacunados":1615634,"personasINE":1960774,"porcentaje":0.8239776741225658},"etarioRangos":[{"rango":{"min":12,"max":19},"vacunados":134910,"personasINE":179797,"porcentaje":0.6871712982824094},{"rango":{"min":20,"max":29},"vacunados":172994,"personasINE":251748,"porcentaje":0.8027242449551975},{"rango":{"min":30,"max":39},"vacunados":218072,"personasINE":310934,"porcentaje":0.8027242449551975},{"rango":{"min":40,"max":49},"vacunados":311396,"personasINE":387924,"porcentaje":0.8027242449551975},{"rango":{"min":50,"max":59},"vacunados":316897,"personasINE":350512,"porcentaje":0.9040974346099421},{"rango":{"min":60,"max":69},"vacunados":219676,"personasINE":235092,"porcentaje":0.934425671651949},{"rango":{"min":70,"max":79},"vacunados":149970,"personasINE":154531,"porcentaje":0.9704848865276223},{"rango":{"min":80,"max":null},"vacunados":91719,"personasINE":91719,"porcentaje":1}]}}},{"ccaa":"Cantabria","dosisAdministradas":906335,"dosisEntregadas":992355,"dosisEntregadasModerna":114900,"dosisEntregadasPfizer":727305,"dosisEntregadasAstrazeneca":125200,"dosisEntregadasJanssen":24950,"dosisPrimeraDosis":479509,"dosisPautaCompletada":470273,"porcentajeEntregadas":0.9133173108413823,"porcentajePoblacionAdministradas":1.5548588535009993,"porcentajePoblacionPrimeraDosis":0.8226194662938214,"porcentajePoblacionCompletas":0.8067746888429504,"fechaUltRegistro":1633219200000,"etarios":{"unaDosis":{"etarioTotal":{"vacunados":479509,"personasINE":524127,"porcentaje":0.9148717772600915},"etarioRangos":[{"rango":{"min":12,"max":19},"vacunados":38316,"personasINE":43963,"porcentaje":0.8006336006336007},{"rango":{"min":20,"max":29},"vacunados":40436,"personasINE":50505,"porcentaje":0.8972271374362016},{"rango":{"min":30,"max":39},"vacunados":54162,"personasINE":70473,"porcentaje":0.8972271374362016},{"rango":{"min":40,"max":49},"vacunados":87721,"personasINE":97769,"porcentaje":0.8972271374362016},{"rango":{"min":50,"max":59},"vacunados":84115,"personasINE":89964,"porcentaje":0.9349851051531723},{"rango":{"min":60,"max":69},"vacunados":76580,"personasINE":77345,"porcentaje":0.9901092507595837},{"rango":{"min":70,"max":79},"vacunados":55890,"personasINE":55890,"porcentaje":1},{"rango":{"min":80,"max":null},"vacunados":42289,"personasINE":42289,"porcentaje":1}]},"pautaCompleta":{"etarioTotal":{"vacunados":470273,"personasINE":524127,"porcentaje":0.8972500939657755},"etarioRangos":[{"rango":{"min":12,"max":19},"vacunados":35572,"personasINE":43963,"porcentaje":0.7627561627561628},{"rango":{"min":20,"max":29},"vacunados":38523,"personasINE":50505,"porcentaje":0.8850146774539988},{"rango":{"min":30,"max":39},"vacunados":52643,"personasINE":70473,"porcentaje":0.8850146774539988},{"rango":{"min":40,"max":49},"vacunados":86527,"personasINE":97769,"porcentaje":0.8850146774539988},{"rango":{"min":50,"max":59},"vacunados":83470,"personasINE":89964,"porcentaje":0.9278155706727135},{"rango":{"min":60,"max":69},"vacunados":76064,"personasINE":77345,"porcentaje":0.983437843428793},{"rango":{"min":70,"max":79},"vacunados":55661,"personasINE":55661,"porcentaje":1},{"rango":{"min":80,"max":null},"vacunados":41813,"personasINE":41813,"porcentaje":1}]}}},{"ccaa":"Castilla y Leon","dosisAdministradas":3714602,"dosisEntregadas":3912325,"dosisEntregadasModerna":412400,"dosisEntregadasPfizer":2916525,"dosisEntregadasAstrazeneca":481200,"dosisEntregadasJanssen":102200,"dosisPrimeraDosis":1991857,"dosisPautaCompletada":1947976,"porcentajeEntregadas":0.949461509460487,"porcentajePoblacionAdministradas":1.5510351502640174,"porcentajePoblacionPrimeraDosis":0.8317015446875425,"porcentajePoblacionCompletas":0.8133789966921623,"fechaUltRegistro":1633219200000,"etarios":{"unaDosis":{"etarioTotal":{"vacunados":1991857,"personasINE":2176253,"porcentaje":0.9152690427078102},"etarioRangos":[{"rango":{"min":12,"max":19},"vacunados":140461,"personasINE":165342,"porcentaje":0.8056358586959612},{"rango":{"min":20,"max":29},"vacunados":169994,"personasINE":211006,"porcentaje":0.8790355211186194},{"rango":{"min":30,"max":39},"vacunados":210179,"personasINE":267783,"porcentaje":0.8790355211186194},{"rango":{"min":40,"max":49},"vacunados":319358,"personasINE":363305,"porcentaje":0.8790355211186194},{"rango":{"min":50,"max":59},"vacunados":352137,"personasINE":381175,"porcentaje":0.9238197678231783},{"rango":{"min":60,"max":69},"vacunados":320082,"personasINE":320082,"porcentaje":1},{"rango":{"min":70,"max":79},"vacunados":250389,"personasINE":250389,"porcentaje":1},{"rango":{"min":80,"max":null},"vacunados":229257,"personasINE":229257,"porcentaje":1}]},"pautaCompleta":{"etarioTotal":{"vacunados":1947976,"personasINE":2176253,"porcentaje":0.8951054863565955},"etarioRangos":[{"rango":{"min":12,"max":19},"vacunados":128205,"personasINE":165342,"porcentaje":0.7671772366662559},{"rango":{"min":20,"max":29},"vacunados":161879,"personasINE":211006,"porcentaje":0.8644609900772079},{"rango":{"min":30,"max":39},"vacunados":203430,"personasINE":267783,"porcentaje":0.8644609900772079},{"rango":{"min":40,"max":49},"vacunados":314063,"personasINE":363305,"porcentaje":0.8644609900772079},{"rango":{"min":50,"max":59},"vacunados":347877,"personasINE":381175,"porcentaje":0.9126437987800878},{"rango":{"min":60,"max":69},"vacunados":316951,"personasINE":318575,"porcentaje":0.9949022993015774},{"rango":{"min":70,"max":79},"vacunados":248861,"personasINE":248861,"porcentaje":1},{"rango":{"min":80,"max":null},"vacunados":226710,"personasINE":226710,"porcentaje":1}]}}},{"ccaa":"Castilla La Mancha","dosisAdministradas":2982956,"dosisEntregadas":3288380,"dosisEntregadasModerna":446800,"dosisEntregadasPfizer":2330505,"dosisEntregadasAstrazeneca":411700,"dosisEntregadasJanssen":99375,"dosisPrimeraDosis":1608335,"dosisPautaCompletada":1540707,"porcentajeEntregadas":0.9071202233318534,"porcentajePoblacionAdministradas":1.4585005727987341,"porcentajePoblacionPrimeraDosis":0.7863868990197147,"porcentajePoblacionCompletas":0.753320545799207,"fechaUltRegistro":1633219200000},{"ccaa":"Cataluña","dosisAdministradas":10942052,"dosisEntregadas":11863410,"dosisEntregadasModerna":1604900,"dosisEntregadasPfizer":8368460,"dosisEntregadasAstrazeneca":1514300,"dosisEntregadasJanssen":375750,"dosisPrimeraDosis":5902636,"dosisPautaCompletada":5730311,"porcentajeEntregadas":0.9223361579849302,"porcentajePoblacionAdministradas":1.4063468328877953,"porcentajePoblacionPrimeraDosis":0.7586468648009975,"porcentajePoblacionCompletas":0.7364984855045557,"fechaUltRegistro":1633219200000,"etarios":{"unaDosis":{"etarioTotal":{"vacunados":5902636,"personasINE":6868360,"porcentaje":0.8593952559271791},"etarioRangos":[{"rango":{"min":12,"max":19},"vacunados":511155,"personasINE":656166,"porcentaje":0.7319291721051094},{"rango":{"min":20,"max":29},"vacunados":614041,"personasINE":838935,"porcentaje":0.8505166109109136},{"rango":{"min":30,"max":39},"vacunados":762099,"personasINE":1044652,"porcentaje":0.8505166109109136},{"rango":{"min":40,"max":49},"vacunados":1119922,"personasINE":1316755,"porcentaje":0.8505166109109136},{"rango":{"min":50,"max":59},"vacunados":1021382,"personasINE":1091780,"porcentaje":0.9355199765520527},{"rango":{"min":60,"max":69},"vacunados":797693,"personasINE":837584,"porcentaje":0.9523737320674702},{"rango":{"min":70,"max":79},"vacunados":617824,"personasINE":635292,"porcentaje":0.9725039824206821},{"rango":{"min":80,"max":null},"vacunados":458520,"personasINE":458520,"porcentaje":1}]},"pautaCompleta":{"etarioTotal":{"vacunados":5730311,"personasINE":6868360,"porcentaje":0.8343055693062099},"etarioRangos":[{"rango":{"min":12,"max":19},"vacunados":473454,"personasINE":656166,"porcentaje":0.686072222520219},{"rango":{"min":20,"max":29},"vacunados":575570,"personasINE":838935,"porcentaje":0.8336539447353531},{"rango":{"min":30,"max":39},"vacunados":724574,"personasINE":1044652.0000000001,"porcentaje":0.8336539447353531},{"rango":{"min":40,"max":49},"vacunados":1097718,"personasINE":1316755,"porcentaje":0.8336539447353531},{"rango":{"min":50,"max":59},"vacunados":1008627,"personasINE":1091780,"porcentaje":0.9238372199527377},{"rango":{"min":60,"max":69},"vacunados":784429,"personasINE":837584,"porcentaje":0.936537708456704},{"rango":{"min":70,"max":79},"vacunados":613441,"personasINE":635292,"porcentaje":0.9656047927567166},{"rango":{"min":80,"max":null},"vacunados":452498,"personasINE":452498,"porcentaje":1}]}}},{"ccaa":"C. Valenciana","dosisAdministradas":7565810,"dosisEntregadas":8088540,"dosisEntregadasModerna":1213650,"dosisEntregadasPfizer":5797540,"dosisEntregadasAstrazeneca":863900,"dosisEntregadasJanssen":213450,"dosisPrimeraDosis":4053121,"dosisPautaCompletada":3966318,"porcentajeEntregadas":0.9353739982741014,"porcentajePoblacionAdministradas":1.496001959918558,"porcentajePoblacionPrimeraDosis":0.8014313021060622,"porcentajePoblacionCompletas":0.7842675802934855,"fechaUltRegistro":1633219200000,"etarios":{"unaDosis":{"etarioTotal":{"vacunados":4053121,"personasINE":4488459,"porcentaje":0.9030094738528301},"etarioRangos":[{"rango":{"min":12,"max":19},"vacunados":362493,"personasINE":424531,"porcentaje":0.8130785893367124},{"rango":{"min":20,"max":29},"vacunados":419651,"personasINE":516126,"porcentaje":0.8816199852510839},{"rango":{"min":30,"max":39},"vacunados":505585,"personasINE":648759,"porcentaje":0.8816199852510839},{"rango":{"min":40,"max":49},"vacunados":750777,"personasINE":851588,"porcentaje":0.8816199852510839},{"rango":{"min":50,"max":59},"vacunados":713926,"personasINE":752334,"porcentaje":0.9489482065146597},{"rango":{"min":60,"max":69},"vacunados":569367,"personasINE":580728,"porcentaje":0.9804366243749225},{"rango":{"min":70,"max":79},"vacunados":434183,"personasINE":437862,"porcentaje":0.991597809355459},{"rango":{"min":80,"max":null},"vacunados":297139,"personasINE":297139,"porcentaje":1}]},"pautaCompleta":{"etarioTotal":{"vacunados":3966318,"personasINE":4488459,"porcentaje":0.8836703198135485},"etarioRangos":[{"rango":{"min":12,"max":19},"vacunados":342419,"personasINE":424531,"porcentaje":0.7753087424388618},{"rango":{"min":20,"max":29},"vacunados":400157,"personasINE":516126,"porcentaje":0.8696846362325443},{"rango":{"min":30,"max":39},"vacunados":489056,"personasINE":648759,"porcentaje":0.8696846362325443},{"rango":{"min":40,"max":49},"vacunados":740613,"personasINE":851588,"porcentaje":0.8696846362325443},{"rango":{"min":50,"max":59},"vacunados":707575,"personasINE":752334,"porcentaje":0.9405064771763605},{"rango":{"min":60,"max":69},"vacunados":562353,"personasINE":580728,"porcentaje":0.9683586808282019},{"rango":{"min":70,"max":79},"vacunados":431247,"personasINE":437862,"porcentaje":0.9848925003768311},{"rango":{"min":80,"max":null},"vacunados":292898,"personasINE":292898,"porcentaje":1}]}}},{"ccaa":"Extremadura","dosisAdministradas":1681561,"dosisEntregadas":1682775,"dosisEntregadasModerna":218200,"dosisEntregadasPfizer":1226825,"dosisEntregadasAstrazeneca":186000,"dosisEntregadasJanssen":51750,"dosisPrimeraDosis":893474,"dosisPautaCompletada":876460,"porcentajeEntregadas":0.9992785725958611,"porcentajePoblacionAdministradas":1.5804337834954751,"porcentajePoblacionPrimeraDosis":0.8397414630065969,"porcentajePoblacionCompletas":0.8237506661265598,"fechaUltRegistro":1633132800000,"etarios":{"unaDosis":{"etarioTotal":{"vacunados":893474,"personasINE":953437,"porcentaje":0.9371085871431464},"etarioRangos":[{"rango":{"min":12,"max":19},"vacunados":74761,"personasINE":84750,"porcentaje":0.8118955171196611},{"rango":{"min":20,"max":29},"vacunados":92004,"personasINE":113320,"porcentaje":0.9153823968299748},{"rango":{"min":30,"max":39},"vacunados":112511,"personasINE":133479,"porcentaje":0.9153823968299748},{"rango":{"min":40,"max":49},"vacunados":145998,"personasINE":159494,"porcentaje":0.9153823968299748},{"rango":{"min":50,"max":59},"vacunados":161320,"personasINE":169216,"porcentaje":0.9533377458396369},{"rango":{"min":60,"max":69},"vacunados":132753,"personasINE":132753,"porcentaje":1},{"rango":{"min":70,"max":79},"vacunados":95886,"personasINE":95886,"porcentaje":1},{"rango":{"min":80,"max":null},"vacunados":78241,"personasINE":78241,"porcentaje":1}]},"pautaCompleta":{"etarioTotal":{"vacunados":876460,"personasINE":953437,"porcentaje":0.9192636744745589},"etarioRangos":[{"rango":{"min":12,"max":19},"vacunados":71055,"personasINE":84750,"porcentaje":0.7765354747617367},{"rango":{"min":20,"max":29},"vacunados":87997,"personasINE":113320,"porcentaje":0.9025982168608223},{"rango":{"min":30,"max":39},"vacunados":109381,"personasINE":133479,"porcentaje":0.9025982168608223},{"rango":{"min":40,"max":49},"vacunados":143959,"personasINE":159494,"porcentaje":0.9025982168608223},{"rango":{"min":50,"max":59},"vacunados":160025,"personasINE":169216,"porcentaje":0.9456848052193646},{"rango":{"min":60,"max":69},"vacunados":131348,"personasINE":125297.00000000001,"porcentaje":1.048293255225584},{"rango":{"min":70,"max":79},"vacunados":95362,"personasINE":95362,"porcentaje":1},{"rango":{"min":80,"max":null},"vacunados":77333,"personasINE":77333,"porcentaje":1}]}}},{"ccaa":"Galicia","dosisAdministradas":4362387,"dosisEntregadas":4358529,"dosisEntregadasModerna":507400,"dosisEntregadasPfizer":3155029,"dosisEntregadasAstrazeneca":573400,"dosisEntregadasJanssen":122700,"dosisPrimeraDosis":2301770,"dosisPautaCompletada":2269415,"porcentajeEntregadas":1.000885161025658,"porcentajePoblacionAdministradas":1.6146111193977095,"porcentajePoblacionPrimeraDosis":0.8519334566823314,"porcentajePoblacionCompletas":0.8399581911297537,"fechaUltRegistro":1633219200000,"etarios":{"unaDosis":{"etarioTotal":{"vacunados":2301770,"personasINE":2454497,"porcentaje":0.9377766605540768},"etarioRangos":[{"rango":{"min":12,"max":19},"vacunados":166729,"personasINE":180007,"porcentaje":0.8529359557712539},{"rango":{"min":20,"max":29},"vacunados":197012,"personasINE":230981,"porcentaje":0.9180814988459481},{"rango":{"min":30,"max":39},"vacunados":262035,"personasINE":323408,"porcentaje":0.9180814988459481},{"rango":{"min":40,"max":49},"vacunados":406913,"personasINE":443221,"porcentaje":0.9180814988459481},{"rango":{"min":50,"max":59},"vacunados":390263,"personasINE":405889,"porcentaje":0.9615017898982234},{"rango":{"min":60,"max":69},"vacunados":345492,"personasINE":346927,"porcentaje":0.9958636831379513},{"rango":{"min":70,"max":79},"vacunados":291166,"personasINE":291166,"porcentaje":1},{"rango":{"min":80,"max":null},"vacunados":242160,"personasINE":242160,"porcentaje":1}]},"pautaCompleta":{"etarioTotal":{"vacunados":2269415,"personasINE":2454497,"porcentaje":0.9245947336664091},"etarioRangos":[{"rango":{"min":12,"max":19},"vacunados":160181,"personasINE":180007,"porcentaje":0.8205436810819937},{"rango":{"min":20,"max":29},"vacunados":189530,"personasINE":230981,"porcentaje":0.9081474027629557},{"rango":{"min":30,"max":39},"vacunados":256022,"personasINE":323408,"porcentaje":0.9081474027629557},{"rango":{"min":40,"max":49},"vacunados":402510,"personasINE":443221,"porcentaje":0.9081474027629557},{"rango":{"min":50,"max":59},"vacunados":387478,"personasINE":405889,"porcentaje":0.95464030806452},{"rango":{"min":60,"max":69},"vacunados":343438,"personasINE":346927,"porcentaje":0.9899431292462103},{"rango":{"min":70,"max":79},"vacunados":289772,"personasINE":289772,"porcentaje":1},{"rango":{"min":80,"max":null},"vacunados":240484,"personasINE":240484,"porcentaje":1}]}}},{"ccaa":"La Rioja","dosisAdministradas":473202,"dosisEntregadas":510565,"dosisEntregadasModerna":67600,"dosisEntregadasPfizer":374465,"dosisEntregadasAstrazeneca":53300,"dosisEntregadasJanssen":15200,"dosisPrimeraDosis":257143,"dosisPautaCompletada":251145,"porcentajeEntregadas":0.9268202873287437,"porcentajePoblacionAdministradas":1.47915377257638,"porcentajePoblacionPrimeraDosis":0.8037878929962428,"porcentajePoblacionCompletas":0.7850391042592697,"fechaUltRegistro":1633046400000,"etarios":{"unaDosis":{"etarioTotal":{"vacunados":257143,"personasINE":283970,"porcentaje":0.9055287530372926},"etarioRangos":[{"rango":{"min":12,"max":19},"vacunados":20888,"personasINE":25532,"porcentaje":0.7609166721386827},{"rango":{"min":20,"max":29},"vacunados":23176,"personasINE":30458,"porcentaje":0.8934594972330822},{"rango":{"min":30,"max":39},"vacunados":30560,"personasINE":39319,"porcentaje":0.8934594972330822},{"rango":{"min":40,"max":49},"vacunados":47306,"personasINE":52947,"porcentaje":0.8934594972330822},{"rango":{"min":50,"max":59},"vacunados":45251,"personasINE":47664,"porcentaje":0.949374790198053},{"rango":{"min":60,"max":69},"vacunados":37962,"personasINE":37962,"porcentaje":1},{"rango":{"min":70,"max":79},"vacunados":28645,"personasINE":28645,"porcentaje":1},{"rango":{"min":80,"max":null},"vacunados":23355,"personasINE":23355,"porcentaje":1}]},"pautaCompleta":{"etarioTotal":{"vacunados":251145,"personasINE":283970,"porcentaje":0.8844068035355848},"etarioRangos":[{"rango":{"min":12,"max":19},"vacunados":19522,"personasINE":25532,"porcentaje":0.7210256746995863},{"rango":{"min":20,"max":29},"vacunados":21961,"personasINE":30458,"porcentaje":0.8775190284624247},{"rango":{"min":30,"max":39},"vacunados":29533,"personasINE":39319,"porcentaje":0.8775190284624247},{"rango":{"min":40,"max":49},"vacunados":46462,"personasINE":52947,"porcentaje":0.8775190284624247},{"rango":{"min":50,"max":59},"vacunados":44620,"personasINE":47664,"porcentaje":0.9361362873447465},{"rango":{"min":60,"max":69},"vacunados":37365,"personasINE":37718,"porcentaje":0.9906410732276367},{"rango":{"min":70,"max":79},"vacunados":28535,"personasINE":28535,"porcentaje":1},{"rango":{"min":80,"max":null},"vacunados":23147,"personasINE":23147,"porcentaje":1}]}}},{"ccaa":"Madrid","dosisAdministradas":9716008,"dosisEntregadas":10825829,"dosisEntregadasModerna":1645800,"dosisEntregadasPfizer":7637679,"dosisEntregadasAstrazeneca":1220900,"dosisEntregadasJanssen":321450,"dosisPrimeraDosis":5289718,"dosisPautaCompletada":5139038,"porcentajeEntregadas":0.8974839709734931,"porcentajePoblacionAdministradas":1.433063201044029,"porcentajePoblacionPrimeraDosis":0.780207283660143,"porcentajePoblacionCompletas":0.7579827277382754,"fechaUltRegistro":1633219200000,"etarios":{"unaDosis":{"etarioTotal":{"vacunados":5289718,"personasINE":5977937,"porcentaje":0.8848734939829577},"etarioRangos":[{"rango":{"min":12,"max":19},"vacunados":441582,"personasINE":553542,"porcentaje":0.7852601097680056},{"rango":{"min":20,"max":29},"vacunados":583036,"personasINE":742475,"porcentaje":0.8778031357555205},{"rango":{"min":30,"max":39},"vacunados":733643,"personasINE":949640,"porcentaje":0.8778031357555205},{"rango":{"min":40,"max":49},"vacunados":1023493,"personasINE":1165971,"porcentaje":0.8778031357555205},{"rango":{"min":50,"max":59},"vacunados":936880,"personasINE":972783,"porcentaje":0.9630924882527758},{"rango":{"min":60,"max":69},"vacunados":687072,"personasINE":703323,"porcentaje":0.9768939733237787},{"rango":{"min":70,"max":79},"vacunados":510432,"personasINE":526081,"porcentaje":0.9702536301444075},{"rango":{"min":80,"max":null},"vacunados":373580,"personasINE":373580,"porcentaje":1}]},"pautaCompleta":{"etarioTotal":{"vacunados":5139038,"personasINE":5977937,"porcentaje":0.859667473912823},"etarioRangos":[{"rango":{"min":12,"max":19},"vacunados":412649,"personasINE":553542,"porcentaje":0.7354941243812922},{"rango":{"min":20,"max":29},"vacunados":546086,"personasINE":742475,"porcentaje":0.8575359078399034},{"rango":{"min":30,"max":39},"vacunados":700079,"personasINE":949640,"porcentaje":0.8575359078399034},{"rango":{"min":40,"max":49},"vacunados":999862,"personasINE":1165971,"porcentaje":0.8575359078399034},{"rango":{"min":50,"max":59},"vacunados":927858,"personasINE":972783,"porcentaje":0.9538180663107805},{"rango":{"min":60,"max":69},"vacunados":673922,"personasINE":703323,"porcentaje":0.9581970161646924},{"rango":{"min":70,"max":79},"vacunados":508072,"personasINE":526081,"porcentaje":0.9657676289392698},{"rango":{"min":80,"max":null},"vacunados":370510,"personasINE":370510,"porcentaje":1}]}}},{"ccaa":"Murcia","dosisAdministradas":2199481,"dosisEntregadas":2407265,"dosisEntregadasModerna":398000,"dosisEntregadasPfizer":1687865,"dosisEntregadasAstrazeneca":253100,"dosisEntregadasJanssen":68300,"dosisPrimeraDosis":1181037,"dosisPautaCompletada":1142530,"porcentajeEntregadas":0.9136846171900477,"porcentajePoblacionAdministradas":1.4554041651585343,"porcentajePoblacionPrimeraDosis":0.781496257074437,"porcentajePoblacionCompletas":0.7560160423384336,"fechaUltRegistro":1633219200000,"etarios":{"unaDosis":{"etarioTotal":{"vacunados":1181037,"personasINE":1310137,"porcentaje":0.9014606869357937},"etarioRangos":[{"rango":{"min":12,"max":19},"vacunados":116587,"personasINE":141894,"porcentaje":0.8000034833495889},{"rango":{"min":20,"max":29},"vacunados":137799,"personasINE":172248,"porcentaje":0.9058455993736155},{"rango":{"min":30,"max":39},"vacunados":164569,"personasINE":209003,"porcentaje":0.9058455993736155},{"rango":{"min":40,"max":49},"vacunados":230227,"personasINE":254157,"porcentaje":0.9058455993736155},{"rango":{"min":50,"max":59},"vacunados":206808,"personasINE":213256,"porcentaje":0.9697640394643058},{"rango":{"min":60,"max":69},"vacunados":147933,"personasINE":147933,"porcentaje":1},{"rango":{"min":70,"max":79},"vacunados":103186,"personasINE":103186,"porcentaje":1},{"rango":{"min":80,"max":null},"vacunados":73928,"personasINE":73928,"porcentaje":1}]},"pautaCompleta":{"etarioTotal":{"vacunados":1142530,"personasINE":1310137,"porcentaje":0.8720691042234514},"etarioRangos":[{"rango":{"min":12,"max":19},"vacunados":110014,"personasINE":141894,"porcentaje":0.7472249314941247},{"rango":{"min":20,"max":29},"vacunados":128708,"personasINE":172248,"porcentaje":0.8827339006991741},{"rango":{"min":30,"max":39},"vacunados":156859,"personasINE":209003,"porcentaje":0.8827339006991741},{"rango":{"min":40,"max":49},"vacunados":224353,"personasINE":254157,"porcentaje":0.8827339006991741},{"rango":{"min":50,"max":59},"vacunados":203815,"personasINE":213256,"porcentaje":0.9557292643583299},{"rango":{"min":60,"max":69},"vacunados":144883,"personasINE":146909,"porcentaje":0.9862091498818997},{"rango":{"min":70,"max":79},"vacunados":101079,"personasINE":102899,"porcentaje":0.9823127532823448},{"rango":{"min":80,"max":null},"vacunados":72819,"personasINE":72819,"porcentaje":1}]}}},{"ccaa":"Navarra","dosisAdministradas":968424,"dosisEntregadas":1046175,"dosisEntregadasModerna":151500,"dosisEntregadasPfizer":734325,"dosisEntregadasAstrazeneca":136600,"dosisEntregadasJanssen":23750,"dosisPrimeraDosis":523384,"dosisPautaCompletada":512022,"porcentajeEntregadas":0.925680693956556,"porcentajePoblacionAdministradas":1.4646527434335002,"porcentajePoblacionPrimeraDosis":0.7915704396722913,"porcentajePoblacionCompletas":0.7743864536590457,"fechaUltRegistro":1633219200000,"etarios":{"unaDosis":{"etarioTotal":{"vacunados":523384,"personasINE":581354,"porcentaje":0.9002845082342256},"etarioRangos":[{"rango":{"min":12,"max":19},"vacunados":47346,"personasINE":56388,"porcentaje":0.8195575909698064},{"rango":{"min":20,"max":29},"vacunados":55834,"personasINE":68127,"porcentaje":0.878928167996889},{"rango":{"min":30,"max":39},"vacunados":63394,"personasINE":81341,"porcentaje":0.878928167996889},{"rango":{"min":40,"max":49},"vacunados":94926,"personasINE":108002,"porcentaje":0.878928167996889},{"rango":{"min":50,"max":59},"vacunados":91399,"personasINE":96694,"porcentaje":0.9452396219000144},{"rango":{"min":60,"max":69},"vacunados":72125,"personasINE":73844,"porcentaje":0.9767211960348844},{"rango":{"min":70,"max":79},"vacunados":55869,"personasINE":55869,"porcentaje":1},{"rango":{"min":80,"max":null},"vacunados":42491,"personasINE":42491,"porcentaje":1}]},"pautaCompleta":{"etarioTotal":{"vacunados":512022,"personasINE":581354,"porcentaje":0.8807404782628141},"etarioRangos":[{"rango":{"min":12,"max":19},"vacunados":44855,"personasINE":56388,"porcentaje":0.7765496792754708},{"rango":{"min":20,"max":29},"vacunados":52904,"personasINE":68127,"porcentaje":0.864622877354123},{"rango":{"min":30,"max":39},"vacunados":61247,"personasINE":81341,"porcentaje":0.864622877354123},{"rango":{"min":40,"max":49},"vacunados":93381,"personasINE":108002,"porcentaje":0.864622877354123},{"rango":{"min":50,"max":59},"vacunados":90429,"personasINE":96694,"porcentaje":0.9352079756758434},{"rango":{"min":60,"max":69},"vacunados":71405,"personasINE":73844,"porcentaje":0.9669709116515899},{"rango":{"min":70,"max":79},"vacunados":55706,"personasINE":55792,"porcentaje":0.9984585603670777},{"rango":{"min":80,"max":null},"vacunados":42095,"personasINE":42095,"porcentaje":1}]}}},{"ccaa":"País Vasco","dosisAdministradas":3328693,"dosisEntregadas":3668820,"dosisEntregadasModerna":526100,"dosisEntregadasPfizer":2597220,"dosisEntregadasAstrazeneca":444200,"dosisEntregadasJanssen":101300,"dosisPrimeraDosis":1797608,"dosisPautaCompletada":1759356,"porcentajeEntregadas":0.9072925354746213,"porcentajePoblacionAdministradas":1.4990709316443473,"porcentajePoblacionPrimeraDosis":0.8095495437071945,"porcentajePoblacionCompletas":0.7923228240075226,"fechaUltRegistro":1633219200000,"etarios":{"unaDosis":{"etarioTotal":{"vacunados":1797608,"personasINE":1983943,"porcentaje":0.9060784508425898},"etarioRangos":[{"rango":{"min":12,"max":19},"vacunados":141223,"personasINE":168606,"porcentaje":0.786179999404567},{"rango":{"min":20,"max":29},"vacunados":158442,"personasINE":201534,"porcentaje":0.8808172687935095},{"rango":{"min":30,"max":39},"vacunados":199954,"personasINE":260543,"porcentaje":0.8808172687935095},{"rango":{"min":40,"max":49},"vacunados":318973,"personasINE":362133,"porcentaje":0.8808172687935095},{"rango":{"min":50,"max":59},"vacunados":323017,"personasINE":339977,"porcentaje":0.9501142724360766},{"rango":{"min":60,"max":69},"vacunados":278245,"personasINE":280119,"porcentaje":0.9933099861130448},{"rango":{"min":70,"max":79},"vacunados":213641,"personasINE":213641,"porcentaje":1},{"rango":{"min":80,"max":null},"vacunados":164113,"personasINE":164113,"porcentaje":1}]},"pautaCompleta":{"etarioTotal":{"vacunados":1759356,"personasINE":1983943,"porcentaje":0.8867976549729504},"etarioRangos":[{"rango":{"min":12,"max":19},"vacunados":135485,"personasINE":168606,"porcentaje":0.7494368195937162},{"rango":{"min":20,"max":29},"vacunados":151037,"personasINE":201534,"porcentaje":0.8670626537763749},{"rango":{"min":30,"max":39},"vacunados":193006,"personasINE":260543,"porcentaje":0.8670626537763749},{"rango":{"min":40,"max":49},"vacunados":313992,"personasINE":362133,"porcentaje":0.8670626537763749},{"rango":{"min":50,"max":59},"vacunados":319481,"personasINE":339977,"porcentaje":0.9397135688590699},{"rango":{"min":60,"max":69},"vacunados":272643,"personasINE":280119,"porcentaje":0.9733113426793613},{"rango":{"min":70,"max":79},"vacunados":212004,"personasINE":213081,"porcentaje":0.9949455840736622},{"rango":{"min":80,"max":null},"vacunados":161708,"personasINE":157950,"porcentaje":1.023792339347895}]}}},{"ccaa":"Ceuta","dosisAdministradas":111406,"dosisEntregadas":140230,"dosisEntregadasModerna":22400,"dosisEntregadasPfizer":95580,"dosisEntregadasAstrazeneca":18100,"dosisEntregadasJanssen":4150,"dosisPrimeraDosis":61348,"dosisPautaCompletada":57845,"porcentajeEntregadas":0.7944519717606788,"porcentajePoblacionAdministradas":1.323080211871452,"porcentajePoblacionPrimeraDosis":0.7285812688534714,"porcentajePoblacionCompletas":0.6869789316168262,"fechaUltRegistro":1633046400000,"etarios":{"unaDosis":{"etarioTotal":{"vacunados":61348,"personasINE":70965,"porcentaje":0.8644824913689847},"etarioRangos":[{"rango":{"min":12,"max":19},"vacunados":8001,"personasINE":9126,"porcentaje":0.8082429105498313},{"rango":{"min":20,"max":29},"vacunados":8864,"personasINE":10967,"porcentaje":0.872093023255814},{"rango":{"min":30,"max":39},"vacunados":9038,"personasINE":11894,"porcentaje":0.872093023255814},{"rango":{"min":40,"max":49},"vacunados":11025,"personasINE":12642,"porcentaje":0.872093023255814},{"rango":{"min":50,"max":59},"vacunados":10515,"personasINE":11556,"porcentaje":0.9099169262720664},{"rango":{"min":60,"max":69},"vacunados":7624,"personasINE":7857,"porcentaje":0.9703449153620974},{"rango":{"min":70,"max":79},"vacunados":3885,"personasINE":4318,"porcentaje":0.8997220935618342},{"rango":{"min":80,"max":null},"vacunados":2396,"personasINE":2605,"porcentaje":0.9197696737044145}]},"pautaCompleta":{"etarioTotal":{"vacunados":57845,"personasINE":70965,"porcentaje":0.8151201296413725},"etarioRangos":[{"rango":{"min":12,"max":19},"vacunados":6696,"personasINE":9126,"porcentaje":0.7271815446339017},{"rango":{"min":20,"max":29},"vacunados":7975,"personasINE":10967,"porcentaje":0.8449612403100775},{"rango":{"min":30,"max":39},"vacunados":8506,"personasINE":11894,"porcentaje":0.8449612403100775},{"rango":{"min":40,"max":49},"vacunados":10682,"personasINE":12642,"porcentaje":0.8449612403100775},{"rango":{"min":50,"max":59},"vacunados":10302,"personasINE":11556,"porcentaje":0.891484942886812},{"rango":{"min":60,"max":69},"vacunados":7459,"personasINE":7857,"porcentaje":0.9493445335369733},{"rango":{"min":70,"max":79},"vacunados":3851,"personasINE":4318,"porcentaje":0.8918480778138027},{"rango":{"min":80,"max":null},"vacunados":2374,"personasINE":2605,"porcentaje":0.9113243761996161}]}}},{"ccaa":"Melilla","dosisAdministradas":100367,"dosisEntregadas":141100,"dosisEntregadasModerna":23500,"dosisEntregadasPfizer":96750,"dosisEntregadasAstrazeneca":15100,"dosisEntregadasJanssen":5750,"dosisPrimeraDosis":56482,"dosisPautaCompletada":53594,"porcentajeEntregadas":0.711318214032601,"porcentajePoblacionAdministradas":1.1526367770683081,"porcentajePoblacionPrimeraDosis":0.6486517524920759,"porcentajePoblacionCompletas":0.6154853231659699,"fechaUltRegistro":1632960000000,"etarios":{"unaDosis":{"etarioTotal":{"vacunados":56482,"personasINE":70927,"porcentaje":0.796339898769157},"etarioRangos":[{"rango":{"min":12,"max":19},"vacunados":7504,"personasINE":9574,"porcentaje":0.7021258857857441},{"rango":{"min":20,"max":29},"vacunados":8422,"personasINE":11995,"porcentaje":0.8314447592067988},{"rango":{"min":30,"max":39},"vacunados":8479,"personasINE":12133,"porcentaje":0.8314447592067988},{"rango":{"min":40,"max":49},"vacunados":9979,"personasINE":12002,"porcentaje":0.8314447592067988},{"rango":{"min":50,"max":59},"vacunados":9638,"personasINE":11299,"porcentaje":0.8529958403398531},{"rango":{"min":60,"max":69},"vacunados":7143,"personasINE":7827,"porcentaje":0.9126101954771944},{"rango":{"min":70,"max":79},"vacunados":3308,"personasINE":3748,"porcentaje":0.8826040554962646},{"rango":{"min":80,"max":null},"vacunados":2009,"personasINE":2349,"porcentaje":0.8552575564069816}]},"pautaCompleta":{"etarioTotal":{"vacunados":53594,"personasINE":70927,"porcentaje":0.7556219775261889},"etarioRangos":[{"rango":{"min":12,"max":19},"vacunados":6678,"personasINE":9574,"porcentaje":0.6326802834514381},{"rango":{"min":20,"max":29},"vacunados":7589,"personasINE":11995,"porcentaje":0.8098650224962506},{"rango":{"min":30,"max":39},"vacunados":8029,"personasINE":12133,"porcentaje":0.8098650224962506},{"rango":{"min":40,"max":49},"vacunados":9720,"personasINE":12002,"porcentaje":0.8098650224962506},{"rango":{"min":50,"max":59},"vacunados":9423,"personasINE":11299,"porcentaje":0.8339676077528985},{"rango":{"min":60,"max":69},"vacunados":6965,"personasINE":7827,"porcentaje":0.8898684042417273},{"rango":{"min":70,"max":79},"vacunados":3229,"personasINE":3748,"porcentaje":0.8615261472785486},{"rango":{"min":80,"max":null},"vacunados":1961,"personasINE":2349,"porcentaje":0.8348233290762026}]}}},{"ccaa":"Fuerzas Armadas","dosisAdministradas":172454,"dosisEntregadas":212238,"dosisEntregadasModerna":58300,"dosisEntregadasPfizer":48138,"dosisEntregadasAstrazeneca":103800,"dosisEntregadasJanssen":2000,"dosisPrimeraDosis":92531,"dosisPautaCompletada":86414,"porcentajeEntregadas":0.8125500617231598,"porcentajePoblacionAdministradas":null,"porcentajePoblacionPrimeraDosis":null,"porcentajePoblacionCompletas":null,"fechaUltRegistro":1633046400000},{"ccaa":"Sanidad Exterior","dosisAdministradas":6261,"dosisEntregadas":8745,"dosisEntregadasModerna":4810,"dosisEntregadasPfizer":0,"dosisEntregadasAstrazeneca":0,"dosisEntregadasJanssen":3935,"dosisPrimeraDosis":4693,"dosisPautaCompletada":4396,"porcentajeEntregadas":0.7159519725557462,"porcentajePoblacionAdministradas":null,"porcentajePoblacionPrimeraDosis":null,"porcentajePoblacionCompletas":null,"fechaUltRegistro":1633046400000,"etarios":{"unaDosis":{"etarioTotal":{"vacunados":4693,"personasINE":"-","porcentaje":"-"},"etarioRangos":[{"rango":{"min":12,"max":19},"vacunados":168,"personasINE":null,"porcentaje":"-"},{"rango":{"min":20,"max":29},"vacunados":1122,"personasINE":null,"porcentaje":"-"},{"rango":{"min":30,"max":39},"vacunados":1331,"personasINE":null,"porcentaje":"-"},{"rango":{"min":40,"max":49},"vacunados":1178,"personasINE":null,"porcentaje":"-"},{"rango":{"min":50,"max":59},"vacunados":622,"personasINE":null,"porcentaje":"-"},{"rango":{"min":60,"max":69},"vacunados":213,"personasINE":null,"porcentaje":"-"},{"rango":{"min":70,"max":79},"vacunados":33,"personasINE":null,"porcentaje":"-"},{"rango":{"min":80,"max":null},"vacunados":26,"personasINE":null,"porcentaje":"-"}]},"pautaCompleta":{"etarioTotal":{"vacunados":4396,"personasINE":"-","porcentaje":"-"},"etarioRangos":[{"rango":{"min":12,"max":19},"vacunados":148,"personasINE":null,"porcentaje":"-"},{"rango":{"min":20,"max":29},"vacunados":1042,"personasINE":null,"porcentaje":"-"},{"rango":{"min":30,"max":39},"vacunados":1228,"personasINE":null,"porcentaje":"-"},{"rango":{"min":40,"max":49},"vacunados":1119,"personasINE":null,"porcentaje":"-"},{"rango":{"min":50,"max":59},"vacunados":599,"personasINE":null,"porcentaje":"-"},{"rango":{"min":60,"max":69},"vacunados":203,"personasINE":null,"porcentaje":"-"},{"rango":{"min":70,"max":79},"vacunados":32,"personasINE":null,"porcentaje":"-"},{"rango":{"min":80,"max":null},"vacunados":25,"personasINE":null,"porcentaje":"-"}]}}},{"ccaa":"Totales","dosisAdministradas":70243260,"dosisEntregadas":75665711,"dosisEntregadasModerna":10752760,"dosisEntregadasPfizer":53616591,"dosisEntregadasAstrazeneca":9127900,"dosisEntregadasJanssen":2168460,"dosisPrimeraDosis":37727757,"dosisPautaCompletada":36745965,"porcentajeEntregadas":0.9283367468786489,"porcentajePoblacionAdministradas":1.4964478057094164,"porcentajePoblacionPrimeraDosis":0.8037442905837239,"porcentajePoblacionCompletas":0.7828283979548359,"fechaUltRegistro":null,"etarios":{"unaDosis":{"etarioTotal":{"vacunados":37727757,"personasINE":42119827,"porcentaje":0.8957244055157206},"etarioRangos":[{"rango":{"min":12,"max":19},"vacunados":3240396,"personasINE":3888686,"porcentaje":0.7895013590473725},{"rango":{"min":20,"max":29},"vacunados":3903800,"personasINE":4944640,"porcentaje":0.8792813293195149},{"rango":{"min":30,"max":39},"vacunados":4837199,"personasINE":6230403,"porcentaje":0.8792813293195149},{"rango":{"min":40,"max":49},"vacunados":6939057,"personasINE":7891737,"porcentaje":0.8792813293195149},{"rango":{"min":50,"max":59},"vacunados":6661698,"personasINE":7033306,"porcentaje":0.9471645340043502},{"rango":{"min":60,"max":69},"vacunados":5269373,"personasINE":5336986,"porcentaje":0.9873312390176777},{"rango":{"min":70,"max":79},"vacunados":3940256,"personasINE":3960045,"porcentaje":0.9950028345637486},{"rango":{"min":80,"max":null},"vacunados":2935978,"personasINE":2935978,"porcentaje":1}]},"pautaCompleta":{"etarioTotal":{"vacunados":36745965,"personasINE":42119827,"porcentaje":0.8724149080669301},"etarioRangos":[{"rango":{"min":12,"max":19},"vacunados":3032674,"personasINE":3888686,"porcentaje":0.7438234128268185},{"rango":{"min":20,"max":29},"vacunados":3677939,"personasINE":4944640,"porcentaje":0.8625486378980952},{"rango":{"min":30,"max":39},"vacunados":4642191,"personasINE":6230403,"porcentaje":0.8625486378980952},{"rango":{"min":40,"max":49},"vacunados":6807007,"personasINE":7891737,"porcentaje":0.8625486378980952},{"rango":{"min":50,"max":59},"vacunados":6582122,"personasINE":7033306,"porcentaje":0.9358503668118521},{"rango":{"min":60,"max":69},"vacunados":5190863,"personasINE":5336986,"porcentaje":0.9726206889056858},{"rango":{"min":70,"max":79},"vacunados":3912917,"personasINE":3960045,"porcentaje":0.9880991251362042},{"rango":{"min":80,"max":null},"vacunados":2900252,"personasINE":2900252,"porcentaje":1}]}}}]