[{"ccaa":"Andalucía","dosisAdministradas":12626160,"dosisEntregadas":13316870,"dosisEntregadasModerna":2019500,"dosisEntregadasPfizer":9434970,"dosisEntregadasAstrazeneca":1528900,"dosisEntregadasJanssen":333500,"dosisPrimeraDosis":6768994,"dosisPautaCompletada":6556961,"porcentajeEntregadas":0.9481327068597951,"porcentajePoblacionAdministradas":1.4916761485235062,"porcentajePoblacionPrimeraDosis":0.7997005343904023,"porcentajePoblacionCompletas":0.7746505929355274,"fechaUltRegistro":1632614400000,"etarios":{"unaDosis":{"etarioTotal":{"vacunados":6768994,"personasINE":7451975,"porcentaje":0.9083489947295851},"etarioRangos":[{"rango":{"min":12,"max":19},"vacunados":644601,"personasINE":752907,"porcentaje":0.8035086661383136},{"rango":{"min":20,"max":29},"vacunados":746196,"personasINE":928672,"porcentaje":0.8956114803546856},{"rango":{"min":30,"max":39},"vacunados":914088,"personasINE":1140217,"porcentaje":0.8956114803546856},{"rango":{"min":40,"max":49},"vacunados":1240524,"personasINE":1385114,"porcentaje":0.8956114803546856},{"rango":{"min":50,"max":59},"vacunados":1209678,"personasINE":1265021,"porcentaje":0.9562513191480616},{"rango":{"min":60,"max":69},"vacunados":926475,"personasINE":926475,"porcentaje":1},{"rango":{"min":70,"max":79},"vacunados":653598,"personasINE":653598,"porcentaje":1},{"rango":{"min":80,"max":null},"vacunados":433834,"personasINE":433834,"porcentaje":1}]},"pautaCompleta":{"etarioTotal":{"vacunados":6556961,"personasINE":7451975,"porcentaje":0.8798957323394134},"etarioRangos":[{"rango":{"min":12,"max":19},"vacunados":583617,"personasINE":752907,"porcentaje":0.7494056028393232},{"rango":{"min":20,"max":29},"vacunados":695952,"personasINE":928672,"porcentaje":0.8789471480325807},{"rango":{"min":30,"max":39},"vacunados":876386,"personasINE":1140217,"porcentaje":0.8789471480325807},{"rango":{"min":40,"max":49},"vacunados":1217442,"personasINE":1385114,"porcentaje":0.8789471480325807},{"rango":{"min":50,"max":59},"vacunados":1194416,"personasINE":1265021,"porcentaje":0.9441866972959342},{"rango":{"min":60,"max":69},"vacunados":914063,"personasINE":916147,"porcentaje":0.9977252558814251},{"rango":{"min":70,"max":79},"vacunados":647865,"personasINE":650381,"porcentaje":0.9961314983063774},{"rango":{"min":80,"max":null},"vacunados":427220,"personasINE":427220,"porcentaje":1}]}}},{"ccaa":"Aragón","dosisAdministradas":1961652,"dosisEntregadas":2136845,"dosisEntregadasModerna":275200,"dosisEntregadasPfizer":1531845,"dosisEntregadasAstrazeneca":265100,"dosisEntregadasJanssen":64700,"dosisPrimeraDosis":1057344,"dosisPautaCompletada":1028833,"porcentajeEntregadas":0.9180132391446267,"porcentajePoblacionAdministradas":1.475601986172616,"porcentajePoblacionPrimeraDosis":0.7953596797330507,"porcentajePoblacionCompletas":0.773913017313943,"fechaUltRegistro":1632614400000,"etarios":{"unaDosis":{"etarioTotal":{"vacunados":1057344,"personasINE":1185134,"porcentaje":0.8921725307011696},"etarioRangos":[{"rango":{"min":12,"max":19},"vacunados":86023,"personasINE":103109,"porcentaje":0.7773943451353901},{"rango":{"min":20,"max":29},"vacunados":101373,"personasINE":130401,"porcentaje":0.8677509851448989},{"rango":{"min":30,"max":39},"vacunados":123578,"personasINE":164286,"porcentaje":0.8677509851448989},{"rango":{"min":40,"max":49},"vacunados":186517,"personasINE":214943,"porcentaje":0.8677509851448989},{"rango":{"min":50,"max":59},"vacunados":185328,"personasINE":198266,"porcentaje":0.934744232495738},{"rango":{"min":60,"max":69},"vacunados":154183,"personasINE":156367,"porcentaje":0.9860328585954837},{"rango":{"min":70,"max":79},"vacunados":119160,"personasINE":119160,"porcentaje":1},{"rango":{"min":80,"max":null},"vacunados":101182,"personasINE":101182,"porcentaje":1}]},"pautaCompleta":{"etarioTotal":{"vacunados":1028833,"personasINE":1185134,"porcentaje":0.8681153354810511},"etarioRangos":[{"rango":{"min":12,"max":19},"vacunados":78343,"personasINE":103109,"porcentaje":0.735209085819894},{"rango":{"min":20,"max":29},"vacunados":95872,"personasINE":130401.00000000001,"porcentaje":0.8523515536677165},{"rango":{"min":30,"max":39},"vacunados":118528,"personasINE":164286,"porcentaje":0.8523515536677165},{"rango":{"min":40,"max":49},"vacunados":183207,"personasINE":214943,"porcentaje":0.8523515536677165},{"rango":{"min":50,"max":59},"vacunados":182932,"personasINE":198266,"porcentaje":0.9226594574964946},{"rango":{"min":60,"max":69},"vacunados":151850,"personasINE":156367,"porcentaje":0.9711128307123625},{"rango":{"min":70,"max":79},"vacunados":118305,"personasINE":118955,"porcentaje":0.9945357488125762},{"rango":{"min":80,"max":null},"vacunados":99796,"personasINE":99796,"porcentaje":1}]}}},{"ccaa":"Asturias","dosisAdministradas":1654236,"dosisEntregadas":1641265,"dosisEntregadasModerna":162000,"dosisEntregadasPfizer":1215365,"dosisEntregadasAstrazeneca":220900,"dosisEntregadasJanssen":43000,"dosisPrimeraDosis":870655,"dosisPautaCompletada":856290,"porcentajeEntregadas":1.0079030503910094,"porcentajePoblacionAdministradas":1.6237357477149228,"porcentajePoblacionPrimeraDosis":0.854602153155134,"porcentajePoblacionCompletas":0.8405020102396582,"fechaUltRegistro":1632528000000,"etarios":{"unaDosis":{"etarioTotal":{"vacunados":870655,"personasINE":933927,"porcentaje":0.9322516642093012},"etarioRangos":[{"rango":{"min":12,"max":19},"vacunados":59971,"personasINE":64000.00000000001,"porcentaje":0.8329941474636903},{"rango":{"min":20,"max":29},"vacunados":65899,"personasINE":79111,"porcentaje":0.899696394459648},{"rango":{"min":30,"max":39},"vacunados":90377,"personasINE":114450.99999999999,"porcentaje":0.899696394459648},{"rango":{"min":40,"max":49},"vacunados":150243,"personasINE":166993,"porcentaje":0.899696394459648},{"rango":{"min":50,"max":59},"vacunados":152951,"personasINE":162645,"porcentaje":0.9403977988871468},{"rango":{"min":60,"max":69},"vacunados":148031,"personasINE":149652,"porcentaje":0.9891682035656055},{"rango":{"min":70,"max":79},"vacunados":114291,"personasINE":114291,"porcentaje":1},{"rango":{"min":80,"max":null},"vacunados":88892,"personasINE":88892,"porcentaje":1}]},"pautaCompleta":{"etarioTotal":{"vacunados":856290,"personasINE":933927,"porcentaje":0.9168703763784536},"etarioRangos":[{"rango":{"min":12,"max":19},"vacunados":56328,"personasINE":64000,"porcentaje":0.7935558898256879},{"rango":{"min":20,"max":29},"vacunados":62779,"personasINE":79111,"porcentaje":0.8910074074961226},{"rango":{"min":30,"max":39},"vacunados":87789,"personasINE":114451,"porcentaje":0.8910074074961226},{"rango":{"min":40,"max":49},"vacunados":148792,"personasINE":166993,"porcentaje":0.8910074074961226},{"rango":{"min":50,"max":59},"vacunados":151848,"personasINE":162645,"porcentaje":0.9336161578898828},{"rango":{"min":60,"max":69},"vacunados":146859,"personasINE":149652,"porcentaje":0.9813367011466603},{"rango":{"min":70,"max":79},"vacunados":113809,"personasINE":113809,"porcentaje":1},{"rango":{"min":80,"max":null},"vacunados":88086,"personasINE":88086,"porcentaje":1}]}}},{"ccaa":"Baleares","dosisAdministradas":1572911,"dosisEntregadas":1891250,"dosisEntregadasModerna":305100,"dosisEntregadasPfizer":1272150,"dosisEntregadasAstrazeneca":256400,"dosisEntregadasJanssen":57600,"dosisPrimeraDosis":844590,"dosisPautaCompletada":820127,"porcentajeEntregadas":0.8316779907468606,"porcentajePoblacionAdministradas":1.3425977535609022,"porcentajePoblacionPrimeraDosis":0.7209210417372645,"porcentajePoblacionCompletas":0.700040032674857,"fechaUltRegistro":1632614400000,"etarios":{"unaDosis":{"etarioTotal":{"vacunados":844590,"personasINE":1034867,"porcentaje":0.8161338606796815},"etarioRangos":[{"rango":{"min":12,"max":19},"vacunados":72557,"personasINE":95480,"porcentaje":0.6809021182815966},{"rango":{"min":20,"max":29},"vacunados":93925,"personasINE":137942,"porcentaje":0.8040131540655375},{"rango":{"min":30,"max":39},"vacunados":122643,"personasINE":182187,"porcentaje":0.8040131540655375},{"rango":{"min":40,"max":49},"vacunados":165765,"personasINE":206172,"porcentaje":0.8040131540655375},{"rango":{"min":50,"max":59},"vacunados":149280,"personasINE":165797,"porcentaje":0.9003781733083228},{"rango":{"min":60,"max":69},"vacunados":109909,"personasINE":117231,"porcentaje":0.9375421176992433},{"rango":{"min":70,"max":79},"vacunados":79093,"personasINE":80516,"porcentaje":0.9823264941129713},{"rango":{"min":80,"max":null},"vacunados":51418,"personasINE":51418,"porcentaje":1}]},"pautaCompleta":{"etarioTotal":{"vacunados":820127,"personasINE":1034867,"porcentaje":0.7924950742462558},"etarioRangos":[{"rango":{"min":12,"max":19},"vacunados":67572,"personasINE":95480,"porcentaje":0.6398776297284365},{"rango":{"min":20,"max":29},"vacunados":88266,"personasINE":137942,"porcentaje":0.784728285121161},{"rango":{"min":30,"max":39},"vacunados":117190,"personasINE":182187,"porcentaje":0.784728285121161},{"rango":{"min":40,"max":49},"vacunados":161789,"personasINE":206172,"porcentaje":0.784728285121161},{"rango":{"min":50,"max":59},"vacunados":147277,"personasINE":165797,"porcentaje":0.8882971344475473},{"rango":{"min":60,"max":69},"vacunados":108676,"personasINE":117231,"porcentaje":0.927024421867936},{"rango":{"min":70,"max":79},"vacunados":78583,"personasINE":80516,"porcentaje":0.9759923493467138},{"rango":{"min":80,"max":null},"vacunados":50774,"personasINE":50774,"porcentaje":1}]}}},{"ccaa":"Canarias","dosisAdministradas":3099511,"dosisEntregadas":3522840,"dosisEntregadasModerna":574700,"dosisEntregadasPfizer":2358690,"dosisEntregadasAstrazeneca":455800,"dosisEntregadasJanssen":133650,"dosisPrimeraDosis":1659176,"dosisPautaCompletada":1607472,"porcentajeEntregadas":0.8798330324397361,"porcentajePoblacionAdministradas":1.4244390501261057,"porcentajePoblacionPrimeraDosis":0.7625057905689097,"porcentajePoblacionCompletas":0.7387442370052281,"fechaUltRegistro":1632614400000,"etarios":{"unaDosis":{"etarioTotal":{"vacunados":1659176,"personasINE":1960774,"porcentaje":0.8461842109289495},"etarioRangos":[{"rango":{"min":12,"max":19},"vacunados":145319,"personasINE":179797,"porcentaje":0.7295628962295629},{"rango":{"min":20,"max":29},"vacunados":183666,"personasINE":251747.99999999997,"porcentaje":0.8149070436477248},{"rango":{"min":30,"max":39},"vacunados":226446,"personasINE":310934,"porcentaje":0.8149070436477248},{"rango":{"min":40,"max":49},"vacunados":316122,"personasINE":387924,"porcentaje":0.8149070436477248},{"rango":{"min":50,"max":59},"vacunados":319669,"personasINE":350512,"porcentaje":0.9120058657050258},{"rango":{"min":60,"max":69},"vacunados":223889,"personasINE":235092,"porcentaje":0.9523463154850016},{"rango":{"min":70,"max":79},"vacunados":151162,"personasINE":154531,"porcentaje":0.9781985491584213},{"rango":{"min":80,"max":null},"vacunados":92903,"personasINE":92903,"porcentaje":1}]},"pautaCompleta":{"etarioTotal":{"vacunados":1607472,"personasINE":1960774,"porcentaje":0.8198150322270695},"etarioRangos":[{"rango":{"min":12,"max":19},"vacunados":132056,"personasINE":179797,"porcentaje":0.6807045140378474},{"rango":{"min":20,"max":29},"vacunados":171366,"personasINE":251748,"porcentaje":0.800378424639878},{"rango":{"min":30,"max":39},"vacunados":216684,"personasINE":310934,"porcentaje":0.800378424639878},{"rango":{"min":40,"max":49},"vacunados":310486,"personasINE":387924,"porcentaje":0.800378424639878},{"rango":{"min":50,"max":59},"vacunados":316443,"personasINE":350512,"porcentaje":0.9028021865157255},{"rango":{"min":60,"max":69},"vacunados":218922,"personasINE":235092,"porcentaje":0.9312184166198765},{"rango":{"min":70,"max":79},"vacunados":149865,"personasINE":154531,"porcentaje":0.9698054112119898},{"rango":{"min":80,"max":null},"vacunados":91650,"personasINE":91650,"porcentaje":1}]}}},{"ccaa":"Cantabria","dosisAdministradas":898987,"dosisEntregadas":992355,"dosisEntregadasModerna":114900,"dosisEntregadasPfizer":727305,"dosisEntregadasAstrazeneca":125200,"dosisEntregadasJanssen":24950,"dosisPrimeraDosis":477379,"dosisPautaCompletada":463996,"porcentajeEntregadas":0.9059127026114646,"porcentajePoblacionAdministradas":1.5422530257932252,"porcentajePoblacionPrimeraDosis":0.8189653545603486,"porcentajePoblacionCompletas":0.7960062102744014,"fechaUltRegistro":1632614400000,"etarios":{"unaDosis":{"etarioTotal":{"vacunados":477379,"personasINE":524127,"porcentaje":0.9108078767169026},"etarioRangos":[{"rango":{"min":12,"max":19},"vacunados":37820,"personasINE":43963,"porcentaje":0.7940599940599941},{"rango":{"min":20,"max":29},"vacunados":40104,"personasINE":50505,"porcentaje":0.8920005318659289},{"rango":{"min":30,"max":39},"vacunados":53795,"personasINE":70473,"porcentaje":0.8920005318659289},{"rango":{"min":40,"max":49},"vacunados":87210,"personasINE":97769,"porcentaje":0.8920005318659289},{"rango":{"min":50,"max":59},"vacunados":83860,"personasINE":89964,"porcentaje":0.9321506380329909},{"rango":{"min":60,"max":69},"vacunados":76452,"personasINE":77345,"porcentaje":0.9884543280108604},{"rango":{"min":70,"max":79},"vacunados":55871,"personasINE":55871,"porcentaje":1},{"rango":{"min":80,"max":null},"vacunados":42267,"personasINE":42267,"porcentaje":1}]},"pautaCompleta":{"etarioTotal":{"vacunados":463996,"personasINE":524127,"porcentaje":0.8852739889377956},"etarioRangos":[{"rango":{"min":12,"max":19},"vacunados":32164,"personasINE":43963,"porcentaje":0.7431343431343431},{"rango":{"min":20,"max":29},"vacunados":37532,"personasINE":50505,"porcentaje":0.8782845278155652},{"rango":{"min":30,"max":39},"vacunados":51869,"personasINE":70473,"porcentaje":0.8782845278155652},{"rango":{"min":40,"max":49},"vacunados":85869,"personasINE":97769,"porcentaje":0.8782845278155652},{"rango":{"min":50,"max":59},"vacunados":83194,"personasINE":89964,"porcentaje":0.9247476768485172},{"rango":{"min":60,"max":69},"vacunados":75934,"personasINE":77345,"porcentaje":0.981757062512121},{"rango":{"min":70,"max":79},"vacunados":55642,"personasINE":55642,"porcentaje":1},{"rango":{"min":80,"max":null},"vacunados":41792,"personasINE":41792,"porcentaje":1}]}}},{"ccaa":"Castilla y Leon","dosisAdministradas":3702060,"dosisEntregadas":3886585,"dosisEntregadasModerna":412400,"dosisEntregadasPfizer":2890785,"dosisEntregadasAstrazeneca":481200,"dosisEntregadasJanssen":102200,"dosisPrimeraDosis":1986421,"dosisPautaCompletada":1936688,"porcentajeEntregadas":0.9525225873099392,"porcentajePoblacionAdministradas":1.5457982277472548,"porcentajePoblacionPrimeraDosis":0.8294317383726708,"porcentajePoblacionCompletas":0.8086656829169099,"fechaUltRegistro":1632528000000,"etarios":{"unaDosis":{"etarioTotal":{"vacunados":1986421,"personasINE":2176253,"porcentaje":0.9127711713665645},"etarioRangos":[{"rango":{"min":12,"max":19},"vacunados":138819,"personasINE":165342,"porcentaje":0.798801929802944},{"rango":{"min":20,"max":29},"vacunados":168552,"personasINE":211006,"porcentaje":0.8775023740383424},{"rango":{"min":30,"max":39},"vacunados":209295,"personasINE":267783,"porcentaje":0.8775023740383424},{"rango":{"min":40,"max":49},"vacunados":318801,"personasINE":363305,"porcentaje":0.8775023740383424},{"rango":{"min":50,"max":59},"vacunados":351631,"personasINE":381175,"porcentaje":0.9224922935659474},{"rango":{"min":60,"max":69},"vacunados":319794,"personasINE":319794,"porcentaje":1},{"rango":{"min":70,"max":79},"vacunados":250313,"personasINE":250313,"porcentaje":1},{"rango":{"min":80,"max":null},"vacunados":229216,"personasINE":229216,"porcentaje":1}]},"pautaCompleta":{"etarioTotal":{"vacunados":1936688,"personasINE":2176253,"porcentaje":0.8899185894287107},"etarioRangos":[{"rango":{"min":12,"max":19},"vacunados":123219,"personasINE":165342,"porcentaje":0.7551207074680341},{"rango":{"min":20,"max":29},"vacunados":159335,"personasINE":211006,"porcentaje":0.8620855754806568},{"rango":{"min":30,"max":39},"vacunados":201867,"personasINE":267783,"porcentaje":0.8620855754806568},{"rango":{"min":40,"max":49},"vacunados":313200,"personasINE":363305,"porcentaje":0.8620855754806568},{"rango":{"min":50,"max":59},"vacunados":347226,"personasINE":381175,"porcentaje":0.9109359218206861},{"rango":{"min":60,"max":69},"vacunados":316476,"personasINE":318575,"porcentaje":0.9934112846268539},{"rango":{"min":70,"max":79},"vacunados":248761,"personasINE":248761,"porcentaje":1},{"rango":{"min":80,"max":null},"vacunados":226604,"personasINE":226604,"porcentaje":1}]}}},{"ccaa":"Castilla La Mancha","dosisAdministradas":2970136,"dosisEntregadas":3267320,"dosisEntregadasModerna":446800,"dosisEntregadasPfizer":2309445,"dosisEntregadasAstrazeneca":411700,"dosisEntregadasJanssen":99375,"dosisPrimeraDosis":1604054,"dosisPautaCompletada":1530861,"porcentajeEntregadas":0.9090434974229644,"porcentajePoblacionAdministradas":1.4522323015458964,"porcentajePoblacionPrimeraDosis":0.7842937266926165,"porcentajePoblacionCompletas":0.7485063961302959,"fechaUltRegistro":1632614400000},{"ccaa":"Cataluña","dosisAdministradas":10874810,"dosisEntregadas":11863410,"dosisEntregadasModerna":1604900,"dosisEntregadasPfizer":8368460,"dosisEntregadasAstrazeneca":1514300,"dosisEntregadasJanssen":375750,"dosisPrimeraDosis":5877037,"dosisPautaCompletada":5677608,"porcentajeEntregadas":0.9166681417905982,"porcentajePoblacionAdministradas":1.3977044343927925,"porcentajePoblacionPrimeraDosis":0.7553567074726376,"porcentajePoblacionCompletas":0.7297247380270546,"fechaUltRegistro":1632614400000,"etarios":{"unaDosis":{"etarioTotal":{"vacunados":5877037,"personasINE":6868360,"porcentaje":0.8556681653262205},"etarioRangos":[{"rango":{"min":12,"max":19},"vacunados":504846,"personasINE":656166,"porcentaje":0.7219140934637368},{"rango":{"min":20,"max":29},"vacunados":605639,"personasINE":838935,"porcentaje":0.8483840957505383},{"rango":{"min":30,"max":39},"vacunados":756340,"personasINE":1044652,"porcentaje":0.8483840957505383},{"rango":{"min":40,"max":49},"vacunados":1117114,"personasINE":1316755,"porcentaje":0.8483840957505383},{"rango":{"min":50,"max":59},"vacunados":1020050,"personasINE":1091780,"porcentaje":0.934299950539486},{"rango":{"min":60,"max":69},"vacunados":797012,"personasINE":837584,"porcentaje":0.9515606792870924},{"rango":{"min":70,"max":79},"vacunados":617621,"personasINE":635292,"porcentaje":0.9721844443185181},{"rango":{"min":80,"max":null},"vacunados":458415,"personasINE":458415,"porcentaje":1}]},"pautaCompleta":{"etarioTotal":{"vacunados":5677608,"personasINE":6868360,"porcentaje":0.8266322673826066},"etarioRangos":[{"rango":{"min":12,"max":19},"vacunados":451650,"personasINE":656166,"porcentaje":0.671576463015609},{"rango":{"min":20,"max":29},"vacunados":563409,"personasINE":838935.0000000001,"porcentaje":0.8299714069815569},{"rango":{"min":30,"max":39},"vacunados":714429,"personasINE":1044652,"porcentaje":0.8299714069815569},{"rango":{"min":40,"max":49},"vacunados":1092869,"personasINE":1316755,"porcentaje":0.8299714069815569},{"rango":{"min":50,"max":59},"vacunados":1006671,"personasINE":1091780,"porcentaje":0.9220456502225723},{"rango":{"min":60,"max":69},"vacunados":783173,"personasINE":837584,"porcentaje":0.9350381573669029},{"rango":{"min":70,"max":79},"vacunados":613118,"personasINE":635292,"porcentaje":0.9650963651360319},{"rango":{"min":80,"max":null},"vacunados":452289,"personasINE":452289,"porcentaje":1}]}}},{"ccaa":"C. Valenciana","dosisAdministradas":7525039,"dosisEntregadas":8088540,"dosisEntregadasModerna":1213650,"dosisEntregadasPfizer":5797540,"dosisEntregadasAstrazeneca":863900,"dosisEntregadasJanssen":213450,"dosisPrimeraDosis":4044812,"dosisPautaCompletada":3931121,"porcentajeEntregadas":0.9303334099849911,"porcentajePoblacionAdministradas":1.4879402327660338,"porcentajePoblacionPrimeraDosis":0.7997883477779779,"porcentajePoblacionCompletas":0.7773080107320964,"fechaUltRegistro":1632614400000,"etarios":{"unaDosis":{"etarioTotal":{"vacunados":4044812,"personasINE":4488459,"porcentaje":0.9011582817176229},"etarioRangos":[{"rango":{"min":12,"max":19},"vacunados":359689,"personasINE":424531,"porcentaje":0.8087734390439544},{"rango":{"min":20,"max":29},"vacunados":417429,"personasINE":516126,"porcentaje":0.8806852609477822},{"rango":{"min":30,"max":39},"vacunados":503949,"personasINE":648759,"porcentaje":0.8806852609477822},{"rango":{"min":40,"max":49},"vacunados":749981,"personasINE":851588,"porcentaje":0.8806852609477822},{"rango":{"min":50,"max":59},"vacunados":713528,"personasINE":752334,"porcentaje":0.9484191861593388},{"rango":{"min":60,"max":69},"vacunados":569046,"personasINE":580728,"porcentaje":0.9798838699012274},{"rango":{"min":70,"max":79},"vacunados":434100,"personasINE":437862,"porcentaje":0.9914082519149869},{"rango":{"min":80,"max":null},"vacunados":297090,"personasINE":297090,"porcentaje":1}]},"pautaCompleta":{"etarioTotal":{"vacunados":3931121,"personasINE":4488459,"porcentaje":0.8758286529964961},"etarioRangos":[{"rango":{"min":12,"max":19},"vacunados":327726,"personasINE":424531,"porcentaje":0.7581927668825055},{"rango":{"min":20,"max":29},"vacunados":391323,"personasINE":516126,"porcentaje":0.867013156596852},{"rango":{"min":30,"max":39},"vacunados":482297,"personasINE":648759,"porcentaje":0.867013156596852},{"rango":{"min":40,"max":49},"vacunados":738338,"personasINE":851588,"porcentaje":0.867013156596852},{"rango":{"min":50,"max":59},"vacunados":706631,"personasINE":752334,"porcentaje":0.9392517153285642},{"rango":{"min":60,"max":69},"vacunados":560951,"personasINE":580728,"porcentaje":0.9659444697001006},{"rango":{"min":70,"max":79},"vacunados":431055,"personasINE":437862,"porcentaje":0.9844540060567027},{"rango":{"min":80,"max":null},"vacunados":292800,"personasINE":292800,"porcentaje":1}]}}},{"ccaa":"Extremadura","dosisAdministradas":1675681,"dosisEntregadas":1682775,"dosisEntregadasModerna":218200,"dosisEntregadasPfizer":1226825,"dosisEntregadasAstrazeneca":186000,"dosisEntregadasJanssen":51750,"dosisPrimeraDosis":891792,"dosisPautaCompletada":871129,"porcentajeEntregadas":0.9957843443122224,"porcentajePoblacionAdministradas":1.5749074001844008,"porcentajePoblacionPrimeraDosis":0.8381606166240753,"porcentajePoblacionCompletas":0.8187402665634073,"fechaUltRegistro":1632528000000,"etarios":{"unaDosis":{"etarioTotal":{"vacunados":891792,"personasINE":953437,"porcentaje":0.9353444433140312},"etarioRangos":[{"rango":{"min":12,"max":19},"vacunados":74228,"personasINE":84750,"porcentaje":0.8060977762089657},{"rango":{"min":20,"max":29},"vacunados":91347,"personasINE":113320,"porcentaje":0.9147804933100931},{"rango":{"min":30,"max":39},"vacunados":112247,"personasINE":133479,"porcentaje":0.9147804933100931},{"rango":{"min":40,"max":49},"vacunados":145902,"personasINE":159494,"porcentaje":0.9147804933100931},{"rango":{"min":50,"max":59},"vacunados":161245,"personasINE":169216,"porcentaje":0.9528945253403933},{"rango":{"min":60,"max":69},"vacunados":132717,"personasINE":132717,"porcentaje":1},{"rango":{"min":70,"max":79},"vacunados":95879,"personasINE":95879,"porcentaje":1},{"rango":{"min":80,"max":null},"vacunados":78227,"personasINE":78227,"porcentaje":1}]},"pautaCompleta":{"etarioTotal":{"vacunados":871129,"personasINE":953437,"porcentaje":0.9136723244430414},"etarioRangos":[{"rango":{"min":12,"max":19},"vacunados":68426,"personasINE":84750,"porcentaje":0.7646487822096717},{"rango":{"min":20,"max":29},"vacunados":86650,"personasINE":113320,"porcentaje":0.9009429821811479},{"rango":{"min":30,"max":39},"vacunados":108668,"personasINE":133479,"porcentaje":0.9009429821811479},{"rango":{"min":40,"max":49},"vacunados":143695,"personasINE":159494,"porcentaje":0.9009429821811479},{"rango":{"min":50,"max":59},"vacunados":159863,"personasINE":169216,"porcentaje":0.9447274489409985},{"rango":{"min":60,"max":69},"vacunados":131193,"personasINE":125297,"porcentaje":1.047056194481911},{"rango":{"min":70,"max":79},"vacunados":95330,"personasINE":95330,"porcentaje":1},{"rango":{"min":80,"max":null},"vacunados":77304,"personasINE":77304,"porcentaje":1}]}}},{"ccaa":"Galicia","dosisAdministradas":4339796,"dosisEntregadas":4321089,"dosisEntregadasModerna":507400,"dosisEntregadasPfizer":3117589,"dosisEntregadasAstrazeneca":573400,"dosisEntregadasJanssen":122700,"dosisPrimeraDosis":2298169,"dosisPautaCompletada":2249650,"porcentajeEntregadas":1.0043292327466524,"porcentajePoblacionAdministradas":1.606249715469467,"porcentajePoblacionPrimeraDosis":0.8506006508948231,"porcentajePoblacionCompletas":0.8326427491997058,"fechaUltRegistro":1632614400000,"etarios":{"unaDosis":{"etarioTotal":{"vacunados":2298169,"personasINE":2454497,"porcentaje":0.9363095575183021},"etarioRangos":[{"rango":{"min":12,"max":19},"vacunados":165846,"personasINE":180007,"porcentaje":0.8493512453405259},{"rango":{"min":20,"max":29},"vacunados":196184,"personasINE":230981,"porcentaje":0.9169353437675561},{"rango":{"min":30,"max":39},"vacunados":261366,"personasINE":323408,"porcentaje":0.9169353437675561},{"rango":{"min":40,"max":49},"vacunados":406405,"personasINE":443221,"porcentaje":0.9169353437675561},{"rango":{"min":50,"max":59},"vacunados":389964,"personasINE":405889,"porcentaje":0.9607651352956104},{"rango":{"min":60,"max":69},"vacunados":345221,"personasINE":346927,"porcentaje":0.9950825389779406},{"rango":{"min":70,"max":79},"vacunados":291090,"personasINE":291090,"porcentaje":1},{"rango":{"min":80,"max":null},"vacunados":242093,"personasINE":242093,"porcentaje":1}]},"pautaCompleta":{"etarioTotal":{"vacunados":2249650,"personasINE":2454497,"porcentaje":0.9165421672953766},"etarioRangos":[{"rango":{"min":12,"max":19},"vacunados":155839,"personasINE":180007,"porcentaje":0.79773661037055},{"rango":{"min":20,"max":29},"vacunados":184262,"personasINE":230981,"porcentaje":0.9023805279984477},{"rango":{"min":30,"max":39},"vacunados":250974,"personasINE":323408,"porcentaje":0.9023805279984477},{"rango":{"min":40,"max":49},"vacunados":399954,"personasINE":443221,"porcentaje":0.9023805279984477},{"rango":{"min":50,"max":59},"vacunados":386424,"personasINE":405889,"porcentaje":0.952043538997115},{"rango":{"min":60,"max":69},"vacunados":342312,"personasINE":346927,"porcentaje":0.9866974896736201},{"rango":{"min":70,"max":79},"vacunados":289535,"personasINE":289762,"porcentaje":0.9992165984497622},{"rango":{"min":80,"max":null},"vacunados":240350,"personasINE":240350,"porcentaje":1}]}}},{"ccaa":"La Rioja","dosisAdministradas":470215,"dosisEntregadas":510565,"dosisEntregadasModerna":67600,"dosisEntregadasPfizer":374465,"dosisEntregadasAstrazeneca":53300,"dosisEntregadasJanssen":15200,"dosisPrimeraDosis":256026,"dosisPautaCompletada":248880,"porcentajeEntregadas":0.9209699058885744,"porcentajePoblacionAdministradas":1.4698168882887277,"porcentajePoblacionPrimeraDosis":0.8002963296385903,"porcentajePoblacionCompletas":0.7779590765018098,"fechaUltRegistro":1632441600000,"etarios":{"unaDosis":{"etarioTotal":{"vacunados":256026,"personasINE":283970,"porcentaje":0.9015952389336902},"etarioRangos":[{"rango":{"min":12,"max":19},"vacunados":20481,"personasINE":25532,"porcentaje":0.7504104012082211},{"rango":{"min":20,"max":29},"vacunados":22856,"personasINE":30458.000000000004,"porcentaje":0.8912308534950044},{"rango":{"min":30,"max":39},"vacunados":30372,"personasINE":39319,"porcentaje":0.8912308534950044},{"rango":{"min":40,"max":49},"vacunados":47188,"personasINE":52947,"porcentaje":0.8912308534950044},{"rango":{"min":50,"max":59},"vacunados":45205,"personasINE":47664,"porcentaje":0.9484097012420275},{"rango":{"min":60,"max":69},"vacunados":37935,"personasINE":37935,"porcentaje":1},{"rango":{"min":70,"max":79},"vacunados":28637,"personasINE":28637,"porcentaje":1},{"rango":{"min":80,"max":null},"vacunados":23352,"personasINE":23352,"porcentaje":1}]},"pautaCompleta":{"etarioTotal":{"vacunados":248880,"personasINE":283970,"porcentaje":0.8764306088671339},"etarioRangos":[{"rango":{"min":12,"max":19},"vacunados":18473,"personasINE":25532,"porcentaje":0.7037888239542978},{"rango":{"min":20,"max":29},"vacunados":21436,"personasINE":30458,"porcentaje":0.8738738738738738},{"rango":{"min":30,"max":39},"vacunados":29184,"personasINE":39319,"porcentaje":0.8738738738738738},{"rango":{"min":40,"max":49},"vacunados":46269,"personasINE":52947,"porcentaje":0.8738738738738738},{"rango":{"min":50,"max":59},"vacunados":44546,"personasINE":47664,"porcentaje":0.9345837529372273},{"rango":{"min":60,"max":69},"vacunados":37302,"personasINE":37718,"porcentaje":0.9889707831804444},{"rango":{"min":70,"max":79},"vacunados":28529,"personasINE":28529,"porcentaje":1},{"rango":{"min":80,"max":null},"vacunados":23141,"personasINE":23141,"porcentaje":1}]}}},{"ccaa":"Madrid","dosisAdministradas":9642916,"dosisEntregadas":10825829,"dosisEntregadasModerna":1645800,"dosisEntregadasPfizer":7637679,"dosisEntregadasAstrazeneca":1220900,"dosisEntregadasJanssen":321450,"dosisPrimeraDosis":5271816,"dosisPautaCompletada":5078657,"porcentajeEntregadas":0.8907323402207813,"porcentajePoblacionAdministradas":1.4222824919821684,"porcentajePoblacionPrimeraDosis":0.7775668270626299,"porcentajePoblacionCompletas":0.7490768284077849,"fechaUltRegistro":1632614400000,"etarios":{"unaDosis":{"etarioTotal":{"vacunados":5271816,"personasINE":5977937,"porcentaje":0.8818788153839694},"etarioRangos":[{"rango":{"min":12,"max":19},"vacunados":436743,"personasINE":553542,"porcentaje":0.7782457321795346},{"rango":{"min":20,"max":29},"vacunados":577828,"personasINE":742475,"porcentaje":0.8758811325496089},{"rango":{"min":30,"max":39},"vacunados":729902,"personasINE":949640,"porcentaje":0.8758811325496089},{"rango":{"min":40,"max":49},"vacunados":1021252,"personasINE":1165971,"porcentaje":0.8758811325496089},{"rango":{"min":50,"max":59},"vacunados":935785,"personasINE":972783,"porcentaje":0.9619668518055928},{"rango":{"min":60,"max":69},"vacunados":686585,"personasINE":703323,"porcentaje":0.9762015460890657},{"rango":{"min":70,"max":79},"vacunados":510268,"personasINE":526081,"porcentaje":0.9699418910776098},{"rango":{"min":80,"max":null},"vacunados":373453,"personasINE":373453,"porcentaje":1}]},"pautaCompleta":{"etarioTotal":{"vacunados":5078657,"personasINE":5977937,"porcentaje":0.8495668321696933},"etarioRangos":[{"rango":{"min":12,"max":19},"vacunados":382051,"personasINE":553542,"porcentaje":0.7190410451530355},{"rango":{"min":20,"max":29},"vacunados":533870,"personasINE":742475,"porcentaje":0.8533085299720148},{"rango":{"min":30,"max":39},"vacunados":690976,"personasINE":949640,"porcentaje":0.8533085299720148},{"rango":{"min":40,"max":49},"vacunados":994933,"personasINE":1165971,"porcentaje":0.8533085299720148},{"rango":{"min":50,"max":59},"vacunados":925895,"personasINE":972783,"porcentaje":0.9518001445337758},{"rango":{"min":60,"max":69},"vacunados":672928,"personasINE":703323,"porcentaje":0.9567837252585227},{"rango":{"min":70,"max":79},"vacunados":507701,"personasINE":526081,"porcentaje":0.9650624143430384},{"rango":{"min":80,"max":null},"vacunados":370303,"personasINE":370303,"porcentaje":1}]}}},{"ccaa":"Murcia","dosisAdministradas":2187779,"dosisEntregadas":2407265,"dosisEntregadasModerna":398000,"dosisEntregadasPfizer":1687865,"dosisEntregadasAstrazeneca":253100,"dosisEntregadasJanssen":68300,"dosisPrimeraDosis":1176879,"dosisPautaCompletada":1134091,"porcentajeEntregadas":0.9088234988669714,"porcentajePoblacionAdministradas":1.4476609113906294,"porcentajePoblacionPrimeraDosis":0.7787448941307565,"porcentajePoblacionCompletas":0.7504319269267646,"fechaUltRegistro":1632614400000,"etarios":{"unaDosis":{"etarioTotal":{"vacunados":1176879,"personasINE":1310137,"porcentaje":0.8982869730417506},"etarioRangos":[{"rango":{"min":12,"max":19},"vacunados":115607,"personasINE":141894,"porcentaje":0.7937334540894524},{"rango":{"min":20,"max":29},"vacunados":136719,"personasINE":172248,"porcentaje":0.9035556762158823},{"rango":{"min":30,"max":39},"vacunados":163501,"personasINE":209003,"porcentaje":0.9035556762158823},{"rango":{"min":40,"max":49},"vacunados":229645,"personasINE":254157,"porcentaje":0.9035556762158823},{"rango":{"min":50,"max":59},"vacunados":206561,"personasINE":213256,"porcentaje":0.9686058071050756},{"rango":{"min":60,"max":69},"vacunados":147809,"personasINE":147809,"porcentaje":1},{"rango":{"min":70,"max":79},"vacunados":103136,"personasINE":103136,"porcentaje":1},{"rango":{"min":80,"max":null},"vacunados":73901,"personasINE":73901,"porcentaje":1}]},"pautaCompleta":{"etarioTotal":{"vacunados":1134091,"personasINE":1310137,"porcentaje":0.8656277931239252},"etarioRangos":[{"rango":{"min":12,"max":19},"vacunados":106628,"personasINE":141894,"porcentaje":0.736890994380196},{"rango":{"min":20,"max":29},"vacunados":126928,"personasINE":172248,"porcentaje":0.8793816420558945},{"rango":{"min":30,"max":39},"vacunados":155382,"personasINE":209003,"porcentaje":0.8793816420558945},{"rango":{"min":40,"max":49},"vacunados":223501,"personasINE":254157.00000000003,"porcentaje":0.8793816420558945},{"rango":{"min":50,"max":59},"vacunados":203405,"personasINE":213256,"porcentaje":0.9538066924260045},{"rango":{"min":60,"max":69},"vacunados":144499,"personasINE":146909,"porcentaje":0.9835952868782716},{"rango":{"min":70,"max":79},"vacunados":100962,"personasINE":102899,"porcentaje":0.9811757159933527},{"rango":{"min":80,"max":null},"vacunados":72786,"personasINE":72786,"porcentaje":1}]}}},{"ccaa":"Navarra","dosisAdministradas":964044,"dosisEntregadas":1046175,"dosisEntregadasModerna":151500,"dosisEntregadasPfizer":734325,"dosisEntregadasAstrazeneca":136600,"dosisEntregadasJanssen":23750,"dosisPrimeraDosis":521794,"dosisPautaCompletada":508319,"porcentajeEntregadas":0.921494013907807,"porcentajePoblacionAdministradas":1.4580283939582304,"porcentajePoblacionPrimeraDosis":0.789165710068255,"porcentajePoblacionCompletas":0.7687860047761862,"fechaUltRegistro":1632614400000,"etarios":{"unaDosis":{"etarioTotal":{"vacunados":521794,"personasINE":581354,"porcentaje":0.8975495137214159},"etarioRangos":[{"rango":{"min":12,"max":19},"vacunados":46807,"personasINE":56388,"porcentaje":0.8114257196119014},{"rango":{"min":20,"max":29},"vacunados":55280,"personasINE":68127,"porcentaje":0.8778726319882965},{"rango":{"min":30,"max":39},"vacunados":63116,"personasINE":81341,"porcentaje":0.8778726319882965},{"rango":{"min":40,"max":49},"vacunados":94812,"personasINE":108002,"porcentaje":0.8778726319882965},{"rango":{"min":50,"max":59},"vacunados":91340,"personasINE":96694,"porcentaje":0.9446294496039052},{"rango":{"min":60,"max":69},"vacunados":72085,"personasINE":73844,"porcentaje":0.9761795135691458},{"rango":{"min":70,"max":79},"vacunados":55864,"personasINE":55864,"porcentaje":1},{"rango":{"min":80,"max":null},"vacunados":42490,"personasINE":42490,"porcentaje":1}]},"pautaCompleta":{"etarioTotal":{"vacunados":508319,"personasINE":581354,"porcentaje":0.874370865255937},"etarioRangos":[{"rango":{"min":12,"max":19},"vacunados":43277,"personasINE":56388,"porcentaje":0.7608877537540182},{"rango":{"min":20,"max":29},"vacunados":51837,"personasINE":68127,"porcentaje":0.8626599507416529},{"rango":{"min":30,"max":39},"vacunados":60614,"personasINE":81341,"porcentaje":0.8626599507416529},{"rango":{"min":40,"max":49},"vacunados":93169,"personasINE":108002,"porcentaje":0.8626599507416529},{"rango":{"min":50,"max":59},"vacunados":90340,"personasINE":96694,"porcentaje":0.9342875462800174},{"rango":{"min":60,"max":69},"vacunados":71305,"personasINE":73844,"porcentaje":0.9656167054872434},{"rango":{"min":70,"max":79},"vacunados":55689,"personasINE":55792,"porcentaje":0.9981538571838257},{"rango":{"min":80,"max":null},"vacunados":42088,"personasINE":42088,"porcentaje":1}]}}},{"ccaa":"País Vasco","dosisAdministradas":3313778,"dosisEntregadas":3627870,"dosisEntregadasModerna":526100,"dosisEntregadasPfizer":2556270,"dosisEntregadasAstrazeneca":444200,"dosisEntregadasJanssen":101300,"dosisPrimeraDosis":1791834,"dosisPautaCompletada":1746443,"porcentajeEntregadas":0.9134224765496007,"porcentajePoblacionAdministradas":1.4923539881036016,"porcentajePoblacionPrimeraDosis":0.8069492331470693,"porcentajePoblacionCompletas":0.7865074775816662,"fechaUltRegistro":1632614400000,"etarios":{"unaDosis":{"etarioTotal":{"vacunados":1791834,"personasINE":1983943,"porcentaje":0.9031680849701831},"etarioRangos":[{"rango":{"min":12,"max":19},"vacunados":139347,"personasINE":168606,"porcentaje":0.7755019004237499},{"rango":{"min":20,"max":29},"vacunados":156290,"personasINE":201534,"porcentaje":0.8796050070001905},{"rango":{"min":30,"max":39},"vacunados":198978,"personasINE":260543,"porcentaje":0.8796050070001905},{"rango":{"min":40,"max":49},"vacunados":318534,"personasINE":362133,"porcentaje":0.8796050070001905},{"rango":{"min":50,"max":59},"vacunados":322813,"personasINE":339977,"porcentaje":0.9495142318450954},{"rango":{"min":60,"max":69},"vacunados":278164,"personasINE":280119,"porcentaje":0.9930208232929576},{"rango":{"min":70,"max":79},"vacunados":213616,"personasINE":213616,"porcentaje":1},{"rango":{"min":80,"max":null},"vacunados":164092,"personasINE":164092,"porcentaje":1}]},"pautaCompleta":{"etarioTotal":{"vacunados":1746443,"personasINE":1983943,"porcentaje":0.8802888994290663},"etarioRangos":[{"rango":{"min":12,"max":19},"vacunados":129868,"personasINE":168606,"porcentaje":0.7280508499806484},{"rango":{"min":20,"max":29},"vacunados":146727,"personasINE":201534,"porcentaje":0.8653671441155597},{"rango":{"min":30,"max":39},"vacunados":190911,"personasINE":260543.00000000003,"porcentaje":0.8653671441155597},{"rango":{"min":40,"max":49},"vacunados":313378,"personasINE":362133,"porcentaje":0.8653671441155597},{"rango":{"min":50,"max":59},"vacunados":319306,"personasINE":339977,"porcentaje":0.9391988281560223},{"rango":{"min":60,"max":69},"vacunados":272492,"personasINE":280119,"porcentaje":0.972772286064137},{"rango":{"min":70,"max":79},"vacunados":211999,"personasINE":213081,"porcentaje":0.9949221188186652},{"rango":{"min":80,"max":null},"vacunados":161762,"personasINE":157950.00000000003,"porcentaje":1.0241342196897751}]}}},{"ccaa":"Ceuta","dosisAdministradas":110115,"dosisEntregadas":140230,"dosisEntregadasModerna":22400,"dosisEntregadasPfizer":95580,"dosisEntregadasAstrazeneca":18100,"dosisEntregadasJanssen":4150,"dosisPrimeraDosis":60756,"dosisPautaCompletada":57001,"porcentajeEntregadas":0.7852456678314198,"porcentajePoblacionAdministradas":1.307748034488492,"porcentajePoblacionPrimeraDosis":0.7215505569938956,"porcentajePoblacionCompletas":0.6769554167359445,"fechaUltRegistro":1632441600000,"etarios":{"unaDosis":{"etarioTotal":{"vacunados":60756,"personasINE":70965,"porcentaje":0.856140350877193},"etarioRangos":[{"rango":{"min":12,"max":19},"vacunados":7791,"personasINE":9126,"porcentaje":0.792924227227136},{"rango":{"min":20,"max":29},"vacunados":8696,"personasINE":10967,"porcentaje":0.8674260401835152},{"rango":{"min":30,"max":39},"vacunados":8932,"personasINE":11894,"porcentaje":0.8674260401835152},{"rango":{"min":40,"max":49},"vacunados":10966,"personasINE":12642,"porcentaje":0.8674260401835152},{"rango":{"min":50,"max":59},"vacunados":10488,"personasINE":11556,"porcentaje":0.9075804776739356},{"rango":{"min":60,"max":69},"vacunados":7604,"personasINE":7857,"porcentaje":0.9677994145348098},{"rango":{"min":70,"max":79},"vacunados":3883,"personasINE":4318,"porcentaje":0.8992589161648912},{"rango":{"min":80,"max":null},"vacunados":2396,"personasINE":2605,"porcentaje":0.9197696737044145}]},"pautaCompleta":{"etarioTotal":{"vacunados":57001,"personasINE":70965,"porcentaje":0.803226942859156},"etarioRangos":[{"rango":{"min":12,"max":19},"vacunados":6293,"personasINE":9126,"porcentaje":0.7132306008935898},{"rango":{"min":20,"max":29},"vacunados":7822,"personasINE":10967,"porcentaje":0.8390286347096978},{"rango":{"min":30,"max":39},"vacunados":8386,"personasINE":11894,"porcentaje":0.8390286347096978},{"rango":{"min":40,"max":49},"vacunados":10607,"personasINE":12642,"porcentaje":0.8390286347096978},{"rango":{"min":50,"max":59},"vacunados":10244,"personasINE":11556,"porcentaje":0.8864659051574939},{"rango":{"min":60,"max":69},"vacunados":7431,"personasINE":7857,"porcentaje":0.9457808323787705},{"rango":{"min":70,"max":79},"vacunados":3846,"personasINE":4318,"porcentaje":0.8906901343214451},{"rango":{"min":80,"max":null},"vacunados":2372,"personasINE":2605,"porcentaje":0.9105566218809981}]}}},{"ccaa":"Melilla","dosisAdministradas":99655,"dosisEntregadas":141100,"dosisEntregadasModerna":23500,"dosisEntregadasPfizer":96750,"dosisEntregadasAstrazeneca":15100,"dosisEntregadasJanssen":5750,"dosisPrimeraDosis":56048,"dosisPautaCompletada":53119,"porcentajeEntregadas":0.7062721474131821,"porcentajePoblacionAdministradas":1.1444600119435895,"porcentajePoblacionPrimeraDosis":0.6436676007166153,"porcentajePoblacionCompletas":0.6100303183425972,"fechaUltRegistro":1632355200000,"etarios":{"unaDosis":{"etarioTotal":{"vacunados":56048,"personasINE":70927,"porcentaje":0.7902209313801514},"etarioRangos":[{"rango":{"min":12,"max":19},"vacunados":7276,"personasINE":9574,"porcentaje":0.693705710712797},{"rango":{"min":20,"max":29},"vacunados":8321,"personasINE":11995,"porcentaje":0.8288618563572738},{"rango":{"min":30,"max":39},"vacunados":8446,"personasINE":12133,"porcentaje":0.8288618563572738},{"rango":{"min":40,"max":49},"vacunados":9948,"personasINE":12002,"porcentaje":0.8288618563572738},{"rango":{"min":50,"max":59},"vacunados":9619,"personasINE":11299,"porcentaje":0.8513142755996106},{"rango":{"min":60,"max":69},"vacunados":7128,"personasINE":7827,"porcentaje":0.9106937523955538},{"rango":{"min":70,"max":79},"vacunados":3303,"personasINE":3748,"porcentaje":0.8812700106723586},{"rango":{"min":80,"max":null},"vacunados":2007,"personasINE":2349,"porcentaje":0.8544061302681992}]},"pautaCompleta":{"etarioTotal":{"vacunados":53119,"personasINE":70927,"porcentaje":0.7489249510059639},"etarioRangos":[{"rango":{"min":12,"max":19},"vacunados":6412,"personasINE":9574,"porcentaje":0.6237598999583159},{"rango":{"min":20,"max":29},"vacunados":7482,"personasINE":11995,"porcentaje":0.8075320779870022},{"rango":{"min":30,"max":39},"vacunados":8002,"personasINE":12133,"porcentaje":0.8075320779870022},{"rango":{"min":40,"max":49},"vacunados":9692,"personasINE":12002,"porcentaje":0.8075320779870022},{"rango":{"min":50,"max":59},"vacunados":9399,"personasINE":11299,"porcentaje":0.8318435259757501},{"rango":{"min":60,"max":69},"vacunados":6950,"personasINE":7827,"porcentaje":0.8879519611600869},{"rango":{"min":70,"max":79},"vacunados":3226,"personasINE":3748,"porcentaje":0.8607257203842049},{"rango":{"min":80,"max":null},"vacunados":1956,"personasINE":2349,"porcentaje":0.8326947637292464}]}}},{"ccaa":"Fuerzas Armadas","dosisAdministradas":171986,"dosisEntregadas":212238,"dosisEntregadasModerna":58300,"dosisEntregadasPfizer":48138,"dosisEntregadasAstrazeneca":103800,"dosisEntregadasJanssen":2000,"dosisPrimeraDosis":92286,"dosisPautaCompletada":86111,"porcentajeEntregadas":0.8103449900583307,"porcentajePoblacionAdministradas":null,"porcentajePoblacionPrimeraDosis":null,"porcentajePoblacionCompletas":null,"fechaUltRegistro":1632441600000},{"ccaa":"Sanidad Exterior","dosisAdministradas":6065,"dosisEntregadas":8365,"dosisEntregadasModerna":4680,"dosisEntregadasPfizer":0,"dosisEntregadasAstrazeneca":0,"dosisEntregadasJanssen":3685,"dosisPrimeraDosis":4507,"dosisPautaCompletada":4207,"porcentajeEntregadas":0.7250448296473401,"porcentajePoblacionAdministradas":null,"porcentajePoblacionPrimeraDosis":null,"porcentajePoblacionCompletas":null,"fechaUltRegistro":1632441600000,"etarios":{"unaDosis":{"etarioTotal":{"vacunados":4507,"personasINE":"-","porcentaje":"-"},"etarioRangos":[{"rango":{"min":12,"max":19},"vacunados":166,"personasINE":null,"porcentaje":"-"},{"rango":{"min":20,"max":29},"vacunados":1086,"personasINE":null,"porcentaje":"-"},{"rango":{"min":30,"max":39},"vacunados":1270,"personasINE":null,"porcentaje":"-"},{"rango":{"min":40,"max":49},"vacunados":1138,"personasINE":null,"porcentaje":"-"},{"rango":{"min":50,"max":59},"vacunados":584,"personasINE":null,"porcentaje":"-"},{"rango":{"min":60,"max":69},"vacunados":206,"personasINE":null,"porcentaje":"-"},{"rango":{"min":70,"max":79},"vacunados":31,"personasINE":null,"porcentaje":"-"},{"rango":{"min":80,"max":null},"vacunados":26,"personasINE":null,"porcentaje":"-"}]},"pautaCompleta":{"etarioTotal":{"vacunados":4207,"personasINE":"-","porcentaje":"-"},"etarioRangos":[{"rango":{"min":12,"max":19},"vacunados":144,"personasINE":null,"porcentaje":"-"},{"rango":{"min":20,"max":29},"vacunados":1007,"personasINE":null,"porcentaje":"-"},{"rango":{"min":30,"max":39},"vacunados":1165,"personasINE":null,"porcentaje":"-"},{"rango":{"min":40,"max":49},"vacunados":1078,"personasINE":null,"porcentaje":"-"},{"rango":{"min":50,"max":59},"vacunados":562,"personasINE":null,"porcentaje":"-"},{"rango":{"min":60,"max":69},"vacunados":196,"personasINE":null,"porcentaje":"-"},{"rango":{"min":70,"max":79},"vacunados":30,"personasINE":null,"porcentaje":"-"},{"rango":{"min":80,"max":null},"vacunados":25,"personasINE":null,"porcentaje":"-"}]}}},{"ccaa":"Totales","dosisAdministradas":69867532,"dosisEntregadas":75530781,"dosisEntregadasModerna":10752630,"dosisEntregadasPfizer":53482041,"dosisEntregadasAstrazeneca":9127900,"dosisEntregadasJanssen":2168210,"dosisPrimeraDosis":37612369,"dosisPautaCompletada":36447564,"porcentajeEntregadas":0.9250206482043394,"porcentajePoblacionAdministradas":1.4884433745206647,"porcentajePoblacionPrimeraDosis":0.801286088623775,"porcentajePoblacionCompletas":0.776471325095867,"fechaUltRegistro":null,"etarios":{"unaDosis":{"etarioTotal":{"vacunados":37612369,"personasINE":42119827,"porcentaje":0.8929848880908271},"etarioRangos":[{"rango":{"min":12,"max":19},"vacunados":3208887,"personasINE":3888686,"porcentaje":0.7827378737380274},{"rango":{"min":20,"max":29},"vacunados":3870357,"personasINE":4944640,"porcentaje":0.877557881110331},{"rango":{"min":30,"max":39},"vacunados":4813154,"personasINE":6230403,"porcentaje":0.877557881110331},{"rango":{"min":40,"max":49},"vacunados":6925456,"personasINE":7891737,"porcentaje":0.877557881110331},{"rango":{"min":50,"max":59},"vacunados":6654546,"personasINE":7033306,"porcentaje":0.9461476580145951},{"rango":{"min":60,"max":69},"vacunados":5265555,"personasINE":5336986,"porcentaje":0.9866158539670143},{"rango":{"min":70,"max":79},"vacunados":3939161,"personasINE":3960045,"porcentaje":0.9947263225544154},{"rango":{"min":80,"max":null},"vacunados":2935253,"personasINE":2935253,"porcentaje":1}]},"pautaCompleta":{"etarioTotal":{"vacunados":36447564,"personasINE":42119827,"porcentaje":0.86533033480883},"etarioRangos":[{"rango":{"min":12,"max":19},"vacunados":2899825,"personasINE":3888686.0000000005,"porcentaje":0.7302754093321253},{"rango":{"min":20,"max":29},"vacunados":3610949,"personasINE":4944640,"porcentaje":0.859433100722946},{"rango":{"min":30,"max":39},"vacunados":4591344,"personasINE":6230403,"porcentaje":0.859433100722946},{"rango":{"min":40,"max":49},"vacunados":6782420,"personasINE":7891737.000000001,"porcentaje":0.859433100722946},{"rango":{"min":50,"max":59},"vacunados":6571479,"personasINE":7033306,"porcentaje":0.9343371381822432},{"rango":{"min":60,"max":69},"vacunados":5181617,"personasINE":5336986,"porcentaje":0.9708882504095008},{"rango":{"min":70,"max":79},"vacunados":3910820,"personasINE":3960045,"porcentaje":0.9875695856991524},{"rango":{"min":80,"max":null},"vacunados":2899110,"personasINE":2899110,"porcentaje":1}]}}}]