[{"ccaa":"Andalucía","dosisAdministradas":12809353,"dosisEntregadas":13316870,"dosisEntregadasModerna":2019500,"dosisEntregadasPfizer":9434970,"dosisEntregadasAstrazeneca":1528900,"dosisEntregadasJanssen":333500,"dosisPrimeraDosis":6816142,"dosisPautaCompletada":6666861,"porcentajeEntregadas":0.9618891676497555,"porcentajePoblacionAdministradas":1.5133188830268285,"porcentajePoblacionPrimeraDosis":0.8052706797909506,"porcentajePoblacionCompletas":0.7876343669984834,"fechaUltRegistro":1634428800000,"etarios":{"unaDosis":{"etarioTotal":{"vacunados":6816142,"personasINE":7451975,"porcentaje":0.9146759080646406},"etarioRangos":[{"rango":{"min":12,"max":19},"vacunados":657376,"personasINE":752907,"porcentaje":0.817244409220909},{"rango":{"min":20,"max":29},"vacunados":758952,"personasINE":928672,"porcentaje":0.9001338517984802},{"rango":{"min":30,"max":39},"vacunados":923870,"personasINE":1140217,"porcentaje":0.9001338517984802},{"rango":{"min":40,"max":49},"vacunados":1246788,"personasINE":1385114,"porcentaje":0.9001338517984802},{"rango":{"min":50,"max":59},"vacunados":1213091,"personasINE":1265021,"porcentaje":0.9589492980748936},{"rango":{"min":60,"max":69},"vacunados":928075,"personasINE":928075,"porcentaje":1},{"rango":{"min":70,"max":79},"vacunados":653977,"personasINE":653977,"porcentaje":1},{"rango":{"min":80,"max":null},"vacunados":434013,"personasINE":434013,"porcentaje":1}]},"pautaCompleta":{"etarioTotal":{"vacunados":6666861,"personasINE":7451975,"porcentaje":0.8946435005485123},"etarioRangos":[{"rango":{"min":12,"max":19},"vacunados":630125,"personasINE":752907,"porcentaje":0.776509898004893},{"rango":{"min":20,"max":29},"vacunados":721123,"personasINE":928672,"porcentaje":0.8863963543794952},{"rango":{"min":30,"max":39},"vacunados":894202,"personasINE":1140217,"porcentaje":0.8863963543794952},{"rango":{"min":40,"max":49},"vacunados":1227760,"personasINE":1385114,"porcentaje":0.8863963543794952},{"rango":{"min":50,"max":59},"vacunados":1199502,"personasINE":1265021,"porcentaje":0.9482071839123619},{"rango":{"min":60,"max":69},"vacunados":917765,"personasINE":916147,"porcentaje":1.0017660921227707},{"rango":{"min":70,"max":79},"vacunados":648832,"personasINE":650381,"porcentaje":0.997618319108338},{"rango":{"min":80,"max":null},"vacunados":427552,"personasINE":427552,"porcentaje":1}]}}},{"ccaa":"Aragón","dosisAdministradas":1997715,"dosisEntregadas":2136845,"dosisEntregadasModerna":275200,"dosisEntregadasPfizer":1531845,"dosisEntregadasAstrazeneca":265100,"dosisEntregadasJanssen":64700,"dosisPrimeraDosis":1064114,"dosisPautaCompletada":1043863,"porcentajeEntregadas":0.9348899896810484,"porcentajePoblacionAdministradas":1.5027294452873534,"porcentajePoblacionPrimeraDosis":0.8004522371521998,"porcentajePoblacionCompletas":0.7852189461189372,"fechaUltRegistro":1634515200000,"etarios":{"unaDosis":{"etarioTotal":{"vacunados":1064114,"personasINE":1185134,"porcentaje":0.8978849649069219},"etarioRangos":[{"rango":{"min":12,"max":19},"vacunados":87601,"personasINE":103109,"porcentaje":0.7915966902094309},{"rango":{"min":20,"max":29},"vacunados":103225,"personasINE":130401,"porcentaje":0.8721568043620866},{"rango":{"min":30,"max":39},"vacunados":125027,"personasINE":164286,"porcentaje":0.8721568043620866},{"rango":{"min":40,"max":49},"vacunados":187464,"personasINE":214943,"porcentaje":0.8721568043620866},{"rango":{"min":50,"max":59},"vacunados":185833,"personasINE":198266,"porcentaje":0.9372913157071813},{"rango":{"min":60,"max":69},"vacunados":154469,"personasINE":156367,"porcentaje":0.9878618890175037},{"rango":{"min":70,"max":79},"vacunados":119252,"personasINE":119252,"porcentaje":1},{"rango":{"min":80,"max":null},"vacunados":101243,"personasINE":101243,"porcentaje":1}]},"pautaCompleta":{"etarioTotal":{"vacunados":1043863,"personasINE":1185134,"porcentaje":0.8807974456896858},"etarioRangos":[{"rango":{"min":12,"max":19},"vacunados":84270,"personasINE":103109,"porcentaje":0.7604082790776144},{"rango":{"min":20,"max":29},"vacunados":99158,"personasINE":130401,"porcentaje":0.8593906291435404},{"rango":{"min":30,"max":39},"vacunados":121288,"personasINE":164286,"porcentaje":0.8593906291435404},{"rango":{"min":40,"max":49},"vacunados":184720,"personasINE":214943,"porcentaje":0.8593906291435404},{"rango":{"min":50,"max":59},"vacunados":183701,"personasINE":198266,"porcentaje":0.9265380851986725},{"rango":{"min":60,"max":69},"vacunados":152370,"personasINE":156367,"porcentaje":0.9744383405705808},{"rango":{"min":70,"max":79},"vacunados":118469,"personasINE":118955,"porcentaje":0.9959144214198646},{"rango":{"min":80,"max":null},"vacunados":99887,"personasINE":99887,"porcentaje":1}]}}},{"ccaa":"Asturias","dosisAdministradas":1673535,"dosisEntregadas":1650625,"dosisEntregadasModerna":162000,"dosisEntregadasPfizer":1224725,"dosisEntregadasAstrazeneca":220900,"dosisEntregadasJanssen":43000,"dosisPrimeraDosis":872976,"dosisPautaCompletada":863505,"porcentajeEntregadas":1.0138795910639908,"porcentajePoblacionAdministradas":1.6426789191820836,"porcentajePoblacionPrimeraDosis":0.8568803593303389,"porcentajePoblacionCompletas":0.847583982473223,"fechaUltRegistro":1634515200000,"etarios":{"unaDosis":{"etarioTotal":{"vacunados":872976,"personasINE":933927,"porcentaje":0.9347368691557263},"etarioRangos":[{"rango":{"min":12,"max":19},"vacunados":60448,"personasINE":64000,"porcentaje":0.8408185966553324},{"rango":{"min":20,"max":29},"vacunados":66518,"personasINE":79111,"porcentaje":0.9016246189960058},{"rango":{"min":30,"max":39},"vacunados":90864,"personasINE":114451,"porcentaje":0.9016246189960058},{"rango":{"min":40,"max":49},"vacunados":150565,"personasINE":166993,"porcentaje":0.9016246189960058},{"rango":{"min":50,"max":59},"vacunados":153140,"personasINE":162645,"porcentaje":0.94155983891297},{"rango":{"min":60,"max":69},"vacunados":148152,"personasINE":149652,"porcentaje":0.989976746050838},{"rango":{"min":70,"max":79},"vacunados":114344,"personasINE":114344,"porcentaje":1},{"rango":{"min":80,"max":null},"vacunados":88945,"personasINE":88945,"porcentaje":1}]},"pautaCompleta":{"etarioTotal":{"vacunados":863505,"personasINE":933927,"porcentaje":0.9245958195876123},"etarioRangos":[{"rango":{"min":12,"max":19},"vacunados":59051,"personasINE":64000,"porcentaje":0.8147033914373475},{"rango":{"min":20,"max":29},"vacunados":64452,"personasINE":79111,"porcentaje":0.8950854227422707},{"rango":{"min":30,"max":39},"vacunados":88958,"personasINE":114451,"porcentaje":0.8950854227422707},{"rango":{"min":40,"max":49},"vacunados":149473,"personasINE":166993,"porcentaje":0.8950854227422707},{"rango":{"min":50,"max":59},"vacunados":152266,"personasINE":162645,"porcentaje":0.9361861723385287},{"rango":{"min":60,"max":69},"vacunados":147246,"personasINE":149652,"porcentaje":0.9839227006655441},{"rango":{"min":70,"max":79},"vacunados":113909,"personasINE":113909,"porcentaje":1},{"rango":{"min":80,"max":null},"vacunados":88150,"personasINE":88150,"porcentaje":1}]}}},{"ccaa":"Baleares","dosisAdministradas":1599599,"dosisEntregadas":1891250,"dosisEntregadasModerna":305100,"dosisEntregadasPfizer":1272150,"dosisEntregadasAstrazeneca":256400,"dosisEntregadasJanssen":57600,"dosisPrimeraDosis":853451,"dosisPautaCompletada":835539,"porcentajeEntregadas":0.84578929279577,"porcentajePoblacionAdministradas":1.3653779673473359,"porcentajePoblacionPrimeraDosis":0.7284845712022521,"porcentajePoblacionCompletas":0.7131953329924723,"fechaUltRegistro":1634515200000,"etarios":{"unaDosis":{"etarioTotal":{"vacunados":853451,"personasINE":1034867,"porcentaje":0.8246963136325731},"etarioRangos":[{"rango":{"min":12,"max":19},"vacunados":73951,"personasINE":95480,"porcentaje":0.6972568180829624},{"rango":{"min":20,"max":29},"vacunados":96181,"personasINE":137942,"porcentaje":0.8097510816211707},{"rango":{"min":30,"max":39},"vacunados":125455,"personasINE":182187,"porcentaje":0.8097510816211707},{"rango":{"min":40,"max":49},"vacunados":166948,"personasINE":206172,"porcentaje":0.8097510816211707},{"rango":{"min":50,"max":59},"vacunados":150002,"personasINE":165797,"porcentaje":0.9047328962526463},{"rango":{"min":60,"max":69},"vacunados":110239,"personasINE":117231,"porcentaje":0.9403570727879145},{"rango":{"min":70,"max":79},"vacunados":79203,"personasINE":80516,"porcentaje":0.9836926821998112},{"rango":{"min":80,"max":null},"vacunados":51472,"personasINE":51472,"porcentaje":1}]},"pautaCompleta":{"etarioTotal":{"vacunados":835539,"personasINE":1034867,"porcentaje":0.8073878092547159},"etarioRangos":[{"rango":{"min":12,"max":19},"vacunados":71510,"personasINE":95480,"porcentaje":0.6666280030737556},{"rango":{"min":20,"max":29},"vacunados":91956,"personasINE":137942,"porcentaje":0.7967134237432824},{"rango":{"min":30,"max":39},"vacunados":120957,"personasINE":182187,"porcentaje":0.7967134237432824},{"rango":{"min":40,"max":49},"vacunados":164260,"personasINE":206172,"porcentaje":0.7967134237432824},{"rango":{"min":50,"max":59},"vacunados":148180,"personasINE":165797,"porcentaje":0.8937435538640627},{"rango":{"min":60,"max":69},"vacunados":109101,"personasINE":117231,"porcentaje":0.9306497428154669},{"rango":{"min":70,"max":79},"vacunados":78735,"personasINE":80516,"porcentaje":0.9778801728848925},{"rango":{"min":80,"max":null},"vacunados":50840,"personasINE":50840,"porcentaje":1}]}}},{"ccaa":"Canarias","dosisAdministradas":3138641,"dosisEntregadas":3522840,"dosisEntregadasModerna":574700,"dosisEntregadasPfizer":2358690,"dosisEntregadasAstrazeneca":455800,"dosisEntregadasJanssen":133650,"dosisPrimeraDosis":1669825,"dosisPautaCompletada":1627600,"porcentajeEntregadas":0.8909405479669812,"porcentajePoblacionAdministradas":1.442421983573167,"porcentajePoblacionPrimeraDosis":0.7673997404354508,"porcentajePoblacionCompletas":0.7479944410538468,"fechaUltRegistro":1634515200000,"etarios":{"unaDosis":{"etarioTotal":{"vacunados":1669825,"personasINE":1960774,"porcentaje":0.8516152294961071},"etarioRangos":[{"rango":{"min":12,"max":19},"vacunados":148242,"personasINE":179797,"porcentaje":0.7403752959308515},{"rango":{"min":20,"max":29},"vacunados":186388,"personasINE":251748,"porcentaje":0.81829946071911},{"rango":{"min":30,"max":39},"vacunados":228629,"personasINE":310934,"porcentaje":0.81829946071911},{"rango":{"min":40,"max":49},"vacunados":317438,"personasINE":387924,"porcentaje":0.81829946071911},{"rango":{"min":50,"max":59},"vacunados":320424,"personasINE":350512,"porcentaje":0.914159857579769},{"rango":{"min":60,"max":69},"vacunados":224334,"personasINE":235092,"porcentaje":0.9542391914654689},{"rango":{"min":70,"max":79},"vacunados":151348,"personasINE":154531,"porcentaje":0.979402191146113},{"rango":{"min":80,"max":null},"vacunados":93022,"personasINE":93022,"porcentaje":1}]},"pautaCompleta":{"etarioTotal":{"vacunados":1627600,"personasINE":1960774,"porcentaje":0.8300803662227263},"etarioRangos":[{"rango":{"min":12,"max":19},"vacunados":138531,"personasINE":179797,"porcentaje":0.6982180593291705},{"rango":{"min":20,"max":29},"vacunados":175775,"personasINE":251748,"porcentaje":0.8062610201998329},{"rango":{"min":30,"max":39},"vacunados":220400,"personasINE":310934,"porcentaje":0.8062610201998329},{"rango":{"min":40,"max":49},"vacunados":312768,"personasINE":387924,"porcentaje":0.8062610201998329},{"rango":{"min":50,"max":59},"vacunados":317708,"personasINE":350512,"porcentaje":0.9064111927694344},{"rango":{"min":60,"max":69},"vacunados":220414,"personasINE":235092,"porcentaje":0.9375648682218025},{"rango":{"min":70,"max":79},"vacunados":150129,"personasINE":154531,"porcentaje":0.9715138062912944},{"rango":{"min":80,"max":null},"vacunados":91875,"personasINE":91875,"porcentaje":1}]}}},{"ccaa":"Cantabria","dosisAdministradas":918285,"dosisEntregadas":989605,"dosisEntregadasModerna":114900,"dosisEntregadasPfizer":727305,"dosisEntregadasAstrazeneca":125200,"dosisEntregadasJanssen":22200,"dosisPrimeraDosis":481238,"dosisPautaCompletada":474532,"porcentajeEntregadas":0.9279308410931635,"porcentajePoblacionAdministradas":1.5753596212075724,"porcentajePoblacionPrimeraDosis":0.8255856443159691,"porcentajePoblacionCompletas":0.8140811967644813,"fechaUltRegistro":1634428800000,"etarios":{"unaDosis":{"etarioTotal":{"vacunados":481238,"personasINE":524127,"porcentaje":0.9181705960578257},"etarioRangos":[{"rango":{"min":12,"max":19},"vacunados":38930,"personasINE":43963,"porcentaje":0.8096228096228096},{"rango":{"min":20,"max":29},"vacunados":40890,"personasINE":50505,"porcentaje":0.898832963413761},{"rango":{"min":30,"max":39},"vacunados":54453,"personasINE":70473,"porcentaje":0.898832963413761},{"rango":{"min":40,"max":49},"vacunados":87878,"personasINE":97769,"porcentaje":0.898832963413761},{"rango":{"min":50,"max":59},"vacunados":84227,"personasINE":89964,"porcentaje":0.9362300475745854},{"rango":{"min":60,"max":69},"vacunados":76640,"personasINE":77345,"porcentaje":0.9908849957980477},{"rango":{"min":70,"max":79},"vacunados":55910,"personasINE":55910,"porcentaje":1},{"rango":{"min":80,"max":null},"vacunados":42310,"personasINE":42310,"porcentaje":1}]},"pautaCompleta":{"etarioTotal":{"vacunados":474532,"personasINE":524127,"porcentaje":0.9053759871176261},"etarioRangos":[{"rango":{"min":12,"max":19},"vacunados":37448,"personasINE":43963,"porcentaje":0.7828135828135828},{"rango":{"min":20,"max":29},"vacunados":39536,"personasINE":50505,"porcentaje":0.8887581953379906},{"rango":{"min":30,"max":39},"vacunados":53292,"personasINE":70473,"porcentaje":0.8887581953379906},{"rango":{"min":40,"max":49},"vacunados":86893,"personasINE":97769,"porcentaje":0.8887581953379906},{"rango":{"min":50,"max":59},"vacunados":83643,"personasINE":89964,"porcentaje":0.9297385620915033},{"rango":{"min":60,"max":69},"vacunados":76199,"personasINE":77345,"porcentaje":0.9851832697653371},{"rango":{"min":70,"max":79},"vacunados":55683,"personasINE":55683,"porcentaje":1},{"rango":{"min":80,"max":null},"vacunados":41838,"personasINE":41838,"porcentaje":1}]}}},{"ccaa":"Castilla y Leon","dosisAdministradas":3790181,"dosisEntregadas":3912325,"dosisEntregadasModerna":412400,"dosisEntregadasPfizer":2916525,"dosisEntregadasAstrazeneca":481200,"dosisEntregadasJanssen":102200,"dosisPrimeraDosis":1997738,"dosisPautaCompletada":1958015,"porcentajeEntregadas":0.968779689826382,"porcentajePoblacionAdministradas":1.582593224486183,"porcentajePoblacionPrimeraDosis":0.8341571611220092,"porcentajePoblacionCompletas":0.8175707894800573,"fechaUltRegistro":1634515200000,"etarios":{"unaDosis":{"etarioTotal":{"vacunados":1997738,"personasINE":2176253,"porcentaje":0.917971393950979},"etarioRangos":[{"rango":{"min":12,"max":19},"vacunados":142184,"personasINE":165342,"porcentaje":0.813441323943395},{"rango":{"min":20,"max":29},"vacunados":171641,"personasINE":211006,"porcentaje":0.8808081364143076},{"rango":{"min":30,"max":39},"vacunados":211183,"personasINE":267783,"porcentaje":0.8808081364143076},{"rango":{"min":40,"max":49},"vacunados":320002,"personasINE":363305,"porcentaje":0.8808081364143076},{"rango":{"min":50,"max":59},"vacunados":352613,"personasINE":381175,"porcentaje":0.9250685380730636},{"rango":{"min":60,"max":69},"vacunados":320334,"personasINE":320334,"porcentaje":1},{"rango":{"min":70,"max":79},"vacunados":250465,"personasINE":250465,"porcentaje":1},{"rango":{"min":80,"max":null},"vacunados":229316,"personasINE":229316,"porcentaje":1}]},"pautaCompleta":{"etarioTotal":{"vacunados":1958015,"personasINE":2176253,"porcentaje":0.8997184610429027},"etarioRangos":[{"rango":{"min":12,"max":19},"vacunados":131888,"personasINE":165342,"porcentaje":0.7781295318616532},{"rango":{"min":20,"max":29},"vacunados":164190,"personasINE":211006,"porcentaje":0.8671089029878477},{"rango":{"min":30,"max":39},"vacunados":205038,"personasINE":267783,"porcentaje":0.8671089029878477},{"rango":{"min":40,"max":49},"vacunados":315025,"personasINE":363305,"porcentaje":0.8671089029878477},{"rango":{"min":50,"max":59},"vacunados":348458,"personasINE":381175,"porcentaje":0.9141680330556831},{"rango":{"min":60,"max":69},"vacunados":317563,"personasINE":318575,"porcentaje":0.9968233539982736},{"rango":{"min":70,"max":79},"vacunados":249015,"personasINE":249015,"porcentaje":1},{"rango":{"min":80,"max":null},"vacunados":226838,"personasINE":226838,"porcentaje":1}]}}},{"ccaa":"Castilla La Mancha","dosisAdministradas":3018987,"dosisEntregadas":3267280,"dosisEntregadasModerna":446800,"dosisEntregadasPfizer":2330505,"dosisEntregadasAstrazeneca":394900,"dosisEntregadasJanssen":95075,"dosisPrimeraDosis":1615027,"dosisPautaCompletada":1552095,"porcentajeEntregadas":0.9240062069978698,"porcentajePoblacionAdministradas":1.4761177398432737,"porcentajePoblacionPrimeraDosis":0.7896589170559074,"porcentajePoblacionCompletas":0.7588886482194345,"fechaUltRegistro":1634515200000},{"ccaa":"Cataluña","dosisAdministradas":11108023,"dosisEntregadas":11863410,"dosisEntregadasModerna":1604900,"dosisEntregadasPfizer":8368460,"dosisEntregadasAstrazeneca":1514300,"dosisEntregadasJanssen":375750,"dosisPrimeraDosis":5946142,"dosisPautaCompletada":5808125,"porcentajeEntregadas":0.9363263176439152,"porcentajePoblacionAdministradas":1.4276785529528453,"porcentajePoblacionPrimeraDosis":0.7642385513796772,"porcentajePoblacionCompletas":0.7464996692363028,"fechaUltRegistro":1634515200000,"etarios":{"unaDosis":{"etarioTotal":{"vacunados":5946142,"personasINE":6868360,"porcentaje":0.8657295191282927},"etarioRangos":[{"rango":{"min":12,"max":19},"vacunados":522503,"personasINE":656166,"porcentaje":0.7496850173136178},{"rango":{"min":20,"max":29},"vacunados":628937,"personasINE":838935.0000000001,"porcentaje":0.8539242303997326},{"rango":{"min":30,"max":39},"vacunados":771045,"personasINE":1044652.0000000001,"porcentaje":0.8539242303997326},{"rango":{"min":40,"max":49},"vacunados":1124409,"personasINE":1316755,"porcentaje":0.8539242303997326},{"rango":{"min":50,"max":59},"vacunados":1023648,"personasINE":1091780,"porcentaje":0.9375954862701277},{"rango":{"min":60,"max":69},"vacunados":798740,"personasINE":837584,"porcentaje":0.9536237559456723},{"rango":{"min":70,"max":79},"vacunados":618139,"personasINE":635292,"porcentaje":0.9729998174067988},{"rango":{"min":80,"max":null},"vacunados":458721,"personasINE":458721,"porcentaje":1}]},"pautaCompleta":{"etarioTotal":{"vacunados":5808125,"personasINE":6868360,"porcentaje":0.8456349113907833},"etarioRangos":[{"rango":{"min":12,"max":19},"vacunados":499156,"personasINE":656166,"porcentaje":0.7111611745844434},{"rango":{"min":20,"max":29},"vacunados":596618,"personasINE":838935,"porcentaje":0.8393930533774316},{"rango":{"min":30,"max":39},"vacunados":741502,"personasINE":1044652,"porcentaje":0.8393930533774316},{"rango":{"min":40,"max":49},"vacunados":1105275,"personasINE":1316755,"porcentaje":0.8393930533774316},{"rango":{"min":50,"max":59},"vacunados":1012142,"personasINE":1091780,"porcentaje":0.9270567330414552},{"rango":{"min":60,"max":69},"vacunados":786544,"personasINE":837584,"porcentaje":0.9390628283252784},{"rango":{"min":70,"max":79},"vacunados":613988,"personasINE":635292,"porcentaje":0.9664658141453064},{"rango":{"min":80,"max":null},"vacunados":452900,"personasINE":452900,"porcentaje":1}]}}},{"ccaa":"C. Valenciana","dosisAdministradas":7639679,"dosisEntregadas":8088540,"dosisEntregadasModerna":1213650,"dosisEntregadasPfizer":5797540,"dosisEntregadasAstrazeneca":863900,"dosisEntregadasJanssen":213450,"dosisPrimeraDosis":4065623,"dosisPautaCompletada":3994563,"porcentajeEntregadas":0.9445065487714718,"porcentajePoblacionAdministradas":1.5106082173817015,"porcentajePoblacionPrimeraDosis":0.8039033462762042,"porcentajePoblacionCompletas":0.7898525177103516,"fechaUltRegistro":1634515200000,"etarios":{"unaDosis":{"etarioTotal":{"vacunados":4065623,"personasINE":4488459,"porcentaje":0.9057948396097636},"etarioRangos":[{"rango":{"min":12,"max":19},"vacunados":367808,"personasINE":424531,"porcentaje":0.8189414987813053},{"rango":{"min":20,"max":29},"vacunados":422677,"personasINE":516126.00000000006,"porcentaje":0.8827742993090556},{"rango":{"min":30,"max":39},"vacunados":507557,"personasINE":648759,"porcentaje":0.8827742993090556},{"rango":{"min":40,"max":49},"vacunados":751760,"personasINE":851588,"porcentaje":0.8827742993090556},{"rango":{"min":50,"max":59},"vacunados":714448,"personasINE":752334,"porcentaje":0.9496420472821911},{"rango":{"min":60,"max":69},"vacunados":569806,"personasINE":580728,"porcentaje":0.9811925720819386},{"rango":{"min":70,"max":79},"vacunados":434345,"personasINE":437862,"porcentaje":0.9919677889380673},{"rango":{"min":80,"max":null},"vacunados":297222,"personasINE":297222,"porcentaje":1}]},"pautaCompleta":{"etarioTotal":{"vacunados":3994563,"personasINE":4488459,"porcentaje":0.8899631254290169},"etarioRangos":[{"rango":{"min":12,"max":19},"vacunados":353180,"personasINE":424531,"porcentaje":0.7876274398112089},{"rango":{"min":20,"max":29},"vacunados":406515,"personasINE":516126,"porcentaje":0.8725346059362039},{"rango":{"min":30,"max":39},"vacunados":494167,"personasINE":648759,"porcentaje":0.8725346059362039},{"rango":{"min":40,"max":49},"vacunados":743040,"personasINE":851588,"porcentaje":0.8725346059362039},{"rango":{"min":50,"max":59},"vacunados":708818,"personasINE":752334,"porcentaje":0.9421586688890838},{"rango":{"min":60,"max":69},"vacunados":564108,"personasINE":580728,"porcentaje":0.9713807496797123},{"rango":{"min":70,"max":79},"vacunados":431620,"personasINE":437862,"porcentaje":0.9857443669466636},{"rango":{"min":80,"max":null},"vacunados":293115,"personasINE":293115,"porcentaje":1}]}}},{"ccaa":"Extremadura","dosisAdministradas":1704060,"dosisEntregadas":1682775,"dosisEntregadasModerna":218200,"dosisEntregadasPfizer":1226825,"dosisEntregadasAstrazeneca":186000,"dosisEntregadasJanssen":51750,"dosisPrimeraDosis":896008,"dosisPautaCompletada":881044,"porcentajeEntregadas":1.0126487498328653,"porcentajePoblacionAdministradas":1.601579718549193,"porcentajePoblacionPrimeraDosis":0.8421230710525599,"porcentajePoblacionCompletas":0.8280589894425402,"fechaUltRegistro":1634515200000,"etarios":{"unaDosis":{"etarioTotal":{"vacunados":896008,"personasINE":953437,"porcentaje":0.939766340093787},"etarioRangos":[{"rango":{"min":12,"max":19},"vacunados":75804,"personasINE":84750,"porcentaje":0.8190610660077656},{"rango":{"min":20,"max":29},"vacunados":92816,"personasINE":113320,"porcentaje":0.9162476331398046},{"rango":{"min":30,"max":39},"vacunados":112847,"personasINE":133479,"porcentaje":0.9162476331398046},{"rango":{"min":40,"max":49},"vacunados":146136,"personasINE":159494,"porcentaje":0.9162476331398046},{"rango":{"min":50,"max":59},"vacunados":161417,"personasINE":169216,"porcentaje":0.9539109776853253},{"rango":{"min":60,"max":69},"vacunados":132825,"personasINE":132825,"porcentaje":1},{"rango":{"min":70,"max":79},"vacunados":95910,"personasINE":95910,"porcentaje":1},{"rango":{"min":80,"max":null},"vacunados":78253,"personasINE":78253,"porcentaje":1}]},"pautaCompleta":{"etarioTotal":{"vacunados":881044,"personasINE":953437,"porcentaje":0.9240715432692459},"etarioRangos":[{"rango":{"min":12,"max":19},"vacunados":72910,"personasINE":84750,"porcentaje":0.7881927285563007},{"rango":{"min":20,"max":29},"vacunados":89318,"personasINE":113320,"porcentaje":0.9042722610254931},{"rango":{"min":30,"max":39},"vacunados":110094,"personasINE":133479,"porcentaje":0.9042722610254931},{"rango":{"min":40,"max":49},"vacunados":144226,"personasINE":159494,"porcentaje":0.9042722610254931},{"rango":{"min":50,"max":59},"vacunados":160175,"personasINE":169216,"porcentaje":0.9465712462178517},{"rango":{"min":60,"max":69},"vacunados":131569,"personasINE":125297,"porcentaje":1.05005706441495},{"rango":{"min":70,"max":79},"vacunados":95393,"personasINE":95393,"porcentaje":1},{"rango":{"min":80,"max":null},"vacunados":77359,"personasINE":77359,"porcentaje":1}]}}},{"ccaa":"Galicia","dosisAdministradas":4402750,"dosisEntregadas":4358529,"dosisEntregadasModerna":507400,"dosisEntregadasPfizer":3155029,"dosisEntregadasAstrazeneca":573400,"dosisEntregadasJanssen":122700,"dosisPrimeraDosis":2306221,"dosisPautaCompletada":2282362,"porcentajeEntregadas":1.0101458542549562,"porcentajePoblacionAdministradas":1.6295503140661902,"porcentajePoblacionPrimeraDosis":0.8535808653355388,"porcentajePoblacionCompletas":0.8447501479558771,"fechaUltRegistro":1634515200000,"etarios":{"unaDosis":{"etarioTotal":{"vacunados":2306221,"personasINE":2454497,"porcentaje":0.9395900667224283},"etarioRangos":[{"rango":{"min":12,"max":19},"vacunados":167656,"personasINE":180007,"porcentaje":0.8576939228767734},{"rango":{"min":20,"max":29},"vacunados":198111,"personasINE":230981,"porcentaje":0.9194216880517846},{"rango":{"min":30,"max":39},"vacunados":262921,"personasINE":323408,"porcentaje":0.9194216880517846},{"rango":{"min":40,"max":49},"vacunados":407507,"personasINE":443221,"porcentaje":0.9194216880517846},{"rango":{"min":50,"max":59},"vacunados":390653,"personasINE":405889,"porcentaje":0.9624626437277186},{"rango":{"min":60,"max":69},"vacunados":345834,"personasINE":346927,"porcentaje":0.996849481302983},{"rango":{"min":70,"max":79},"vacunados":291270,"personasINE":291270,"porcentaje":1},{"rango":{"min":80,"max":null},"vacunados":242269,"personasINE":242269,"porcentaje":1}]},"pautaCompleta":{"etarioTotal":{"vacunados":2282362,"personasINE":2454497,"porcentaje":0.9298695414987266},"etarioRangos":[{"rango":{"min":12,"max":19},"vacunados":163294,"personasINE":180007,"porcentaje":0.8337439010135033},{"rango":{"min":20,"max":29},"vacunados":192579,"personasINE":230981,"porcentaje":0.9122830371304609},{"rango":{"min":30,"max":39},"vacunados":258528,"personasINE":323408,"porcentaje":0.9122830371304609},{"rango":{"min":40,"max":49},"vacunados":404343,"personasINE":443221,"porcentaje":0.9122830371304609},{"rango":{"min":50,"max":59},"vacunados":388461,"personasINE":405889,"porcentaje":0.9570621524604017},{"rango":{"min":60,"max":69},"vacunados":344493,"personasINE":346927,"porcentaje":0.9929841148137792},{"rango":{"min":70,"max":79},"vacunados":290021,"personasINE":290021,"porcentaje":1},{"rango":{"min":80,"max":null},"vacunados":240643,"personasINE":240643,"porcentaje":1}]}}},{"ccaa":"La Rioja","dosisAdministradas":480367,"dosisEntregadas":510565,"dosisEntregadasModerna":67600,"dosisEntregadasPfizer":374465,"dosisEntregadasAstrazeneca":53300,"dosisEntregadasJanssen":15200,"dosisPrimeraDosis":259219,"dosisPautaCompletada":253779,"porcentajeEntregadas":0.9408537600501405,"porcentajePoblacionAdministradas":1.5015504166744813,"porcentajePoblacionPrimeraDosis":0.8102771369805635,"porcentajePoblacionCompletas":0.7932725670023819,"fechaUltRegistro":1634515200000,"etarios":{"unaDosis":{"etarioTotal":{"vacunados":259219,"personasINE":283970,"porcentaje":0.9128393844420185},"etarioRangos":[{"rango":{"min":12,"max":19},"vacunados":21649,"personasINE":25532,"porcentaje":0.7817650535163175},{"rango":{"min":20,"max":29},"vacunados":23811,"personasINE":30458,"porcentaje":0.8961791980659906},{"rango":{"min":30,"max":39},"vacunados":30907,"personasINE":39319,"porcentaje":0.8961791980659906},{"rango":{"min":40,"max":49},"vacunados":47450,"personasINE":52947,"porcentaje":0.8961791980659906},{"rango":{"min":50,"max":59},"vacunados":45359,"personasINE":47664,"porcentaje":0.9516406512252433},{"rango":{"min":60,"max":69},"vacunados":38021,"personasINE":38021,"porcentaje":1},{"rango":{"min":70,"max":79},"vacunados":28660,"personasINE":28660,"porcentaje":1},{"rango":{"min":80,"max":null},"vacunados":23362,"personasINE":23362,"porcentaje":1}]},"pautaCompleta":{"etarioTotal":{"vacunados":253779,"personasINE":283970,"porcentaje":0.8936824312427369},"etarioRangos":[{"rango":{"min":12,"max":19},"vacunados":20505,"personasINE":25532,"porcentaje":0.7455512509028827},{"rango":{"min":20,"max":29},"vacunados":22708,"personasINE":30458,"porcentaje":0.881560806089108},{"rango":{"min":30,"max":39},"vacunados":30021,"personasINE":39319,"porcentaje":0.881560806089108},{"rango":{"min":40,"max":49},"vacunados":46676,"personasINE":52947,"porcentaje":0.881560806089108},{"rango":{"min":50,"max":59},"vacunados":44733,"personasINE":47664,"porcentaje":0.938507049345418},{"rango":{"min":60,"max":69},"vacunados":37430,"personasINE":37718,"porcentaje":0.9923643883556923},{"rango":{"min":70,"max":79},"vacunados":28550,"personasINE":28550,"porcentaje":1},{"rango":{"min":80,"max":null},"vacunados":23156,"personasINE":23156,"porcentaje":1}]}}},{"ccaa":"Madrid","dosisAdministradas":9837452,"dosisEntregadas":10825829,"dosisEntregadasModerna":1645800,"dosisEntregadasPfizer":7637679,"dosisEntregadasAstrazeneca":1220900,"dosisEntregadasJanssen":321450,"dosisPrimeraDosis":5318306,"dosisPautaCompletada":5194422,"porcentajeEntregadas":0.9087019571434206,"porcentajePoblacionAdministradas":1.450975591337202,"porcentajePoblacionPrimeraDosis":0.7844238724887491,"porcentajePoblacionCompletas":0.7661515942446246,"fechaUltRegistro":1634515200000,"etarios":{"unaDosis":{"etarioTotal":{"vacunados":5318306,"personasINE":5977937,"porcentaje":0.889655745786548},"etarioRangos":[{"rango":{"min":12,"max":19},"vacunados":448149,"personasINE":553542,"porcentaje":0.796165527458837},{"rango":{"min":20,"max":29},"vacunados":591133,"personasINE":742475,"porcentaje":0.8811025317096223},{"rango":{"min":30,"max":39},"vacunados":740176,"personasINE":949640,"porcentaje":0.8811025317096223},{"rango":{"min":40,"max":49},"vacunados":1027340,"personasINE":1165971,"porcentaje":0.8811025317096223},{"rango":{"min":50,"max":59},"vacunados":938823,"personasINE":972783,"porcentaje":0.965089850459969},{"rango":{"min":60,"max":69},"vacunados":688117,"personasINE":703323,"porcentaje":0.9783797771436452},{"rango":{"min":70,"max":79},"vacunados":510778,"personasINE":526081,"porcentaje":0.9709113235414318},{"rango":{"min":80,"max":null},"vacunados":373790,"personasINE":373790,"porcentaje":1}]},"pautaCompleta":{"etarioTotal":{"vacunados":5194422,"personasINE":5977937,"porcentaje":0.8689322085528837},"etarioRangos":[{"rango":{"min":12,"max":19},"vacunados":429934,"personasINE":553542,"porcentaje":0.7555432842856662},{"rango":{"min":20,"max":29},"vacunados":560972,"personasINE":742475,"porcentaje":0.8631509703071517},{"rango":{"min":30,"max":39},"vacunados":711552,"personasINE":949640,"porcentaje":0.8631509703071517},{"rango":{"min":40,"max":49},"vacunados":1006409,"personasINE":1165971,"porcentaje":0.8631509703071517},{"rango":{"min":50,"max":59},"vacunados":930702,"personasINE":972783,"porcentaje":0.9567416371379845},{"rango":{"min":60,"max":69},"vacunados":675523,"personasINE":703323,"porcentaje":0.9604733529260383},{"rango":{"min":70,"max":79},"vacunados":508548,"personasINE":526081,"porcentaje":0.9666724325721704},{"rango":{"min":80,"max":null},"vacunados":370782,"personasINE":370782,"porcentaje":1}]}}},{"ccaa":"Murcia","dosisAdministradas":2217038,"dosisEntregadas":2407175,"dosisEntregadasModerna":398000,"dosisEntregadasPfizer":1687865,"dosisEntregadasAstrazeneca":253010,"dosisEntregadasJanssen":68300,"dosisPrimeraDosis":1186177,"dosisPautaCompletada":1150916,"porcentajeEntregadas":0.9210123900422694,"porcentajePoblacionAdministradas":1.4670216926241901,"porcentajePoblacionPrimeraDosis":0.7848974128056821,"porcentajePoblacionCompletas":0.7615650874672705,"fechaUltRegistro":1634515200000,"etarios":{"unaDosis":{"etarioTotal":{"vacunados":1186177,"personasINE":1310137,"porcentaje":0.9053839407634469},"etarioRangos":[{"rango":{"min":12,"max":19},"vacunados":117759,"personasINE":141894,"porcentaje":0.8073881844781943},{"rango":{"min":20,"max":29},"vacunados":139071,"personasINE":172248,"porcentaje":0.9087375126398249},{"rango":{"min":30,"max":39},"vacunados":165896,"personasINE":209003,"porcentaje":0.9087375126398249},{"rango":{"min":40,"max":49},"vacunados":230962,"personasINE":254157,"porcentaje":0.9087375126398249},{"rango":{"min":50,"max":59},"vacunados":207160,"personasINE":213256,"porcentaje":0.9714146378062047},{"rango":{"min":60,"max":69},"vacunados":148123,"personasINE":148123,"porcentaje":1},{"rango":{"min":70,"max":79},"vacunados":103252,"personasINE":103252,"porcentaje":1},{"rango":{"min":80,"max":null},"vacunados":73954,"personasINE":73954,"porcentaje":1}]},"pautaCompleta":{"etarioTotal":{"vacunados":1150916,"personasINE":1310137,"porcentaje":0.8784699615383734},"etarioRangos":[{"rango":{"min":12,"max":19},"vacunados":112448,"personasINE":141894,"porcentaje":0.7591670150016255},{"rango":{"min":20,"max":29},"vacunados":130765,"personasINE":172248,"porcentaje":0.8868415979099533},{"rango":{"min":30,"max":39},"vacunados":158680,"personasINE":209003,"porcentaje":0.8868415979099533},{"rango":{"min":40,"max":49},"vacunados":225397,"personasINE":254157,"porcentaje":0.8868415979099533},{"rango":{"min":50,"max":59},"vacunados":204306,"personasINE":213256,"porcentaje":0.9580316614772855},{"rango":{"min":60,"max":69},"vacunados":145226,"personasINE":146909,"porcentaje":0.9885439285544112},{"rango":{"min":70,"max":79},"vacunados":101208,"personasINE":102899,"porcentaje":0.9835664097804644},{"rango":{"min":80,"max":null},"vacunados":72886,"personasINE":72886,"porcentaje":1}]}}},{"ccaa":"Navarra","dosisAdministradas":980364,"dosisEntregadas":1046175,"dosisEntregadasModerna":151500,"dosisEntregadasPfizer":734325,"dosisEntregadasAstrazeneca":136600,"dosisEntregadasJanssen":23750,"dosisPrimeraDosis":526654,"dosisPautaCompletada":519441,"porcentajeEntregadas":0.9370936984730088,"porcentajePoblacionAdministradas":1.4827109015921125,"porcentajePoblacionPrimeraDosis":0.7965160156504038,"porcentajePoblacionCompletas":0.7856070127359924,"fechaUltRegistro":1634515200000,"etarios":{"unaDosis":{"etarioTotal":{"vacunados":526654,"personasINE":581354,"porcentaje":0.9059093082700042},"etarioRangos":[{"rango":{"min":12,"max":19},"vacunados":48479,"personasINE":56388,"porcentaje":0.8313737578346324},{"rango":{"min":20,"max":29},"vacunados":56639,"personasINE":68127,"porcentaje":0.88142812170145},{"rango":{"min":30,"max":39},"vacunados":63830,"personasINE":81341,"porcentaje":0.88142812170145},{"rango":{"min":40,"max":49},"vacunados":95196,"personasINE":108002,"porcentaje":0.88142812170145},{"rango":{"min":50,"max":59},"vacunados":91846,"personasINE":96694,"porcentaje":0.9498624526857923},{"rango":{"min":60,"max":69},"vacunados":72267,"personasINE":73844,"porcentaje":0.9786441687882563},{"rango":{"min":70,"max":79},"vacunados":55891,"personasINE":55891,"porcentaje":1},{"rango":{"min":80,"max":null},"vacunados":42506,"personasINE":42506,"porcentaje":1}]},"pautaCompleta":{"etarioTotal":{"vacunados":519441,"personasINE":581354,"porcentaje":0.8935020658669245},"etarioRangos":[{"rango":{"min":12,"max":19},"vacunados":47137,"personasINE":56388,"porcentaje":0.8040424501299045},{"rango":{"min":20,"max":29},"vacunados":54777,"personasINE":68127,"porcentaje":0.8731227199496305},{"rango":{"min":30,"max":39},"vacunados":62461,"personasINE":81341,"porcentaje":0.8731227199496305},{"rango":{"min":40,"max":49},"vacunados":94299,"personasINE":108002,"porcentaje":0.8731227199496305},{"rango":{"min":50,"max":59},"vacunados":91230,"personasINE":96694,"porcentaje":0.9434918402382775},{"rango":{"min":60,"max":69},"vacunados":71656,"personasINE":73844,"porcentaje":0.9703699691240995},{"rango":{"min":70,"max":79},"vacunados":55745,"personasINE":55792,"porcentaje":0.9991575853168914},{"rango":{"min":80,"max":null},"vacunados":42136,"personasINE":42136,"porcentaje":1}]}}},{"ccaa":"País Vasco","dosisAdministradas":3360989,"dosisEntregadas":3668820,"dosisEntregadasModerna":526100,"dosisEntregadasPfizer":2597220,"dosisEntregadasAstrazeneca":444200,"dosisEntregadasJanssen":101300,"dosisPrimeraDosis":1807469,"dosisPautaCompletada":1774787,"porcentajeEntregadas":0.9160953658124411,"porcentajePoblacionAdministradas":1.5136153774098133,"porcentajePoblacionPrimeraDosis":0.8139904273984645,"porcentajePoblacionCompletas":0.7992721472242338,"fechaUltRegistro":1634515200000,"etarios":{"unaDosis":{"etarioTotal":{"vacunados":1807469,"personasINE":1983943,"porcentaje":0.9110488557382949},"etarioRangos":[{"rango":{"min":12,"max":19},"vacunados":144409,"personasINE":168606,"porcentaje":0.802658608473012},{"rango":{"min":20,"max":29},"vacunados":161763,"personasINE":201534,"porcentaje":0.8832721679603902},{"rango":{"min":30,"max":39},"vacunados":201600,"personasINE":260543,"porcentaje":0.8832721679603902},{"rango":{"min":40,"max":49},"vacunados":319862,"personasINE":362133,"porcentaje":0.8832721679603902},{"rango":{"min":50,"max":59},"vacunados":323538,"personasINE":339977,"porcentaje":0.9516467290434353},{"rango":{"min":60,"max":69},"vacunados":278424,"personasINE":280119,"porcentaje":0.9939490002463239},{"rango":{"min":70,"max":79},"vacunados":213712,"personasINE":213712,"porcentaje":1},{"rango":{"min":80,"max":null},"vacunados":164161,"personasINE":164161,"porcentaje":1}]},"pautaCompleta":{"etarioTotal":{"vacunados":1774787,"personasINE":1983943,"porcentaje":0.8945756002062559},"etarioRangos":[{"rango":{"min":12,"max":19},"vacunados":140470,"personasINE":168606,"porcentaje":0.7739240028977741},{"rango":{"min":20,"max":29},"vacunados":155972,"personasINE":201534,"porcentaje":0.8706248809139183},{"rango":{"min":30,"max":39},"vacunados":195725,"personasINE":260543,"porcentaje":0.8706248809139183},{"rango":{"min":40,"max":49},"vacunados":315282,"personasINE":362133,"porcentaje":0.8706248809139183},{"rango":{"min":50,"max":59},"vacunados":320253,"personasINE":339977,"porcentaje":0.9419843107033711},{"rango":{"min":60,"max":69},"vacunados":273075,"personasINE":280119,"porcentaje":0.9748535443864929},{"rango":{"min":70,"max":79},"vacunados":212157,"personasINE":213081,"porcentaje":0.995663620876568},{"rango":{"min":80,"max":null},"vacunados":161853,"personasINE":157950.00000000003,"porcentaje":1.024710351377018}]}}},{"ccaa":"Ceuta","dosisAdministradas":113737,"dosisEntregadas":140230,"dosisEntregadasModerna":22400,"dosisEntregadasPfizer":95580,"dosisEntregadasAstrazeneca":18100,"dosisEntregadasJanssen":4150,"dosisPrimeraDosis":62268,"dosisPautaCompletada":59125,"porcentajeEntregadas":0.8110746630535549,"porcentajePoblacionAdministradas":1.3507636398185316,"porcentajePoblacionPrimeraDosis":0.739507375121731,"porcentajePoblacionCompletas":0.7021804707726658,"fechaUltRegistro":1634515200000,"etarios":{"unaDosis":{"etarioTotal":{"vacunados":62268,"personasINE":70965,"porcentaje":0.8774466286197421},"etarioRangos":[{"rango":{"min":12,"max":19},"vacunados":8299,"personasINE":9126,"porcentaje":0.83213276192213},{"rango":{"min":20,"max":29},"vacunados":9126,"personasINE":10967,"porcentaje":0.8796076570162948},{"rango":{"min":30,"max":39},"vacunados":9196,"personasINE":11894,"porcentaje":0.8796076570162948},{"rango":{"min":40,"max":49},"vacunados":11120,"personasINE":12642,"porcentaje":0.8796076570162948},{"rango":{"min":50,"max":59},"vacunados":10577,"personasINE":11556,"porcentaje":0.915282104534441},{"rango":{"min":60,"max":69},"vacunados":7659,"personasINE":7857,"porcentaje":0.9747995418098511},{"rango":{"min":70,"max":79},"vacunados":3890,"personasINE":4318,"porcentaje":0.9008800370541917},{"rango":{"min":80,"max":null},"vacunados":2401,"personasINE":2605,"porcentaje":0.9216890595009597}]},"pautaCompleta":{"etarioTotal":{"vacunados":59125,"personasINE":70965,"porcentaje":0.8331571901641655},"etarioRangos":[{"rango":{"min":12,"max":19},"vacunados":7206,"personasINE":9126,"porcentaje":0.7543539710039209},{"rango":{"min":20,"max":29},"vacunados":8273,"personasINE":10967,"porcentaje":0.8553235247587407},{"rango":{"min":30,"max":39},"vacunados":8680,"personasINE":11894,"porcentaje":0.8553235247587407},{"rango":{"min":40,"max":49},"vacunados":10813,"personasINE":12642,"porcentaje":0.8553235247587407},{"rango":{"min":50,"max":59},"vacunados":10409,"personasINE":11556,"porcentaje":0.9007442021460713},{"rango":{"min":60,"max":69},"vacunados":7511,"personasINE":7857,"porcentaje":0.9559628356879216},{"rango":{"min":70,"max":79},"vacunados":3856,"personasINE":4318,"porcentaje":0.8930060213061602},{"rango":{"min":80,"max":null},"vacunados":2377,"personasINE":2605,"porcentaje":0.9124760076775432}]}}},{"ccaa":"Melilla","dosisAdministradas":101768,"dosisEntregadas":141100,"dosisEntregadasModerna":23500,"dosisEntregadasPfizer":96750,"dosisEntregadasAstrazeneca":15100,"dosisEntregadasJanssen":5750,"dosisPrimeraDosis":57052,"dosisPautaCompletada":54520,"porcentajeEntregadas":0.7212473423104181,"porcentajePoblacionAdministradas":1.1687261702420875,"porcentajePoblacionPrimeraDosis":0.6551977582801232,"porcentajePoblacionCompletas":0.6261197115163765,"fechaUltRegistro":1634515200000,"etarios":{"unaDosis":{"etarioTotal":{"vacunados":57052,"personasINE":70927,"porcentaje":0.8043763305934271},"etarioRangos":[{"rango":{"min":12,"max":19},"vacunados":7641,"personasINE":9574,"porcentaje":0.7185493955814923},{"rango":{"min":20,"max":29},"vacunados":8619,"personasINE":11995,"porcentaje":0.8369438426928845},{"rango":{"min":30,"max":39},"vacunados":8578,"personasINE":12133,"porcentaje":0.8369438426928845},{"rango":{"min":40,"max":49},"vacunados":10045,"personasINE":12002,"porcentaje":0.8369438426928845},{"rango":{"min":50,"max":59},"vacunados":9677,"personasINE":11299,"porcentaje":0.8564474732277193},{"rango":{"min":60,"max":69},"vacunados":7165,"personasINE":7827,"porcentaje":0.9154209786636004},{"rango":{"min":70,"max":79},"vacunados":3315,"personasINE":3748,"porcentaje":0.8844717182497331},{"rango":{"min":80,"max":null},"vacunados":2012,"personasINE":2349,"porcentaje":0.8565346956151554}]},"pautaCompleta":{"etarioTotal":{"vacunados":54520,"personasINE":70927,"porcentaje":0.7686776544898276},"etarioRangos":[{"rango":{"min":12,"max":19},"vacunados":7014,"personasINE":9574,"porcentaje":0.6541058774489371},{"rango":{"min":20,"max":29},"vacunados":7846,"personasINE":11994.999999999998,"porcentaje":0.816863856023996},{"rango":{"min":30,"max":39},"vacunados":8185,"personasINE":12133,"porcentaje":0.816863856023996},{"rango":{"min":40,"max":49},"vacunados":9804,"personasINE":12002,"porcentaje":0.816863856023996},{"rango":{"min":50,"max":59},"vacunados":9472,"personasINE":11299,"porcentaje":0.8383042747145765},{"rango":{"min":60,"max":69},"vacunados":6995,"personasINE":7827,"porcentaje":0.8937012904050083},{"rango":{"min":70,"max":79},"vacunados":3239,"personasINE":3748,"porcentaje":0.8641942369263608},{"rango":{"min":80,"max":null},"vacunados":1965,"personasINE":2349,"porcentaje":0.8365261813537676}]}}},{"ccaa":"Fuerzas Armadas","dosisAdministradas":172951,"dosisEntregadas":212238,"dosisEntregadasModerna":58300,"dosisEntregadasPfizer":48138,"dosisEntregadasAstrazeneca":103800,"dosisEntregadasJanssen":2000,"dosisPrimeraDosis":92817,"dosisPautaCompletada":86697,"porcentajeEntregadas":0.8148917724441429,"porcentajePoblacionAdministradas":null,"porcentajePoblacionPrimeraDosis":null,"porcentajePoblacionCompletas":null,"fechaUltRegistro":1634169600000},{"ccaa":"Sanidad Exterior","dosisAdministradas":6787,"dosisEntregadas":8995,"dosisEntregadasModerna":4910,"dosisEntregadasPfizer":0,"dosisEntregadasAstrazeneca":0,"dosisEntregadasJanssen":4085,"dosisPrimeraDosis":5092,"dosisPautaCompletada":4837,"porcentajeEntregadas":0.7545302946081156,"porcentajePoblacionAdministradas":null,"porcentajePoblacionPrimeraDosis":null,"porcentajePoblacionCompletas":null,"fechaUltRegistro":1634515200000,"etarios":{"unaDosis":{"etarioTotal":{"vacunados":5092,"personasINE":"-","porcentaje":"-"},"etarioRangos":[{"rango":{"min":12,"max":19},"vacunados":170,"personasINE":null,"porcentaje":"-"},{"rango":{"min":20,"max":29},"vacunados":1231,"personasINE":null,"porcentaje":"-"},{"rango":{"min":30,"max":39},"vacunados":1465,"personasINE":null,"porcentaje":"-"},{"rango":{"min":40,"max":49},"vacunados":1281,"personasINE":null,"porcentaje":"-"},{"rango":{"min":50,"max":59},"vacunados":665,"personasINE":null,"porcentaje":"-"},{"rango":{"min":60,"max":69},"vacunados":220,"personasINE":null,"porcentaje":"-"},{"rango":{"min":70,"max":79},"vacunados":33,"personasINE":null,"porcentaje":"-"},{"rango":{"min":80,"max":null},"vacunados":27,"personasINE":null,"porcentaje":"-"}]},"pautaCompleta":{"etarioTotal":{"vacunados":4837,"personasINE":"-","porcentaje":"-"},"etarioRangos":[{"rango":{"min":12,"max":19},"vacunados":154,"personasINE":null,"porcentaje":"-"},{"rango":{"min":20,"max":29},"vacunados":1174,"personasINE":null,"porcentaje":"-"},{"rango":{"min":30,"max":39},"vacunados":1387,"personasINE":null,"porcentaje":"-"},{"rango":{"min":40,"max":49},"vacunados":1219,"personasINE":null,"porcentaje":"-"},{"rango":{"min":50,"max":59},"vacunados":637,"personasINE":null,"porcentaje":"-"},{"rango":{"min":60,"max":69},"vacunados":208,"personasINE":null,"porcentaje":"-"},{"rango":{"min":70,"max":79},"vacunados":32,"personasINE":null,"porcentaje":"-"},{"rango":{"min":80,"max":null},"vacunados":26,"personasINE":null,"porcentaje":"-"}]}}},{"ccaa":"Totales","dosisAdministradas":71072261,"dosisEntregadas":75642021,"dosisEntregadasModerna":10752860,"dosisEntregadasPfizer":53616591,"dosisEntregadasAstrazeneca":9111010,"dosisEntregadasJanssen":2161560,"dosisPrimeraDosis":37899559,"dosisPautaCompletada":37086628,"porcentajeEntregadas":0.9395870187022105,"porcentajePoblacionAdministradas":1.5141086706433746,"porcentajePoblacionPrimeraDosis":0.8074043246697912,"porcentajePoblacionCompletas":0.7900858116744781,"fechaUltRegistro":null,"etarios":{"unaDosis":{"etarioTotal":{"vacunados":37899559,"personasINE":42119827,"porcentaje":0.8998032921645192},"etarioRangos":[{"rango":{"min":12,"max":19},"vacunados":3287884,"personasINE":3888686,"porcentaje":0.7996129141858659},{"rango":{"min":20,"max":29},"vacunados":3953798,"personasINE":4944640,"porcentaje":0.8817807790604274},{"rango":{"min":30,"max":39},"vacunados":4871982,"personasINE":6230403,"porcentaje":0.8817807790604274},{"rango":{"min":40,"max":49},"vacunados":6958782,"personasINE":7891737,"porcentaje":0.8817807790604274},{"rango":{"min":50,"max":59},"vacunados":6672723,"personasINE":7033306,"porcentaje":0.9487320756412418},{"rango":{"min":60,"max":69},"vacunados":5275184,"personasINE":5336986,"porcentaje":0.9884200558142742},{"rango":{"min":70,"max":79},"vacunados":3942058,"personasINE":3960045,"porcentaje":0.9954578798978294},{"rango":{"min":80,"max":null},"vacunados":2937148,"personasINE":2937148,"porcentaje":1}]},"pautaCompleta":{"etarioTotal":{"vacunados":37086628,"personasINE":42119827,"porcentaje":0.8805028567662445},"etarioRangos":[{"rango":{"min":12,"max":19},"vacunados":3146067,"personasINE":3888686,"porcentaje":0.7615879012425576},{"rango":{"min":20,"max":29},"vacunados":3765778,"personasINE":4944640,"porcentaje":0.8671590297547929},{"rango":{"min":30,"max":39},"vacunados":4708364,"personasINE":6230403,"porcentaje":0.8671590297547929},{"rango":{"min":40,"max":49},"vacunados":6843391,"personasINE":7891737,"porcentaje":0.8671590297547929},{"rango":{"min":50,"max":59},"vacunados":6600416,"personasINE":7033306,"porcentaje":0.9384514195742372},{"rango":{"min":60,"max":69},"vacunados":5203976,"personasINE":5336986,"porcentaje":0.9750776936645514},{"rango":{"min":70,"max":79},"vacunados":3916256,"personasINE":3960045,"porcentaje":0.9889422973728834},{"rango":{"min":80,"max":null},"vacunados":2902380,"personasINE":2902380,"porcentaje":1}]}}}]