[{"ccaa":"Andalucía","dosisAdministradas":401714,"dosisEntregadas":545910,"dosisEntregadasModerna":36300,"dosisEntregadasPfizer":475110,"dosisEntregadasAstrazeneca":34500,"dosisPautaCompletada":159969,"porcentajeEntregadas":0.7358612225458409,"porcentajePoblacionAdministradas":0.04745917938058537,"porcentajePoblacionCompletas":0.01889901140197469,"fechaUltRegistro":1612825156000},{"ccaa":"Aragón","dosisAdministradas":80211,"dosisEntregadas":92745,"dosisEntregadasModerna":6300,"dosisEntregadasPfizer":81045,"dosisEntregadasAstrazeneca":5400,"dosisPautaCompletada":29343,"porcentajeEntregadas":0.8648552482613618,"porcentajePoblacionAdministradas":0.06033665039104372,"porcentajePoblacionCompletas":0.02207251290252454,"fechaUltRegistro":1612825156000},{"ccaa":"Asturias","dosisAdministradas":75118,"dosisEntregadas":94475,"dosisEntregadasModerna":6300,"dosisEntregadasPfizer":83975,"dosisEntregadasAstrazeneca":4200,"dosisPautaCompletada":32296,"porcentajeEntregadas":0.7951098174120138,"porcentajePoblacionAdministradas":0.07373299934039011,"porcentajePoblacionCompletas":0.03170053711090869,"fechaUltRegistro":1612825156000},{"ccaa":"Baleares","dosisAdministradas":37685,"dosisEntregadas":50480,"dosisEntregadasModerna":3200,"dosisEntregadasPfizer":42480,"dosisEntregadasAstrazeneca":4800,"dosisPautaCompletada":14564,"porcentajeEntregadas":0.7465332805071315,"porcentajePoblacionAdministradas":0.03216697978648671,"porcentajePoblacionCompletas":0.012431468584593139,"fechaUltRegistro":1612825156000},{"ccaa":"Canarias","dosisAdministradas":86467,"dosisEntregadas":109470,"dosisEntregadasModerna":7000,"dosisEntregadasPfizer":93570,"dosisEntregadasAstrazeneca":8900,"dosisPautaCompletada":29967,"porcentajeEntregadas":0.7898693706038183,"porcentajePoblacionAdministradas":0.03973754935770642,"porcentajePoblacionCompletas":0.013771903056685074,"fechaUltRegistro":1612825156000},{"ccaa":"Cantabria","dosisAdministradas":36320,"dosisEntregadas":44645,"dosisEntregadasModerna":2900,"dosisEntregadasPfizer":39345,"dosisEntregadasAstrazeneca":2400,"dosisPautaCompletada":14393,"porcentajeEntregadas":0.8135289506103707,"porcentajePoblacionAdministradas":0.06230860946466405,"porcentajePoblacionCompletas":0.024691845154870863,"fechaUltRegistro":1612825156000},{"ccaa":"Castilla y Leon","dosisAdministradas":168030,"dosisEntregadas":200855,"dosisEntregadasModerna":13500,"dosisEntregadasPfizer":177555,"dosisEntregadasAstrazeneca":9800,"dosisPautaCompletada":69345,"porcentajeEntregadas":0.8365736476562694,"porcentajePoblacionAdministradas":0.0701610660573765,"porcentajePoblacionCompletas":0.02895506234451451,"fechaUltRegistro":1612825156000},{"ccaa":"Castilla La Mancha","dosisAdministradas":109636,"dosisEntregadas":137875,"dosisEntregadasModerna":9200,"dosisEntregadasPfizer":120375,"dosisEntregadasAstrazeneca":8300,"dosisPautaCompletada":35531,"porcentajeEntregadas":0.795184043517679,"porcentajePoblacionAdministradas":0.05360594282965019,"porcentajePoblacionCompletas":0.01737269468678446,"fechaUltRegistro":1612825156000},{"ccaa":"Cataluña","dosisAdministradas":340729,"dosisEntregadas":473320,"dosisEntregadasModerna":31400,"dosisEntregadasPfizer":410120,"dosisEntregadasAstrazeneca":31800,"dosisPautaCompletada":138400,"porcentajeEntregadas":0.719870278036001,"porcentajePoblacionAdministradas":0.04379280504452232,"porcentajePoblacionCompletas":0.017788107904410513,"fechaUltRegistro":1612825156000},{"ccaa":"C. Valenciana","dosisAdministradas":201983,"dosisEntregadas":243580,"dosisEntregadasModerna":15700,"dosisEntregadasPfizer":207280,"dosisEntregadasAstrazeneca":20600,"dosisPautaCompletada":89522,"porcentajeEntregadas":0.8292265374825519,"porcentajePoblacionAdministradas":0.03993848165235846,"porcentajePoblacionCompletas":0.01770135483918168,"fechaUltRegistro":1612825156000},{"ccaa":"Extremadura","dosisAdministradas":71334,"dosisEntregadas":84075,"dosisEntregadasModerna":5400,"dosisEntregadasPfizer":74375,"dosisEntregadasAstrazeneca":4300,"dosisPautaCompletada":28790,"porcentajeEntregadas":0.8484567350579839,"porcentajePoblacionAdministradas":0.06704405222996146,"porcentajePoblacionCompletas":0.027058601279902856,"fechaUltRegistro":1612825156000},{"ccaa":"Galicia","dosisAdministradas":114462,"dosisEntregadas":149615,"dosisEntregadasModerna":9800,"dosisEntregadasPfizer":128815,"dosisEntregadasAstrazeneca":11000,"dosisPautaCompletada":54604,"porcentajeEntregadas":0.7650436119373057,"porcentajePoblacionAdministradas":0.04236479201604549,"porcentajePoblacionCompletas":0.020210088092503607,"fechaUltRegistro":1612825156000},{"ccaa":"La Rioja","dosisAdministradas":18970,"dosisEntregadas":22655,"dosisEntregadasModerna":1400,"dosisEntregadasPfizer":19955,"dosisEntregadasAstrazeneca":1300,"dosisPautaCompletada":7997,"porcentajeEntregadas":0.8373427499448245,"porcentajePoblacionAdministradas":0.05929718611876942,"porcentajePoblacionCompletas":0.024997343035940908,"fechaUltRegistro":1612825156000},{"ccaa":"Madrid","dosisAdministradas":294615,"dosisEntregadas":386475,"dosisEntregadasModerna":25400,"dosisEntregadasPfizer":333375,"dosisEntregadasAstrazeneca":27700,"dosisPautaCompletada":115535,"porcentajeEntregadas":0.7623132156025616,"porcentajePoblacionAdministradas":0.04345425765145383,"porcentajePoblacionCompletas":0.017040841972610757,"fechaUltRegistro":1612825156000},{"ccaa":"Murcia","dosisAdministradas":78988,"dosisEntregadas":100105,"dosisEntregadasModerna":6600,"dosisEntregadasPfizer":87305,"dosisEntregadasAstrazeneca":6200,"dosisPautaCompletada":27799,"porcentajeEntregadas":0.7890514959292743,"porcentajePoblacionAdministradas":0.052266632081633034,"porcentajePoblacionCompletas":0.018394694197059257,"fechaUltRegistro":1612825156000},{"ccaa":"Navarra","dosisAdministradas":36677,"dosisEntregadas":44945,"dosisEntregadasModerna":2900,"dosisEntregadasPfizer":39345,"dosisEntregadasAstrazeneca":2700,"dosisPautaCompletada":13286,"porcentajeEntregadas":0.8160418289019913,"porcentajePoblacionAdministradas":0.05547060860832702,"porcentajePoblacionCompletas":0.020093860074985218,"fechaUltRegistro":1612825156000},{"ccaa":"País Vasco","dosisAdministradas":75634,"dosisEntregadas":124460,"dosisEntregadasModerna":7900,"dosisEntregadasPfizer":107460,"dosisEntregadasAstrazeneca":9100,"dosisPautaCompletada":26299,"porcentajeEntregadas":0.6076972521291981,"porcentajePoblacionAdministradas":0.034061636457308794,"porcentajePoblacionCompletas":0.01184370755468128,"fechaUltRegistro":1612825156000},{"ccaa":"Ceuta","dosisAdministradas":2277,"dosisEntregadas":5120,"dosisEntregadasModerna":400,"dosisEntregadasPfizer":4320,"dosisEntregadasAstrazeneca":400,"dosisPautaCompletada":963,"porcentajeEntregadas":0.4447265625,"porcentajePoblacionAdministradas":0.027042113013942663,"porcentajePoblacionCompletas":0.011436782974276145,"fechaUltRegistro":1612738756000},{"ccaa":"Melilla","dosisAdministradas":2399,"dosisEntregadas":3950,"dosisEntregadasModerna":400,"dosisEntregadasPfizer":3150,"dosisEntregadasAstrazeneca":400,"dosisPautaCompletada":1080,"porcentajeEntregadas":0.6073417721518988,"porcentajePoblacionAdministradas":0.02755064541320226,"porcentajePoblacionCompletas":0.01240295833524737,"fechaUltRegistro":1612738756000},{"ccaa":"Totales","dosisAdministradas":2233249,"dosisEntregadas":2914755,"dosisEntregadasModerna":192000,"dosisEntregadasPfizer":2528955,"dosisEntregadasAstrazeneca":193800,"dosisPautaCompletada":889683,"porcentajeEntregadas":0.7661875526416457,"porcentajePoblacionAdministradas":0.04757667234767789,"porcentajePoblacionCompletas":0.018953621644652748,"fechaUltRegistro":null}]
