[{"ccaa":"Andalucía","dosisAdministradas":2574292,"dosisEntregadas":2851540,"dosisEntregadasModerna":248500,"dosisEntregadasPfizer":1907190,"dosisEntregadasAstrazeneca":669700,"dosisEntregadasJanssen":26150,"dosisPautaCompletada":708503,"porcentajeEntregadas":0.9027725369449491,"porcentajePoblacionAdministradas":0.3041312620571,"porcentajePoblacionCompletas":0.08370375682371756,"fechaUltRegistro":1619395200000,"etarios":{"unaDosis":{"etarioTotal":{"vacunados":1865789,"personasINE":7062213,"porcentaje":0.26419324933983157},"etarioRangos":[{"rango":{"min":16,"max":17},"vacunados":327,"personasINE":181921,"porcentaje":0.0017974835230677051},{"rango":{"min":18,"max":24},"vacunados":29320,"personasINE":625846,"porcentaje":0.04684858575432295},{"rango":{"min":25,"max":49},"vacunados":336014,"personasINE":3009381,"porcentaje":0.11165551985607672},{"rango":{"min":50,"max":59},"vacunados":151275,"personasINE":1265021,"porcentaje":0.11958299506490407},{"rango":{"min":60,"max":69},"vacunados":421794,"personasINE":916147,"porcentaje":0.46039991398760244},{"rango":{"min":70,"max":79},"vacunados":504030,"personasINE":650381,"porcentaje":0.7749765137665461},{"rango":{"min":80,"max":null},"vacunados":423029,"personasINE":413516,"porcentaje":1.0230051557859914}]},"pautaCompleta":{"etarioTotal":{"vacunados":708503,"personasINE":7062213,"porcentaje":0.10032308569565943},"etarioRangos":[{"rango":{"min":16,"max":17},"vacunados":161,"personasINE":181921,"porcentaje":0.0008849995327642219},{"rango":{"min":18,"max":24},"vacunados":13059,"personasINE":625846,"porcentaje":0.020866155571817986},{"rango":{"min":25,"max":49},"vacunados":138233,"personasINE":3009381,"porcentaje":0.04593403095188014},{"rango":{"min":50,"max":59},"vacunados":74084,"personasINE":1265021,"porcentaje":0.05856345467782748},{"rango":{"min":60,"max":69},"vacunados":44964,"personasINE":916147,"porcentaje":0.04907945995566214},{"rango":{"min":70,"max":79},"vacunados":45824,"personasINE":650381,"porcentaje":0.07045716280149636},{"rango":{"min":80,"max":null},"vacunados":392178,"personasINE":413516,"porcentaje":0.9483986109364572}]}}},{"ccaa":"Aragón","dosisAdministradas":468479,"dosisEntregadas":554535,"dosisEntregadasModerna":51800,"dosisEntregadasPfizer":393435,"dosisEntregadasAstrazeneca":105200,"dosisEntregadasJanssen":4100,"dosisPautaCompletada":128851,"porcentajeEntregadas":0.8448141235449521,"porcentajePoblacionAdministradas":0.35240121228442195,"porcentajePoblacionCompletas":0.0969248324984899,"fechaUltRegistro":1619395200000,"etarios":{"unaDosis":{"etarioTotal":{"vacunados":343702,"personasINE":1132764,"porcentaje":0.30341889396202565},"etarioRangos":[{"rango":{"min":16,"max":17},"vacunados":34,"personasINE":25106,"porcentaje":0.0013542579463076555},{"rango":{"min":18,"max":24},"vacunados":5843,"personasINE":89180,"porcentaje":0.06551917470284817},{"rango":{"min":25,"max":49},"vacunados":51254,"personasINE":446083,"porcentaje":0.11489790016656093},{"rango":{"min":50,"max":59},"vacunados":27719,"personasINE":198266,"porcentaje":0.13980712779800875},{"rango":{"min":60,"max":69},"vacunados":70364,"personasINE":156367,"porcentaje":0.4499926455070443},{"rango":{"min":70,"max":79},"vacunados":89575,"personasINE":118955,"porcentaje":0.7530158463284435},{"rango":{"min":80,"max":null},"vacunados":98913,"personasINE":98807,"porcentaje":1.0010727984859373}]},"pautaCompleta":{"etarioTotal":{"vacunados":128851,"personasINE":1132764,"porcentaje":0.11374920106924302},"etarioRangos":[{"rango":{"min":16,"max":17},"vacunados":27,"personasINE":25106,"porcentaje":0.00107544013383255},{"rango":{"min":18,"max":24},"vacunados":1478,"personasINE":89180,"porcentaje":0.016573222695671675},{"rango":{"min":25,"max":49},"vacunados":22013,"personasINE":446083,"porcentaje":0.04934731877251543},{"rango":{"min":50,"max":59},"vacunados":14300,"personasINE":198266,"porcentaje":0.07212532658146127},{"rango":{"min":60,"max":69},"vacunados":12572,"personasINE":156367,"porcentaje":0.08040059603368997},{"rango":{"min":70,"max":79},"vacunados":4920,"personasINE":118955,"porcentaje":0.04136017821865411},{"rango":{"min":80,"max":null},"vacunados":73541,"personasINE":98807,"porcentaje":0.7442893722104709}]}}},{"ccaa":"Asturias","dosisAdministradas":436692,"dosisEntregadas":504315,"dosisEntregadasModerna":47600,"dosisEntregadasPfizer":372965,"dosisEntregadasAstrazeneca":80600,"dosisEntregadasJanssen":3150,"dosisPautaCompletada":130719,"porcentajeEntregadas":0.865911186460843,"porcentajePoblacionAdministradas":0.4286404183811289,"porcentajePoblacionCompletas":0.1283088466249961,"fechaUltRegistro":1619395200000,"etarios":{"unaDosis":{"etarioTotal":{"vacunados":308236,"personasINE":901209,"porcentaje":0.34202499087337124},"etarioRangos":[{"rango":{"min":16,"max":17},"vacunados":36,"personasINE":15563,"porcentaje":0.0023131786930540386},{"rango":{"min":18,"max":24},"vacunados":3755,"personasINE":54179,"porcentaje":0.06930729618486868},{"rango":{"min":25,"max":49},"vacunados":38832,"personasINE":322095,"porcentaje":0.1205607041400829},{"rango":{"min":50,"max":59},"vacunados":25200,"personasINE":162645,"porcentaje":0.1549386701097482},{"rango":{"min":60,"max":69},"vacunados":74417,"personasINE":149652,"porcentaje":0.49726699275652847},{"rango":{"min":70,"max":79},"vacunados":79396,"personasINE":109249,"porcentaje":0.7267434942196267},{"rango":{"min":80,"max":null},"vacunados":86600,"personasINE":87826,"porcentaje":0.9860405802381983}]},"pautaCompleta":{"etarioTotal":{"vacunados":130719,"personasINE":901209,"porcentaje":0.14504848486865976},"etarioRangos":[{"rango":{"min":16,"max":17},"vacunados":29,"personasINE":15563,"porcentaje":0.0018633939471824198},{"rango":{"min":18,"max":24},"vacunados":2504,"personasINE":54179,"porcentaje":0.04621716901382454},{"rango":{"min":25,"max":49},"vacunados":22229,"personasINE":322095,"porcentaje":0.069013800276316},{"rango":{"min":50,"max":59},"vacunados":14460,"personasINE":162645,"porcentaje":0.08890528451535552},{"rango":{"min":60,"max":69},"vacunados":11092,"personasINE":149652,"porcentaje":0.07411862186940368},{"rango":{"min":70,"max":79},"vacunados":6611,"personasINE":109249,"porcentaje":0.06051313970837262},{"rango":{"min":80,"max":null},"vacunados":73794,"personasINE":87826,"porcentaje":0.8402295447817275}]}}},{"ccaa":"Baleares","dosisAdministradas":299091,"dosisEntregadas":331450,"dosisEntregadasModerna":27900,"dosisEntregadasPfizer":207450,"dosisEntregadasAstrazeneca":92500,"dosisEntregadasJanssen":3600,"dosisPautaCompletada":75418,"porcentajeEntregadas":0.9023713984009655,"porcentajePoblacionAdministradas":0.25529664724214135,"porcentajePoblacionCompletas":0.06437493118050298,"fechaUltRegistro":1619395200000,"etarios":{"unaDosis":{"etarioTotal":{"vacunados":227376,"personasINE":986279,"porcentaje":0.23053922875778557},"etarioRangos":[{"rango":{"min":16,"max":17},"vacunados":33,"personasINE":23300,"porcentaje":0.0014163090128755365},{"rango":{"min":18,"max":24},"vacunados":3745,"personasINE":85839,"porcentaje":0.043628187653630635},{"rango":{"min":25,"max":49},"vacunados":43172,"personasINE":464054,"porcentaje":0.09303227641610674},{"rango":{"min":50,"max":59},"vacunados":21107,"personasINE":165797,"porcentaje":0.12730628419090817},{"rango":{"min":60,"max":69},"vacunados":58542,"personasINE":117231,"porcentaje":0.4993730327302505},{"rango":{"min":70,"max":79},"vacunados":52119,"personasINE":80516,"porcentaje":0.647312335436435},{"rango":{"min":80,"max":null},"vacunados":48658,"personasINE":49542,"porcentaje":0.9821565540349603}]},"pautaCompleta":{"etarioTotal":{"vacunados":75418,"personasINE":986279,"porcentaje":0.07646720654094835},"etarioRangos":[{"rango":{"min":16,"max":17},"vacunados":31,"personasINE":23300,"porcentaje":0.0013304721030042918},{"rango":{"min":18,"max":24},"vacunados":1322,"personasINE":85839,"porcentaje":0.015400924987476555},{"rango":{"min":25,"max":49},"vacunados":18145,"personasINE":464054,"porcentaje":0.039101052894706216},{"rango":{"min":50,"max":59},"vacunados":7842,"personasINE":165797,"porcentaje":0.047298805165352814},{"rango":{"min":60,"max":69},"vacunados":5171,"personasINE":117231,"porcentaje":0.04410949322278237},{"rango":{"min":70,"max":79},"vacunados":6152,"personasINE":80516,"porcentaje":0.07640717372944508},{"rango":{"min":80,"max":null},"vacunados":36755,"personasINE":49542,"porcentaje":0.7418957652093173}]}}},{"ccaa":"Canarias","dosisAdministradas":568528,"dosisEntregadas":641900,"dosisEntregadasModerna":47800,"dosisEntregadasPfizer":420000,"dosisEntregadasAstrazeneca":167400,"dosisEntregadasJanssen":6700,"dosisPautaCompletada":144380,"porcentajeEntregadas":0.8856955912135847,"porcentajePoblacionAdministradas":0.26127782230490376,"porcentajePoblacionCompletas":0.06635256660073384,"fechaUltRegistro":1619395200000,"etarios":{"unaDosis":{"etarioTotal":{"vacunados":429445,"personasINE":1871033,"porcentaje":0.2295229426739133},"etarioRangos":[{"rango":{"min":16,"max":17},"vacunados":51,"personasINE":44352,"porcentaje":0.001149891774891775},{"rango":{"min":18,"max":24},"vacunados":6045,"personasINE":163899,"porcentaje":0.036882470301832226},{"rango":{"min":25,"max":49},"vacunados":68355,"personasINE":832411,"porcentaje":0.08211688697049895},{"rango":{"min":50,"max":59},"vacunados":30224,"personasINE":350512,"porcentaje":0.08622814625462182},{"rango":{"min":60,"max":69},"vacunados":135609,"personasINE":235092,"porcentaje":0.5768337501914145},{"rango":{"min":70,"max":79},"vacunados":103570,"personasINE":154531,"porcentaje":0.6702215089528962},{"rango":{"min":80,"max":null},"vacunados":85591,"personasINE":90236,"porcentaje":0.9485238707389512}]},"pautaCompleta":{"etarioTotal":{"vacunados":144380,"personasINE":1871033,"porcentaje":0.07716592919526273},"etarioRangos":[{"rango":{"min":16,"max":17},"vacunados":26,"personasINE":44352,"porcentaje":0.0005862193362193362},{"rango":{"min":18,"max":24},"vacunados":2486,"personasINE":163899,"porcentaje":0.01516787777838791},{"rango":{"min":25,"max":49},"vacunados":35505,"personasINE":832411,"porcentaje":0.04265320857124666},{"rango":{"min":50,"max":59},"vacunados":17656,"personasINE":350512,"porcentaje":0.050372027205915916},{"rango":{"min":60,"max":69},"vacunados":10030,"personasINE":235092,"porcentaje":0.042664148503564564},{"rango":{"min":70,"max":79},"vacunados":22163,"personasINE":154531,"porcentaje":0.1434210611463072},{"rango":{"min":80,"max":null},"vacunados":56514,"personasINE":90236,"porcentaje":0.6262910590008423}]}}},{"ccaa":"Cantabria","dosisAdministradas":202484,"dosisEntregadas":246535,"dosisEntregadasModerna":22500,"dosisEntregadasPfizer":176235,"dosisEntregadasAstrazeneca":46000,"dosisEntregadasJanssen":1800,"dosisPautaCompletada":57389,"porcentajeEntregadas":0.8213194881051372,"porcentajePoblacionAdministradas":0.3473704977655021,"porcentajePoblacionCompletas":0.09845343580857945,"fechaUltRegistro":1619395200000,"etarios":{"unaDosis":{"etarioTotal":{"vacunados":145106,"personasINE":501384,"porcentaje":0.28941091059946067},"etarioRangos":[{"rango":{"min":16,"max":17},"vacunados":5,"personasINE":10791,"porcentaje":0.0004633490872022982},{"rango":{"min":18,"max":24},"vacunados":1600,"personasINE":34935,"porcentaje":0.045799341634464},{"rango":{"min":25,"max":49},"vacunados":23096,"personasINE":194241,"porcentaje":0.11890383595636349},{"rango":{"min":50,"max":59},"vacunados":11641,"personasINE":89964,"porcentaje":0.12939620292561468},{"rango":{"min":60,"max":69},"vacunados":28814,"personasINE":77345,"porcentaje":0.37253862563837353},{"rango":{"min":70,"max":79},"vacunados":39461,"personasINE":53066,"porcentaje":0.7436211510194851},{"rango":{"min":80,"max":null},"vacunados":40489,"personasINE":41042,"porcentaje":0.9865259977583939}]},"pautaCompleta":{"etarioTotal":{"vacunados":57389,"personasINE":501384,"porcentaje":0.11446117147735069},"etarioRangos":[{"rango":{"min":16,"max":17},"vacunados":5,"personasINE":10791,"porcentaje":0.0004633490872022982},{"rango":{"min":18,"max":24},"vacunados":653,"personasINE":34935,"porcentaje":0.018691856304565622},{"rango":{"min":25,"max":49},"vacunados":11273,"personasINE":194241,"porcentaje":0.05803615096709758},{"rango":{"min":50,"max":59},"vacunados":5872,"personasINE":89964,"porcentaje":0.06527055266551064},{"rango":{"min":60,"max":69},"vacunados":3919,"personasINE":77345,"porcentaje":0.05066908009567522},{"rango":{"min":70,"max":79},"vacunados":2052,"personasINE":53066,"porcentaje":0.03866882749783289},{"rango":{"min":80,"max":null},"vacunados":33615,"personasINE":41042,"porcentaje":0.8190390331855173}]}}},{"ccaa":"Castilla y Leon","dosisAdministradas":974889,"dosisEntregadas":1187815,"dosisEntregadasModerna":113700,"dosisEntregadasPfizer":877215,"dosisEntregadasAstrazeneca":189500,"dosisEntregadasJanssen":7400,"dosisPautaCompletada":282609,"porcentajeEntregadas":0.8207414454271078,"porcentajePoblacionAdministradas":0.407065711644407,"porcentajePoblacionCompletas":0.11800362267100585,"fechaUltRegistro":1619395200000,"etarios":{"unaDosis":{"etarioTotal":{"vacunados":693811,"personasINE":2092873,"porcentaje":0.33151127660397933},"etarioRangos":[{"rango":{"min":16,"max":17},"vacunados":100,"personasINE":40684,"porcentaje":0.0024579687346376953},{"rango":{"min":18,"max":24},"vacunados":7915,"personasINE":144422,"porcentaje":0.05480466964866849},{"rango":{"min":25,"max":49},"vacunados":89619,"personasINE":738950,"porcentaje":0.12127884159956695},{"rango":{"min":50,"max":59},"vacunados":57160,"personasINE":381175,"porcentaje":0.14995736866268775},{"rango":{"min":60,"max":69},"vacunados":135552,"personasINE":318575,"porcentaje":0.42549478144863845},{"rango":{"min":70,"max":79},"vacunados":178026,"personasINE":245410,"porcentaje":0.7254227619086426},{"rango":{"min":80,"max":null},"vacunados":225439,"personasINE":223657,"porcentaje":1.0079675574652258}]},"pautaCompleta":{"etarioTotal":{"vacunados":282609,"personasINE":2092873,"porcentaje":0.1350339939403872},"etarioRangos":[{"rango":{"min":16,"max":17},"vacunados":90,"personasINE":40684,"porcentaje":0.0022121718611739258},{"rango":{"min":18,"max":24},"vacunados":2755,"personasINE":144422,"porcentaje":0.019076041046377976},{"rango":{"min":25,"max":49},"vacunados":43244,"personasINE":738950,"porcentaje":0.05852087421341092},{"rango":{"min":50,"max":59},"vacunados":30840,"personasINE":381175,"porcentaje":0.08090771955138716},{"rango":{"min":60,"max":69},"vacunados":21196,"personasINE":318575,"porcentaje":0.06653378325355097},{"rango":{"min":70,"max":79},"vacunados":18190,"personasINE":245410,"porcentaje":0.07412085897070209},{"rango":{"min":80,"max":null},"vacunados":166294,"personasINE":223657,"porcentaje":0.7435224473188856}]}}},{"ccaa":"Castilla La Mancha","dosisAdministradas":659610,"dosisEntregadas":792105,"dosisEntregadasModerna":71900,"dosisEntregadasPfizer":552105,"dosisEntregadasAstrazeneca":161800,"dosisEntregadasJanssen":6300,"dosisPautaCompletada":191984,"porcentajeEntregadas":0.8327305092127938,"porcentajePoblacionAdministradas":0.32251282379752605,"porcentajePoblacionCompletas":0.09386956226246454,"fechaUltRegistro":1619395200000},{"ccaa":"Cataluña","dosisAdministradas":2372754,"dosisEntregadas":2778630,"dosisEntregadasModerna":251300,"dosisEntregadasPfizer":1887830,"dosisEntregadasAstrazeneca":615500,"dosisEntregadasJanssen":24000,"dosisPautaCompletada":636479,"porcentajeEntregadas":0.8539294544433768,"porcentajePoblacionAdministradas":0.3049624579669195,"porcentajePoblacionCompletas":0.08180460354690244,"fechaUltRegistro":1619395200000,"etarios":{"unaDosis":{"etarioTotal":{"vacunados":1741599,"personasINE":6531658,"porcentaje":0.26663964953462044},"etarioRangos":[{"rango":{"min":16,"max":17},"vacunados":366,"personasINE":159864,"porcentaje":0.002289446029124756},{"rango":{"min":18,"max":24},"vacunados":37176,"personasINE":556316,"porcentaje":0.06682532948899546},{"rango":{"min":25,"max":49},"vacunados":301704,"personasINE":2803626,"porcentaje":0.10761207093956184},{"rango":{"min":50,"max":59},"vacunados":138820,"personasINE":1091780,"porcentaje":0.12715015845683197},{"rango":{"min":60,"max":69},"vacunados":478019,"personasINE":837584,"porcentaje":0.570711713690806},{"rango":{"min":70,"max":79},"vacunados":343157,"personasINE":635292,"porcentaje":0.5401563375581623},{"rango":{"min":80,"max":null},"vacunados":442357,"personasINE":447196,"porcentaje":0.9891792413170064}]},"pautaCompleta":{"etarioTotal":{"vacunados":636479,"personasINE":6531658,"porcentaje":0.09744524284645645},"etarioRangos":[{"rango":{"min":16,"max":17},"vacunados":257,"personasINE":159864,"porcentaje":0.0016076164740029025},{"rango":{"min":18,"max":24},"vacunados":17501,"personasINE":556316,"porcentaje":0.031458739277676714},{"rango":{"min":25,"max":49},"vacunados":133062,"personasINE":2803626,"porcentaje":0.04746068127489187},{"rango":{"min":50,"max":59},"vacunados":72277,"personasINE":1091780,"porcentaje":0.06620106614885783},{"rango":{"min":60,"max":69},"vacunados":56194,"personasINE":837584,"porcentaje":0.06709058434736098},{"rango":{"min":70,"max":79},"vacunados":43824,"personasINE":635292,"porcentaje":0.06898245216372943},{"rango":{"min":80,"max":null},"vacunados":313364,"personasINE":447196,"porcentaje":0.7007307757672251}]}}},{"ccaa":"C. Valenciana","dosisAdministradas":1508083,"dosisEntregadas":1703460,"dosisEntregadasModerna":151600,"dosisEntregadasPfizer":1136260,"dosisEntregadasAstrazeneca":400000,"dosisEntregadasJanssen":15600,"dosisPautaCompletada":396305,"porcentajeEntregadas":0.8853057893933524,"porcentajePoblacionAdministradas":0.2981961116813479,"porcentajePoblacionCompletas":0.07836213924556977,"fechaUltRegistro":1619395200000,"etarios":{"unaDosis":{"etarioTotal":{"vacunados":1116189,"personasINE":4269305,"porcentaje":0.2614451298279228},"etarioRangos":[{"rango":{"min":16,"max":17},"vacunados":124,"personasINE":103049,"porcentaje":0.0012033110462013217},{"rango":{"min":18,"max":24},"vacunados":17846,"personasINE":352834,"porcentaje":0.05057902583084397},{"rango":{"min":25,"max":49},"vacunados":202632,"personasINE":1765967,"porcentaje":0.11474280096966705},{"rango":{"min":50,"max":59},"vacunados":93380,"personasINE":752334,"porcentaje":0.12412040396951354},{"rango":{"min":60,"max":69},"vacunados":239440,"personasINE":580728,"porcentaje":0.4123100659861415},{"rango":{"min":70,"max":79},"vacunados":274494,"personasINE":437862,"porcentaje":0.6268961453608671},{"rango":{"min":80,"max":null},"vacunados":288273,"personasINE":276531,"porcentaje":1.0424617854779392}]},"pautaCompleta":{"etarioTotal":{"vacunados":396305,"personasINE":4269305,"porcentaje":0.0928265841864191},"etarioRangos":[{"rango":{"min":16,"max":17},"vacunados":109,"personasINE":103049,"porcentaje":0.001057749226096323},{"rango":{"min":18,"max":24},"vacunados":5511,"personasINE":352834,"porcentaje":0.015619243043470867},{"rango":{"min":25,"max":49},"vacunados":69730,"personasINE":1765967,"porcentaje":0.039485449048594905},{"rango":{"min":50,"max":59},"vacunados":34844,"personasINE":752334,"porcentaje":0.046314535831160096},{"rango":{"min":60,"max":69},"vacunados":24689,"personasINE":580728,"porcentaje":0.04251387913102175},{"rango":{"min":70,"max":79},"vacunados":19392,"personasINE":437862,"porcentaje":0.04428792633295422},{"rango":{"min":80,"max":null},"vacunados":242030,"personasINE":276531,"porcentaje":0.8752364111076154}]}}},{"ccaa":"Extremadura","dosisAdministradas":400514,"dosisEntregadas":450515,"dosisEntregadasModerna":40800,"dosisEntregadasPfizer":322415,"dosisEntregadasAstrazeneca":84000,"dosisEntregadasJanssen":3300,"dosisPautaCompletada":116466,"porcentajeEntregadas":0.8890136843390343,"porcentajePoblacionAdministradas":0.3764275315393891,"porcentajePoblacionCompletas":0.10946186372577861,"fechaUltRegistro":1619395200000,"etarios":{"unaDosis":{"etarioTotal":{"vacunados":284048,"personasINE":911213,"porcentaje":0.31172514000568474},"etarioRangos":[{"rango":{"min":16,"max":17},"vacunados":56,"personasINE":20953,"porcentaje":0.002672648308118169},{"rango":{"min":18,"max":24},"vacunados":2309,"personasINE":76088,"porcentaje":0.030346440963095363},{"rango":{"min":25,"max":49},"vacunados":43029,"personasINE":351778,"porcentaje":0.12231862140327138},{"rango":{"min":50,"max":59},"vacunados":24106,"personasINE":169216,"porcentaje":0.1424569780635401},{"rango":{"min":60,"max":69},"vacunados":63451,"personasINE":125297,"porcentaje":0.5064047822374039},{"rango":{"min":70,"max":79},"vacunados":74070,"personasINE":91876,"porcentaje":0.80619530671775},{"rango":{"min":80,"max":null},"vacunados":77027,"personasINE":76005,"porcentaje":1.0134464837839616}]},"pautaCompleta":{"etarioTotal":{"vacunados":116466,"personasINE":911213,"porcentaje":0.12781424321207008},"etarioRangos":[{"rango":{"min":16,"max":17},"vacunados":41,"personasINE":20953,"porcentaje":0.00195676036844366},{"rango":{"min":18,"max":24},"vacunados":925,"personasINE":76088,"porcentaje":0.01215697613289875},{"rango":{"min":25,"max":49},"vacunados":20021,"personasINE":351778,"porcentaje":0.05691373536719181},{"rango":{"min":50,"max":59},"vacunados":13212,"personasINE":169216,"porcentaje":0.07807772314674735},{"rango":{"min":60,"max":69},"vacunados":7996,"personasINE":125297,"porcentaje":0.06381637229941658},{"rango":{"min":70,"max":79},"vacunados":6276,"personasINE":91876,"porcentaje":0.06830946057729984},{"rango":{"min":80,"max":null},"vacunados":67995,"personasINE":76005,"porcentaje":0.8946121965660154}]}}},{"ccaa":"Galicia","dosisAdministradas":1002060,"dosisEntregadas":1222525,"dosisEntregadasModerna":113300,"dosisEntregadasPfizer":886975,"dosisEntregadasAstrazeneca":213900,"dosisEntregadasJanssen":8350,"dosisPautaCompletada":262512,"porcentajeEntregadas":0.8196642195456125,"porcentajePoblacionAdministradas":0.3708834677674559,"porcentajePoblacionCompletas":0.09716120880044148,"fechaUltRegistro":1619395200000,"etarios":{"unaDosis":{"etarioTotal":{"vacunados":742792,"personasINE":2362643,"porcentaje":0.3143902824083029},"etarioRangos":[{"rango":{"min":16,"max":17},"vacunados":38,"personasINE":44014,"porcentaje":0.0008633616576543827},{"rango":{"min":18,"max":24},"vacunados":5197,"personasINE":152745,"porcentaje":0.03402402697305967},{"rango":{"min":25,"max":49},"vacunados":97568,"personasINE":889004,"porcentaje":0.10974978740253137},{"rango":{"min":50,"max":59},"vacunados":66720,"personasINE":405889,"porcentaje":0.16437991667672688},{"rango":{"min":60,"max":69},"vacunados":122664,"personasINE":346927,"porcentaje":0.3535729418580854},{"rango":{"min":70,"max":79},"vacunados":218233,"personasINE":289762,"porcentaje":0.753145685079479},{"rango":{"min":80,"max":null},"vacunados":232372,"personasINE":234302,"porcentaje":0.9917627677100495}]},"pautaCompleta":{"etarioTotal":{"vacunados":262512,"personasINE":2362643,"porcentaje":0.11110946512020647},"etarioRangos":[{"rango":{"min":16,"max":17},"vacunados":3,"personasINE":44014,"porcentaje":0.00006816013086745126},{"rango":{"min":18,"max":24},"vacunados":1639,"personasINE":152745,"porcentaje":0.01073030213754951},{"rango":{"min":25,"max":49},"vacunados":39735,"personasINE":889004,"porcentaje":0.04469608685675205},{"rango":{"min":50,"max":59},"vacunados":24053,"personasINE":405889,"porcentaje":0.059260044002177936},{"rango":{"min":60,"max":69},"vacunados":17094,"personasINE":346927,"porcentaje":0.04927261354694215},{"rango":{"min":70,"max":79},"vacunados":5247,"personasINE":289762,"porcentaje":0.018107964467390478},{"rango":{"min":80,"max":null},"vacunados":174741,"personasINE":234302,"porcentaje":0.745793889936919}]}}},{"ccaa":"La Rioja","dosisAdministradas":113500,"dosisEntregadas":130195,"dosisEntregadasModerna":11600,"dosisEntregadasPfizer":92495,"dosisEntregadasAstrazeneca":25100,"dosisEntregadasJanssen":1000,"dosisPautaCompletada":27722,"porcentajeEntregadas":0.8717692691731633,"porcentajePoblacionAdministradas":0.3547828478903705,"porcentajePoblacionCompletas":0.08665453840719693,"fechaUltRegistro":1619395200000,"etarios":{"unaDosis":{"etarioTotal":{"vacunados":85831,"personasINE":270788,"porcentaje":0.3169675170243881},"etarioRangos":[{"rango":{"min":16,"max":17},"vacunados":9,"personasINE":6286,"porcentaje":0.0014317531021317213},{"rango":{"min":18,"max":24},"vacunados":1307,"personasINE":21170,"porcentaje":0.061738308927727914},{"rango":{"min":25,"max":49},"vacunados":13208,"personasINE":107618,"porcentaje":0.12273039826051405},{"rango":{"min":50,"max":59},"vacunados":6881,"personasINE":47664,"porcentaje":0.14436471970459885},{"rango":{"min":60,"max":69},"vacunados":17911,"personasINE":37718,"porcentaje":0.4748661116708203},{"rango":{"min":70,"max":79},"vacunados":23738,"personasINE":28125,"porcentaje":0.8440177777777778},{"rango":{"min":80,"max":null},"vacunados":22777,"personasINE":22207,"porcentaje":1.0256675822938712}]},"pautaCompleta":{"etarioTotal":{"vacunados":27722,"personasINE":270788,"porcentaje":0.10237528989467776},"etarioRangos":[{"rango":{"min":16,"max":17},"vacunados":7,"personasINE":6286,"porcentaje":0.0011135857461024498},{"rango":{"min":18,"max":24},"vacunados":393,"personasINE":21170,"porcentaje":0.018564005668398678},{"rango":{"min":25,"max":49},"vacunados":4727,"personasINE":107618,"porcentaje":0.04392387890501589},{"rango":{"min":50,"max":59},"vacunados":3418,"personasINE":47664,"porcentaje":0.07171030547163477},{"rango":{"min":60,"max":69},"vacunados":2463,"personasINE":37718,"porcentaje":0.0653003870830903},{"rango":{"min":70,"max":79},"vacunados":729,"personasINE":28125,"porcentaje":0.02592},{"rango":{"min":80,"max":null},"vacunados":15985,"personasINE":22207,"porcentaje":0.7198180753816364}]}}},{"ccaa":"Madrid","dosisAdministradas":1952871,"dosisEntregadas":2301245,"dosisEntregadasModerna":204000,"dosisEntregadasPfizer":1539645,"dosisEntregadasAstrazeneca":536700,"dosisEntregadasJanssen":20900,"dosisPautaCompletada":476496,"porcentajeEntregadas":0.8486149888429959,"porcentajePoblacionAdministradas":0.28803882896000643,"porcentajePoblacionCompletas":0.07028080699858169,"fechaUltRegistro":1619395200000,"etarios":{"unaDosis":{"etarioTotal":{"vacunados":1476396,"personasINE":5695623,"porcentaje":0.2592158926249157},"etarioRangos":[{"rango":{"min":16,"max":17},"vacunados":225,"personasINE":135861,"porcentaje":0.0016561044008214277},{"rango":{"min":18,"max":24},"vacunados":23368,"personasINE":479716,"porcentaje":0.048712154691525816},{"rango":{"min":25,"max":49},"vacunados":278426,"personasINE":2513737,"porcentaje":0.11076178613753149},{"rango":{"min":50,"max":59},"vacunados":114241,"personasINE":972783,"porcentaje":0.11743729074212851},{"rango":{"min":60,"max":69},"vacunados":353445,"personasINE":703323,"porcentaje":0.5025358192466335},{"rango":{"min":70,"max":79},"vacunados":346011,"personasINE":526081,"porcentaje":0.6577143063520636},{"rango":{"min":80,"max":null},"vacunados":360680,"personasINE":364122,"porcentaje":0.9905471243154766}]},"pautaCompleta":{"etarioTotal":{"vacunados":476496,"personasINE":5695623,"porcentaje":0.0836600315716121},"etarioRangos":[{"rango":{"min":16,"max":17},"vacunados":79,"personasINE":135861,"porcentaje":0.0005814766562884124},{"rango":{"min":18,"max":24},"vacunados":13990,"personasINE":479716,"porcentaje":0.029163088160494958},{"rango":{"min":25,"max":49},"vacunados":112593,"personasINE":2513737,"porcentaje":0.04479108196283064},{"rango":{"min":50,"max":59},"vacunados":52240,"personasINE":972783,"porcentaje":0.05370159634779802},{"rango":{"min":60,"max":69},"vacunados":32148,"personasINE":703323,"porcentaje":0.04570872842207634},{"rango":{"min":70,"max":79},"vacunados":14413,"personasINE":526081,"porcentaje":0.02739692176680017},{"rango":{"min":80,"max":null},"vacunados":251033,"personasINE":364122,"porcentaje":0.6894200295505353}]}}},{"ccaa":"Murcia","dosisAdministradas":411044,"dosisEntregadas":501995,"dosisEntregadasModerna":42500,"dosisEntregadasPfizer":335345,"dosisEntregadasAstrazeneca":119500,"dosisEntregadasJanssen":4650,"dosisPautaCompletada":114470,"porcentajeEntregadas":0.8188209045906831,"porcentajePoblacionAdministradas":0.27198923276146714,"porcentajePoblacionCompletas":0.07574519388241926,"fechaUltRegistro":1619395200000,"etarios":{"unaDosis":{"etarioTotal":{"vacunados":296574,"personasINE":1237479,"porcentaje":0.23965982453035567},"etarioRangos":[{"rango":{"min":16,"max":17},"vacunados":117,"personasINE":34712,"porcentaje":0.0033705923023738186},{"rango":{"min":18,"max":24},"vacunados":7094,"personasINE":118667,"porcentaje":0.05978073095300294},{"rango":{"min":25,"max":49},"vacunados":58788,"personasINE":551265,"porcentaje":0.10664199613615956},{"rango":{"min":50,"max":59},"vacunados":25530,"personasINE":213256,"porcentaje":0.11971527178602244},{"rango":{"min":60,"max":69},"vacunados":61412,"personasINE":146909,"porcentaje":0.4180274864031475},{"rango":{"min":70,"max":79},"vacunados":72520,"personasINE":102899,"porcentaje":0.7047687538265678},{"rango":{"min":80,"max":null},"vacunados":71113,"personasINE":69771,"porcentaje":1.0192343523813618}]},"pautaCompleta":{"etarioTotal":{"vacunados":114470,"personasINE":1237479,"porcentaje":0.09250257984175893},"etarioRangos":[{"rango":{"min":16,"max":17},"vacunados":102,"personasINE":34712,"porcentaje":0.002938465084120765},{"rango":{"min":18,"max":24},"vacunados":2542,"personasINE":118667,"porcentaje":0.02142128814244904},{"rango":{"min":25,"max":49},"vacunados":27816,"personasINE":551265,"porcentaje":0.050458490925416995},{"rango":{"min":50,"max":59},"vacunados":13976,"personasINE":213256,"porcentaje":0.06553625689312376},{"rango":{"min":60,"max":69},"vacunados":7593,"personasINE":146909,"porcentaje":0.05168505673580243},{"rango":{"min":70,"max":79},"vacunados":2905,"personasINE":102899,"porcentaje":0.028231566876257302},{"rango":{"min":80,"max":null},"vacunados":59536,"personasINE":69771,"porcentaje":0.8533058147367818}]}}},{"ccaa":"Navarra","dosisAdministradas":222352,"dosisEntregadas":251045,"dosisEntregadasModerna":22800,"dosisEntregadasPfizer":173895,"dosisEntregadasAstrazeneca":52300,"dosisEntregadasJanssen":2050,"dosisPautaCompletada":64767,"porcentajeEntregadas":0.8857057499651457,"porcentajePoblacionAdministradas":0.3362870672431968,"porcentajePoblacionCompletas":0.09795416494630194,"fechaUltRegistro":1619395200000,"etarios":{"unaDosis":{"etarioTotal":{"vacunados":159406,"personasINE":552935,"porcentaje":0.28829066707660034},"etarioRangos":[{"rango":{"min":16,"max":17},"vacunados":5,"personasINE":13906,"porcentaje":0.00035955702574428305},{"rango":{"min":18,"max":24},"vacunados":3305,"personasINE":48505,"porcentaje":0.06813730543242964},{"rango":{"min":25,"max":49},"vacunados":26484,"personasINE":223028,"porcentaje":0.11874742184837778},{"rango":{"min":50,"max":59},"vacunados":13975,"personasINE":96694,"porcentaje":0.144528098951331},{"rango":{"min":60,"max":69},"vacunados":33902,"personasINE":73844,"porcentaje":0.4591029738367369},{"rango":{"min":70,"max":79},"vacunados":40496,"personasINE":55792,"porcentaje":0.7258388299397763},{"rango":{"min":80,"max":null},"vacunados":41239,"personasINE":41166,"porcentaje":1.0017733080697664}]},"pautaCompleta":{"etarioTotal":{"vacunados":64767,"personasINE":552935,"porcentaje":0.11713311691247615},"etarioRangos":[{"rango":{"min":16,"max":17},"vacunados":4,"personasINE":13906,"porcentaje":0.00028764562059542645},{"rango":{"min":18,"max":24},"vacunados":919,"personasINE":48505,"porcentaje":0.018946500360787547},{"rango":{"min":25,"max":49},"vacunados":12441,"personasINE":223028,"porcentaje":0.05578223362089065},{"rango":{"min":50,"max":59},"vacunados":7636,"personasINE":96694,"porcentaje":0.07897077378120669},{"rango":{"min":60,"max":69},"vacunados":4090,"personasINE":73844,"porcentaje":0.05538703212177022},{"rango":{"min":70,"max":79},"vacunados":3983,"personasINE":55792,"porcentaje":0.07139016346429596},{"rango":{"min":80,"max":null},"vacunados":35694,"personasINE":41166,"porcentaje":0.8670747704416266}]}}},{"ccaa":"País Vasco","dosisAdministradas":717025,"dosisEntregadas":887180,"dosisEntregadasModerna":81200,"dosisEntregadasPfizer":623430,"dosisEntregadasAstrazeneca":175700,"dosisEntregadasJanssen":6850,"dosisPautaCompletada":189332,"porcentajeEntregadas":0.8082069027705764,"porcentajePoblacionAdministradas":0.3229109247269989,"porcentajePoblacionCompletas":0.08526532715095311,"fechaUltRegistro":1619395200000,"etarios":{"unaDosis":{"etarioTotal":{"vacunados":533847,"personasINE":1898123,"porcentaje":0.28124995060910174},"etarioRangos":[{"rango":{"min":16,"max":17},"vacunados":13,"personasINE":41824,"porcentaje":0.00031082631981637336},{"rango":{"min":18,"max":24},"vacunados":12102,"personasINE":140323,"porcentaje":0.08624388019070288},{"rango":{"min":25,"max":49},"vacunados":94533,"personasINE":724849,"porcentaje":0.13041750764642016},{"rango":{"min":50,"max":59},"vacunados":51343,"personasINE":339977,"porcentaje":0.15101903952326187},{"rango":{"min":60,"max":69},"vacunados":109635,"personasINE":280119,"porcentaje":0.39138723185503305},{"rango":{"min":70,"max":79},"vacunados":108472,"personasINE":213081,"porcentaje":0.5090646280053125},{"rango":{"min":80,"max":null},"vacunados":157749,"personasINE":157950,"porcentaje":0.9987274453941121}]},"pautaCompleta":{"etarioTotal":{"vacunados":189332,"personasINE":1898123,"porcentaje":0.0997469605499749},"etarioRangos":[{"rango":{"min":16,"max":17},"vacunados":6,"personasINE":41824,"porcentaje":0.0001434583014537108},{"rango":{"min":18,"max":24},"vacunados":3368,"personasINE":140323,"porcentaje":0.0240017673510401},{"rango":{"min":25,"max":49},"vacunados":37377,"personasINE":724849,"porcentaje":0.051565222549800026},{"rango":{"min":50,"max":59},"vacunados":23138,"personasINE":339977,"porcentaje":0.06805754506922528},{"rango":{"min":60,"max":69},"vacunados":13875,"personasINE":280119,"porcentaje":0.04953252010752573},{"rango":{"min":70,"max":79},"vacunados":9228,"personasINE":213081,"porcentaje":0.04330747462232672},{"rango":{"min":80,"max":null},"vacunados":102340,"personasINE":157950,"porcentaje":0.6479265590376702}]}}},{"ccaa":"Ceuta","dosisAdministradas":19930,"dosisEntregadas":21360,"dosisEntregadasModerna":1600,"dosisEntregadasPfizer":12510,"dosisEntregadasAstrazeneca":7000,"dosisEntregadasJanssen":250,"dosisPautaCompletada":5110,"porcentajeEntregadas":0.9330524344569289,"porcentajePoblacionAdministradas":0.23669271513740767,"porcentajePoblacionCompletas":0.06068739459870312,"fechaUltRegistro":1619395200000,"etarios":{"unaDosis":{"etarioTotal":{"vacunados":14899,"personasINE":66158,"porcentaje":0.22520330118806495},"etarioRangos":[{"rango":{"min":16,"max":17},"vacunados":5,"personasINE":2175,"porcentaje":0.0022988505747126436},{"rango":{"min":18,"max":24},"vacunados":308,"personasINE":7581,"porcentaje":0.040627885503231764},{"rango":{"min":25,"max":49},"vacunados":3586,"personasINE":30066,"porcentaje":0.11927093727133639},{"rango":{"min":50,"max":59},"vacunados":1834,"personasINE":11556,"porcentaje":0.15870543440636897},{"rango":{"min":60,"max":69},"vacunados":3527,"personasINE":7857,"porcentaje":0.44889907089219805},{"rango":{"min":70,"max":79},"vacunados":3379,"personasINE":4318,"porcentaje":0.7825382121352478},{"rango":{"min":80,"max":null},"vacunados":2260,"personasINE":2605,"porcentaje":0.8675623800383877}]},"pautaCompleta":{"etarioTotal":{"vacunados":5110,"personasINE":66158,"porcentaje":0.07723933613470782},"etarioRangos":[{"rango":{"min":16,"max":17},"vacunados":0,"personasINE":2175,"porcentaje":0},{"rango":{"min":18,"max":24},"vacunados":46,"personasINE":7581,"porcentaje":0.0060678010816514975},{"rango":{"min":25,"max":49},"vacunados":843,"personasINE":30066,"porcentaje":0.028038315705448014},{"rango":{"min":50,"max":59},"vacunados":552,"personasINE":11556,"porcentaje":0.04776739356178609},{"rango":{"min":60,"max":69},"vacunados":392,"personasINE":7857,"porcentaje":0.04989181621484027},{"rango":{"min":70,"max":79},"vacunados":1200,"personasINE":4318,"porcentaje":0.2779064381658175},{"rango":{"min":80,"max":null},"vacunados":2077,"personasINE":2605,"porcentaje":0.7973128598848368}]}}},{"ccaa":"Melilla","dosisAdministradas":19634,"dosisEntregadas":21260,"dosisEntregadasModerna":1500,"dosisEntregadasPfizer":12510,"dosisEntregadasAstrazeneca":7000,"dosisEntregadasJanssen":250,"dosisPautaCompletada":5580,"porcentajeEntregadas":0.9235183443085607,"porcentajePoblacionAdministradas":0.22548118884652488,"porcentajePoblacionCompletas":0.06408195139877808,"fechaUltRegistro":1619395200000,"etarios":{"unaDosis":{"etarioTotal":{"vacunados":14305,"personasINE":66178,"porcentaje":0.21615944875940646},"etarioRangos":[{"rango":{"min":16,"max":17},"vacunados":6,"personasINE":2324,"porcentaje":0.0025817555938037868},{"rango":{"min":18,"max":24},"vacunados":210,"personasINE":8536,"porcentaje":0.024601686972820995},{"rango":{"min":25,"max":49},"vacunados":3354,"personasINE":30095,"porcentaje":0.11144708423326134},{"rango":{"min":50,"max":59},"vacunados":1619,"personasINE":11299,"porcentaje":0.14328701655013718},{"rango":{"min":60,"max":69},"vacunados":4483,"personasINE":7827,"porcentaje":0.5727609556662834},{"rango":{"min":70,"max":79},"vacunados":2829,"personasINE":3748,"porcentaje":0.7548025613660619},{"rango":{"min":80,"max":null},"vacunados":1804,"personasINE":2349,"porcentaje":0.7679863771817795}]},"pautaCompleta":{"etarioTotal":{"vacunados":5580,"personasINE":66178,"porcentaje":0.08431805131614736},"etarioRangos":[{"rango":{"min":16,"max":17},"vacunados":6,"personasINE":2324,"porcentaje":0.0025817555938037868},{"rango":{"min":18,"max":24},"vacunados":70,"personasINE":8536,"porcentaje":0.008200562324273665},{"rango":{"min":25,"max":49},"vacunados":866,"personasINE":30095,"porcentaje":0.02877554411031733},{"rango":{"min":50,"max":59},"vacunados":551,"personasINE":11299,"porcentaje":0.04876537746703248},{"rango":{"min":60,"max":69},"vacunados":789,"personasINE":7827,"porcentaje":0.10080490609428899},{"rango":{"min":70,"max":79},"vacunados":1775,"personasINE":3748,"porcentaje":0.47358591248665954},{"rango":{"min":80,"max":null},"vacunados":1523,"personasINE":2349,"porcentaje":0.6483610046828437}]}}},{"ccaa":"Fuerzas Armadas","dosisAdministradas":70835,"dosisEntregadas":91450,"dosisEntregadasModerna":0,"dosisEntregadasPfizer":25350,"dosisEntregadasAstrazeneca":66100,"dosisEntregadasJanssen":0,"dosisPautaCompletada":5853,"porcentajeEntregadas":0.7745762711864407,"porcentajePoblacionAdministradas":null,"porcentajePoblacionCompletas":null,"fechaUltRegistro":1619395200000},{"ccaa":"Totales","dosisAdministradas":14994667,"dosisEntregadas":17471055,"dosisEntregadasModerna":1553900,"dosisEntregadasPfizer":11955255,"dosisEntregadasAstrazeneca":3815500,"dosisEntregadasJanssen":146400,"dosisPautaCompletada":4020945,"porcentajeEntregadas":0.8582576724759896,"porcentajePoblacionAdministradas":0.3194432680017043,"porcentajePoblacionCompletas":0.08566137622496804,"fechaUltRegistro":null,"etarios":{"unaDosis":{"etarioTotal":{"vacunados":11013911,"personasINE":40129822,"porcentaje":0.27445701104779385},"etarioRangos":[{"rango":{"min":16,"max":17},"vacunados":1649,"personasINE":949049,"porcentaje":0.0017375288314934213},{"rango":{"min":18,"max":24},"vacunados":180980,"personasINE":3310299,"porcentaje":0.054671798529377556},{"rango":{"min":25,"max":49},"vacunados":1897609,"personasINE":16706113,"porcentaje":0.11358770289653854},{"rango":{"min":50,"max":59},"vacunados":917315,"personasINE":7033306,"porcentaje":0.1304244405120437},{"rango":{"min":60,"max":69},"vacunados":2513970,"personasINE":5336986,"porcentaje":0.47104676684555663},{"rango":{"min":70,"max":79},"vacunados":2661041,"personasINE":3960045,"porcentaje":0.6719724144548862},{"rango":{"min":80,"max":null},"vacunados":2841347,"personasINE":2834024,"porcentaje":1.0025839583574452}]},"pautaCompleta":{"etarioTotal":{"vacunados":4020945,"personasINE":40129822,"porcentaje":0.10019842599850057},"etarioRangos":[{"rango":{"min":16,"max":17},"vacunados":1069,"personasINE":949049,"porcentaje":0.0011263907343034975},{"rango":{"min":18,"max":24},"vacunados":75022,"personasINE":3310299,"porcentaje":0.02266320957714092},{"rango":{"min":25,"max":49},"vacunados":789578,"personasINE":16706113,"porcentaje":0.047262819304526436},{"rango":{"min":50,"max":59},"vacunados":435222,"personasINE":7033306,"porcentaje":0.06188014569535294},{"rango":{"min":60,"max":69},"vacunados":291077,"personasINE":5336986,"porcentaje":0.05453958470192727},{"rango":{"min":70,"max":79},"vacunados":223677,"personasINE":3960045,"porcentaje":0.056483449051715325},{"rango":{"min":80,"max":null},"vacunados":2205300,"personasINE":2834024,"porcentaje":0.7781514906013499}]}}}]