[{"ccaa":"Andalucía","dosisAdministradas":12907388,"dosisEntregadas":13316870,"dosisEntregadasModerna":2019500,"dosisEntregadasPfizer":9434970,"dosisEntregadasAstrazeneca":1528900,"dosisEntregadasJanssen":333500,"dosisPrimeraDosis":6835126,"dosisPautaCompletada":6725458,"porcentajeEntregadas":0.9692508825272005,"porcentajePoblacionAdministradas":1.5249009056861724,"porcentajePoblacionPrimeraDosis":0.80751348203673,"porcentajePoblacionCompletas":0.7945571168507768,"fechaUltRegistro":1634774400000,"etarios":{"unaDosis":{"etarioTotal":{"vacunados":6835126,"personasINE":7451975,"porcentaje":0.9172234206368111},"etarioRangos":[{"rango":{"min":12,"max":19},"vacunados":663988,"personasINE":752907,"porcentaje":0.8223301660866269},{"rango":{"min":20,"max":29},"vacunados":763675,"personasINE":928672,"porcentaje":0.9018463462213219},{"rango":{"min":30,"max":39},"vacunados":927390,"personasINE":1140217,"porcentaje":0.9018463462213219},{"rango":{"min":40,"max":49},"vacunados":1249160,"personasINE":1385114,"porcentaje":0.9018463462213219},{"rango":{"min":50,"max":59},"vacunados":1214935,"personasINE":1265021,"porcentaje":0.9604069813860797},{"rango":{"min":60,"max":69},"vacunados":928763,"personasINE":928763,"porcentaje":1},{"rango":{"min":70,"max":79},"vacunados":653475,"personasINE":653475,"porcentaje":1},{"rango":{"min":80,"max":null},"vacunados":433740,"personasINE":433740,"porcentaje":1}]},"pautaCompleta":{"etarioTotal":{"vacunados":6725458,"personasINE":7451975,"porcentaje":0.9025067851140134},"etarioRangos":[{"rango":{"min":12,"max":19},"vacunados":645707,"personasINE":752907,"porcentaje":0.7943008941800765},{"rango":{"min":20,"max":29},"vacunados":737645,"personasINE":928672,"porcentaje":0.8916544053413654},{"rango":{"min":30,"max":39},"vacunados":903942,"personasINE":1140217,"porcentaje":0.8916544053413654},{"rango":{"min":40,"max":49},"vacunados":1235043,"personasINE":1385114,"porcentaje":0.8916544053413654},{"rango":{"min":50,"max":59},"vacunados":1205029,"personasINE":1265021,"porcentaje":0.952576281342365},{"rango":{"min":60,"max":69},"vacunados":920631,"personasINE":916147,"porcentaje":1.004894411049755},{"rango":{"min":70,"max":79},"vacunados":649075,"personasINE":650381,"porcentaje":0.9979919462591927},{"rango":{"min":80,"max":null},"vacunados":428386,"personasINE":428386,"porcentaje":1}]}}},{"ccaa":"Aragón","dosisAdministradas":2001924,"dosisEntregadas":2136845,"dosisEntregadasModerna":275200,"dosisEntregadasPfizer":1531845,"dosisEntregadasAstrazeneca":265100,"dosisEntregadasJanssen":64700,"dosisPrimeraDosis":1065557,"dosisPautaCompletada":1046028,"porcentajeEntregadas":0.9368597160767393,"porcentajePoblacionAdministradas":1.505895556687235,"porcentajePoblacionPrimeraDosis":0.8015376965843759,"porcentajePoblacionCompletas":0.7868475113792707,"fechaUltRegistro":1634774400000,"etarios":{"unaDosis":{"etarioTotal":{"vacunados":1065557,"personasINE":1185134,"porcentaje":0.8991025487413238},"etarioRangos":[{"rango":{"min":12,"max":19},"vacunados":87887,"personasINE":103109,"porcentaje":0.7946718200013804},{"rango":{"min":20,"max":29},"vacunados":103626,"personasINE":130401,"porcentaje":0.873171026737321},{"rango":{"min":30,"max":39},"vacunados":125363,"personasINE":164286,"porcentaje":0.873171026737321},{"rango":{"min":40,"max":49},"vacunados":187682,"personasINE":214943,"porcentaje":0.873171026737321},{"rango":{"min":50,"max":59},"vacunados":185937,"personasINE":198266,"porcentaje":0.9378158635368646},{"rango":{"min":60,"max":69},"vacunados":154531,"personasINE":156367,"porcentaje":0.9882583921159835},{"rango":{"min":70,"max":79},"vacunados":119273,"personasINE":119273,"porcentaje":1},{"rango":{"min":80,"max":null},"vacunados":101258,"personasINE":101258,"porcentaje":1}]},"pautaCompleta":{"etarioTotal":{"vacunados":1046028,"personasINE":1185134,"porcentaje":0.8826242433345091},"etarioRangos":[{"rango":{"min":12,"max":19},"vacunados":84800,"personasINE":103109,"porcentaje":0.7647333992837478},{"rango":{"min":20,"max":29},"vacunados":99722,"personasINE":130401,"porcentaje":0.860697952480425},{"rango":{"min":30,"max":39},"vacunados":121747,"personasINE":164286,"porcentaje":0.860697952480425},{"rango":{"min":40,"max":49},"vacunados":185001,"personasINE":214943,"porcentaje":0.860697952480425},{"rango":{"min":50,"max":59},"vacunados":183877,"personasINE":198266,"porcentaje":0.9274257815258289},{"rango":{"min":60,"max":69},"vacunados":152470,"personasINE":156367,"porcentaje":0.9750778616971612},{"rango":{"min":70,"max":79},"vacunados":118505,"personasINE":118955,"porcentaje":0.9962170568702451},{"rango":{"min":80,"max":null},"vacunados":99906,"personasINE":99906,"porcentaje":1}]}}},{"ccaa":"Asturias","dosisAdministradas":1676341,"dosisEntregadas":1650625,"dosisEntregadasModerna":162000,"dosisEntregadasPfizer":1224725,"dosisEntregadasAstrazeneca":220900,"dosisEntregadasJanssen":43000,"dosisPrimeraDosis":873117,"dosisPautaCompletada":863977,"porcentajeEntregadas":1.0155795531995457,"porcentajePoblacionAdministradas":1.6454331830888589,"porcentajePoblacionPrimeraDosis":0.8570187596193108,"porcentajePoblacionCompletas":0.8480472798944624,"fechaUltRegistro":1634774400000,"etarios":{"unaDosis":{"etarioTotal":{"vacunados":873117,"personasINE":933927,"porcentaje":0.934887844553161},"etarioRangos":[{"rango":{"min":12,"max":19},"vacunados":60480,"personasINE":64000,"porcentaje":0.8412483725398491},{"rango":{"min":20,"max":29},"vacunados":66552,"personasINE":79111,"porcentaje":0.9017503727701162},{"rango":{"min":30,"max":39},"vacunados":90885,"personasINE":114451,"porcentaje":0.9017503727701162},{"rango":{"min":40,"max":49},"vacunados":150586,"personasINE":166993,"porcentaje":0.9017503727701162},{"rango":{"min":50,"max":59},"vacunados":153150,"personasINE":162645,"porcentaje":0.9416213225122199},{"rango":{"min":60,"max":69},"vacunados":148163,"personasINE":149652,"porcentaje":0.9900502499131318},{"rango":{"min":70,"max":79},"vacunados":114349,"personasINE":114349,"porcentaje":1},{"rango":{"min":80,"max":null},"vacunados":88952,"personasINE":88952,"porcentaje":1}]},"pautaCompleta":{"etarioTotal":{"vacunados":863977,"personasINE":933927,"porcentaje":0.9251012124073937},"etarioRangos":[{"rango":{"min":12,"max":19},"vacunados":59160,"personasINE":64000.00000000001,"porcentaje":0.8163972140410309},{"rango":{"min":20,"max":29},"vacunados":64586,"personasINE":79111,"porcentaje":0.8953968130400676},{"rango":{"min":30,"max":39},"vacunados":89052,"personasINE":114451,"porcentaje":0.8953968130400676},{"rango":{"min":40,"max":49},"vacunados":149525,"personasINE":166993,"porcentaje":0.8953968130400676},{"rango":{"min":50,"max":59},"vacunados":152294,"personasINE":162645,"porcentaje":0.9363583264164285},{"rango":{"min":60,"max":69},"vacunados":147279,"personasINE":149652,"porcentaje":0.9841432122524256},{"rango":{"min":70,"max":79},"vacunados":113918,"personasINE":113918,"porcentaje":1},{"rango":{"min":80,"max":null},"vacunados":88163,"personasINE":88163,"porcentaje":1}]}}},{"ccaa":"Baleares","dosisAdministradas":1604156,"dosisEntregadas":1891250,"dosisEntregadasModerna":305100,"dosisEntregadasPfizer":1272150,"dosisEntregadasAstrazeneca":256400,"dosisEntregadasJanssen":57600,"dosisPrimeraDosis":855215,"dosisPautaCompletada":837532,"porcentajeEntregadas":0.8481988103106411,"porcentajePoblacionAdministradas":1.3692677093371732,"porcentajePoblacionPrimeraDosis":0.7299902777789633,"porcentajePoblacionCompletas":0.7148965082801058,"fechaUltRegistro":1634774400000,"etarios":{"unaDosis":{"etarioTotal":{"vacunados":855215,"personasINE":1034867,"porcentaje":0.8264008804996198},"etarioRangos":[{"rango":{"min":12,"max":19},"vacunados":74239,"personasINE":95480,"porcentaje":0.700540807005843},{"rango":{"min":20,"max":29},"vacunados":96634,"personasINE":137942,"porcentaje":0.8112692315154337},{"rango":{"min":30,"max":39},"vacunados":125939,"personasINE":182187,"porcentaje":0.8112692315154337},{"rango":{"min":40,"max":49},"vacunados":167261,"personasINE":206172,"porcentaje":0.8112692315154337},{"rango":{"min":50,"max":59},"vacunados":150120,"personasINE":165797,"porcentaje":0.9054446099748488},{"rango":{"min":60,"max":69},"vacunados":110297,"personasINE":117231,"porcentaje":0.9408518224701657},{"rango":{"min":70,"max":79},"vacunados":79240,"personasINE":80516,"porcentaje":0.9841522181926574},{"rango":{"min":80,"max":null},"vacunados":51485,"personasINE":51485,"porcentaje":1}]},"pautaCompleta":{"etarioTotal":{"vacunados":837532,"personasINE":1034867,"porcentaje":0.8093136605959993},"etarioRangos":[{"rango":{"min":12,"max":19},"vacunados":71790,"personasINE":95480,"porcentaje":0.6704122022299227},{"rango":{"min":20,"max":29},"vacunados":92478,"personasINE":137942,"porcentaje":0.7980763634247133},{"rango":{"min":30,"max":39},"vacunados":121528,"personasINE":182187,"porcentaje":0.7980763634247133},{"rango":{"min":40,"max":49},"vacunados":164541,"personasINE":206172,"porcentaje":0.7980763634247133},{"rango":{"min":50,"max":59},"vacunados":148327,"personasINE":165797,"porcentaje":0.8946301802807047},{"rango":{"min":60,"max":69},"vacunados":109246,"personasINE":117231,"porcentaje":0.9318866170210951},{"rango":{"min":70,"max":79},"vacunados":78766,"personasINE":80516,"porcentaje":0.9782651895275474},{"rango":{"min":80,"max":null},"vacunados":50856,"personasINE":50856,"porcentaje":1}]}}},{"ccaa":"Canarias","dosisAdministradas":3143388,"dosisEntregadas":3522840,"dosisEntregadasModerna":574700,"dosisEntregadasPfizer":2358690,"dosisEntregadasAstrazeneca":455800,"dosisEntregadasJanssen":133650,"dosisPrimeraDosis":1671575,"dosisPautaCompletada":1630571,"porcentajeEntregadas":0.8922880403310965,"porcentajePoblacionAdministradas":1.444603557431414,"porcentajePoblacionPrimeraDosis":0.7682039861173409,"porcentajePoblacionCompletas":0.7493598204372155,"fechaUltRegistro":1634774400000,"etarios":{"unaDosis":{"etarioTotal":{"vacunados":1671575,"personasINE":1960774,"porcentaje":0.8525077341906818},"etarioRangos":[{"rango":{"min":12,"max":19},"vacunados":148661,"personasINE":179797,"porcentaje":0.7422819645041867},{"rango":{"min":20,"max":29},"vacunados":186868,"personasINE":251748,"porcentaje":0.818902671657335},{"rango":{"min":30,"max":39},"vacunados":228972,"personasINE":310934,"porcentaje":0.818902671657335},{"rango":{"min":40,"max":49},"vacunados":317672,"personasINE":387924,"porcentaje":0.818902671657335},{"rango":{"min":50,"max":59},"vacunados":320576,"personasINE":350512,"porcentaje":0.9145935089240882},{"rango":{"min":60,"max":69},"vacunados":224401,"personasINE":235092,"porcentaje":0.9545241862760111},{"rango":{"min":70,"max":79},"vacunados":151383,"personasINE":154531,"porcentaje":0.9796286829179905},{"rango":{"min":80,"max":null},"vacunados":93042,"personasINE":93042,"porcentaje":1}]},"pautaCompleta":{"etarioTotal":{"vacunados":1630571,"personasINE":1960774,"porcentaje":0.8315955841927729},"etarioRangos":[{"rango":{"min":12,"max":19},"vacunados":139308,"personasINE":179797,"porcentaje":0.7012727012727012},{"rango":{"min":20,"max":29},"vacunados":176544,"personasINE":251748,"porcentaje":0.8071735700807374},{"rango":{"min":30,"max":39},"vacunados":220992,"personasINE":310934,"porcentaje":0.8071735700807374},{"rango":{"min":40,"max":49},"vacunados":313122,"personasINE":387924,"porcentaje":0.8071735700807374},{"rango":{"min":50,"max":59},"vacunados":317921,"personasINE":350512,"porcentaje":0.9070188752453554},{"rango":{"min":60,"max":69},"vacunados":220558,"personasINE":235092,"porcentaje":0.9381773943817739},{"rango":{"min":70,"max":79},"vacunados":150202,"personasINE":154531,"porcentaje":0.9719862034154959},{"rango":{"min":80,"max":null},"vacunados":91924,"personasINE":91924,"porcentaje":1}]}}},{"ccaa":"Cantabria","dosisAdministradas":920283,"dosisEntregadas":989605,"dosisEntregadasModerna":114900,"dosisEntregadasPfizer":727305,"dosisEntregadasAstrazeneca":125200,"dosisEntregadasJanssen":22200,"dosisPrimeraDosis":481821,"dosisPautaCompletada":475507,"porcentajeEntregadas":0.9299498284669135,"porcentajePoblacionAdministradas":1.5787872809462948,"porcentajePoblacionPrimeraDosis":0.8265858072927835,"porcentajePoblacionCompletas":0.815753853543888,"fechaUltRegistro":1634774400000,"etarios":{"unaDosis":{"etarioTotal":{"vacunados":481821,"personasINE":524127,"porcentaje":0.9192829218872525},"etarioRangos":[{"rango":{"min":12,"max":19},"vacunados":39125,"personasINE":43963,"porcentaje":0.8126720126720127},{"rango":{"min":20,"max":29},"vacunados":41044,"personasINE":50505,"porcentaje":0.8996716750708302},{"rango":{"min":30,"max":39},"vacunados":54556,"personasINE":70473,"porcentaje":0.8996716750708302},{"rango":{"min":40,"max":49},"vacunados":87960,"personasINE":97769,"porcentaje":0.8996716750708302},{"rango":{"min":50,"max":59},"vacunados":84253,"personasINE":89964,"porcentaje":0.9365190520652705},{"rango":{"min":60,"max":69},"vacunados":76655,"personasINE":77345,"porcentaje":0.9910789320576637},{"rango":{"min":70,"max":79},"vacunados":55915,"personasINE":55915,"porcentaje":1},{"rango":{"min":80,"max":null},"vacunados":42313,"personasINE":42313,"porcentaje":1}]},"pautaCompleta":{"etarioTotal":{"vacunados":475507,"personasINE":524127,"porcentaje":0.9072362232817619},"etarioRangos":[{"rango":{"min":12,"max":19},"vacunados":37815,"personasINE":43963,"porcentaje":0.7883179883179883},{"rango":{"min":20,"max":29},"vacunados":39814,"personasINE":50505,"porcentaje":0.8897605580500977},{"rango":{"min":30,"max":39},"vacunados":53459,"personasINE":70473,"porcentaje":0.8897605580500977},{"rango":{"min":40,"max":49},"vacunados":86991,"personasINE":97769,"porcentaje":0.8897605580500977},{"rango":{"min":50,"max":59},"vacunados":83667,"personasINE":89964,"porcentaje":0.9300053354675203},{"rango":{"min":60,"max":69},"vacunados":76220,"personasINE":77345,"porcentaje":0.9854547805287995},{"rango":{"min":70,"max":79},"vacunados":55692,"personasINE":55692,"porcentaje":1},{"rango":{"min":80,"max":null},"vacunados":41849,"personasINE":41849,"porcentaje":1}]}}},{"ccaa":"Castilla y Leon","dosisAdministradas":3793355,"dosisEntregadas":3912325,"dosisEntregadasModerna":412400,"dosisEntregadasPfizer":2916525,"dosisEntregadasAstrazeneca":481200,"dosisEntregadasJanssen":102200,"dosisPrimeraDosis":1999544,"dosisPautaCompletada":1959795,"porcentajeEntregadas":0.9695909721201588,"porcentajePoblacionAdministradas":1.5839185308223496,"porcentajePoblacionPrimeraDosis":0.8349112579219832,"porcentajePoblacionCompletas":0.8183140299584369,"fechaUltRegistro":1634688000000,"etarios":{"unaDosis":{"etarioTotal":{"vacunados":1999544,"personasINE":2176253,"porcentaje":0.9188012606990088},"etarioRangos":[{"rango":{"min":12,"max":19},"vacunados":142750,"personasINE":165342,"porcentaje":0.8156118783352132},{"rango":{"min":20,"max":29},"vacunados":172099,"personasINE":211006,"porcentaje":0.8813008353862457},{"rango":{"min":30,"max":39},"vacunados":211575,"personasINE":267783,"porcentaje":0.8813008353862457},{"rango":{"min":40,"max":49},"vacunados":320181,"personasINE":363305,"porcentaje":0.8813008353862457},{"rango":{"min":50,"max":59},"vacunados":352744,"personasINE":381175,"porcentaje":0.9254122122384731},{"rango":{"min":60,"max":69},"vacunados":320391,"personasINE":320391,"porcentaje":1},{"rango":{"min":70,"max":79},"vacunados":250482,"personasINE":250482,"porcentaje":1},{"rango":{"min":80,"max":null},"vacunados":229322,"personasINE":229322,"porcentaje":1}]},"pautaCompleta":{"etarioTotal":{"vacunados":1959795,"personasINE":2176253,"porcentaje":0.9005363806505953},"etarioRangos":[{"rango":{"min":12,"max":19},"vacunados":132489,"personasINE":165342,"porcentaje":0.7799872989393667},{"rango":{"min":20,"max":29},"vacunados":164582,"personasINE":211006,"porcentaje":0.8675713243693316},{"rango":{"min":30,"max":39},"vacunados":205351,"personasINE":267783,"porcentaje":0.8675713243693316},{"rango":{"min":40,"max":49},"vacunados":315193,"personasINE":363305,"porcentaje":0.8675713243693316},{"rango":{"min":50,"max":59},"vacunados":348574,"personasINE":381175,"porcentaje":0.9144723552174199},{"rango":{"min":60,"max":69},"vacunados":317701,"personasINE":318575,"porcentaje":0.997256532998509},{"rango":{"min":70,"max":79},"vacunados":249053,"personasINE":249053,"porcentaje":1},{"rango":{"min":80,"max":null},"vacunados":226852,"personasINE":226852,"porcentaje":1}]}}},{"ccaa":"Castilla La Mancha","dosisAdministradas":3023247,"dosisEntregadas":3267280,"dosisEntregadasModerna":446800,"dosisEntregadasPfizer":2330505,"dosisEntregadasAstrazeneca":394900,"dosisEntregadasJanssen":95075,"dosisPrimeraDosis":1616516,"dosisPautaCompletada":1554433,"porcentajeEntregadas":0.9253100438285057,"porcentajePoblacionAdministradas":1.478200644331346,"porcentajePoblacionPrimeraDosis":0.7903869557373018,"porcentajePoblacionCompletas":0.7600318009642968,"fechaUltRegistro":1634774400000},{"ccaa":"Cataluña","dosisAdministradas":11136235,"dosisEntregadas":11863410,"dosisEntregadasModerna":1604900,"dosisEntregadasPfizer":8368460,"dosisEntregadasAstrazeneca":1514300,"dosisEntregadasJanssen":375750,"dosisPrimeraDosis":5956736,"dosisPautaCompletada":5821886,"porcentajeEntregadas":0.9387043860070586,"porcentajePoblacionAdministradas":1.4313045507866546,"porcentajePoblacionPrimeraDosis":0.7656001642058284,"porcentajePoblacionCompletas":0.7482683264102378,"fechaUltRegistro":1634774400000,"etarios":{"unaDosis":{"etarioTotal":{"vacunados":5956736,"personasINE":6868360,"porcentaje":0.8672719542947661},"etarioRangos":[{"rango":{"min":12,"max":19},"vacunados":525161,"personasINE":656166,"porcentaje":0.753728238778928},{"rango":{"min":20,"max":29},"vacunados":632329,"personasINE":838935,"porcentaje":0.8548902415407574},{"rango":{"min":30,"max":39},"vacunados":773313,"personasINE":1044652,"porcentaje":0.8548902415407574},{"rango":{"min":40,"max":49},"vacunados":1125681,"personasINE":1316755,"porcentaje":0.8548902415407574},{"rango":{"min":50,"max":59},"vacunados":1024237,"personasINE":1091780,"porcentaje":0.938134972247156},{"rango":{"min":60,"max":69},"vacunados":799023,"personasINE":837584,"porcentaje":0.9539616325049189},{"rango":{"min":70,"max":79},"vacunados":618223,"personasINE":635292,"porcentaje":0.9731320400697632},{"rango":{"min":80,"max":null},"vacunados":458769,"personasINE":458769,"porcentaje":1}]},"pautaCompleta":{"etarioTotal":{"vacunados":5821886,"personasINE":6868360,"porcentaje":0.847638446441363},"etarioRangos":[{"rango":{"min":12,"max":19},"vacunados":502848,"personasINE":656166,"porcentaje":0.7157229105949805},{"rango":{"min":20,"max":29},"vacunados":600445,"personasINE":838935,"porcentaje":0.840561835724945},{"rango":{"min":30,"max":39},"vacunados":744856,"personasINE":1044652,"porcentaje":0.840561835724945},{"rango":{"min":40,"max":49},"vacunados":1106814,"personasINE":1316755,"porcentaje":0.840561835724945},{"rango":{"min":50,"max":59},"vacunados":1012839,"personasINE":1091780,"porcentaje":0.9276951400465295},{"rango":{"min":60,"max":69},"vacunados":787018,"personasINE":837584,"porcentaje":0.9396287417142639},{"rango":{"min":70,"max":79},"vacunados":614103,"personasINE":635292,"porcentaje":0.966646833267222},{"rango":{"min":80,"max":null},"vacunados":452963,"personasINE":452963,"porcentaje":1}]}}},{"ccaa":"C. Valenciana","dosisAdministradas":7653468,"dosisEntregadas":8088540,"dosisEntregadasModerna":1213650,"dosisEntregadasPfizer":5797540,"dosisEntregadasAstrazeneca":863900,"dosisEntregadasJanssen":213450,"dosisPrimeraDosis":4069552,"dosisPautaCompletada":4002363,"porcentajeEntregadas":0.9462113063667856,"porcentajePoblacionAdministradas":1.513334742502649,"porcentajePoblacionPrimeraDosis":0.8046802348975838,"porcentajePoblacionCompletas":0.7913948265031134,"fechaUltRegistro":1634774400000,"etarios":{"unaDosis":{"etarioTotal":{"vacunados":4069552,"personasINE":4488459,"porcentaje":0.9066701957175057},"etarioRangos":[{"rango":{"min":12,"max":19},"vacunados":369157,"personasINE":424531,"porcentaje":0.8208305723796128},{"rango":{"min":20,"max":29},"vacunados":423652,"personasINE":516126,"porcentaje":0.8832123045416328},{"rango":{"min":30,"max":39},"vacunados":508401,"personasINE":648759,"porcentaje":0.8832123045416328},{"rango":{"min":40,"max":49},"vacunados":752133,"personasINE":851588,"porcentaje":0.8832123045416328},{"rango":{"min":50,"max":59},"vacunados":714617,"personasINE":752334,"porcentaje":0.9498666815536716},{"rango":{"min":60,"max":69},"vacunados":569957,"personasINE":580728,"porcentaje":0.9814525905415272},{"rango":{"min":70,"max":79},"vacunados":434390,"personasINE":437862,"porcentaje":0.9920705610443473},{"rango":{"min":80,"max":null},"vacunados":297245,"personasINE":297245,"porcentaje":1}]},"pautaCompleta":{"etarioTotal":{"vacunados":4002363,"personasINE":4488459,"porcentaje":0.8917009156149137},"etarioRangos":[{"rango":{"min":12,"max":19},"vacunados":355739,"personasINE":424531,"porcentaje":0.7913862118939948},{"rango":{"min":20,"max":29},"vacunados":408455,"personasINE":516126.00000000006,"porcentaje":0.8734305791063284},{"rango":{"min":30,"max":39},"vacunados":495800,"personasINE":648759,"porcentaje":0.8734305791063284},{"rango":{"min":40,"max":49},"vacunados":743803,"personasINE":851588,"porcentaje":0.8734305791063284},{"rango":{"min":50,"max":59},"vacunados":709190,"personasINE":752334,"porcentaje":0.9426531301257154},{"rango":{"min":60,"max":69},"vacunados":564514,"personasINE":580728,"porcentaje":0.9720798721604607},{"rango":{"min":70,"max":79},"vacunados":431699,"personasINE":437862,"porcentaje":0.9859247890887997},{"rango":{"min":80,"max":null},"vacunados":293163,"personasINE":293163,"porcentaje":1}]}}},{"ccaa":"Extremadura","dosisAdministradas":1706490,"dosisEntregadas":1682775,"dosisEntregadasModerna":218200,"dosisEntregadasPfizer":1226825,"dosisEntregadasAstrazeneca":186000,"dosisEntregadasJanssen":51750,"dosisPrimeraDosis":896952,"dosisPautaCompletada":882188,"porcentajeEntregadas":1.014092793154165,"porcentajePoblacionAdministradas":1.603863581039994,"porcentajePoblacionPrimeraDosis":0.8430102999378751,"porcentajePoblacionCompletas":0.8291341905493206,"fechaUltRegistro":1634774400000,"etarios":{"unaDosis":{"etarioTotal":{"vacunados":896952,"personasINE":953437,"porcentaje":0.9407564422190454},"etarioRangos":[{"rango":{"min":12,"max":19},"vacunados":76197,"personasINE":84750,"porcentaje":0.8213289798799859},{"rango":{"min":20,"max":29},"vacunados":93073,"personasINE":113320,"porcentaje":0.916586203869738},{"rango":{"min":30,"max":39},"vacunados":112979,"personasINE":133479,"porcentaje":0.916586203869738},{"rango":{"min":40,"max":49},"vacunados":146190,"personasINE":159494,"porcentaje":0.916586203869738},{"rango":{"min":50,"max":59},"vacunados":161472,"personasINE":169216,"porcentaje":0.9542360060514372},{"rango":{"min":60,"max":69},"vacunados":132854,"personasINE":132854,"porcentaje":1},{"rango":{"min":70,"max":79},"vacunados":95924,"personasINE":95924,"porcentaje":1},{"rango":{"min":80,"max":null},"vacunados":78263,"personasINE":78263,"porcentaje":1}]},"pautaCompleta":{"etarioTotal":{"vacunados":882188,"personasINE":953437,"porcentaje":0.9252714127939234},"etarioRangos":[{"rango":{"min":12,"max":19},"vacunados":73315,"personasINE":84750,"porcentaje":0.791210730674197},{"rango":{"min":20,"max":29},"vacunados":89660,"personasINE":113320,"porcentaje":0.9047236886654043},{"rango":{"min":30,"max":39},"vacunados":110275,"personasINE":133479,"porcentaje":0.9047236886654043},{"rango":{"min":40,"max":49},"vacunados":144298,"personasINE":159494,"porcentaje":0.9047236886654043},{"rango":{"min":50,"max":59},"vacunados":160218,"personasINE":169216,"porcentaje":0.9468253593040847},{"rango":{"min":60,"max":69},"vacunados":131610,"personasINE":125297.00000000001,"porcentaje":1.0503842869342441},{"rango":{"min":70,"max":79},"vacunados":95404,"personasINE":95404,"porcentaje":1},{"rango":{"min":80,"max":null},"vacunados":77408,"personasINE":77408,"porcentaje":1}]}}},{"ccaa":"Galicia","dosisAdministradas":4406670,"dosisEntregadas":4358529,"dosisEntregadasModerna":507400,"dosisEntregadasPfizer":3155029,"dosisEntregadasAstrazeneca":573400,"dosisEntregadasJanssen":122700,"dosisPrimeraDosis":2307128,"dosisPautaCompletada":2284097,"porcentajeEntregadas":1.0110452402634007,"porcentajePoblacionAdministradas":1.6310011884585902,"porcentajePoblacionPrimeraDosis":0.8539165650992905,"porcentajePoblacionCompletas":0.8453923079229215,"fechaUltRegistro":1634774400000,"etarios":{"unaDosis":{"etarioTotal":{"vacunados":2307128,"personasINE":2454497,"porcentaje":0.9399595925356601},"etarioRangos":[{"rango":{"min":12,"max":19},"vacunados":167787,"personasINE":180007,"porcentaje":0.8586290647282677},{"rango":{"min":20,"max":29},"vacunados":198327,"personasINE":230981,"porcentaje":0.919769144512557},{"rango":{"min":30,"max":39},"vacunados":263143,"personasINE":323408,"porcentaje":0.919769144512557},{"rango":{"min":40,"max":49},"vacunados":407661,"personasINE":443221,"porcentaje":0.919769144512557},{"rango":{"min":50,"max":59},"vacunados":390725,"personasINE":405889,"porcentaje":0.9626400321270101},{"rango":{"min":60,"max":69},"vacunados":345904,"personasINE":346927,"porcentaje":0.9970512528572293},{"rango":{"min":70,"max":79},"vacunados":291298,"personasINE":291298,"porcentaje":1},{"rango":{"min":80,"max":null},"vacunados":242283,"personasINE":242283,"porcentaje":1}]},"pautaCompleta":{"etarioTotal":{"vacunados":2284097,"personasINE":2454497,"porcentaje":0.9305764073046331},"etarioRangos":[{"rango":{"min":12,"max":19},"vacunados":163594,"personasINE":180007,"porcentaje":0.8354972919850551},{"rango":{"min":20,"max":29},"vacunados":192984,"personasINE":230981,"porcentaje":0.9129914873167111},{"rango":{"min":30,"max":39},"vacunados":258885,"personasINE":323408,"porcentaje":0.9129914873167111},{"rango":{"min":40,"max":49},"vacunados":404657,"personasINE":443221,"porcentaje":0.9129914873167111},{"rango":{"min":50,"max":59},"vacunados":388616,"personasINE":405889,"porcentaje":0.9574440302644319},{"rango":{"min":60,"max":69},"vacunados":344638,"personasINE":346927,"porcentaje":0.9934020701761466},{"rango":{"min":70,"max":79},"vacunados":290057,"personasINE":290057,"porcentaje":1},{"rango":{"min":80,"max":null},"vacunados":240666,"personasINE":240666,"porcentaje":1}]}}},{"ccaa":"La Rioja","dosisAdministradas":481961,"dosisEntregadas":510565,"dosisEntregadasModerna":67600,"dosisEntregadasPfizer":374465,"dosisEntregadasAstrazeneca":53300,"dosisEntregadasJanssen":15200,"dosisPrimeraDosis":259819,"dosisPautaCompletada":254326,"porcentajeEntregadas":0.9439757915250752,"porcentajePoblacionAdministradas":1.5065330057452941,"porcentajePoblacionPrimeraDosis":0.8121526410222747,"porcentajePoblacionCompletas":0.7949824015204086,"fechaUltRegistro":1634774400000,"etarios":{"unaDosis":{"etarioTotal":{"vacunados":259819,"personasINE":283970,"porcentaje":0.9149522836919393},"etarioRangos":[{"rango":{"min":12,"max":19},"vacunados":21793,"personasINE":25532,"porcentaje":0.7880359839779368},{"rango":{"min":20,"max":29},"vacunados":24002,"personasINE":30458,"porcentaje":0.8972368595010104},{"rango":{"min":30,"max":39},"vacunados":31066,"personasINE":39319,"porcentaje":0.8972368595010104},{"rango":{"min":40,"max":49},"vacunados":47506,"personasINE":52947,"porcentaje":0.8972368595010104},{"rango":{"min":50,"max":59},"vacunados":45385,"personasINE":47664,"porcentaje":0.9521861362873447},{"rango":{"min":60,"max":69},"vacunados":38042,"personasINE":38042,"porcentaje":1},{"rango":{"min":70,"max":79},"vacunados":28662,"personasINE":28662,"porcentaje":1},{"rango":{"min":80,"max":null},"vacunados":23363,"personasINE":23363,"porcentaje":1}]},"pautaCompleta":{"etarioTotal":{"vacunados":254326,"personasINE":283970,"porcentaje":0.8956086910589147},"etarioRangos":[{"rango":{"min":12,"max":19},"vacunados":20677,"personasINE":25532,"porcentaje":0.7507387221747981},{"rango":{"min":20,"max":29},"vacunados":22866,"personasINE":30458,"porcentaje":0.8824107125993919},{"rango":{"min":30,"max":39},"vacunados":30127,"personasINE":39319,"porcentaje":0.8824107125993919},{"rango":{"min":40,"max":49},"vacunados":46721,"personasINE":52947,"porcentaje":0.8824107125993919},{"rango":{"min":50,"max":59},"vacunados":44749,"personasINE":47664,"porcentaje":0.9388427324605573},{"rango":{"min":60,"max":69},"vacunados":37466,"personasINE":37718,"porcentaje":0.9933188398112307},{"rango":{"min":70,"max":79},"vacunados":28555,"personasINE":28555,"porcentaje":1},{"rango":{"min":80,"max":null},"vacunados":23165,"personasINE":23165,"porcentaje":1}]}}},{"ccaa":"Madrid","dosisAdministradas":9854108,"dosisEntregadas":10825829,"dosisEntregadasModerna":1645800,"dosisEntregadasPfizer":7637679,"dosisEntregadasAstrazeneca":1220900,"dosisEntregadasJanssen":321450,"dosisPrimeraDosis":5323002,"dosisPautaCompletada":5202266,"porcentajeEntregadas":0.9102404998268493,"porcentajePoblacionAdministradas":1.453432269087631,"porcentajePoblacionPrimeraDosis":0.7851165092992687,"porcentajePoblacionCompletas":0.7673085455098964,"fechaUltRegistro":1634774400000,"etarios":{"unaDosis":{"etarioTotal":{"vacunados":5323002,"personasINE":5977937,"porcentaje":0.8904413010709213},"etarioRangos":[{"rango":{"min":12,"max":19},"vacunados":448945,"personasINE":553542,"porcentaje":0.7982383245227112},{"rango":{"min":20,"max":29},"vacunados":592672,"personasINE":742475,"porcentaje":0.8816702988324753},{"rango":{"min":30,"max":39},"vacunados":741282,"personasINE":949640,"porcentaje":0.8816702988324753},{"rango":{"min":40,"max":49},"vacunados":1028002,"personasINE":1165971,"porcentaje":0.8816702988324753},{"rango":{"min":50,"max":59},"vacunados":939173,"personasINE":972783,"porcentaje":0.9654496429316713},{"rango":{"min":60,"max":69},"vacunados":688283,"personasINE":703323,"porcentaje":0.9786157995686192},{"rango":{"min":70,"max":79},"vacunados":510833,"personasINE":526081,"porcentaje":0.9710158701796872},{"rango":{"min":80,"max":null},"vacunados":373812,"personasINE":373812,"porcentaje":1}]},"pautaCompleta":{"etarioTotal":{"vacunados":5202266,"personasINE":5977937,"porcentaje":0.8702443669111936},"etarioRangos":[{"rango":{"min":12,"max":19},"vacunados":431547,"personasINE":553542,"porcentaje":0.7590679820869389},{"rango":{"min":20,"max":29},"vacunados":563589,"personasINE":742475,"porcentaje":0.8639888985232052},{"rango":{"min":30,"max":39},"vacunados":713414,"personasINE":949640,"porcentaje":0.8639888985232052},{"rango":{"min":40,"max":49},"vacunados":1007386,"personasINE":1165971,"porcentaje":0.8639888985232052},{"rango":{"min":50,"max":59},"vacunados":931105,"personasINE":972783,"porcentaje":0.9571559124696875},{"rango":{"min":60,"max":69},"vacunados":675782,"personasINE":703323,"porcentaje":0.9608416047818712},{"rango":{"min":70,"max":79},"vacunados":508617,"personasINE":526081,"porcentaje":0.9668035910819817},{"rango":{"min":80,"max":null},"vacunados":370826,"personasINE":370826,"porcentaje":1}]}}},{"ccaa":"Murcia","dosisAdministradas":2224207,"dosisEntregadas":2407175,"dosisEntregadasModerna":398000,"dosisEntregadasPfizer":1687865,"dosisEntregadasAstrazeneca":253010,"dosisEntregadasJanssen":68300,"dosisPrimeraDosis":1188332,"dosisPautaCompletada":1155772,"porcentajeEntregadas":0.9239905698588594,"porcentajePoblacionAdministradas":1.4717654446547925,"porcentajePoblacionPrimeraDosis":0.7863233837396965,"porcentajePoblacionCompletas":0.7647783194188126,"fechaUltRegistro":1634774400000,"etarios":{"unaDosis":{"etarioTotal":{"vacunados":1188332,"personasINE":1310137,"porcentaje":0.9070288069110329},"etarioRangos":[{"rango":{"min":12,"max":19},"vacunados":118285,"personasINE":141894,"porcentaje":0.8110747294598486},{"rango":{"min":20,"max":29},"vacunados":139706,"personasINE":172248,"porcentaje":0.9097841098218817},{"rango":{"min":30,"max":39},"vacunados":166374,"personasINE":209002.99999999997,"porcentaje":0.9097841098218817},{"rango":{"min":40,"max":49},"vacunados":231228,"personasINE":254157,"porcentaje":0.9097841098218817},{"rango":{"min":50,"max":59},"vacunados":207280,"personasINE":213256,"porcentaje":0.9719773417863976},{"rango":{"min":60,"max":69},"vacunados":148212,"personasINE":148212,"porcentaje":1},{"rango":{"min":70,"max":79},"vacunados":103283,"personasINE":103283,"porcentaje":1},{"rango":{"min":80,"max":null},"vacunados":73964,"personasINE":73964,"porcentaje":1}]},"pautaCompleta":{"etarioTotal":{"vacunados":1155772,"personasINE":1310137,"porcentaje":0.8821764441428644},"etarioRangos":[{"rango":{"min":12,"max":19},"vacunados":113415,"personasINE":141894,"porcentaje":0.7660408248571826},{"rango":{"min":20,"max":29},"vacunados":131949,"personasINE":172248,"porcentaje":0.8888915119394705},{"rango":{"min":30,"max":39},"vacunados":159762,"personasINE":209003,"porcentaje":0.8888915119394705},{"rango":{"min":40,"max":49},"vacunados":225918,"personasINE":254157,"porcentaje":0.8888915119394705},{"rango":{"min":50,"max":59},"vacunados":204548,"personasINE":213256,"porcentaje":0.9591664478373411},{"rango":{"min":60,"max":69},"vacunados":145489,"personasINE":146909,"porcentaje":0.9903341524345003},{"rango":{"min":70,"max":79},"vacunados":101677,"personasINE":102899,"porcentaje":0.9881242772038601},{"rango":{"min":80,"max":null},"vacunados":73014,"personasINE":73014,"porcentaje":1}]}}},{"ccaa":"Navarra","dosisAdministradas":981357,"dosisEntregadas":1046175,"dosisEntregadasModerna":151500,"dosisEntregadasPfizer":734325,"dosisEntregadasAstrazeneca":136600,"dosisEntregadasJanssen":23750,"dosisPrimeraDosis":527014,"dosisPautaCompletada":520184,"porcentajeEntregadas":0.9380428704566636,"porcentajePoblacionAdministradas":1.4842127232882183,"porcentajePoblacionPrimeraDosis":0.797060482730563,"porcentajePoblacionCompletas":0.7867307322930988,"fechaUltRegistro":1634774400000,"etarios":{"unaDosis":{"etarioTotal":{"vacunados":527014,"personasINE":581354,"porcentaje":0.9065285523106403},"etarioRangos":[{"rango":{"min":12,"max":19},"vacunados":48619,"personasINE":56388,"porcentaje":0.8328562831182937},{"rango":{"min":20,"max":29},"vacunados":56740,"personasINE":68127,"porcentaje":0.8817799670376475},{"rango":{"min":30,"max":39},"vacunados":63882,"personasINE":81341,"porcentaje":0.8817799670376475},{"rango":{"min":40,"max":49},"vacunados":95234,"personasINE":108002,"porcentaje":0.8817799670376475},{"rango":{"min":50,"max":59},"vacunados":91860,"personasINE":96694,"porcentaje":0.9500072393323267},{"rango":{"min":60,"max":69},"vacunados":72277,"personasINE":73844,"porcentaje":0.978779589404691},{"rango":{"min":70,"max":79},"vacunados":55893,"personasINE":55893,"porcentaje":1},{"rango":{"min":80,"max":null},"vacunados":42509,"personasINE":42509,"porcentaje":1}]},"pautaCompleta":{"etarioTotal":{"vacunados":520184,"personasINE":581354,"porcentaje":0.894780116761904},"etarioRangos":[{"rango":{"min":12,"max":19},"vacunados":47403,"personasINE":56388,"porcentaje":0.8070075006972273},{"rango":{"min":20,"max":29},"vacunados":54979,"personasINE":68127,"porcentaje":0.8738078924464362},{"rango":{"min":30,"max":39},"vacunados":62620,"personasINE":81341,"porcentaje":0.8738078924464362},{"rango":{"min":40,"max":49},"vacunados":94373,"personasINE":108002,"porcentaje":0.8738078924464362},{"rango":{"min":50,"max":59},"vacunados":91261,"personasINE":96694,"porcentaje":0.943812439241318},{"rango":{"min":60,"max":69},"vacunados":71686,"personasINE":73844,"porcentaje":0.9707762309734034},{"rango":{"min":70,"max":79},"vacunados":55738,"personasINE":55792,"porcentaje":0.9990321193002581},{"rango":{"min":80,"max":null},"vacunados":42124,"personasINE":42124,"porcentaje":1}]}}},{"ccaa":"País Vasco","dosisAdministradas":3364904,"dosisEntregadas":3668820,"dosisEntregadasModerna":526100,"dosisEntregadasPfizer":2597220,"dosisEntregadasAstrazeneca":444200,"dosisEntregadasJanssen":101300,"dosisPrimeraDosis":1809382,"dosisPautaCompletada":1777326,"porcentajeEntregadas":0.9171624664060924,"porcentajePoblacionAdministradas":1.5153784906489698,"porcentajePoblacionPrimeraDosis":0.8148519435227318,"porcentajePoblacionCompletas":0.8004155813274824,"fechaUltRegistro":1634774400000,"etarios":{"unaDosis":{"etarioTotal":{"vacunados":1809382,"personasINE":1983943,"porcentaje":0.9120130971504725},"etarioRangos":[{"rango":{"min":12,"max":19},"vacunados":144851,"personasINE":168606,"porcentaje":0.8058491371183026},{"rango":{"min":20,"max":29},"vacunados":162406,"personasINE":201534,"porcentaje":0.8837913142409004},{"rango":{"min":30,"max":39},"vacunados":202038,"personasINE":260543,"porcentaje":0.8837913142409004},{"rango":{"min":40,"max":49},"vacunados":320050,"personasINE":362133,"porcentaje":0.8837913142409004},{"rango":{"min":50,"max":59},"vacunados":323659,"personasINE":339977,"porcentaje":0.9520026354723996},{"rango":{"min":60,"max":69},"vacunados":278469,"personasINE":280119,"porcentaje":0.9941096462574834},{"rango":{"min":70,"max":79},"vacunados":213735,"personasINE":213735,"porcentaje":1},{"rango":{"min":80,"max":null},"vacunados":164174,"personasINE":164174,"porcentaje":1}]},"pautaCompleta":{"etarioTotal":{"vacunados":1777326,"personasINE":1983943,"porcentaje":0.8958553748772016},"etarioRangos":[{"rango":{"min":12,"max":19},"vacunados":141066,"personasINE":168606,"porcentaje":0.7778786705965246},{"rango":{"min":20,"max":29},"vacunados":156769,"personasINE":201534,"porcentaje":0.8712572452662419},{"rango":{"min":30,"max":39},"vacunados":196293,"personasINE":260543.00000000003,"porcentaje":0.8712572452662419},{"rango":{"min":40,"max":49},"vacunados":315511,"personasINE":362133,"porcentaje":0.8712572452662419},{"rango":{"min":50,"max":59},"vacunados":320388,"personasINE":339977,"porcentaje":0.9423813963885792},{"rango":{"min":60,"max":69},"vacunados":273213,"personasINE":280119,"porcentaje":0.9753461921540488},{"rango":{"min":70,"max":79},"vacunados":212183,"personasINE":213081,"porcentaje":0.9957856402025521},{"rango":{"min":80,"max":null},"vacunados":161903,"personasINE":157950.00000000003,"porcentaje":1.0250269072491294}]}}},{"ccaa":"Ceuta","dosisAdministradas":114159,"dosisEntregadas":140230,"dosisEntregadasModerna":22400,"dosisEntregadasPfizer":95580,"dosisEntregadasAstrazeneca":18100,"dosisEntregadasJanssen":4150,"dosisPrimeraDosis":62395,"dosisPautaCompletada":59446,"porcentajeEntregadas":0.8140840048491763,"porcentajePoblacionAdministradas":1.3557753972589726,"porcentajePoblacionPrimeraDosis":0.7410156528348495,"porcentajePoblacionCompletas":0.7059927317640912,"fechaUltRegistro":1634774400000,"etarios":{"unaDosis":{"etarioTotal":{"vacunados":62395,"personasINE":70965,"porcentaje":0.879236243218488},"etarioRangos":[{"rango":{"min":12,"max":19},"vacunados":8346,"personasINE":9126,"porcentaje":0.8351417890033738},{"rango":{"min":20,"max":29},"vacunados":9159,"personasINE":10967,"porcentaje":0.8807150767283658},{"rango":{"min":30,"max":39},"vacunados":9221,"personasINE":11894,"porcentaje":0.8807150767283658},{"rango":{"min":40,"max":49},"vacunados":11134,"personasINE":12642,"porcentaje":0.8807150767283658},{"rango":{"min":50,"max":59},"vacunados":10583,"personasINE":11556,"porcentaje":0.9158013153340256},{"rango":{"min":60,"max":69},"vacunados":7661,"personasINE":7857,"porcentaje":0.9750540918925799},{"rango":{"min":70,"max":79},"vacunados":3890,"personasINE":4318,"porcentaje":0.9008800370541917},{"rango":{"min":80,"max":null},"vacunados":2401,"personasINE":2605,"porcentaje":0.9216890595009597}]},"pautaCompleta":{"etarioTotal":{"vacunados":59446,"personasINE":70965,"porcentaje":0.8376805467483971},"etarioRangos":[{"rango":{"min":12,"max":19},"vacunados":7334,"personasINE":9126,"porcentaje":0.7609191209993618},{"rango":{"min":20,"max":29},"vacunados":8345,"personasINE":10967,"porcentaje":0.858171175446923},{"rango":{"min":30,"max":39},"vacunados":8738,"personasINE":11894,"porcentaje":0.858171175446923},{"rango":{"min":40,"max":49},"vacunados":10849,"personasINE":12642,"porcentaje":0.858171175446923},{"rango":{"min":50,"max":59},"vacunados":10423,"personasINE":11556,"porcentaje":0.9019556940117688},{"rango":{"min":60,"max":69},"vacunados":7523,"personasINE":7857,"porcentaje":0.9574901361842942},{"rango":{"min":70,"max":79},"vacunados":3857,"personasINE":4318,"porcentaje":0.8932376100046318},{"rango":{"min":80,"max":null},"vacunados":2377,"personasINE":2605,"porcentaje":0.9124760076775432}]}}},{"ccaa":"Melilla","dosisAdministradas":102014,"dosisEntregadas":141100,"dosisEntregadasModerna":23500,"dosisEntregadasPfizer":96750,"dosisEntregadasAstrazeneca":15100,"dosisEntregadasJanssen":5750,"dosisPrimeraDosis":57202,"dosisPautaCompletada":54706,"porcentajeEntregadas":0.7229907866761163,"porcentajePoblacionAdministradas":1.1715512885295605,"porcentajePoblacionPrimeraDosis":0.6569203913822408,"porcentajePoblacionCompletas":0.6282557765630025,"fechaUltRegistro":1634688000000,"etarios":{"unaDosis":{"etarioTotal":{"vacunados":57202,"personasINE":70927,"porcentaje":0.8064911810734982},"etarioRangos":[{"rango":{"min":12,"max":19},"vacunados":7681,"personasINE":9574,"porcentaje":0.7234681117132138},{"rango":{"min":20,"max":29},"vacunados":8678,"personasINE":11995,"porcentaje":0.837943676053991},{"rango":{"min":30,"max":39},"vacunados":8604,"personasINE":12133,"porcentaje":0.837943676053991},{"rango":{"min":40,"max":49},"vacunados":10057,"personasINE":12002,"porcentaje":0.837943676053991},{"rango":{"min":50,"max":59},"vacunados":9686,"personasINE":11299,"porcentaje":0.8572440038941499},{"rango":{"min":60,"max":69},"vacunados":7169,"personasINE":7827,"porcentaje":0.9159320301520378},{"rango":{"min":70,"max":79},"vacunados":3315,"personasINE":3748,"porcentaje":0.8844717182497331},{"rango":{"min":80,"max":null},"vacunados":2012,"personasINE":2349,"porcentaje":0.8565346956151554}]},"pautaCompleta":{"etarioTotal":{"vacunados":54706,"personasINE":70927,"porcentaje":0.7713000690851157},"etarioRangos":[{"rango":{"min":12,"max":19},"vacunados":7089,"personasINE":9574,"porcentaje":0.658774489370571},{"rango":{"min":20,"max":29},"vacunados":7902,"personasINE":11995,"porcentaje":0.8180303282786202},{"rango":{"min":30,"max":39},"vacunados":8208,"personasINE":12133,"porcentaje":0.8180303282786202},{"rango":{"min":40,"max":49},"vacunados":9818,"personasINE":12002,"porcentaje":0.8180303282786202},{"rango":{"min":50,"max":59},"vacunados":9481,"personasINE":11299,"porcentaje":0.8391008053810072},{"rango":{"min":60,"max":69},"vacunados":7002,"personasINE":7827,"porcentaje":0.8945956305097739},{"rango":{"min":70,"max":79},"vacunados":3241,"personasINE":3748,"porcentaje":0.8647278548559232},{"rango":{"min":80,"max":null},"vacunados":1965,"personasINE":2349,"porcentaje":0.8365261813537676}]}}},{"ccaa":"Fuerzas Armadas","dosisAdministradas":173015,"dosisEntregadas":212238,"dosisEntregadasModerna":58300,"dosisEntregadasPfizer":48138,"dosisEntregadasAstrazeneca":103800,"dosisEntregadasJanssen":2000,"dosisPrimeraDosis":92832,"dosisPautaCompletada":86753,"porcentajeEntregadas":0.8151933207059998,"porcentajePoblacionAdministradas":null,"porcentajePoblacionPrimeraDosis":null,"porcentajePoblacionCompletas":null,"fechaUltRegistro":1634688000000},{"ccaa":"Sanidad Exterior","dosisAdministradas":6944,"dosisEntregadas":9045,"dosisEntregadasModerna":4910,"dosisEntregadasPfizer":0,"dosisEntregadasAstrazeneca":0,"dosisEntregadasJanssen":4135,"dosisPrimeraDosis":5210,"dosisPautaCompletada":4967,"porcentajeEntregadas":0.7677169707020454,"porcentajePoblacionAdministradas":null,"porcentajePoblacionPrimeraDosis":null,"porcentajePoblacionCompletas":null,"fechaUltRegistro":1634774400000,"etarios":{"unaDosis":{"etarioTotal":{"vacunados":5210,"personasINE":"-","porcentaje":"-"},"etarioRangos":[{"rango":{"min":12,"max":19},"vacunados":171,"personasINE":null,"porcentaje":"-"},{"rango":{"min":20,"max":29},"vacunados":1264,"personasINE":null,"porcentaje":"-"},{"rango":{"min":30,"max":39},"vacunados":1508,"personasINE":null,"porcentaje":"-"},{"rango":{"min":40,"max":49},"vacunados":1305,"personasINE":null,"porcentaje":"-"},{"rango":{"min":50,"max":59},"vacunados":681,"personasINE":null,"porcentaje":"-"},{"rango":{"min":60,"max":69},"vacunados":221,"personasINE":null,"porcentaje":"-"},{"rango":{"min":70,"max":79},"vacunados":33,"personasINE":null,"porcentaje":"-"},{"rango":{"min":80,"max":null},"vacunados":27,"personasINE":null,"porcentaje":"-"}]},"pautaCompleta":{"etarioTotal":{"vacunados":4967,"personasINE":"-","porcentaje":"-"},"etarioRangos":[{"rango":{"min":12,"max":19},"vacunados":155,"personasINE":null,"porcentaje":"-"},{"rango":{"min":20,"max":29},"vacunados":1206,"personasINE":null,"porcentaje":"-"},{"rango":{"min":30,"max":39},"vacunados":1434,"personasINE":null,"porcentaje":"-"},{"rango":{"min":40,"max":49},"vacunados":1249,"personasINE":null,"porcentaje":"-"},{"rango":{"min":50,"max":59},"vacunados":655,"personasINE":null,"porcentaje":"-"},{"rango":{"min":60,"max":69},"vacunados":210,"personasINE":null,"porcentaje":"-"},{"rango":{"min":70,"max":79},"vacunados":32,"personasINE":null,"porcentaje":"-"},{"rango":{"min":80,"max":null},"vacunados":26,"personasINE":null,"porcentaje":"-"}]}}},{"ccaa":"Totales","dosisAdministradas":71275614,"dosisEntregadas":75642071,"dosisEntregadasModerna":10752860,"dosisEntregadasPfizer":53616591,"dosisEntregadasAstrazeneca":9111010,"dosisEntregadasJanssen":2161610,"dosisPrimeraDosis":37954027,"dosisPautaCompletada":37199581,"porcentajeEntregadas":0.9422747560679559,"porcentajePoblacionAdministradas":1.5184408606731998,"porcentajePoblacionPrimeraDosis":0.8085646996165318,"porcentajePoblacionCompletas":0.7924921389007243,"fechaUltRegistro":null,"etarios":{"unaDosis":{"etarioTotal":{"vacunados":37954027,"personasINE":42119827,"porcentaje":0.9010964598691253},"etarioRangos":[{"rango":{"min":12,"max":19},"vacunados":3303424,"personasINE":3888686,"porcentaje":0.8026859387134352},{"rango":{"min":20,"max":29},"vacunados":3968993,"personasINE":4944640,"porcentaje":0.8826271073149042},{"rango":{"min":30,"max":39},"vacunados":4883266,"personasINE":6230403,"porcentaje":0.8826271073149042},{"rango":{"min":40,"max":49},"vacunados":6965461,"personasINE":7891737,"porcentaje":0.8826271073149042},{"rango":{"min":50,"max":59},"vacunados":6676738,"personasINE":7033306,"porcentaje":0.9493029309403004},{"rango":{"min":60,"max":69},"vacunados":5277074,"personasINE":5336986,"porcentaje":0.9887741882778033},{"rango":{"min":70,"max":79},"vacunados":3941981,"personasINE":3960045,"porcentaje":0.9954384356743421},{"rango":{"min":80,"max":null},"vacunados":2937090,"personasINE":2937090,"porcentaje":1}]},"pautaCompleta":{"etarioTotal":{"vacunados":37199581,"personasINE":42119827,"porcentaje":0.8831845629375449},"etarioRangos":[{"rango":{"min":12,"max":19},"vacunados":3175926,"personasINE":3888686,"porcentaje":0.7679533798213823},{"rango":{"min":20,"max":29},"vacunados":3797253,"personasINE":4944640,"porcentaje":0.868847124530379},{"rango":{"min":30,"max":39},"vacunados":4730153,"personasINE":6230403,"porcentaje":0.868847124530379},{"rango":{"min":40,"max":49},"vacunados":6856713,"personasINE":7891737,"porcentaje":0.868847124530379},{"rango":{"min":50,"max":59},"vacunados":6608893,"personasINE":7033306,"porcentaje":0.939656684921714},{"rango":{"min":60,"max":69},"vacunados":5209358,"personasINE":5336986,"porcentaje":0.976086128013077},{"rango":{"min":70,"max":79},"vacunados":3917529,"personasINE":3960045,"porcentaje":0.9892637583663823},{"rango":{"min":80,"max":null},"vacunados":2903756,"personasINE":2903756,"porcentaje":1}]}}}]