[{"ccaa":"Andalucía","dosisAdministradas":4087772,"dosisEntregadas":4270610,"dosisEntregadasModerna":392000,"dosisEntregadasPfizer":2768310,"dosisEntregadasAstrazeneca":1007500,"dosisEntregadasJanssen":102800,"dosisPrimeraDosis":2804632,"dosisPautaCompletada":1324848,"porcentajeEntregadas":0.9571869124082977,"porcentajePoblacionAdministradas":0.4829363791526664,"porcentajePoblacionPrimeraDosis":0.33134402381925926,"porcentajePoblacionCompletas":0.1565198098249246,"fechaUltRegistro":1621468800000,"etarios":{"unaDosis":{"etarioTotal":{"vacunados":2804632,"personasINE":7062213,"porcentaje":0.3971321737251482},"etarioRangos":[{"rango":{"min":16,"max":17},"vacunados":479,"personasINE":181921,"porcentaje":0.0026330110322612564},{"rango":{"min":18,"max":24},"vacunados":35248,"personasINE":625846,"porcentaje":0.05632056448391457},{"rango":{"min":25,"max":49},"vacunados":371210,"personasINE":3009381,"porcentaje":0.12335094825148428},{"rango":{"min":50,"max":59},"vacunados":541102,"personasINE":1265021,"porcentaje":0.4277415157534934},{"rango":{"min":60,"max":69},"vacunados":793166,"personasINE":916147,"porcentaje":0.8657628088068836},{"rango":{"min":70,"max":79},"vacunados":634625,"personasINE":650381,"porcentaje":0.9757742000458193},{"rango":{"min":80,"max":null},"vacunados":428802,"personasINE":413516,"porcentaje":1}]},"pautaCompleta":{"etarioTotal":{"vacunados":1324848,"personasINE":7062213,"porcentaje":0.18759672074461645},"etarioRangos":[{"rango":{"min":16,"max":17},"vacunados":338,"personasINE":181921,"porcentaje":0.0018579493296540805},{"rango":{"min":18,"max":24},"vacunados":15429,"personasINE":625846,"porcentaje":0.024653029659053506},{"rango":{"min":25,"max":49},"vacunados":158970,"personasINE":3009381,"porcentaje":0.05282481679787305},{"rango":{"min":50,"max":59},"vacunados":88701,"personasINE":1265021,"porcentaje":0.07011820357132412},{"rango":{"min":60,"max":69},"vacunados":85348,"personasINE":916147,"porcentaje":0.09315972218432195},{"rango":{"min":70,"max":79},"vacunados":558376,"personasINE":650381,"porcentaje":0.8585367653729122},{"rango":{"min":80,"max":null},"vacunados":417686,"personasINE":413516,"porcentaje":1}]}}},{"ccaa":"Aragón","dosisAdministradas":757163,"dosisEntregadas":794565,"dosisEntregadasModerna":75900,"dosisEntregadasPfizer":544365,"dosisEntregadasAstrazeneca":158300,"dosisEntregadasJanssen":16000,"dosisPrimeraDosis":494372,"dosisPautaCompletada":270668,"porcentajeEntregadas":0.9529277025793987,"porcentajePoblacionAdministradas":0.569556285547292,"porcentajePoblacionPrimeraDosis":0.371878551908355,"porcentajePoblacionCompletas":0.20360300317965144,"fechaUltRegistro":1621468800000,"etarios":{"unaDosis":{"etarioTotal":{"vacunados":494372,"personasINE":1132764,"porcentaje":0.4364298300440339},"etarioRangos":[{"rango":{"min":16,"max":17},"vacunados":54,"personasINE":25106,"porcentaje":0.0021508802676651},{"rango":{"min":18,"max":24},"vacunados":6492,"personasINE":89180,"porcentaje":0.0727965911639381},{"rango":{"min":25,"max":49},"vacunados":59129,"personasINE":446083,"porcentaje":0.1325515655158345},{"rango":{"min":50,"max":59},"vacunados":74695,"personasINE":198266,"porcentaje":0.3767413474826748},{"rango":{"min":60,"max":69},"vacunados":138052,"personasINE":156367,"porcentaje":0.8828717056667967},{"rango":{"min":70,"max":79},"vacunados":115822,"personasINE":118955,"porcentaje":0.9736623092766172},{"rango":{"min":80,"max":null},"vacunados":100128,"personasINE":98807,"porcentaje":1}]},"pautaCompleta":{"etarioTotal":{"vacunados":270668,"personasINE":1132764,"porcentaje":0.23894474047550945},"etarioRangos":[{"rango":{"min":16,"max":17},"vacunados":31,"personasINE":25106,"porcentaje":0.001234764598104039},{"rango":{"min":18,"max":24},"vacunados":1609,"personasINE":89180,"porcentaje":0.01804216191971294},{"rango":{"min":25,"max":49},"vacunados":23691,"personasINE":446083,"porcentaje":0.05310895057646223},{"rango":{"min":50,"max":59},"vacunados":15983,"personasINE":198266,"porcentaje":0.08061392270989479},{"rango":{"min":60,"max":69},"vacunados":29003,"personasINE":156367,"porcentaje":0.18548031234211823},{"rango":{"min":70,"max":79},"vacunados":102637,"personasINE":118955,"porcentaje":0.8628220755747972},{"rango":{"min":80,"max":null},"vacunados":97714,"personasINE":98807,"porcentaje":0.9889380307063265}]}}},{"ccaa":"Asturias","dosisAdministradas":689279,"dosisEntregadas":703635,"dosisEntregadasModerna":67000,"dosisEntregadasPfizer":502835,"dosisEntregadasAstrazeneca":121400,"dosisEntregadasJanssen":12400,"dosisPrimeraDosis":447261,"dosisPautaCompletada":248389,"porcentajeEntregadas":0.9795973764807038,"porcentajePoblacionAdministradas":0.6765703034205485,"porcentajePoblacionPrimeraDosis":0.43901455068002637,"porcentajePoblacionCompletas":0.24380928636492133,"fechaUltRegistro":1621468800000,"etarios":{"unaDosis":{"etarioTotal":{"vacunados":447261,"personasINE":901209,"porcentaje":0.4962899837884442},"etarioRangos":[{"rango":{"min":16,"max":17},"vacunados":41,"personasINE":15563,"porcentaje":0.002634453511533766},{"rango":{"min":18,"max":24},"vacunados":4488,"personasINE":54179,"porcentaje":0.08283652337621587},{"rango":{"min":25,"max":49},"vacunados":44321,"personasINE":322095,"porcentaje":0.13760226020273522},{"rango":{"min":50,"max":59},"vacunados":66311,"personasINE":162645,"porcentaje":0.4077038949860125},{"rango":{"min":60,"max":69},"vacunados":132571,"personasINE":149652,"porcentaje":0.885861866196242},{"rango":{"min":70,"max":79},"vacunados":111644,"personasINE":109249,"porcentaje":1},{"rango":{"min":80,"max":null},"vacunados":87885,"personasINE":87826,"porcentaje":1}]},"pautaCompleta":{"etarioTotal":{"vacunados":248389,"personasINE":901209,"porcentaje":0.27561753156038166},"etarioRangos":[{"rango":{"min":16,"max":17},"vacunados":36,"personasINE":15563,"porcentaje":0.0023131786930540386},{"rango":{"min":18,"max":24},"vacunados":3457,"personasINE":54179,"porcentaje":0.06380701009616271},{"rango":{"min":25,"max":49},"vacunados":32588,"personasINE":322095,"porcentaje":0.10117511914186808},{"rango":{"min":50,"max":59},"vacunados":19552,"personasINE":162645,"porcentaje":0.12021273325340466},{"rango":{"min":60,"max":69},"vacunados":14268,"personasINE":149652,"porcentaje":0.09534119156442948},{"rango":{"min":70,"max":79},"vacunados":92812,"personasINE":109249,"porcentaje":0.8495455335975616},{"rango":{"min":80,"max":null},"vacunados":85676,"personasINE":87826,"porcentaje":0.9755197777423542}]}}},{"ccaa":"Baleares","dosisAdministradas":471730,"dosisEntregadas":525150,"dosisEntregadasModerna":47200,"dosisEntregadasPfizer":324450,"dosisEntregadasAstrazeneca":139300,"dosisEntregadasJanssen":14200,"dosisPrimeraDosis":336944,"dosisPautaCompletada":141426,"porcentajeEntregadas":0.8982766828525184,"porcentajePoblacionAdministradas":0.4026570087482918,"porcentajePoblacionPrimeraDosis":0.28760702765498153,"porcentajePoblacionCompletas":0.12071772013489902,"fechaUltRegistro":1621468800000,"etarios":{"unaDosis":{"etarioTotal":{"vacunados":336944,"personasINE":986279,"porcentaje":0.3416315261705866},"etarioRangos":[{"rango":{"min":16,"max":17},"vacunados":41,"personasINE":23300,"porcentaje":0.001759656652360515},{"rango":{"min":18,"max":24},"vacunados":4207,"personasINE":85839,"porcentaje":0.04901035659781684},{"rango":{"min":25,"max":49},"vacunados":48266,"personasINE":464054,"porcentaje":0.1040094471764062},{"rango":{"min":50,"max":59},"vacunados":66952,"personasINE":165797,"porcentaje":0.403819128211005},{"rango":{"min":60,"max":69},"vacunados":92250,"personasINE":117231,"porcentaje":0.7869078997875989},{"rango":{"min":70,"max":79},"vacunados":75134,"personasINE":80516,"porcentaje":0.9331561428784341},{"rango":{"min":80,"max":null},"vacunados":50094,"personasINE":49542,"porcentaje":1}]},"pautaCompleta":{"etarioTotal":{"vacunados":141426,"personasINE":986279,"porcentaje":0.14339350224429395},"etarioRangos":[{"rango":{"min":16,"max":17},"vacunados":33,"personasINE":23300,"porcentaje":0.0014163090128755365},{"rango":{"min":18,"max":24},"vacunados":1398,"personasINE":85839,"porcentaje":0.016286303428511516},{"rango":{"min":25,"max":49},"vacunados":19262,"personasINE":464054,"porcentaje":0.04150810035039026},{"rango":{"min":50,"max":59},"vacunados":8819,"personasINE":165797,"porcentaje":0.053191553526300235},{"rango":{"min":60,"max":69},"vacunados":6284,"personasINE":117231,"porcentaje":0.05360356902184576},{"rango":{"min":70,"max":79},"vacunados":57349,"personasINE":80516,"porcentaje":0.7122683690198222},{"rango":{"min":80,"max":null},"vacunados":48281,"personasINE":49542,"porcentaje":0.9745468491381051}]}}},{"ccaa":"Canarias","dosisAdministradas":883279,"dosisEntregadas":1007870,"dosisEntregadasModerna":90700,"dosisEntregadasPfizer":631770,"dosisEntregadasAstrazeneca":259000,"dosisEntregadasJanssen":26400,"dosisPrimeraDosis":616270,"dosisPautaCompletada":283662,"porcentajeEntregadas":0.8763818746465318,"porcentajePoblacionAdministradas":0.40592761237380237,"porcentajePoblacionPrimeraDosis":0.28321856364478626,"porcentajePoblacionCompletas":0.1303622506378817,"fechaUltRegistro":1621468800000,"etarios":{"unaDosis":{"etarioTotal":{"vacunados":616270,"personasINE":1871033,"porcentaje":0.32937420131018535},"etarioRangos":[{"rango":{"min":16,"max":17},"vacunados":69,"personasINE":44352,"porcentaje":0.0015557359307359307},{"rango":{"min":18,"max":24},"vacunados":7258,"personasINE":163899,"porcentaje":0.04428336963617838},{"rango":{"min":25,"max":49},"vacunados":88213,"personasINE":832411,"porcentaje":0.1059728907955325},{"rango":{"min":50,"max":59},"vacunados":101590,"personasINE":350512,"porcentaje":0.28983315835121193},{"rango":{"min":60,"max":69},"vacunados":186698,"personasINE":235092,"porcentaje":0.7941486737107175},{"rango":{"min":70,"max":79},"vacunados":142687,"personasINE":154531,"porcentaje":0.9233551843966583},{"rango":{"min":80,"max":null},"vacunados":89755,"personasINE":90236,"porcentaje":0.9946695332239904}]},"pautaCompleta":{"etarioTotal":{"vacunados":283662,"personasINE":1871033,"porcentaje":0.1516071603226667},"etarioRangos":[{"rango":{"min":16,"max":17},"vacunados":48,"personasINE":44352,"porcentaje":0.0010822510822510823},{"rango":{"min":18,"max":24},"vacunados":2822,"personasINE":163899,"porcentaje":0.0172179207926833},{"rango":{"min":25,"max":49},"vacunados":38810,"personasINE":832411,"porcentaje":0.04662360300380461},{"rango":{"min":50,"max":59},"vacunados":24955,"personasINE":350512,"porcentaje":0.07119585064134751},{"rango":{"min":60,"max":69},"vacunados":18468,"personasINE":235092,"porcentaje":0.07855648001633403},{"rango":{"min":70,"max":79},"vacunados":113981,"personasINE":154531,"porcentaje":0.7375931042962254},{"rango":{"min":80,"max":null},"vacunados":84578,"personasINE":90236,"porcentaje":0.9372977525599538}]}}},{"ccaa":"Cantabria","dosisAdministradas":323878,"dosisEntregadas":351105,"dosisEntregadasModerna":33100,"dosisEntregadasPfizer":241755,"dosisEntregadasAstrazeneca":69300,"dosisEntregadasJanssen":6950,"dosisPrimeraDosis":216835,"dosisPautaCompletada":110435,"porcentajeEntregadas":0.9224533971319121,"porcentajePoblacionAdministradas":0.5556274178468189,"porcentajePoblacionPrimeraDosis":0.37199029001295236,"porcentajePoblacionCompletas":0.18945625788078674,"fechaUltRegistro":1621468800000,"etarios":{"unaDosis":{"etarioTotal":{"vacunados":216835,"personasINE":501384,"porcentaje":0.43247291497135926},"etarioRangos":[{"rango":{"min":16,"max":17},"vacunados":8,"personasINE":10791,"porcentaje":0.0007413585395236772},{"rango":{"min":18,"max":24},"vacunados":1766,"personasINE":34935,"porcentaje":0.05055102332903964},{"rango":{"min":25,"max":49},"vacunados":25023,"personasINE":194241,"porcentaje":0.128824501521306},{"rango":{"min":50,"max":59},"vacunados":27001,"personasINE":89964,"porcentaje":0.30013116357654174},{"rango":{"min":60,"max":69},"vacunados":66150,"personasINE":77345,"porcentaje":0.8552589049065874},{"rango":{"min":70,"max":79},"vacunados":54988,"personasINE":53066,"porcentaje":1},{"rango":{"min":80,"max":null},"vacunados":41899,"personasINE":41042,"porcentaje":1}]},"pautaCompleta":{"etarioTotal":{"vacunados":110435,"personasINE":501384,"porcentaje":0.2202603194358017},"etarioRangos":[{"rango":{"min":16,"max":17},"vacunados":5,"personasINE":10791,"porcentaje":0.0004633490872022982},{"rango":{"min":18,"max":24},"vacunados":723,"personasINE":34935,"porcentaje":0.020695577501073422},{"rango":{"min":25,"max":49},"vacunados":12248,"personasINE":194241,"porcentaje":0.06305568855185054},{"rango":{"min":50,"max":59},"vacunados":6957,"personasINE":89964,"porcentaje":0.07733093237294918},{"rango":{"min":60,"max":69},"vacunados":5029,"personasINE":77345,"porcentaje":0.06502036330725967},{"rango":{"min":70,"max":79},"vacunados":44317,"personasINE":53066,"porcentaje":0.8351298383145517},{"rango":{"min":80,"max":null},"vacunados":41156,"personasINE":41042,"porcentaje":1}]}}},{"ccaa":"Castilla y Leon","dosisAdministradas":1510435,"dosisEntregadas":1647075,"dosisEntregadasModerna":159600,"dosisEntregadasPfizer":1173225,"dosisEntregadasAstrazeneca":285100,"dosisEntregadasJanssen":29150,"dosisPrimeraDosis":959720,"dosisPautaCompletada":567430,"porcentajeEntregadas":0.917040814777712,"porcentajePoblacionAdministradas":0.6306833887423285,"porcentajePoblacionPrimeraDosis":0.40073188309578867,"porcentajePoblacionCompletas":0.2369308677791891,"fechaUltRegistro":1621468800000,"etarios":{"unaDosis":{"etarioTotal":{"vacunados":959720,"personasINE":2092873,"porcentaje":0.45856580881878645},"etarioRangos":[{"rango":{"min":16,"max":17},"vacunados":112,"personasINE":40684,"porcentaje":0.0027529249827942187},{"rango":{"min":18,"max":24},"vacunados":8753,"personasINE":144422,"porcentaje":0.06060710972012574},{"rango":{"min":25,"max":49},"vacunados":96770,"personasINE":738950,"porcentaje":0.13095608633872385},{"rango":{"min":50,"max":59},"vacunados":87127,"personasINE":381175,"porcentaje":0.22857480160031482},{"rango":{"min":60,"max":69},"vacunados":293624,"personasINE":318575,"porcentaje":0.9216793533704779},{"rango":{"min":70,"max":79},"vacunados":245790,"personasINE":245410,"porcentaje":1},{"rango":{"min":80,"max":null},"vacunados":227544,"personasINE":223657,"porcentaje":1}]},"pautaCompleta":{"etarioTotal":{"vacunados":567430,"personasINE":2092873,"porcentaje":0.27112490820035423},"etarioRangos":[{"rango":{"min":16,"max":17},"vacunados":102,"personasINE":40684,"porcentaje":0.002507128109330449},{"rango":{"min":18,"max":24},"vacunados":3001,"personasINE":144422,"porcentaje":0.020779382642533685},{"rango":{"min":25,"max":49},"vacunados":45803,"personasINE":738950,"porcentaje":0.06198389606874619},{"rango":{"min":50,"max":59},"vacunados":33697,"personasINE":381175,"porcentaje":0.08840296451761002},{"rango":{"min":60,"max":69},"vacunados":45398,"personasINE":318575,"porcentaje":0.142503335164404},{"rango":{"min":70,"max":79},"vacunados":216204,"personasINE":245410,"porcentaje":0.8809909946619943},{"rango":{"min":80,"max":null},"vacunados":223225,"personasINE":223657,"porcentaje":0.998068470917521}]}}},{"ccaa":"Castilla La Mancha","dosisAdministradas":1073858,"dosisEntregadas":1136685,"dosisEntregadasModerna":107800,"dosisEntregadasPfizer":761535,"dosisEntregadasAstrazeneca":242500,"dosisEntregadasJanssen":24850,"dosisPrimeraDosis":724018,"dosisPautaCompletada":362666,"porcentajeEntregadas":0.9447278709580931,"porcentajePoblacionAdministradas":0.5250571943080968,"porcentajePoblacionPrimeraDosis":0.35400477503409167,"porcentajePoblacionCompletas":0.1773236241951359,"fechaUltRegistro":1621468800000},{"ccaa":"Cataluña","dosisAdministradas":3744065,"dosisEntregadas":4121100,"dosisEntregadasModerna":386700,"dosisEntregadasPfizer":2713850,"dosisEntregadasAstrazeneca":926100,"dosisEntregadasJanssen":94450,"dosisPrimeraDosis":2642992,"dosisPautaCompletada":1135792,"porcentajeEntregadas":0.9085110771395987,"porcentajePoblacionAdministradas":0.4812126605572742,"porcentajePoblacionPrimeraDosis":0.33969528097177565,"porcentajePoblacionCompletas":0.14597970124975596,"fechaUltRegistro":1621468800000,"etarios":{"unaDosis":{"etarioTotal":{"vacunados":2642992,"personasINE":6531658,"porcentaje":0.40464335395392714},"etarioRangos":[{"rango":{"min":16,"max":17},"vacunados":691,"personasINE":159864,"porcentaje":0.0043224240604513835},{"rango":{"min":18,"max":24},"vacunados":45430,"personasINE":556316,"porcentaje":0.08166222075223434},{"rango":{"min":25,"max":49},"vacunados":339992,"personasINE":2803626,"porcentaje":0.12126867135630787},{"rango":{"min":50,"max":59},"vacunados":526275,"personasINE":1091780,"porcentaje":0.482033926248878},{"rango":{"min":60,"max":69},"vacunados":684712,"personasINE":837584,"porcentaje":0.8174845746814647},{"rango":{"min":70,"max":79},"vacunados":593872,"personasINE":635292,"porcentaje":0.9348016345239669},{"rango":{"min":80,"max":null},"vacunados":452020,"personasINE":447196,"porcentaje":1}]},"pautaCompleta":{"etarioTotal":{"vacunados":1135792,"personasINE":6531658,"porcentaje":0.17389030472814102},"etarioRangos":[{"rango":{"min":16,"max":17},"vacunados":360,"personasINE":159864,"porcentaje":0.002251914127007957},{"rango":{"min":18,"max":24},"vacunados":20325,"personasINE":556316,"porcentaje":0.03653499090444999},{"rango":{"min":25,"max":49},"vacunados":151310,"personasINE":2803626,"porcentaje":0.05396939534731095},{"rango":{"min":50,"max":59},"vacunados":85117,"personasINE":1091780,"porcentaje":0.07796167726098664},{"rango":{"min":60,"max":69},"vacunados":70552,"personasINE":837584,"porcentaje":0.08423274561118646},{"rango":{"min":70,"max":79},"vacunados":371476,"personasINE":635292,"porcentaje":0.5847326898497069},{"rango":{"min":80,"max":null},"vacunados":436652,"personasINE":447196,"porcentaje":0.9764219715739855}]}}},{"ccaa":"C. Valenciana","dosisAdministradas":2413113,"dosisEntregadas":2596380,"dosisEntregadasModerna":239900,"dosisEntregadasPfizer":1693180,"dosisEntregadasAstrazeneca":601900,"dosisEntregadasJanssen":61400,"dosisPrimeraDosis":1668460,"dosisPautaCompletada":776451,"porcentajeEntregadas":0.9294144154553647,"porcentajePoblacionAdministradas":0.4771494099779074,"porcentajePoblacionPrimeraDosis":0.32990776004759803,"porcentajePoblacionCompletas":0.15352912877546812,"fechaUltRegistro":1621468800000,"etarios":{"unaDosis":{"etarioTotal":{"vacunados":1668460,"personasINE":4269305,"porcentaje":0.3908036553959017},"etarioRangos":[{"rango":{"min":16,"max":17},"vacunados":172,"personasINE":103049,"porcentaje":0.0016691088705373172},{"rango":{"min":18,"max":24},"vacunados":19914,"personasINE":352834,"porcentaje":0.05644013898887296},{"rango":{"min":25,"max":49},"vacunados":212359,"personasINE":1765967,"porcentaje":0.12025083141417704},{"rango":{"min":50,"max":59},"vacunados":217933,"personasINE":752334,"porcentaje":0.2896758620506318},{"rango":{"min":60,"max":69},"vacunados":504404,"personasINE":580728,"porcentaje":0.8685718615255335},{"rango":{"min":70,"max":79},"vacunados":420993,"personasINE":437862,"porcentaje":0.9614741630924812},{"rango":{"min":80,"max":null},"vacunados":292685,"personasINE":276531,"porcentaje":1}]},"pautaCompleta":{"etarioTotal":{"vacunados":776451,"personasINE":4269305,"porcentaje":0.18186824319180755},"etarioRangos":[{"rango":{"min":16,"max":17},"vacunados":125,"personasINE":103049,"porcentaje":0.001213015167541655},{"rango":{"min":18,"max":24},"vacunados":6020,"personasINE":352834,"porcentaje":0.01706184778110953},{"rango":{"min":25,"max":49},"vacunados":73156,"personasINE":1765967,"porcentaje":0.04142546265020807},{"rango":{"min":50,"max":59},"vacunados":43644,"personasINE":752334,"porcentaje":0.05801146831061736},{"rango":{"min":60,"max":69},"vacunados":31382,"personasINE":580728,"porcentaje":0.05403906820404733},{"rango":{"min":70,"max":79},"vacunados":338364,"personasINE":437862,"porcentaje":0.7727640215410335},{"rango":{"min":80,"max":null},"vacunados":283760,"personasINE":276531,"porcentaje":1}]}}},{"ccaa":"Extremadura","dosisAdministradas":615201,"dosisEntregadas":639785,"dosisEntregadasModerna":59800,"dosisEntregadasPfizer":440585,"dosisEntregadasAstrazeneca":126500,"dosisEntregadasJanssen":12900,"dosisPrimeraDosis":404699,"dosisPautaCompletada":216051,"porcentajeEntregadas":0.96157459146432,"porcentajePoblacionAdministradas":0.5782034930877915,"porcentajePoblacionPrimeraDosis":0.3803608502735466,"porcentajePoblacionCompletas":0.20305793209879444,"fechaUltRegistro":1621468800000,"etarios":{"unaDosis":{"etarioTotal":{"vacunados":404699,"personasINE":911213,"porcentaje":0.4441321622935582},"etarioRangos":[{"rango":{"min":16,"max":17},"vacunados":68,"personasINE":20953,"porcentaje":0.0032453586598577768},{"rango":{"min":18,"max":24},"vacunados":2729,"personasINE":76088,"porcentaje":0.035866365261276414},{"rango":{"min":25,"max":49},"vacunados":48066,"personasINE":351778,"porcentaje":0.13663731103138912},{"rango":{"min":50,"max":59},"vacunados":58216,"personasINE":169216,"porcentaje":0.3440336611195159},{"rango":{"min":60,"max":69},"vacunados":123185,"personasINE":125297,"porcentaje":0.9831440497378229},{"rango":{"min":70,"max":79},"vacunados":94626,"personasINE":91876,"porcentaje":1},{"rango":{"min":80,"max":null},"vacunados":77809,"personasINE":76005,"porcentaje":1}]},"pautaCompleta":{"etarioTotal":{"vacunados":216051,"personasINE":911213,"porcentaje":0.23710263132769177},"etarioRangos":[{"rango":{"min":16,"max":17},"vacunados":58,"personasINE":20953,"porcentaje":0.002768100033408104},{"rango":{"min":18,"max":24},"vacunados":1030,"personasINE":76088,"porcentaje":0.013536957207444012},{"rango":{"min":25,"max":49},"vacunados":21374,"personasINE":351778,"porcentaje":0.060759911080283585},{"rango":{"min":50,"max":59},"vacunados":15041,"personasINE":169216,"porcentaje":0.08888639372163389},{"rango":{"min":60,"max":69},"vacunados":13192,"personasINE":125297,"porcentaje":0.10528584084215903},{"rango":{"min":70,"max":79},"vacunados":89158,"personasINE":91876,"porcentaje":0.9704166485262745},{"rango":{"min":80,"max":null},"vacunados":76198,"personasINE":76005,"porcentaje":1}]}}},{"ccaa":"Galicia","dosisAdministradas":1705317,"dosisEntregadas":1751725,"dosisEntregadasModerna":165000,"dosisEntregadasPfizer":1232125,"dosisEntregadasAstrazeneca":321700,"dosisEntregadasJanssen":32900,"dosisPrimeraDosis":1115803,"dosisPautaCompletada":603245,"porcentajeEntregadas":0.9735072571322554,"porcentajePoblacionAdministradas":0.631173664853197,"porcentajePoblacionPrimeraDosis":0.4129821427712219,"porcentajePoblacionCompletas":0.2232736537865786,"fechaUltRegistro":1621468800000,"etarios":{"unaDosis":{"etarioTotal":{"vacunados":1115803,"personasINE":2362643,"porcentaje":0.4722689801209916},"etarioRangos":[{"rango":{"min":16,"max":17},"vacunados":43,"personasINE":44014,"porcentaje":0.0009769618757668015},{"rango":{"min":18,"max":24},"vacunados":6049,"personasINE":152745,"porcentaje":0.03960195096402501},{"rango":{"min":25,"max":49},"vacunados":102071,"personasINE":889004,"porcentaje":0.11481500645666386},{"rango":{"min":50,"max":59},"vacunados":168602,"personasINE":405889,"porcentaje":0.4153894291296389},{"rango":{"min":60,"max":69},"vacunados":317184,"personasINE":346927,"porcentaje":0.9142672666007546},{"rango":{"min":70,"max":79},"vacunados":282997,"personasINE":289762,"porcentaje":0.9766532533596538},{"rango":{"min":80,"max":null},"vacunados":238857,"personasINE":234302,"porcentaje":1}]},"pautaCompleta":{"etarioTotal":{"vacunados":603245,"personasINE":2362643,"porcentaje":0.255326344267839},"etarioRangos":[{"rango":{"min":16,"max":17},"vacunados":34,"personasINE":44014,"porcentaje":0.0007724814831644477},{"rango":{"min":18,"max":24},"vacunados":1887,"personasINE":152745,"porcentaje":0.012353923205342237},{"rango":{"min":25,"max":49},"vacunados":43923,"personasINE":889004,"porcentaje":0.04940697679650485},{"rango":{"min":50,"max":59},"vacunados":28143,"personasINE":405889,"porcentaje":0.06933669057303844},{"rango":{"min":60,"max":69},"vacunados":21341,"personasINE":346927,"porcentaje":0.061514381988141596},{"rango":{"min":70,"max":79},"vacunados":272506,"personasINE":289762,"porcentaje":0.9404476777493254},{"rango":{"min":80,"max":null},"vacunados":235411,"personasINE":234302,"porcentaje":1}]}}},{"ccaa":"La Rioja","dosisAdministradas":174544,"dosisEntregadas":186695,"dosisEntregadasModerna":17400,"dosisEntregadasPfizer":127595,"dosisEntregadasAstrazeneca":37800,"dosisEntregadasJanssen":3900,"dosisPrimeraDosis":115235,"dosisPautaCompletada":61926,"porcentajeEntregadas":0.9349152360802379,"porcentajePoblacionAdministradas":0.545596629094069,"porcentajePoblacionPrimeraDosis":0.36020618041098545,"porcentajePoblacionCompletas":0.19357077214501398,"fechaUltRegistro":1621468800000,"etarios":{"unaDosis":{"etarioTotal":{"vacunados":115235,"personasINE":270788,"porcentaje":0.42555430816727474},"etarioRangos":[{"rango":{"min":16,"max":17},"vacunados":10,"personasINE":6286,"porcentaje":0.001590836780146357},{"rango":{"min":18,"max":24},"vacunados":1455,"personasINE":21170,"porcentaje":0.0687293339631554},{"rango":{"min":25,"max":49},"vacunados":14276,"personasINE":107618,"porcentaje":0.13265438867104015},{"rango":{"min":50,"max":59},"vacunados":12950,"personasINE":47664,"porcentaje":0.2716935213158778},{"rango":{"min":60,"max":69},"vacunados":35135,"personasINE":37718,"porcentaje":0.9315181080651148},{"rango":{"min":70,"max":79},"vacunados":28218,"personasINE":28125,"porcentaje":1},{"rango":{"min":80,"max":null},"vacunados":23191,"personasINE":22207,"porcentaje":1}]},"pautaCompleta":{"etarioTotal":{"vacunados":61926,"personasINE":270788,"porcentaje":0.22868812502769695},"etarioRangos":[{"rango":{"min":16,"max":17},"vacunados":9,"personasINE":6286,"porcentaje":0.0014317531021317213},{"rango":{"min":18,"max":24},"vacunados":425,"personasINE":21170,"porcentaje":0.020075578649031648},{"rango":{"min":25,"max":49},"vacunados":5042,"personasINE":107618,"porcentaje":0.04685089854856994},{"rango":{"min":50,"max":59},"vacunados":4415,"personasINE":47664,"porcentaje":0.09262755958375293},{"rango":{"min":60,"max":69},"vacunados":4591,"personasINE":37718,"porcentaje":0.12171907312158652},{"rango":{"min":70,"max":79},"vacunados":24641,"personasINE":28125,"porcentaje":0.8761244444444445},{"rango":{"min":80,"max":null},"vacunados":22803,"personasINE":22207,"porcentaje":1}]}}},{"ccaa":"Madrid","dosisAdministradas":3162722,"dosisEntregadas":3445595,"dosisEntregadasModerna":320200,"dosisEntregadasPfizer":2235795,"dosisEntregadasAstrazeneca":807300,"dosisEntregadasJanssen":82300,"dosisPrimeraDosis":2168152,"dosisPautaCompletada":1018574,"porcentajeEntregadas":0.9179030036902189,"porcentajePoblacionAdministradas":0.4664858770528363,"porcentajePoblacionPrimeraDosis":0.31979171337343626,"porcentajePoblacionCompletas":0.15023463514441537,"fechaUltRegistro":1621468800000,"etarios":{"unaDosis":{"etarioTotal":{"vacunados":2168152,"personasINE":5695623,"porcentaje":0.3806698582402663},"etarioRangos":[{"rango":{"min":16,"max":17},"vacunados":404,"personasINE":135861,"porcentaje":0.002973627457474919},{"rango":{"min":18,"max":24},"vacunados":30800,"personasINE":479716,"porcentaje":0.06420465442053215},{"rango":{"min":25,"max":49},"vacunados":315254,"personasINE":2513737,"porcentaje":0.12541248348574255},{"rango":{"min":50,"max":59},"vacunados":357905,"personasINE":972783,"porcentaje":0.3679186416703417},{"rango":{"min":60,"max":69},"vacunados":607888,"personasINE":703323,"porcentaje":0.8643084329674986},{"rango":{"min":70,"max":79},"vacunados":488345,"personasINE":526081,"porcentaje":0.9282696010690369},{"rango":{"min":80,"max":null},"vacunados":367556,"personasINE":364122,"porcentaje":1}]},"pautaCompleta":{"etarioTotal":{"vacunados":1018574,"personasINE":5695623,"porcentaje":0.17883451906841447},"etarioRangos":[{"rango":{"min":16,"max":17},"vacunados":236,"personasINE":135861,"porcentaje":0.0017370695048615865},{"rango":{"min":18,"max":24},"vacunados":15540,"personasINE":479716,"porcentaje":0.03239416654854122},{"rango":{"min":25,"max":49},"vacunados":123084,"personasINE":2513737,"porcentaje":0.04896454959289695},{"rango":{"min":50,"max":59},"vacunados":60603,"personasINE":972783,"porcentaje":0.06229858046450236},{"rango":{"min":60,"max":69},"vacunados":67543,"personasINE":703323,"porcentaje":0.09603411234951793},{"rango":{"min":70,"max":79},"vacunados":393390,"personasINE":526081,"porcentaje":0.7477745822411378},{"rango":{"min":80,"max":null},"vacunados":358178,"personasINE":364122,"porcentaje":0.9836758009678075}]}}},{"ccaa":"Murcia","dosisAdministradas":638774,"dosisEntregadas":743685,"dosisEntregadasModerna":67500,"dosisEntregadasPfizer":478085,"dosisEntregadasAstrazeneca":179800,"dosisEntregadasJanssen":18300,"dosisPrimeraDosis":429379,"dosisPautaCompletada":214026,"porcentajeEntregadas":0.8589308645461452,"porcentajePoblacionAdministradas":0.4226789593522188,"porcentajePoblacionPrimeraDosis":0.28412156551095746,"porcentajePoblacionCompletas":0.14162174251663026,"fechaUltRegistro":1621468800000,"etarios":{"unaDosis":{"etarioTotal":{"vacunados":429379,"personasINE":1237479,"porcentaje":0.34697881741831577},"etarioRangos":[{"rango":{"min":16,"max":17},"vacunados":131,"personasINE":34712,"porcentaje":0.003773911039410002},{"rango":{"min":18,"max":24},"vacunados":7340,"personasINE":118667,"porcentaje":0.061853758837756075},{"rango":{"min":25,"max":49},"vacunados":62512,"personasINE":551265,"porcentaje":0.11339736787207605},{"rango":{"min":50,"max":59},"vacunados":66704,"personasINE":213256,"porcentaje":0.3127883857898488},{"rango":{"min":60,"max":69},"vacunados":122706,"personasINE":146909,"porcentaje":0.8352517544874718},{"rango":{"min":70,"max":79},"vacunados":97257,"personasINE":102899,"porcentaje":0.9451695351752689},{"rango":{"min":80,"max":null},"vacunados":72729,"personasINE":69771,"porcentaje":1}]},"pautaCompleta":{"etarioTotal":{"vacunados":214026,"personasINE":1237479,"porcentaje":0.17295323799434173},"etarioRangos":[{"rango":{"min":16,"max":17},"vacunados":116,"personasINE":34712,"porcentaje":0.0033417838211569485},{"rango":{"min":18,"max":24},"vacunados":2634,"personasINE":118667,"porcentaje":0.022196566863576225},{"rango":{"min":25,"max":49},"vacunados":28589,"personasINE":551265,"porcentaje":0.05186072034321062},{"rango":{"min":50,"max":59},"vacunados":17651,"personasINE":213256,"porcentaje":0.08276906628652887},{"rango":{"min":60,"max":69},"vacunados":12993,"personasINE":146909,"porcentaje":0.08844250522432254},{"rango":{"min":70,"max":79},"vacunados":81408,"personasINE":102899,"porcentaje":0.7911447147202597},{"rango":{"min":80,"max":null},"vacunados":70635,"personasINE":69771,"porcentaje":1}]}}},{"ccaa":"Navarra","dosisAdministradas":353577,"dosisEntregadas":365345,"dosisEntregadasModerna":34500,"dosisEntregadasPfizer":244095,"dosisEntregadasAstrazeneca":78700,"dosisEntregadasJanssen":8050,"dosisPrimeraDosis":237738,"dosisPautaCompletada":121398,"porcentajeEntregadas":0.9677893497926617,"porcentajePoblacionAdministradas":0.5347528800039928,"porcentajePoblacionPrimeraDosis":0.3595569852857772,"porcentajePoblacionCompletas":0.18360337388100673,"fechaUltRegistro":1621468800000,"etarios":{"unaDosis":{"etarioTotal":{"vacunados":237738,"personasINE":552935,"porcentaje":0.42995650483329867},"etarioRangos":[{"rango":{"min":16,"max":17},"vacunados":9,"personasINE":13906,"porcentaje":0.0006472026463397094},{"rango":{"min":18,"max":24},"vacunados":3637,"personasINE":48505,"porcentaje":0.07498196062261622},{"rango":{"min":25,"max":49},"vacunados":29808,"personasINE":223028,"porcentaje":0.13365138009577274},{"rango":{"min":50,"max":59},"vacunados":40289,"personasINE":96694,"porcentaje":0.4166649430161127},{"rango":{"min":60,"max":69},"vacunados":66721,"personasINE":73844,"porcentaje":0.9035398949136016},{"rango":{"min":70,"max":79},"vacunados":55078,"personasINE":55792,"porcentaje":0.9872024663034127},{"rango":{"min":80,"max":null},"vacunados":42196,"personasINE":41166,"porcentaje":1}]},"pautaCompleta":{"etarioTotal":{"vacunados":121398,"personasINE":552935,"porcentaje":0.2195520269109389},"etarioRangos":[{"rango":{"min":16,"max":17},"vacunados":6,"personasINE":13906,"porcentaje":0.00043146843089313965},{"rango":{"min":18,"max":24},"vacunados":1001,"personasINE":48505,"porcentaje":0.02063704772703845},{"rango":{"min":25,"max":49},"vacunados":13356,"personasINE":223028,"porcentaje":0.05988485750668077},{"rango":{"min":50,"max":59},"vacunados":9592,"personasINE":96694,"porcentaje":0.09919953668273108},{"rango":{"min":60,"max":69},"vacunados":7162,"personasINE":73844,"porcentaje":0.09698824549049347},{"rango":{"min":70,"max":79},"vacunados":49185,"personasINE":55792,"porcentaje":0.8815780040149125},{"rango":{"min":80,"max":null},"vacunados":41096,"personasINE":41166,"porcentaje":0.9982995676043337}]}}},{"ccaa":"País Vasco","dosisAdministradas":1216832,"dosisEntregadas":1298560,"dosisEntregadasModerna":121800,"dosisEntregadasPfizer":885510,"dosisEntregadasAstrazeneca":264300,"dosisEntregadasJanssen":26950,"dosisPrimeraDosis":849078,"dosisPautaCompletada":382394,"porcentajeEntregadas":0.9370625924100542,"porcentajePoblacionAdministradas":0.5479981121403069,"porcentajePoblacionPrimeraDosis":0.3823807568011587,"porcentajePoblacionCompletas":0.1722104531223542,"fechaUltRegistro":1621468800000,"etarios":{"unaDosis":{"etarioTotal":{"vacunados":849078,"personasINE":1898123,"porcentaje":0.44732506797504695},"etarioRangos":[{"rango":{"min":16,"max":17},"vacunados":33,"personasINE":41824,"porcentaje":0.0007890206579954093},{"rango":{"min":18,"max":24},"vacunados":12654,"personasINE":140323,"porcentaje":0.090177661538023},{"rango":{"min":25,"max":49},"vacunados":98930,"personasINE":724849,"porcentaje":0.13648359865296084},{"rango":{"min":50,"max":59},"vacunados":109987,"personasINE":339977,"porcentaje":0.3235130611776679},{"rango":{"min":60,"max":69},"vacunados":258270,"personasINE":280119,"porcentaje":0.9220010067150033},{"rango":{"min":70,"max":79},"vacunados":208026,"personasINE":213081,"porcentaje":0.9762766271981078},{"rango":{"min":80,"max":null},"vacunados":161178,"personasINE":157950,"porcentaje":1}]},"pautaCompleta":{"etarioTotal":{"vacunados":382394,"personasINE":1898123,"porcentaje":0.20145902030584953},"etarioRangos":[{"rango":{"min":16,"max":17},"vacunados":14,"personasINE":41824,"porcentaje":0.0003347360367253252},{"rango":{"min":18,"max":24},"vacunados":3917,"personasINE":140323,"porcentaje":0.027914169451907386},{"rango":{"min":25,"max":49},"vacunados":41655,"personasINE":724849,"porcentaje":0.05746714143221554},{"rango":{"min":50,"max":59},"vacunados":26090,"personasINE":339977,"porcentaje":0.0767404853857761},{"rango":{"min":60,"max":69},"vacunados":17655,"personasINE":280119,"porcentaje":0.06302678504492733},{"rango":{"min":70,"max":79},"vacunados":136340,"personasINE":213081,"porcentaje":0.6398505732561796},{"rango":{"min":80,"max":null},"vacunados":156723,"personasINE":157950,"porcentaje":0.9922317188983856}]}}},{"ccaa":"Ceuta","dosisAdministradas":33283,"dosisEntregadas":35550,"dosisEntregadasModerna":3200,"dosisEntregadasPfizer":20700,"dosisEntregadasAstrazeneca":10600,"dosisEntregadasJanssen":1050,"dosisPrimeraDosis":25381,"dosisPautaCompletada":8631,"porcentajeEntregadas":0.9362306610407877,"porcentajePoblacionAdministradas":0.39527564665922427,"porcentajePoblacionPrimeraDosis":0.3014298947768462,"porcentajePoblacionCompletas":0.10250350347972732,"fechaUltRegistro":1621468800000,"etarios":{"unaDosis":{"etarioTotal":{"vacunados":25381,"personasINE":66158,"porcentaje":0.3836421899090057},"etarioRangos":[{"rango":{"min":16,"max":17},"vacunados":7,"personasINE":2175,"porcentaje":0.003218390804597701},{"rango":{"min":18,"max":24},"vacunados":400,"personasINE":7581,"porcentaje":0.052763487666534756},{"rango":{"min":25,"max":49},"vacunados":4566,"personasINE":30066,"porcentaje":0.15186589503093195},{"rango":{"min":50,"max":59},"vacunados":8399,"personasINE":11556,"porcentaje":0.7268085842852198},{"rango":{"min":60,"max":69},"vacunados":6003,"personasINE":7857,"porcentaje":0.7640320733104238},{"rango":{"min":70,"max":79},"vacunados":3681,"personasINE":4318,"porcentaje":0.8524779990736452},{"rango":{"min":80,"max":null},"vacunados":2325,"personasINE":2605,"porcentaje":0.8925143953934741}]},"pautaCompleta":{"etarioTotal":{"vacunados":8631,"personasINE":66158,"porcentaje":0.1304604129508147},"etarioRangos":[{"rango":{"min":16,"max":17},"vacunados":3,"personasINE":2175,"porcentaje":0.001379310344827586},{"rango":{"min":18,"max":24},"vacunados":112,"personasINE":7581,"porcentaje":0.014773776546629732},{"rango":{"min":25,"max":49},"vacunados":1128,"personasINE":30066,"porcentaje":0.03751746158451407},{"rango":{"min":50,"max":59},"vacunados":699,"personasINE":11556,"porcentaje":0.060488058151609556},{"rango":{"min":60,"max":69},"vacunados":1017,"personasINE":7857,"porcentaje":0.12943871706758306},{"rango":{"min":70,"max":79},"vacunados":3428,"personasINE":4318,"porcentaje":0.793886058360352},{"rango":{"min":80,"max":null},"vacunados":2244,"personasINE":2605,"porcentaje":0.8614203454894434}]}}},{"ccaa":"Melilla","dosisAdministradas":29595,"dosisEntregadas":35450,"dosisEntregadasModerna":3100,"dosisEntregadasPfizer":20700,"dosisEntregadasAstrazeneca":10600,"dosisEntregadasJanssen":1050,"dosisPrimeraDosis":22354,"dosisPautaCompletada":7713,"porcentajeEntregadas":0.8348377997179125,"porcentajePoblacionAdministradas":0.3398755110478203,"porcentajePoblacionPrimeraDosis":0.256718269098259,"porcentajePoblacionCompletas":0.08857779411089163,"fechaUltRegistro":1621382400000,"etarios":{"unaDosis":{"etarioTotal":{"vacunados":22354,"personasINE":66178,"porcentaje":0.3377859711686663},"etarioRangos":[{"rango":{"min":16,"max":17},"vacunados":6,"personasINE":2324,"porcentaje":0.0025817555938037868},{"rango":{"min":18,"max":24},"vacunados":298,"personasINE":8536,"porcentaje":0.03491096532333646},{"rango":{"min":25,"max":49},"vacunados":4420,"personasINE":30095,"porcentaje":0.1468682505399568},{"rango":{"min":50,"max":59},"vacunados":7135,"personasINE":11299,"porcentaje":0.6314718116647491},{"rango":{"min":60,"max":69},"vacunados":5582,"personasINE":7827,"porcentaje":0.7131723521144755},{"rango":{"min":70,"max":79},"vacunados":3027,"personasINE":3748,"porcentaje":0.8076307363927427},{"rango":{"min":80,"max":null},"vacunados":1886,"personasINE":2349,"porcentaje":0.8028948488718604}]},"pautaCompleta":{"etarioTotal":{"vacunados":7713,"personasINE":66178,"porcentaje":0.1165493064160295},"etarioRangos":[{"rango":{"min":16,"max":17},"vacunados":6,"personasINE":2324,"porcentaje":0.0025817555938037868},{"rango":{"min":18,"max":24},"vacunados":88,"personasINE":8536,"porcentaje":0.010309278350515464},{"rango":{"min":25,"max":49},"vacunados":972,"personasINE":30095,"porcentaje":0.03229772387439774},{"rango":{"min":50,"max":59},"vacunados":645,"personasINE":11299,"porcentaje":0.05708469776086379},{"rango":{"min":60,"max":69},"vacunados":1454,"personasINE":7827,"porcentaje":0.18576721604701674},{"rango":{"min":70,"max":79},"vacunados":2772,"personasINE":3748,"porcentaje":0.7395944503735326},{"rango":{"min":80,"max":null},"vacunados":1776,"personasINE":2349,"porcentaje":0.756066411238825}]}}},{"ccaa":"Fuerzas Armadas","dosisAdministradas":77948,"dosisEntregadas":91340,"dosisEntregadasModerna":3400,"dosisEntregadasPfizer":21840,"dosisEntregadasAstrazeneca":66100,"dosisEntregadasJanssen":0,"dosisPrimeraDosis":68360,"dosisPautaCompletada":9588,"porcentajeEntregadas":0.8533829647470987,"porcentajePoblacionAdministradas":null,"porcentajePoblacionPrimeraDosis":null,"porcentajePoblacionCompletas":null,"fechaUltRegistro":1621468800000},{"ccaa":"Totales","dosisAdministradas":23962365,"dosisEntregadas":25747905,"dosisEntregadasModerna":2395800,"dosisEntregadasPfizer":17062305,"dosisEntregadasAstrazeneca":5713800,"dosisEntregadasJanssen":576000,"dosisPrimeraDosis":16347683,"dosisPautaCompletada":7865313,"porcentajeEntregadas":0.9306529987585398,"porcentajePoblacionAdministradas":0.5104892415850021,"porcentajePoblacionPrimeraDosis":0.3482676395398381,"porcentajePoblacionCompletas":0.16756099275671069,"fechaUltRegistro":null,"etarios":{"unaDosis":{"etarioTotal":{"vacunados":16347683,"personasINE":40129822,"porcentaje":0.40736993550581907},"etarioRangos":[{"rango":{"min":16,"max":17},"vacunados":2487,"personasINE":949049,"porcentaje":0.0026205180132954147},{"rango":{"min":18,"max":24},"vacunados":213249,"personasINE":3310299,"porcentaje":0.06441986056244466},{"rango":{"min":25,"max":49},"vacunados":2099708,"personasINE":16706113,"porcentaje":0.12568501122912312},{"rango":{"min":50,"max":59},"vacunados":2691663,"personasINE":7033306,"porcentaje":0.38270238775335524},{"rango":{"min":60,"max":69},"vacunados":4634243,"personasINE":5336986,"porcentaje":0.8683258678212759},{"rango":{"min":70,"max":79},"vacunados":3811243,"personasINE":3960045,"porcentaje":0.9624241643718695},{"rango":{"min":80,"max":null},"vacunados":2895090,"personasINE":2834024,"porcentaje":1}]},"pautaCompleta":{"etarioTotal":{"vacunados":7865313,"personasINE":40129822,"porcentaje":0.19599670788472473},"etarioRangos":[{"rango":{"min":16,"max":17},"vacunados":1656,"personasINE":949049,"porcentaje":0.001744904636114679},{"rango":{"min":18,"max":24},"vacunados":86151,"personasINE":3310299,"porcentaje":0.02602514153555313},{"rango":{"min":25,"max":49},"vacunados":880206,"personasINE":16706113,"porcentaje":0.052687659900301165},{"rango":{"min":50,"max":59},"vacunados":523412,"personasINE":7033306,"porcentaje":0.07441905698401292},{"rango":{"min":60,"max":69},"vacunados":473261,"personasINE":5336986,"porcentaje":0.08867570572604087},{"rango":{"min":70,"max":79},"vacunados":3083816,"personasINE":3960045,"porcentaje":0.778732564907722},{"rango":{"min":80,"max":null},"vacunados":2816811,"personasINE":2834024,"porcentaje":0.9939263040821108}]}}}]