[{"ccaa":"Andalucía","dosisAdministradas":194101,"dosisEntregadas":251420,"dosisEntregadasModerna":6800,"dosisEntregadasPfizer":244620,"dosisPautaCompletada":15193,"porcentajeEntregadas":0.7720189324636068,"porcentajePoblacionAdministradas":0.022931424289297862,"porcentajePoblacionCompletas":0.0017949270185486032},{"ccaa":"Aragón","dosisAdministradas":38170,"dosisEntregadas":42465,"dosisEntregadasModerna":1200,"dosisEntregadasPfizer":41265,"dosisPautaCompletada":1731,"porcentajeEntregadas":0.8988578829624396,"porcentajePoblacionAdministradas":0.028712395375025106,"porcentajePoblacionCompletas":0.0013020999841280706},{"ccaa":"Asturias","dosisAdministradas":40011,"dosisEntregadas":45395,"dosisEntregadasModerna":1200,"dosisEntregadasPfizer":44195,"dosisPautaCompletada":5664,"porcentajeEntregadas":0.8813966295847561,"porcentajePoblacionAdministradas":0.039273290511040615,"porcentajePoblacionCompletas":0.005559569054873261},{"ccaa":"Baleares","dosisAdministradas":18105,"dosisEntregadas":23190,"dosisEntregadasModerna":600,"dosisEntregadasPfizer":22590,"dosisPautaCompletada":1514,"porcentajeEntregadas":0.7807244501940491,"porcentajePoblacionAdministradas":0.015453978215054846,"porcentajePoblacionCompletas":0.0012923127874947826},{"ccaa":"Canarias","dosisAdministradas":45482,"dosisEntregadas":47485,"dosisEntregadasModerna":1300,"dosisEntregadasPfizer":46185,"dosisPautaCompletada":1744,"porcentajeEntregadas":0.9578182583973887,"porcentajePoblacionAdministradas":0.020902115487841644,"porcentajePoblacionCompletas":0.0008014882681235616},{"ccaa":"Cantabria","dosisAdministradas":19980,"dosisEntregadas":21125,"dosisEntregadasModerna":500,"dosisEntregadasPfizer":20625,"dosisPautaCompletada":241,"porcentajeEntregadas":0.9457988165680473,"porcentajePoblacionAdministradas":0.034276597387224335,"porcentajePoblacionCompletas":0.00041344644496101425},{"ccaa":"Castilla y Leon","dosisAdministradas":82162,"dosisEntregadas":95815,"dosisEntregadasModerna":2500,"dosisEntregadasPfizer":93315,"dosisPautaCompletada":5296,"porcentajeEntregadas":0.8575066534467464,"porcentajePoblacionAdministradas":0.03430681133967844,"porcentajePoblacionCompletas":0.002211349198594691},{"ccaa":"Castilla La Mancha","dosisAdministradas":53880,"dosisEntregadas":63575,"dosisEntregadasModerna":1700,"dosisEntregadasPfizer":61875,"dosisPautaCompletada":1202,"porcentajeEntregadas":0.8475029492725128,"porcentajePoblacionAdministradas":0.026344341271676754,"porcentajePoblacionCompletas":0.0005877115480429744},{"ccaa":"Cataluña","dosisAdministradas":168054,"dosisEntregadas":217020,"dosisEntregadasModerna":5800,"dosisEntregadasPfizer":211220,"dosisPautaCompletada":2598,"porcentajeEntregadas":0.774371025711916,"porcentajePoblacionAdministradas":0.021599441371154656,"porcentajePoblacionCompletas":0.0003339126035813476},{"ccaa":"C. Valenciana","dosisAdministradas":101437,"dosisEntregadas":111900,"dosisEntregadasModerna":2900,"dosisEntregadasPfizer":109000,"dosisPautaCompletada":2956,"porcentajeEntregadas":0.906496872207328,"porcentajePoblacionAdministradas":0.020057330386073505,"porcentajePoblacionCompletas":0.0005844954860774005},{"ccaa":"Extremadura","dosisAdministradas":32039,"dosisEntregadas":40275,"dosisEntregadasModerna":1000,"dosisEntregadasPfizer":39275,"dosisPautaCompletada":638,"porcentajeEntregadas":0.7955058969584109,"porcentajePoblacionAdministradas":0.0301122100176036,"porcentajePoblacionCompletas":0.0005996313864737069},{"ccaa":"Galicia","dosisAdministradas":62011,"dosisEntregadas":68605,"dosisEntregadasModerna":1800,"dosisEntregadasPfizer":66805,"dosisPautaCompletada":3861,"porcentajeEntregadas":0.9038845565192042,"porcentajePoblacionAdministradas":0.022951574476306517,"porcentajePoblacionCompletas":0.0014290372523103878},{"ccaa":"La Rioja","dosisAdministradas":8684,"dosisEntregadas":11965,"dosisEntregadasModerna":200,"dosisEntregadasPfizer":11765,"dosisPautaCompletada":267,"porcentajeEntregadas":0.7257835353113247,"porcentajePoblacionAdministradas":0.027144795163700244,"porcentajePoblacionCompletas":0.0008345992985614884},{"ccaa":"Madrid","dosisAdministradas":142765,"dosisEntregadas":176615,"dosisEntregadasModerna":4700,"dosisEntregadasPfizer":171915,"dosisPautaCompletada":1738,"porcentajeEntregadas":0.808340174956827,"porcentajePoblacionAdministradas":0.02105713250720366,"porcentajePoblacionCompletas":0.00025634641752194135},{"ccaa":"Murcia","dosisAdministradas":40757,"dosisEntregadas":46385,"dosisEntregadasModerna":1200,"dosisEntregadasPfizer":45185,"dosisPautaCompletada":1784,"porcentajeEntregadas":0.878667672739032,"porcentajePoblacionAdministradas":0.02696904749773532,"porcentajePoblacionCompletas":0.0011804789541909318},{"ccaa":"Navarra","dosisAdministradas":15754,"dosisEntregadas":21125,"dosisEntregadasModerna":500,"dosisEntregadasPfizer":20625,"dosisPautaCompletada":767,"porcentajeEntregadas":0.7457514792899408,"porcentajePoblacionAdministradas":0.023826484391187498,"porcentajePoblacionCompletas":0.0011600173624502228},{"ccaa":"País Vasco","dosisAdministradas":36864,"dosisEntregadas":57380,"dosisEntregadasModerna":1400,"dosisEntregadasPfizer":55980,"dosisPautaCompletada":1333,"porcentajeEntregadas":0.6424538166608574,"porcentajePoblacionAdministradas":0.01660163638525308,"porcentajePoblacionCompletas":0.0006003141629107626},{"ccaa":"Ceuta","dosisAdministradas":1545,"dosisEntregadas":2180,"dosisEntregadasModerna":200,"dosisEntregadasPfizer":1980,"dosisPautaCompletada":326,"porcentajeEntregadas":0.7087155963302753,"porcentajePoblacionAdministradas":0.01834873280919693,"porcentajePoblacionCompletas":0.00387164200375288},{"ccaa":"Melilla","dosisAdministradas":1500,"dosisEntregadas":2180,"dosisEntregadasModerna":200,"dosisEntregadasPfizer":1980,"dosisPautaCompletada":203,"porcentajeEntregadas":0.6880733944954128,"porcentajePoblacionAdministradas":0.0172263310211769,"porcentajePoblacionCompletas":0.002331296798199274},{"ccaa":"Totales","dosisAdministradas":1103301,"dosisEntregadas":1346100,"dosisEntregadasModerna":35700,"dosisEntregadasPfizer":1310400,"dosisPautaCompletada":49056,"porcentajeEntregadas":0.819627813683976,"porcentajePoblacionAdministradas":0.023504495100127823,"porcentajePoblacionCompletas":0.0010450788240306775}]
