[{"ccaa":"Andalucía","dosisAdministradas":13713831,"dosisEntregadas":14026000,"dosisEntregadasModerna":2019500,"dosisEntregadasPfizer":10135800,"dosisEntregadasAstrazeneca":1537200,"dosisEntregadasJanssen":333500,"dosisPrimeraDosis":6885527,"dosisPautaCompletada":6782104,"porcentajeEntregadas":0.9777435476971339,"porcentajePoblacionAdministradas":1.6201754617066682,"porcentajePoblacionPrimeraDosis":0.8134679424238733,"porcentajePoblacionCompletas":0.801249372224482,"fechaUltRegistro":1637971200000,"etarios":{"unaDosis":{"etarioTotal":{"vacunados":6885527,"personasINE":7451975,"porcentaje":0.9239868625431513},"etarioRangos":[{"rango":{"min":12,"max":19},"vacunados":677431,"personasINE":752907,"porcentaje":0.8352959925571138},{"rango":{"min":20,"max":29},"vacunados":775716,"personasINE":928672,"porcentaje":0.9070646892602342},{"rango":{"min":30,"max":39},"vacunados":937704,"personasINE":1140217,"porcentaje":0.9070646892602342},{"rango":{"min":40,"max":49},"vacunados":1256388,"personasINE":1385114,"porcentaje":0.9070646892602342},{"rango":{"min":50,"max":59},"vacunados":1218660,"personasINE":1265021,"porcentaje":0.9633515965347611},{"rango":{"min":60,"max":69},"vacunados":931039,"personasINE":931039,"porcentaje":1},{"rango":{"min":70,"max":79},"vacunados":654357,"personasINE":654357,"porcentaje":1},{"rango":{"min":80,"max":null},"vacunados":434232,"personasINE":434232,"porcentaje":1}]},"pautaCompleta":{"etarioTotal":{"vacunados":6782104,"personasINE":7451975,"porcentaje":0.9101082598908343},"etarioRangos":[{"rango":{"min":12,"max":19},"vacunados":660456,"personasINE":752907,"porcentaje":0.8093115761000654},{"rango":{"min":20,"max":29},"vacunados":751585,"personasINE":928672,"porcentaje":0.8970351898832876},{"rango":{"min":30,"max":39},"vacunados":915823,"personasINE":1140217,"porcentaje":0.8970351898832876},{"rango":{"min":40,"max":49},"vacunados":1242496,"personasINE":1385114,"porcentaje":0.8970351898832876},{"rango":{"min":50,"max":59},"vacunados":1208925,"personasINE":1265021,"porcentaje":0.9556560721126368},{"rango":{"min":60,"max":69},"vacunados":923117,"personasINE":916147,"porcentaje":1.0076079493793026},{"rango":{"min":70,"max":79},"vacunados":650353,"personasINE":650381,"porcentaje":0.9999569483118357},{"rango":{"min":80,"max":null},"vacunados":429349,"personasINE":429349,"porcentaje":1}]}}},{"ccaa":"Aragón","dosisAdministradas":2144459,"dosisEntregadas":2187396,"dosisEntregadasModerna":293490,"dosisEntregadasPfizer":1575141,"dosisEntregadasAstrazeneca":255200,"dosisEntregadasJanssen":63565,"dosisPrimeraDosis":1071116,"dosisPautaCompletada":1052958,"porcentajeEntregadas":0.9803707239109882,"porcentajePoblacionAdministradas":1.613113824299999,"porcentajePoblacionPrimeraDosis":0.8057193105715323,"porcentajePoblacionCompletas":0.7920604246606153,"fechaUltRegistro":1637884800000,"etarios":{"unaDosis":{"etarioTotal":{"vacunados":1071116,"personasINE":1185134,"porcentaje":0.9037931575669924},"etarioRangos":[{"rango":{"min":12,"max":19},"vacunados":88923,"personasINE":103109,"porcentaje":0.8047254238847862},{"rango":{"min":20,"max":29},"vacunados":104937,"personasINE":130401,"porcentaje":0.8774465788604421},{"rango":{"min":30,"max":39},"vacunados":126677,"personasINE":164286,"porcentaje":0.8774465788604421},{"rango":{"min":40,"max":49},"vacunados":188601,"personasINE":214943,"porcentaje":0.8774465788604421},{"rango":{"min":50,"max":59},"vacunados":186411,"personasINE":198266,"porcentaje":0.9402065911452291},{"rango":{"min":60,"max":69},"vacunados":154747,"personasINE":156367,"porcentaje":0.9896397577493973},{"rango":{"min":70,"max":79},"vacunados":119418,"personasINE":119418,"porcentaje":1},{"rango":{"min":80,"max":null},"vacunados":101402,"personasINE":101402,"porcentaje":1}]},"pautaCompleta":{"etarioTotal":{"vacunados":1052958,"personasINE":1185134,"porcentaje":0.8884716833708256},"etarioRangos":[{"rango":{"min":12,"max":19},"vacunados":86207,"personasINE":103109,"porcentaje":0.7776934225964525},{"rango":{"min":20,"max":29},"vacunados":101412,"personasINE":130401,"porcentaje":0.865341043904663},{"rango":{"min":30,"max":39},"vacunados":123363,"personasINE":164286,"porcentaje":0.865341043904663},{"rango":{"min":40,"max":49},"vacunados":185999,"personasINE":214943,"porcentaje":0.865341043904663},{"rango":{"min":50,"max":59},"vacunados":184362,"personasINE":198266,"porcentaje":0.9298719901546407},{"rango":{"min":60,"max":69},"vacunados":152805,"personasINE":156367,"porcentaje":0.9772202574712056},{"rango":{"min":70,"max":79},"vacunados":118699,"personasINE":118955,"porcentaje":0.9978479256861839},{"rango":{"min":80,"max":null},"vacunados":100111,"personasINE":100111,"porcentaje":1}]}}},{"ccaa":"Asturias","dosisAdministradas":1826169,"dosisEntregadas":1885585,"dosisEntregadasModerna":191040,"dosisEntregadasPfizer":1430645,"dosisEntregadasAstrazeneca":220900,"dosisEntregadasJanssen":43000,"dosisPrimeraDosis":874667,"dosisPautaCompletada":866958,"porcentajeEntregadas":0.9684893547625804,"porcentajePoblacionAdministradas":1.7924987043377203,"porcentajePoblacionPrimeraDosis":0.8585401812356692,"porcentajePoblacionCompletas":0.8509733172095361,"fechaUltRegistro":1638057600000,"etarios":{"unaDosis":{"etarioTotal":{"vacunados":874667,"personasINE":933927,"porcentaje":0.9365475031774432},"etarioRangos":[{"rango":{"min":12,"max":19},"vacunados":60714,"personasINE":64000,"porcentaje":0.844977310361391},{"rango":{"min":20,"max":29},"vacunados":66847,"personasINE":79111,"porcentaje":0.9036845855814316},{"rango":{"min":30,"max":39},"vacunados":91216,"personasINE":114451,"porcentaje":0.9036845855814316},{"rango":{"min":40,"max":49},"vacunados":150909,"personasINE":166993,"porcentaje":0.9036845855814316},{"rango":{"min":50,"max":59},"vacunados":153326,"personasINE":162645,"porcentaje":0.9427034338590181},{"rango":{"min":60,"max":69},"vacunados":148282,"personasINE":149652,"porcentaje":0.9908454280597653},{"rango":{"min":70,"max":79},"vacunados":114390,"personasINE":114390,"porcentaje":1},{"rango":{"min":80,"max":null},"vacunados":88983,"personasINE":88983,"porcentaje":1}]},"pautaCompleta":{"etarioTotal":{"vacunados":866958,"personasINE":933927,"porcentaje":0.9282931107035133},"etarioRangos":[{"rango":{"min":12,"max":19},"vacunados":59744,"personasINE":64000,"porcentaje":0.8255994741565649},{"rango":{"min":20,"max":29},"vacunados":65314,"personasINE":79111,"porcentaje":0.8981873491703245},{"rango":{"min":30,"max":39},"vacunados":89715,"personasINE":114451,"porcentaje":0.8981873491703245},{"rango":{"min":40,"max":49},"vacunados":149991,"personasINE":166993,"porcentaje":0.8981873491703245},{"rango":{"min":50,"max":59},"vacunados":152570,"personasINE":162645,"porcentaje":0.9380552737557256},{"rango":{"min":60,"max":69},"vacunados":147473,"personasINE":149652,"porcentaje":0.9854395530965172},{"rango":{"min":70,"max":79},"vacunados":113956,"personasINE":113956,"porcentaje":1},{"rango":{"min":80,"max":null},"vacunados":88195,"personasINE":88195,"porcentaje":1}]}}},{"ccaa":"Baleares","dosisAdministradas":1721463,"dosisEntregadas":1909050,"dosisEntregadasModerna":305100,"dosisEntregadasPfizer":1318950,"dosisEntregadasAstrazeneca":227400,"dosisEntregadasJanssen":57600,"dosisPrimeraDosis":867240,"dosisPautaCompletada":850069,"porcentajeEntregadas":0.9017380372436552,"porcentajePoblacionAdministradas":1.4693980502636268,"porcentajePoblacionPrimeraDosis":0.7402545190402743,"porcentajePoblacionCompletas":0.725597780021732,"fechaUltRegistro":1637971200000,"etarios":{"unaDosis":{"etarioTotal":{"vacunados":867240,"personasINE":1034867,"porcentaje":0.8380207311664204},"etarioRangos":[{"rango":{"min":12,"max":19},"vacunados":76371,"personasINE":95480,"porcentaje":0.7196357889547781},{"rango":{"min":20,"max":29},"vacunados":99268,"personasINE":137942,"porcentaje":0.821459752051685},{"rango":{"min":30,"max":39},"vacunados":129255,"personasINE":182187,"porcentaje":0.821459752051685},{"rango":{"min":40,"max":49},"vacunados":169362,"personasINE":206172,"porcentaje":0.821459752051685},{"rango":{"min":50,"max":59},"vacunados":151156,"personasINE":165797,"porcentaje":0.9116932151968974},{"rango":{"min":60,"max":69},"vacunados":110804,"personasINE":117231,"porcentaje":0.9451766171063968},{"rango":{"min":70,"max":79},"vacunados":79434,"personasINE":80516,"porcentaje":0.986561677182175},{"rango":{"min":80,"max":null},"vacunados":51590,"personasINE":51590,"porcentaje":1}]},"pautaCompleta":{"etarioTotal":{"vacunados":850069,"personasINE":1034867,"porcentaje":0.8214282608296525},"etarioRangos":[{"rango":{"min":12,"max":19},"vacunados":73853,"personasINE":95480,"porcentaje":0.6920227341926317},{"rango":{"min":20,"max":29},"vacunados":95459,"personasINE":137942,"porcentaje":0.8074180781095396},{"rango":{"min":30,"max":39},"vacunados":125168,"personasINE":182187,"porcentaje":0.8074180781095396},{"rango":{"min":40,"max":49},"vacunados":166467,"personasINE":206172,"porcentaje":0.8074180781095396},{"rango":{"min":50,"max":59},"vacunados":149310,"personasINE":165797,"porcentaje":0.9005591174749845},{"rango":{"min":60,"max":69},"vacunados":109720,"personasINE":117231,"porcentaje":0.935929916148459},{"rango":{"min":70,"max":79},"vacunados":79025,"personasINE":80516,"porcentaje":0.9814819414774704},{"rango":{"min":80,"max":null},"vacunados":51067,"personasINE":51067,"porcentaje":1}]}}},{"ccaa":"Canarias","dosisAdministradas":3292657,"dosisEntregadas":3567300,"dosisEntregadasModerna":574700,"dosisEntregadasPfizer":2403150,"dosisEntregadasAstrazeneca":455800,"dosisEntregadasJanssen":133650,"dosisPrimeraDosis":1689996,"dosisPautaCompletada":1649241,"porcentajeEntregadas":0.9230109606705351,"porcentajePoblacionAdministradas":1.513202956682868,"porcentajePoblacionPrimeraDosis":0.776669705949396,"porcentajePoblacionCompletas":0.7579399729405796,"fechaUltRegistro":1638057600000,"etarios":{"unaDosis":{"etarioTotal":{"vacunados":1689996,"personasINE":1960774,"porcentaje":0.8619024936071163},"etarioRangos":[{"rango":{"min":12,"max":19},"vacunados":156103,"personasINE":179797,"porcentaje":0.7579802024246469},{"rango":{"min":20,"max":29},"vacunados":190820,"personasINE":251747.99999999997,"porcentaje":0.8233107515905177},{"rango":{"min":30,"max":39},"vacunados":231646,"personasINE":310934,"porcentaje":0.8233107515905177},{"rango":{"min":40,"max":49},"vacunados":319382,"personasINE":387924,"porcentaje":0.8233107515905177},{"rango":{"min":50,"max":59},"vacunados":321662,"personasINE":350512,"porcentaje":0.9176918336604738},{"rango":{"min":60,"max":69},"vacunados":225133,"personasINE":235092,"porcentaje":0.9576378609225324},{"rango":{"min":70,"max":79},"vacunados":151938,"personasINE":154531,"porcentaje":0.9832201953006193},{"rango":{"min":80,"max":null},"vacunados":93312,"personasINE":93312,"porcentaje":1}]},"pautaCompleta":{"etarioTotal":{"vacunados":1649241,"personasINE":1960774,"porcentaje":0.8411173342771783},"etarioRangos":[{"rango":{"min":12,"max":19},"vacunados":146745,"personasINE":179797,"porcentaje":0.7169272447050224},{"rango":{"min":20,"max":29},"vacunados":180485,"personasINE":251748,"porcentaje":0.8118394324661532},{"rango":{"min":30,"max":39},"vacunados":224068,"personasINE":310934,"porcentaje":0.8118394324661532},{"rango":{"min":40,"max":49},"vacunados":314932,"personasINE":387924,"porcentaje":0.8118394324661532},{"rango":{"min":50,"max":59},"vacunados":319030,"personasINE":350512,"porcentaje":0.910182818277263},{"rango":{"min":60,"max":69},"vacunados":221413,"personasINE":235092,"porcentaje":0.9418142684566042},{"rango":{"min":70,"max":79},"vacunados":150476,"personasINE":154531,"porcentaje":0.9737593104296225},{"rango":{"min":80,"max":null},"vacunados":92092,"personasINE":92092,"porcentaje":1}]}}},{"ccaa":"Cantabria","dosisAdministradas":991064,"dosisEntregadas":1085545,"dosisEntregadasModerna":114900,"dosisEntregadasPfizer":823245,"dosisEntregadasAstrazeneca":125200,"dosisEntregadasJanssen":22200,"dosisPrimeraDosis":484797,"dosisPautaCompletada":479435,"porcentajeEntregadas":0.9129644556420968,"porcentajePoblacionAdministradas":1.7002153009495544,"porcentajePoblacionPrimeraDosis":0.831691270447157,"porcentajePoblacionCompletas":0.822492515933128,"fechaUltRegistro":1638057600000,"etarios":{"unaDosis":{"etarioTotal":{"vacunados":484797,"personasINE":524127,"porcentaje":0.9249609350405531},"etarioRangos":[{"rango":{"min":12,"max":19},"vacunados":39986,"personasINE":43963,"porcentaje":0.8243540243540244},{"rango":{"min":20,"max":29},"vacunados":41634,"personasINE":50505,"porcentaje":0.9033538238091828},{"rango":{"min":30,"max":39},"vacunados":55126,"personasINE":70473,"porcentaje":0.9033538238091828},{"rango":{"min":40,"max":49},"vacunados":88320,"personasINE":97769,"porcentaje":0.9033538238091828},{"rango":{"min":50,"max":59},"vacunados":84496,"personasINE":89964,"porcentaje":0.9392201324974434},{"rango":{"min":60,"max":69},"vacunados":76811,"personasINE":77345,"porcentaje":0.9930958691576702},{"rango":{"min":70,"max":79},"vacunados":56022,"personasINE":56022,"porcentaje":1},{"rango":{"min":80,"max":null},"vacunados":42402,"personasINE":42402,"porcentaje":1}]},"pautaCompleta":{"etarioTotal":{"vacunados":479435,"personasINE":524127,"porcentaje":0.91473059010507},"etarioRangos":[{"rango":{"min":12,"max":19},"vacunados":39130,"personasINE":43963,"porcentaje":0.8062370062370062},{"rango":{"min":20,"max":29},"vacunados":40719,"personasINE":50505,"porcentaje":0.8906299542799865},{"rango":{"min":30,"max":39},"vacunados":54350,"personasINE":70473,"porcentaje":0.8906299542799865},{"rango":{"min":40,"max":49},"vacunados":87076,"personasINE":97769,"porcentaje":0.8906299542799865},{"rango":{"min":50,"max":59},"vacunados":83850,"personasINE":89964,"porcentaje":0.9320394824596505},{"rango":{"min":60,"max":69},"vacunados":76418,"personasINE":77345,"porcentaje":0.9880147391557308},{"rango":{"min":70,"max":79},"vacunados":55846,"personasINE":55846,"porcentaje":1},{"rango":{"min":80,"max":null},"vacunados":42046,"personasINE":42046,"porcentaje":1}]}}},{"ccaa":"Castilla y Leon","dosisAdministradas":4093117,"dosisEntregadas":4843280,"dosisEntregadasModerna":410000,"dosisEntregadasPfizer":3867735,"dosisEntregadasAstrazeneca":466170,"dosisEntregadasJanssen":99375,"dosisPrimeraDosis":2012290,"dosisPautaCompletada":1976086,"porcentajeEntregadas":0.8451126096364447,"porcentajePoblacionAdministradas":1.7090844028897858,"porcentajePoblacionPrimeraDosis":0.840233360808178,"porcentajePoblacionCompletas":0.8251163505389328,"fechaUltRegistro":1638057600000,"etarios":{"unaDosis":{"etarioTotal":{"vacunados":2012290,"personasINE":2176253,"porcentaje":0.9246581164965654},"etarioRangos":[{"rango":{"min":12,"max":19},"vacunados":146129,"personasINE":165342,"porcentaje":0.8293792593575539},{"rango":{"min":20,"max":29},"vacunados":175004,"personasINE":211006,"porcentaje":0.8853580325071221},{"rango":{"min":30,"max":39},"vacunados":213911,"personasINE":267783,"porcentaje":0.8853580325071221},{"rango":{"min":40,"max":49},"vacunados":321655,"personasINE":363305,"porcentaje":0.8853580325071221},{"rango":{"min":50,"max":59},"vacunados":353734,"personasINE":381175,"porcentaje":0.9280094444808815},{"rango":{"min":60,"max":69},"vacunados":321091,"personasINE":321091,"porcentaje":1},{"rango":{"min":70,"max":79},"vacunados":251216,"personasINE":251216,"porcentaje":1},{"rango":{"min":80,"max":null},"vacunados":229550,"personasINE":229550,"porcentaje":1}]},"pautaCompleta":{"etarioTotal":{"vacunados":1976086,"personasINE":2176253,"porcentaje":0.9080221830825735},"etarioRangos":[{"rango":{"min":12,"max":19},"vacunados":136825,"personasINE":165342,"porcentaje":0.7985697089182298},{"rango":{"min":20,"max":29},"vacunados":168503,"personasINE":211006,"porcentaje":0.8727350297959016},{"rango":{"min":30,"max":39},"vacunados":208436,"personasINE":267783,"porcentaje":0.8727350297959016},{"rango":{"min":40,"max":49},"vacunados":317069,"personasINE":363305,"porcentaje":0.8727350297959016},{"rango":{"min":50,"max":59},"vacunados":349700,"personasINE":381175,"porcentaje":0.9174263789597954},{"rango":{"min":60,"max":69},"vacunados":318656,"personasINE":318575,"porcentaje":1.0002542572392685},{"rango":{"min":70,"max":79},"vacunados":249556,"personasINE":249556,"porcentaje":1},{"rango":{"min":80,"max":null},"vacunados":227341,"personasINE":227341,"porcentaje":1}]}}},{"ccaa":"Castilla La Mancha","dosisAdministradas":3257796,"dosisEntregadas":3383650,"dosisEntregadasModerna":446270,"dosisEntregadasPfizer":2461545,"dosisEntregadasAstrazeneca":382100,"dosisEntregadasJanssen":93735,"dosisPrimeraDosis":1629911,"dosisPautaCompletada":1569923,"porcentajeEntregadas":0.9628052546805964,"porcentajePoblacionAdministradas":1.5928821384094922,"porcentajePoblacionPrimeraDosis":0.7969363702015577,"porcentajePoblacionCompletas":0.7676055546075461,"fechaUltRegistro":1638057600000},{"ccaa":"Cataluña","dosisAdministradas":11803806,"dosisEntregadas":11964030,"dosisEntregadasModerna":1604900,"dosisEntregadasPfizer":8469080,"dosisEntregadasAstrazeneca":1514300,"dosisEntregadasJanssen":375750,"dosisPrimeraDosis":6035266,"dosisPautaCompletada":5906231,"porcentajeEntregadas":0.9866078570515119,"porcentajePoblacionAdministradas":1.5171053093260711,"porcentajePoblacionPrimeraDosis":0.7756933731200868,"porcentajePoblacionCompletas":0.759108918615422,"fechaUltRegistro":1637798400000,"etarios":{"unaDosis":{"etarioTotal":{"vacunados":6035266,"personasINE":6868360,"porcentaje":0.8787055425166997},"etarioRangos":[{"rango":{"min":12,"max":19},"vacunados":543090,"personasINE":656166,"porcentaje":0.7796825737393243},{"rango":{"min":20,"max":29},"vacunados":654103,"personasINE":838935,"porcentaje":0.8632881591488166},{"rango":{"min":30,"max":39},"vacunados":791449,"personasINE":1044652,"porcentaje":0.8632881591488166},{"rango":{"min":40,"max":49},"vacunados":1136739,"personasINE":1316755,"porcentaje":0.8632881591488166},{"rango":{"min":50,"max":59},"vacunados":1029641,"personasINE":1091780,"porcentaje":0.9430846873912326},{"rango":{"min":60,"max":69},"vacunados":801763,"personasINE":837584,"porcentaje":0.9572329461880839},{"rango":{"min":70,"max":79},"vacunados":619162,"personasINE":635292,"porcentaje":0.974610100552187},{"rango":{"min":80,"max":null},"vacunados":459319,"personasINE":459319,"porcentaje":1}]},"pautaCompleta":{"etarioTotal":{"vacunados":5906231,"personasINE":6868360,"porcentaje":0.8599186705414393},"etarioRangos":[{"rango":{"min":12,"max":19},"vacunados":523440,"personasINE":656166,"porcentaje":0.7452257922246658},{"rango":{"min":20,"max":29},"vacunados":625196,"personasINE":838935,"porcentaje":0.8484835827469802},{"rango":{"min":30,"max":39},"vacunados":764107,"personasINE":1044652,"porcentaje":0.8484835827469802},{"rango":{"min":40,"max":49},"vacunados":1117245,"personasINE":1316755,"porcentaje":0.8484835827469802},{"rango":{"min":50,"max":59},"vacunados":1017977,"personasINE":1091780,"porcentaje":0.9324012163622708},{"rango":{"min":60,"max":69},"vacunados":789575,"personasINE":837584,"porcentaje":0.9426815698485167},{"rango":{"min":70,"max":79},"vacunados":615034,"personasINE":635292,"porcentaje":0.9681123011150778},{"rango":{"min":80,"max":null},"vacunados":453657,"personasINE":453657,"porcentaje":1}]}}},{"ccaa":"C. Valenciana","dosisAdministradas":8168371,"dosisEntregadas":8488355,"dosisEntregadasModerna":1213650,"dosisEntregadasPfizer":6197680,"dosisEntregadasAstrazeneca":863900,"dosisEntregadasJanssen":213125,"dosisPrimeraDosis":4093220,"dosisPautaCompletada":4029904,"porcentajeEntregadas":0.9623031788844835,"porcentajePoblacionAdministradas":1.6151474892102646,"porcentajePoblacionPrimeraDosis":0.8093601534241331,"porcentajePoblacionCompletas":0.7968405606648379,"fechaUltRegistro":1637798400000,"etarios":{"unaDosis":{"etarioTotal":{"vacunados":4093220,"personasINE":4488459,"porcentaje":0.9119432749636345},"etarioRangos":[{"rango":{"min":12,"max":19},"vacunados":376276,"personasINE":424531,"porcentaje":0.8309017565478197},{"rango":{"min":20,"max":29},"vacunados":428850,"personasINE":516126,"porcentaje":0.8865989187259566},{"rango":{"min":30,"max":39},"vacunados":513288,"personasINE":648759,"porcentaje":0.8865989187259566},{"rango":{"min":40,"max":49},"vacunados":755017,"personasINE":851588,"porcentaje":0.8865989187259566},{"rango":{"min":50,"max":59},"vacunados":716145,"personasINE":752334,"porcentaje":0.9518976943751046},{"rango":{"min":60,"max":69},"vacunados":571119,"personasINE":580728,"porcentaje":0.9834535272967724},{"rango":{"min":70,"max":79},"vacunados":434964,"personasINE":437862,"porcentaje":0.9933814763555641},{"rango":{"min":80,"max":null},"vacunados":297561,"personasINE":297561,"porcentaje":1}]},"pautaCompleta":{"etarioTotal":{"vacunados":4029904,"personasINE":4488459,"porcentaje":0.8978368745264244},"etarioRangos":[{"rango":{"min":12,"max":19},"vacunados":363695,"personasINE":424531,"porcentaje":0.8038986604046299},{"rango":{"min":20,"max":29},"vacunados":414913,"personasINE":516126,"porcentaje":0.8770027290191971},{"rango":{"min":30,"max":39},"vacunados":501641,"personasINE":648759,"porcentaje":0.8770027290191971},{"rango":{"min":40,"max":49},"vacunados":746845,"personasINE":851588,"porcentaje":0.8770027290191971},{"rango":{"min":50,"max":59},"vacunados":710688,"personasINE":752334,"porcentaje":0.9446442670409685},{"rango":{"min":60,"max":69},"vacunados":566263,"personasINE":580728,"porcentaje":0.9750916091526498},{"rango":{"min":70,"max":79},"vacunados":432264,"personasINE":437862,"porcentaje":0.9872151499787605},{"rango":{"min":80,"max":null},"vacunados":293595,"personasINE":293595,"porcentaje":1}]}}},{"ccaa":"Extremadura","dosisAdministradas":1856742,"dosisEntregadas":1831845,"dosisEntregadasModerna":217410,"dosisEntregadasPfizer":1377755,"dosisEntregadasAstrazeneca":185700,"dosisEntregadasJanssen":50980,"dosisPrimeraDosis":900957,"dosisPautaCompletada":887416,"porcentajeEntregadas":1.013591215413968,"porcentajePoblacionAdministradas":1.745079592137874,"porcentajePoblacionPrimeraDosis":0.846774443672714,"porcentajePoblacionCompletas":0.8340477844184186,"fechaUltRegistro":1637971200000,"etarios":{"unaDosis":{"etarioTotal":{"vacunados":900957,"personasINE":953437,"porcentaje":0.944957034392414},"etarioRangos":[{"rango":{"min":12,"max":19},"vacunados":77935,"personasINE":84750,"porcentaje":0.8295534768796329},{"rango":{"min":20,"max":29},"vacunados":94005,"personasINE":113320,"porcentaje":0.9184985015110286},{"rango":{"min":30,"max":39},"vacunados":113545,"personasINE":133479,"porcentaje":0.9184985015110286},{"rango":{"min":40,"max":49},"vacunados":146495,"personasINE":159494,"porcentaje":0.9184985015110286},{"rango":{"min":50,"max":59},"vacunados":161687,"personasINE":169216,"porcentaje":0.9555065714826021},{"rango":{"min":60,"max":69},"vacunados":132978,"personasINE":132978,"porcentaje":1},{"rango":{"min":70,"max":79},"vacunados":96003,"personasINE":96003,"porcentaje":1},{"rango":{"min":80,"max":null},"vacunados":78309,"personasINE":78309,"porcentaje":1}]},"pautaCompleta":{"etarioTotal":{"vacunados":887416,"personasINE":953437,"porcentaje":0.9307547326147402},"etarioRangos":[{"rango":{"min":12,"max":19},"vacunados":75367,"personasINE":84750,"porcentaje":0.8028856336039534},{"rango":{"min":20,"max":29},"vacunados":90983,"personasINE":113320,"porcentaje":0.9071187630882667},{"rango":{"min":30,"max":39},"vacunados":111060,"personasINE":133479,"porcentaje":0.9071187630882667},{"rango":{"min":40,"max":49},"vacunados":144680,"personasINE":159494,"porcentaje":0.9071187630882667},{"rango":{"min":50,"max":59},"vacunados":160457,"personasINE":169216,"porcentaje":0.9482377552950075},{"rango":{"min":60,"max":69},"vacunados":131789,"personasINE":125296.99999999999,"porcentaje":1.0518128925672603},{"rango":{"min":70,"max":79},"vacunados":95539,"personasINE":95539,"porcentaje":1},{"rango":{"min":80,"max":null},"vacunados":77541,"personasINE":77541,"porcentaje":1}]}}},{"ccaa":"Galicia","dosisAdministradas":4769277,"dosisEntregadas":5108079,"dosisEntregadasModerna":537400,"dosisEntregadasPfizer":3874579,"dosisEntregadasAstrazeneca":573400,"dosisEntregadasJanssen":122700,"dosisPrimeraDosis":2316390,"dosisPautaCompletada":2295934,"porcentajeEntregadas":0.9336733045827992,"porcentajePoblacionAdministradas":1.7652096606027272,"porcentajePoblacionPrimeraDosis":0.8573446259723542,"porcentajePoblacionCompletas":0.8497734304185439,"fechaUltRegistro":1638057600000,"etarios":{"unaDosis":{"etarioTotal":{"vacunados":2316390,"personasINE":2454497,"porcentaje":0.9437330744343954},"etarioRangos":[{"rango":{"min":12,"max":19},"vacunados":170495,"personasINE":180007,"porcentaje":0.8663309969218247},{"rango":{"min":20,"max":29},"vacunados":200106,"personasINE":230981,"porcentaje":0.9227338054830434},{"rango":{"min":30,"max":39},"vacunados":264828,"personasINE":323408,"porcentaje":0.9227338054830434},{"rango":{"min":40,"max":49},"vacunados":408975,"personasINE":443221,"porcentaje":0.9227338054830434},{"rango":{"min":50,"max":59},"vacunados":391498,"personasINE":405889,"porcentaje":0.9645444936916251},{"rango":{"min":60,"max":69},"vacunados":346499,"personasINE":346927,"porcentaje":0.9987663110683227},{"rango":{"min":70,"max":79},"vacunados":291508,"personasINE":291508,"porcentaje":1},{"rango":{"min":80,"max":null},"vacunados":242481,"personasINE":242481,"porcentaje":1}]},"pautaCompleta":{"etarioTotal":{"vacunados":2295934,"personasINE":2454497,"porcentaje":0.9353989839873506},"etarioRangos":[{"rango":{"min":12,"max":19},"vacunados":166893,"personasINE":180007,"porcentaje":0.846701676761292},{"rango":{"min":20,"max":29},"vacunados":195572,"personasINE":230981,"porcentaje":0.9164073904440448},{"rango":{"min":30,"max":39},"vacunados":261224,"personasINE":323408,"porcentaje":0.9164073904440448},{"rango":{"min":40,"max":49},"vacunados":406171,"personasINE":443221,"porcentaje":0.9164073904440448},{"rango":{"min":50,"max":59},"vacunados":389544,"personasINE":405889,"porcentaje":0.959730369633077},{"rango":{"min":60,"max":69},"vacunados":345377,"personasINE":346927,"porcentaje":0.9955322012988324},{"rango":{"min":70,"max":79},"vacunados":290284,"personasINE":290284,"porcentaje":1},{"rango":{"min":80,"max":null},"vacunados":240869,"personasINE":240869,"porcentaje":1}]}}},{"ccaa":"La Rioja","dosisAdministradas":527787,"dosisEntregadas":557305,"dosisEntregadasModerna":67600,"dosisEntregadasPfizer":421265,"dosisEntregadasAstrazeneca":53240,"dosisEntregadasJanssen":15200,"dosisPrimeraDosis":261633,"dosisPautaCompletada":256916,"porcentajeEntregadas":0.9470343887099524,"porcentajePoblacionAdministradas":1.6497777527710573,"porcentajePoblacionPrimeraDosis":0.8178229149083817,"porcentajePoblacionCompletas":0.803078327300462,"fechaUltRegistro":1637884800000,"etarios":{"unaDosis":{"etarioTotal":{"vacunados":261633,"personasINE":283970,"porcentaje":0.9213402824241997},"etarioRangos":[{"rango":{"min":12,"max":19},"vacunados":22299,"personasINE":25532,"porcentaje":0.8024492744106638},{"rango":{"min":20,"max":29},"vacunados":24441,"personasINE":30458,"porcentaje":0.9013730711843919},{"rango":{"min":30,"max":39},"vacunados":31476,"personasINE":39319,"porcentaje":0.9013730711843919},{"rango":{"min":40,"max":49},"vacunados":47725,"personasINE":52947,"porcentaje":0.9013730711843919},{"rango":{"min":50,"max":59},"vacunados":45500,"personasINE":47664,"porcentaje":0.9545988586774086},{"rango":{"min":60,"max":69},"vacunados":38111,"personasINE":38111,"porcentaje":1},{"rango":{"min":70,"max":79},"vacunados":28690,"personasINE":28690,"porcentaje":1},{"rango":{"min":80,"max":null},"vacunados":23391,"personasINE":23391,"porcentaje":1}]},"pautaCompleta":{"etarioTotal":{"vacunados":256916,"personasINE":283970,"porcentaje":0.9047293728210727},"etarioRangos":[{"rango":{"min":12,"max":19},"vacunados":21562,"personasINE":25532,"porcentaje":0.7737868540284982},{"rango":{"min":20,"max":29},"vacunados":23568,"personasINE":30458,"porcentaje":0.8869246605095662},{"rango":{"min":30,"max":39},"vacunados":30680,"personasINE":39319,"porcentaje":0.8869246605095662},{"rango":{"min":40,"max":49},"vacunados":46960,"personasINE":52947,"porcentaje":0.8869246605095662},{"rango":{"min":50,"max":59},"vacunados":44856,"personasINE":47664,"porcentaje":0.9410876132930514},{"rango":{"min":60,"max":69},"vacunados":37542,"personasINE":37718,"porcentaje":0.9953337928840341},{"rango":{"min":70,"max":79},"vacunados":28574,"personasINE":28574,"porcentaje":1},{"rango":{"min":80,"max":null},"vacunados":23174,"personasINE":23174,"porcentaje":1}]}}},{"ccaa":"Madrid","dosisAdministradas":10450089,"dosisEntregadas":10827035,"dosisEntregadasModerna":1645800,"dosisEntregadasPfizer":7637685,"dosisEntregadasAstrazeneca":1222100,"dosisEntregadasJanssen":321450,"dosisPrimeraDosis":5399273,"dosisPautaCompletada":5283634,"porcentajeEntregadas":0.9651847435609102,"porcentajePoblacionAdministradas":1.5413365235531915,"porcentajePoblacionPrimeraDosis":0.7963661051627992,"porcentajePoblacionCompletas":0.7793099237037544,"fechaUltRegistro":1638057600000,"etarios":{"unaDosis":{"etarioTotal":{"vacunados":5399273,"personasINE":5977937,"porcentaje":0.9032000504521878},"etarioRangos":[{"rango":{"min":12,"max":19},"vacunados":463266,"personasINE":553542,"porcentaje":0.8252008485134179},{"rango":{"min":20,"max":29},"vacunados":612691,"personasINE":742475,"porcentaje":0.8923858312084949},{"rango":{"min":30,"max":39},"vacunados":760098,"personasINE":949640,"porcentaje":0.8923858312084949},{"rango":{"min":40,"max":49},"vacunados":1040496,"personasINE":1165971,"porcentaje":0.8923858312084949},{"rango":{"min":50,"max":59},"vacunados":945089,"personasINE":972783,"porcentaje":0.9715311636819312},{"rango":{"min":60,"max":69},"vacunados":691051,"personasINE":703323,"porcentaje":0.9825514024139691},{"rango":{"min":70,"max":79},"vacunados":512027,"personasINE":526081,"porcentaje":0.9732854826538119},{"rango":{"min":80,"max":null},"vacunados":374555,"personasINE":374555,"porcentaje":1}]},"pautaCompleta":{"etarioTotal":{"vacunados":5283634,"personasINE":5977937,"porcentaje":0.883855751574498},"etarioRangos":[{"rango":{"min":12,"max":19},"vacunados":448498,"personasINE":553542,"porcentaje":0.7888009697296205},{"rango":{"min":20,"max":29},"vacunados":585665,"personasINE":742475,"porcentaje":0.8745612026371153},{"rango":{"min":30,"max":39},"vacunados":733294,"personasINE":949640,"porcentaje":0.8745612026371153},{"rango":{"min":40,"max":49},"vacunados":1019713,"personasINE":1165971,"porcentaje":0.8745612026371153},{"rango":{"min":50,"max":59},"vacunados":936751,"personasINE":972783,"porcentaje":0.9629598790274913},{"rango":{"min":60,"max":69},"vacunados":678248,"personasINE":703323,"porcentaje":0.9643478174323888},{"rango":{"min":70,"max":79},"vacunados":509850,"personasINE":526081,"porcentaje":0.9691473366268692},{"rango":{"min":80,"max":null},"vacunados":371615,"personasINE":371615,"porcentaje":1}]}}},{"ccaa":"Murcia","dosisAdministradas":2382043,"dosisEntregadas":2507175,"dosisEntregadasModerna":498000,"dosisEntregadasPfizer":1687865,"dosisEntregadasAstrazeneca":253010,"dosisEntregadasJanssen":68300,"dosisPrimeraDosis":1199815,"dosisPautaCompletada":1171681,"porcentajeEntregadas":0.9500904404359488,"porcentajePoblacionAdministradas":1.5762060703351064,"porcentajePoblacionPrimeraDosis":0.793921724452126,"porcentajePoblacionCompletas":0.7753053595994313,"fechaUltRegistro":1637798400000,"etarios":{"unaDosis":{"etarioTotal":{"vacunados":1199815,"personasINE":1310137,"porcentaje":0.9157935391489592},"etarioRangos":[{"rango":{"min":12,"max":19},"vacunados":121598,"personasINE":141894,"porcentaje":0.8286308113882309},{"rango":{"min":20,"max":29},"vacunados":142730,"personasINE":172248,"porcentaje":0.9153948150159154},{"rango":{"min":30,"max":39},"vacunados":168692,"personasINE":209003,"porcentaje":0.9153948150159154},{"rango":{"min":40,"max":49},"vacunados":232654,"personasINE":254157,"porcentaje":0.9153948150159154},{"rango":{"min":50,"max":59},"vacunados":207927,"personasINE":213256,"porcentaje":0.9750112540796039},{"rango":{"min":60,"max":69},"vacunados":148662,"personasINE":148662,"porcentaje":1},{"rango":{"min":70,"max":79},"vacunados":103500,"personasINE":103500,"porcentaje":1},{"rango":{"min":80,"max":null},"vacunados":74052,"personasINE":74052,"porcentaje":1}]},"pautaCompleta":{"etarioTotal":{"vacunados":1171681,"personasINE":1310137,"porcentaje":0.8943194490347193},"etarioRangos":[{"rango":{"min":12,"max":19},"vacunados":117303,"personasINE":141894,"porcentaje":0.7909003297570945},{"rango":{"min":20,"max":29},"vacunados":136231,"personasINE":172248,"porcentaje":0.8963908135522531},{"rango":{"min":30,"max":39},"vacunados":163037,"personasINE":209003,"porcentaje":0.8963908135522531},{"rango":{"min":40,"max":49},"vacunados":227824,"personasINE":254157,"porcentaje":0.8963908135522531},{"rango":{"min":50,"max":59},"vacunados":205408,"personasINE":213256,"porcentaje":0.9631991596953896},{"rango":{"min":60,"max":69},"vacunados":146076,"personasINE":146909,"porcentaje":0.9943298232239005},{"rango":{"min":70,"max":79},"vacunados":102558,"personasINE":102899,"porcentaje":0.9966860708072964},{"rango":{"min":80,"max":null},"vacunados":73244,"personasINE":73244,"porcentaje":1}]}}},{"ccaa":"Navarra","dosisAdministradas":1069699,"dosisEntregadas":1074255,"dosisEntregadasModerna":151500,"dosisEntregadasPfizer":762405,"dosisEntregadasAstrazeneca":136600,"dosisEntregadasJanssen":23750,"dosisPrimeraDosis":530826,"dosisPautaCompletada":524112,"porcentajeEntregadas":0.9957589212989467,"porcentajePoblacionAdministradas":1.6178219199421655,"porcentajePoblacionPrimeraDosis":0.8028257841460261,"porcentajePoblacionCompletas":0.7926714731010577,"fechaUltRegistro":1637798400000,"etarios":{"unaDosis":{"etarioTotal":{"vacunados":530826,"personasINE":581354,"porcentaje":0.9130856586520434},"etarioRangos":[{"rango":{"min":12,"max":19},"vacunados":49773,"personasINE":56388,"porcentaje":0.8494869875379806},{"rango":{"min":20,"max":29},"vacunados":57873,"personasINE":68127,"porcentaje":0.8858076702283291},{"rango":{"min":30,"max":39},"vacunados":64568,"personasINE":81341,"porcentaje":0.8858076702283291},{"rango":{"min":40,"max":49},"vacunados":95669,"personasINE":108002,"porcentaje":0.8858076702283291},{"rango":{"min":50,"max":59},"vacunados":92099,"personasINE":96694,"porcentaje":0.9524789542267359},{"rango":{"min":60,"max":69},"vacunados":72393,"personasINE":73844,"porcentaje":0.9803504685553328},{"rango":{"min":70,"max":79},"vacunados":55922,"personasINE":55922,"porcentaje":1},{"rango":{"min":80,"max":null},"vacunados":42529,"personasINE":42529,"porcentaje":1}]},"pautaCompleta":{"etarioTotal":{"vacunados":524112,"personasINE":581354,"porcentaje":0.9015367572941788},"etarioRangos":[{"rango":{"min":12,"max":19},"vacunados":48771,"personasINE":56388,"porcentaje":0.8235794912442937},{"rango":{"min":20,"max":29},"vacunados":56108,"personasINE":68127,"porcentaje":0.8772893094572323},{"rango":{"min":30,"max":39},"vacunados":63346,"personasINE":81341,"porcentaje":0.8772893094572323},{"rango":{"min":40,"max":49},"vacunados":94749,"personasINE":108002,"porcentaje":0.8772893094572323},{"rango":{"min":50,"max":59},"vacunados":91446,"personasINE":96694,"porcentaje":0.9457256913562372},{"rango":{"min":60,"max":69},"vacunados":71778,"personasINE":73844,"porcentaje":0.9720221006446021},{"rango":{"min":70,"max":79},"vacunados":55773,"personasINE":55792,"porcentaje":0.9996594493834241},{"rango":{"min":80,"max":null},"vacunados":42141,"personasINE":42141,"porcentaje":1}]}}},{"ccaa":"País Vasco","dosisAdministradas":3641513,"dosisEntregadas":3819750,"dosisEntregadasModerna":526100,"dosisEntregadasPfizer":2748150,"dosisEntregadasAstrazeneca":444200,"dosisEntregadasJanssen":101300,"dosisPrimeraDosis":1824054,"dosisPautaCompletada":1792626,"porcentajeEntregadas":0.953338045683618,"porcentajePoblacionAdministradas":1.6399488584573592,"porcentajePoblacionPrimeraDosis":0.8214594524486333,"porcentajePoblacionCompletas":0.8073059089287837,"fechaUltRegistro":1638057600000,"etarios":{"unaDosis":{"etarioTotal":{"vacunados":1824054,"personasINE":1983943,"porcentaje":0.9194084709086904},"etarioRangos":[{"rango":{"min":12,"max":19},"vacunados":149050,"personasINE":168606,"porcentaje":0.8259995831968799},{"rango":{"min":20,"max":29},"vacunados":166467,"personasINE":201534,"porcentaje":0.8886817826599619},{"rango":{"min":30,"max":39},"vacunados":204989,"personasINE":260543.00000000003,"porcentaje":0.8886817826599619},{"rango":{"min":40,"max":49},"vacunados":321821,"personasINE":362133,"porcentaje":0.8886817826599619},{"rango":{"min":50,"max":59},"vacunados":324597,"personasINE":339977,"porcentaje":0.9547616456407345},{"rango":{"min":60,"max":69},"vacunados":278923,"personasINE":280119,"porcentaje":0.9957303860145152},{"rango":{"min":70,"max":79},"vacunados":213891,"personasINE":213891,"porcentaje":1},{"rango":{"min":80,"max":null},"vacunados":164316,"personasINE":164316,"porcentaje":1}]},"pautaCompleta":{"etarioTotal":{"vacunados":1792626,"personasINE":1983943,"porcentaje":0.903567289987666},"etarioRangos":[{"rango":{"min":12,"max":19},"vacunados":145372,"personasINE":168606,"porcentaje":0.8009020810384352},{"rango":{"min":20,"max":29},"vacunados":161409,"personasINE":201534,"porcentaje":0.8758632877975772},{"rango":{"min":30,"max":39},"vacunados":199540,"personasINE":260543,"porcentaje":0.8758632877975772},{"rango":{"min":40,"max":49},"vacunados":317179,"personasINE":362133,"porcentaje":0.8758632877975772},{"rango":{"min":50,"max":59},"vacunados":321222,"personasINE":339977,"porcentaje":0.9448345035105316},{"rango":{"min":60,"max":69},"vacunados":273651,"personasINE":280119,"porcentaje":0.976909813329335},{"rango":{"min":70,"max":79},"vacunados":212267,"personasINE":213081,"porcentaje":0.9961798564865004},{"rango":{"min":80,"max":null},"vacunados":161986,"personasINE":157950,"porcentaje":1.0255523899968344}]}}},{"ccaa":"Ceuta","dosisAdministradas":121284,"dosisEntregadas":142225,"dosisEntregadasModerna":22270,"dosisEntregadasPfizer":97920,"dosisEntregadasAstrazeneca":18100,"dosisEntregadasJanssen":3935,"dosisPrimeraDosis":63224,"dosisPautaCompletada":60633,"porcentajeEntregadas":0.8527614695025488,"porcentajePoblacionAdministradas":1.4403933398256574,"porcentajePoblacionPrimeraDosis":0.7508610246787487,"porcentajePoblacionCompletas":0.7200897840906392,"fechaUltRegistro":1637884800000,"etarios":{"unaDosis":{"etarioTotal":{"vacunados":63224,"personasINE":70965,"porcentaje":0.8909180581977031},"etarioRangos":[{"rango":{"min":12,"max":19},"vacunados":8679,"personasINE":9126,"porcentaje":0.8543813257955685},{"rango":{"min":20,"max":29},"vacunados":9370,"personasINE":10967,"porcentaje":0.8875968992248062},{"rango":{"min":30,"max":39},"vacunados":9348,"personasINE":11894,"porcentaje":0.8875968992248062},{"rango":{"min":40,"max":49},"vacunados":11221,"personasINE":12642,"porcentaje":0.8875968992248062},{"rango":{"min":50,"max":59},"vacunados":10622,"personasINE":11556,"porcentaje":0.9191761855313257},{"rango":{"min":60,"max":69},"vacunados":7677,"personasINE":7857,"porcentaje":0.97709049255441},{"rango":{"min":70,"max":79},"vacunados":3901,"personasINE":4318,"porcentaje":0.9034275127373784},{"rango":{"min":80,"max":null},"vacunados":2406,"personasINE":2605,"porcentaje":0.9236084452975047}]},"pautaCompleta":{"etarioTotal":{"vacunados":60633,"personasINE":70965,"porcentaje":0.8544071020925809},"etarioRangos":[{"rango":{"min":12,"max":19},"vacunados":7910,"personasINE":9126,"porcentaje":0.7846266070940093},{"rango":{"min":20,"max":29},"vacunados":8605,"personasINE":10967,"porcentaje":0.8671887359595001},{"rango":{"min":30,"max":39},"vacunados":8927,"personasINE":11894,"porcentaje":0.8671887359595001},{"rango":{"min":40,"max":49},"vacunados":10963,"personasINE":12642,"porcentaje":0.8671887359595001},{"rango":{"min":50,"max":59},"vacunados":10482,"personasINE":11556,"porcentaje":0.907061266874351},{"rango":{"min":60,"max":69},"vacunados":7531,"personasINE":7857,"porcentaje":0.9585083365152094},{"rango":{"min":70,"max":79},"vacunados":3845,"personasINE":4318,"porcentaje":0.8904585456229736},{"rango":{"min":80,"max":null},"vacunados":2370,"personasINE":2605,"porcentaje":0.9097888675623801}]}}},{"ccaa":"Melilla","dosisAdministradas":107034,"dosisEntregadas":141100,"dosisEntregadasModerna":23500,"dosisEntregadasPfizer":96750,"dosisEntregadasAstrazeneca":15100,"dosisEntregadasJanssen":5750,"dosisPrimeraDosis":58486,"dosisPautaCompletada":56069,"porcentajeEntregadas":0.7585683912119064,"porcentajePoblacionAdministradas":1.229202076347099,"porcentajePoblacionPrimeraDosis":0.6716661307363683,"porcentajePoblacionCompletas":0.6439087693509119,"fechaUltRegistro":1637884800000,"etarios":{"unaDosis":{"etarioTotal":{"vacunados":58486,"personasINE":70927,"porcentaje":0.8245943011829063},"etarioRangos":[{"rango":{"min":12,"max":19},"vacunados":8210,"personasINE":9574,"porcentaje":0.7532305127136307},{"rango":{"min":20,"max":29},"vacunados":9035,"personasINE":11995,"porcentaje":0.8462756207298784},{"rango":{"min":30,"max":39},"vacunados":8775,"personasINE":12133,"porcentaje":0.8462756207298784},{"rango":{"min":40,"max":49},"vacunados":10157,"personasINE":12002,"porcentaje":0.8462756207298784},{"rango":{"min":50,"max":59},"vacunados":9751,"personasINE":11299,"porcentaje":0.8629967253739269},{"rango":{"min":60,"max":69},"vacunados":7206,"personasINE":7827,"porcentaje":0.9206592564200843},{"rango":{"min":70,"max":79},"vacunados":3332,"personasINE":3748,"porcentaje":0.8890074706510138},{"rango":{"min":80,"max":null},"vacunados":2020,"personasINE":2349,"porcentaje":0.8599404001702853}]},"pautaCompleta":{"etarioTotal":{"vacunados":56069,"personasINE":70927,"porcentaje":0.7905170104473613},"etarioRangos":[{"rango":{"min":12,"max":19},"vacunados":7614,"personasINE":9574,"porcentaje":0.690454355981659},{"rango":{"min":20,"max":29},"vacunados":8282,"personasINE":11995,"porcentaje":0.8266122312947842},{"rango":{"min":30,"max":39},"vacunados":8416,"personasINE":12133,"porcentaje":0.8266122312947842},{"rango":{"min":40,"max":49},"vacunados":9921,"personasINE":12002,"porcentaje":0.8266122312947842},{"rango":{"min":50,"max":59},"vacunados":9547,"personasINE":11299,"porcentaje":0.8449420302681653},{"rango":{"min":60,"max":69},"vacunados":7055,"personasINE":7827,"porcentaje":0.9013670627315702},{"rango":{"min":70,"max":79},"vacunados":3262,"personasINE":3748,"porcentaje":0.8703308431163287},{"rango":{"min":80,"max":null},"vacunados":1972,"personasINE":2349,"porcentaje":0.8395061728395061}]}}},{"ccaa":"Fuerzas Armadas","dosisAdministradas":177701,"dosisEntregadas":212238,"dosisEntregadasModerna":58300,"dosisEntregadasPfizer":48138,"dosisEntregadasAstrazeneca":103800,"dosisEntregadasJanssen":2000,"dosisPrimeraDosis":95236,"dosisPautaCompletada":89082,"porcentajeEntregadas":0.8372723075038401,"porcentajePoblacionAdministradas":null,"porcentajePoblacionPrimeraDosis":null,"porcentajePoblacionCompletas":null,"fechaUltRegistro":1637884800000},{"ccaa":"Sanidad Exterior","dosisAdministradas":7651,"dosisEntregadas":9915,"dosisEntregadasModerna":5540,"dosisEntregadasPfizer":0,"dosisEntregadasAstrazeneca":0,"dosisEntregadasJanssen":4375,"dosisPrimeraDosis":5834,"dosisPautaCompletada":5570,"porcentajeEntregadas":0.7716591023701462,"porcentajePoblacionAdministradas":null,"porcentajePoblacionPrimeraDosis":null,"porcentajePoblacionCompletas":null,"fechaUltRegistro":1637798400000,"etarios":{"unaDosis":{"etarioTotal":{"vacunados":5834,"personasINE":"-","porcentaje":"-"},"etarioRangos":[{"rango":{"min":12,"max":19},"vacunados":181,"personasINE":null,"porcentaje":"-"},{"rango":{"min":20,"max":29},"vacunados":1415,"personasINE":null,"porcentaje":"-"},{"rango":{"min":30,"max":39},"vacunados":1718,"personasINE":null,"porcentaje":"-"},{"rango":{"min":40,"max":49},"vacunados":1451,"personasINE":null,"porcentaje":"-"},{"rango":{"min":50,"max":59},"vacunados":747,"personasINE":null,"porcentaje":"-"},{"rango":{"min":60,"max":69},"vacunados":250,"personasINE":null,"porcentaje":"-"},{"rango":{"min":70,"max":79},"vacunados":43,"personasINE":null,"porcentaje":"-"},{"rango":{"min":80,"max":null},"vacunados":29,"personasINE":null,"porcentaje":"-"}]},"pautaCompleta":{"etarioTotal":{"vacunados":5570,"personasINE":"-","porcentaje":"-"},"etarioRangos":[{"rango":{"min":12,"max":19},"vacunados":164,"personasINE":null,"porcentaje":"-"},{"rango":{"min":20,"max":29},"vacunados":1355,"personasINE":null,"porcentaje":"-"},{"rango":{"min":30,"max":39},"vacunados":1645,"personasINE":null,"porcentaje":"-"},{"rango":{"min":40,"max":49},"vacunados":1389,"personasINE":null,"porcentaje":"-"},{"rango":{"min":50,"max":59},"vacunados":718,"personasINE":null,"porcentaje":"-"},{"rango":{"min":60,"max":69},"vacunados":231,"personasINE":null,"porcentaje":"-"},{"rango":{"min":70,"max":79},"vacunados":41,"personasINE":null,"porcentaje":"-"},{"rango":{"min":80,"max":null},"vacunados":27,"personasINE":null,"porcentaje":"-"}]}}},{"ccaa":"Totales","dosisAdministradas":76123553,"dosisEntregadas":79571113,"dosisEntregadasModerna":10926970,"dosisEntregadasPfizer":57435483,"dosisEntregadasAstrazeneca":9053420,"dosisEntregadasJanssen":2155240,"dosisPrimeraDosis":38299758,"dosisPautaCompletada":37586582,"porcentajeEntregadas":0.9566732213485565,"porcentajePoblacionAdministradas":1.6217203451214317,"porcentajePoblacionPrimeraDosis":0.8159300809544099,"porcentajePoblacionCompletas":0.8007367277375372,"fechaUltRegistro":null,"etarios":{"unaDosis":{"etarioTotal":{"vacunados":38299758,"personasINE":42119827,"porcentaje":0.909304731949635},"etarioRangos":[{"rango":{"min":12,"max":19},"vacunados":3389362,"personasINE":3888686,"porcentaje":0.8200690040124256},{"rango":{"min":20,"max":29},"vacunados":4054946,"personasINE":4944640,"porcentaje":0.8887897556646908},{"rango":{"min":30,"max":39},"vacunados":4958389,"personasINE":6230403,"porcentaje":0.8887897556646908},{"rango":{"min":40,"max":49},"vacunados":7014095,"personasINE":7891737,"porcentaje":0.8887897556646908},{"rango":{"min":50,"max":59},"vacunados":6701709,"personasINE":7033306,"porcentaje":0.9528533238849554},{"rango":{"min":60,"max":69},"vacunados":5291506,"personasINE":5336986,"porcentaje":0.991478336274444},{"rango":{"min":70,"max":79},"vacunados":3948629,"personasINE":3960045,"porcentaje":0.9971172044762118},{"rango":{"min":80,"max":null},"vacunados":2941122,"personasINE":2941122,"porcentaje":1}]},"pautaCompleta":{"etarioTotal":{"vacunados":37586582,"personasINE":42119827,"porcentaje":0.8923726586056491},"etarioRangos":[{"rango":{"min":12,"max":19},"vacunados":3274762,"personasINE":3888686,"porcentaje":0.7882925753947709},{"rango":{"min":20,"max":29},"vacunados":3897823,"personasINE":4944640,"porcentaje":0.8750553902138402},{"rango":{"min":30,"max":39},"vacunados":4814907,"personasINE":6230403,"porcentaje":0.8750553902138402},{"rango":{"min":40,"max":49},"vacunados":6905707,"personasINE":7891737,"porcentaje":0.8750553902138402},{"rango":{"min":50,"max":59},"vacunados":6633977,"personasINE":7033306,"porcentaje":0.943223144279518},{"rango":{"min":60,"max":69},"vacunados":5225504,"personasINE":5336986,"porcentaje":0.9791114310586537},{"rango":{"min":70,"max":79},"vacunados":3924743,"personasINE":3960045,"porcentaje":0.9910854548370032},{"rango":{"min":80,"max":null},"vacunados":2909159,"personasINE":2909159,"porcentaje":1}]}}}]