[{"ccaa":"Andalucía","dosisAdministradas":1113414,"dosisEntregadas":1196860,"dosisEntregadasModerna":73300,"dosisEntregadasPfizer":820260,"dosisEntregadasAstrazeneca":303300,"dosisPautaCompletada":363191,"porcentajeEntregadas":0.9302792306535435,"porcentajePoblacionAdministradas":0.13154063525506973,"porcentajePoblacionCompletas":0.04290800623930005,"fechaUltRegistro":1615766400000},{"ccaa":"Aragón","dosisAdministradas":182899,"dosisEntregadas":207935,"dosisEntregadasModerna":12600,"dosisEntregadasPfizer":147735,"dosisEntregadasAstrazeneca":47600,"dosisPautaCompletada":58794,"porcentajeEntregadas":0.8795969894438166,"porcentajePoblacionAdministradas":0.1375810427481456,"porcentajePoblacionCompletas":0.04422626601203107,"fechaUltRegistro":1615766400000},{"ccaa":"Asturias","dosisAdministradas":166072,"dosisEntregadas":194115,"dosisEntregadasModerna":12700,"dosisEntregadasPfizer":144815,"dosisEntregadasAstrazeneca":36600,"dosisPautaCompletada":58343,"porcentajeEntregadas":0.8555340906163872,"porcentajePoblacionAdministradas":0.16301001978829663,"porcentajePoblacionCompletas":0.0572672912020605,"fechaUltRegistro":1615766400000},{"ccaa":"Baleares","dosisAdministradas":110608,"dosisEntregadas":124810,"dosisEntregadasModerna":6500,"dosisEntregadasPfizer":76410,"dosisEntregadasAstrazeneca":41900,"dosisPautaCompletada":31322,"porcentajeEntregadas":0.8862110407819886,"porcentajePoblacionAdministradas":0.09441224095060959,"porcentajePoblacionCompletas":0.026735681063349788,"fechaUltRegistro":1615766400000},{"ccaa":"Canarias","dosisAdministradas":219594,"dosisEntregadas":259580,"dosisEntregadasModerna":14300,"dosisEntregadasPfizer":167280,"dosisEntregadasAstrazeneca":78000,"dosisPautaCompletada":65658,"porcentajeEntregadas":0.8459588566145312,"porcentajePoblacionAdministradas":0.10091858643940675,"porcentajePoblacionCompletas":0.030174378846592204,"fechaUltRegistro":1615766400000},{"ccaa":"Cantabria","dosisAdministradas":79283,"dosisEntregadas":97635,"dosisEntregadasModerna":5900,"dosisEntregadasPfizer":70935,"dosisEntregadasAstrazeneca":20800,"dosisPautaCompletada":25897,"porcentajeEntregadas":0.8120346187330363,"porcentajePoblacionAdministradas":0.13601358711968503,"porcentajePoblacionCompletas":0.04442747960645388,"fechaUltRegistro":1615766400000},{"ccaa":"Castilla y Leon","dosisAdministradas":380228,"dosisEntregadas":438075,"dosisEntregadasModerna":27300,"dosisEntregadasPfizer":324975,"dosisEntregadasAstrazeneca":85800,"dosisPautaCompletada":124889,"porcentajeEntregadas":0.8679518347314957,"porcentajePoblacionAdministradas":0.15876451719850115,"porcentajePoblacionCompletas":0.05214750567660354,"fechaUltRegistro":1615766400000},{"ccaa":"Castilla La Mancha","dosisAdministradas":239085,"dosisEntregadas":307045,"dosisEntregadasModerna":18600,"dosisEntregadasPfizer":215145,"dosisEntregadasAstrazeneca":73300,"dosisPautaCompletada":80114,"porcentajeEntregadas":0.7786643651582016,"porcentajePoblacionAdministradas":0.11689934730769927,"porcentajePoblacionCompletas":0.0391713169383651,"fechaUltRegistro":1615766400000},{"ccaa":"Cataluña","dosisAdministradas":899255,"dosisEntregadas":1077680,"dosisEntregadasModerna":63400,"dosisEntregadasPfizer":735380,"dosisEntregadasAstrazeneca":278900,"dosisPautaCompletada":246018,"porcentajeEntregadas":0.8344360106896296,"porcentajePoblacionAdministradas":0.11557835963569853,"porcentajePoblacionCompletas":0.03161990412158429,"fechaUltRegistro":1615766400000},{"ccaa":"C. Valenciana","dosisAdministradas":486767,"dosisEntregadas":608650,"dosisEntregadasModerna":31700,"dosisEntregadasPfizer":395650,"dosisEntregadasAstrazeneca":181300,"dosisPautaCompletada":154732,"porcentajeEntregadas":0.7997486240039432,"porcentajePoblacionAdministradas":0.0962493620674689,"porcentajePoblacionCompletas":0.030595451810462904,"fechaUltRegistro":1615766400000},{"ccaa":"Extremadura","dosisAdministradas":151027,"dosisEntregadas":178365,"dosisEntregadasModerna":10900,"dosisEntregadasPfizer":129365,"dosisEntregadasAstrazeneca":38100,"dosisPautaCompletada":53832,"porcentajeEntregadas":0.8467300199030079,"porcentajePoblacionAdministradas":0.14194440345605727,"porcentajePoblacionCompletas":0.05059460312954951,"fechaUltRegistro":1615766400000},{"ccaa":"Galicia","dosisAdministradas":350571,"dosisEntregadas":384845,"dosisEntregadasModerna":19900,"dosisEntregadasPfizer":268045,"dosisEntregadasAstrazeneca":96900,"dosisPautaCompletada":95809,"porcentajeEntregadas":0.9109407683612883,"porcentajePoblacionAdministradas":0.12975369556583916,"porcentajePoblacionCompletas":0.0354609246585356,"fechaUltRegistro":1615766400000},{"ccaa":"La Rioja","dosisAdministradas":46881,"dosisEntregadas":50435,"dosisEntregadasModerna":2700,"dosisEntregadasPfizer":36335,"dosisEntregadasAstrazeneca":11400,"dosisPautaCompletada":14058,"porcentajeEntregadas":0.9295330623574899,"porcentajePoblacionAdministradas":0.1465425082991054,"porcentajePoblacionCompletas":0.043943059697293646,"fechaUltRegistro":1615766400000},{"ccaa":"Madrid","dosisAdministradas":792291,"dosisEntregadas":893365,"dosisEntregadasModerna":51300,"dosisEntregadasPfizer":598965,"dosisEntregadasAstrazeneca":243100,"dosisPautaCompletada":199142,"porcentajeEntregadas":0.8868614731940472,"porcentajePoblacionAdministradas":0.11685901006034317,"porcentajePoblacionCompletas":0.029372461609985297,"fechaUltRegistro":1615766400000},{"ccaa":"Murcia","dosisAdministradas":180650,"dosisEntregadas":215645,"dosisEntregadasModerna":13400,"dosisEntregadasPfizer":148145,"dosisEntregadasAstrazeneca":54100,"dosisPautaCompletada":57981,"porcentajeEntregadas":0.8377193999397158,"porcentajePoblacionAdministradas":0.11953672818082503,"porcentajePoblacionCompletas":0.03836622771465494,"fechaUltRegistro":1615766400000},{"ccaa":"Navarra","dosisAdministradas":86471,"dosisEntregadas":99265,"dosisEntregadasModerna":5900,"dosisEntregadasPfizer":69765,"dosisEntregadasAstrazeneca":23600,"dosisPautaCompletada":28229,"porcentajeEntregadas":0.8711126781846572,"porcentajePoblacionAdministradas":0.13077948024567565,"porcentajePoblacionCompletas":0.04269378112725859,"fechaUltRegistro":1615766400000},{"ccaa":"País Vasco","dosisAdministradas":240162,"dosisEntregadas":303680,"dosisEntregadasModerna":16000,"dosisEntregadasPfizer":208080,"dosisEntregadasAstrazeneca":79600,"dosisPautaCompletada":65625,"porcentajeEntregadas":0.7908390410958904,"porcentajePoblacionAdministradas":0.10815652662638753,"porcentajePoblacionCompletas":0.029554101231071866,"fechaUltRegistro":1615766400000},{"ccaa":"Ceuta","dosisAdministradas":9278,"dosisEntregadas":9190,"dosisEntregadasModerna":600,"dosisEntregadasPfizer":5490,"dosisEntregadasAstrazeneca":3100,"dosisPautaCompletada":2533,"porcentajeEntregadas":1.009575625680087,"porcentajePoblacionAdministradas":0.11018740647490559,"porcentajePoblacionCompletas":0.030082420845110567,"fechaUltRegistro":1615507200000},{"ccaa":"Melilla","dosisAdministradas":7682,"dosisEntregadas":8020,"dosisEntregadasModerna":600,"dosisEntregadasPfizer":4320,"dosisEntregadasAstrazeneca":3100,"dosisPautaCompletada":2370,"porcentajeEntregadas":0.9578553615960099,"porcentajePoblacionAdministradas":0.08822178326978732,"porcentajePoblacionCompletas":0.027217603013459508,"fechaUltRegistro":1615766400000},{"ccaa":"Totales","dosisAdministradas":5742218,"dosisEntregadas":6655195,"dosisEntregadasModerna":387600,"dosisEntregadasPfizer":4567095,"dosisEntregadasAstrazeneca":1700500,"dosisPautaCompletada":1728537,"porcentajeEntregadas":0.8628173930290547,"porcentajePoblacionAdministradas":0.12233101832126118,"porcentajePoblacionCompletas":0.03682439284192586,"fechaUltRegistro":null}]