[{"ccaa":"Andalucía","dosisAdministradas":13451678,"dosisEntregadas":13817630,"dosisEntregadasModerna":2019500,"dosisEntregadasPfizer":9935730,"dosisEntregadasAstrazeneca":1528900,"dosisEntregadasJanssen":333500,"dosisPrimeraDosis":6868917,"dosisPautaCompletada":6767662,"porcentajeEntregadas":0.9735155739443015,"porcentajePoblacionAdministradas":1.5892042576855023,"porcentajePoblacionPrimeraDosis":0.8115056086005276,"porcentajePoblacionCompletas":0.7995431696310588,"fechaUltRegistro":1637020800000,"etarios":{"unaDosis":{"etarioTotal":{"vacunados":6868917,"personasINE":7451975,"porcentaje":0.9217579232351155},"etarioRangos":[{"rango":{"min":12,"max":19},"vacunados":673199,"personasINE":752907,"porcentaje":0.831082448916302},{"rango":{"min":20,"max":29},"vacunados":771803,"personasINE":928672,"porcentaje":0.9052150220126286},{"rango":{"min":30,"max":39},"vacunados":934238,"personasINE":1140217,"porcentaje":0.9052150220126286},{"rango":{"min":40,"max":49},"vacunados":1253826,"personasINE":1385114,"porcentaje":0.9052150220126286},{"rango":{"min":50,"max":59},"vacunados":1217399,"personasINE":1265021,"porcentaje":0.9623547751381203},{"rango":{"min":60,"max":69},"vacunados":930266,"personasINE":930266,"porcentaje":1},{"rango":{"min":70,"max":79},"vacunados":654090,"personasINE":654090,"porcentaje":1},{"rango":{"min":80,"max":null},"vacunados":434096,"personasINE":434096,"porcentaje":1}]},"pautaCompleta":{"etarioTotal":{"vacunados":6767662,"personasINE":7451975,"porcentaje":0.9081702501685794},"etarioRangos":[{"rango":{"min":12,"max":19},"vacunados":656765,"personasINE":752907,"porcentaje":0.8052897040074429},{"rango":{"min":20,"max":29},"vacunados":747850,"personasINE":928672,"porcentaje":0.8955457817912461},{"rango":{"min":30,"max":39},"vacunados":912701,"personasINE":1140217,"porcentaje":0.8955457817912461},{"rango":{"min":40,"max":49},"vacunados":1240433,"personasINE":1385114,"porcentaje":0.8955457817912461},{"rango":{"min":50,"max":59},"vacunados":1207910,"personasINE":1265021,"porcentaje":0.9548537138909157},{"rango":{"min":60,"max":69},"vacunados":922649,"personasINE":916147,"porcentaje":1.0070971143277225},{"rango":{"min":70,"max":79},"vacunados":650141,"personasINE":650381,"porcentaje":0.99963098553002},{"rango":{"min":80,"max":null},"vacunados":429213,"personasINE":429213,"porcentaje":1}]}}},{"ccaa":"Aragón","dosisAdministradas":2092717,"dosisEntregadas":2198832,"dosisEntregadasModerna":293920,"dosisEntregadasPfizer":1577037,"dosisEntregadasAstrazeneca":264060,"dosisEntregadasJanssen":63815,"dosisPrimeraDosis":1069206,"dosisPautaCompletada":1051098,"porcentajeEntregadas":0.9517402875708558,"porcentajePoblacionAdministradas":1.5741922429142368,"porcentajePoblacionPrimeraDosis":0.804282562466573,"porcentajePoblacionCompletas":0.790661287762592,"fechaUltRegistro":1637020800000,"etarios":{"unaDosis":{"etarioTotal":{"vacunados":1069206,"personasINE":1185134,"porcentaje":0.902181525464631},"etarioRangos":[{"rango":{"min":12,"max":19},"vacunados":88585,"personasINE":103109,"porcentaje":0.8014662464244906},{"rango":{"min":20,"max":29},"vacunados":104512,"personasINE":130401,"porcentaje":0.8758415021656905},{"rango":{"min":30,"max":39},"vacunados":126232,"personasINE":164286,"porcentaje":0.8758415021656905},{"rango":{"min":40,"max":49},"vacunados":188256,"personasINE":214943,"porcentaje":0.8758415021656905},{"rango":{"min":50,"max":59},"vacunados":186229,"personasINE":198266,"porcentaje":0.9392886324432833},{"rango":{"min":60,"max":69},"vacunados":154667,"personasINE":156367,"porcentaje":0.9891281408481329},{"rango":{"min":70,"max":79},"vacunados":119361,"personasINE":119361,"porcentaje":1},{"rango":{"min":80,"max":null},"vacunados":101364,"personasINE":101364,"porcentaje":1}]},"pautaCompleta":{"etarioTotal":{"vacunados":1051098,"personasINE":1185134,"porcentaje":0.8869022405905155},"etarioRangos":[{"rango":{"min":12,"max":19},"vacunados":85862,"personasINE":103109,"porcentaje":0.7744265764833091},{"rango":{"min":20,"max":29},"vacunados":100986,"personasINE":130401,"porcentaje":0.863912758266145},{"rango":{"min":30,"max":39},"vacunados":122906,"personasINE":164286,"porcentaje":0.863912758266145},{"rango":{"min":40,"max":49},"vacunados":185692,"personasINE":214943,"porcentaje":0.863912758266145},{"rango":{"min":50,"max":59},"vacunados":184222,"personasINE":198266,"porcentaje":0.9291658680762208},{"rango":{"min":60,"max":69},"vacunados":152716,"personasINE":156367,"porcentaje":0.976651083668549},{"rango":{"min":70,"max":79},"vacunados":118654,"personasINE":118955,"porcentaje":0.9974696313732083},{"rango":{"min":80,"max":null},"vacunados":100060,"personasINE":100060,"porcentaje":1}]}}},{"ccaa":"Asturias","dosisAdministradas":1751855,"dosisEntregadas":1762945,"dosisEntregadasModerna":162000,"dosisEntregadasPfizer":1337045,"dosisEntregadasAstrazeneca":220900,"dosisEntregadasJanssen":43000,"dosisPrimeraDosis":874610,"dosisPautaCompletada":866750,"porcentajeEntregadas":0.9937093896860083,"porcentajePoblacionAdministradas":1.7195548811131702,"porcentajePoblacionPrimeraDosis":0.8584842321826806,"porcentajePoblacionCompletas":0.8507691522442441,"fechaUltRegistro":1636848000000,"etarios":{"unaDosis":{"etarioTotal":{"vacunados":874610,"personasINE":933927,"porcentaje":0.9364864705699696},"etarioRangos":[{"rango":{"min":12,"max":19},"vacunados":60703,"personasINE":64000,"porcentaje":0.8452933220411827},{"rango":{"min":20,"max":29},"vacunados":66872,"personasINE":79111,"porcentaje":0.9032474415095243},{"rango":{"min":30,"max":39},"vacunados":91211,"personasINE":114451,"porcentaje":0.9032474415095243},{"rango":{"min":40,"max":49},"vacunados":150836,"personasINE":166993,"porcentaje":0.9032474415095243},{"rango":{"min":50,"max":59},"vacunados":153295,"personasINE":162645,"porcentaje":0.9425128347013434},{"rango":{"min":60,"max":69},"vacunados":148279,"personasINE":149652,"porcentaje":0.990825381551867},{"rango":{"min":70,"max":79},"vacunados":114390,"personasINE":114390,"porcentaje":1},{"rango":{"min":80,"max":null},"vacunados":89024,"personasINE":89024,"porcentaje":1}]},"pautaCompleta":{"etarioTotal":{"vacunados":866750,"personasINE":933927,"porcentaje":0.9280703952236096},"etarioRangos":[{"rango":{"min":12,"max":19},"vacunados":59683,"personasINE":64000,"porcentaje":0.8247904842562981},{"rango":{"min":20,"max":29},"vacunados":65250,"personasINE":79111,"porcentaje":0.8978460174977394},{"rango":{"min":30,"max":39},"vacunados":89642,"personasINE":114451,"porcentaje":0.8978460174977394},{"rango":{"min":40,"max":49},"vacunados":149934,"personasINE":166993,"porcentaje":0.8978460174977394},{"rango":{"min":50,"max":59},"vacunados":152545,"personasINE":162645,"porcentaje":0.9379015647576009},{"rango":{"min":60,"max":69},"vacunados":147468,"personasINE":149652,"porcentaje":0.9854061422500201},{"rango":{"min":70,"max":79},"vacunados":113975,"personasINE":113975,"porcentaje":1},{"rango":{"min":80,"max":null},"vacunados":88253,"personasINE":88253,"porcentaje":1}]}}},{"ccaa":"Baleares","dosisAdministradas":1676099,"dosisEntregadas":1938050,"dosisEntregadasModerna":305100,"dosisEntregadasPfizer":1318950,"dosisEntregadasAstrazeneca":256400,"dosisEntregadasJanssen":57600,"dosisPrimeraDosis":862431,"dosisPautaCompletada":846462,"porcentajeEntregadas":0.8648378524805862,"porcentajePoblacionAdministradas":1.4306764668475678,"porcentajePoblacionPrimeraDosis":0.7361496761109068,"porcentajePoblacionCompletas":0.7225189344309172,"fechaUltRegistro":1637020800000,"etarios":{"unaDosis":{"etarioTotal":{"vacunados":862431,"personasINE":1034867,"porcentaje":0.8333737572074479},"etarioRangos":[{"rango":{"min":12,"max":19},"vacunados":75478,"personasINE":95480,"porcentaje":0.712980818024967},{"rango":{"min":20,"max":29},"vacunados":98350,"personasINE":137942,"porcentaje":0.8172060221562579},{"rango":{"min":30,"max":39},"vacunados":127940,"personasINE":182187,"porcentaje":0.8172060221562579},{"rango":{"min":40,"max":49},"vacunados":168485,"personasINE":206172,"porcentaje":0.8172060221562579},{"rango":{"min":50,"max":59},"vacunados":150709,"personasINE":165797,"porcentaje":0.908997147113639},{"rango":{"min":60,"max":69},"vacunados":110573,"personasINE":117231,"porcentaje":0.943206148544327},{"rango":{"min":70,"max":79},"vacunados":79354,"personasINE":80516,"porcentaje":0.9855680858462914},{"rango":{"min":80,"max":null},"vacunados":51542,"personasINE":51542,"porcentaje":1}]},"pautaCompleta":{"etarioTotal":{"vacunados":846462,"personasINE":1034867,"porcentaje":0.8179427887834861},"etarioRangos":[{"rango":{"min":12,"max":19},"vacunados":73217,"personasINE":95480,"porcentaje":0.6861289527482565},{"rango":{"min":20,"max":29},"vacunados":94646,"personasINE":137942,"porcentaje":0.8045612401296005},{"rango":{"min":30,"max":39},"vacunados":124139,"personasINE":182187,"porcentaje":0.8045612401296005},{"rango":{"min":40,"max":49},"vacunados":165878,"personasINE":206172,"porcentaje":0.8045612401296005},{"rango":{"min":50,"max":59},"vacunados":149061,"personasINE":165797,"porcentaje":0.8990572808916929},{"rango":{"min":60,"max":69},"vacunados":109571,"personasINE":117231,"porcentaje":0.9346589212750893},{"rango":{"min":70,"max":79},"vacunados":78948,"personasINE":80516,"porcentaje":0.9805256098166824},{"rango":{"min":80,"max":null},"vacunados":51002,"personasINE":51002,"porcentaje":1}]}}},{"ccaa":"Canarias","dosisAdministradas":3225556,"dosisEntregadas":3567300,"dosisEntregadasModerna":574700,"dosisEntregadasPfizer":2403150,"dosisEntregadasAstrazeneca":455800,"dosisEntregadasJanssen":133650,"dosisPrimeraDosis":1685394,"dosisPautaCompletada":1646217,"porcentajeEntregadas":0.9042009362823424,"porcentajePoblacionAdministradas":1.4823654198254372,"porcentajePoblacionPrimeraDosis":0.7745547695905056,"porcentajePoblacionCompletas":0.7565502364022736,"fechaUltRegistro":1637020800000,"etarios":{"unaDosis":{"etarioTotal":{"vacunados":1685394,"personasINE":1960774,"porcentaje":0.8595554612617262},"etarioRangos":[{"rango":{"min":12,"max":19},"vacunados":155022,"personasINE":179797,"porcentaje":0.753888809444365},{"rango":{"min":20,"max":29},"vacunados":189790,"personasINE":251748,"porcentaje":0.8218233468411338},{"rango":{"min":30,"max":39},"vacunados":230850,"personasINE":310934,"porcentaje":0.8218233468411338},{"rango":{"min":40,"max":49},"vacunados":318805,"personasINE":387924,"porcentaje":0.8218233468411338},{"rango":{"min":50,"max":59},"vacunados":321270,"personasINE":350512,"porcentaje":0.9165734696672296},{"rango":{"min":60,"max":69},"vacunados":224852,"personasINE":235092,"porcentaje":0.9564425841798104},{"rango":{"min":70,"max":79},"vacunados":151626,"personasINE":154531,"porcentaje":0.9812011829341686},{"rango":{"min":80,"max":null},"vacunados":93179,"personasINE":93179,"porcentaje":1}]},"pautaCompleta":{"etarioTotal":{"vacunados":1646217,"personasINE":1960774,"porcentaje":0.8395750861649532},"etarioRangos":[{"rango":{"min":12,"max":19},"vacunados":145933,"personasINE":179797,"porcentaje":0.7140195751306863},{"rango":{"min":20,"max":29},"vacunados":179753,"personasINE":251748,"porcentaje":0.8108211917798331},{"rango":{"min":30,"max":39},"vacunados":223446,"personasINE":310934,"porcentaje":0.8108211917798331},{"rango":{"min":40,"max":49},"vacunados":314537,"personasINE":387924,"porcentaje":0.8108211917798331},{"rango":{"min":50,"max":59},"vacunados":318790,"personasINE":350512,"porcentaje":0.909498105628338},{"rango":{"min":60,"max":69},"vacunados":221283,"personasINE":235092,"porcentaje":0.9412612934510745},{"rango":{"min":70,"max":79},"vacunados":150416,"personasINE":154531,"porcentaje":0.9733710388206896},{"rango":{"min":80,"max":null},"vacunados":92059,"personasINE":92059,"porcentaje":1}]}}},{"ccaa":"Cantabria","dosisAdministradas":955969,"dosisEntregadas":1030555,"dosisEntregadasModerna":114900,"dosisEntregadasPfizer":768255,"dosisEntregadasAstrazeneca":125200,"dosisEntregadasJanssen":22200,"dosisPrimeraDosis":483698,"dosisPautaCompletada":479520,"porcentajeEntregadas":0.9276254057279816,"porcentajePoblacionAdministradas":1.640008234617991,"porcentajePoblacionPrimeraDosis":0.8298058860363181,"porcentajePoblacionCompletas":0.822638337293384,"fechaUltRegistro":1636848000000,"etarios":{"unaDosis":{"etarioTotal":{"vacunados":483698,"personasINE":524127,"porcentaje":0.9228641149950298},"etarioRangos":[{"rango":{"min":12,"max":19},"vacunados":39717,"personasINE":43963,"porcentaje":0.8200970200970201},{"rango":{"min":20,"max":29},"vacunados":41419,"personasINE":50505,"porcentaje":0.9018707361229019},{"rango":{"min":30,"max":39},"vacunados":54915,"personasINE":70473,"porcentaje":0.9018707361229019},{"rango":{"min":40,"max":49},"vacunados":88175,"personasINE":97769,"porcentaje":0.9018707361229019},{"rango":{"min":50,"max":59},"vacunados":84384,"personasINE":89964,"porcentaje":0.9379751900760304},{"rango":{"min":60,"max":69},"vacunados":76751,"personasINE":77345,"porcentaje":0.9923201241192061},{"rango":{"min":70,"max":79},"vacunados":55969,"personasINE":55969,"porcentaje":1},{"rango":{"min":80,"max":null},"vacunados":42368,"personasINE":42368,"porcentaje":1}]},"pautaCompleta":{"etarioTotal":{"vacunados":479520,"personasINE":524127,"porcentaje":0.9148927645398921},"etarioRangos":[{"rango":{"min":12,"max":19},"vacunados":38904,"personasINE":43963,"porcentaje":0.8035046035046035},{"rango":{"min":20,"max":29},"vacunados":40581,"personasINE":50505,"porcentaje":0.8955394859311233},{"rango":{"min":30,"max":39},"vacunados":54235,"personasINE":70473,"porcentaje":0.8955394859311233},{"rango":{"min":40,"max":49},"vacunados":87556,"personasINE":97769,"porcentaje":0.8955394859311233},{"rango":{"min":50,"max":59},"vacunados":83981,"personasINE":89964,"porcentaje":0.9334956204704103},{"rango":{"min":60,"max":69},"vacunados":76470,"personasINE":77345,"porcentaje":0.9886870515223997},{"rango":{"min":70,"max":79},"vacunados":55808,"personasINE":55808,"porcentaje":1},{"rango":{"min":80,"max":null},"vacunados":41985,"personasINE":41985,"porcentaje":1}]}}},{"ccaa":"Castilla y Leon","dosisAdministradas":3957983,"dosisEntregadas":4260510,"dosisEntregadasModerna":411830,"dosisEntregadasPfizer":3274545,"dosisEntregadasAstrazeneca":473110,"dosisEntregadasJanssen":101025,"dosisPrimeraDosis":2008335,"dosisPautaCompletada":1971587,"porcentajeEntregadas":0.9289927731656539,"porcentajePoblacionAdministradas":1.6526590889541939,"porcentajePoblacionPrimeraDosis":0.8385819472733513,"porcentajePoblacionCompletas":0.8232377893522868,"fechaUltRegistro":1637020800000,"etarios":{"unaDosis":{"etarioTotal":{"vacunados":2008335,"personasINE":2176253,"porcentaje":0.9228407726491359},"etarioRangos":[{"rango":{"min":12,"max":19},"vacunados":145214,"personasINE":165342,"porcentaje":0.8251945442309697},{"rango":{"min":20,"max":29},"vacunados":174121,"personasINE":211006,"porcentaje":0.8839625108380011},{"rango":{"min":30,"max":39},"vacunados":213302,"personasINE":267783,"porcentaje":0.8839625108380011},{"rango":{"min":40,"max":49},"vacunados":321148,"personasINE":363305,"porcentaje":0.8839625108380011},{"rango":{"min":50,"max":59},"vacunados":353399,"personasINE":381175,"porcentaje":0.9271305830655211},{"rango":{"min":60,"max":69},"vacunados":320823,"personasINE":320823,"porcentaje":1},{"rango":{"min":70,"max":79},"vacunados":250867,"personasINE":250867,"porcentaje":1},{"rango":{"min":80,"max":null},"vacunados":229461,"personasINE":229461,"porcentaje":1}]},"pautaCompleta":{"etarioTotal":{"vacunados":1971587,"personasINE":2176253,"porcentaje":0.9059548682988605},"etarioRangos":[{"rango":{"min":12,"max":19},"vacunados":135673,"personasINE":165342,"porcentaje":0.7937831151720804},{"rango":{"min":20,"max":29},"vacunados":167493,"personasINE":211006,"porcentaje":0.8712294077978558},{"rango":{"min":30,"max":39},"vacunados":207594,"personasINE":267783,"porcentaje":0.8712294077978558},{"rango":{"min":40,"max":49},"vacunados":316522,"personasINE":363305,"porcentaje":0.8712294077978558},{"rango":{"min":50,"max":59},"vacunados":349323,"personasINE":381175,"porcentaje":0.916437331934151},{"rango":{"min":60,"max":69},"vacunados":318414,"personasINE":318575,"porcentaje":0.9994946244997254},{"rango":{"min":70,"max":79},"vacunados":249350,"personasINE":249350,"porcentaje":1},{"rango":{"min":80,"max":null},"vacunados":227218,"personasINE":227218,"porcentaje":1}]}}},{"ccaa":"Castilla La Mancha","dosisAdministradas":3146421,"dosisEntregadas":3295730,"dosisEntregadasModerna":446270,"dosisEntregadasPfizer":2360925,"dosisEntregadasAstrazeneca":394800,"dosisEntregadasJanssen":93735,"dosisPrimeraDosis":1623150,"dosisPautaCompletada":1566432,"porcentajeEntregadas":0.9546962281497574,"porcentajePoblacionAdministradas":1.53842592071957,"porcentajePoblacionPrimeraDosis":0.7936306149799949,"porcentajePoblacionCompletas":0.7658986486057008,"fechaUltRegistro":1636761600000},{"ccaa":"Cataluña","dosisAdministradas":11523072,"dosisEntregadas":11863410,"dosisEntregadasModerna":1604900,"dosisEntregadasPfizer":8368460,"dosisEntregadasAstrazeneca":1514300,"dosisEntregadasJanssen":375750,"dosisPrimeraDosis":6005221,"dosisPautaCompletada":5883644,"porcentajeEntregadas":0.9713119583661022,"porcentajePoblacionAdministradas":1.481023469120603,"porcentajePoblacionPrimeraDosis":0.771831785677977,"porcentajePoblacionCompletas":0.7562058839822072,"fechaUltRegistro":1637020800000,"etarios":{"unaDosis":{"etarioTotal":{"vacunados":6005221,"personasINE":6868360,"porcentaje":0.8743311358169927},"etarioRangos":[{"rango":{"min":12,"max":19},"vacunados":537142,"personasINE":656166,"porcentaje":0.7705138061947588},{"rango":{"min":20,"max":29},"vacunados":646411,"personasINE":838935,"porcentaje":0.8596147347076715},{"rango":{"min":30,"max":39},"vacunados":784221,"personasINE":1044652,"porcentaje":0.8596147347076715},{"rango":{"min":40,"max":49},"vacunados":1131902,"personasINE":1316755,"porcentaje":0.8596147347076715},{"rango":{"min":50,"max":59},"vacunados":1027252,"personasINE":1091780,"porcentaje":0.9408965176134386},{"rango":{"min":60,"max":69},"vacunados":800493,"personasINE":837584,"porcentaje":0.9557166803568359},{"rango":{"min":70,"max":79},"vacunados":618716,"personasINE":635292,"porcentaje":0.9739080611750187},{"rango":{"min":80,"max":null},"vacunados":459084,"personasINE":459084,"porcentaje":1}]},"pautaCompleta":{"etarioTotal":{"vacunados":5883644,"personasINE":6868360,"porcentaje":0.8566301125741808},"etarioRangos":[{"rango":{"min":12,"max":19},"vacunados":518297,"personasINE":656166,"porcentaje":0.7373670188989612},{"rango":{"min":20,"max":29},"vacunados":618603,"personasINE":838935,"porcentaje":0.8461809524171163},{"rango":{"min":30,"max":39},"vacunados":758797,"personasINE":1044652,"porcentaje":0.8461809524171163},{"rango":{"min":40,"max":49},"vacunados":1114213,"personasINE":1316755,"porcentaje":0.8461809524171163},{"rango":{"min":50,"max":59},"vacunados":1016458,"personasINE":1091780,"porcentaje":0.9310099104215135},{"rango":{"min":60,"max":69},"vacunados":789003,"personasINE":837584,"porcentaje":0.9419986532694035},{"rango":{"min":70,"max":79},"vacunados":614771,"personasINE":635292,"porcentaje":0.9676983182536535},{"rango":{"min":80,"max":null},"vacunados":453502,"personasINE":453502,"porcentaje":1}]}}},{"ccaa":"C. Valenciana","dosisAdministradas":7998626,"dosisEntregadas":8488680,"dosisEntregadasModerna":1213650,"dosisEntregadasPfizer":6197680,"dosisEntregadasAstrazeneca":863900,"dosisEntregadasJanssen":213450,"dosisPrimeraDosis":4086128,"dosisPautaCompletada":4022584,"porcentajeEntregadas":0.9422697050660409,"porcentajePoblacionAdministradas":1.5815834884375284,"porcentajePoblacionPrimeraDosis":0.807957838814099,"porcentajePoblacionCompletas":0.7953931631823999,"fechaUltRegistro":1637020800000,"etarios":{"unaDosis":{"etarioTotal":{"vacunados":4086128,"personasINE":4488459,"porcentaje":0.9103632226561499},"etarioRangos":[{"rango":{"min":12,"max":19},"vacunados":374257,"personasINE":424531,"porcentaje":0.8281039901109419},{"rango":{"min":20,"max":29},"vacunados":427406,"personasINE":516126,"porcentaje":0.8854997956758432},{"rango":{"min":30,"max":39},"vacunados":511841,"personasINE":648759,"porcentaje":0.8854997956758432},{"rango":{"min":40,"max":49},"vacunados":754081,"personasINE":851588,"porcentaje":0.8854997956758432},{"rango":{"min":50,"max":59},"vacunados":715652,"personasINE":752334,"porcentaje":0.9512424003168806},{"rango":{"min":60,"max":69},"vacunados":570708,"personasINE":580728,"porcentaje":0.9827457949332562},{"rango":{"min":70,"max":79},"vacunados":434751,"personasINE":437862,"porcentaje":0.9928950217191718},{"rango":{"min":80,"max":null},"vacunados":297432,"personasINE":297432,"porcentaje":1}]},"pautaCompleta":{"etarioTotal":{"vacunados":4022584,"personasINE":4488459,"porcentaje":0.8962060252750443},"etarioRangos":[{"rango":{"min":12,"max":19},"vacunados":361601,"personasINE":424531,"porcentaje":0.8008509549993607},{"rango":{"min":20,"max":29},"vacunados":413340,"personasINE":516126,"porcentaje":0.8759517513163643},{"rango":{"min":30,"max":39},"vacunados":500058,"personasINE":648759,"porcentaje":0.8759517513163643},{"rango":{"min":40,"max":49},"vacunados":745950,"personasINE":851588,"porcentaje":0.8759517513163643},{"rango":{"min":50,"max":59},"vacunados":710252,"personasINE":752334,"porcentaje":0.9440647372044864},{"rango":{"min":60,"max":69},"vacunados":565831,"personasINE":580728,"porcentaje":0.9743477152815088},{"rango":{"min":70,"max":79},"vacunados":432076,"personasINE":437862,"porcentaje":0.9867857909569682},{"rango":{"min":80,"max":null},"vacunados":293476,"personasINE":293476,"porcentaje":1}]}}},{"ccaa":"Extremadura","dosisAdministradas":1813067,"dosisEntregadas":1833705,"dosisEntregadasModerna":218200,"dosisEntregadasPfizer":1377755,"dosisEntregadasAstrazeneca":186000,"dosisEntregadasJanssen":51750,"dosisPrimeraDosis":900018,"dosisPautaCompletada":886266,"porcentajeEntregadas":0.9887451907476938,"porcentajePoblacionAdministradas":1.70403115827543,"porcentajePoblacionPrimeraDosis":0.8458919140929353,"porcentajePoblacionCompletas":0.8329669441449943,"fechaUltRegistro":1637020800000,"etarios":{"unaDosis":{"etarioTotal":{"vacunados":900018,"personasINE":953437,"porcentaje":0.943972176452141},"etarioRangos":[{"rango":{"min":12,"max":19},"vacunados":77598,"personasINE":84750,"porcentaje":0.8277003176844334},{"rango":{"min":20,"max":29},"vacunados":93795,"personasINE":113320,"porcentaje":0.9179279471328075},{"rango":{"min":30,"max":39},"vacunados":113389,"personasINE":133479,"porcentaje":0.9179279471328075},{"rango":{"min":40,"max":49},"vacunados":146404,"personasINE":159494,"porcentaje":0.9179279471328075},{"rango":{"min":50,"max":59},"vacunados":161613,"personasINE":169216,"porcentaje":0.9550692605900152},{"rango":{"min":60,"max":69},"vacunados":132940,"personasINE":132940,"porcentaje":1},{"rango":{"min":70,"max":79},"vacunados":95980,"personasINE":95980,"porcentaje":1},{"rango":{"min":80,"max":null},"vacunados":78299,"personasINE":78299,"porcentaje":1}]},"pautaCompleta":{"etarioTotal":{"vacunados":886266,"personasINE":953437,"porcentaje":0.92954857006808},"etarioRangos":[{"rango":{"min":12,"max":19},"vacunados":75006,"personasINE":84750,"porcentaje":0.8003618072714437},{"rango":{"min":20,"max":29},"vacunados":90697,"personasINE":113320,"porcentaje":0.9063099552334257},{"rango":{"min":30,"max":39},"vacunados":110884,"personasINE":133479,"porcentaje":0.9063099552334257},{"rango":{"min":40,"max":49},"vacunados":144551,"personasINE":159494,"porcentaje":0.9063099552334257},{"rango":{"min":50,"max":59},"vacunados":160388,"personasINE":169216,"porcentaje":0.9478299924357034},{"rango":{"min":60,"max":69},"vacunados":131728,"personasINE":125296.99999999999,"porcentaje":1.051326049306847},{"rango":{"min":70,"max":79},"vacunados":95507,"personasINE":95507,"porcentaje":1},{"rango":{"min":80,"max":null},"vacunados":77505,"personasINE":77505,"porcentaje":1}]}}},{"ccaa":"Galicia","dosisAdministradas":4587589,"dosisEntregadas":4680389,"dosisEntregadasModerna":527400,"dosisEntregadasPfizer":3456889,"dosisEntregadasAstrazeneca":573400,"dosisEntregadasJanssen":122700,"dosisPrimeraDosis":2313231,"dosisPautaCompletada":2293005,"porcentajeEntregadas":0.9801725882186288,"porcentajePoblacionAdministradas":1.6979631129990573,"porcentajePoblacionPrimeraDosis":0.8561754136750093,"porcentajePoblacionCompletas":0.8486893459554471,"fechaUltRegistro":1637020800000,"etarios":{"unaDosis":{"etarioTotal":{"vacunados":2313231,"personasINE":2454497,"porcentaje":0.9424460490275605},"etarioRangos":[{"rango":{"min":12,"max":19},"vacunados":169790,"personasINE":180007,"porcentaje":0.863763686190639},{"rango":{"min":20,"max":29},"vacunados":199513,"personasINE":230981,"porcentaje":0.9216192373556307},{"rango":{"min":30,"max":39},"vacunados":264263,"personasINE":323408,"porcentaje":0.9216192373556307},{"rango":{"min":40,"max":49},"vacunados":408481,"personasINE":443221,"porcentaje":0.9216192373556307},{"rango":{"min":50,"max":59},"vacunados":391165,"personasINE":405889,"porcentaje":0.9637240723449022},{"rango":{"min":60,"max":69},"vacunados":346237,"personasINE":346927,"porcentaje":0.9980111089652867},{"rango":{"min":70,"max":79},"vacunados":291399,"personasINE":291399,"porcentaje":1},{"rango":{"min":80,"max":null},"vacunados":242383,"personasINE":242383,"porcentaje":1}]},"pautaCompleta":{"etarioTotal":{"vacunados":2293005,"personasINE":2454497,"porcentaje":0.9342056641340364},"etarioRangos":[{"rango":{"min":12,"max":19},"vacunados":166054,"personasINE":180007,"porcentaje":0.8439265567297743},{"rango":{"min":20,"max":29},"vacunados":194931,"personasINE":230981,"porcentaje":0.9154688067578025},{"rango":{"min":30,"max":39},"vacunados":260683,"personasINE":323408,"porcentaje":0.9154688067578025},{"rango":{"min":40,"max":49},"vacunados":405755,"personasINE":443221,"porcentaje":0.9154688067578025},{"rango":{"min":50,"max":59},"vacunados":389310,"personasINE":405889,"porcentaje":0.9591538573353798},{"rango":{"min":60,"max":69},"vacunados":345211,"personasINE":346927,"porcentaje":0.9950537144701911},{"rango":{"min":70,"max":79},"vacunados":290236,"personasINE":290236,"porcentaje":1},{"rango":{"min":80,"max":null},"vacunados":240825,"personasINE":240825,"porcentaje":1}]}}},{"ccaa":"La Rioja","dosisAdministradas":502096,"dosisEntregadas":557335,"dosisEntregadasModerna":67600,"dosisEntregadasPfizer":421265,"dosisEntregadasAstrazeneca":53270,"dosisEntregadasJanssen":15200,"dosisPrimeraDosis":261083,"dosisPautaCompletada":256359,"porcentajeEntregadas":0.9008872581122664,"porcentajePoblacionAdministradas":1.5694717955450528,"porcentajePoblacionPrimeraDosis":0.8161037028701463,"porcentajePoblacionCompletas":0.8013372343817401,"fechaUltRegistro":1636934400000,"etarios":{"unaDosis":{"etarioTotal":{"vacunados":261083,"personasINE":283970,"porcentaje":0.9194034581117724},"etarioRangos":[{"rango":{"min":12,"max":19},"vacunados":22178,"personasINE":25532,"porcentaje":0.7982467660384792},{"rango":{"min":20,"max":29},"vacunados":24313,"personasINE":30458,"porcentaje":0.8999943339565981},{"rango":{"min":30,"max":39},"vacunados":31364,"personasINE":39319,"porcentaje":0.8999943339565981},{"rango":{"min":40,"max":49},"vacunados":47652,"personasINE":52947,"porcentaje":0.8999943339565981},{"rango":{"min":50,"max":59},"vacunados":45441,"personasINE":47664,"porcentaje":0.9533610271903323},{"rango":{"min":60,"max":69},"vacunados":38080,"personasINE":38080,"porcentaje":1},{"rango":{"min":70,"max":79},"vacunados":28673,"personasINE":28673,"porcentaje":1},{"rango":{"min":80,"max":null},"vacunados":23382,"personasINE":23382,"porcentaje":1}]},"pautaCompleta":{"etarioTotal":{"vacunados":256359,"personasINE":283970,"porcentaje":0.9027678980173962},"etarioRangos":[{"rango":{"min":12,"max":19},"vacunados":21395,"personasINE":25532,"porcentaje":0.7689277037231598},{"rango":{"min":20,"max":29},"vacunados":23420,"personasINE":30458,"porcentaje":0.8856781309611498},{"rango":{"min":30,"max":39},"vacunados":30558,"personasINE":39319,"porcentaje":0.8856781309611498},{"rango":{"min":40,"max":49},"vacunados":46894,"personasINE":52947,"porcentaje":0.8856781309611498},{"rango":{"min":50,"max":59},"vacunados":44822,"personasINE":47664,"porcentaje":0.9403742866733803},{"rango":{"min":60,"max":69},"vacunados":37522,"personasINE":37718,"porcentaje":0.9948035420754017},{"rango":{"min":70,"max":79},"vacunados":28572,"personasINE":28572,"porcentaje":1},{"rango":{"min":80,"max":null},"vacunados":23176,"personasINE":23176,"porcentaje":1}]}}},{"ccaa":"Madrid","dosisAdministradas":10207333,"dosisEntregadas":10831935,"dosisEntregadasModerna":1645800,"dosisEntregadasPfizer":7637685,"dosisEntregadasAstrazeneca":1227000,"dosisEntregadasJanssen":321450,"dosisPrimeraDosis":5370852,"dosisPautaCompletada":5262497,"porcentajeEntregadas":0.9423369878050413,"porcentajePoblacionAdministradas":1.5055312123150117,"porcentajePoblacionPrimeraDosis":0.7921741480095247,"porcentajePoblacionCompletas":0.776192320581107,"fechaUltRegistro":1636848000000,"etarios":{"unaDosis":{"etarioTotal":{"vacunados":5370852,"personasINE":5977937,"porcentaje":0.8984457347074751},"etarioRangos":[{"rango":{"min":12,"max":19},"vacunados":458036,"personasINE":553542,"porcentaje":0.8151870433347924},{"rango":{"min":20,"max":29},"vacunados":605256,"personasINE":742475,"porcentaje":0.8883394183903374},{"rango":{"min":30,"max":39},"vacunados":753142,"personasINE":949640,"porcentaje":0.8883394183903374},{"rango":{"min":40,"max":49},"vacunados":1035778,"personasINE":1165971,"porcentaje":0.8883394183903374},{"rango":{"min":50,"max":59},"vacunados":943007,"personasINE":972783,"porcentaje":0.9693909124645476},{"rango":{"min":60,"max":69},"vacunados":689919,"personasINE":703323,"porcentaje":0.9809419000942667},{"rango":{"min":70,"max":79},"vacunados":511500,"personasINE":526081,"porcentaje":0.972283735774529},{"rango":{"min":80,"max":null},"vacunados":374214,"personasINE":374214,"porcentaje":1}]},"pautaCompleta":{"etarioTotal":{"vacunados":5262497,"personasINE":5977937,"porcentaje":0.8803199163858703},"etarioRangos":[{"rango":{"min":12,"max":19},"vacunados":444834,"personasINE":553542,"porcentaje":0.7806188760564329},{"rango":{"min":20,"max":29},"vacunados":579590,"personasINE":742475,"porcentaje":0.8717086445546244},{"rango":{"min":30,"max":39},"vacunados":728000,"personasINE":949640.0000000001,"porcentaje":0.8717086445546244},{"rango":{"min":40,"max":49},"vacunados":1016387,"personasINE":1165971,"porcentaje":0.8717086445546244},{"rango":{"min":50,"max":59},"vacunados":935254,"personasINE":972783,"porcentaje":0.9614209952270959},{"rango":{"min":60,"max":69},"vacunados":677752,"personasINE":703323,"porcentaje":0.9636425938011411},{"rango":{"min":70,"max":79},"vacunados":509367,"personasINE":526081,"porcentaje":0.9682292270581907},{"rango":{"min":80,"max":null},"vacunados":371313,"personasINE":371313,"porcentaje":1}]}}},{"ccaa":"Murcia","dosisAdministradas":2328002,"dosisEntregadas":2407175,"dosisEntregadasModerna":398000,"dosisEntregadasPfizer":1687865,"dosisEntregadasAstrazeneca":253010,"dosisEntregadasJanssen":68300,"dosisPrimeraDosis":1196712,"dosisPautaCompletada":1166834,"porcentajeEntregadas":0.9671095786554779,"porcentajePoblacionAdministradas":1.5404469542121064,"porcentajePoblacionPrimeraDosis":0.7918684586478355,"porcentajePoblacionCompletas":0.772098082978936,"fechaUltRegistro":1636934400000,"etarios":{"unaDosis":{"etarioTotal":{"vacunados":1196712,"personasINE":1310137,"porcentaje":0.9134250845522263},"etarioRangos":[{"rango":{"min":12,"max":19},"vacunados":120780,"personasINE":141894,"porcentaje":0.8240618178440389},{"rango":{"min":20,"max":29},"vacunados":141943,"personasINE":172248,"porcentaje":0.9136163867215934},{"rango":{"min":30,"max":39},"vacunados":168013,"personasINE":209003,"porcentaje":0.9136163867215934},{"rango":{"min":40,"max":49},"vacunados":232202,"personasINE":254156.99999999997,"porcentaje":0.9136163867215934},{"rango":{"min":50,"max":59},"vacunados":207743,"personasINE":213256,"porcentaje":0.9741484413099749},{"rango":{"min":60,"max":69},"vacunados":148542,"personasINE":148542,"porcentaje":1},{"rango":{"min":70,"max":79},"vacunados":103454,"personasINE":103454,"porcentaje":1},{"rango":{"min":80,"max":null},"vacunados":74035,"personasINE":74035,"porcentaje":1}]},"pautaCompleta":{"etarioTotal":{"vacunados":1166834,"personasINE":1310137,"porcentaje":0.8906198359408215},"etarioRangos":[{"rango":{"min":12,"max":19},"vacunados":115881,"personasINE":141894,"porcentaje":0.782964098276903},{"rango":{"min":20,"max":29},"vacunados":134864,"personasINE":172248,"porcentaje":0.8939041616009002},{"rango":{"min":30,"max":39},"vacunados":162107,"personasINE":209003,"porcentaje":0.8939041616009002},{"rango":{"min":40,"max":49},"vacunados":227192,"personasINE":254157,"porcentaje":0.8939041616009002},{"rango":{"min":50,"max":59},"vacunados":205102,"personasINE":213256,"porcentaje":0.9617642645458979},{"rango":{"min":60,"max":69},"vacunados":145905,"personasINE":146909,"porcentaje":0.9931658373550973},{"rango":{"min":70,"max":79},"vacunados":102543,"personasINE":102899,"porcentaje":0.9965402967958872},{"rango":{"min":80,"max":null},"vacunados":73240,"personasINE":73240,"porcentaje":1}]}}},{"ccaa":"Navarra","dosisAdministradas":1039993,"dosisEntregadas":1074255,"dosisEntregadasModerna":151500,"dosisEntregadasPfizer":762405,"dosisEntregadasAstrazeneca":136600,"dosisEntregadasJanssen":23750,"dosisPrimeraDosis":529145,"dosisPautaCompletada":523087,"porcentajeEntregadas":0.9681062689957226,"porcentajePoblacionAdministradas":1.5728943113776983,"porcentajePoblacionPrimeraDosis":0.8002834253633939,"porcentajePoblacionCompletas":0.79112125433116,"fechaUltRegistro":1637020800000,"etarios":{"unaDosis":{"etarioTotal":{"vacunados":529145,"personasINE":581354,"porcentaje":0.9101941330067395},"etarioRangos":[{"rango":{"min":12,"max":19},"vacunados":49334,"personasINE":56388,"porcentaje":0.8419862903107431},{"rango":{"min":20,"max":29},"vacunados":57362,"personasINE":68127,"porcentaje":0.883928075406011},{"rango":{"min":30,"max":39},"vacunados":64259,"personasINE":81341,"porcentaje":0.883928075406011},{"rango":{"min":40,"max":49},"vacunados":95466,"personasINE":108002,"porcentaje":0.883928075406011},{"rango":{"min":50,"max":59},"vacunados":91981,"personasINE":96694,"porcentaje":0.9512586096345171},{"rango":{"min":60,"max":69},"vacunados":72319,"personasINE":73844,"porcentaje":0.9793483559937165},{"rango":{"min":70,"max":79},"vacunados":55905,"personasINE":55905,"porcentaje":1},{"rango":{"min":80,"max":null},"vacunados":42519,"personasINE":42519,"porcentaje":1}]},"pautaCompleta":{"etarioTotal":{"vacunados":523087,"personasINE":581354,"porcentaje":0.8997736319007008},"etarioRangos":[{"rango":{"min":12,"max":19},"vacunados":48494,"personasINE":56388,"porcentaje":0.8186328474760374},{"rango":{"min":20,"max":29},"vacunados":55771,"personasINE":68127,"porcentaje":0.8762152552730506},{"rango":{"min":30,"max":39},"vacunados":63167,"personasINE":81341,"porcentaje":0.8762152552730506},{"rango":{"min":40,"max":49},"vacunados":94633,"personasINE":108002,"porcentaje":0.8762152552730506},{"rango":{"min":50,"max":59},"vacunados":91368,"personasINE":96694,"porcentaje":0.9449190228969739},{"rango":{"min":60,"max":69},"vacunados":71756,"personasINE":73844,"porcentaje":0.9717241752884459},{"rango":{"min":70,"max":79},"vacunados":55765,"personasINE":55792,"porcentaje":0.999516059650129},{"rango":{"min":80,"max":null},"vacunados":42133,"personasINE":42133,"porcentaje":1}]}}},{"ccaa":"País Vasco","dosisAdministradas":3500531,"dosisEntregadas":3719130,"dosisEntregadasModerna":526100,"dosisEntregadasPfizer":2647530,"dosisEntregadasAstrazeneca":444200,"dosisEntregadasJanssen":101300,"dosisPrimeraDosis":1817581,"dosisPautaCompletada":1787318,"porcentajeEntregadas":0.9412230817422355,"porcentajePoblacionAdministradas":1.5764578672229368,"porcentajePoblacionPrimeraDosis":0.8185443484902527,"porcentajePoblacionCompletas":0.8049154606341623,"fechaUltRegistro":1637020800000,"etarios":{"unaDosis":{"etarioTotal":{"vacunados":1817581,"personasINE":1983943,"porcentaje":0.9161457763655508},"etarioRangos":[{"rango":{"min":12,"max":19},"vacunados":147346,"personasINE":168606,"porcentaje":0.8174253475840305},{"rango":{"min":20,"max":29},"vacunados":164739,"personasINE":201534,"porcentaje":0.8862462134077811},{"rango":{"min":30,"max":39},"vacunados":203699,"personasINE":260543,"porcentaje":0.8862462134077811},{"rango":{"min":40,"max":49},"vacunados":320939,"personasINE":362133,"porcentaje":0.8862462134077811},{"rango":{"min":50,"max":59},"vacunados":324148,"personasINE":339977,"porcentaje":0.9534409680654868},{"rango":{"min":60,"max":69},"vacunados":278671,"personasINE":280119,"porcentaje":0.9948307683520218},{"rango":{"min":70,"max":79},"vacunados":213799,"personasINE":213799,"porcentaje":1},{"rango":{"min":80,"max":null},"vacunados":164240,"personasINE":164240,"porcentaje":1}]},"pautaCompleta":{"etarioTotal":{"vacunados":1787318,"personasINE":1983943,"porcentaje":0.900891809895748},"etarioRangos":[{"rango":{"min":12,"max":19},"vacunados":143942,"personasINE":168606,"porcentaje":0.7931416038981015},{"rango":{"min":20,"max":29},"vacunados":159845,"personasINE":201534,"porcentaje":0.874032468733863},{"rango":{"min":30,"max":39},"vacunados":198373,"personasINE":260542.99999999997,"porcentaje":0.874032468733863},{"rango":{"min":40,"max":49},"vacunados":316516,"personasINE":362133,"porcentaje":0.874032468733863},{"rango":{"min":50,"max":59},"vacunados":320908,"personasINE":339977,"porcentaje":0.943910911620492},{"rango":{"min":60,"max":69},"vacunados":273510,"personasINE":280119,"porcentaje":0.9764064558277018},{"rango":{"min":70,"max":79},"vacunados":212251,"personasINE":213081,"porcentaje":0.9961047676705103},{"rango":{"min":80,"max":null},"vacunados":161973,"personasINE":157950,"porcentaje":1.0254700854700856}]}}},{"ccaa":"Ceuta","dosisAdministradas":119176,"dosisEntregadas":142355,"dosisEntregadasModerna":22400,"dosisEntregadasPfizer":97920,"dosisEntregadasAstrazeneca":18100,"dosisEntregadasJanssen":3935,"dosisPrimeraDosis":62983,"dosisPautaCompletada":60427,"porcentajeEntregadas":0.8371746689613994,"porcentajePoblacionAdministradas":1.4153583050283842,"porcentajePoblacionPrimeraDosis":0.7479988598845633,"porcentajePoblacionCompletas":0.7176432863827462,"fechaUltRegistro":1636675200000,"etarios":{"unaDosis":{"etarioTotal":{"vacunados":62983,"personasINE":70965,"porcentaje":0.887522017896146},"etarioRangos":[{"rango":{"min":12,"max":19},"vacunados":8613,"personasINE":9126,"porcentaje":0.8479985410777788},{"rango":{"min":20,"max":29},"vacunados":9300,"personasINE":10967,"porcentaje":0.8853820598006644},{"rango":{"min":30,"max":39},"vacunados":9295,"personasINE":11894,"porcentaje":0.8853820598006644},{"rango":{"min":40,"max":49},"vacunados":11193,"personasINE":12642,"porcentaje":0.8853820598006644},{"rango":{"min":50,"max":59},"vacunados":10610,"personasINE":11556,"porcentaje":0.9181377639321564},{"rango":{"min":60,"max":69},"vacunados":7672,"personasINE":7857,"porcentaje":0.9764541173475881},{"rango":{"min":70,"max":79},"vacunados":3898,"personasINE":4318,"porcentaje":0.9027327466419639},{"rango":{"min":80,"max":null},"vacunados":2402,"personasINE":2605,"porcentaje":0.9220729366602687}]},"pautaCompleta":{"etarioTotal":{"vacunados":60427,"personasINE":70965,"porcentaje":0.8515042626646938},"etarioRangos":[{"rango":{"min":12,"max":19},"vacunados":7825,"personasINE":9126,"porcentaje":0.7774231786267894},{"rango":{"min":20,"max":29},"vacunados":8526,"personasINE":10967,"porcentaje":0.8650529979433634},{"rango":{"min":30,"max":39},"vacunados":8882,"personasINE":11894,"porcentaje":0.8650529979433634},{"rango":{"min":40,"max":49},"vacunados":10936,"personasINE":12642,"porcentaje":0.8650529979433634},{"rango":{"min":50,"max":59},"vacunados":10468,"personasINE":11556,"porcentaje":0.9058497750086535},{"rango":{"min":60,"max":69},"vacunados":7545,"personasINE":7857,"porcentaje":0.9602901870943108},{"rango":{"min":70,"max":79},"vacunados":3862,"personasINE":4318,"porcentaje":0.8943955534969893},{"rango":{"min":80,"max":null},"vacunados":2383,"personasINE":2605,"porcentaje":0.9147792706333974}]}}},{"ccaa":"Melilla","dosisAdministradas":105734,"dosisEntregadas":141100,"dosisEntregadasModerna":23500,"dosisEntregadasPfizer":96750,"dosisEntregadasAstrazeneca":15100,"dosisEntregadasJanssen":5750,"dosisPrimeraDosis":58179,"dosisPautaCompletada":55621,"porcentajeEntregadas":0.7493550673281361,"porcentajePoblacionAdministradas":1.2142725894620792,"porcentajePoblacionPrimeraDosis":0.6681404749873674,"porcentajePoblacionCompletas":0.6387638384859203,"fechaUltRegistro":1637020800000,"etarios":{"unaDosis":{"etarioTotal":{"vacunados":58179,"personasINE":70927,"porcentaje":0.820265907200361},"etarioRangos":[{"rango":{"min":12,"max":19},"vacunados":8127,"personasINE":9574,"porcentaje":0.7451438099208003},{"rango":{"min":20,"max":29},"vacunados":8938,"personasINE":11995,"porcentaje":0.8431094817530411},{"rango":{"min":30,"max":39},"vacunados":8723,"personasINE":12133,"porcentaje":0.8431094817530411},{"rango":{"min":40,"max":49},"vacunados":10119,"personasINE":12002,"porcentaje":0.8431094817530411},{"rango":{"min":50,"max":59},"vacunados":9729,"personasINE":11299,"porcentaje":0.8610496504115408},{"rango":{"min":60,"max":69},"vacunados":7199,"personasINE":7827,"porcentaje":0.9197649163153188},{"rango":{"min":70,"max":79},"vacunados":3326,"personasINE":3748,"porcentaje":0.8874066168623266},{"rango":{"min":80,"max":null},"vacunados":2018,"personasINE":2349,"porcentaje":0.8590889740315028}]},"pautaCompleta":{"etarioTotal":{"vacunados":55621,"personasINE":70927,"porcentaje":0.7842006570135491},"etarioRangos":[{"rango":{"min":12,"max":19},"vacunados":7414,"personasINE":9574,"porcentaje":0.6822009170487703},{"rango":{"min":20,"max":29},"vacunados":8183,"personasINE":11995,"porcentaje":0.822779536743876},{"rango":{"min":30,"max":39},"vacunados":8351,"personasINE":12133,"porcentaje":0.822779536743876},{"rango":{"min":40,"max":49},"vacunados":9875,"personasINE":12002,"porcentaje":0.822779536743876},{"rango":{"min":50,"max":59},"vacunados":9524,"personasINE":11299,"porcentaje":0.8429064518983981},{"rango":{"min":60,"max":69},"vacunados":7045,"personasINE":7827,"porcentaje":0.9000894340104766},{"rango":{"min":70,"max":79},"vacunados":3259,"personasINE":3748,"porcentaje":0.869530416221985},{"rango":{"min":80,"max":null},"vacunados":1970,"personasINE":2349,"porcentaje":0.8386547467007237}]}}},{"ccaa":"Fuerzas Armadas","dosisAdministradas":177445,"dosisEntregadas":212238,"dosisEntregadasModerna":58300,"dosisEntregadasPfizer":48138,"dosisEntregadasAstrazeneca":103800,"dosisEntregadasJanssen":2000,"dosisPrimeraDosis":95186,"dosisPautaCompletada":89016,"porcentajeEntregadas":0.8360661144564121,"porcentajePoblacionAdministradas":null,"porcentajePoblacionPrimeraDosis":null,"porcentajePoblacionCompletas":null,"fechaUltRegistro":1637020800000},{"ccaa":"Sanidad Exterior","dosisAdministradas":7427,"dosisEntregadas":9430,"dosisEntregadasModerna":4990,"dosisEntregadasPfizer":0,"dosisEntregadasAstrazeneca":0,"dosisEntregadasJanssen":4440,"dosisPrimeraDosis":5625,"dosisPautaCompletada":5447,"porcentajeEntregadas":0.787592788971368,"porcentajePoblacionAdministradas":null,"porcentajePoblacionPrimeraDosis":null,"porcentajePoblacionCompletas":null,"fechaUltRegistro":1637020800000,"etarios":{"unaDosis":{"etarioTotal":{"vacunados":5625,"personasINE":"-","porcentaje":"-"},"etarioRangos":[{"rango":{"min":12,"max":19},"vacunados":178,"personasINE":null,"porcentaje":"-"},{"rango":{"min":20,"max":29},"vacunados":1368,"personasINE":null,"porcentaje":"-"},{"rango":{"min":30,"max":39},"vacunados":1650,"personasINE":null,"porcentaje":"-"},{"rango":{"min":40,"max":49},"vacunados":1391,"personasINE":null,"porcentaje":"-"},{"rango":{"min":50,"max":59},"vacunados":728,"personasINE":null,"porcentaje":"-"},{"rango":{"min":60,"max":69},"vacunados":240,"personasINE":null,"porcentaje":"-"},{"rango":{"min":70,"max":79},"vacunados":42,"personasINE":null,"porcentaje":"-"},{"rango":{"min":80,"max":null},"vacunados":28,"personasINE":null,"porcentaje":"-"}]},"pautaCompleta":{"etarioTotal":{"vacunados":5447,"personasINE":"-","porcentaje":"-"},"etarioRangos":[{"rango":{"min":12,"max":19},"vacunados":164,"personasINE":null,"porcentaje":"-"},{"rango":{"min":20,"max":29},"vacunados":1320,"personasINE":null,"porcentaje":"-"},{"rango":{"min":30,"max":39},"vacunados":1599,"personasINE":null,"porcentaje":"-"},{"rango":{"min":40,"max":49},"vacunados":1357,"personasINE":null,"porcentaje":"-"},{"rango":{"min":50,"max":59},"vacunados":709,"personasINE":null,"porcentaje":"-"},{"rango":{"min":60,"max":69},"vacunados":230,"personasINE":null,"porcentaje":"-"},{"rango":{"min":70,"max":79},"vacunados":41,"personasINE":null,"porcentaje":"-"},{"rango":{"min":80,"max":null},"vacunados":27,"personasINE":null,"porcentaje":"-"}]}}},{"ccaa":"Totales","dosisAdministradas":74168369,"dosisEntregadas":77832689,"dosisEntregadasModerna":10790560,"dosisEntregadasPfizer":55775979,"dosisEntregadasAstrazeneca":9107850,"dosisEntregadasJanssen":2158300,"dosisPrimeraDosis":38177685,"dosisPautaCompletada":37487833,"porcentajeEntregadas":0.9529205524429459,"porcentajePoblacionAdministradas":1.5800675117170857,"porcentajePoblacionPrimeraDosis":0.8133294631444397,"porcentajePoblacionCompletas":0.7986329995739242,"fechaUltRegistro":null,"etarios":{"unaDosis":{"etarioTotal":{"vacunados":38177685,"personasINE":42119827,"porcentaje":0.9064065006724743},"etarioRangos":[{"rango":{"min":12,"max":19},"vacunados":3362800,"personasINE":3888686,"porcentaje":0.8141326769997411},{"rango":{"min":20,"max":29},"vacunados":4025593,"personasINE":4944640,"porcentaje":0.8864070102690954},{"rango":{"min":30,"max":39},"vacunados":4931499,"personasINE":6230403,"porcentaje":0.8864070102690954},{"rango":{"min":40,"max":49},"vacunados":6995291,"personasINE":7891737,"porcentaje":0.8864070102690954},{"rango":{"min":50,"max":59},"vacunados":6692082,"personasINE":7033306,"porcentaje":0.951484550793041},{"rango":{"min":60,"max":69},"vacunados":5285435,"personasINE":5336986,"porcentaje":0.9903408028426531},{"rango":{"min":70,"max":79},"vacunados":3945607,"personasINE":3960045,"porcentaje":0.9963540818349287},{"rango":{"min":80,"max":null},"vacunados":2939378,"personasINE":2939378,"porcentaje":1}]},"pautaCompleta":{"etarioTotal":{"vacunados":37487833,"personasINE":42119827,"porcentaje":0.8900281807900113},"etarioRangos":[{"rango":{"min":12,"max":19},"vacunados":3250969,"personasINE":3888686,"porcentaje":0.7829004740486668},{"rango":{"min":20,"max":29},"vacunados":3871161,"personasINE":4944640,"porcentaje":0.8734393961684227},{"rango":{"min":30,"max":39},"vacunados":4792615,"personasINE":6230403,"porcentaje":0.8734393961684227},{"rango":{"min":40,"max":49},"vacunados":6892954,"personasINE":7891737,"porcentaje":0.8734393961684227},{"rango":{"min":50,"max":59},"vacunados":6627648,"personasINE":7033306,"porcentaje":0.9423232829625214},{"rango":{"min":60,"max":69},"vacunados":5221945,"personasINE":5336986,"porcentaje":0.978444575271511},{"rango":{"min":70,"max":79},"vacunados":3922786,"personasINE":3960045,"porcentaje":0.9905912685335646},{"rango":{"min":80,"max":null},"vacunados":2907755,"personasINE":2907755,"porcentaje":1}]}}}]