[{"ccaa":"Andalucía","dosisAdministradas":13419568,"dosisEntregadas":13817630,"dosisEntregadasModerna":2019500,"dosisEntregadasPfizer":9935730,"dosisEntregadasAstrazeneca":1528900,"dosisEntregadasJanssen":333500,"dosisPrimeraDosis":6866794,"dosisPautaCompletada":6765579,"porcentajeEntregadas":0.9711917311434739,"porcentajePoblacionAdministradas":1.5854107273382636,"porcentajePoblacionPrimeraDosis":0.8112547937476099,"porcentajePoblacionCompletas":0.7992970804465899,"fechaUltRegistro":1636934400000,"etarios":{"unaDosis":{"etarioTotal":{"vacunados":6866794,"personasINE":7451975,"porcentaje":0.9214730323169361},"etarioRangos":[{"rango":{"min":12,"max":19},"vacunados":672623,"personasINE":752907,"porcentaje":0.8305505065297543},{"rango":{"min":20,"max":29},"vacunados":771309,"personasINE":928672.0000000001,"porcentaje":0.9049731646637028},{"rango":{"min":30,"max":39},"vacunados":933802,"personasINE":1140217,"porcentaje":0.9049731646637028},{"rango":{"min":40,"max":49},"vacunados":1253491,"personasINE":1385114,"porcentaje":0.9049731646637028},{"rango":{"min":50,"max":59},"vacunados":1217255,"personasINE":1265021,"porcentaje":0.9622409430357283},{"rango":{"min":60,"max":69},"vacunados":930169,"personasINE":930169,"porcentaje":1},{"rango":{"min":70,"max":79},"vacunados":654066,"personasINE":654066,"porcentaje":1},{"rango":{"min":80,"max":null},"vacunados":434079,"personasINE":434079,"porcentaje":1}]},"pautaCompleta":{"etarioTotal":{"vacunados":6765579,"personasINE":7451975,"porcentaje":0.9078907269549348},"etarioRangos":[{"rango":{"min":12,"max":19},"vacunados":656262,"personasINE":752907,"porcentaje":0.8046780779435582},{"rango":{"min":20,"max":29},"vacunados":747282,"personasINE":928671.9999999999,"porcentaje":0.8953328029317442},{"rango":{"min":30,"max":39},"vacunados":912264,"personasINE":1140217,"porcentaje":0.8953328029317442},{"rango":{"min":40,"max":49},"vacunados":1240138,"personasINE":1385114,"porcentaje":0.8953328029317442},{"rango":{"min":50,"max":59},"vacunados":1207770,"personasINE":1265021,"porcentaje":0.9547430437913679},{"rango":{"min":60,"max":69},"vacunados":922565,"personasINE":916147.0000000001,"porcentaje":1.007005425985131},{"rango":{"min":70,"max":79},"vacunados":650104,"personasINE":650381,"porcentaje":0.9995740957992315},{"rango":{"min":80,"max":null},"vacunados":429194,"personasINE":429194,"porcentaje":1}]}}},{"ccaa":"Aragón","dosisAdministradas":2085847,"dosisEntregadas":2198832,"dosisEntregadasModerna":293920,"dosisEntregadasPfizer":1577037,"dosisEntregadasAstrazeneca":264060,"dosisEntregadasJanssen":63815,"dosisPrimeraDosis":1069135,"dosisPautaCompletada":1050986,"porcentajeEntregadas":0.9486159015331777,"porcentajePoblacionAdministradas":1.5690244630812153,"porcentajePoblacionPrimeraDosis":0.8042291545527238,"porcentajePoblacionCompletas":0.7905770386590552,"fechaUltRegistro":1636934400000,"etarios":{"unaDosis":{"etarioTotal":{"vacunados":1069135,"personasINE":1185134,"porcentaje":0.902121616627318},"etarioRangos":[{"rango":{"min":12,"max":19},"vacunados":88572,"personasINE":103109,"porcentaje":0.8012898674089922},{"rango":{"min":20,"max":29},"vacunados":104489,"personasINE":130401,"porcentaje":0.875804282995957},{"rango":{"min":30,"max":39},"vacunados":126223,"personasINE":164286,"porcentaje":0.875804282995957},{"rango":{"min":40,"max":49},"vacunados":188248,"personasINE":214943,"porcentaje":0.875804282995957},{"rango":{"min":50,"max":59},"vacunados":186223,"personasINE":198266,"porcentaje":0.9392583700684939},{"rango":{"min":60,"max":69},"vacunados":154664,"personasINE":156367,"porcentaje":0.9891089552143355},{"rango":{"min":70,"max":79},"vacunados":119356,"personasINE":119356,"porcentaje":1},{"rango":{"min":80,"max":null},"vacunados":101360,"personasINE":101360,"porcentaje":1}]},"pautaCompleta":{"etarioTotal":{"vacunados":1050986,"personasINE":1185134,"porcentaje":0.8868077365091205},"etarioRangos":[{"rango":{"min":12,"max":19},"vacunados":85841,"personasINE":103109,"porcentaje":0.7741965168978765},{"rango":{"min":20,"max":29},"vacunados":100956,"personasINE":130401.00000000001,"porcentaje":0.8638476247191116},{"rango":{"min":30,"max":39},"vacunados":122884,"personasINE":164286,"porcentaje":0.8638476247191116},{"rango":{"min":40,"max":49},"vacunados":185678,"personasINE":214943,"porcentaje":0.8638476247191116},{"rango":{"min":50,"max":59},"vacunados":184219,"personasINE":198266,"porcentaje":0.9291507368888261},{"rango":{"min":60,"max":69},"vacunados":152709,"personasINE":156367,"porcentaje":0.9766063171896884},{"rango":{"min":70,"max":79},"vacunados":118644,"personasINE":118955,"porcentaje":0.9973855659703249},{"rango":{"min":80,"max":null},"vacunados":100055,"personasINE":100055,"porcentaje":1}]}}},{"ccaa":"Asturias","dosisAdministradas":1751855,"dosisEntregadas":1762945,"dosisEntregadasModerna":162000,"dosisEntregadasPfizer":1337045,"dosisEntregadasAstrazeneca":220900,"dosisEntregadasJanssen":43000,"dosisPrimeraDosis":874610,"dosisPautaCompletada":866750,"porcentajeEntregadas":0.9937093896860083,"porcentajePoblacionAdministradas":1.7195548811131702,"porcentajePoblacionPrimeraDosis":0.8584842321826806,"porcentajePoblacionCompletas":0.8507691522442441,"fechaUltRegistro":1636848000000,"etarios":{"unaDosis":{"etarioTotal":{"vacunados":874610,"personasINE":933927,"porcentaje":0.9364864705699696},"etarioRangos":[{"rango":{"min":12,"max":19},"vacunados":60703,"personasINE":64000,"porcentaje":0.8452933220411827},{"rango":{"min":20,"max":29},"vacunados":66872,"personasINE":79111,"porcentaje":0.9032474415095243},{"rango":{"min":30,"max":39},"vacunados":91211,"personasINE":114451,"porcentaje":0.9032474415095243},{"rango":{"min":40,"max":49},"vacunados":150836,"personasINE":166993,"porcentaje":0.9032474415095243},{"rango":{"min":50,"max":59},"vacunados":153295,"personasINE":162645,"porcentaje":0.9425128347013434},{"rango":{"min":60,"max":69},"vacunados":148279,"personasINE":149652,"porcentaje":0.990825381551867},{"rango":{"min":70,"max":79},"vacunados":114390,"personasINE":114390,"porcentaje":1},{"rango":{"min":80,"max":null},"vacunados":89024,"personasINE":89024,"porcentaje":1}]},"pautaCompleta":{"etarioTotal":{"vacunados":866750,"personasINE":933927,"porcentaje":0.9280703952236096},"etarioRangos":[{"rango":{"min":12,"max":19},"vacunados":59683,"personasINE":64000,"porcentaje":0.8247904842562981},{"rango":{"min":20,"max":29},"vacunados":65250,"personasINE":79111,"porcentaje":0.8978460174977394},{"rango":{"min":30,"max":39},"vacunados":89642,"personasINE":114451,"porcentaje":0.8978460174977394},{"rango":{"min":40,"max":49},"vacunados":149934,"personasINE":166993,"porcentaje":0.8978460174977394},{"rango":{"min":50,"max":59},"vacunados":152545,"personasINE":162645,"porcentaje":0.9379015647576009},{"rango":{"min":60,"max":69},"vacunados":147468,"personasINE":149652,"porcentaje":0.9854061422500201},{"rango":{"min":70,"max":79},"vacunados":113975,"personasINE":113975,"porcentaje":1},{"rango":{"min":80,"max":null},"vacunados":88253,"personasINE":88253,"porcentaje":1}]}}},{"ccaa":"Baleares","dosisAdministradas":1670003,"dosisEntregadas":1938050,"dosisEntregadasModerna":305100,"dosisEntregadasPfizer":1318950,"dosisEntregadasAstrazeneca":256400,"dosisEntregadasJanssen":57600,"dosisPrimeraDosis":862154,"dosisPautaCompletada":846209,"porcentajeEntregadas":0.8616924227961095,"porcentajePoblacionAdministradas":1.4254730726913138,"porcentajePoblacionPrimeraDosis":0.7359132357924549,"porcentajePoblacionCompletas":0.7223029799162302,"fechaUltRegistro":1636934400000,"etarios":{"unaDosis":{"etarioTotal":{"vacunados":862154,"personasINE":1034867,"porcentaje":0.8331060899613187},"etarioRangos":[{"rango":{"min":12,"max":19},"vacunados":75435,"personasINE":95480,"porcentaje":0.7125313537573763},{"rango":{"min":20,"max":29},"vacunados":98288,"personasINE":137942,"porcentaje":0.8169635061987078},{"rango":{"min":30,"max":39},"vacunados":127864,"personasINE":182187,"porcentaje":0.8169635061987078},{"rango":{"min":40,"max":49},"vacunados":168435,"personasINE":206172,"porcentaje":0.8169635061987078},{"rango":{"min":50,"max":59},"vacunados":150685,"personasINE":165797,"porcentaje":0.9088523917803096},{"rango":{"min":60,"max":69},"vacunados":110558,"personasINE":117231,"porcentaje":0.9430781960402965},{"rango":{"min":70,"max":79},"vacunados":79351,"personasINE":80516,"porcentaje":0.9855308261711958},{"rango":{"min":80,"max":null},"vacunados":51538,"personasINE":51538,"porcentaje":1}]},"pautaCompleta":{"etarioTotal":{"vacunados":846209,"personasINE":1034867,"porcentaje":0.8176983129233032},"etarioRangos":[{"rango":{"min":12,"max":19},"vacunados":73181,"personasINE":95480,"porcentaje":0.6856432413623117},{"rango":{"min":20,"max":29},"vacunados":94579,"personasINE":137942,"porcentaje":0.8043575267252585},{"rango":{"min":30,"max":39},"vacunados":124077,"personasINE":182187,"porcentaje":0.8043575267252585},{"rango":{"min":40,"max":49},"vacunados":165836,"personasINE":206172,"porcentaje":0.8043575267252585},{"rango":{"min":50,"max":59},"vacunados":149038,"personasINE":165797,"porcentaje":0.8989185570305855},{"rango":{"min":60,"max":69},"vacunados":109561,"personasINE":117231,"porcentaje":0.9345736196057357},{"rango":{"min":70,"max":79},"vacunados":78942,"personasINE":80516,"porcentaje":0.9804510904664911},{"rango":{"min":80,"max":null},"vacunados":50995,"personasINE":50995,"porcentaje":1}]}}},{"ccaa":"Canarias","dosisAdministradas":3220281,"dosisEntregadas":3567300,"dosisEntregadasModerna":574700,"dosisEntregadasPfizer":2403150,"dosisEntregadasAstrazeneca":455800,"dosisEntregadasJanssen":133650,"dosisPrimeraDosis":1684980,"dosisPautaCompletada":1645837,"porcentajeEntregadas":0.9027222268942898,"porcentajePoblacionAdministradas":1.4799411935557403,"porcentajePoblacionPrimeraDosis":0.7743645080406185,"porcentajePoblacionCompletas":0.7563756001970632,"fechaUltRegistro":1636934400000,"etarios":{"unaDosis":{"etarioTotal":{"vacunados":1684980,"personasINE":1960774,"porcentaje":0.8593443201511239},"etarioRangos":[{"rango":{"min":12,"max":19},"vacunados":154937,"personasINE":179797,"porcentaje":0.753543225765448},{"rango":{"min":20,"max":29},"vacunados":189703,"personasINE":251748,"porcentaje":0.8216815664924058},{"rango":{"min":30,"max":39},"vacunados":230771,"personasINE":310934,"porcentaje":0.8216815664924058},{"rango":{"min":40,"max":49},"vacunados":318750,"personasINE":387924,"porcentaje":0.8216815664924058},{"rango":{"min":50,"max":59},"vacunados":321222,"personasINE":350512,"porcentaje":0.9164365271374446},{"rango":{"min":60,"max":69},"vacunados":224819,"personasINE":235092,"porcentaje":0.9563022136014837},{"rango":{"min":70,"max":79},"vacunados":151609,"personasINE":154531,"porcentaje":0.9810911726449709},{"rango":{"min":80,"max":null},"vacunados":93169,"personasINE":93169,"porcentaje":1}]},"pautaCompleta":{"etarioTotal":{"vacunados":1645837,"personasINE":1960774,"porcentaje":0.8393812851455599},"etarioRangos":[{"rango":{"min":12,"max":19},"vacunados":145842,"personasINE":179797,"porcentaje":0.7136620747731859},{"rango":{"min":20,"max":29},"vacunados":179663,"personasINE":251748,"porcentaje":0.8107129231498953},{"rango":{"min":30,"max":39},"vacunados":223363,"personasINE":310934,"porcentaje":0.8107129231498953},{"rango":{"min":40,"max":49},"vacunados":314495,"personasINE":387924,"porcentaje":0.8107129231498953},{"rango":{"min":50,"max":59},"vacunados":318751,"personasINE":350512,"porcentaje":0.9093868398228877},{"rango":{"min":60,"max":69},"vacunados":221259,"personasINE":235092,"porcentaje":0.9411592057577459},{"rango":{"min":70,"max":79},"vacunados":150411,"personasINE":154531,"porcentaje":0.9733386828532786},{"rango":{"min":80,"max":null},"vacunados":92053,"personasINE":92053,"porcentaje":1}]}}},{"ccaa":"Cantabria","dosisAdministradas":955969,"dosisEntregadas":1030555,"dosisEntregadasModerna":114900,"dosisEntregadasPfizer":768255,"dosisEntregadasAstrazeneca":125200,"dosisEntregadasJanssen":22200,"dosisPrimeraDosis":483698,"dosisPautaCompletada":479520,"porcentajeEntregadas":0.9276254057279816,"porcentajePoblacionAdministradas":1.640008234617991,"porcentajePoblacionPrimeraDosis":0.8298058860363181,"porcentajePoblacionCompletas":0.822638337293384,"fechaUltRegistro":1636848000000,"etarios":{"unaDosis":{"etarioTotal":{"vacunados":483698,"personasINE":524127,"porcentaje":0.9228641149950298},"etarioRangos":[{"rango":{"min":12,"max":19},"vacunados":39717,"personasINE":43963,"porcentaje":0.8200970200970201},{"rango":{"min":20,"max":29},"vacunados":41419,"personasINE":50505,"porcentaje":0.9018707361229019},{"rango":{"min":30,"max":39},"vacunados":54915,"personasINE":70473,"porcentaje":0.9018707361229019},{"rango":{"min":40,"max":49},"vacunados":88175,"personasINE":97769,"porcentaje":0.9018707361229019},{"rango":{"min":50,"max":59},"vacunados":84384,"personasINE":89964,"porcentaje":0.9379751900760304},{"rango":{"min":60,"max":69},"vacunados":76751,"personasINE":77345,"porcentaje":0.9923201241192061},{"rango":{"min":70,"max":79},"vacunados":55969,"personasINE":55969,"porcentaje":1},{"rango":{"min":80,"max":null},"vacunados":42368,"personasINE":42368,"porcentaje":1}]},"pautaCompleta":{"etarioTotal":{"vacunados":479520,"personasINE":524127,"porcentaje":0.9148927645398921},"etarioRangos":[{"rango":{"min":12,"max":19},"vacunados":38904,"personasINE":43963,"porcentaje":0.8035046035046035},{"rango":{"min":20,"max":29},"vacunados":40581,"personasINE":50505,"porcentaje":0.8955394859311233},{"rango":{"min":30,"max":39},"vacunados":54235,"personasINE":70473,"porcentaje":0.8955394859311233},{"rango":{"min":40,"max":49},"vacunados":87556,"personasINE":97769,"porcentaje":0.8955394859311233},{"rango":{"min":50,"max":59},"vacunados":83981,"personasINE":89964,"porcentaje":0.9334956204704103},{"rango":{"min":60,"max":69},"vacunados":76470,"personasINE":77345,"porcentaje":0.9886870515223997},{"rango":{"min":70,"max":79},"vacunados":55808,"personasINE":55808,"porcentaje":1},{"rango":{"min":80,"max":null},"vacunados":41985,"personasINE":41985,"porcentaje":1}]}}},{"ccaa":"Castilla y Leon","dosisAdministradas":3934233,"dosisEntregadas":4260510,"dosisEntregadasModerna":411830,"dosisEntregadasPfizer":3274545,"dosisEntregadasAstrazeneca":473110,"dosisEntregadasJanssen":101025,"dosisPrimeraDosis":2008002,"dosisPautaCompletada":1971184,"porcentajeEntregadas":0.9234183231584951,"porcentajePoblacionAdministradas":1.642742256728623,"porcentajePoblacionPrimeraDosis":0.838442902846778,"porcentajePoblacionCompletas":0.823069516367575,"fechaUltRegistro":1636934400000,"etarios":{"unaDosis":{"etarioTotal":{"vacunados":2008002,"personasINE":2176253,"porcentaje":0.9226877573517417},"etarioRangos":[{"rango":{"min":12,"max":19},"vacunados":145137,"personasINE":165342,"porcentaje":0.8249386273376113},{"rango":{"min":20,"max":29},"vacunados":174067,"personasINE":211006,"porcentaje":0.8838551630172995},{"rango":{"min":30,"max":39},"vacunados":213249,"personasINE":267783,"porcentaje":0.8838551630172995},{"rango":{"min":40,"max":49},"vacunados":321109,"personasINE":363305,"porcentaje":0.8838551630172995},{"rango":{"min":50,"max":59},"vacunados":353368,"personasINE":381175,"porcentaje":0.9270492555912638},{"rango":{"min":60,"max":69},"vacunados":320795,"personasINE":320795,"porcentaje":1},{"rango":{"min":70,"max":79},"vacunados":250820,"personasINE":250820,"porcentaje":1},{"rango":{"min":80,"max":null},"vacunados":229457,"personasINE":229457,"porcentaje":1}]},"pautaCompleta":{"etarioTotal":{"vacunados":1971184,"personasINE":2176253,"porcentaje":0.9057696876236356},"etarioRangos":[{"rango":{"min":12,"max":19},"vacunados":135575,"personasINE":165342,"porcentaje":0.7934039790337716},{"rango":{"min":20,"max":29},"vacunados":167413,"personasINE":211006,"porcentaje":0.8710780198455843},{"rango":{"min":30,"max":39},"vacunados":207534,"personasINE":267783,"porcentaje":0.8710780198455843},{"rango":{"min":40,"max":49},"vacunados":316467,"personasINE":363305,"porcentaje":0.8710780198455843},{"rango":{"min":50,"max":59},"vacunados":349296,"personasINE":381175,"porcentaje":0.9163664983275398},{"rango":{"min":60,"max":69},"vacunados":318383,"personasINE":318575,"porcentaje":0.9993973161735855},{"rango":{"min":70,"max":79},"vacunados":249323,"personasINE":249323,"porcentaje":1},{"rango":{"min":80,"max":null},"vacunados":227193,"personasINE":227193,"porcentaje":1}]}}},{"ccaa":"Castilla La Mancha","dosisAdministradas":3146421,"dosisEntregadas":3295730,"dosisEntregadasModerna":446270,"dosisEntregadasPfizer":2360925,"dosisEntregadasAstrazeneca":394800,"dosisEntregadasJanssen":93735,"dosisPrimeraDosis":1623150,"dosisPautaCompletada":1566432,"porcentajeEntregadas":0.9546962281497574,"porcentajePoblacionAdministradas":1.53842592071957,"porcentajePoblacionPrimeraDosis":0.7936306149799949,"porcentajePoblacionCompletas":0.7658986486057008,"fechaUltRegistro":1636761600000},{"ccaa":"Cataluña","dosisAdministradas":11495686,"dosisEntregadas":11863410,"dosisEntregadasModerna":1604900,"dosisEntregadasPfizer":8368460,"dosisEntregadasAstrazeneca":1514300,"dosisEntregadasJanssen":375750,"dosisPrimeraDosis":6003189,"dosisPautaCompletada":5881040,"porcentajeEntregadas":0.9690035158525246,"porcentajePoblacionAdministradas":1.4775036344163386,"porcentajePoblacionPrimeraDosis":0.7715706192382242,"porcentajePoblacionCompletas":0.7558712002178786,"fechaUltRegistro":1636934400000,"etarios":{"unaDosis":{"etarioTotal":{"vacunados":6003189,"personasINE":6868360,"porcentaje":0.8740352864439255},"etarioRangos":[{"rango":{"min":12,"max":19},"vacunados":536755,"personasINE":656166,"porcentaje":0.7698439092420748},{"rango":{"min":20,"max":29},"vacunados":645849,"personasINE":838935,"porcentaje":0.8593960152040433},{"rango":{"min":30,"max":39},"vacunados":783705,"personasINE":1044652,"porcentaje":0.8593960152040433},{"rango":{"min":40,"max":49},"vacunados":1131614,"personasINE":1316755,"porcentaje":0.8593960152040433},{"rango":{"min":50,"max":59},"vacunados":1027100,"personasINE":1091780,"porcentaje":0.9407572954258184},{"rango":{"min":60,"max":69},"vacunados":800409,"personasINE":837584,"porcentaje":0.9556163919081548},{"rango":{"min":70,"max":79},"vacunados":618692,"personasINE":635292,"porcentaje":0.9738702832713146},{"rango":{"min":80,"max":null},"vacunados":459065,"personasINE":459065,"porcentaje":1}]},"pautaCompleta":{"etarioTotal":{"vacunados":5881040,"personasINE":6868360,"porcentaje":0.8562509827673564},"etarioRangos":[{"rango":{"min":12,"max":19},"vacunados":517875,"personasINE":656166,"porcentaje":0.7363204539088248},{"rango":{"min":20,"max":29},"vacunados":617725,"personasINE":838935,"porcentaje":0.8459310957619299},{"rango":{"min":30,"max":39},"vacunados":758127,"personasINE":1044652,"porcentaje":0.8459310957619299},{"rango":{"min":40,"max":49},"vacunados":1113884,"personasINE":1316755,"porcentaje":0.8459310957619299},{"rango":{"min":50,"max":59},"vacunados":1016289,"personasINE":1091780,"porcentaje":0.9308551173313305},{"rango":{"min":60,"max":69},"vacunados":788929,"personasINE":837584,"porcentaje":0.9419103039217559},{"rango":{"min":70,"max":79},"vacunados":614740,"personasINE":635292,"porcentaje":0.9676495217947023},{"rango":{"min":80,"max":null},"vacunados":453471,"personasINE":453471,"porcentaje":1}]}}},{"ccaa":"C. Valenciana","dosisAdministradas":7980583,"dosisEntregadas":8488680,"dosisEntregadasModerna":1213650,"dosisEntregadasPfizer":6197680,"dosisEntregadasAstrazeneca":863900,"dosisEntregadasJanssen":213450,"dosisPrimeraDosis":4085320,"dosisPautaCompletada":4021612,"porcentajeEntregadas":0.940144168469067,"porcentajePoblacionAdministradas":1.578015811828836,"porcentajePoblacionPrimeraDosis":0.8077980714417206,"porcentajePoblacionCompletas":0.7952009677789943,"fechaUltRegistro":1636934400000,"etarios":{"unaDosis":{"etarioTotal":{"vacunados":4085320,"personasINE":4488459,"porcentaje":0.9101832054163801},"etarioRangos":[{"rango":{"min":12,"max":19},"vacunados":374013,"personasINE":424531,"porcentaje":0.8277707381530867},{"rango":{"min":20,"max":29},"vacunados":427234,"personasINE":516126,"porcentaje":0.8853894136601267},{"rango":{"min":30,"max":39},"vacunados":511674,"personasINE":648759,"porcentaje":0.8853894136601267},{"rango":{"min":40,"max":49},"vacunados":753987,"personasINE":851588,"porcentaje":0.8853894136601267},{"rango":{"min":50,"max":59},"vacunados":715595,"personasINE":752334,"porcentaje":0.9511666360951386},{"rango":{"min":60,"max":69},"vacunados":570669,"personasINE":580728,"porcentaje":0.9826786378476671},{"rango":{"min":70,"max":79},"vacunados":434729,"personasINE":437862,"porcentaje":0.9928447775783238},{"rango":{"min":80,"max":null},"vacunados":297419,"personasINE":297419,"porcentaje":1}]},"pautaCompleta":{"etarioTotal":{"vacunados":4021612,"personasINE":4488459,"porcentaje":0.8959894698826479},"etarioRangos":[{"rango":{"min":12,"max":19},"vacunados":361332,"personasINE":424531,"porcentaje":0.800411139915447},{"rango":{"min":20,"max":29},"vacunados":413113,"personasINE":516126,"porcentaje":0.8758214065956778},{"rango":{"min":30,"max":39},"vacunados":499850,"personasINE":648759,"porcentaje":0.8758214065956778},{"rango":{"min":40,"max":49},"vacunados":745839,"personasINE":851588,"porcentaje":0.8758214065956778},{"rango":{"min":50,"max":59},"vacunados":710188,"personasINE":752334,"porcentaje":0.9439796686046357},{"rango":{"min":60,"max":69},"vacunados":565785,"personasINE":580728,"porcentaje":0.9742685043600446},{"rango":{"min":70,"max":79},"vacunados":432042,"personasINE":437862,"porcentaje":0.9867081409211121},{"rango":{"min":80,"max":null},"vacunados":293463,"personasINE":293463,"porcentaje":1}]}}},{"ccaa":"Extremadura","dosisAdministradas":1810358,"dosisEntregadas":1833705,"dosisEntregadasModerna":218200,"dosisEntregadasPfizer":1377755,"dosisEntregadasAstrazeneca":186000,"dosisEntregadasJanssen":51750,"dosisPrimeraDosis":899906,"dosisPautaCompletada":886149,"porcentajeEntregadas":0.9872678538805315,"porcentajePoblacionAdministradas":1.701485074535685,"porcentajePoblacionPrimeraDosis":0.8457866496489149,"porcentajePoblacionCompletas":0.8328569803954372,"fechaUltRegistro":1636934400000,"etarios":{"unaDosis":{"etarioTotal":{"vacunados":899906,"personasINE":953437,"porcentaje":0.9438547067084663},"etarioRangos":[{"rango":{"min":12,"max":19},"vacunados":77557,"personasINE":84750,"porcentaje":0.8275326509001059},{"rango":{"min":20,"max":29},"vacunados":93776,"personasINE":113320,"porcentaje":0.9178213600511618},{"rango":{"min":30,"max":39},"vacunados":113371,"personasINE":133479,"porcentaje":0.9178213600511618},{"rango":{"min":40,"max":49},"vacunados":146387,"personasINE":159494,"porcentaje":0.9178213600511618},{"rango":{"min":50,"max":59},"vacunados":161607,"personasINE":169216,"porcentaje":0.9550338029500757},{"rango":{"min":60,"max":69},"vacunados":132935,"personasINE":132935,"porcentaje":1},{"rango":{"min":70,"max":79},"vacunados":95977,"personasINE":95977,"porcentaje":1},{"rango":{"min":80,"max":null},"vacunados":78296,"personasINE":78296,"porcentaje":1}]},"pautaCompleta":{"etarioTotal":{"vacunados":886149,"personasINE":953437,"porcentaje":0.9294258561394199},"etarioRangos":[{"rango":{"min":12,"max":19},"vacunados":74975,"personasINE":84750,"porcentaje":0.8000617719731733},{"rango":{"min":20,"max":29},"vacunados":90663,"personasINE":113320,"porcentaje":0.9062535267784368},{"rango":{"min":30,"max":39},"vacunados":110860,"personasINE":133479,"porcentaje":0.9062535267784368},{"rango":{"min":40,"max":49},"vacunados":144542,"personasINE":159494,"porcentaje":0.9062535267784368},{"rango":{"min":50,"max":59},"vacunados":160384,"personasINE":169216,"porcentaje":0.9478063540090772},{"rango":{"min":60,"max":69},"vacunados":131725,"personasINE":125297,"porcentaje":1.051302106195679},{"rango":{"min":70,"max":79},"vacunados":95504,"personasINE":95504,"porcentaje":1},{"rango":{"min":80,"max":null},"vacunados":77496,"personasINE":77496,"porcentaje":1}]}}},{"ccaa":"Galicia","dosisAdministradas":4580167,"dosisEntregadas":4680389,"dosisEntregadasModerna":527400,"dosisEntregadasPfizer":3456889,"dosisEntregadasAstrazeneca":573400,"dosisEntregadasJanssen":122700,"dosisPrimeraDosis":2312889,"dosisPautaCompletada":2292728,"porcentajeEntregadas":0.9785868225910282,"porcentajePoblacionAdministradas":1.6952160747999774,"porcentajePoblacionPrimeraDosis":0.8560488322866928,"porcentajePoblacionCompletas":0.8485868224333311,"fechaUltRegistro":1636934400000,"etarios":{"unaDosis":{"etarioTotal":{"vacunados":2312889,"personasINE":2454497,"porcentaje":0.9423067129436296},"etarioRangos":[{"rango":{"min":12,"max":19},"vacunados":169750,"personasINE":180007,"porcentaje":0.8634692896818353},{"rango":{"min":20,"max":29},"vacunados":199445,"personasINE":230981,"porcentaje":0.9214861209193608},{"rango":{"min":30,"max":39},"vacunados":264178,"personasINE":323408,"porcentaje":0.9214861209193608},{"rango":{"min":40,"max":49},"vacunados":408422,"personasINE":443221,"porcentaje":0.9214861209193608},{"rango":{"min":50,"max":59},"vacunados":391118,"personasINE":405889,"porcentaje":0.9636082771398091},{"rango":{"min":60,"max":69},"vacunados":346209,"personasINE":346927,"porcentaje":0.9979304003435882},{"rango":{"min":70,"max":79},"vacunados":291395,"personasINE":291395,"porcentaje":1},{"rango":{"min":80,"max":null},"vacunados":242372,"personasINE":242372,"porcentaje":1}]},"pautaCompleta":{"etarioTotal":{"vacunados":2292728,"personasINE":2454497,"porcentaje":0.9340928100543614},"etarioRangos":[{"rango":{"min":12,"max":19},"vacunados":166014,"personasINE":180007,"porcentaje":0.8436841125460536},{"rango":{"min":20,"max":29},"vacunados":194875,"personasINE":230981,"porcentaje":0.915358252429375},{"rango":{"min":30,"max":39},"vacunados":260611,"personasINE":323408,"porcentaje":0.915358252429375},{"rango":{"min":40,"max":49},"vacunados":405706,"personasINE":443221,"porcentaje":0.915358252429375},{"rango":{"min":50,"max":59},"vacunados":389280,"personasINE":405889,"porcentaje":0.9590799455023418},{"rango":{"min":60,"max":69},"vacunados":345192,"personasINE":346927,"porcentaje":0.9949989479054672},{"rango":{"min":70,"max":79},"vacunados":290233,"personasINE":290233,"porcentaje":1},{"rango":{"min":80,"max":null},"vacunados":240817,"personasINE":240817,"porcentaje":1}]}}},{"ccaa":"La Rioja","dosisAdministradas":502096,"dosisEntregadas":557335,"dosisEntregadasModerna":67600,"dosisEntregadasPfizer":421265,"dosisEntregadasAstrazeneca":53270,"dosisEntregadasJanssen":15200,"dosisPrimeraDosis":261083,"dosisPautaCompletada":256359,"porcentajeEntregadas":0.9008872581122664,"porcentajePoblacionAdministradas":1.5694717955450528,"porcentajePoblacionPrimeraDosis":0.8161037028701463,"porcentajePoblacionCompletas":0.8013372343817401,"fechaUltRegistro":1636934400000,"etarios":{"unaDosis":{"etarioTotal":{"vacunados":261083,"personasINE":283970,"porcentaje":0.9194034581117724},"etarioRangos":[{"rango":{"min":12,"max":19},"vacunados":22178,"personasINE":25532,"porcentaje":0.7982467660384792},{"rango":{"min":20,"max":29},"vacunados":24313,"personasINE":30458,"porcentaje":0.8999943339565981},{"rango":{"min":30,"max":39},"vacunados":31364,"personasINE":39319,"porcentaje":0.8999943339565981},{"rango":{"min":40,"max":49},"vacunados":47652,"personasINE":52947,"porcentaje":0.8999943339565981},{"rango":{"min":50,"max":59},"vacunados":45441,"personasINE":47664,"porcentaje":0.9533610271903323},{"rango":{"min":60,"max":69},"vacunados":38080,"personasINE":38080,"porcentaje":1},{"rango":{"min":70,"max":79},"vacunados":28673,"personasINE":28673,"porcentaje":1},{"rango":{"min":80,"max":null},"vacunados":23382,"personasINE":23382,"porcentaje":1}]},"pautaCompleta":{"etarioTotal":{"vacunados":256359,"personasINE":283970,"porcentaje":0.9027678980173962},"etarioRangos":[{"rango":{"min":12,"max":19},"vacunados":21395,"personasINE":25532,"porcentaje":0.7689277037231598},{"rango":{"min":20,"max":29},"vacunados":23420,"personasINE":30458,"porcentaje":0.8856781309611498},{"rango":{"min":30,"max":39},"vacunados":30558,"personasINE":39319,"porcentaje":0.8856781309611498},{"rango":{"min":40,"max":49},"vacunados":46894,"personasINE":52947,"porcentaje":0.8856781309611498},{"rango":{"min":50,"max":59},"vacunados":44822,"personasINE":47664,"porcentaje":0.9403742866733803},{"rango":{"min":60,"max":69},"vacunados":37522,"personasINE":37718,"porcentaje":0.9948035420754017},{"rango":{"min":70,"max":79},"vacunados":28572,"personasINE":28572,"porcentaje":1},{"rango":{"min":80,"max":null},"vacunados":23176,"personasINE":23176,"porcentaje":1}]}}},{"ccaa":"Madrid","dosisAdministradas":10207333,"dosisEntregadas":10831935,"dosisEntregadasModerna":1645800,"dosisEntregadasPfizer":7637685,"dosisEntregadasAstrazeneca":1227000,"dosisEntregadasJanssen":321450,"dosisPrimeraDosis":5370852,"dosisPautaCompletada":5262497,"porcentajeEntregadas":0.9423369878050413,"porcentajePoblacionAdministradas":1.5055312123150117,"porcentajePoblacionPrimeraDosis":0.7921741480095247,"porcentajePoblacionCompletas":0.776192320581107,"fechaUltRegistro":1636848000000,"etarios":{"unaDosis":{"etarioTotal":{"vacunados":5370852,"personasINE":5977937,"porcentaje":0.8984457347074751},"etarioRangos":[{"rango":{"min":12,"max":19},"vacunados":458036,"personasINE":553542,"porcentaje":0.8151870433347924},{"rango":{"min":20,"max":29},"vacunados":605256,"personasINE":742475,"porcentaje":0.8883394183903374},{"rango":{"min":30,"max":39},"vacunados":753142,"personasINE":949640,"porcentaje":0.8883394183903374},{"rango":{"min":40,"max":49},"vacunados":1035778,"personasINE":1165971,"porcentaje":0.8883394183903374},{"rango":{"min":50,"max":59},"vacunados":943007,"personasINE":972783,"porcentaje":0.9693909124645476},{"rango":{"min":60,"max":69},"vacunados":689919,"personasINE":703323,"porcentaje":0.9809419000942667},{"rango":{"min":70,"max":79},"vacunados":511500,"personasINE":526081,"porcentaje":0.972283735774529},{"rango":{"min":80,"max":null},"vacunados":374214,"personasINE":374214,"porcentaje":1}]},"pautaCompleta":{"etarioTotal":{"vacunados":5262497,"personasINE":5977937,"porcentaje":0.8803199163858703},"etarioRangos":[{"rango":{"min":12,"max":19},"vacunados":444834,"personasINE":553542,"porcentaje":0.7806188760564329},{"rango":{"min":20,"max":29},"vacunados":579590,"personasINE":742475,"porcentaje":0.8717086445546244},{"rango":{"min":30,"max":39},"vacunados":728000,"personasINE":949640.0000000001,"porcentaje":0.8717086445546244},{"rango":{"min":40,"max":49},"vacunados":1016387,"personasINE":1165971,"porcentaje":0.8717086445546244},{"rango":{"min":50,"max":59},"vacunados":935254,"personasINE":972783,"porcentaje":0.9614209952270959},{"rango":{"min":60,"max":69},"vacunados":677752,"personasINE":703323,"porcentaje":0.9636425938011411},{"rango":{"min":70,"max":79},"vacunados":509367,"personasINE":526081,"porcentaje":0.9682292270581907},{"rango":{"min":80,"max":null},"vacunados":371313,"personasINE":371313,"porcentaje":1}]}}},{"ccaa":"Murcia","dosisAdministradas":2328002,"dosisEntregadas":2407175,"dosisEntregadasModerna":398000,"dosisEntregadasPfizer":1687865,"dosisEntregadasAstrazeneca":253010,"dosisEntregadasJanssen":68300,"dosisPrimeraDosis":1196712,"dosisPautaCompletada":1166834,"porcentajeEntregadas":0.9671095786554779,"porcentajePoblacionAdministradas":1.5404469542121064,"porcentajePoblacionPrimeraDosis":0.7918684586478355,"porcentajePoblacionCompletas":0.772098082978936,"fechaUltRegistro":1636934400000,"etarios":{"unaDosis":{"etarioTotal":{"vacunados":1196712,"personasINE":1310137,"porcentaje":0.9134250845522263},"etarioRangos":[{"rango":{"min":12,"max":19},"vacunados":120780,"personasINE":141894,"porcentaje":0.8240618178440389},{"rango":{"min":20,"max":29},"vacunados":141943,"personasINE":172248,"porcentaje":0.9136163867215934},{"rango":{"min":30,"max":39},"vacunados":168013,"personasINE":209003,"porcentaje":0.9136163867215934},{"rango":{"min":40,"max":49},"vacunados":232202,"personasINE":254156.99999999997,"porcentaje":0.9136163867215934},{"rango":{"min":50,"max":59},"vacunados":207743,"personasINE":213256,"porcentaje":0.9741484413099749},{"rango":{"min":60,"max":69},"vacunados":148542,"personasINE":148542,"porcentaje":1},{"rango":{"min":70,"max":79},"vacunados":103454,"personasINE":103454,"porcentaje":1},{"rango":{"min":80,"max":null},"vacunados":74035,"personasINE":74035,"porcentaje":1}]},"pautaCompleta":{"etarioTotal":{"vacunados":1166834,"personasINE":1310137,"porcentaje":0.8906198359408215},"etarioRangos":[{"rango":{"min":12,"max":19},"vacunados":115881,"personasINE":141894,"porcentaje":0.782964098276903},{"rango":{"min":20,"max":29},"vacunados":134864,"personasINE":172248,"porcentaje":0.8939041616009002},{"rango":{"min":30,"max":39},"vacunados":162107,"personasINE":209003,"porcentaje":0.8939041616009002},{"rango":{"min":40,"max":49},"vacunados":227192,"personasINE":254157,"porcentaje":0.8939041616009002},{"rango":{"min":50,"max":59},"vacunados":205102,"personasINE":213256,"porcentaje":0.9617642645458979},{"rango":{"min":60,"max":69},"vacunados":145905,"personasINE":146909,"porcentaje":0.9931658373550973},{"rango":{"min":70,"max":79},"vacunados":102543,"personasINE":102899,"porcentaje":0.9965402967958872},{"rango":{"min":80,"max":null},"vacunados":73240,"personasINE":73240,"porcentaje":1}]}}},{"ccaa":"Navarra","dosisAdministradas":1035750,"dosisEntregadas":1074255,"dosisEntregadasModerna":151500,"dosisEntregadasPfizer":762405,"dosisEntregadasAstrazeneca":136600,"dosisEntregadasJanssen":23750,"dosisPrimeraDosis":529036,"dosisPautaCompletada":523021,"porcentajeEntregadas":0.9641565550078892,"porcentajePoblacionAdministradas":1.5664771618746,"porcentajePoblacionPrimeraDosis":0.8001185728307902,"porcentajePoblacionCompletas":0.7910214353664642,"fechaUltRegistro":1636934400000,"etarios":{"unaDosis":{"etarioTotal":{"vacunados":529036,"personasINE":581354,"porcentaje":0.9100066396722135},"etarioRangos":[{"rango":{"min":12,"max":19},"vacunados":49315,"personasINE":56388,"porcentaje":0.8414431869890058},{"rango":{"min":20,"max":29},"vacunados":57325,"personasINE":68127,"porcentaje":0.8837428936501176},{"rango":{"min":30,"max":39},"vacunados":64239,"personasINE":81341,"porcentaje":0.8837428936501176},{"rango":{"min":40,"max":49},"vacunados":95446,"personasINE":108002,"porcentaje":0.8837428936501176},{"rango":{"min":50,"max":59},"vacunados":91971,"personasINE":96694,"porcentaje":0.9511551906012783},{"rango":{"min":60,"max":69},"vacunados":72316,"personasINE":73844,"porcentaje":0.9793077298087861},{"rango":{"min":70,"max":79},"vacunados":55905,"personasINE":55905,"porcentaje":1},{"rango":{"min":80,"max":null},"vacunados":42519,"personasINE":42519,"porcentaje":1}]},"pautaCompleta":{"etarioTotal":{"vacunados":523021,"personasINE":581354,"porcentaje":0.8996601038265841},"etarioRangos":[{"rango":{"min":12,"max":19},"vacunados":48482,"personasINE":56388,"porcentaje":0.8183539565810912},{"rango":{"min":20,"max":29},"vacunados":55752,"personasINE":68127,"porcentaje":0.8761226643951038},{"rango":{"min":30,"max":39},"vacunados":63155,"personasINE":81341,"porcentaje":0.8761226643951038},{"rango":{"min":40,"max":49},"vacunados":94623,"personasINE":108002,"porcentaje":0.8761226643951038},{"rango":{"min":50,"max":59},"vacunados":91363,"personasINE":96694,"porcentaje":0.9448673133803546},{"rango":{"min":60,"max":69},"vacunados":71753,"personasINE":73844,"porcentaje":0.9716835491035155},{"rango":{"min":70,"max":79},"vacunados":55763,"personasINE":55792,"porcentaje":0.9994802122168053},{"rango":{"min":80,"max":null},"vacunados":42130,"personasINE":42130,"porcentaje":1}]}}},{"ccaa":"País Vasco","dosisAdministradas":3500531,"dosisEntregadas":3719130,"dosisEntregadasModerna":526100,"dosisEntregadasPfizer":2647530,"dosisEntregadasAstrazeneca":444200,"dosisEntregadasJanssen":101300,"dosisPrimeraDosis":1817581,"dosisPautaCompletada":1787318,"porcentajeEntregadas":0.9412230817422355,"porcentajePoblacionAdministradas":1.5764578672229368,"porcentajePoblacionPrimeraDosis":0.8185443484902527,"porcentajePoblacionCompletas":0.8049154606341623,"fechaUltRegistro":1636848000000,"etarios":{"unaDosis":{"etarioTotal":{"vacunados":1817581,"personasINE":1983943,"porcentaje":0.9161457763655508},"etarioRangos":[{"rango":{"min":12,"max":19},"vacunados":147346,"personasINE":168606,"porcentaje":0.8174253475840305},{"rango":{"min":20,"max":29},"vacunados":164739,"personasINE":201534,"porcentaje":0.8862462134077811},{"rango":{"min":30,"max":39},"vacunados":203699,"personasINE":260543,"porcentaje":0.8862462134077811},{"rango":{"min":40,"max":49},"vacunados":320939,"personasINE":362133,"porcentaje":0.8862462134077811},{"rango":{"min":50,"max":59},"vacunados":324148,"personasINE":339977,"porcentaje":0.9534409680654868},{"rango":{"min":60,"max":69},"vacunados":278671,"personasINE":280119,"porcentaje":0.9948307683520218},{"rango":{"min":70,"max":79},"vacunados":213799,"personasINE":213799,"porcentaje":1},{"rango":{"min":80,"max":null},"vacunados":164240,"personasINE":164240,"porcentaje":1}]},"pautaCompleta":{"etarioTotal":{"vacunados":1787318,"personasINE":1983943,"porcentaje":0.900891809895748},"etarioRangos":[{"rango":{"min":12,"max":19},"vacunados":143942,"personasINE":168606,"porcentaje":0.7931416038981015},{"rango":{"min":20,"max":29},"vacunados":159845,"personasINE":201534,"porcentaje":0.874032468733863},{"rango":{"min":30,"max":39},"vacunados":198373,"personasINE":260542.99999999997,"porcentaje":0.874032468733863},{"rango":{"min":40,"max":49},"vacunados":316516,"personasINE":362133,"porcentaje":0.874032468733863},{"rango":{"min":50,"max":59},"vacunados":320908,"personasINE":339977,"porcentaje":0.943910911620492},{"rango":{"min":60,"max":69},"vacunados":273510,"personasINE":280119,"porcentaje":0.9764064558277018},{"rango":{"min":70,"max":79},"vacunados":212251,"personasINE":213081,"porcentaje":0.9961047676705103},{"rango":{"min":80,"max":null},"vacunados":161973,"personasINE":157950,"porcentaje":1.0254700854700856}]}}},{"ccaa":"Ceuta","dosisAdministradas":119176,"dosisEntregadas":142355,"dosisEntregadasModerna":22400,"dosisEntregadasPfizer":97920,"dosisEntregadasAstrazeneca":18100,"dosisEntregadasJanssen":3935,"dosisPrimeraDosis":62983,"dosisPautaCompletada":60427,"porcentajeEntregadas":0.8371746689613994,"porcentajePoblacionAdministradas":1.4153583050283842,"porcentajePoblacionPrimeraDosis":0.7479988598845633,"porcentajePoblacionCompletas":0.7176432863827462,"fechaUltRegistro":1636675200000,"etarios":{"unaDosis":{"etarioTotal":{"vacunados":62983,"personasINE":70965,"porcentaje":0.887522017896146},"etarioRangos":[{"rango":{"min":12,"max":19},"vacunados":8613,"personasINE":9126,"porcentaje":0.8479985410777788},{"rango":{"min":20,"max":29},"vacunados":9300,"personasINE":10967,"porcentaje":0.8853820598006644},{"rango":{"min":30,"max":39},"vacunados":9295,"personasINE":11894,"porcentaje":0.8853820598006644},{"rango":{"min":40,"max":49},"vacunados":11193,"personasINE":12642,"porcentaje":0.8853820598006644},{"rango":{"min":50,"max":59},"vacunados":10610,"personasINE":11556,"porcentaje":0.9181377639321564},{"rango":{"min":60,"max":69},"vacunados":7672,"personasINE":7857,"porcentaje":0.9764541173475881},{"rango":{"min":70,"max":79},"vacunados":3898,"personasINE":4318,"porcentaje":0.9027327466419639},{"rango":{"min":80,"max":null},"vacunados":2402,"personasINE":2605,"porcentaje":0.9220729366602687}]},"pautaCompleta":{"etarioTotal":{"vacunados":60427,"personasINE":70965,"porcentaje":0.8515042626646938},"etarioRangos":[{"rango":{"min":12,"max":19},"vacunados":7825,"personasINE":9126,"porcentaje":0.7774231786267894},{"rango":{"min":20,"max":29},"vacunados":8526,"personasINE":10967,"porcentaje":0.8650529979433634},{"rango":{"min":30,"max":39},"vacunados":8882,"personasINE":11894,"porcentaje":0.8650529979433634},{"rango":{"min":40,"max":49},"vacunados":10936,"personasINE":12642,"porcentaje":0.8650529979433634},{"rango":{"min":50,"max":59},"vacunados":10468,"personasINE":11556,"porcentaje":0.9058497750086535},{"rango":{"min":60,"max":69},"vacunados":7545,"personasINE":7857,"porcentaje":0.9602901870943108},{"rango":{"min":70,"max":79},"vacunados":3862,"personasINE":4318,"porcentaje":0.8943955534969893},{"rango":{"min":80,"max":null},"vacunados":2383,"personasINE":2605,"porcentaje":0.9147792706333974}]}}},{"ccaa":"Melilla","dosisAdministradas":105615,"dosisEntregadas":141100,"dosisEntregadasModerna":23500,"dosisEntregadasPfizer":96750,"dosisEntregadasAstrazeneca":15100,"dosisEntregadasJanssen":5750,"dosisPrimeraDosis":58158,"dosisPautaCompletada":55595,"porcentajeEntregadas":0.7485116938341602,"porcentajePoblacionAdministradas":1.2129059672010658,"porcentajePoblacionPrimeraDosis":0.6678993063530709,"porcentajePoblacionCompletas":0.63846524874822,"fechaUltRegistro":1636934400000,"etarios":{"unaDosis":{"etarioTotal":{"vacunados":58158,"personasINE":70927,"porcentaje":0.819969828133151},"etarioRangos":[{"rango":{"min":12,"max":19},"vacunados":8119,"personasINE":9574,"porcentaje":0.7448103376406836},{"rango":{"min":20,"max":29},"vacunados":8934,"personasINE":11995,"porcentaje":0.8431094817530411},{"rango":{"min":30,"max":39},"vacunados":8721,"personasINE":12133,"porcentaje":0.8431094817530411},{"rango":{"min":40,"max":49},"vacunados":10119,"personasINE":12002,"porcentaje":0.8431094817530411},{"rango":{"min":50,"max":59},"vacunados":9724,"personasINE":11299,"porcentaje":0.8606071333746349},{"rango":{"min":60,"max":69},"vacunados":7198,"personasINE":7827,"porcentaje":0.9196371534432094},{"rango":{"min":70,"max":79},"vacunados":3325,"personasINE":3748,"porcentaje":0.8871398078975453},{"rango":{"min":80,"max":null},"vacunados":2018,"personasINE":2349,"porcentaje":0.8590889740315028}]},"pautaCompleta":{"etarioTotal":{"vacunados":55595,"personasINE":70927,"porcentaje":0.7838340829303369},"etarioRangos":[{"rango":{"min":12,"max":19},"vacunados":7405,"personasINE":9574,"porcentaje":0.6817840766986244},{"rango":{"min":20,"max":29},"vacunados":8178,"personasINE":11995,"porcentaje":0.8226962172971172},{"rango":{"min":30,"max":39},"vacunados":8347,"personasINE":12132.999999999998,"porcentaje":0.8226962172971172},{"rango":{"min":40,"max":49},"vacunados":9874,"personasINE":12002,"porcentaje":0.8226962172971172},{"rango":{"min":50,"max":59},"vacunados":9519,"personasINE":11299,"porcentaje":0.8424639348614922},{"rango":{"min":60,"max":69},"vacunados":7043,"personasINE":7827,"porcentaje":0.8998339082662579},{"rango":{"min":70,"max":79},"vacunados":3259,"personasINE":3748,"porcentaje":0.869530416221985},{"rango":{"min":80,"max":null},"vacunados":1970,"personasINE":2349,"porcentaje":0.8386547467007237}]}}},{"ccaa":"Fuerzas Armadas","dosisAdministradas":177428,"dosisEntregadas":212238,"dosisEntregadasModerna":58300,"dosisEntregadasPfizer":48138,"dosisEntregadasAstrazeneca":103800,"dosisEntregadasJanssen":2000,"dosisPrimeraDosis":95173,"dosisPautaCompletada":89007,"porcentajeEntregadas":0.8359860156993564,"porcentajePoblacionAdministradas":null,"porcentajePoblacionPrimeraDosis":null,"porcentajePoblacionCompletas":null,"fechaUltRegistro":1636934400000},{"ccaa":"Sanidad Exterior","dosisAdministradas":7423,"dosisEntregadas":9430,"dosisEntregadasModerna":4990,"dosisEntregadasPfizer":0,"dosisEntregadasAstrazeneca":0,"dosisEntregadasJanssen":4440,"dosisPrimeraDosis":5621,"dosisPautaCompletada":5442,"porcentajeEntregadas":0.787168610816543,"porcentajePoblacionAdministradas":null,"porcentajePoblacionPrimeraDosis":null,"porcentajePoblacionCompletas":null,"fechaUltRegistro":1636934400000,"etarios":{"unaDosis":{"etarioTotal":{"vacunados":5621,"personasINE":"-","porcentaje":"-"},"etarioRangos":[{"rango":{"min":12,"max":19},"vacunados":178,"personasINE":null,"porcentaje":"-"},{"rango":{"min":20,"max":29},"vacunados":1365,"personasINE":null,"porcentaje":"-"},{"rango":{"min":30,"max":39},"vacunados":1649,"personasINE":null,"porcentaje":"-"},{"rango":{"min":40,"max":49},"vacunados":1391,"personasINE":null,"porcentaje":"-"},{"rango":{"min":50,"max":59},"vacunados":728,"personasINE":null,"porcentaje":"-"},{"rango":{"min":60,"max":69},"vacunados":240,"personasINE":null,"porcentaje":"-"},{"rango":{"min":70,"max":79},"vacunados":42,"personasINE":null,"porcentaje":"-"},{"rango":{"min":80,"max":null},"vacunados":28,"personasINE":null,"porcentaje":"-"}]},"pautaCompleta":{"etarioTotal":{"vacunados":5442,"personasINE":"-","porcentaje":"-"},"etarioRangos":[{"rango":{"min":12,"max":19},"vacunados":164,"personasINE":null,"porcentaje":"-"},{"rango":{"min":20,"max":29},"vacunados":1317,"personasINE":null,"porcentaje":"-"},{"rango":{"min":30,"max":39},"vacunados":1598,"personasINE":null,"porcentaje":"-"},{"rango":{"min":40,"max":49},"vacunados":1357,"personasINE":null,"porcentaje":"-"},{"rango":{"min":50,"max":59},"vacunados":708,"personasINE":null,"porcentaje":"-"},{"rango":{"min":60,"max":69},"vacunados":230,"personasINE":null,"porcentaje":"-"},{"rango":{"min":70,"max":79},"vacunados":41,"personasINE":null,"porcentaje":"-"},{"rango":{"min":80,"max":null},"vacunados":27,"personasINE":null,"porcentaje":"-"}]}}},{"ccaa":"Totales","dosisAdministradas":74034325,"dosisEntregadas":77832689,"dosisEntregadasModerna":10790560,"dosisEntregadasPfizer":55775979,"dosisEntregadasAstrazeneca":9107850,"dosisEntregadasJanssen":2158300,"dosisPrimeraDosis":38171026,"dosisPautaCompletada":37480526,"porcentajeEntregadas":0.9511983454663888,"porcentajePoblacionAdministradas":1.5772118662121857,"porcentajePoblacionPrimeraDosis":0.8131876011930124,"porcentajePoblacionCompletas":0.7984773327652323,"fechaUltRegistro":null,"etarios":{"unaDosis":{"etarioTotal":{"vacunados":38171026,"personasINE":42119827,"porcentaje":0.906248404106693},"etarioRangos":[{"rango":{"min":12,"max":19},"vacunados":3361267,"personasINE":3888686,"porcentaje":0.8138119256406937},{"rango":{"min":20,"max":29},"vacunados":4024007,"personasINE":4944640,"porcentaje":0.8862839701829901},{"rango":{"min":30,"max":39},"vacunados":4930034,"personasINE":6230403,"porcentaje":0.8862839701829901},{"rango":{"min":40,"max":49},"vacunados":6994320,"personasINE":7891737,"porcentaje":0.8862839701829901},{"rango":{"min":50,"max":59},"vacunados":6691550,"personasINE":7033306,"porcentaje":0.9514089106886576},{"rango":{"min":60,"max":69},"vacunados":5285098,"personasINE":5336986,"porcentaje":0.9902776585885742},{"rango":{"min":70,"max":79},"vacunados":3945457,"personasINE":3960045,"porcentaje":0.9963162034774857},{"rango":{"min":80,"max":null},"vacunados":2939293,"personasINE":2939293,"porcentaje":1}]},"pautaCompleta":{"etarioTotal":{"vacunados":37480526,"personasINE":42119827,"porcentaje":0.8898546995456558},"etarioRangos":[{"rango":{"min":12,"max":19},"vacunados":3249437,"personasINE":3888686,"porcentaje":0.7824834568340668},{"rango":{"min":20,"max":29},"vacunados":3869099,"personasINE":4944640,"porcentaje":0.8733176232304751},{"rango":{"min":30,"max":39},"vacunados":4790959,"personasINE":6230403,"porcentaje":0.8733176232304751},{"rango":{"min":40,"max":49},"vacunados":6891993,"personasINE":7891737,"porcentaje":0.8733176232304751},{"rango":{"min":50,"max":59},"vacunados":6627139,"personasINE":7033306,"porcentaje":0.9422509130130269},{"rango":{"min":60,"max":69},"vacunados":5221642,"personasINE":5336986,"porcentaje":0.978387801654342},{"rango":{"min":70,"max":79},"vacunados":3922628,"personasINE":3960045,"porcentaje":0.9905513699970581},{"rango":{"min":80,"max":null},"vacunados":2907629,"personasINE":2907629,"porcentaje":1}]}}}]