[{"ccaa":"Andalucía","dosisAdministradas":8003258,"dosisEntregadas":8836120,"dosisEntregadasModerna":833000,"dosisEntregadasPfizer":5802120,"dosisEntregadasAstrazeneca":1805800,"dosisEntregadasJanssen":395200,"dosisPrimeraDosis":4768733,"dosisPautaCompletada":3404882,"porcentajeEntregadas":0.9057434711162818,"porcentajePoblacionAdministradas":0.945518595446275,"porcentajePoblacionPrimeraDosis":0.5633862769659933,"porcentajePoblacionCompletas":0.40225858597839825,"fechaUltRegistro":1625443200000,"etarios":{"unaDosis":{"etarioTotal":{"vacunados":4768733,"personasINE":7451975,"porcentaje":0.6399287437223018},"etarioRangos":[{"rango":{"min":12,"max":19},"vacunados":5878,"personasINE":752907,"porcentaje":0.12220245684159746},{"rango":{"min":20,"max":29},"vacunados":113486,"personasINE":928672,"porcentaje":0.7809205596073681},{"rango":{"min":30,"max":39},"vacunados":457922,"personasINE":1140217,"porcentaje":0.7809205596073681},{"rango":{"min":40,"max":49},"vacunados":1081664,"personasINE":1385114,"porcentaje":0.7809205596073681},{"rango":{"min":50,"max":59},"vacunados":1143085,"personasINE":1265021,"porcentaje":0.90360950529675},{"rango":{"min":60,"max":69},"vacunados":886577,"personasINE":916147,"porcentaje":0.9677235203520832},{"rango":{"min":70,"max":79},"vacunados":648245,"personasINE":650381,"porcentaje":0.9967157712171788},{"rango":{"min":80,"max":null},"vacunados":431876,"personasINE":431876,"porcentaje":1}]},"pautaCompleta":{"etarioTotal":{"vacunados":3404882,"personasINE":7451975,"porcentaje":0.45691001378829105},"etarioRangos":[{"rango":{"min":12,"max":19},"vacunados":4478,"personasINE":752907,"porcentaje":0.10314728989352538},{"rango":{"min":20,"max":29},"vacunados":95790,"personasINE":928672,"porcentaje":0.3836673371289295},{"rango":{"min":30,"max":39},"vacunados":143098,"personasINE":1140217,"porcentaje":0.3836673371289295},{"rango":{"min":40,"max":49},"vacunados":531423,"personasINE":1385114,"porcentaje":0.3836673371289295},{"rango":{"min":50,"max":59},"vacunados":1023447,"personasINE":1265021,"porcentaje":0.8090355812275053},{"rango":{"min":60,"max":69},"vacunados":542252,"personasINE":916147.0000000001,"porcentaje":0.5918831803193155},{"rango":{"min":70,"max":79},"vacunados":639990,"personasINE":650381,"porcentaje":0.9840232110101618},{"rango":{"min":80,"max":null},"vacunados":424404,"personasINE":424404,"porcentaje":1}]}}},{"ccaa":"Aragón","dosisAdministradas":1298160,"dosisEntregadas":1495295,"dosisEntregadasModerna":136100,"dosisEntregadasPfizer":1022895,"dosisEntregadasAstrazeneca":285700,"dosisEntregadasJanssen":50600,"dosisPrimeraDosis":765662,"dosisPautaCompletada":592923,"porcentajeEntregadas":0.868163138377377,"porcentajePoblacionAdministradas":0.976507287923568,"porcentajePoblacionPrimeraDosis":0.5759494385022916,"porcentajePoblacionCompletas":0.4460109930035633,"fechaUltRegistro":1625443200000,"etarios":{"unaDosis":{"etarioTotal":{"vacunados":765662,"personasINE":1185134,"porcentaje":0.646055214009555},"etarioRangos":[{"rango":{"min":12,"max":19},"vacunados":1589,"personasINE":103109,"porcentaje":0.14117223027430773},{"rango":{"min":20,"max":29},"vacunados":18409,"personasINE":130400.99999999999,"porcentaje":0.7521575487454814},{"rango":{"min":30,"max":39},"vacunados":41841,"personasINE":164286,"porcentaje":0.7521575487454814},{"rango":{"min":40,"max":49},"vacunados":161671,"personasINE":214943,"porcentaje":0.7521575487454814},{"rango":{"min":50,"max":59},"vacunados":174103,"personasINE":198266,"porcentaje":0.8781283729938567},{"rango":{"min":60,"max":69},"vacunados":149093,"personasINE":156367,"porcentaje":0.9534812332525405},{"rango":{"min":70,"max":79},"vacunados":118202,"personasINE":118955,"porcentaje":0.9936698751628767},{"rango":{"min":80,"max":null},"vacunados":100754,"personasINE":100754,"porcentaje":1}]},"pautaCompleta":{"etarioTotal":{"vacunados":592923,"personasINE":1185134,"porcentaje":0.5003003879730056},"etarioRangos":[{"rango":{"min":12,"max":19},"vacunados":1307,"personasINE":103109,"porcentaje":0.12943152276439598},{"rango":{"min":20,"max":29},"vacunados":16878,"personasINE":130401,"porcentaje":0.44961222277534046},{"rango":{"min":30,"max":39},"vacunados":26242,"personasINE":164286,"porcentaje":0.44961222277534046},{"rango":{"min":40,"max":49},"vacunados":96641,"personasINE":214943,"porcentaje":0.44961222277534046},{"rango":{"min":50,"max":59},"vacunados":165580,"personasINE":198266,"porcentaje":0.8351406696054795},{"rango":{"min":60,"max":69},"vacunados":70354,"personasINE":156367,"porcentaje":0.4499286933943863},{"rango":{"min":70,"max":79},"vacunados":116905,"personasINE":118955,"porcentaje":0.9827665924088941},{"rango":{"min":80,"max":null},"vacunados":99016,"personasINE":99016,"porcentaje":1}]}}},{"ccaa":"Asturias","dosisAdministradas":1155453,"dosisEntregadas":1253375,"dosisEntregadasModerna":113200,"dosisEntregadasPfizer":867875,"dosisEntregadasAstrazeneca":233400,"dosisEntregadasJanssen":38900,"dosisPrimeraDosis":680001,"dosisPautaCompletada":514458,"porcentajeEntregadas":0.921873341976663,"porcentajePoblacionAdministradas":1.1341491425071457,"porcentajePoblacionPrimeraDosis":0.6674633680937274,"porcentajePoblacionCompletas":0.5049725947796588,"fechaUltRegistro":1625443200000,"etarios":{"unaDosis":{"etarioTotal":{"vacunados":680001,"personasINE":933927,"porcentaje":0.7281093704325927},"etarioRangos":[{"rango":{"min":12,"max":19},"vacunados":593,"personasINE":64000,"porcentaje":0.1310690043103993},{"rango":{"min":20,"max":29},"vacunados":10369,"personasINE":79111,"porcentaje":0.7981891456528118},{"rango":{"min":30,"max":39},"vacunados":46426,"personasINE":114451,"porcentaje":0.7981891456528118},{"rango":{"min":40,"max":49},"vacunados":133292,"personasINE":166993,"porcentaje":0.7981891456528118},{"rango":{"min":50,"max":59},"vacunados":144753,"personasINE":162645,"porcentaje":0.8899935442220788},{"rango":{"min":60,"max":69},"vacunados":142408,"personasINE":149652,"porcentaje":0.9515943655948467},{"rango":{"min":70,"max":79},"vacunados":113597,"personasINE":113597,"porcentaje":1},{"rango":{"min":80,"max":null},"vacunados":88563,"personasINE":88563,"porcentaje":1}]},"pautaCompleta":{"etarioTotal":{"vacunados":514458,"personasINE":933927,"porcentaje":0.5508546171167554},"etarioRangos":[{"rango":{"min":12,"max":19},"vacunados":538,"personasINE":63999.99999999999,"porcentaje":0.12573472715551567},{"rango":{"min":20,"max":29},"vacunados":9947,"personasINE":79111,"porcentaje":0.5148359512075357},{"rango":{"min":30,"max":39},"vacunados":15770,"personasINE":114451,"porcentaje":0.5148359512075357},{"rango":{"min":40,"max":49},"vacunados":85974,"personasINE":166993,"porcentaje":0.5148359512075357},{"rango":{"min":50,"max":59},"vacunados":138223,"personasINE":162645,"porcentaje":0.849844753911894},{"rango":{"min":60,"max":69},"vacunados":64564,"personasINE":149652,"porcentaje":0.43142757864913267},{"rango":{"min":70,"max":79},"vacunados":112144,"personasINE":112144,"porcentaje":1},{"rango":{"min":80,"max":null},"vacunados":87298,"personasINE":87826,"porcentaje":0.9939881128595177}]}}},{"ccaa":"Baleares","dosisAdministradas":1008314,"dosisEntregadas":1208960,"dosisEntregadasModerna":106600,"dosisEntregadasPfizer":743310,"dosisEntregadasAstrazeneca":256400,"dosisEntregadasJanssen":102650,"dosisPrimeraDosis":617152,"dosisPautaCompletada":440685,"porcentajeEntregadas":0.8340342112228692,"porcentajePoblacionAdministradas":0.8606717807199565,"porcentajePoblacionPrimeraDosis":0.5267856152100264,"porcentajePoblacionCompletas":0.3761577680033938,"fechaUltRegistro":1625443200000,"etarios":{"unaDosis":{"etarioTotal":{"vacunados":617152,"personasINE":1034867,"porcentaje":0.596358759144895},"etarioRangos":[{"rango":{"min":12,"max":19},"vacunados":7013,"personasINE":95480,"porcentaje":0.21290832378825883},{"rango":{"min":20,"max":29},"vacunados":29369,"personasINE":137942,"porcentaje":0.677676891139437},{"rango":{"min":30,"max":39},"vacunados":75126,"personasINE":182187,"porcentaje":0.677676891139437},{"rango":{"min":40,"max":49},"vacunados":139718,"personasINE":206172,"porcentaje":0.677676891139437},{"rango":{"min":50,"max":59},"vacunados":135995,"personasINE":165797,"porcentaje":0.8202500648383264},{"rango":{"min":60,"max":69},"vacunados":101517,"personasINE":117231,"porcentaje":0.8659569567776442},{"rango":{"min":70,"max":79},"vacunados":77627,"personasINE":80516,"porcentaje":0.9641189328829053},{"rango":{"min":80,"max":null},"vacunados":50787,"personasINE":50787,"porcentaje":1}]},"pautaCompleta":{"etarioTotal":{"vacunados":440685,"personasINE":1034867,"porcentaje":0.42583732982112676},"etarioRangos":[{"rango":{"min":12,"max":19},"vacunados":845,"personasINE":95480,"porcentaje":0.09134273825230894},{"rango":{"min":20,"max":29},"vacunados":12600,"personasINE":137942,"porcentaje":0.48039986031080845},{"rango":{"min":30,"max":39},"vacunados":22500,"personasINE":182187,"porcentaje":0.48039986031080845},{"rango":{"min":40,"max":49},"vacunados":99045,"personasINE":206172,"porcentaje":0.48039986031080845},{"rango":{"min":50,"max":59},"vacunados":126507,"personasINE":165797,"porcentaje":0.7630234563954715},{"rango":{"min":60,"max":69},"vacunados":52571,"personasINE":117231,"porcentaje":0.44843940595917464},{"rango":{"min":70,"max":79},"vacunados":76630,"personasINE":80516,"porcentaje":0.9517363008594565},{"rango":{"min":80,"max":null},"vacunados":49987,"personasINE":49987,"porcentaje":1}]}}},{"ccaa":"Canarias","dosisAdministradas":1915816,"dosisEntregadas":2221390,"dosisEntregadasModerna":199900,"dosisEntregadasPfizer":1422690,"dosisEntregadasAstrazeneca":503700,"dosisEntregadasJanssen":95100,"dosisPrimeraDosis":1174002,"dosisPautaCompletada":827410,"porcentajeEntregadas":0.8624401838488513,"porcentajePoblacionAdministradas":0.880449568740487,"porcentajePoblacionPrimeraDosis":0.5395348794458701,"porcentajePoblacionCompletas":0.3802519540872225,"fechaUltRegistro":1625443200000,"etarios":{"unaDosis":{"etarioTotal":{"vacunados":1174002,"personasINE":1960774,"porcentaje":0.5987441693943311},"etarioRangos":[{"rango":{"min":12,"max":19},"vacunados":3111,"personasINE":179797,"porcentaje":0.1596795207906319},{"rango":{"min":20,"max":29},"vacunados":40199,"personasINE":251747.99999999997,"porcentaje":0.6495241335931781},{"rango":{"min":30,"max":39},"vacunados":136322,"personasINE":310934,"porcentaje":0.6495241335931781},{"rango":{"min":40,"max":49},"vacunados":251966,"personasINE":387924,"porcentaje":0.6495241335931781},{"rango":{"min":50,"max":59},"vacunados":292048,"personasINE":350512,"porcentaje":0.8332039987218697},{"rango":{"min":60,"max":69},"vacunados":210554,"personasINE":235092,"porcentaje":0.8956238408793153},{"rango":{"min":70,"max":79},"vacunados":148211,"personasINE":154531,"porcentaje":0.959102057192408},{"rango":{"min":80,"max":null},"vacunados":91591,"personasINE":91591,"porcentaje":1}]},"pautaCompleta":{"etarioTotal":{"vacunados":827410,"personasINE":1960774,"porcentaje":0.42198131962174124},"etarioRangos":[{"rango":{"min":12,"max":19},"vacunados":775,"personasINE":179797,"porcentaje":0.08199866533199866},{"rango":{"min":20,"max":29},"vacunados":20643,"personasINE":251748,"porcentaje":0.37830348212536474},{"rango":{"min":30,"max":39},"vacunados":45925,"personasINE":310934,"porcentaje":0.37830348212536474},{"rango":{"min":40,"max":49},"vacunados":146753,"personasINE":387924,"porcentaje":0.37830348212536474},{"rango":{"min":50,"max":59},"vacunados":252965,"personasINE":350512,"porcentaje":0.7217013968138039},{"rango":{"min":60,"max":69},"vacunados":127108,"personasINE":235092,"porcentaje":0.5406734384836575},{"rango":{"min":70,"max":79},"vacunados":144153,"personasINE":154531,"porcentaje":0.9328419540415839},{"rango":{"min":80,"max":null},"vacunados":89088,"personasINE":90236,"porcentaje":0.987277804867237}]}}},{"ccaa":"Cantabria","dosisAdministradas":548457,"dosisEntregadas":668585,"dosisEntregadasModerna":59700,"dosisEntregadasPfizer":451185,"dosisEntregadasAstrazeneca":130200,"dosisEntregadasJanssen":27500,"dosisPrimeraDosis":331622,"dosisPautaCompletada":231401,"porcentajeEntregadas":0.8203250147699993,"porcentajePoblacionAdministradas":0.9409028915517966,"porcentajePoblacionPrimeraDosis":0.5689126015388443,"porcentajePoblacionCompletas":0.3969789245245795,"fechaUltRegistro":1625097600000,"etarios":{"unaDosis":{"etarioTotal":{"vacunados":331622,"personasINE":524127,"porcentaje":0.632713063818502},"etarioRangos":[{"rango":{"min":12,"max":19},"vacunados":201,"personasINE":43963,"porcentaje":0.108999108999109},{"rango":{"min":20,"max":29},"vacunados":5505,"personasINE":50505,"porcentaje":0.660884329388661},{"rango":{"min":30,"max":39},"vacunados":10141,"personasINE":70473,"porcentaje":0.660884329388661},{"rango":{"min":40,"max":49},"vacunados":64614,"personasINE":97769,"porcentaje":0.660884329388661},{"rango":{"min":50,"max":59},"vacunados":79115,"personasINE":89964,"porcentaje":0.8794073184829487},{"rango":{"min":60,"max":69},"vacunados":74165,"personasINE":77345,"porcentaje":0.9588855129614067},{"rango":{"min":70,"max":79},"vacunados":55686,"personasINE":55686,"porcentaje":1},{"rango":{"min":80,"max":null},"vacunados":42195,"personasINE":42195,"porcentaje":1}]},"pautaCompleta":{"etarioTotal":{"vacunados":231401,"personasINE":524127,"porcentaje":0.4414979575560885},"etarioRangos":[{"rango":{"min":12,"max":19},"vacunados":116,"personasINE":43963,"porcentaje":0.09480249480249481},{"rango":{"min":20,"max":29},"vacunados":4788,"personasINE":50505,"porcentaje":0.2250917980136853},{"rango":{"min":30,"max":39},"vacunados":8485,"personasINE":70473,"porcentaje":0.2250917980136853},{"rango":{"min":40,"max":49},"vacunados":22007,"personasINE":97769,"porcentaje":0.2250917980136853},{"rango":{"min":50,"max":59},"vacunados":67934,"personasINE":89964,"porcentaje":0.7551242719309946},{"rango":{"min":60,"max":69},"vacunados":31308,"personasINE":77345,"porcentaje":0.40478376107052816},{"rango":{"min":70,"max":79},"vacunados":55114,"personasINE":55114,"porcentaje":1},{"rango":{"min":80,"max":null},"vacunados":41649,"personasINE":41649,"porcentaje":1}]}}},{"ccaa":"Castilla y Leon","dosisAdministradas":2484702,"dosisEntregadas":2976305,"dosisEntregadasModerna":273800,"dosisEntregadasPfizer":2032005,"dosisEntregadasAstrazeneca":514400,"dosisEntregadasJanssen":156100,"dosisPrimeraDosis":1468572,"dosisPautaCompletada":1120995,"porcentajeEntregadas":0.8348277478282635,"porcentajePoblacionAdministradas":1.0374893837701333,"porcentajePoblacionPrimeraDosis":0.6132034583229989,"porcentajePoblacionCompletas":0.4680723932927975,"fechaUltRegistro":1625443200000,"etarios":{"unaDosis":{"etarioTotal":{"vacunados":1468572,"personasINE":2176253,"porcentaje":0.67481676073508},"etarioRangos":[{"rango":{"min":12,"max":19},"vacunados":1060,"personasINE":165342,"porcentaje":0.12046102954418358},{"rango":{"min":20,"max":29},"vacunados":25418,"personasINE":211006,"porcentaje":0.7392081033842088},{"rango":{"min":30,"max":39},"vacunados":51529,"personasINE":267783,"porcentaje":0.7392081033842088},{"rango":{"min":40,"max":49},"vacunados":268558,"personasINE":363305,"porcentaje":0.7392081033842088},{"rango":{"min":50,"max":59},"vacunados":335784,"personasINE":381175,"porcentaje":0.8809182134190332},{"rango":{"min":60,"max":69},"vacunados":308952,"personasINE":318575,"porcentaje":0.9697936121792357},{"rango":{"min":70,"max":79},"vacunados":248783,"personasINE":248783,"porcentaje":1},{"rango":{"min":80,"max":null},"vacunados":228488,"personasINE":228488,"porcentaje":1}]},"pautaCompleta":{"etarioTotal":{"vacunados":1120995,"personasINE":2176253,"porcentaje":0.5151032531603632},"etarioRangos":[{"rango":{"min":12,"max":19},"vacunados":858,"personasINE":165342,"porcentaje":0.10867463484450679},{"rango":{"min":20,"max":29},"vacunados":22931,"personasINE":211006,"porcentaje":0.27133125060211116},{"rango":{"min":30,"max":39},"vacunados":34733,"personasINE":267783,"porcentaje":0.27133125060211116},{"rango":{"min":40,"max":49},"vacunados":98576,"personasINE":363305,"porcentaje":0.27133125060211116},{"rango":{"min":50,"max":59},"vacunados":300185,"personasINE":381175,"porcentaje":0.7875254148357054},{"rango":{"min":60,"max":69},"vacunados":191461,"personasINE":318575,"porcentaje":0.6009919171309739},{"rango":{"min":70,"max":79},"vacunados":246734,"personasINE":246734,"porcentaje":1},{"rango":{"min":80,"max":null},"vacunados":225517,"personasINE":225517,"porcentaje":1}]}}},{"ccaa":"Castilla La Mancha","dosisAdministradas":1957256,"dosisEntregadas":2244370,"dosisEntregadasModerna":212900,"dosisEntregadasPfizer":1496295,"dosisEntregadasAstrazeneca":460900,"dosisEntregadasJanssen":74275,"dosisPrimeraDosis":1194231,"dosisPautaCompletada":832507,"porcentajeEntregadas":0.8720736776912897,"porcentajePoblacionAdministradas":0.9569899781001662,"porcentajePoblacionPrimeraDosis":0.5839129365481774,"porcentajePoblacionCompletas":0.40704989827505195,"fechaUltRegistro":1625443200000},{"ccaa":"Cataluña","dosisAdministradas":7201044,"dosisEntregadas":8236420,"dosisEntregadasModerna":762200,"dosisEntregadasPfizer":5499620,"dosisEntregadasAstrazeneca":1698100,"dosisEntregadasJanssen":276500,"dosisPrimeraDosis":4351833,"dosisPautaCompletada":3052323,"porcentajeEntregadas":0.8742929573771129,"porcentajePoblacionAdministradas":0.9255270787312709,"porcentajePoblacionPrimeraDosis":0.55932713140155,"porcentajePoblacionCompletas":0.39230528094735556,"fechaUltRegistro":1625443200000,"etarios":{"unaDosis":{"etarioTotal":{"vacunados":4351833,"personasINE":6868360,"porcentaje":0.6336058389484535},"etarioRangos":[{"rango":{"min":12,"max":19},"vacunados":20250,"personasINE":656166,"porcentaje":0.17022892119174907},{"rango":{"min":20,"max":29},"vacunados":142811,"personasINE":838935,"porcentaje":0.729102984230172},{"rango":{"min":30,"max":39},"vacunados":455652,"personasINE":1044652,"porcentaje":0.729102984230172},{"rango":{"min":40,"max":49},"vacunados":960050,"personasINE":1316755,"porcentaje":0.729102984230172},{"rango":{"min":50,"max":59},"vacunados":945118,"personasINE":1091780,"porcentaje":0.8656670757844988},{"rango":{"min":60,"max":69},"vacunados":760908,"personasINE":837584,"porcentaje":0.9084557489159296},{"rango":{"min":70,"max":79},"vacunados":611376,"personasINE":635292,"porcentaje":0.9623543189588409},{"rango":{"min":80,"max":null},"vacunados":455668,"personasINE":455668,"porcentaje":1}]},"pautaCompleta":{"etarioTotal":{"vacunados":3052323,"personasINE":6868360,"porcentaje":0.4444034674944237},"etarioRangos":[{"rango":{"min":12,"max":19},"vacunados":7648,"personasINE":656166,"porcentaje":0.1198293073956862},{"rango":{"min":20,"max":29},"vacunados":100529,"personasINE":838935,"porcentaje":0.36722017383643885},{"rango":{"min":30,"max":39},"vacunados":129471,"personasINE":1044651.9999999999,"porcentaje":0.36722017383643885},{"rango":{"min":40,"max":49},"vacunados":483539,"personasINE":1316755,"porcentaje":0.36722017383643885},{"rango":{"min":50,"max":59},"vacunados":802337,"personasINE":1091780,"porcentaje":0.7348888970305373},{"rango":{"min":60,"max":69},"vacunados":480811,"personasINE":837583.9999999999,"porcentaje":0.5740451106993448},{"rango":{"min":70,"max":79},"vacunados":600387,"personasINE":635292,"porcentaje":0.9450567613003155},{"rango":{"min":80,"max":null},"vacunados":447601,"personasINE":447601,"porcentaje":1}]}}},{"ccaa":"C. Valenciana","dosisAdministradas":4470606,"dosisEntregadas":5180590,"dosisEntregadasModerna":486400,"dosisEntregadasPfizer":3504340,"dosisEntregadasAstrazeneca":1009800,"dosisEntregadasJanssen":180050,"dosisPrimeraDosis":2663816,"dosisPautaCompletada":1963897,"porcentajeEntregadas":0.8629530613308523,"porcentajePoblacionAdministradas":0.8839814029196696,"porcentajePoblacionPrimeraDosis":0.5267213896281315,"porcentajePoblacionCompletas":0.3883250783562073,"fechaUltRegistro":1625443200000,"etarios":{"unaDosis":{"etarioTotal":{"vacunados":2663816,"personasINE":4488459,"porcentaje":0.5934811925429195},"etarioRangos":[{"rango":{"min":12,"max":19},"vacunados":2642,"personasINE":424531,"porcentaje":0.1097561448173508},{"rango":{"min":20,"max":29},"vacunados":56648,"personasINE":516126,"porcentaje":0.7112993607237302},{"rango":{"min":30,"max":39},"vacunados":89982,"personasINE":648759,"porcentaje":0.7112993607237302},{"rango":{"min":40,"max":49},"vacunados":605734,"personasINE":851588,"porcentaje":0.7112993607237302},{"rango":{"min":50,"max":59},"vacunados":644071,"personasINE":752334,"porcentaje":0.8560971589746044},{"rango":{"min":60,"max":69},"vacunados":540272,"personasINE":580728,"porcentaje":0.9303357165488835},{"rango":{"min":70,"max":79},"vacunados":429497,"personasINE":437862,"porcentaje":0.9808958073548287},{"rango":{"min":80,"max":null},"vacunados":294970,"personasINE":294970,"porcentaje":1}]},"pautaCompleta":{"etarioTotal":{"vacunados":1963897,"personasINE":4488459,"porcentaje":0.43754370932206355},"etarioRangos":[{"rango":{"min":12,"max":19},"vacunados":1651,"personasINE":424531,"porcentaje":0.08448905887322088},{"rango":{"min":20,"max":29},"vacunados":43607,"personasINE":516126,"porcentaje":0.24593582812345877},{"rango":{"min":30,"max":39},"vacunados":66831,"personasINE":648759,"porcentaje":0.24593582812345877},{"rango":{"min":40,"max":49},"vacunados":209436,"personasINE":851588,"porcentaje":0.24593582812345877},{"rango":{"min":50,"max":59},"vacunados":575088,"personasINE":752334,"porcentaje":0.7644051711075134},{"rango":{"min":60,"max":69},"vacunados":357570,"personasINE":580728,"porcentaje":0.6157271562590404},{"rango":{"min":70,"max":79},"vacunados":419585,"personasINE":437862,"porcentaje":0.9582585380782073},{"rango":{"min":80,"max":null},"vacunados":290129,"personasINE":290129,"porcentaje":1}]}}},{"ccaa":"Extremadura","dosisAdministradas":1100609,"dosisEntregadas":1198605,"dosisEntregadasModerna":108100,"dosisEntregadasPfizer":822005,"dosisEntregadasAstrazeneca":228000,"dosisEntregadasJanssen":40500,"dosisPrimeraDosis":657490,"dosisPautaCompletada":494517,"porcentajeEntregadas":0.9182416225528844,"porcentajePoblacionAdministradas":1.0344195934724767,"porcentajePoblacionPrimeraDosis":0.6179492794554821,"porcentajePoblacionCompletas":0.46477729521131367,"fechaUltRegistro":1625443200000,"etarios":{"unaDosis":{"etarioTotal":{"vacunados":657490,"personasINE":953437,"porcentaje":0.689599837220498},"etarioRangos":[{"rango":{"min":12,"max":19},"vacunados":415,"personasINE":84750,"porcentaje":0.08590716554888811},{"rango":{"min":20,"max":29},"vacunados":9735,"personasINE":113320,"porcentaje":0.8455741281803705},{"rango":{"min":30,"max":39},"vacunados":55382,"personasINE":133479,"porcentaje":0.8455741281803705},{"rango":{"min":40,"max":49},"vacunados":134864,"personasINE":159494,"porcentaje":0.8455741281803705},{"rango":{"min":50,"max":59},"vacunados":155130,"personasINE":169216,"porcentaje":0.916757280635401},{"rango":{"min":60,"max":69},"vacunados":128510,"personasINE":128510,"porcentaje":1},{"rango":{"min":70,"max":79},"vacunados":95421,"personasINE":95421,"porcentaje":1},{"rango":{"min":80,"max":null},"vacunados":78033,"personasINE":78033,"porcentaje":1}]},"pautaCompleta":{"etarioTotal":{"vacunados":494517,"personasINE":953437,"porcentaje":0.518667725292809},"etarioRangos":[{"rango":{"min":12,"max":19},"vacunados":332,"personasINE":84750,"porcentaje":0.07495587716201906},{"rango":{"min":20,"max":29},"vacunados":8494,"personasINE":113320.00000000001,"porcentaje":0.40562027411689466},{"rango":{"min":30,"max":39},"vacunados":18899,"personasINE":133479,"porcentaje":0.40562027411689466},{"rango":{"min":40,"max":49},"vacunados":64694,"personasINE":159494,"porcentaje":0.40562027411689466},{"rango":{"min":50,"max":59},"vacunados":146050,"personasINE":169216,"porcentaje":0.863098052193646},{"rango":{"min":60,"max":69},"vacunados":88332,"personasINE":125297,"porcentaje":0.7049809652266216},{"rango":{"min":70,"max":79},"vacunados":91057,"personasINE":91876,"porcentaje":0.9910858113108973},{"rango":{"min":80,"max":null},"vacunados":76659,"personasINE":76659,"porcentaje":1}]}}},{"ccaa":"Galicia","dosisAdministradas":2908270,"dosisEntregadas":3187685,"dosisEntregadasModerna":288200,"dosisEntregadasPfizer":2200885,"dosisEntregadasAstrazeneca":595400,"dosisEntregadasJanssen":103200,"dosisPrimeraDosis":1712446,"dosisPautaCompletada":1323684,"porcentajeEntregadas":0.9123454795564806,"porcentajePoblacionAdministradas":1.076411854384028,"porcentajePoblacionPrimeraDosis":0.6338122575938655,"porcentajePoblacionCompletas":0.4899232702116611,"fechaUltRegistro":1625443200000,"etarios":{"unaDosis":{"etarioTotal":{"vacunados":1712446,"personasINE":2454497,"porcentaje":0.6976769578451308},"etarioRangos":[{"rango":{"min":12,"max":19},"vacunados":428,"personasINE":180007,"porcentaje":0.08956147908269511},{"rango":{"min":20,"max":29},"vacunados":20687,"personasINE":230981,"porcentaje":0.8532154387991544},{"rango":{"min":30,"max":39},"vacunados":75487,"personasINE":323408,"porcentaje":0.8532154387991544},{"rango":{"min":40,"max":49},"vacunados":378163,"personasINE":443221,"porcentaje":0.8532154387991544},{"rango":{"min":50,"max":59},"vacunados":373158,"personasINE":405889,"porcentaje":0.9193597264276686},{"rango":{"min":60,"max":69},"vacunados":334343,"personasINE":346927,"porcentaje":0.9637272394480684},{"rango":{"min":70,"max":79},"vacunados":289154,"personasINE":289762,"porcentaje":0.9979017262442971},{"rango":{"min":80,"max":null},"vacunados":241026,"personasINE":241026,"porcentaje":1}]},"pautaCompleta":{"etarioTotal":{"vacunados":1323684,"personasINE":2454497,"porcentaje":0.5392893126371717},"etarioRangos":[{"rango":{"min":12,"max":19},"vacunados":320,"personasINE":180007,"porcentaje":0.08242669310462765},{"rango":{"min":20,"max":29},"vacunados":19039,"personasINE":230981,"porcentaje":0.3825721254182451},{"rango":{"min":30,"max":39},"vacunados":38206,"personasINE":323408,"porcentaje":0.3825721254182451},{"rango":{"min":40,"max":49},"vacunados":169564,"personasINE":443221,"porcentaje":0.3825721254182451},{"rango":{"min":50,"max":59},"vacunados":363399,"personasINE":405889,"porcentaje":0.8953162071403759},{"rango":{"min":60,"max":69},"vacunados":206870,"personasINE":346927,"porcentaje":0.5962925918132633},{"rango":{"min":70,"max":79},"vacunados":287230,"personasINE":289762,"porcentaje":0.9912617941621055},{"rango":{"min":80,"max":null},"vacunados":239056,"personasINE":239056,"porcentaje":1}]}}},{"ccaa":"La Rioja","dosisAdministradas":297679,"dosisEntregadas":353905,"dosisEntregadasModerna":32100,"dosisEntregadasPfizer":242255,"dosisEntregadasAstrazeneca":61400,"dosisEntregadasJanssen":18150,"dosisPrimeraDosis":169827,"dosisPautaCompletada":143423,"porcentajeEntregadas":0.8411268560771958,"porcentajePoblacionAdministradas":0.930496946054252,"porcentajePoblacionPrimeraDosis":0.5308520414861494,"porcentajePoblacionCompletas":0.4483173602905781,"fechaUltRegistro":1625443200000,"etarios":{"unaDosis":{"etarioTotal":{"vacunados":169827,"personasINE":283970,"porcentaje":0.5980455681938233},"etarioRangos":[{"rango":{"min":12,"max":19},"vacunados":175,"personasINE":25532,"porcentaje":0.11937750344737015},{"rango":{"min":20,"max":29},"vacunados":3636,"personasINE":30458,"porcentaje":0.5708916463633444},{"rango":{"min":30,"max":39},"vacunados":5415,"personasINE":39319,"porcentaje":0.5708916463633444},{"rango":{"min":40,"max":49},"vacunados":30227,"personasINE":52947,"porcentaje":0.5708916463633444},{"rango":{"min":50,"max":59},"vacunados":42375,"personasINE":47664,"porcentaje":0.8890357502517623},{"rango":{"min":60,"max":69},"vacunados":36183,"personasINE":37718,"porcentaje":0.9593032504374569},{"rango":{"min":70,"max":79},"vacunados":28504,"personasINE":28504,"porcentaje":1},{"rango":{"min":80,"max":null},"vacunados":23312,"personasINE":23312,"porcentaje":1}]},"pautaCompleta":{"etarioTotal":{"vacunados":143423,"personasINE":283970,"porcentaje":0.5050639152023101},"etarioRangos":[{"rango":{"min":12,"max":19},"vacunados":144,"personasINE":25532,"porcentaje":0.10906822509685468},{"rango":{"min":20,"max":29},"vacunados":3322,"personasINE":30458,"porcentaje":0.3056641547207585},{"rango":{"min":30,"max":39},"vacunados":4948,"personasINE":39319,"porcentaje":0.3056641547207585},{"rango":{"min":40,"max":49},"vacunados":16184,"personasINE":52947,"porcentaje":0.3056641547207585},{"rango":{"min":50,"max":59},"vacunados":40213,"personasINE":47664,"porcentaje":0.8436765693185633},{"rango":{"min":60,"max":69},"vacunados":27250,"personasINE":37718,"porcentaje":0.7224667267617583},{"rango":{"min":70,"max":79},"vacunados":28320,"personasINE":28320,"porcentaje":1},{"rango":{"min":80,"max":null},"vacunados":23042,"personasINE":23042,"porcentaje":1}]}}},{"ccaa":"Madrid","dosisAdministradas":5744936,"dosisEntregadas":7143695,"dosisEntregadasModerna":672900,"dosisEntregadasPfizer":4669395,"dosisEntregadasAstrazeneca":1509400,"dosisEntregadasJanssen":292000,"dosisPrimeraDosis":3469261,"dosisPautaCompletada":2621523,"porcentajeEntregadas":0.8041967077261837,"porcentajePoblacionAdministradas":0.8473496907323543,"porcentajePoblacionPrimeraDosis":0.5116988658219723,"porcentajePoblacionCompletas":0.3866616970663822,"fechaUltRegistro":1625443200000,"etarios":{"unaDosis":{"etarioTotal":{"vacunados":3469261,"personasINE":5977937,"porcentaje":0.5803441889735539},"etarioRangos":[{"rango":{"min":12,"max":19},"vacunados":5151,"personasINE":553542,"porcentaje":0.12008350449510084},{"rango":{"min":20,"max":29},"vacunados":89159,"personasINE":742475,"porcentaje":0.6439259638533034},{"rango":{"min":30,"max":39},"vacunados":205500,"personasINE":949640,"porcentaje":0.6439259638533034},{"rango":{"min":40,"max":49},"vacunados":750799,"personasINE":1165971,"porcentaje":0.6439259638533034},{"rango":{"min":50,"max":59},"vacunados":876968,"personasINE":972782.9999999999,"porcentaje":0.9015042409252629},{"rango":{"min":60,"max":69},"vacunados":664100,"personasINE":703323,"porcentaje":0.9442318820797841},{"rango":{"min":70,"max":79},"vacunados":506045,"personasINE":526081,"porcentaje":0.961914610107569},{"rango":{"min":80,"max":null},"vacunados":371539,"personasINE":371539,"porcentaje":1}]},"pautaCompleta":{"etarioTotal":{"vacunados":2621523,"personasINE":5977937,"porcentaje":0.43853305914732793},"etarioRangos":[{"rango":{"min":12,"max":19},"vacunados":3937,"personasINE":553542,"porcentaje":0.10703660055894137},{"rango":{"min":20,"max":29},"vacunados":79472,"personasINE":742475,"porcentaje":0.26288646973209456},{"rango":{"min":30,"max":39},"vacunados":122744,"personasINE":949639.9999999999,"porcentaje":0.26288646973209456},{"rango":{"min":40,"max":49},"vacunados":306518,"personasINE":1165971,"porcentaje":0.26288646973209456},{"rango":{"min":50,"max":59},"vacunados":782915,"personasINE":972783,"porcentaje":0.8048197799509244},{"rango":{"min":60,"max":69},"vacunados":458104,"personasINE":703323,"porcentaje":0.651342270905402},{"rango":{"min":70,"max":79},"vacunados":500792,"personasINE":526081,"porcentaje":0.9519294557302013},{"rango":{"min":80,"max":null},"vacunados":367041,"personasINE":367041,"porcentaje":1}]}}},{"ccaa":"Murcia","dosisAdministradas":1317752,"dosisEntregadas":1507335,"dosisEntregadasModerna":142200,"dosisEntregadasPfizer":1022135,"dosisEntregadasAstrazeneca":259900,"dosisEntregadasJanssen":83100,"dosisPrimeraDosis":797009,"dosisPautaCompletada":570248,"porcentajeEntregadas":0.8742263664016293,"porcentajePoblacionAdministradas":0.8719610441945117,"porcentajePoblacionPrimeraDosis":0.5273836047089464,"porcentajePoblacionCompletas":0.377335068760914,"fechaUltRegistro":1625443200000,"etarios":{"unaDosis":{"etarioTotal":{"vacunados":797009,"personasINE":1310137,"porcentaje":0.6083401964832685},"etarioRangos":[{"rango":{"min":12,"max":19},"vacunados":967,"personasINE":141894,"porcentaje":0.1062711903766662},{"rango":{"min":20,"max":29},"vacunados":18305,"personasINE":172248,"porcentaje":0.7911251706622284},{"rango":{"min":30,"max":39},"vacunados":68781,"personasINE":209003.00000000003,"porcentaje":0.7911251706622284},{"rango":{"min":40,"max":49},"vacunados":201070,"personasINE":254157,"porcentaje":0.7911251706622284},{"rango":{"min":50,"max":59},"vacunados":194317,"personasINE":213256,"porcentaje":0.9111912443260682},{"rango":{"min":60,"max":69},"vacunados":138541,"personasINE":146909,"porcentaje":0.9430395687126044},{"rango":{"min":70,"max":79},"vacunados":101633,"personasINE":102899,"porcentaje":0.9876966734370597},{"rango":{"min":80,"max":null},"vacunados":73395,"personasINE":73395,"porcentaje":1}]},"pautaCompleta":{"etarioTotal":{"vacunados":570248,"personasINE":1310137,"porcentaje":0.43525829741469785},"etarioRangos":[{"rango":{"min":12,"max":19},"vacunados":854,"personasINE":141894,"porcentaje":0.09673261808555107},{"rango":{"min":20,"max":29},"vacunados":16662,"personasINE":172248,"porcentaje":0.45644621238053645},{"rango":{"min":30,"max":39},"vacunados":22524,"personasINE":209003,"porcentaje":0.45644621238053645},{"rango":{"min":40,"max":49},"vacunados":116009,"personasINE":254157,"porcentaje":0.45644621238053645},{"rango":{"min":50,"max":59},"vacunados":173774,"personasINE":213256,"porcentaje":0.8148610121168923},{"rango":{"min":60,"max":69},"vacunados":70461,"personasINE":146909,"porcentaje":0.4796234403610398},{"rango":{"min":70,"max":79},"vacunados":97882,"personasINE":102899,"porcentaje":0.9512434523173209},{"rango":{"min":80,"max":null},"vacunados":72082,"personasINE":72082,"porcentaje":1}]}}},{"ccaa":"Navarra","dosisAdministradas":637943,"dosisEntregadas":723935,"dosisEntregadasModerna":68600,"dosisEntregadasPfizer":480435,"dosisEntregadasAstrazeneca":145700,"dosisEntregadasJanssen":29200,"dosisPrimeraDosis":385889,"dosisPautaCompletada":288823,"porcentajeEntregadas":0.8812158550146076,"porcentajePoblacionAdministradas":0.9648304514388298,"porcentajePoblacionPrimeraDosis":0.5836218252653899,"porcentajePoblacionCompletas":0.4368183763689188,"fechaUltRegistro":1625443200000,"etarios":{"unaDosis":{"etarioTotal":{"vacunados":385889,"personasINE":581354,"porcentaje":0.6637762877695862},"etarioRangos":[{"rango":{"min":12,"max":19},"vacunados":487,"personasINE":56388,"porcentaje":0.14211692867732323},{"rango":{"min":20,"max":29},"vacunados":9682,"personasINE":68127,"porcentaje":0.8129016129330938},{"rango":{"min":30,"max":39},"vacunados":32671,"personasINE":81341,"porcentaje":0.8129016129330938},{"rango":{"min":40,"max":49},"vacunados":87795,"personasINE":108002,"porcentaje":0.8129016129330938},{"rango":{"min":50,"max":59},"vacunados":87637,"personasINE":96694,"porcentaje":0.9063333815955489},{"rango":{"min":60,"max":69},"vacunados":69594,"personasINE":73844,"porcentaje":0.9424462380152755},{"rango":{"min":70,"max":79},"vacunados":55642,"personasINE":55792,"porcentaje":0.9973114425007169},{"rango":{"min":80,"max":null},"vacunados":42381,"personasINE":42381,"porcentaje":1}]},"pautaCompleta":{"etarioTotal":{"vacunados":288823,"personasINE":581354,"porcentaje":0.49681089319072375},"etarioRangos":[{"rango":{"min":12,"max":19},"vacunados":332,"personasINE":56388,"porcentaje":0.1141838037782377},{"rango":{"min":20,"max":29},"vacunados":7779,"personasINE":68127,"porcentaje":0.4800929612414585},{"rango":{"min":30,"max":39},"vacunados":11620,"personasINE":81341,"porcentaje":0.4800929612414585},{"rango":{"min":40,"max":49},"vacunados":51851,"personasINE":108002,"porcentaje":0.4800929612414585},{"rango":{"min":50,"max":59},"vacunados":84902,"personasINE":96694,"porcentaje":0.8780482760047159},{"rango":{"min":60,"max":69},"vacunados":35117,"personasINE":73844,"porcentaje":0.4755565787335464},{"rango":{"min":70,"max":79},"vacunados":55359,"personasINE":55792,"porcentaje":0.992239030685403},{"rango":{"min":80,"max":null},"vacunados":41863,"personasINE":41863,"porcentaje":1}]}}},{"ccaa":"País Vasco","dosisAdministradas":2201034,"dosisEntregadas":2536890,"dosisEntregadasModerna":222600,"dosisEntregadasPfizer":1679940,"dosisEntregadasAstrazeneca":549600,"dosisEntregadasJanssen":84750,"dosisPrimeraDosis":1345572,"dosisPautaCompletada":976532,"porcentajeEntregadas":0.8676111301633102,"porcentajePoblacionAdministradas":0.9912317203661871,"porcentajePoblacionPrimeraDosis":0.6059759405972698,"porcentajePoblacionCompletas":0.43977943746104486,"fechaUltRegistro":1625443200000,"etarios":{"unaDosis":{"etarioTotal":{"vacunados":1345572,"personasINE":1983943,"porcentaje":0.6782311790207682},"etarioRangos":[{"rango":{"min":12,"max":19},"vacunados":1642,"personasINE":168606,"porcentaje":0.1480643464626316},{"rango":{"min":20,"max":29},"vacunados":29840,"personasINE":201534,"porcentaje":0.7766096986466299},{"rango":{"min":30,"max":39},"vacunados":85754,"personasINE":260543,"porcentaje":0.7766096986466299},{"rango":{"min":40,"max":49},"vacunados":281236,"personasINE":362133,"porcentaje":0.7766096986466299},{"rango":{"min":50,"max":59},"vacunados":305003,"personasINE":339977,"porcentaje":0.8971283351520838},{"rango":{"min":60,"max":69},"vacunados":268717,"personasINE":280119,"porcentaje":0.959295870683531},{"rango":{"min":70,"max":79},"vacunados":210558,"personasINE":213081,"porcentaje":0.9881594323285511},{"rango":{"min":80,"max":null},"vacunados":162822,"personasINE":162822,"porcentaje":1}]},"pautaCompleta":{"etarioTotal":{"vacunados":976532,"personasINE":1983943,"porcentaje":0.49221777036941083},"etarioRangos":[{"rango":{"min":12,"max":19},"vacunados":1221,"personasINE":168606,"porcentaje":0.13472664662042136},{"rango":{"min":20,"max":29},"vacunados":27152,"personasINE":201534,"porcentaje":0.28921970657189483},{"rango":{"min":30,"max":39},"vacunados":37884,"personasINE":260543,"porcentaje":0.28921970657189483},{"rango":{"min":40,"max":49},"vacunados":104736,"personasINE":362133.00000000006,"porcentaje":0.28921970657189483},{"rango":{"min":50,"max":59},"vacunados":285317,"personasINE":339977,"porcentaje":0.8392244181224024},{"rango":{"min":60,"max":69},"vacunados":151979,"personasINE":280119,"porcentaje":0.5425515584448038},{"rango":{"min":70,"max":79},"vacunados":208313,"personasINE":213081,"porcentaje":0.9776235328349313},{"rango":{"min":80,"max":null},"vacunados":159930,"personasINE":157949.99999999997,"porcentaje":1.0125356125356126}]}}},{"ccaa":"Ceuta","dosisAdministradas":73938,"dosisEntregadas":83780,"dosisEntregadasModerna":7900,"dosisEntregadasPfizer":54630,"dosisEntregadasAstrazeneca":18100,"dosisEntregadasJanssen":3150,"dosisPrimeraDosis":45960,"dosisPautaCompletada":32111,"porcentajeEntregadas":0.8825256624492719,"porcentajePoblacionAdministradas":0.8781026578941118,"porcentajePoblacionPrimeraDosis":0.5458302653143631,"porcentajePoblacionCompletas":0.3813567373696587,"fechaUltRegistro":1625443200000,"etarios":{"unaDosis":{"etarioTotal":{"vacunados":45960,"personasINE":70965,"porcentaje":0.6476432043965336},"etarioRangos":[{"rango":{"min":12,"max":19},"vacunados":1042,"personasINE":9126,"porcentaje":0.4772499316130209},{"rango":{"min":20,"max":29},"vacunados":5234,"personasINE":10967,"porcentaje":0.7608764436006961},{"rango":{"min":30,"max":39},"vacunados":7023,"personasINE":11894,"porcentaje":0.7608764436006961},{"rango":{"min":40,"max":49},"vacunados":9619,"personasINE":12642,"porcentaje":0.7608764436006961},{"rango":{"min":50,"max":59},"vacunados":9648,"personasINE":11556,"porcentaje":0.8348909657320872},{"rango":{"min":60,"max":69},"vacunados":7223,"personasINE":7857,"porcentaje":0.9193076237749778},{"rango":{"min":70,"max":79},"vacunados":3801,"personasINE":4318,"porcentaje":0.880268642890227},{"rango":{"min":80,"max":null},"vacunados":2370,"personasINE":2605,"porcentaje":0.9097888675623801}]},"pautaCompleta":{"etarioTotal":{"vacunados":32111,"personasINE":70965,"porcentaje":0.4524906644120341},"etarioRangos":[{"rango":{"min":12,"max":19},"vacunados":136,"personasINE":9126,"porcentaje":0.122731831859214},{"rango":{"min":20,"max":29},"vacunados":1346,"personasINE":10967,"porcentaje":0.68359436797975},{"rango":{"min":30,"max":39},"vacunados":2560,"personasINE":11894,"porcentaje":0.68359436797975},{"rango":{"min":40,"max":49},"vacunados":8642,"personasINE":12642,"porcentaje":0.68359436797975},{"rango":{"min":50,"max":59},"vacunados":9240,"personasINE":11556,"porcentaje":0.7995846313603323},{"rango":{"min":60,"max":69},"vacunados":4108,"personasINE":7856.999999999999,"porcentaje":0.5228458699249078},{"rango":{"min":70,"max":79},"vacunados":3746,"personasINE":4318,"porcentaje":0.8675312644742936},{"rango":{"min":80,"max":null},"vacunados":2333,"personasINE":2605,"porcentaje":0.8955854126679462}]}}},{"ccaa":"Melilla","dosisAdministradas":67268,"dosisEntregadas":81780,"dosisEntregadasModerna":7800,"dosisEntregadasPfizer":54630,"dosisEntregadasAstrazeneca":15100,"dosisEntregadasJanssen":4250,"dosisPrimeraDosis":41476,"dosisPautaCompletada":31434,"porcentajeEntregadas":0.8225483003179261,"porcentajePoblacionAdministradas":0.7725205567550186,"porcentajePoblacionPrimeraDosis":0.47631953695622214,"porcentajePoblacionCompletas":0.3609949928797832,"fechaUltRegistro":1625443200000,"etarios":{"unaDosis":{"etarioTotal":{"vacunados":41476,"personasINE":70927,"porcentaje":0.5847702567428483},"etarioRangos":[{"rango":{"min":12,"max":19},"vacunados":29,"personasINE":9574,"porcentaje":0.3616506877865777},{"rango":{"min":20,"max":29},"vacunados":4338,"personasINE":11995,"porcentaje":0.7565405765705716},{"rango":{"min":30,"max":39},"vacunados":6982,"personasINE":12133,"porcentaje":0.7565405765705716},{"rango":{"min":40,"max":49},"vacunados":9080,"personasINE":12002,"porcentaje":0.7565405765705716},{"rango":{"min":50,"max":59},"vacunados":9047,"personasINE":11299,"porcentaje":0.8006903265775732},{"rango":{"min":60,"max":69},"vacunados":6796,"personasINE":7827,"porcentaje":0.8682764788552446},{"rango":{"min":70,"max":79},"vacunados":3237,"personasINE":3748,"porcentaje":0.8636606189967982},{"rango":{"min":80,"max":null},"vacunados":1967,"personasINE":2349,"porcentaje":0.83737760749255}]},"pautaCompleta":{"etarioTotal":{"vacunados":31434,"personasINE":70927,"porcentaje":0.44318806660369114},"etarioRangos":[{"rango":{"min":12,"max":19},"vacunados":23,"personasINE":9574,"porcentaje":0.10571071279699874},{"rango":{"min":20,"max":29},"vacunados":1268,"personasINE":11995,"porcentaje":0.6914680886518914},{"rango":{"min":30,"max":39},"vacunados":3014,"personasINE":12133,"porcentaje":0.6914680886518914},{"rango":{"min":40,"max":49},"vacunados":8299,"personasINE":12002,"porcentaje":0.6914680886518914},{"rango":{"min":50,"max":59},"vacunados":8549,"personasINE":11299,"porcentaje":0.7566156297017436},{"rango":{"min":60,"max":69},"vacunados":5294,"personasINE":7827.000000000001,"porcentaje":0.6763766449469784},{"rango":{"min":70,"max":79},"vacunados":3097,"personasINE":3748,"porcentaje":0.826307363927428},{"rango":{"min":80,"max":null},"vacunados":1890,"personasINE":2349,"porcentaje":0.8045977011494253}]}}},{"ccaa":"Fuerzas Armadas","dosisAdministradas":149989,"dosisEntregadas":170792,"dosisEntregadasModerna":16300,"dosisEntregadasPfizer":46392,"dosisEntregadasAstrazeneca":106100,"dosisEntregadasJanssen":2000,"dosisPrimeraDosis":85381,"dosisPautaCompletada":65545,"porcentajeEntregadas":0.8781968710478243,"porcentajePoblacionAdministradas":null,"porcentajePoblacionPrimeraDosis":null,"porcentajePoblacionCompletas":null,"fechaUltRegistro":1625443200000},{"ccaa":"Sanidad Exterior","dosisAdministradas":1840,"dosisEntregadas":4520,"dosisEntregadasModerna":2490,"dosisEntregadasPfizer":0,"dosisEntregadasAstrazeneca":0,"dosisEntregadasJanssen":2030,"dosisPrimeraDosis":1594,"dosisPautaCompletada":907,"porcentajeEntregadas":0.40707964601769914,"porcentajePoblacionAdministradas":null,"porcentajePoblacionPrimeraDosis":null,"porcentajePoblacionCompletas":null,"fechaUltRegistro":1625443200000,"etarios":{"unaDosis":{"etarioTotal":{"vacunados":1594,"personasINE":"-","porcentaje":"-"},"etarioRangos":[{"rango":{"min":12,"max":19},"vacunados":16,"personasINE":null,"porcentaje":"-"},{"rango":{"min":20,"max":29},"vacunados":330,"personasINE":null,"porcentaje":"-"},{"rango":{"min":30,"max":39},"vacunados":494,"personasINE":null,"porcentaje":"-"},{"rango":{"min":40,"max":49},"vacunados":451,"personasINE":null,"porcentaje":"-"},{"rango":{"min":50,"max":59},"vacunados":236,"personasINE":null,"porcentaje":"-"},{"rango":{"min":60,"max":69},"vacunados":54,"personasINE":null,"porcentaje":"-"},{"rango":{"min":70,"max":79},"vacunados":8,"personasINE":null,"porcentaje":"-"},{"rango":{"min":80,"max":null},"vacunados":5,"personasINE":null,"porcentaje":"-"}]},"pautaCompleta":{"etarioTotal":{"vacunados":907,"personasINE":"-","porcentaje":"-"},"etarioRangos":[{"rango":{"min":12,"max":19},"vacunados":8,"personasINE":null,"porcentaje":"-"},{"rango":{"min":20,"max":29},"vacunados":136,"personasINE":null,"porcentaje":"-"},{"rango":{"min":30,"max":39},"vacunados":232,"personasINE":null,"porcentaje":"-"},{"rango":{"min":40,"max":49},"vacunados":273,"personasINE":null,"porcentaje":"-"},{"rango":{"min":50,"max":59},"vacunados":204,"personasINE":null,"porcentaje":"-"},{"rango":{"min":60,"max":69},"vacunados":42,"personasINE":null,"porcentaje":"-"},{"rango":{"min":70,"max":79},"vacunados":8,"personasINE":null,"porcentaje":"-"},{"rango":{"min":80,"max":null},"vacunados":4,"personasINE":null,"porcentaje":"-"}]}}},{"ccaa":"Totales","dosisAdministradas":44544324,"dosisEntregadas":51314332,"dosisEntregadasModerna":4752990,"dosisEntregadasPfizer":34115037,"dosisEntregadasAstrazeneca":10387100,"dosisEntregadasJanssen":2059205,"dosisPrimeraDosis":26727529,"dosisPautaCompletada":19530228,"porcentajeEntregadas":0.8680678918318571,"porcentajePoblacionAdministradas":0.9489630166169578,"porcentajePoblacionPrimeraDosis":0.569397720494248,"porcentajePoblacionCompletas":0.41606791648913505,"fechaUltRegistro":null,"etarios":{"unaDosis":{"etarioTotal":{"vacunados":26727529,"personasINE":42119827,"porcentaje":0.6345593252317964},"etarioRangos":[{"rango":{"min":12,"max":19},"vacunados":54636,"personasINE":3888686,"porcentaje":0.13783207675381828},{"rango":{"min":20,"max":29},"vacunados":681530,"personasINE":4944640,"porcentaje":0.7387889383541292},{"rango":{"min":30,"max":39},"vacunados":2061759,"personasINE":6230403,"porcentaje":0.7387889383541292},{"rango":{"min":40,"max":49},"vacunados":5830328,"personasINE":7891737,"porcentaje":0.7387889383541292},{"rango":{"min":50,"max":59},"vacunados":6231886,"personasINE":7033306,"porcentaje":0.886053585611091},{"rango":{"min":60,"max":69},"vacunados":5045636,"personasINE":5336986,"porcentaje":0.9454092628311186},{"rango":{"min":70,"max":79},"vacunados":3902583,"personasINE":3960045,"porcentaje":0.9854895588307708},{"rango":{"min":80,"max":null},"vacunados":2919171,"personasINE":2919171,"porcentaje":1}]},"pautaCompleta":{"etarioTotal":{"vacunados":19530228,"personasINE":42119827,"porcentaje":0.463682531269656},"etarioRangos":[{"rango":{"min":12,"max":19},"vacunados":26709,"personasINE":3888686,"porcentaje":0.10623847236603676},{"rango":{"min":20,"max":29},"vacunados":525311,"personasINE":4944640,"porcentaje":0.35274008751178604},{"rango":{"min":30,"max":39},"vacunados":805923,"personasINE":6230402.999999999,"porcentaje":0.35274008751178604},{"rango":{"min":40,"max":49},"vacunados":2783732,"personasINE":7891737.000000001,"porcentaje":0.35274008751178604},{"rango":{"min":50,"max":59},"vacunados":5599980,"personasINE":7033306,"porcentaje":0.7962087814748854},{"rango":{"min":60,"max":69},"vacunados":3071643,"personasINE":5336986,"porcentaje":0.575538890302504},{"rango":{"min":70,"max":79},"vacunados":3843073,"personasINE":3960045,"porcentaje":0.9704619518212546},{"rango":{"min":80,"max":null},"vacunados":2873857,"personasINE":2873857,"porcentaje":1}]}}}]