[{"ccaa":"Andalucía","dosisAdministradas":13743783,"dosisEntregadas":14026000,"dosisEntregadasModerna":2019500,"dosisEntregadasPfizer":10135800,"dosisEntregadasAstrazeneca":1537200,"dosisEntregadasJanssen":333500,"dosisPrimeraDosis":6888420,"dosisPautaCompletada":6784127,"porcentajeEntregadas":0.97987901040924,"porcentajePoblacionAdministradas":1.6237140422410963,"porcentajePoblacionPrimeraDosis":0.8138097263944296,"porcentajePoblacionCompletas":0.8014883729062778,"fechaUltRegistro":1638144000000,"etarios":{"unaDosis":{"etarioTotal":{"vacunados":6888420,"personasINE":7451975,"porcentaje":0.9243750817736238},"etarioRangos":[{"rango":{"min":12,"max":19},"vacunados":678170,"personasINE":752907,"porcentaje":0.8360109920402468},{"rango":{"min":20,"max":29},"vacunados":776380,"personasINE":928672,"porcentaje":0.9073939040396675},{"rango":{"min":30,"max":39},"vacunados":938321,"personasINE":1140217,"porcentaje":0.9073939040396675},{"rango":{"min":40,"max":49},"vacunados":1256844,"personasINE":1385114,"porcentaje":0.9073939040396675},{"rango":{"min":50,"max":59},"vacunados":1218866,"personasINE":1265021,"porcentaje":0.9635144396812385},{"rango":{"min":60,"max":69},"vacunados":931192,"personasINE":931192,"porcentaje":1},{"rango":{"min":70,"max":79},"vacunados":654392,"personasINE":654392,"porcentaje":1},{"rango":{"min":80,"max":null},"vacunados":434255,"personasINE":434255,"porcentaje":1}]},"pautaCompleta":{"etarioTotal":{"vacunados":6784127,"personasINE":7451975,"porcentaje":0.9103797315476769},"etarioRangos":[{"rango":{"min":12,"max":19},"vacunados":660961,"personasINE":752907,"porcentaje":0.8098898211639847},{"rango":{"min":20,"max":29},"vacunados":752122,"personasINE":928672,"porcentaje":0.8972229000645434},{"rango":{"min":30,"max":39},"vacunados":916302,"personasINE":1140217,"porcentaje":0.8972229000645434},{"rango":{"min":40,"max":49},"vacunados":1242756,"personasINE":1385114,"porcentaje":0.8972229000645434},{"rango":{"min":50,"max":59},"vacunados":1209073,"personasINE":1265021,"porcentaje":0.9557730662178731},{"rango":{"min":60,"max":69},"vacunados":923168,"personasINE":916147,"porcentaje":1.0076636173015903},{"rango":{"min":70,"max":79},"vacunados":650382,"personasINE":650382,"porcentaje":1},{"rango":{"min":80,"max":null},"vacunados":429363,"personasINE":429363,"porcentaje":1}]}}},{"ccaa":"Aragón","dosisAdministradas":2157820,"dosisEntregadas":2288016,"dosisEntregadasModerna":293490,"dosisEntregadasPfizer":1675761,"dosisEntregadasAstrazeneca":255200,"dosisEntregadasJanssen":63565,"dosisPrimeraDosis":1073061,"dosisPautaCompletada":1055002,"porcentajeEntregadas":0.9430965517723652,"porcentajePoblacionAdministradas":1.623164291017466,"porcentajePoblacionPrimeraDosis":0.807182386521347,"porcentajePoblacionCompletas":0.7935979708001634,"fechaUltRegistro":1638144000000,"etarios":{"unaDosis":{"etarioTotal":{"vacunados":1073061,"personasINE":1185134,"porcentaje":0.9054343221947898},"etarioRangos":[{"rango":{"min":12,"max":19},"vacunados":89214,"personasINE":103109,"porcentaje":0.8087131233656184},{"rango":{"min":20,"max":29},"vacunados":105457,"personasINE":130401,"porcentaje":0.8788981264800435},{"rango":{"min":30,"max":39},"vacunados":127128,"personasINE":164286,"porcentaje":0.8788981264800435},{"rango":{"min":40,"max":49},"vacunados":188913,"personasINE":214943,"porcentaje":0.8788981264800435},{"rango":{"min":50,"max":59},"vacunados":186605,"personasINE":198266,"porcentaje":0.9411850745967538},{"rango":{"min":60,"max":69},"vacunados":154856,"personasINE":156367,"porcentaje":0.9903368357773699},{"rango":{"min":70,"max":79},"vacunados":119451,"personasINE":119451,"porcentaje":1},{"rango":{"min":80,"max":null},"vacunados":101437,"personasINE":101437,"porcentaje":1}]},"pautaCompleta":{"etarioTotal":{"vacunados":1055002,"personasINE":1185134,"porcentaje":0.8901963828562846},"etarioRangos":[{"rango":{"min":12,"max":19},"vacunados":86483,"personasINE":103109,"porcentaje":0.781359038657679},{"rango":{"min":20,"max":29},"vacunados":101890,"personasINE":130401,"porcentaje":0.8666623244301978},{"rango":{"min":30,"max":39},"vacunados":123790,"personasINE":164286,"porcentaje":0.8666623244301978},{"rango":{"min":40,"max":49},"vacunados":186283,"personasINE":214943,"porcentaje":0.8666623244301978},{"rango":{"min":50,"max":59},"vacunados":184549,"personasINE":198266,"porcentaje":0.9308151675022445},{"rango":{"min":60,"max":69},"vacunados":152946,"personasINE":156367,"porcentaje":0.9781219822596839},{"rango":{"min":70,"max":79},"vacunados":118806,"personasINE":118955,"porcentaje":0.9987474254970367},{"rango":{"min":80,"max":null},"vacunados":100255,"personasINE":100255,"porcentaje":1}]}}},{"ccaa":"Asturias","dosisAdministradas":1844359,"dosisEntregadas":1885585,"dosisEntregadasModerna":191040,"dosisEntregadasPfizer":1430645,"dosisEntregadasAstrazeneca":220900,"dosisEntregadasJanssen":43000,"dosisPrimeraDosis":875101,"dosisPautaCompletada":867163,"porcentajeEntregadas":0.9781362282792874,"porcentajePoblacionAdministradas":1.8103533231774351,"porcentajePoblacionPrimeraDosis":0.8589661792882495,"porcentajePoblacionCompletas":0.8511745374878287,"fechaUltRegistro":1638144000000,"etarios":{"unaDosis":{"etarioTotal":{"vacunados":875101,"personasINE":933927,"porcentaje":0.9370122075922422},"etarioRangos":[{"rango":{"min":12,"max":19},"vacunados":60781,"personasINE":64000,"porcentaje":0.8460264691382994},{"rango":{"min":20,"max":29},"vacunados":66930,"personasINE":79111,"porcentaje":0.9041217296533388},{"rango":{"min":30,"max":39},"vacunados":91299,"personasINE":114451,"porcentaje":0.9041217296533388},{"rango":{"min":40,"max":49},"vacunados":150982,"personasINE":166993,"porcentaje":0.9041217296533388},{"rango":{"min":50,"max":59},"vacunados":153383,"personasINE":162645,"porcentaje":0.9430538903747425},{"rango":{"min":60,"max":69},"vacunados":148313,"personasINE":149652,"porcentaje":0.991052575308048},{"rango":{"min":70,"max":79},"vacunados":114412,"personasINE":114412,"porcentaje":1},{"rango":{"min":80,"max":null},"vacunados":89001,"personasINE":89001,"porcentaje":1}]},"pautaCompleta":{"etarioTotal":{"vacunados":867163,"personasINE":933927,"porcentaje":0.9285126139409183},"etarioRangos":[{"rango":{"min":12,"max":19},"vacunados":59801,"personasINE":64000,"porcentaje":0.8267750376053898},{"rango":{"min":20,"max":29},"vacunados":65407,"personasINE":79111,"porcentaje":0.8980196774715108},{"rango":{"min":30,"max":39},"vacunados":89791,"personasINE":114451,"porcentaje":0.8980196774715108},{"rango":{"min":40,"max":49},"vacunados":149963,"personasINE":166993,"porcentaje":0.8980196774715108},{"rango":{"min":50,"max":59},"vacunados":152597,"personasINE":162645,"porcentaje":0.9382212794737004},{"rango":{"min":60,"max":69},"vacunados":147428,"personasINE":149652,"porcentaje":0.9851388554780424},{"rango":{"min":70,"max":79},"vacunados":113965,"personasINE":113965,"porcentaje":1},{"rango":{"min":80,"max":null},"vacunados":88211,"personasINE":88211,"porcentaje":1}]}}},{"ccaa":"Baleares","dosisAdministradas":1728802,"dosisEntregadas":1936484,"dosisEntregadasModerna":335070,"dosisEntregadasPfizer":1318884,"dosisEntregadasAstrazeneca":225400,"dosisEntregadasJanssen":57130,"dosisPrimeraDosis":868347,"dosisPautaCompletada":850916,"porcentajeEntregadas":0.8927530514065698,"porcentajePoblacionAdministradas":1.4756624383398647,"porcentajePoblacionPrimeraDosis":0.7411994267389247,"porcentajePoblacionCompletas":0.7263207581795973,"fechaUltRegistro":1638144000000,"etarios":{"unaDosis":{"etarioTotal":{"vacunados":868347,"personasINE":1034867,"porcentaje":0.8390904338431895},"etarioRangos":[{"rango":{"min":12,"max":19},"vacunados":76539,"personasINE":95480,"porcentaje":0.7212959069753955},{"rango":{"min":20,"max":29},"vacunados":99497,"personasINE":137942,"porcentaje":0.822555924179811},{"rango":{"min":30,"max":39},"vacunados":129536,"personasINE":182187,"porcentaje":0.822555924179811},{"rango":{"min":40,"max":49},"vacunados":169588,"personasINE":206172,"porcentaje":0.822555924179811},{"rango":{"min":50,"max":59},"vacunados":151263,"personasINE":165797,"porcentaje":0.9123385827246573},{"rango":{"min":60,"max":69},"vacunados":110871,"personasINE":117231,"porcentaje":0.9457481382910664},{"rango":{"min":70,"max":79},"vacunados":79452,"personasINE":80516,"porcentaje":0.9867852352327487},{"rango":{"min":80,"max":null},"vacunados":51601,"personasINE":51601,"porcentaje":1}]},"pautaCompleta":{"etarioTotal":{"vacunados":850916,"personasINE":1034867,"porcentaje":0.8222467234920043},"etarioRangos":[{"rango":{"min":12,"max":19},"vacunados":74019,"personasINE":95480,"porcentaje":0.6934798683504662},{"rango":{"min":20,"max":29},"vacunados":95660,"personasINE":137942,"porcentaje":0.8081359253438877},{"rango":{"min":30,"max":39},"vacunados":125408,"personasINE":182187,"porcentaje":0.8081359253438877},{"rango":{"min":40,"max":49},"vacunados":166615,"personasINE":206172,"porcentaje":0.8081359253438877},{"rango":{"min":50,"max":59},"vacunados":149373,"personasINE":165797,"porcentaje":0.9009391002249739},{"rango":{"min":60,"max":69},"vacunados":109729,"personasINE":117231,"porcentaje":0.9360066876508774},{"rango":{"min":70,"max":79},"vacunados":79037,"personasINE":80516,"porcentaje":0.9816309801778529},{"rango":{"min":80,"max":null},"vacunados":51075,"personasINE":51075,"porcentaje":1}]}}},{"ccaa":"Canarias","dosisAdministradas":3316825,"dosisEntregadas":3567300,"dosisEntregadasModerna":574700,"dosisEntregadasPfizer":2403150,"dosisEntregadasAstrazeneca":455800,"dosisEntregadasJanssen":133650,"dosisPrimeraDosis":1692635,"dosisPautaCompletada":1650030,"porcentajeEntregadas":0.9297858324222802,"porcentajePoblacionAdministradas":1.52430981933425,"porcentajePoblacionPrimeraDosis":0.7778825084376861,"porcentajePoblacionCompletas":0.7583025728508717,"fechaUltRegistro":1638144000000,"etarios":{"unaDosis":{"etarioTotal":{"vacunados":1692635,"personasINE":1960774,"porcentaje":0.863248390686535},"etarioRangos":[{"rango":{"min":12,"max":19},"vacunados":156676,"personasINE":179797,"porcentaje":0.7598828987717876},{"rango":{"min":20,"max":29},"vacunados":191299,"personasINE":251748.00000000003,"porcentaje":0.824166589331931},{"rango":{"min":30,"max":39},"vacunados":232087,"personasINE":310934,"porcentaje":0.824166589331931},{"rango":{"min":40,"max":49},"vacunados":319714,"personasINE":387924,"porcentaje":0.824166589331931},{"rango":{"min":50,"max":59},"vacunados":321907,"personasINE":350512,"porcentaje":0.9183908111562514},{"rango":{"min":60,"max":69},"vacunados":225325,"personasINE":235092,"porcentaje":0.958454562469161},{"rango":{"min":70,"max":79},"vacunados":152217,"personasINE":154531,"porcentaje":0.9850256582821569},{"rango":{"min":80,"max":null},"vacunados":93410,"personasINE":93410,"porcentaje":1}]},"pautaCompleta":{"etarioTotal":{"vacunados":1650030,"personasINE":1960774,"porcentaje":0.8415197263937608},"etarioRangos":[{"rango":{"min":12,"max":19},"vacunados":147048,"personasINE":179797,"porcentaje":0.7173006339673006},{"rango":{"min":20,"max":29},"vacunados":180579,"personasINE":251748,"porcentaje":0.8121797053031006},{"rango":{"min":30,"max":39},"vacunados":224236,"personasINE":310934,"porcentaje":0.8121797053031006},{"rango":{"min":40,"max":49},"vacunados":315064,"personasINE":387924,"porcentaje":0.8121797053031006},{"rango":{"min":50,"max":59},"vacunados":319103,"personasINE":350512,"porcentaje":0.9103910850413109},{"rango":{"min":60,"max":69},"vacunados":221402,"personasINE":235092,"porcentaje":0.9417674782638287},{"rango":{"min":70,"max":79},"vacunados":150495,"personasINE":154531,"porcentaje":0.9738822631057846},{"rango":{"min":80,"max":null},"vacunados":92103,"personasINE":92103,"porcentaje":1}]}}},{"ccaa":"Cantabria","dosisAdministradas":999496,"dosisEntregadas":1085545,"dosisEntregadasModerna":114900,"dosisEntregadasPfizer":823245,"dosisEntregadasAstrazeneca":125200,"dosisEntregadasJanssen":22200,"dosisPrimeraDosis":485336,"dosisPautaCompletada":479883,"porcentajeEntregadas":0.9207319825525427,"porcentajePoblacionAdministradas":1.7146807798869454,"porcentajePoblacionPrimeraDosis":0.8326159494257211,"porcentajePoblacionCompletas":0.8232610802789477,"fechaUltRegistro":1638144000000,"etarios":{"unaDosis":{"etarioTotal":{"vacunados":485336,"personasINE":524127,"porcentaje":0.9259893117507779},"etarioRangos":[{"rango":{"min":12,"max":19},"vacunados":40100,"personasINE":43963,"porcentaje":0.8263736263736263},{"rango":{"min":20,"max":29},"vacunados":41736,"personasINE":50505,"porcentaje":0.9040902535568534},{"rango":{"min":30,"max":39},"vacunados":55242,"personasINE":70473,"porcentaje":0.9040902535568534},{"rango":{"min":40,"max":49},"vacunados":88392,"personasINE":97769,"porcentaje":0.9040902535568534},{"rango":{"min":50,"max":59},"vacunados":84543,"personasINE":89964,"porcentaje":0.9397425636921435},{"rango":{"min":60,"max":69},"vacunados":76838,"personasINE":77345,"porcentaje":0.993444954424979},{"rango":{"min":70,"max":79},"vacunados":56052,"personasINE":56052,"porcentaje":1},{"rango":{"min":80,"max":null},"vacunados":42433,"personasINE":42433,"porcentaje":1}]},"pautaCompleta":{"etarioTotal":{"vacunados":479883,"personasINE":524127,"porcentaje":0.9155853447733088},"etarioRangos":[{"rango":{"min":12,"max":19},"vacunados":39291,"personasINE":43963,"porcentaje":0.8078012078012078},{"rango":{"min":20,"max":29},"vacunados":40798,"personasINE":50505,"porcentaje":0.8911106792541603},{"rango":{"min":30,"max":39},"vacunados":54426,"personasINE":70473,"porcentaje":0.8911106792541603},{"rango":{"min":40,"max":49},"vacunados":87123,"personasINE":97769,"porcentaje":0.8911106792541603},{"rango":{"min":50,"max":59},"vacunados":83872,"personasINE":89964,"porcentaje":0.9322840247209995},{"rango":{"min":60,"max":69},"vacunados":76430,"personasINE":77345,"porcentaje":0.9881698881634237},{"rango":{"min":70,"max":79},"vacunados":55867,"personasINE":55867,"porcentaje":1},{"rango":{"min":80,"max":null},"vacunados":42076,"personasINE":42076,"porcentaje":1}]}}},{"ccaa":"Castilla y Leon","dosisAdministradas":4110766,"dosisEntregadas":4842025,"dosisEntregadasModerna":410000,"dosisEntregadasPfizer":3867735,"dosisEntregadasAstrazeneca":466170,"dosisEntregadasJanssen":98120,"dosisPrimeraDosis":2013799,"dosisPautaCompletada":1977445,"porcentajeEntregadas":0.8489766161884749,"porcentajePoblacionAdministradas":1.716453757498169,"porcentajePoblacionPrimeraDosis":0.8408634450114785,"porcentajePoblacionCompletas":0.8256838021176508,"fechaUltRegistro":1638057600000,"etarios":{"unaDosis":{"etarioTotal":{"vacunados":2013799,"personasINE":2176253,"porcentaje":0.9253515101415138},"etarioRangos":[{"rango":{"min":12,"max":19},"vacunados":146356,"personasINE":165342,"porcentaje":0.8305593205880402},{"rango":{"min":20,"max":29},"vacunados":175253,"personasINE":211006,"porcentaje":0.8858782565612915},{"rango":{"min":30,"max":39},"vacunados":214122,"personasINE":267783,"porcentaje":0.8858782565612915},{"rango":{"min":40,"max":49},"vacunados":321844,"personasINE":363305,"porcentaje":0.8858782565612915},{"rango":{"min":50,"max":59},"vacunados":353913,"personasINE":381175,"porcentaje":0.9284790450580442},{"rango":{"min":60,"max":69},"vacunados":321237,"personasINE":321237,"porcentaje":1},{"rango":{"min":70,"max":79},"vacunados":251416,"personasINE":251416,"porcentaje":1},{"rango":{"min":80,"max":null},"vacunados":229658,"personasINE":229658,"porcentaje":1}]},"pautaCompleta":{"etarioTotal":{"vacunados":1977445,"personasINE":2176253,"porcentaje":0.908646650917885},"etarioRangos":[{"rango":{"min":12,"max":19},"vacunados":137070,"personasINE":165342,"porcentaje":0.7996739429210544},{"rango":{"min":20,"max":29},"vacunados":168736,"personasINE":211006,"porcentaje":0.8731946986691623},{"rango":{"min":30,"max":39},"vacunados":208631,"personasINE":267783,"porcentaje":0.8731946986691623},{"rango":{"min":40,"max":49},"vacunados":317236,"personasINE":363305,"porcentaje":0.8731946986691623},{"rango":{"min":50,"max":59},"vacunados":349852,"personasINE":381175,"porcentaje":0.9178251459303469},{"rango":{"min":60,"max":69},"vacunados":318784,"personasINE":318575,"porcentaje":1.0006560464568783},{"rango":{"min":70,"max":79},"vacunados":249684,"personasINE":249684,"porcentaje":1},{"rango":{"min":80,"max":null},"vacunados":227452,"personasINE":227452,"porcentaje":1}]}}},{"ccaa":"Castilla La Mancha","dosisAdministradas":3265194,"dosisEntregadas":3433650,"dosisEntregadasModerna":496270,"dosisEntregadasPfizer":2461545,"dosisEntregadasAstrazeneca":382100,"dosisEntregadasJanssen":93735,"dosisPrimeraDosis":1630481,"dosisPautaCompletada":1570213,"porcentajeEntregadas":0.9509396706129046,"porcentajePoblacionAdministradas":1.596499351414835,"porcentajePoblacionPrimeraDosis":0.7972150686893984,"porcentajePoblacionCompletas":0.767747348575044,"fechaUltRegistro":1638144000000},{"ccaa":"Cataluña","dosisAdministradas":11844638,"dosisEntregadas":12164030,"dosisEntregadasModerna":1804900,"dosisEntregadasPfizer":8469080,"dosisEntregadasAstrazeneca":1514300,"dosisEntregadasJanssen":375750,"dosisPrimeraDosis":6044780,"dosisPautaCompletada":5911798,"porcentajeEntregadas":0.9737429125051483,"porcentajePoblacionAdministradas":1.522353315265037,"porcentajePoblacionPrimeraDosis":0.7769161770117238,"porcentajePoblacionCompletas":0.7598244272621262,"fechaUltRegistro":1638144000000,"etarios":{"unaDosis":{"etarioTotal":{"vacunados":6044780,"personasINE":6868360,"porcentaje":0.8800907349061493},"etarioRangos":[{"rango":{"min":12,"max":19},"vacunados":544877,"personasINE":656166,"porcentaje":0.7825349997318028},{"rango":{"min":20,"max":29},"vacunados":656496,"personasINE":838935,"porcentaje":0.8645609851490976},{"rango":{"min":30,"max":39},"vacunados":793788,"personasINE":1044652.0000000001,"porcentaje":0.8645609851490976},{"rango":{"min":40,"max":49},"vacunados":1138415,"personasINE":1316755,"porcentaje":0.8645609851490976},{"rango":{"min":50,"max":59},"vacunados":1030491,"personasINE":1091780,"porcentaje":0.943863232519372},{"rango":{"min":60,"max":69},"vacunados":802118,"personasINE":837584,"porcentaje":0.9576567842747713},{"rango":{"min":70,"max":79},"vacunados":619238,"personasINE":635292,"porcentaje":0.9747297305805834},{"rango":{"min":80,"max":null},"vacunados":459357,"personasINE":459357,"porcentaje":1}]},"pautaCompleta":{"etarioTotal":{"vacunados":5911798,"personasINE":6868360,"porcentaje":0.8607291988189321},"etarioRangos":[{"rango":{"min":12,"max":19},"vacunados":524553,"personasINE":656166,"porcentaje":0.7471842276219254},{"rango":{"min":20,"max":29},"vacunados":626839,"personasINE":838935,"porcentaje":0.8490835424965161},{"rango":{"min":30,"max":39},"vacunados":765557,"personasINE":1044652,"porcentaje":0.8490835424965161},{"rango":{"min":40,"max":49},"vacunados":1118035,"personasINE":1316755,"porcentaje":0.8490835424965161},{"rango":{"min":50,"max":59},"vacunados":1018394,"personasINE":1091780,"porcentaje":0.9327831614427815},{"rango":{"min":60,"max":69},"vacunados":789676,"personasINE":837584,"porcentaje":0.9428021547689546},{"rango":{"min":70,"max":79},"vacunados":615061,"personasINE":635292,"porcentaje":0.9681548012567449},{"rango":{"min":80,"max":null},"vacunados":453683,"personasINE":453683,"porcentaje":1}]}}},{"ccaa":"C. Valenciana","dosisAdministradas":8168371,"dosisEntregadas":8488355,"dosisEntregadasModerna":1213650,"dosisEntregadasPfizer":6197680,"dosisEntregadasAstrazeneca":863900,"dosisEntregadasJanssen":213125,"dosisPrimeraDosis":4093220,"dosisPautaCompletada":4029904,"porcentajeEntregadas":0.9623031788844835,"porcentajePoblacionAdministradas":1.6151474892102646,"porcentajePoblacionPrimeraDosis":0.8093601534241331,"porcentajePoblacionCompletas":0.7968405606648379,"fechaUltRegistro":1637798400000,"etarios":{"unaDosis":{"etarioTotal":{"vacunados":4093220,"personasINE":4488459,"porcentaje":0.9119432749636345},"etarioRangos":[{"rango":{"min":12,"max":19},"vacunados":376276,"personasINE":424531,"porcentaje":0.8309017565478197},{"rango":{"min":20,"max":29},"vacunados":428850,"personasINE":516126,"porcentaje":0.8865989187259566},{"rango":{"min":30,"max":39},"vacunados":513288,"personasINE":648759,"porcentaje":0.8865989187259566},{"rango":{"min":40,"max":49},"vacunados":755017,"personasINE":851588,"porcentaje":0.8865989187259566},{"rango":{"min":50,"max":59},"vacunados":716145,"personasINE":752334,"porcentaje":0.9518976943751046},{"rango":{"min":60,"max":69},"vacunados":571119,"personasINE":580728,"porcentaje":0.9834535272967724},{"rango":{"min":70,"max":79},"vacunados":434964,"personasINE":437862,"porcentaje":0.9933814763555641},{"rango":{"min":80,"max":null},"vacunados":297561,"personasINE":297561,"porcentaje":1}]},"pautaCompleta":{"etarioTotal":{"vacunados":4029904,"personasINE":4488459,"porcentaje":0.8978368745264244},"etarioRangos":[{"rango":{"min":12,"max":19},"vacunados":363695,"personasINE":424531,"porcentaje":0.8038986604046299},{"rango":{"min":20,"max":29},"vacunados":414913,"personasINE":516126,"porcentaje":0.8770027290191971},{"rango":{"min":30,"max":39},"vacunados":501641,"personasINE":648759,"porcentaje":0.8770027290191971},{"rango":{"min":40,"max":49},"vacunados":746845,"personasINE":851588,"porcentaje":0.8770027290191971},{"rango":{"min":50,"max":59},"vacunados":710688,"personasINE":752334,"porcentaje":0.9446442670409685},{"rango":{"min":60,"max":69},"vacunados":566263,"personasINE":580728,"porcentaje":0.9750916091526498},{"rango":{"min":70,"max":79},"vacunados":432264,"personasINE":437862,"porcentaje":0.9872151499787605},{"rango":{"min":80,"max":null},"vacunados":293595,"personasINE":293595,"porcentaje":1}]}}},{"ccaa":"Extremadura","dosisAdministradas":1863590,"dosisEntregadas":1827550,"dosisEntregadasModerna":214190,"dosisEntregadasPfizer":1377755,"dosisEntregadasAstrazeneca":185700,"dosisEntregadasJanssen":49905,"dosisPrimeraDosis":901556,"dosisPautaCompletada":887934,"porcentajeEntregadas":1.0197203906869854,"porcentajePoblacionAdministradas":1.7515157610008394,"porcentajePoblacionPrimeraDosis":0.847337420476002,"porcentajePoblacionCompletas":0.8345346324720133,"fechaUltRegistro":1638144000000,"etarios":{"unaDosis":{"etarioTotal":{"vacunados":901556,"personasINE":953437,"porcentaje":0.9455852877536743},"etarioRangos":[{"rango":{"min":12,"max":19},"vacunados":78170,"personasINE":84750,"porcentaje":0.8306124249911754},{"rango":{"min":20,"max":29},"vacunados":94125,"personasINE":113320,"porcentaje":0.9188182627559658},{"rango":{"min":30,"max":39},"vacunados":113646,"personasINE":133479,"porcentaje":0.9188182627559658},{"rango":{"min":40,"max":49},"vacunados":146546,"personasINE":159494,"porcentaje":0.9188182627559658},{"rango":{"min":50,"max":59},"vacunados":161737,"personasINE":169216,"porcentaje":0.9558020518154312},{"rango":{"min":60,"max":69},"vacunados":133008,"personasINE":133008,"porcentaje":1},{"rango":{"min":70,"max":79},"vacunados":96011,"personasINE":96011,"porcentaje":1},{"rango":{"min":80,"max":null},"vacunados":78313,"personasINE":78313,"porcentaje":1}]},"pautaCompleta":{"etarioTotal":{"vacunados":887934,"personasINE":953437,"porcentaje":0.9312980301792357},"etarioRangos":[{"rango":{"min":12,"max":19},"vacunados":75537,"personasINE":84750,"porcentaje":0.803997529121073},{"rango":{"min":20,"max":29},"vacunados":91109,"personasINE":113320,"porcentaje":0.9074071751915432},{"rango":{"min":30,"max":39},"vacunados":111141,"personasINE":133479,"porcentaje":0.9074071751915432},{"rango":{"min":40,"max":49},"vacunados":144726,"personasINE":159494,"porcentaje":0.9074071751915432},{"rango":{"min":50,"max":59},"vacunados":160491,"personasINE":169216,"porcentaje":0.9484386819213313},{"rango":{"min":60,"max":69},"vacunados":131821,"personasINE":125297,"porcentaje":1.0520682857530508},{"rango":{"min":70,"max":79},"vacunados":95558,"personasINE":95558,"porcentaje":1},{"rango":{"min":80,"max":null},"vacunados":77551,"personasINE":77551,"porcentaje":1}]}}},{"ccaa":"Galicia","dosisAdministradas":4797586,"dosisEntregadas":5108079,"dosisEntregadasModerna":537400,"dosisEntregadasPfizer":3874579,"dosisEntregadasAstrazeneca":573400,"dosisEntregadasJanssen":122700,"dosisPrimeraDosis":2317029,"dosisPautaCompletada":2296231,"porcentajeEntregadas":0.939215309708405,"porcentajePoblacionAdministradas":1.7756874165145777,"porcentajePoblacionPrimeraDosis":0.8575811333031561,"porcentajePoblacionCompletas":0.8498833563610294,"fechaUltRegistro":1638144000000,"etarios":{"unaDosis":{"etarioTotal":{"vacunados":2317029,"personasINE":2454497,"porcentaje":0.9439934129070029},"etarioRangos":[{"rango":{"min":12,"max":19},"vacunados":170559,"personasINE":180007,"porcentaje":0.8669500954623973},{"rango":{"min":20,"max":29},"vacunados":200249,"personasINE":230981,"porcentaje":0.9230180880418573},{"rango":{"min":30,"max":39},"vacunados":264956,"personasINE":323408,"porcentaje":0.9230180880418573},{"rango":{"min":40,"max":49},"vacunados":409101,"personasINE":443221,"porcentaje":0.9230180880418573},{"rango":{"min":50,"max":59},"vacunados":391584,"personasINE":405889,"porcentaje":0.9647563742796675},{"rango":{"min":60,"max":69},"vacunados":346557,"personasINE":346927,"porcentaje":0.9989334932132696},{"rango":{"min":70,"max":79},"vacunados":291533,"personasINE":291533,"porcentaje":1},{"rango":{"min":80,"max":null},"vacunados":242490,"personasINE":242490,"porcentaje":1}]},"pautaCompleta":{"etarioTotal":{"vacunados":2296231,"personasINE":2454497,"porcentaje":0.9355199863760274},"etarioRangos":[{"rango":{"min":12,"max":19},"vacunados":166946,"personasINE":180007,"porcentaje":0.8471389421640741},{"rango":{"min":20,"max":29},"vacunados":195673,"personasINE":230981,"porcentaje":0.9164976388754142},{"rango":{"min":30,"max":39},"vacunados":261286,"personasINE":323408,"porcentaje":0.9164976388754142},{"rango":{"min":40,"max":49},"vacunados":406211,"personasINE":443221,"porcentaje":0.9164976388754142},{"rango":{"min":50,"max":59},"vacunados":389571,"personasINE":405889,"porcentaje":0.9597968902828113},{"rango":{"min":60,"max":69},"vacunados":345388,"personasINE":346927,"porcentaje":0.9955639082573567},{"rango":{"min":70,"max":79},"vacunados":290287,"personasINE":290287,"porcentaje":1},{"rango":{"min":80,"max":null},"vacunados":240869,"personasINE":240869,"porcentaje":1}]}}},{"ccaa":"La Rioja","dosisAdministradas":529891,"dosisEntregadas":557305,"dosisEntregadasModerna":67600,"dosisEntregadasPfizer":421265,"dosisEntregadasAstrazeneca":53240,"dosisEntregadasJanssen":15200,"dosisPrimeraDosis":261823,"dosisPautaCompletada":257134,"porcentajeEntregadas":0.9508097002539004,"porcentajePoblacionAdministradas":1.6563545202773244,"porcentajePoblacionPrimeraDosis":0.8184168245215901,"porcentajePoblacionCompletas":0.803759760435617,"fechaUltRegistro":1638144000000,"etarios":{"unaDosis":{"etarioTotal":{"vacunados":261823,"personasINE":283970,"porcentaje":0.9220093671866747},"etarioRangos":[{"rango":{"min":12,"max":19},"vacunados":22345,"personasINE":25532,"porcentaje":0.80392671876026},{"rango":{"min":20,"max":29},"vacunados":24486,"personasINE":30458,"porcentaje":0.9019585623359209},{"rango":{"min":30,"max":39},"vacunados":31515,"personasINE":39319,"porcentaje":0.9019585623359209},{"rango":{"min":40,"max":49},"vacunados":47756,"personasINE":52947,"porcentaje":0.9019585623359209},{"rango":{"min":50,"max":59},"vacunados":45514,"personasINE":47664,"porcentaje":0.9548925814031555},{"rango":{"min":60,"max":69},"vacunados":38118,"personasINE":38118,"porcentaje":1},{"rango":{"min":70,"max":79},"vacunados":28692,"personasINE":28692,"porcentaje":1},{"rango":{"min":80,"max":null},"vacunados":23397,"personasINE":23397,"porcentaje":1}]},"pautaCompleta":{"etarioTotal":{"vacunados":257134,"personasINE":283970,"porcentaje":0.9054970595485439},"etarioRangos":[{"rango":{"min":12,"max":19},"vacunados":21627,"personasINE":25532,"porcentaje":0.7754284588613829},{"rango":{"min":20,"max":29},"vacunados":23618,"personasINE":30458,"porcentaje":0.8876801329631518},{"rango":{"min":30,"max":39},"vacunados":30729,"personasINE":39319,"porcentaje":0.8876801329631518},{"rango":{"min":40,"max":49},"vacunados":47000,"personasINE":52947,"porcentaje":0.8876801329631518},{"rango":{"min":50,"max":59},"vacunados":44867,"personasINE":47664,"porcentaje":0.9413183954347096},{"rango":{"min":60,"max":69},"vacunados":37542,"personasINE":37718,"porcentaje":0.9953337928840341},{"rango":{"min":70,"max":79},"vacunados":28576,"personasINE":28576,"porcentaje":1},{"rango":{"min":80,"max":null},"vacunados":23175,"personasINE":23175,"porcentaje":1}]}}},{"ccaa":"Madrid","dosisAdministradas":10564236,"dosisEntregadas":10827035,"dosisEntregadasModerna":1645800,"dosisEntregadasPfizer":7637685,"dosisEntregadasAstrazeneca":1222100,"dosisEntregadasJanssen":321450,"dosisPrimeraDosis":5409790,"dosisPautaCompletada":5292273,"porcentajeEntregadas":0.9757275191222713,"porcentajePoblacionAdministradas":1.5581726423799331,"porcentajePoblacionPrimeraDosis":0.7979173107284369,"porcentajePoblacionCompletas":0.780584133543209,"fechaUltRegistro":1638144000000,"etarios":{"unaDosis":{"etarioTotal":{"vacunados":5409790,"personasINE":5977937,"porcentaje":0.9049593530343327},"etarioRangos":[{"rango":{"min":12,"max":19},"vacunados":465179,"personasINE":553542,"porcentaje":0.828881780531331},{"rango":{"min":20,"max":29},"vacunados":615424,"personasINE":742475,"porcentaje":0.8938875838249837},{"rango":{"min":30,"max":39},"vacunados":762666,"personasINE":949640,"porcentaje":0.8938875838249837},{"rango":{"min":40,"max":49},"vacunados":1042247,"personasINE":1165971,"porcentaje":0.8938875838249837},{"rango":{"min":50,"max":59},"vacunados":945963,"personasINE":972783,"porcentaje":0.9724296168826964},{"rango":{"min":60,"max":69},"vacunados":691451,"personasINE":703323,"porcentaje":0.9831201311488462},{"rango":{"min":70,"max":79},"vacunados":512194,"personasINE":526081,"porcentaje":0.9736029242645144},{"rango":{"min":80,"max":null},"vacunados":374666,"personasINE":374666,"porcentaje":1}]},"pautaCompleta":{"etarioTotal":{"vacunados":5292273,"personasINE":5977937,"porcentaje":0.8853008989556096},"etarioRangos":[{"rango":{"min":12,"max":19},"vacunados":450366,"personasINE":553542,"porcentaje":0.7917155459779791},{"rango":{"min":20,"max":29},"vacunados":587829,"personasINE":742475,"porcentaje":0.8757541997185179},{"rango":{"min":30,"max":39},"vacunados":735485,"personasINE":949640,"porcentaje":0.8757541997185179},{"rango":{"min":40,"max":49},"vacunados":1021104,"personasINE":1165971,"porcentaje":0.8757541997185179},{"rango":{"min":50,"max":59},"vacunados":937415,"personasINE":972783,"porcentaje":0.9636424567452351},{"rango":{"min":60,"max":69},"vacunados":678318,"personasINE":703323,"porcentaje":0.9644473449609923},{"rango":{"min":70,"max":79},"vacunados":510026,"personasINE":526081,"porcentaje":0.9694818858692863},{"rango":{"min":80,"max":null},"vacunados":371730,"personasINE":371730,"porcentaje":1}]}}},{"ccaa":"Murcia","dosisAdministradas":2392701,"dosisEntregadas":2507175,"dosisEntregadasModerna":498000,"dosisEntregadasPfizer":1687865,"dosisEntregadasAstrazeneca":253010,"dosisEntregadasJanssen":68300,"dosisPrimeraDosis":1202319,"dosisPautaCompletada":1173749,"porcentajeEntregadas":0.9543414400670077,"porcentajePoblacionAdministradas":1.5832585057015678,"porcentajePoblacionPrimeraDosis":0.7955786298900712,"porcentajePoblacionCompletas":0.7766737623333252,"fechaUltRegistro":1638144000000,"etarios":{"unaDosis":{"etarioTotal":{"vacunados":1202319,"personasINE":1310137,"porcentaje":0.9177047896517693},"etarioRangos":[{"rango":{"min":12,"max":19},"vacunados":122254,"personasINE":141894,"porcentaje":0.8322418837954577},{"rango":{"min":20,"max":29},"vacunados":143352,"personasINE":172248,"porcentaje":0.9167561782677637},{"rango":{"min":30,"max":39},"vacunados":169235,"personasINE":209003,"porcentaje":0.9167561782677637},{"rango":{"min":40,"max":49},"vacunados":233000,"personasINE":254157,"porcentaje":0.9167561782677637},{"rango":{"min":50,"max":59},"vacunados":208108,"personasINE":213256,"porcentaje":0.975859999249728},{"rango":{"min":60,"max":69},"vacunados":148773,"personasINE":148773,"porcentaje":1},{"rango":{"min":70,"max":79},"vacunados":103534,"personasINE":103534,"porcentaje":1},{"rango":{"min":80,"max":null},"vacunados":74063,"personasINE":74063,"porcentaje":1}]},"pautaCompleta":{"etarioTotal":{"vacunados":1173749,"personasINE":1310137,"porcentaje":0.895897909913238},"etarioRangos":[{"rango":{"min":12,"max":19},"vacunados":117879,"personasINE":141894,"porcentaje":0.7941572616227764},{"rango":{"min":20,"max":29},"vacunados":136792,"personasINE":172248,"porcentaje":0.8974610181895443},{"rango":{"min":30,"max":39},"vacunados":163478,"personasINE":209003,"porcentaje":0.8974610181895443},{"rango":{"min":40,"max":49},"vacunados":228096,"personasINE":254157,"porcentaje":0.8974610181895443},{"rango":{"min":50,"max":59},"vacunados":205520,"personasINE":213256,"porcentaje":0.9637243500769028},{"rango":{"min":60,"max":69},"vacunados":146161,"personasINE":146909,"porcentaje":0.9949084126908494},{"rango":{"min":70,"max":79},"vacunados":102575,"personasINE":102899,"porcentaje":0.9968512813535603},{"rango":{"min":80,"max":null},"vacunados":73248,"personasINE":73248,"porcentaje":1}]}}},{"ccaa":"Navarra","dosisAdministradas":1078549,"dosisEntregadas":1116375,"dosisEntregadasModerna":151500,"dosisEntregadasPfizer":804525,"dosisEntregadasAstrazeneca":136600,"dosisEntregadasJanssen":23750,"dosisPrimeraDosis":531862,"dosisPautaCompletada":524774,"porcentajeEntregadas":0.966117120143321,"porcentajePoblacionAdministradas":1.631206735662745,"porcentajePoblacionPrimeraDosis":0.8043926394100397,"porcentajePoblacionCompletas":0.7936726875651281,"fechaUltRegistro":1638144000000,"etarios":{"unaDosis":{"etarioTotal":{"vacunados":531862,"personasINE":581354,"porcentaje":0.9148677053912074},"etarioRangos":[{"rango":{"min":12,"max":19},"vacunados":50057,"personasINE":56388,"porcentaje":0.8542134542839109},{"rango":{"min":20,"max":29},"vacunados":58195,"personasINE":68127,"porcentaje":0.8870391289050202},{"rango":{"min":30,"max":39},"vacunados":64767,"personasINE":81341,"porcentaje":0.8870391289050202},{"rango":{"min":40,"max":49},"vacunados":95802,"personasINE":108002,"porcentaje":0.8870391289050202},{"rango":{"min":50,"max":59},"vacunados":92161,"personasINE":96694,"porcentaje":0.9531201522328169},{"rango":{"min":60,"max":69},"vacunados":72419,"personasINE":73844,"porcentaje":0.980702562158063},{"rango":{"min":70,"max":79},"vacunados":55926,"personasINE":55926,"porcentaje":1},{"rango":{"min":80,"max":null},"vacunados":42535,"personasINE":42535,"porcentaje":1}]},"pautaCompleta":{"etarioTotal":{"vacunados":524774,"personasINE":581354,"porcentaje":0.9026754782800153},"etarioRangos":[{"rango":{"min":12,"max":19},"vacunados":49024,"personasINE":56388,"porcentaje":0.8263684001937558},{"rango":{"min":20,"max":29},"vacunados":56298,"personasINE":68127,"porcentaje":0.8778541138127072},{"rango":{"min":30,"max":39},"vacunados":63454,"personasINE":81341,"porcentaje":0.8778541138127072},{"rango":{"min":40,"max":49},"vacunados":94810,"personasINE":108002,"porcentaje":0.8778541138127072},{"rango":{"min":50,"max":59},"vacunados":91482,"personasINE":96694,"porcentaje":0.9460979998758972},{"rango":{"min":60,"max":69},"vacunados":71788,"personasINE":73844,"porcentaje":0.9721575212610368},{"rango":{"min":70,"max":79},"vacunados":55773,"personasINE":55792,"porcentaje":0.9996594493834241},{"rango":{"min":80,"max":null},"vacunados":42145,"personasINE":42145,"porcentaje":1}]}}},{"ccaa":"País Vasco","dosisAdministradas":3661316,"dosisEntregadas":3819750,"dosisEntregadasModerna":526100,"dosisEntregadasPfizer":2748150,"dosisEntregadasAstrazeneca":444200,"dosisEntregadasJanssen":101300,"dosisPrimeraDosis":1825172,"dosisPautaCompletada":1793390,"porcentajeEntregadas":0.9585224163885071,"porcentajePoblacionAdministradas":1.6488671040448475,"porcentajePoblacionPrimeraDosis":0.8219629417465585,"porcentajePoblacionCompletas":0.8076499749606396,"fechaUltRegistro":1638144000000,"etarios":{"unaDosis":{"etarioTotal":{"vacunados":1825172,"personasINE":1983943,"porcentaje":0.9199719951631675},"etarioRangos":[{"rango":{"min":12,"max":19},"vacunados":149334,"personasINE":168606,"porcentaje":0.8274087746980658},{"rango":{"min":20,"max":29},"vacunados":166751,"personasINE":201534,"porcentaje":0.8891539848619153},{"rango":{"min":30,"max":39},"vacunados":205218,"personasINE":260543,"porcentaje":0.8891539848619153},{"rango":{"min":40,"max":49},"vacunados":321992,"personasINE":362133,"porcentaje":0.8891539848619153},{"rango":{"min":50,"max":59},"vacunados":324676,"personasINE":339977,"porcentaje":0.9549940143009674},{"rango":{"min":60,"max":69},"vacunados":278969,"personasINE":280119,"porcentaje":0.9958946019370339},{"rango":{"min":70,"max":79},"vacunados":213903,"personasINE":213903,"porcentaje":1},{"rango":{"min":80,"max":null},"vacunados":164329,"personasINE":164329,"porcentaje":1}]},"pautaCompleta":{"etarioTotal":{"vacunados":1793390,"personasINE":1983943,"porcentaje":0.90395238169645},"etarioRangos":[{"rango":{"min":12,"max":19},"vacunados":145607,"personasINE":168606,"porcentaje":0.8022318814691317},{"rango":{"min":20,"max":29},"vacunados":161677,"personasINE":201534,"porcentaje":0.8761145766886752},{"rango":{"min":30,"max":39},"vacunados":199731,"personasINE":260543,"porcentaje":0.8761145766886752},{"rango":{"min":40,"max":49},"vacunados":317270,"personasINE":362133,"porcentaje":0.8761145766886752},{"rango":{"min":50,"max":59},"vacunados":321214,"personasINE":339977,"porcentaje":0.9448109725069637},{"rango":{"min":60,"max":69},"vacunados":273608,"personasINE":280119,"porcentaje":0.9767563071408937},{"rango":{"min":70,"max":79},"vacunados":212267,"personasINE":213081,"porcentaje":0.9961798564865004},{"rango":{"min":80,"max":null},"vacunados":162016,"personasINE":157950,"porcentaje":1.0257423235201013}]}}},{"ccaa":"Ceuta","dosisAdministradas":121638,"dosisEntregadas":142225,"dosisEntregadasModerna":22270,"dosisEntregadasPfizer":97920,"dosisEntregadasAstrazeneca":18100,"dosisEntregadasJanssen":3935,"dosisPrimeraDosis":63287,"dosisPautaCompletada":60712,"porcentajeEntregadas":0.8552504833889963,"porcentajePoblacionAdministradas":1.4445975154984443,"porcentajePoblacionPrimeraDosis":0.7516092254340752,"porcentajePoblacionCompletas":0.7210280040854137,"fechaUltRegistro":1638144000000,"etarios":{"unaDosis":{"etarioTotal":{"vacunados":63287,"personasINE":70965,"porcentaje":0.8918058197703093},"etarioRangos":[{"rango":{"min":12,"max":19},"vacunados":8701,"personasINE":9126,"porcentaje":0.855749065377952},{"rango":{"min":20,"max":29},"vacunados":9385,"personasINE":10967,"porcentaje":0.8877551020408163},{"rango":{"min":30,"max":39},"vacunados":9362,"personasINE":11894,"porcentaje":0.8877551020408163},{"rango":{"min":40,"max":49},"vacunados":11223,"personasINE":12642,"porcentaje":0.8877551020408163},{"rango":{"min":50,"max":59},"vacunados":10627,"personasINE":11556,"porcentaje":0.9196088611976463},{"rango":{"min":60,"max":69},"vacunados":7679,"personasINE":7857,"porcentaje":0.9773450426371388},{"rango":{"min":70,"max":79},"vacunados":3903,"personasINE":4318,"porcentaje":0.9038906901343214},{"rango":{"min":80,"max":null},"vacunados":2407,"personasINE":2605,"porcentaje":0.9239923224568138}]},"pautaCompleta":{"etarioTotal":{"vacunados":60712,"personasINE":70965,"porcentaje":0.855520326921722},"etarioRangos":[{"rango":{"min":12,"max":19},"vacunados":7937,"personasINE":9126,"porcentaje":0.7859943466763928},{"rango":{"min":20,"max":29},"vacunados":8620,"personasINE":10967,"porcentaje":0.8682170542635659},{"rango":{"min":30,"max":39},"vacunados":8944,"personasINE":11894,"porcentaje":0.8682170542635659},{"rango":{"min":40,"max":49},"vacunados":10976,"personasINE":12642,"porcentaje":0.8682170542635659},{"rango":{"min":50,"max":59},"vacunados":10486,"personasINE":11556,"porcentaje":0.9074074074074074},{"rango":{"min":60,"max":69},"vacunados":7535,"personasINE":7857,"porcentaje":0.959017436680667},{"rango":{"min":70,"max":79},"vacunados":3844,"personasINE":4318,"porcentaje":0.890226956924502},{"rango":{"min":80,"max":null},"vacunados":2370,"personasINE":2605,"porcentaje":0.9097888675623801}]}}},{"ccaa":"Melilla","dosisAdministradas":110505,"dosisEntregadas":141100,"dosisEntregadasModerna":23500,"dosisEntregadasPfizer":96750,"dosisEntregadasAstrazeneca":15100,"dosisEntregadasJanssen":5750,"dosisPrimeraDosis":60195,"dosisPautaCompletada":57735,"porcentajeEntregadas":0.7831679659815733,"porcentajePoblacionAdministradas":1.2690638063301025,"porcentajePoblacionPrimeraDosis":0.6912926638798291,"porcentajePoblacionCompletas":0.663041481005099,"fechaUltRegistro":1638144000000,"etarios":{"unaDosis":{"etarioTotal":{"vacunados":60195,"personasINE":70927,"porcentaje":0.848689497652516},"etarioRangos":[{"rango":{"min":12,"max":19},"vacunados":8377,"personasINE":9574,"porcentaje":0.771071279699875},{"rango":{"min":20,"max":29},"vacunados":9249,"personasINE":11995,"porcentaje":0.8762706215630728},{"rango":{"min":30,"max":39},"vacunados":9036,"personasINE":12133,"porcentaje":0.8762706215630728},{"rango":{"min":40,"max":49},"vacunados":10517,"personasINE":12002,"porcentaje":0.8762706215630728},{"rango":{"min":50,"max":59},"vacunados":10070,"personasINE":11299,"porcentaje":0.8912293123285246},{"rango":{"min":60,"max":69},"vacunados":7451,"personasINE":7827,"porcentaje":0.9519611600868787},{"rango":{"min":70,"max":79},"vacunados":3409,"personasINE":3748,"porcentaje":0.9095517609391676},{"rango":{"min":80,"max":null},"vacunados":2086,"personasINE":2349,"porcentaje":0.8880374627501064}]},"pautaCompleta":{"etarioTotal":{"vacunados":57735,"personasINE":70927,"porcentaje":0.8140059497793506},"etarioRangos":[{"rango":{"min":12,"max":19},"vacunados":7803,"personasINE":9574,"porcentaje":0.7071279699874948},{"rango":{"min":20,"max":29},"vacunados":8482,"personasINE":11995,"porcentaje":0.8559406765539077},{"rango":{"min":30,"max":39},"vacunados":8667,"personasINE":12133,"porcentaje":0.8559406765539077},{"rango":{"min":40,"max":49},"vacunados":10273,"personasINE":12002,"porcentaje":0.8559406765539077},{"rango":{"min":50,"max":59},"vacunados":9850,"personasINE":11299,"porcentaje":0.8717585627046641},{"rango":{"min":60,"max":69},"vacunados":7284,"personasINE":7827,"porcentaje":0.9306247604446148},{"rango":{"min":70,"max":79},"vacunados":3341,"personasINE":3748,"porcentaje":0.8914087513340448},{"rango":{"min":80,"max":null},"vacunados":2035,"personasINE":2349,"porcentaje":0.8663260962111536}]}}},{"ccaa":"Fuerzas Armadas","dosisAdministradas":177746,"dosisEntregadas":212238,"dosisEntregadasModerna":58300,"dosisEntregadasPfizer":48138,"dosisEntregadasAstrazeneca":103800,"dosisEntregadasJanssen":2000,"dosisPrimeraDosis":95248,"dosisPautaCompletada":89105,"porcentajeEntregadas":0.8374843336254583,"porcentajePoblacionAdministradas":null,"porcentajePoblacionPrimeraDosis":null,"porcentajePoblacionCompletas":null,"fechaUltRegistro":1638144000000},{"ccaa":"Sanidad Exterior","dosisAdministradas":7762,"dosisEntregadas":9915,"dosisEntregadasModerna":5540,"dosisEntregadasPfizer":0,"dosisEntregadasAstrazeneca":0,"dosisEntregadasJanssen":4375,"dosisPrimeraDosis":5942,"dosisPautaCompletada":5625,"porcentajeEntregadas":0.7828542612203732,"porcentajePoblacionAdministradas":null,"porcentajePoblacionPrimeraDosis":null,"porcentajePoblacionCompletas":null,"fechaUltRegistro":1638144000000,"etarios":{"unaDosis":{"etarioTotal":{"vacunados":5942,"personasINE":"-","porcentaje":"-"},"etarioRangos":[{"rango":{"min":12,"max":19},"vacunados":183,"personasINE":null,"porcentaje":"-"},{"rango":{"min":20,"max":29},"vacunados":1457,"personasINE":null,"porcentaje":"-"},{"rango":{"min":30,"max":39},"vacunados":1750,"personasINE":null,"porcentaje":"-"},{"rango":{"min":40,"max":49},"vacunados":1474,"personasINE":null,"porcentaje":"-"},{"rango":{"min":50,"max":59},"vacunados":752,"personasINE":null,"porcentaje":"-"},{"rango":{"min":60,"max":69},"vacunados":254,"personasINE":null,"porcentaje":"-"},{"rango":{"min":70,"max":79},"vacunados":43,"personasINE":null,"porcentaje":"-"},{"rango":{"min":80,"max":null},"vacunados":29,"personasINE":null,"porcentaje":"-"}]},"pautaCompleta":{"etarioTotal":{"vacunados":5625,"personasINE":"-","porcentaje":"-"},"etarioRangos":[{"rango":{"min":12,"max":19},"vacunados":166,"personasINE":null,"porcentaje":"-"},{"rango":{"min":20,"max":29},"vacunados":1380,"personasINE":null,"porcentaje":"-"},{"rango":{"min":30,"max":39},"vacunados":1661,"personasINE":null,"porcentaje":"-"},{"rango":{"min":40,"max":49},"vacunados":1399,"personasINE":null,"porcentaje":"-"},{"rango":{"min":50,"max":59},"vacunados":719,"personasINE":null,"porcentaje":"-"},{"rango":{"min":60,"max":69},"vacunados":232,"personasINE":null,"porcentaje":"-"},{"rango":{"min":70,"max":79},"vacunados":41,"personasINE":null,"porcentaje":"-"},{"rango":{"min":80,"max":null},"vacunados":27,"personasINE":null,"porcentaje":"-"}]}}},{"ccaa":"Totales","dosisAdministradas":76485574,"dosisEntregadas":79985737,"dosisEntregadasModerna":11203720,"dosisEntregadasPfizer":57578157,"dosisEntregadasAstrazeneca":9051420,"dosisEntregadasJanssen":2152440,"dosisPrimeraDosis":38339403,"dosisPautaCompletada":37615143,"porcentajeEntregadas":0.9562401606676451,"porcentajePoblacionAdministradas":1.6294327652322114,"porcentajePoblacionPrimeraDosis":0.8167746697912228,"porcentajePoblacionCompletas":0.801345185342991,"fechaUltRegistro":null,"etarios":{"unaDosis":{"etarioTotal":{"vacunados":38339403,"personasINE":42119827,"porcentaje":0.9102459751318541},"etarioRangos":[{"rango":{"min":12,"max":19},"vacunados":3397112,"personasINE":3888686,"porcentaje":0.8219666143541289},{"rango":{"min":20,"max":29},"vacunados":4064329,"personasINE":4944640,"porcentaje":0.8896030113522536},{"rango":{"min":30,"max":39},"vacunados":4967135,"personasINE":6230403,"porcentaje":0.8896030113522536},{"rango":{"min":40,"max":49},"vacunados":7020513,"personasINE":7891737,"porcentaje":0.8896030113522536},{"rango":{"min":50,"max":59},"vacunados":6705312,"personasINE":7033306,"porcentaje":0.953365600757311},{"rango":{"min":60,"max":69},"vacunados":5293580,"personasINE":5336986,"porcentaje":0.9918669451259569},{"rango":{"min":70,"max":79},"vacunados":3949688,"personasINE":3960045,"porcentaje":0.9973846256797587},{"rango":{"min":80,"max":null},"vacunados":2941734,"personasINE":2941734,"porcentaje":1}]},"pautaCompleta":{"etarioTotal":{"vacunados":37615143,"personasINE":42119827,"porcentaje":0.8930507478105264},"etarioRangos":[{"rango":{"min":12,"max":19},"vacunados":3281107,"personasINE":3888686,"porcentaje":0.7897385856199844},{"rango":{"min":20,"max":29},"vacunados":3904973,"personasINE":4944640,"porcentaje":0.8755842978548322},{"rango":{"min":30,"max":39},"vacunados":4821511,"personasINE":6230403,"porcentaje":0.8755842978548322},{"rango":{"min":40,"max":49},"vacunados":6909881,"personasINE":7891737,"porcentaje":0.8755842978548322},{"rango":{"min":50,"max":59},"vacunados":6636272,"personasINE":7033306,"porcentaje":0.9435494488651567},{"rango":{"min":60,"max":69},"vacunados":5226236,"personasINE":5336986,"porcentaje":0.9792485871238935},{"rango":{"min":70,"max":79},"vacunados":3925411,"personasINE":3960045,"porcentaje":0.9912541397888155},{"rango":{"min":80,"max":null},"vacunados":2909752,"personasINE":2909752,"porcentaje":1}]}}}]