[{"ccaa":"Andalucía","dosisAdministradas":9965811,"dosisEntregadas":10021560,"dosisEntregadasModerna":1011000,"dosisEntregadasPfizer":6728760,"dosisEntregadasAstrazeneca":1805800,"dosisEntregadasJanssen":476000,"dosisPrimeraDosis":5605215,"dosisPautaCompletada":4632313,"porcentajeEntregadas":0.9944370936261421,"porcentajePoblacionAdministradas":1.1773779652240421,"porcentajePoblacionPrimeraDosis":0.6622096918497932,"porcentajePoblacionCompletas":0.5472693847215122,"fechaUltRegistro":1627430400000,"etarios":{"unaDosis":{"etarioTotal":{"vacunados":5605215,"personasINE":7451975,"porcentaje":0.7521784493372562},"etarioRangos":[{"rango":{"min":12,"max":19},"vacunados":38313,"personasINE":752907,"porcentaje":0.48935576823679405},{"rango":{"min":20,"max":29},"vacunados":454451,"personasINE":928672,"porcentaje":0.8429761016060772},{"rango":{"min":30,"max":39},"vacunados":785244,"personasINE":1140217,"porcentaje":0.8429761016060772},{"rango":{"min":40,"max":49},"vacunados":1167618,"personasINE":1385114,"porcentaje":0.8429761016060772},{"rango":{"min":50,"max":59},"vacunados":1170997,"personasINE":1265021,"porcentaje":0.925673961143728},{"rango":{"min":60,"max":69},"vacunados":905959,"personasINE":916147,"porcentaje":0.9888795138771398},{"rango":{"min":70,"max":79},"vacunados":650119,"personasINE":650381,"porcentaje":0.9995971592036053},{"rango":{"min":80,"max":null},"vacunados":432514,"personasINE":432514,"porcentaje":1}]},"pautaCompleta":{"etarioTotal":{"vacunados":4632313,"personasINE":7451975,"porcentaje":0.6216221874066942},"etarioRangos":[{"rango":{"min":12,"max":19},"vacunados":6188,"personasINE":752907.0000000001,"porcentaje":0.12123225422969573},{"rango":{"min":20,"max":29},"vacunados":112585,"personasINE":928672,"porcentaje":0.7801141277902035},{"rango":{"min":30,"max":39},"vacunados":450397,"personasINE":1140217,"porcentaje":0.7801141277902035},{"rango":{"min":40,"max":49},"vacunados":1080547,"personasINE":1385114,"porcentaje":0.7801141277902035},{"rango":{"min":50,"max":59},"vacunados":1107844,"personasINE":1265021,"porcentaje":0.875751469738447},{"rango":{"min":60,"max":69},"vacunados":805269,"personasINE":916147,"porcentaje":0.8789735708352481},{"rango":{"min":70,"max":79},"vacunados":643910,"personasINE":650381,"porcentaje":0.9900504473531668},{"rango":{"min":80,"max":null},"vacunados":425573,"personasINE":425573,"porcentaje":1}]}}},{"ccaa":"Aragón","dosisAdministradas":1603923,"dosisEntregadas":1662705,"dosisEntregadasModerna":153300,"dosisEntregadasPfizer":1166805,"dosisEntregadasAstrazeneca":285700,"dosisEntregadasJanssen":56900,"dosisPrimeraDosis":917638,"dosisPautaCompletada":775432,"porcentajeEntregadas":0.9646467653612637,"porcentajePoblacionAdministradas":1.206509597251674,"porcentajePoblacionPrimeraDosis":0.6902694542087316,"porcentajePoblacionCompletas":0.5832986683376072,"fechaUltRegistro":1627430400000,"etarios":{"unaDosis":{"etarioTotal":{"vacunados":917638,"personasINE":1185134,"porcentaje":0.7742905021710625},"etarioRangos":[{"rango":{"min":12,"max":19},"vacunados":19628,"personasINE":103109,"porcentaje":0.5137690661881428},{"rango":{"min":20,"max":29},"vacunados":66996,"personasINE":130400.99999999999,"porcentaje":0.8175841967405312},{"rango":{"min":30,"max":39},"vacunados":105954,"personasINE":164286,"porcentaje":0.8175841967405312},{"rango":{"min":40,"max":49},"vacunados":175734,"personasINE":214943,"porcentaje":0.8175841967405312},{"rango":{"min":50,"max":59},"vacunados":178711,"personasINE":198266,"porcentaje":0.9013698768321347},{"rango":{"min":60,"max":69},"vacunados":151150,"personasINE":156367,"porcentaje":0.9666361828262997},{"rango":{"min":70,"max":79},"vacunados":118555,"personasINE":118955,"porcentaje":0.9966373838846623},{"rango":{"min":80,"max":null},"vacunados":100910,"personasINE":100910,"porcentaje":1}]},"pautaCompleta":{"etarioTotal":{"vacunados":775432,"personasINE":1185134,"porcentaje":0.6542990075383881},"etarioRangos":[{"rango":{"min":12,"max":19},"vacunados":6845,"personasINE":103109,"porcentaje":0.22351055590064495},{"rango":{"min":20,"max":29},"vacunados":29146,"personasINE":130400.99999999999,"porcentaje":0.7686502933335815},{"rango":{"min":30,"max":39},"vacunados":54567,"personasINE":164286,"porcentaje":0.7686502933335815},{"rango":{"min":40,"max":49},"vacunados":165216,"personasINE":214943,"porcentaje":0.7686502933335815},{"rango":{"min":50,"max":59},"vacunados":173809,"personasINE":198266,"porcentaje":0.8766455166291749},{"rango":{"min":60,"max":69},"vacunados":129085,"personasINE":156367,"porcentaje":0.8255258462463307},{"rango":{"min":70,"max":79},"vacunados":117541,"personasINE":118955,"porcentaje":0.9881131520322811},{"rango":{"min":80,"max":null},"vacunados":99223,"personasINE":99223,"porcentaje":1}]}}},{"ccaa":"Asturias","dosisAdministradas":1388420,"dosisEntregadas":1382735,"dosisEntregadasModerna":126400,"dosisEntregadasPfizer":976685,"dosisEntregadasAstrazeneca":235900,"dosisEntregadasJanssen":43750,"dosisPrimeraDosis":760965,"dosisPautaCompletada":675107,"porcentajeEntregadas":1.0041114168658491,"porcentajePoblacionAdministradas":1.3628207745704684,"porcentajePoblacionPrimeraDosis":0.7469345808336213,"porcentajePoblacionCompletas":0.6626596020353677,"fechaUltRegistro":1627430400000,"etarios":{"unaDosis":{"etarioTotal":{"vacunados":760965,"personasINE":933927,"porcentaje":0.8148013709850984},"etarioRangos":[{"rango":{"min":12,"max":19},"vacunados":5912,"personasINE":64000,"porcentaje":0.5156299376824968},{"rango":{"min":20,"max":29},"vacunados":40792,"personasINE":79111,"porcentaje":0.8492631427664633},{"rango":{"min":30,"max":39},"vacunados":76914,"personasINE":114450.99999999999,"porcentaje":0.8492631427664633},{"rango":{"min":40,"max":49},"vacunados":141821,"personasINE":166993,"porcentaje":0.8492631427664633},{"rango":{"min":50,"max":59},"vacunados":148100,"personasINE":162645,"porcentaje":0.9105721048910204},{"rango":{"min":60,"max":69},"vacunados":144991,"personasINE":149652,"porcentaje":0.9688544088953037},{"rango":{"min":70,"max":79},"vacunados":113811,"personasINE":113811,"porcentaje":1},{"rango":{"min":80,"max":null},"vacunados":88624,"personasINE":88624,"porcentaje":1}]},"pautaCompleta":{"etarioTotal":{"vacunados":675107,"personasINE":933927,"porcentaje":0.7228691321698592},"etarioRangos":[{"rango":{"min":12,"max":19},"vacunados":608,"personasINE":64000,"porcentaje":0.1321940058904577},{"rango":{"min":20,"max":29},"vacunados":10458,"personasINE":79111,"porcentaje":0.8022671608989599},{"rango":{"min":30,"max":39},"vacunados":45927,"personasINE":114451,"porcentaje":0.8022671608989599},{"rango":{"min":40,"max":49},"vacunados":133973,"personasINE":166993,"porcentaje":0.8022671608989599},{"rango":{"min":50,"max":59},"vacunados":145187,"personasINE":162645,"porcentaje":0.8926619324295244},{"rango":{"min":60,"max":69},"vacunados":138651,"personasINE":149652,"porcentaje":0.9264894555368455},{"rango":{"min":70,"max":79},"vacunados":112773,"personasINE":112773,"porcentaje":1},{"rango":{"min":80,"max":null},"vacunados":87530,"personasINE":87826,"porcentaje":0.996629699633366}]}}},{"ccaa":"Baleares","dosisAdministradas":1298820,"dosisEntregadas":1368210,"dosisEntregadasModerna":155000,"dosisEntregadasPfizer":901260,"dosisEntregadasAstrazeneca":256400,"dosisEntregadasJanssen":55550,"dosisPrimeraDosis":743201,"dosisPautaCompletada":628342,"porcentajeEntregadas":0.9492841011248273,"porcentajePoblacionAdministradas":1.1086404852404053,"porcentajePoblacionPrimeraDosis":0.6343779101578004,"porcentajePoblacionCompletas":0.5363371212153545,"fechaUltRegistro":1627430400000,"etarios":{"unaDosis":{"etarioTotal":{"vacunados":743201,"personasINE":1034867,"porcentaje":0.7181608844421554},"etarioRangos":[{"rango":{"min":12,"max":19},"vacunados":36238,"personasINE":95480,"porcentaje":0.53588464717055},{"rango":{"min":20,"max":29},"vacunados":73921,"personasINE":137942,"porcentaje":0.7408474477620628},{"rango":{"min":30,"max":39},"vacunados":103508,"personasINE":182187,"porcentaje":0.7408474477620628},{"rango":{"min":40,"max":49},"vacunados":152742,"personasINE":206172,"porcentaje":0.7408474477620628},{"rango":{"min":50,"max":59},"vacunados":142000,"personasINE":165797,"porcentaje":0.8564690555317648},{"rango":{"min":60,"max":69},"vacunados":105632,"personasINE":117231,"porcentaje":0.9010585937166791},{"rango":{"min":70,"max":79},"vacunados":78174,"personasINE":80516,"porcentaje":0.9709126136420091},{"rango":{"min":80,"max":null},"vacunados":50986,"personasINE":50986,"porcentaje":1}]},"pautaCompleta":{"etarioTotal":{"vacunados":628342,"personasINE":1034867,"porcentaje":0.6071717428423169},"etarioRangos":[{"rango":{"min":12,"max":19},"vacunados":10241,"personasINE":95480,"porcentaje":0.25896391236896665},{"rango":{"min":20,"max":29},"vacunados":35722,"personasINE":137942,"porcentaje":0.7041741846613507},{"rango":{"min":30,"max":39},"vacunados":75196,"personasINE":182187,"porcentaje":0.7041741846613507},{"rango":{"min":40,"max":49},"vacunados":145181,"personasINE":206172,"porcentaje":0.7041741846613507},{"rango":{"min":50,"max":59},"vacunados":138630,"personasINE":165797,"porcentaje":0.8361429941434405},{"rango":{"min":60,"max":69},"vacunados":95510,"personasINE":117231,"porcentaje":0.814716243996895},{"rango":{"min":70,"max":79},"vacunados":77594,"personasINE":80516,"porcentaje":0.9637090764568533},{"rango":{"min":80,"max":null},"vacunados":50268,"personasINE":50268,"porcentaje":1}]}}},{"ccaa":"Canarias","dosisAdministradas":2470388,"dosisEntregadas":2598750,"dosisEntregadasModerna":284700,"dosisEntregadasPfizer":1689450,"dosisEntregadasAstrazeneca":503700,"dosisEntregadasJanssen":120900,"dosisPrimeraDosis":1435013,"dosisPautaCompletada":1166737,"porcentajeEntregadas":0.950606253006253,"porcentajePoblacionAdministradas":1.135313646624558,"porcentajePoblacionPrimeraDosis":0.6594874335463282,"porcentajePoblacionCompletas":0.5361961109436237,"fechaUltRegistro":1627430400000,"etarios":{"unaDosis":{"etarioTotal":{"vacunados":1435013,"personasINE":1960774,"porcentaje":0.7318604795861227},"etarioRangos":[{"rango":{"min":12,"max":19},"vacunados":41566,"personasINE":179797,"porcentaje":0.5626181737292848},{"rango":{"min":20,"max":29},"vacunados":141638,"personasINE":251748.00000000003,"porcentaje":0.7584423753106279},{"rango":{"min":30,"max":39},"vacunados":190878,"personasINE":310934,"porcentaje":0.7584423753106279},{"rango":{"min":40,"max":49},"vacunados":294218,"personasINE":387924,"porcentaje":0.7584423753106279},{"rango":{"min":50,"max":59},"vacunados":308282,"personasINE":350512,"porcentaje":0.879519103482905},{"rango":{"min":60,"max":69},"vacunados":217015,"personasINE":235092,"porcentaje":0.923106698654144},{"rango":{"min":70,"max":79},"vacunados":149336,"personasINE":154531,"porcentaje":0.9663821498598987},{"rango":{"min":80,"max":null},"vacunados":92080,"personasINE":92080,"porcentaje":1}]},"pautaCompleta":{"etarioTotal":{"vacunados":1166737,"personasINE":1960774,"porcentaje":0.5950389999051395},"etarioRangos":[{"rango":{"min":12,"max":19},"vacunados":4634,"personasINE":179797,"porcentaje":0.1707898374565041},{"rango":{"min":20,"max":29},"vacunados":42996,"personasINE":251748.00000000003,"porcentaje":0.6892200534125241},{"rango":{"min":30,"max":39},"vacunados":123583,"personasINE":310934,"porcentaje":0.6892200534125241},{"rango":{"min":40,"max":49},"vacunados":267365,"personasINE":387924,"porcentaje":0.6892200534125241},{"rango":{"min":50,"max":59},"vacunados":297649,"personasINE":350512,"porcentaje":0.849183480166157},{"rango":{"min":60,"max":69},"vacunados":192782,"personasINE":235091.99999999997,"porcentaje":0.8200279039695099},{"rango":{"min":70,"max":79},"vacunados":147347,"personasINE":154531,"porcentaje":0.9535109460237752},{"rango":{"min":80,"max":null},"vacunados":90381,"personasINE":90381,"porcentaje":1}]}}},{"ccaa":"Cantabria","dosisAdministradas":696260,"dosisEntregadas":736815,"dosisEntregadasModerna":67300,"dosisEntregadasPfizer":514365,"dosisEntregadasAstrazeneca":130200,"dosisEntregadasJanssen":24950,"dosisPrimeraDosis":385486,"dosisPautaCompletada":331616,"porcentajeEntregadas":0.9449590467077896,"porcentajePoblacionAdministradas":1.1944656504919327,"porcentajePoblacionPrimeraDosis":0.6613187397603383,"porcentajePoblacionCompletas":0.5689023082663556,"fechaUltRegistro":1627430400000,"etarios":{"unaDosis":{"etarioTotal":{"vacunados":385486,"personasINE":524127,"porcentaje":0.7354820491979998},"etarioRangos":[{"rango":{"min":12,"max":19},"vacunados":582,"personasINE":43963,"porcentaje":0.13062073062073062},{"rango":{"min":20,"max":29},"vacunados":6597,"personasINE":50505,"porcentaje":0.8361648375251869},{"rango":{"min":30,"max":39},"vacunados":41664,"personasINE":70473,"porcentaje":0.8361648375251869},{"rango":{"min":40,"max":49},"vacunados":81751,"personasINE":97769,"porcentaje":0.8361648375251869},{"rango":{"min":50,"max":59},"vacunados":81553,"personasINE":89964,"porcentaje":0.9065070472633497},{"rango":{"min":60,"max":69},"vacunados":75227,"personasINE":77345,"porcentaje":0.9726162001422199},{"rango":{"min":70,"max":79},"vacunados":55834,"personasINE":55834,"porcentaje":1},{"rango":{"min":80,"max":null},"vacunados":42278,"personasINE":42278,"porcentaje":1}]},"pautaCompleta":{"etarioTotal":{"vacunados":331616,"personasINE":524127,"porcentaje":0.6327016162113381},"etarioRangos":[{"rango":{"min":12,"max":19},"vacunados":212,"personasINE":43963,"porcentaje":0.1045045045045045},{"rango":{"min":20,"max":29},"vacunados":5278,"personasINE":50505,"porcentaje":0.7201566958851988},{"rango":{"min":30,"max":39},"vacunados":10295,"personasINE":70473,"porcentaje":0.7201566958851988},{"rango":{"min":40,"max":49},"vacunados":70409,"personasINE":97769,"porcentaje":0.7201566958851988},{"rango":{"min":50,"max":59},"vacunados":77234,"personasINE":89964,"porcentaje":0.8584989551376107},{"rango":{"min":60,"max":69},"vacunados":71005,"personasINE":77345,"porcentaje":0.9180296076023013},{"rango":{"min":70,"max":79},"vacunados":55417,"personasINE":55417,"porcentaje":1},{"rango":{"min":80,"max":null},"vacunados":41766,"personasINE":41766,"porcentaje":1}]}}},{"ccaa":"Castilla y Leon","dosisAdministradas":3024379,"dosisEntregadas":3210485,"dosisEntregadasModerna":305000,"dosisEntregadasPfizer":2288235,"dosisEntregadasAstrazeneca":514400,"dosisEntregadasJanssen":102850,"dosisPrimeraDosis":1692268,"dosisPautaCompletada":1477016,"porcentajeEntregadas":0.9420318113929826,"porcentajePoblacionAdministradas":1.2628319633490583,"porcentajePoblacionPrimeraDosis":0.7066079089137917,"porcentajePoblacionCompletas":0.6167292575361661,"fechaUltRegistro":1627430400000,"etarios":{"unaDosis":{"etarioTotal":{"vacunados":1692268,"personasINE":2176253,"porcentaje":0.7776062801521698},"etarioRangos":[{"rango":{"min":12,"max":19},"vacunados":3845,"personasINE":165342,"porcentaje":0.28952731201956344},{"rango":{"min":20,"max":29},"vacunados":61092,"personasINE":211006,"porcentaje":0.8449484592835221},{"rango":{"min":30,"max":39},"vacunados":185057,"personasINE":267783,"porcentaje":0.8449484592835221},{"rango":{"min":40,"max":49},"vacunados":306974,"personasINE":363305,"porcentaje":0.8449484592835221},{"rango":{"min":50,"max":59},"vacunados":342815,"personasINE":381175,"porcentaje":0.8993638092739555},{"rango":{"min":60,"max":69},"vacunados":314306,"personasINE":318575,"porcentaje":0.986599701797065},{"rango":{"min":70,"max":79},"vacunados":249401,"personasINE":249401,"porcentaje":1},{"rango":{"min":80,"max":null},"vacunados":228778,"personasINE":228778,"porcentaje":1}]},"pautaCompleta":{"etarioTotal":{"vacunados":1477016,"personasINE":2176253,"porcentaje":0.6786968243122468},"etarioRangos":[{"rango":{"min":12,"max":19},"vacunados":1229,"personasINE":165342,"porcentaje":0.12614807161881653},{"rango":{"min":20,"max":29},"vacunados":26618,"personasINE":211006,"porcentaje":0.7752054059261502},{"rango":{"min":30,"max":39},"vacunados":58904,"personasINE":267783,"porcentaje":0.7752054059261502},{"rango":{"min":40,"max":49},"vacunados":281636,"personasINE":363305,"porcentaje":0.7752054059261502},{"rango":{"min":50,"max":59},"vacunados":334758,"personasINE":381175,"porcentaje":0.87822653636781},{"rango":{"min":60,"max":69},"vacunados":300516,"personasINE":318575,"porcentaje":0.9433131915561485},{"rango":{"min":70,"max":79},"vacunados":247534,"personasINE":247534,"porcentaje":1},{"rango":{"min":80,"max":null},"vacunados":225821,"personasINE":225821,"porcentaje":1}]}}},{"ccaa":"Castilla La Mancha","dosisAdministradas":2401330,"dosisEntregadas":2508250,"dosisEntregadasModerna":240500,"dosisEntregadasPfizer":1717425,"dosisEntregadasAstrazeneca":460900,"dosisEntregadasJanssen":89425,"dosisPrimeraDosis":1366412,"dosisPautaCompletada":1108531,"porcentajeEntregadas":0.9573726701883783,"porcentajePoblacionAdministradas":1.1741176136955371,"porcentajePoblacionPrimeraDosis":0.6680999266093982,"porcentajePoblacionCompletas":0.5420103744289737,"fechaUltRegistro":1627430400000},{"ccaa":"Cataluña","dosisAdministradas":8866101,"dosisEntregadas":9324070,"dosisEntregadasModerna":895800,"dosisEntregadasPfizer":6336170,"dosisEntregadasAstrazeneca":1698100,"dosisEntregadasJanssen":394000,"dosisPrimeraDosis":4981294,"dosisPautaCompletada":4346522,"porcentajeEntregadas":0.950883144377938,"porcentajePoblacionAdministradas":1.1395315121344072,"porcentajePoblacionPrimeraDosis":0.6402297339276927,"porcentajePoblacionCompletas":0.5586445256133973,"fechaUltRegistro":1627430400000,"etarios":{"unaDosis":{"etarioTotal":{"vacunados":4981294,"personasINE":6868360,"porcentaje":0.7252523164190579},"etarioRangos":[{"rango":{"min":12,"max":19},"vacunados":133932,"personasINE":656166,"porcentaje":0.48659788899020784},{"rango":{"min":20,"max":29},"vacunados":408224,"personasINE":838935,"porcentaje":0.7821401855318567},{"rango":{"min":30,"max":39},"vacunados":591433,"personasINE":1044652.0000000001,"porcentaje":0.7821401855318567},{"rango":{"min":40,"max":49},"vacunados":1029887,"personasINE":1316755,"porcentaje":0.7821401855318567},{"rango":{"min":50,"max":59},"vacunados":971020,"personasINE":1091780,"porcentaje":0.8893916356775174},{"rango":{"min":60,"max":69},"vacunados":776301,"personasINE":837584,"porcentaje":0.926833607136717},{"rango":{"min":70,"max":79},"vacunados":613679,"personasINE":635292,"porcentaje":0.9659794236351158},{"rango":{"min":80,"max":null},"vacunados":456818,"personasINE":456818,"porcentaje":1}]},"pautaCompleta":{"etarioTotal":{"vacunados":4346522,"personasINE":6868360,"porcentaje":0.632832583032922},"etarioRangos":[{"rango":{"min":12,"max":19},"vacunados":33811,"personasINE":656166,"porcentaje":0.21160042196356094},{"rango":{"min":20,"max":29},"vacunados":177519,"personasINE":838935,"porcentaje":0.746832933993036},{"rango":{"min":30,"max":39},"vacunados":440112,"personasINE":1044652,"porcentaje":0.746832933993036},{"rango":{"min":40,"max":49},"vacunados":983396,"personasINE":1316755,"porcentaje":0.746832933993036},{"rango":{"min":50,"max":59},"vacunados":912149,"personasINE":1091780,"porcentaje":0.8354696001025848},{"rango":{"min":60,"max":69},"vacunados":744839,"personasINE":837584,"porcentaje":0.8892708074652811},{"rango":{"min":70,"max":79},"vacunados":605614,"personasINE":635292,"porcentaje":0.9532844739112093},{"rango":{"min":80,"max":null},"vacunados":449082,"personasINE":449082,"porcentaje":1}]}}},{"ccaa":"C. Valenciana","dosisAdministradas":5696891,"dosisEntregadas":5938440,"dosisEntregadasModerna":573000,"dosisEntregadasPfizer":4048390,"dosisEntregadasAstrazeneca":1009800,"dosisEntregadasJanssen":307250,"dosisPrimeraDosis":3241938,"dosisPautaCompletada":2656163,"porcentajeEntregadas":0.959324502731357,"porcentajePoblacionAdministradas":1.1264570616288798,"porcentajePoblacionPrimeraDosis":0.6410345491010812,"porcentajePoblacionCompletas":0.5252081474241564,"fechaUltRegistro":1627430400000,"etarios":{"unaDosis":{"etarioTotal":{"vacunados":3241938,"personasINE":4488459,"porcentaje":0.7222830820109976},"etarioRangos":[{"rango":{"min":12,"max":19},"vacunados":4532,"personasINE":424531,"porcentaje":0.24838120923960427},{"rango":{"min":20,"max":29},"vacunados":128196,"personasINE":516126,"porcentaje":0.839556217325749},{"rango":{"min":30,"max":39},"vacunados":415010,"personasINE":648759,"porcentaje":0.839556217325749},{"rango":{"min":40,"max":49},"vacunados":714956,"personasINE":851588,"porcentaje":0.839556217325749},{"rango":{"min":50,"max":59},"vacunados":699088,"personasINE":752334,"porcentaje":0.9292255833180476},{"rango":{"min":60,"max":69},"vacunados":552952,"personasINE":580728,"porcentaje":0.9521703792481162},{"rango":{"min":70,"max":79},"vacunados":431484,"personasINE":437862,"porcentaje":0.9854337668032394},{"rango":{"min":80,"max":null},"vacunados":295720,"personasINE":295720,"porcentaje":1}]},"pautaCompleta":{"etarioTotal":{"vacunados":2656163,"personasINE":4488459,"porcentaje":0.5917761530182185},"etarioRangos":[{"rango":{"min":12,"max":19},"vacunados":2558,"personasINE":424531,"porcentaje":0.10182397321584265},{"rango":{"min":20,"max":29},"vacunados":52554,"personasINE":516126,"porcentaje":0.7325326331512422},{"rango":{"min":30,"max":39},"vacunados":92552,"personasINE":648759,"porcentaje":0.7325326331512422},{"rango":{"min":40,"max":49},"vacunados":623816,"personasINE":851588,"porcentaje":0.7325326331512422},{"rango":{"min":50,"max":59},"vacunados":657500,"personasINE":752334,"porcentaje":0.8739469437776307},{"rango":{"min":60,"max":69},"vacunados":507721,"personasINE":580728,"porcentaje":0.874283657753716},{"rango":{"min":70,"max":79},"vacunados":427954,"personasINE":437862,"porcentaje":0.9773718660217146},{"rango":{"min":80,"max":null},"vacunados":291508,"personasINE":291508,"porcentaje":1}]}}},{"ccaa":"Extremadura","dosisAdministradas":1345639,"dosisEntregadas":1333285,"dosisEntregadasModerna":121900,"dosisEntregadasPfizer":937835,"dosisEntregadasAstrazeneca":228000,"dosisEntregadasJanssen":45550,"dosisPrimeraDosis":751210,"dosisPautaCompletada":659731,"porcentajeEntregadas":1.009265835886551,"porcentajePoblacionAdministradas":1.2647137606004584,"porcentajePoblacionPrimeraDosis":0.7060330624340335,"porcentajePoblacionCompletas":0.6200555081969986,"fechaUltRegistro":1627430400000,"etarios":{"unaDosis":{"etarioTotal":{"vacunados":751210,"personasINE":953437,"porcentaje":0.7878968405883137},"etarioRangos":[{"rango":{"min":12,"max":19},"vacunados":2207,"personasINE":84750,"porcentaje":0.39391104835863044},{"rango":{"min":20,"max":29},"vacunados":44638,"personasINE":113320,"porcentaje":0.8888296738435302},{"rango":{"min":30,"max":39},"vacunados":99608,"personasINE":133479,"porcentaje":0.8888296738435302},{"rango":{"min":40,"max":49},"vacunados":141763,"personasINE":159494,"porcentaje":0.8888296738435302},{"rango":{"min":50,"max":59},"vacunados":158234,"personasINE":169216,"porcentaje":0.9351006996974282},{"rango":{"min":60,"max":69},"vacunados":131026,"personasINE":131026,"porcentaje":1},{"rango":{"min":70,"max":79},"vacunados":95662,"personasINE":95662,"porcentaje":1},{"rango":{"min":80,"max":null},"vacunados":78072,"personasINE":78072,"porcentaje":1}]},"pautaCompleta":{"etarioTotal":{"vacunados":659731,"personasINE":953437,"porcentaje":0.6919502809309896},"etarioRangos":[{"rango":{"min":12,"max":19},"vacunados":606,"personasINE":84750,"porcentaje":0.11198376279562301},{"rango":{"min":20,"max":29},"vacunados":12690,"personasINE":113320,"porcentaje":0.8461384127302595},{"rango":{"min":30,"max":39},"vacunados":60659,"personasINE":133479,"porcentaje":0.8461384127302595},{"rango":{"min":40,"max":49},"vacunados":134954,"personasINE":159494,"porcentaje":0.8461384127302595},{"rango":{"min":50,"max":59},"vacunados":155624,"personasINE":169216,"porcentaje":0.9196766263237519},{"rango":{"min":60,"max":69},"vacunados":123433,"personasINE":125297,"porcentaje":0.9851233469276998},{"rango":{"min":70,"max":79},"vacunados":94832,"personasINE":94832,"porcentaje":1},{"rango":{"min":80,"max":null},"vacunados":76933,"personasINE":76933,"porcentaje":1}]}}},{"ccaa":"Galicia","dosisAdministradas":3473233,"dosisEntregadas":3527015,"dosisEntregadasModerna":323400,"dosisEntregadasPfizer":2492215,"dosisEntregadasAstrazeneca":595400,"dosisEntregadasJanssen":116000,"dosisPrimeraDosis":1896529,"dosisPautaCompletada":1726802,"porcentajeEntregadas":0.9847514116044304,"porcentajePoblacionAdministradas":1.2855165353415607,"porcentajePoblacionPrimeraDosis":0.7019452450367697,"porcentajePoblacionCompletas":0.6391257149350122,"fechaUltRegistro":1627430400000,"etarios":{"unaDosis":{"etarioTotal":{"vacunados":1896529,"personasINE":2454497,"porcentaje":0.7726752161440816},"etarioRangos":[{"rango":{"min":12,"max":19},"vacunados":3999,"personasINE":180007,"porcentaje":0.11762872270879424},{"rango":{"min":20,"max":29},"vacunados":27170,"personasINE":230981,"porcentaje":0.87853238000907},{"rango":{"min":30,"max":39},"vacunados":225199,"personasINE":323408,"porcentaje":0.87853238000907},{"rango":{"min":40,"max":49},"vacunados":389384,"personasINE":443221,"porcentaje":0.87853238000907},{"rango":{"min":50,"max":59},"vacunados":381194,"personasINE":405889,"porcentaje":0.9391582427708068},{"rango":{"min":60,"max":69},"vacunados":338539,"personasINE":346927,"porcentaje":0.9758220028997455},{"rango":{"min":70,"max":79},"vacunados":289720,"personasINE":289762,"porcentaje":0.9998550534576652},{"rango":{"min":80,"max":null},"vacunados":241324,"personasINE":241324,"porcentaje":1}]},"pautaCompleta":{"etarioTotal":{"vacunados":1726802,"personasINE":2454497,"porcentaje":0.7035258140466254},"etarioRangos":[{"rango":{"min":12,"max":19},"vacunados":603,"personasINE":180007,"porcentaje":0.08936232850321021},{"rango":{"min":20,"max":29},"vacunados":20641,"personasINE":230981.00000000003,"porcentaje":0.839263031309437},{"rango":{"min":30,"max":39},"vacunados":102035,"personasINE":323408,"porcentaje":0.839263031309437},{"rango":{"min":40,"max":49},"vacunados":371979,"personasINE":443221,"porcentaje":0.839263031309437},{"rango":{"min":50,"max":59},"vacunados":374663,"personasINE":405889,"porcentaje":0.9230676367184132},{"rango":{"min":60,"max":69},"vacunados":329084,"personasINE":346927,"porcentaje":0.9485684308226227},{"rango":{"min":70,"max":79},"vacunados":288335,"personasINE":289762,"porcentaje":0.9950752686687695},{"rango":{"min":80,"max":null},"vacunados":239462,"personasINE":239462,"porcentaje":1}]}}},{"ccaa":"La Rioja","dosisAdministradas":363396,"dosisEntregadas":389205,"dosisEntregadasModerna":36300,"dosisEntregadasPfizer":277355,"dosisEntregadasAstrazeneca":61400,"dosisEntregadasJanssen":14150,"dosisPrimeraDosis":211740,"dosisPautaCompletada":175889,"porcentajeEntregadas":0.9336879022623039,"porcentajePoblacionAdministradas":1.1359177779028113,"porcentajePoblacionPrimeraDosis":0.661865376319886,"porcentajePoblacionCompletas":0.5498008839875717,"fechaUltRegistro":1627430400000,"etarios":{"unaDosis":{"etarioTotal":{"vacunados":211740,"personasINE":283970,"porcentaje":0.7456421452970384},"etarioRangos":[{"rango":{"min":12,"max":19},"vacunados":461,"personasINE":25532,"porcentaje":0.2906625517105522},{"rango":{"min":20,"max":29},"vacunados":8853,"personasINE":30458,"porcentaje":0.8389332728955371},{"rango":{"min":30,"max":39},"vacunados":25268,"personasINE":39319,"porcentaje":0.8389332728955371},{"rango":{"min":40,"max":49},"vacunados":44419,"personasINE":52947,"porcentaje":0.8389332728955371},{"rango":{"min":50,"max":59},"vacunados":43678,"personasINE":47664,"porcentaje":0.9163729439409197},{"rango":{"min":60,"max":69},"vacunados":37147,"personasINE":37718,"porcentaje":0.9848613394135426},{"rango":{"min":70,"max":79},"vacunados":28573,"personasINE":28573,"porcentaje":1},{"rango":{"min":80,"max":null},"vacunados":23341,"personasINE":23341,"porcentaje":1}]},"pautaCompleta":{"etarioTotal":{"vacunados":175889,"personasINE":283970,"porcentaje":0.6193928936155227},"etarioRangos":[{"rango":{"min":12,"max":19},"vacunados":201,"personasINE":25532,"porcentaje":0.13999606014840107},{"rango":{"min":20,"max":29},"vacunados":4264,"personasINE":30458,"porcentaje":0.6505373297826128},{"rango":{"min":30,"max":39},"vacunados":8026,"personasINE":39319,"porcentaje":0.6505373297826128},{"rango":{"min":40,"max":49},"vacunados":34444,"personasINE":52947,"porcentaje":0.6505373297826128},{"rango":{"min":50,"max":59},"vacunados":42309,"personasINE":47664,"porcentaje":0.8876510574018127},{"rango":{"min":60,"max":69},"vacunados":35162,"personasINE":37718,"porcentaje":0.9322339466567686},{"rango":{"min":70,"max":79},"vacunados":28410,"personasINE":28410,"porcentaje":1},{"rango":{"min":80,"max":null},"vacunados":23073,"personasINE":23073,"porcentaje":1}]}}},{"ccaa":"Madrid","dosisAdministradas":7629346,"dosisEntregadas":7901145,"dosisEntregadasModerna":825900,"dosisEntregadasPfizer":5424045,"dosisEntregadasAstrazeneca":1309400,"dosisEntregadasJanssen":341800,"dosisPrimeraDosis":4528152,"dosisPautaCompletada":3655006,"porcentajeEntregadas":0.9656000491068066,"porcentajePoblacionAdministradas":1.1252908602619984,"porcentajePoblacionPrimeraDosis":0.6678800593756121,"porcentajePoblacionCompletas":0.5390953360881477,"fechaUltRegistro":1627430400000,"etarios":{"unaDosis":{"etarioTotal":{"vacunados":4528152,"personasINE":5977937,"porcentaje":0.7574773705376955},"etarioRangos":[{"rango":{"min":12,"max":19},"vacunados":85933,"personasINE":553542,"porcentaje":0.5510555910973434},{"rango":{"min":20,"max":29},"vacunados":409145,"personasINE":742475,"porcentaje":0.8223575028881507},{"rango":{"min":30,"max":39},"vacunados":605247,"personasINE":949640,"porcentaje":0.8223575028881507},{"rango":{"min":40,"max":49},"vacunados":958845,"personasINE":1165971,"porcentaje":0.8223575028881507},{"rango":{"min":50,"max":59},"vacunados":911993,"personasINE":972783,"porcentaje":0.9375091875577596},{"rango":{"min":60,"max":69},"vacunados":676500,"personasINE":703323,"porcentaje":0.9618624728609757},{"rango":{"min":70,"max":79},"vacunados":507985,"personasINE":526081,"porcentaje":0.9656022551660296},{"rango":{"min":80,"max":null},"vacunados":372504,"personasINE":372504,"porcentaje":1}]},"pautaCompleta":{"etarioTotal":{"vacunados":3655006,"personasINE":5977937,"porcentaje":0.6114159449990858},"etarioRangos":[{"rango":{"min":12,"max":19},"vacunados":14991,"personasINE":553542,"porcentaje":0.1862837132563386},{"rango":{"min":20,"max":29},"vacunados":138311,"personasINE":742475,"porcentaje":0.698782388241217},{"rango":{"min":30,"max":39},"vacunados":277726,"personasINE":949640.0000000001,"porcentaje":0.698782388241217},{"rango":{"min":40,"max":49},"vacunados":814760,"personasINE":1165971,"porcentaje":0.698782388241217},{"rango":{"min":50,"max":59},"vacunados":887042,"personasINE":972783,"porcentaje":0.9118600962393463},{"rango":{"min":60,"max":69},"vacunados":648916,"personasINE":703323,"porcentaje":0.9226429393038476},{"rango":{"min":70,"max":79},"vacunados":504551,"personasINE":526081,"porcentaje":0.9590747432429607},{"rango":{"min":80,"max":null},"vacunados":368709,"personasINE":368709,"porcentaje":1}]}}},{"ccaa":"Murcia","dosisAdministradas":1665451,"dosisEntregadas":1734145,"dosisEntregadasModerna":185000,"dosisEntregadasPfizer":1201145,"dosisEntregadasAstrazeneca":259900,"dosisEntregadasJanssen":88100,"dosisPrimeraDosis":962897,"dosisPautaCompletada":764722,"porcentajeEntregadas":0.9603873955176758,"porcentajePoblacionAdministradas":1.1020346719373553,"porcentajePoblacionPrimeraDosis":0.6371522665659113,"porcentajePoblacionCompletas":0.5060191854298194,"fechaUltRegistro":1627430400000,"etarios":{"unaDosis":{"etarioTotal":{"vacunados":962897,"personasINE":1310137,"porcentaje":0.7349590157365222},"etarioRangos":[{"rango":{"min":12,"max":19},"vacunados":2013,"personasINE":141894,"porcentaje":0.5190597278342854},{"rango":{"min":20,"max":29},"vacunados":89407,"personasINE":172248,"porcentaje":0.8478774930456372},{"rango":{"min":30,"max":39},"vacunados":137633,"personasINE":209003,"porcentaje":0.8478774930456372},{"rango":{"min":40,"max":49},"vacunados":215494,"personasINE":254156.99999999997,"porcentaje":0.8478774930456372},{"rango":{"min":50,"max":59},"vacunados":199694,"personasINE":213256,"porcentaje":0.9364050718385415},{"rango":{"min":60,"max":69},"vacunados":142917,"personasINE":146909,"porcentaje":0.9728267158581162},{"rango":{"min":70,"max":79},"vacunados":102175,"personasINE":102899,"porcentaje":0.992963974382647},{"rango":{"min":80,"max":null},"vacunados":73564,"personasINE":73564,"porcentaje":1}]},"pautaCompleta":{"etarioTotal":{"vacunados":764722,"personasINE":1310137,"porcentaje":0.5836962088697594},"etarioRangos":[{"rango":{"min":12,"max":19},"vacunados":1508,"personasINE":141894,"porcentaje":0.1310494171195021},{"rango":{"min":20,"max":29},"vacunados":22573,"personasINE":172248,"porcentaje":0.7547106709632235},{"rango":{"min":30,"max":39},"vacunados":66003,"personasINE":209003.00000000003,"porcentaje":0.7547106709632235},{"rango":{"min":40,"max":49},"vacunados":191815,"personasINE":254157,"porcentaje":0.7547106709632235},{"rango":{"min":50,"max":59},"vacunados":186573,"personasINE":213256,"porcentaje":0.8748780808042915},{"rango":{"min":60,"max":69},"vacunados":124650,"personasINE":146909,"porcentaje":0.8484844359433391},{"rango":{"min":70,"max":79},"vacunados":99248,"personasINE":102899,"porcentaje":0.9645186056229895},{"rango":{"min":80,"max":null},"vacunados":72352,"personasINE":72352,"porcentaje":1}]}}},{"ccaa":"Navarra","dosisAdministradas":778052,"dosisEntregadas":806435,"dosisEntregadasModerna":81200,"dosisEntregadasPfizer":550635,"dosisEntregadasAstrazeneca":145700,"dosisEntregadasJanssen":28900,"dosisPrimeraDosis":440402,"dosisPautaCompletada":381223,"porcentajeEntregadas":0.9648043549697124,"porcentajePoblacionAdministradas":1.1767325018111092,"porcentajePoblacionPrimeraDosis":0.6660677528784916,"porcentajePoblacionCompletas":0.5765649269431047,"fechaUltRegistro":1627430400000,"etarios":{"unaDosis":{"etarioTotal":{"vacunados":440402,"personasINE":581354,"porcentaje":0.7575453166229182},"etarioRangos":[{"rango":{"min":12,"max":19},"vacunados":5380,"personasINE":56388,"porcentaje":0.5032072452918813},{"rango":{"min":20,"max":29},"vacunados":34282,"personasINE":68127,"porcentaje":0.836077109683154},{"rango":{"min":30,"max":39},"vacunados":53538,"personasINE":81341,"porcentaje":0.836077109683154},{"rango":{"min":40,"max":49},"vacunados":90298,"personasINE":108002,"porcentaje":0.836077109683154},{"rango":{"min":50,"max":59},"vacunados":88652,"personasINE":96694,"porcentaje":0.9168304134692948},{"rango":{"min":60,"max":69},"vacunados":70122,"personasINE":73844,"porcentaje":0.9495964465630248},{"rango":{"min":70,"max":79},"vacunados":55715,"personasINE":55792,"porcentaje":0.9986198738170347},{"rango":{"min":80,"max":null},"vacunados":42415,"personasINE":42415,"porcentaje":1}]},"pautaCompleta":{"etarioTotal":{"vacunados":381223,"personasINE":581354,"porcentaje":0.6557501969540074},"etarioRangos":[{"rango":{"min":12,"max":19},"vacunados":963,"personasINE":56388.00000000001,"porcentaje":0.1683913866748866},{"rango":{"min":20,"max":29},"vacunados":11472,"personasINE":68127,"porcentaje":0.7982907723931039},{"rango":{"min":30,"max":39},"vacunados":33484,"personasINE":81341,"porcentaje":0.7982907723931039},{"rango":{"min":40,"max":49},"vacunados":86217,"personasINE":108002,"porcentaje":0.7982907723931039},{"rango":{"min":50,"max":59},"vacunados":86769,"personasINE":96694,"porcentaje":0.8973566095104143},{"rango":{"min":60,"max":69},"vacunados":64920,"personasINE":73844,"porcentaje":0.8791506418937219},{"rango":{"min":70,"max":79},"vacunados":55478,"personasINE":55792,"porcentaje":0.9943719529681675},{"rango":{"min":80,"max":null},"vacunados":41920,"personasINE":41920,"porcentaje":1}]}}},{"ccaa":"País Vasco","dosisAdministradas":2701837,"dosisEntregadas":2817420,"dosisEntregadasModerna":251400,"dosisEntregadasPfizer":1918620,"dosisEntregadasAstrazeneca":549600,"dosisEntregadasJanssen":97800,"dosisPrimeraDosis":1480354,"dosisPautaCompletada":1366478,"porcentajeEntregadas":0.9589755875943239,"porcentajePoblacionAdministradas":1.2167674545958935,"porcentajePoblacionPrimeraDosis":0.6666747729344329,"porcentajePoblacionCompletas":0.6153909202595447,"fechaUltRegistro":1627430400000,"etarios":{"unaDosis":{"etarioTotal":{"vacunados":1480354,"personasINE":1983943,"porcentaje":0.7461676066298276},"etarioRangos":[{"rango":{"min":12,"max":19},"vacunados":11868,"personasINE":168606,"porcentaje":0.2679448629015451},{"rango":{"min":20,"max":29},"vacunados":54000,"personasINE":201534.00000000003,"porcentaje":0.8237222236029305},{"rango":{"min":30,"max":39},"vacunados":156137,"personasINE":260543,"porcentaje":0.8237222236029305},{"rango":{"min":40,"max":49},"vacunados":298297,"personasINE":362133,"porcentaje":0.8237222236029305},{"rango":{"min":50,"max":59},"vacunados":310026,"personasINE":339977,"porcentaje":0.9119028640172717},{"rango":{"min":60,"max":69},"vacunados":273442,"personasINE":280119,"porcentaje":0.9761637018552829},{"rango":{"min":70,"max":79},"vacunados":212908,"personasINE":213081,"porcentaje":0.9991881021771064},{"rango":{"min":80,"max":null},"vacunados":163676,"personasINE":163676,"porcentaje":1}]},"pautaCompleta":{"etarioTotal":{"vacunados":1366478,"personasINE":1983943,"porcentaje":0.6887687801514459},"etarioRangos":[{"rango":{"min":12,"max":19},"vacunados":3010,"personasINE":168606,"porcentaje":0.1597993390693382},{"rango":{"min":20,"max":29},"vacunados":32205,"personasINE":201534,"porcentaje":0.7950145388572707},{"rango":{"min":30,"max":39},"vacunados":99207,"personasINE":260543.00000000003,"porcentaje":0.7950145388572707},{"rango":{"min":40,"max":49},"vacunados":287901,"personasINE":362133,"porcentaje":0.7950145388572707},{"rango":{"min":50,"max":59},"vacunados":305283,"personasINE":339977,"porcentaje":0.8979519202769599},{"rango":{"min":60,"max":69},"vacunados":266311,"personasINE":280119,"porcentaje":0.950706663953534},{"rango":{"min":70,"max":79},"vacunados":211274,"personasINE":213081,"porcentaje":0.9915196568441109},{"rango":{"min":80,"max":null},"vacunados":161287,"personasINE":157950,"porcentaje":1.0211269389047166}]}}},{"ccaa":"Ceuta","dosisAdministradas":91576,"dosisEntregadas":102620,"dosisEntregadasModerna":11700,"dosisEntregadasPfizer":68670,"dosisEntregadasAstrazeneca":18100,"dosisEntregadasJanssen":4150,"dosisPrimeraDosis":51144,"dosisPautaCompletada":45671,"porcentajeEntregadas":0.8923796530890664,"porcentajePoblacionAdministradas":1.0875751169805943,"porcentajePoblacionPrimeraDosis":0.6073964988955132,"porcentajePoblacionCompletas":0.5423980428018337,"fechaUltRegistro":1627430400000,"etarios":{"unaDosis":{"etarioTotal":{"vacunados":51144,"personasINE":70965,"porcentaje":0.7206932995138449},"etarioRangos":[{"rango":{"min":12,"max":19},"vacunados":3085,"personasINE":9126,"porcentaje":0.6359077231695085},{"rango":{"min":20,"max":29},"vacunados":6974,"personasINE":10967,"porcentaje":0.7899857617465591},{"rango":{"min":30,"max":39},"vacunados":7684,"personasINE":11894,"porcentaje":0.7899857617465591},{"rango":{"min":40,"max":49},"vacunados":9987,"personasINE":12642,"porcentaje":0.7899857617465591},{"rango":{"min":50,"max":59},"vacunados":9874,"personasINE":11556,"porcentaje":0.854447905849775},{"rango":{"min":60,"max":69},"vacunados":7340,"personasINE":7857,"porcentaje":0.9341988036146112},{"rango":{"min":70,"max":79},"vacunados":3826,"personasINE":4318,"porcentaje":0.8860583603520148},{"rango":{"min":80,"max":null},"vacunados":2374,"personasINE":2605,"porcentaje":0.9113243761996161}]},"pautaCompleta":{"etarioTotal":{"vacunados":45671,"personasINE":70965,"porcentaje":0.6435707743253717},"etarioRangos":[{"rango":{"min":12,"max":19},"vacunados":1465,"personasINE":9126,"porcentaje":0.46658156287042946},{"rango":{"min":20,"max":29},"vacunados":5117,"personasINE":10967,"porcentaje":0.7603227337446606},{"rango":{"min":30,"max":39},"vacunados":6886,"personasINE":11894,"porcentaje":0.7603227337446606},{"rango":{"min":40,"max":49},"vacunados":9612,"personasINE":12642,"porcentaje":0.7603227337446606},{"rango":{"min":50,"max":59},"vacunados":9631,"personasINE":11556,"porcentaje":0.8334198684665974},{"rango":{"min":60,"max":69},"vacunados":6828,"personasINE":7857.000000000001,"porcentaje":0.8690339824360442},{"rango":{"min":70,"max":79},"vacunados":3787,"personasINE":4318,"porcentaje":0.8770264011116258},{"rango":{"min":80,"max":null},"vacunados":2345,"personasINE":2605,"porcentaje":0.9001919385796545}]}}},{"ccaa":"Melilla","dosisAdministradas":83183,"dosisEntregadas":100420,"dosisEntregadasModerna":11400,"dosisEntregadasPfizer":68670,"dosisEntregadasAstrazeneca":15100,"dosisEntregadasJanssen":5250,"dosisPrimeraDosis":48419,"dosisPautaCompletada":41929,"porcentajeEntregadas":0.8283509261103366,"porcentajePoblacionAdministradas":0.9552919288897056,"porcentajePoblacionPrimeraDosis":0.5560544811429097,"porcentajePoblacionCompletas":0.48152188892461756,"fechaUltRegistro":1627430400000,"etarios":{"unaDosis":{"etarioTotal":{"vacunados":48419,"personasINE":70927,"porcentaje":0.6826596359637374},"etarioRangos":[{"rango":{"min":12,"max":19},"vacunados":3069,"personasINE":9574,"porcentaje":0.5814922884535223},{"rango":{"min":20,"max":29},"vacunados":6975,"personasINE":11995,"porcentaje":0.7833694384269289},{"rango":{"min":30,"max":39},"vacunados":7551,"personasINE":12133,"porcentaje":0.7833694384269289},{"rango":{"min":40,"max":49},"vacunados":9402,"personasINE":12002,"porcentaje":0.7833694384269289},{"rango":{"min":50,"max":59},"vacunados":9257,"personasINE":11299,"porcentaje":0.819276042127622},{"rango":{"min":60,"max":69},"vacunados":6919,"personasINE":7826.999999999999,"porcentaje":0.8839913121246966},{"rango":{"min":70,"max":79},"vacunados":3262,"personasINE":3748,"porcentaje":0.8703308431163287},{"rango":{"min":80,"max":null},"vacunados":1984,"personasINE":2349,"porcentaje":0.844614729672201}]},"pautaCompleta":{"etarioTotal":{"vacunados":41929,"personasINE":70927,"porcentaje":0.5911571051926628},"etarioRangos":[{"rango":{"min":12,"max":19},"vacunados":569,"personasINE":9574,"porcentaje":0.3866611087953314},{"rango":{"min":20,"max":29},"vacunados":4638,"personasINE":11995,"porcentaje":0.7560406598900183},{"rango":{"min":30,"max":39},"vacunados":6850,"personasINE":12133.000000000002,"porcentaje":0.7560406598900183},{"rango":{"min":40,"max":49},"vacunados":9074,"personasINE":12002,"porcentaje":0.7560406598900183},{"rango":{"min":50,"max":59},"vacunados":8992,"personasINE":11299,"porcentaje":0.7958226391716081},{"rango":{"min":60,"max":69},"vacunados":6700,"personasINE":7827.000000000001,"porcentaje":0.8560112431327456},{"rango":{"min":70,"max":79},"vacunados":3183,"personasINE":3748,"porcentaje":0.8492529348986126},{"rango":{"min":80,"max":null},"vacunados":1923,"personasINE":2349,"porcentaje":0.8186462324393359}]}}},{"ccaa":"Fuerzas Armadas","dosisAdministradas":165435,"dosisEntregadas":195768,"dosisEntregadasModerna":38300,"dosisEntregadasPfizer":49368,"dosisEntregadasAstrazeneca":106100,"dosisEntregadasJanssen":2000,"dosisPrimeraDosis":89326,"dosisPautaCompletada":77267,"porcentajeEntregadas":0.8450563932818438,"porcentajePoblacionAdministradas":null,"porcentajePoblacionPrimeraDosis":null,"porcentajePoblacionCompletas":null,"fechaUltRegistro":1627430400000},{"ccaa":"Sanidad Exterior","dosisAdministradas":3671,"dosisEntregadas":6460,"dosisEntregadasModerna":3930,"dosisEntregadasPfizer":0,"dosisEntregadasAstrazeneca":0,"dosisEntregadasJanssen":2530,"dosisPrimeraDosis":2841,"dosisPautaCompletada":2390,"porcentajeEntregadas":0.5682662538699691,"porcentajePoblacionAdministradas":null,"porcentajePoblacionPrimeraDosis":null,"porcentajePoblacionCompletas":null,"fechaUltRegistro":1627344000000,"etarios":{"unaDosis":{"etarioTotal":{"vacunados":2841,"personasINE":"-","porcentaje":"-"},"etarioRangos":[{"rango":{"min":12,"max":19},"vacunados":77,"personasINE":null,"porcentaje":"-"},{"rango":{"min":20,"max":29},"vacunados":704,"personasINE":null,"porcentaje":"-"},{"rango":{"min":30,"max":39},"vacunados":788,"personasINE":null,"porcentaje":"-"},{"rango":{"min":40,"max":49},"vacunados":726,"personasINE":null,"porcentaje":"-"},{"rango":{"min":50,"max":59},"vacunados":384,"personasINE":null,"porcentaje":"-"},{"rango":{"min":60,"max":69},"vacunados":125,"personasINE":null,"porcentaje":"-"},{"rango":{"min":70,"max":79},"vacunados":21,"personasINE":null,"porcentaje":"-"},{"rango":{"min":80,"max":null},"vacunados":16,"personasINE":null,"porcentaje":"-"}]},"pautaCompleta":{"etarioTotal":{"vacunados":2390,"personasINE":"-","porcentaje":"-"},"etarioRangos":[{"rango":{"min":12,"max":19},"vacunados":38,"personasINE":null,"porcentaje":"-"},{"rango":{"min":20,"max":29},"vacunados":537,"personasINE":null,"porcentaje":"-"},{"rango":{"min":30,"max":39},"vacunados":654,"personasINE":null,"porcentaje":"-"},{"rango":{"min":40,"max":49},"vacunados":656,"personasINE":null,"porcentaje":"-"},{"rango":{"min":50,"max":59},"vacunados":360,"personasINE":null,"porcentaje":"-"},{"rango":{"min":60,"max":69},"vacunados":111,"personasINE":null,"porcentaje":"-"},{"rango":{"min":70,"max":79},"vacunados":19,"personasINE":null,"porcentaje":"-"},{"rango":{"min":80,"max":null},"vacunados":15,"personasINE":null,"porcentaje":"-"}]}}},{"ccaa":"Totales","dosisAdministradas":55713142,"dosisEntregadas":57665938,"dosisEntregadasModerna":5702430,"dosisEntregadasPfizer":39356103,"dosisEntregadasAstrazeneca":10189600,"dosisEntregadasJanssen":2417805,"dosisPrimeraDosis":31592444,"dosisPautaCompletada":26694887,"porcentajeEntregadas":0.9661360576498382,"porcentajePoblacionAdministradas":1.1869011930123563,"porcentajePoblacionPrimeraDosis":0.6730388581167448,"porcentajePoblacionCompletas":0.5687023221133362,"fechaUltRegistro":null,"etarios":{"unaDosis":{"etarioTotal":{"vacunados":31592444,"personasINE":42119827,"porcentaje":0.7500611054266676},"etarioRangos":[{"rango":{"min":12,"max":19},"vacunados":412794,"personasINE":3888686,"porcentaje":0.4457001925317111},{"rango":{"min":20,"max":29},"vacunados":2203827,"personasINE":4944640,"porcentaje":0.8258930828536227},{"rango":{"min":30,"max":39},"vacunados":4021568,"personasINE":6230403,"porcentaje":0.8258930828536227},{"rango":{"min":40,"max":49},"vacunados":6517731,"personasINE":7891737,"porcentaje":0.8258930828536227},{"rango":{"min":50,"max":59},"vacunados":6444396,"personasINE":7033306,"porcentaje":0.9162683949767009},{"rango":{"min":60,"max":69},"vacunados":5148689,"personasINE":5336986,"porcentaje":0.9647184759337949},{"rango":{"min":70,"max":79},"vacunados":3917917,"personasINE":3960045,"porcentaje":0.9893617370509679},{"rango":{"min":80,"max":null},"vacunados":2925522,"personasINE":2925522,"porcentaje":1}]},"pautaCompleta":{"etarioTotal":{"vacunados":26694887,"personasINE":42119827,"porcentaje":0.6337843457904041},"etarioRangos":[{"rango":{"min":12,"max":19},"vacunados":92066,"personasINE":3888686,"porcentaje":0.1600658490810251},{"rango":{"min":20,"max":29},"vacunados":791468,"personasINE":4944640,"porcentaje":0.7541732574210215},{"rango":{"min":30,"max":39},"vacunados":2151874,"personasINE":6230403,"porcentaje":0.7541732574210215},{"rango":{"min":40,"max":49},"vacunados":5951737,"personasINE":7891737,"porcentaje":0.7541732574210215},{"rango":{"min":50,"max":59},"vacunados":6163553,"personasINE":7033306,"porcentaje":0.8763379554366041},{"rango":{"min":60,"max":69},"vacunados":4778703,"personasINE":5336986,"porcentaje":0.8953935798220194},{"rango":{"min":70,"max":79},"vacunados":3880867,"personasINE":3960045,"porcentaje":0.9800057827625697},{"rango":{"min":80,"max":null},"vacunados":2884619,"personasINE":2884619,"porcentaje":1}]}}}]