[{"ccaa":"Andalucía","dosisAdministradas":13485538,"dosisEntregadas":13817630,"dosisEntregadasModerna":2019500,"dosisEntregadasPfizer":9935730,"dosisEntregadasAstrazeneca":1528900,"dosisEntregadasJanssen":333500,"dosisPrimeraDosis":6871390,"dosisPautaCompletada":6770042,"porcentajeEntregadas":0.9759660665396309,"porcentajePoblacionAdministradas":1.5932045360273739,"porcentajePoblacionPrimeraDosis":0.8117977730523719,"porcentajePoblacionCompletas":0.7998243469037598,"fechaUltRegistro":1637107200000,"etarios":{"unaDosis":{"etarioTotal":{"vacunados":6871390,"personasINE":7451975,"porcentaje":0.9220897815679736},"etarioRangos":[{"rango":{"min":12,"max":19},"vacunados":673847,"personasINE":752907,"porcentaje":0.8317188415285482},{"rango":{"min":20,"max":29},"vacunados":772394,"personasINE":928672,"porcentaje":0.9054908115866275},{"rango":{"min":30,"max":39},"vacunados":934718,"personasINE":1140217,"porcentaje":0.9054908115866275},{"rango":{"min":40,"max":49},"vacunados":1254208,"personasINE":1385114,"porcentaje":0.9054908115866275},{"rango":{"min":50,"max":59},"vacunados":1217602,"personasINE":1265021,"porcentaje":0.9625152467824645},{"rango":{"min":60,"max":69},"vacunados":930376,"personasINE":930376,"porcentaje":1},{"rango":{"min":70,"max":79},"vacunados":654132,"personasINE":654132,"porcentaje":1},{"rango":{"min":80,"max":null},"vacunados":434113,"personasINE":434113,"porcentaje":1}]},"pautaCompleta":{"etarioTotal":{"vacunados":6770042,"personasINE":7451975,"porcentaje":0.9084896285883943},"etarioRangos":[{"rango":{"min":12,"max":19},"vacunados":657383,"personasINE":752907,"porcentaje":0.8059282502325902},{"rango":{"min":20,"max":29},"vacunados":748443,"personasINE":928672,"porcentaje":0.8957638143863971},{"rango":{"min":30,"max":39},"vacunados":913220,"personasINE":1140217,"porcentaje":0.8957638143863971},{"rango":{"min":40,"max":49},"vacunados":1240735,"personasINE":1385114,"porcentaje":0.8957638143863971},{"rango":{"min":50,"max":59},"vacunados":1208079,"personasINE":1265021,"porcentaje":0.954987308511084},{"rango":{"min":60,"max":69},"vacunados":922766,"personasINE":916147,"porcentaje":1.0072248230906176},{"rango":{"min":70,"max":79},"vacunados":650180,"personasINE":650381,"porcentaje":0.9996909503813919},{"rango":{"min":80,"max":null},"vacunados":429236,"personasINE":429236,"porcentaje":1}]}}},{"ccaa":"Aragón","dosisAdministradas":2103396,"dosisEntregadas":2198832,"dosisEntregadasModerna":293920,"dosisEntregadasPfizer":1577037,"dosisEntregadasAstrazeneca":264060,"dosisEntregadasJanssen":63815,"dosisPrimeraDosis":1069494,"dosisPautaCompletada":1051592,"porcentajeEntregadas":0.9565969569298609,"porcentajePoblacionAdministradas":1.5822252444916507,"porcentajePoblacionPrimeraDosis":0.8044992030185251,"porcentajePoblacionCompletas":0.7910328864871208,"fechaUltRegistro":1637107200000,"etarios":{"unaDosis":{"etarioTotal":{"vacunados":1069494,"personasINE":1185134,"porcentaje":0.9024245359596468},"etarioRangos":[{"rango":{"min":12,"max":19},"vacunados":88631,"personasINE":103109,"porcentaje":0.8020720699994632},{"rango":{"min":20,"max":29},"vacunados":104591,"personasINE":130401,"porcentaje":0.876060164787874},{"rango":{"min":30,"max":39},"vacunados":126299,"personasINE":164286,"porcentaje":0.876060164787874},{"rango":{"min":40,"max":49},"vacunados":188303,"personasINE":214943,"porcentaje":0.876060164787874},{"rango":{"min":50,"max":59},"vacunados":186253,"personasINE":198266,"porcentaje":0.939409681942441},{"rango":{"min":60,"max":69},"vacunados":154675,"personasINE":156367,"porcentaje":0.9891793025382594},{"rango":{"min":70,"max":79},"vacunados":119373,"personasINE":119373,"porcentaje":1},{"rango":{"min":80,"max":null},"vacunados":101369,"personasINE":101369,"porcentaje":1}]},"pautaCompleta":{"etarioTotal":{"vacunados":1051592,"personasINE":1185134,"porcentaje":0.8873190710923828},"etarioRangos":[{"rango":{"min":12,"max":19},"vacunados":85940,"personasINE":103109,"porcentaje":0.775461844617756},{"rango":{"min":20,"max":29},"vacunados":101121,"personasINE":130401,"porcentaje":0.8642709927748287},{"rango":{"min":30,"max":39},"vacunados":123028,"personasINE":164286,"porcentaje":0.8642709927748287},{"rango":{"min":40,"max":49},"vacunados":185769,"personasINE":214943,"porcentaje":0.8642709927748287},{"rango":{"min":50,"max":59},"vacunados":184256,"personasINE":198266,"porcentaje":0.9293373548666942},{"rango":{"min":60,"max":69},"vacunados":152736,"personasINE":156367,"porcentaje":0.9767789878938651},{"rango":{"min":70,"max":79},"vacunados":118666,"personasINE":118955,"porcentaje":0.9975705098566685},{"rango":{"min":80,"max":null},"vacunados":100076,"personasINE":100076,"porcentaje":1}]}}},{"ccaa":"Asturias","dosisAdministradas":1774441,"dosisEntregadas":1762945,"dosisEntregadasModerna":162000,"dosisEntregadasPfizer":1337045,"dosisEntregadasAstrazeneca":220900,"dosisEntregadasJanssen":43000,"dosisPrimeraDosis":874127,"dosisPautaCompletada":866455,"porcentajeEntregadas":1.0065209067781469,"porcentajePoblacionAdministradas":1.741724447969344,"porcentajePoblacionPrimeraDosis":0.8580101375757766,"porcentajePoblacionCompletas":0.8504795913559695,"fechaUltRegistro":1637107200000,"etarios":{"unaDosis":{"etarioTotal":{"vacunados":874127,"personasINE":933927,"porcentaje":0.9359692995276933},"etarioRangos":[{"rango":{"min":12,"max":19},"vacunados":60641,"personasINE":64000,"porcentaje":0.8438143873797576},{"rango":{"min":20,"max":29},"vacunados":66755,"personasINE":79111,"porcentaje":0.9030318636110496},{"rango":{"min":30,"max":39},"vacunados":91117,"personasINE":114451,"porcentaje":0.9030318636110496},{"rango":{"min":40,"max":49},"vacunados":150800,"personasINE":166993,"porcentaje":0.9030318636110496},{"rango":{"min":50,"max":59},"vacunados":153268,"personasINE":162645,"porcentaje":0.9423468289833686},{"rango":{"min":60,"max":69},"vacunados":148224,"personasINE":149652,"porcentaje":0.9904578622403977},{"rango":{"min":70,"max":79},"vacunados":114357,"personasINE":114357,"porcentaje":1},{"rango":{"min":80,"max":null},"vacunados":88965,"personasINE":88965,"porcentaje":1}]},"pautaCompleta":{"etarioTotal":{"vacunados":866455,"personasINE":933927,"porcentaje":0.9277545247112462},"etarioRangos":[{"rango":{"min":12,"max":19},"vacunados":59666,"personasINE":64000,"porcentaje":0.8242595846342481},{"rango":{"min":20,"max":29},"vacunados":65208,"personasINE":79111,"porcentaje":0.8977082871737139},{"rango":{"min":30,"max":39},"vacunados":89622,"personasINE":114451,"porcentaje":0.8977082871737139},{"rango":{"min":40,"max":49},"vacunados":149911,"personasINE":166993,"porcentaje":0.8977082871737139},{"rango":{"min":50,"max":59},"vacunados":152518,"personasINE":162645,"porcentaje":0.9377355590396261},{"rango":{"min":60,"max":69},"vacunados":147427,"personasINE":149652,"porcentaje":0.9851321733087429},{"rango":{"min":70,"max":79},"vacunados":113920,"personasINE":113920,"porcentaje":1},{"rango":{"min":80,"max":null},"vacunados":88183,"personasINE":88183,"porcentaje":1}]}}},{"ccaa":"Baleares","dosisAdministradas":1682803,"dosisEntregadas":1938050,"dosisEntregadasModerna":305100,"dosisEntregadasPfizer":1318950,"dosisEntregadasAstrazeneca":256400,"dosisEntregadasJanssen":57600,"dosisPrimeraDosis":863330,"dosisPautaCompletada":847481,"porcentajeEntregadas":0.8682969995614148,"porcentajePoblacionAdministradas":1.4363988346991958,"porcentajePoblacionPrimeraDosis":0.736917040176929,"porcentajePoblacionCompletas":0.7233887275157634,"fechaUltRegistro":1637107200000,"etarios":{"unaDosis":{"etarioTotal":{"vacunados":863330,"personasINE":1034867,"porcentaje":0.8342424678726832},"etarioRangos":[{"rango":{"min":12,"max":19},"vacunados":75671,"personasINE":95480,"porcentaje":0.7142349683200185},{"rango":{"min":20,"max":29},"vacunados":98523,"personasINE":137942,"porcentaje":0.8178268630075859},{"rango":{"min":30,"max":39},"vacunados":128182,"personasINE":182187,"porcentaje":0.8178268630075859},{"rango":{"min":40,"max":49},"vacunados":168613,"personasINE":206172,"porcentaje":0.8178268630075859},{"rango":{"min":50,"max":59},"vacunados":150799,"personasINE":165797,"porcentaje":0.9095399796136239},{"rango":{"min":60,"max":69},"vacunados":110618,"personasINE":117231,"porcentaje":0.9435900060564185},{"rango":{"min":70,"max":79},"vacunados":79373,"personasINE":80516,"porcentaje":0.9858040637885638},{"rango":{"min":80,"max":null},"vacunados":51551,"personasINE":51551,"porcentaje":1}]},"pautaCompleta":{"etarioTotal":{"vacunados":847481,"personasINE":1034867,"porcentaje":0.8189274563784525},"etarioRangos":[{"rango":{"min":12,"max":19},"vacunados":73409,"personasINE":95480,"porcentaje":0.687941308665961},{"rango":{"min":20,"max":29},"vacunados":94896,"personasINE":137942,"porcentaje":0.8052499854490426},{"rango":{"min":30,"max":39},"vacunados":124425,"personasINE":182187,"porcentaje":0.8052499854490426},{"rango":{"min":40,"max":49},"vacunados":166020,"personasINE":206172,"porcentaje":0.8052499854490426},{"rango":{"min":50,"max":59},"vacunados":149127,"personasINE":165797,"porcentaje":0.8994553580583484},{"rango":{"min":60,"max":69},"vacunados":109629,"personasINE":117231,"porcentaje":0.9351536709573406},{"rango":{"min":70,"max":79},"vacunados":78962,"personasINE":80516,"porcentaje":0.980699488300462},{"rango":{"min":80,"max":null},"vacunados":51013,"personasINE":51013,"porcentaje":1}]}}},{"ccaa":"Canarias","dosisAdministradas":3231346,"dosisEntregadas":3567300,"dosisEntregadasModerna":574700,"dosisEntregadasPfizer":2403150,"dosisEntregadasAstrazeneca":455800,"dosisEntregadasJanssen":133650,"dosisPrimeraDosis":1685967,"dosisPautaCompletada":1646731,"porcentajeEntregadas":0.9058240125585176,"porcentajePoblacionAdministradas":1.4850263241100907,"porcentajePoblacionPrimeraDosis":0.7748181026052046,"porcentajePoblacionCompletas":0.7567864548482687,"fechaUltRegistro":1637107200000,"etarios":{"unaDosis":{"etarioTotal":{"vacunados":1685967,"personasINE":1960774,"porcentaje":0.8598476927988641},"etarioRangos":[{"rango":{"min":12,"max":19},"vacunados":155204,"personasINE":179797,"porcentaje":0.7543654765876988},{"rango":{"min":20,"max":29},"vacunados":189910,"personasINE":251748,"porcentaje":0.8219805941369959},{"rango":{"min":30,"max":39},"vacunados":230947,"personasINE":310934,"porcentaje":0.8219805941369959},{"rango":{"min":40,"max":49},"vacunados":318866,"personasINE":387924,"porcentaje":0.8219805941369959},{"rango":{"min":50,"max":59},"vacunados":321325,"personasINE":350512,"porcentaje":0.9167303829826083},{"rango":{"min":60,"max":69},"vacunados":224881,"personasINE":235092,"porcentaje":0.9565659401425824},{"rango":{"min":70,"max":79},"vacunados":151645,"personasINE":154531,"porcentaje":0.9813241356103306},{"rango":{"min":80,"max":null},"vacunados":93189,"personasINE":93189,"porcentaje":1}]},"pautaCompleta":{"etarioTotal":{"vacunados":1646731,"personasINE":1960774,"porcentaje":0.8398372275438168},"etarioRangos":[{"rango":{"min":12,"max":19},"vacunados":146073,"personasINE":179797,"porcentaje":0.7145081589526034},{"rango":{"min":20,"max":29},"vacunados":179876,"personasINE":251747.99999999997,"porcentaje":0.8110377290397088},{"rango":{"min":30,"max":39},"vacunados":223548,"personasINE":310934,"porcentaje":0.8110377290397088},{"rango":{"min":40,"max":49},"vacunados":314621,"personasINE":387924,"porcentaje":0.8110377290397088},{"rango":{"min":50,"max":59},"vacunados":318826,"personasINE":350512,"porcentaje":0.9096008125256767},{"rango":{"min":60,"max":69},"vacunados":221303,"personasINE":235092,"porcentaje":0.9413463665288483},{"rango":{"min":70,"max":79},"vacunados":150422,"personasINE":154531,"porcentaje":0.973409865981583},{"rango":{"min":80,"max":null},"vacunados":92062,"personasINE":92062,"porcentaje":1}]}}},{"ccaa":"Cantabria","dosisAdministradas":964954,"dosisEntregadas":1030555,"dosisEntregadasModerna":114900,"dosisEntregadasPfizer":768255,"dosisEntregadasAstrazeneca":125200,"dosisEntregadasJanssen":22200,"dosisPrimeraDosis":484041,"dosisPautaCompletada":479007,"porcentajeEntregadas":0.9363440088107864,"porcentajePoblacionAdministradas":1.6554224101697532,"porcentajePoblacionPrimeraDosis":0.8303943181135862,"porcentajePoblacionCompletas":0.8217582624956039,"fechaUltRegistro":1637107200000,"etarios":{"unaDosis":{"etarioTotal":{"vacunados":484041,"personasINE":524127,"porcentaje":0.9235185365379002},"etarioRangos":[{"rango":{"min":12,"max":19},"vacunados":39795,"personasINE":43963,"porcentaje":0.8215226215226216},{"rango":{"min":20,"max":29},"vacunados":41491,"personasINE":50505,"porcentaje":0.9023923738608353},{"rango":{"min":30,"max":39},"vacunados":54987,"personasINE":70473,"porcentaje":0.9023923738608353},{"rango":{"min":40,"max":49},"vacunados":88226,"personasINE":97769,"porcentaje":0.9023923738608353},{"rango":{"min":50,"max":59},"vacunados":84420,"personasINE":89964,"porcentaje":0.938375350140056},{"rango":{"min":60,"max":69},"vacunados":76769,"personasINE":77345,"porcentaje":0.9925528476307454},{"rango":{"min":70,"max":79},"vacunados":55978,"personasINE":55978,"porcentaje":1},{"rango":{"min":80,"max":null},"vacunados":42375,"personasINE":42375,"porcentaje":1}]},"pautaCompleta":{"etarioTotal":{"vacunados":479007,"personasINE":524127,"porcentaje":0.9139139941273775},"etarioRangos":[{"rango":{"min":12,"max":19},"vacunados":38954,"personasINE":43963,"porcentaje":0.8043164043164043},{"rango":{"min":20,"max":29},"vacunados":40622,"personasINE":50505,"porcentaje":0.8904458468430688},{"rango":{"min":30,"max":39},"vacunados":54267,"personasINE":70473,"porcentaje":0.8904458468430688},{"rango":{"min":40,"max":49},"vacunados":87058,"personasINE":97769,"porcentaje":0.8904458468430688},{"rango":{"min":50,"max":59},"vacunados":83852,"personasINE":89964,"porcentaje":0.9320617135743187},{"rango":{"min":60,"max":69},"vacunados":76430,"personasINE":77345,"porcentaje":0.9881698881634237},{"rango":{"min":70,"max":79},"vacunados":55817,"personasINE":55817,"porcentaje":1},{"rango":{"min":80,"max":null},"vacunados":42007,"personasINE":42007,"porcentaje":1}]}}},{"ccaa":"Castilla y Leon","dosisAdministradas":3981611,"dosisEntregadas":4260510,"dosisEntregadasModerna":411830,"dosisEntregadasPfizer":3274545,"dosisEntregadasAstrazeneca":473110,"dosisEntregadasJanssen":101025,"dosisPrimeraDosis":2008738,"dosisPautaCompletada":1971982,"porcentajeEntregadas":0.9345385881033021,"porcentajePoblacionAdministradas":1.6625249799784376,"porcentajePoblacionPrimeraDosis":0.8387502202580631,"porcentajePoblacionCompletas":0.8234027219303542,"fechaUltRegistro":1637107200000,"etarios":{"unaDosis":{"etarioTotal":{"vacunados":2008738,"personasINE":2176253,"porcentaje":0.9230259533243608},"etarioRangos":[{"rango":{"min":12,"max":19},"vacunados":145304,"personasINE":165342,"porcentaje":0.8255215491502611},{"rango":{"min":20,"max":29},"vacunados":174190,"personasINE":211006,"porcentaje":0.8840973837409339},{"rango":{"min":30,"max":39},"vacunados":213359,"personasINE":267783,"porcentaje":0.8840973837409339},{"rango":{"min":40,"max":49},"vacunados":321197,"personasINE":363305,"porcentaje":0.8840973837409339},{"rango":{"min":50,"max":59},"vacunados":353433,"personasINE":381175,"porcentaje":0.9272197809405129},{"rango":{"min":60,"max":69},"vacunados":320844,"personasINE":320844,"porcentaje":1},{"rango":{"min":70,"max":79},"vacunados":250929,"personasINE":250929,"porcentaje":1},{"rango":{"min":80,"max":null},"vacunados":229482,"personasINE":229482,"porcentaje":1}]},"pautaCompleta":{"etarioTotal":{"vacunados":1971982,"personasINE":2176253,"porcentaje":0.9061363729309047},"etarioRangos":[{"rango":{"min":12,"max":19},"vacunados":135769,"personasINE":165342,"porcentaje":0.7941527729069315},{"rango":{"min":20,"max":29},"vacunados":167571,"personasINE":211006,"porcentaje":0.8713340031103343},{"rango":{"min":30,"max":39},"vacunados":207654,"personasINE":267783,"porcentaje":0.8713340031103343},{"rango":{"min":40,"max":49},"vacunados":316560,"personasINE":363305,"porcentaje":0.8713340031103343},{"rango":{"min":50,"max":59},"vacunados":349350,"personasINE":381175,"porcentaje":0.9165081655407621},{"rango":{"min":60,"max":69},"vacunados":318443,"personasINE":318575,"porcentaje":0.99958565486934},{"rango":{"min":70,"max":79},"vacunados":249385,"personasINE":249385,"porcentaje":1},{"rango":{"min":80,"max":null},"vacunados":227250,"personasINE":227250,"porcentaje":1}]}}},{"ccaa":"Castilla La Mancha","dosisAdministradas":3182406,"dosisEntregadas":3295730,"dosisEntregadasModerna":446270,"dosisEntregadasPfizer":2360925,"dosisEntregadasAstrazeneca":394800,"dosisEntregadasJanssen":93735,"dosisPrimeraDosis":1625706,"dosisPautaCompletada":1569193,"porcentajeEntregadas":0.965614901706147,"porcentajePoblacionAdministradas":1.5560205963071962,"porcentajePoblacionPrimeraDosis":0.7948803576728383,"porcentajePoblacionCompletas":0.7672486249652238,"fechaUltRegistro":1637107200000},{"ccaa":"Cataluña","dosisAdministradas":11555078,"dosisEntregadas":11863410,"dosisEntregadasModerna":1604900,"dosisEntregadasPfizer":8368460,"dosisEntregadasAstrazeneca":1514300,"dosisEntregadasJanssen":375750,"dosisPrimeraDosis":6008056,"dosisPautaCompletada":5886480,"porcentajeEntregadas":0.9740098335975913,"porcentajePoblacionAdministradas":1.4851370976002891,"porcentajePoblacionPrimeraDosis":0.7721961591310766,"porcentajePoblacionCompletas":0.7565703859620982,"fechaUltRegistro":1637107200000,"etarios":{"unaDosis":{"etarioTotal":{"vacunados":6008056,"personasINE":6868360,"porcentaje":0.8747438981066805},"etarioRangos":[{"rango":{"min":12,"max":19},"vacunados":537743,"personasINE":656166,"porcentaje":0.7713732291536293},{"rango":{"min":20,"max":29},"vacunados":647132,"personasINE":838935,"porcentaje":0.8599390167495092},{"rango":{"min":30,"max":39},"vacunados":784925,"personasINE":1044652,"porcentaje":0.8599390167495092},{"rango":{"min":40,"max":49},"vacunados":1132329,"personasINE":1316755,"porcentaje":0.8599390167495092},{"rango":{"min":50,"max":59},"vacunados":1027474,"personasINE":1091780,"porcentaje":0.9410998552821997},{"rango":{"min":60,"max":69},"vacunados":800601,"personasINE":837584,"porcentaje":0.9558456226479971},{"rango":{"min":70,"max":79},"vacunados":618747,"personasINE":635292,"porcentaje":0.9739568576339699},{"rango":{"min":80,"max":null},"vacunados":459105,"personasINE":459105,"porcentaje":1}]},"pautaCompleta":{"etarioTotal":{"vacunados":5886480,"personasINE":6868360,"porcentaje":0.8570430204590325},"etarioRangos":[{"rango":{"min":12,"max":19},"vacunados":518931,"personasINE":656166,"porcentaje":0.7383516005411623},{"rango":{"min":20,"max":29},"vacunados":619429,"personasINE":838935,"porcentaje":0.846450554583047},{"rango":{"min":30,"max":39},"vacunados":759441,"personasINE":1044652.0000000001,"porcentaje":0.846450554583047},{"rango":{"min":40,"max":49},"vacunados":1114568,"personasINE":1316755,"porcentaje":0.846450554583047},{"rango":{"min":50,"max":59},"vacunados":1016652,"personasINE":1091780,"porcentaje":0.9311876018978182},{"rango":{"min":60,"max":69},"vacunados":789113,"personasINE":837584,"porcentaje":0.9421299833807714},{"rango":{"min":70,"max":79},"vacunados":614818,"personasINE":635292,"porcentaje":0.9677722999817406},{"rango":{"min":80,"max":null},"vacunados":453528,"personasINE":453528,"porcentaje":1}]}}},{"ccaa":"C. Valenciana","dosisAdministradas":8021650,"dosisEntregadas":8488680,"dosisEntregadasModerna":1213650,"dosisEntregadasPfizer":6197680,"dosisEntregadasAstrazeneca":863900,"dosisEntregadasJanssen":213450,"dosisPrimeraDosis":4087377,"dosisPautaCompletada":4023987,"porcentajeEntregadas":0.9449820231178464,"porcentajePoblacionAdministradas":1.5861360676227267,"porcentajePoblacionPrimeraDosis":0.8082048059528374,"porcentajePoblacionCompletas":0.7956705810332005,"fechaUltRegistro":1637107200000,"etarios":{"unaDosis":{"etarioTotal":{"vacunados":4087377,"personasINE":4488459,"porcentaje":0.9106414918795069},"etarioRangos":[{"rango":{"min":12,"max":19},"vacunados":374665,"personasINE":424531,"porcentaje":0.8285748053769816},{"rango":{"min":20,"max":29},"vacunados":427649,"personasINE":516126,"porcentaje":0.885665368699418},{"rango":{"min":30,"max":39},"vacunados":512071,"personasINE":648759,"porcentaje":0.885665368699418},{"rango":{"min":40,"max":49},"vacunados":754222,"personasINE":851588,"porcentaje":0.885665368699418},{"rango":{"min":50,"max":59},"vacunados":715735,"personasINE":752334,"porcentaje":0.9513527236573118},{"rango":{"min":60,"max":69},"vacunados":570776,"personasINE":580728,"porcentaje":0.9828628893388988},{"rango":{"min":70,"max":79},"vacunados":434799,"personasINE":437862,"porcentaje":0.9930046452992038},{"rango":{"min":80,"max":null},"vacunados":297460,"personasINE":297460,"porcentaje":1}]},"pautaCompleta":{"etarioTotal":{"vacunados":4023987,"personasINE":4488459,"porcentaje":0.8965186047148921},"etarioRangos":[{"rango":{"min":12,"max":19},"vacunados":362035,"personasINE":424531,"porcentaje":0.8014012082320984},{"rango":{"min":20,"max":29},"vacunados":413624,"personasINE":516126,"porcentaje":0.876137287044909},{"rango":{"min":30,"max":39},"vacunados":500366,"personasINE":648759,"porcentaje":0.876137287044909},{"rango":{"min":40,"max":49},"vacunados":746108,"personasINE":851588,"porcentaje":0.876137287044909},{"rango":{"min":50,"max":59},"vacunados":710326,"personasINE":752334,"porcentaje":0.9441630977730635},{"rango":{"min":60,"max":69},"vacunados":565909,"personasINE":580728,"porcentaje":0.974482029452687},{"rango":{"min":70,"max":79},"vacunados":432116,"personasINE":437862,"porcentaje":0.9868771439403282},{"rango":{"min":80,"max":null},"vacunados":293503,"personasINE":293503,"porcentaje":1}]}}},{"ccaa":"Extremadura","dosisAdministradas":1817083,"dosisEntregadas":1833705,"dosisEntregadasModerna":218200,"dosisEntregadasPfizer":1377755,"dosisEntregadasAstrazeneca":186000,"dosisEntregadasJanssen":51750,"dosisPrimeraDosis":900130,"dosisPautaCompletada":886394,"porcentajeEntregadas":0.990935292208943,"porcentajePoblacionAdministradas":1.7078056404824495,"porcentajePoblacionPrimeraDosis":0.8459971785369558,"porcentajePoblacionCompletas":0.8330872463667319,"fechaUltRegistro":1637107200000,"etarios":{"unaDosis":{"etarioTotal":{"vacunados":900130,"personasINE":953437,"porcentaje":0.9440896461958158},"etarioRangos":[{"rango":{"min":12,"max":19},"vacunados":77640,"personasINE":84750,"porcentaje":0.827867984468761},{"rango":{"min":20,"max":29},"vacunados":93814,"personasINE":113320.00000000001,"porcentaje":0.9179906454161285},{"rango":{"min":30,"max":39},"vacunados":113413,"personasINE":133479,"porcentaje":0.9179906454161285},{"rango":{"min":40,"max":49},"vacunados":146414,"personasINE":159494,"porcentaje":0.9179906454161285},{"rango":{"min":50,"max":59},"vacunados":161621,"personasINE":169216,"porcentaje":0.9551165374432677},{"rango":{"min":60,"max":69},"vacunados":132943,"personasINE":132943,"porcentaje":1},{"rango":{"min":70,"max":79},"vacunados":95983,"personasINE":95983,"porcentaje":1},{"rango":{"min":80,"max":null},"vacunados":78302,"personasINE":78302,"porcentaje":1}]},"pautaCompleta":{"etarioTotal":{"vacunados":886394,"personasINE":953437,"porcentaje":0.9296828212037083},"etarioRangos":[{"rango":{"min":12,"max":19},"vacunados":75053,"personasINE":84750,"porcentaje":0.8006177197317331},{"rango":{"min":20,"max":29},"vacunados":90726,"personasINE":113320,"porcentaje":0.9063977328300751},{"rango":{"min":30,"max":39},"vacunados":110904,"personasINE":133479,"porcentaje":0.9063977328300751},{"rango":{"min":40,"max":49},"vacunados":144565,"personasINE":159494,"porcentaje":0.9063977328300751},{"rango":{"min":50,"max":59},"vacunados":160397,"personasINE":169216,"porcentaje":0.9478831788956127},{"rango":{"min":60,"max":69},"vacunados":131730,"personasINE":125297,"porcentaje":1.0513420113809588},{"rango":{"min":70,"max":79},"vacunados":95512,"personasINE":95512,"porcentaje":1},{"rango":{"min":80,"max":null},"vacunados":77507,"personasINE":77507,"porcentaje":1}]}}},{"ccaa":"Galicia","dosisAdministradas":4594506,"dosisEntregadas":4680389,"dosisEntregadasModerna":527400,"dosisEntregadasPfizer":3456889,"dosisEntregadasAstrazeneca":573400,"dosisEntregadasJanssen":122700,"dosisPrimeraDosis":2313622,"dosisPautaCompletada":2293272,"porcentajeEntregadas":0.9816504568316864,"porcentajePoblacionAdministradas":1.7005232400838102,"porcentajePoblacionPrimeraDosis":0.8563201309932309,"porcentajePoblacionCompletas":0.8487881682673784,"fechaUltRegistro":1637107200000,"etarios":{"unaDosis":{"etarioTotal":{"vacunados":2313622,"personasINE":2454497,"porcentaje":0.9426053484685457},"etarioRangos":[{"rango":{"min":12,"max":19},"vacunados":169867,"personasINE":180007,"porcentaje":0.8640970469432551},{"rango":{"min":20,"max":29},"vacunados":199590,"personasINE":230981,"porcentaje":0.9217500975811164},{"rango":{"min":30,"max":39},"vacunados":264324,"personasINE":323408,"porcentaje":0.9217500975811164},{"rango":{"min":40,"max":49},"vacunados":408539,"personasINE":443221,"porcentaje":0.9217500975811164},{"rango":{"min":50,"max":59},"vacunados":391210,"personasINE":405889,"porcentaje":0.9638349400944594},{"rango":{"min":60,"max":69},"vacunados":346281,"personasINE":346927,"porcentaje":0.9981379367993843},{"rango":{"min":70,"max":79},"vacunados":291410,"personasINE":291410,"porcentaje":1},{"rango":{"min":80,"max":null},"vacunados":242401,"personasINE":242401,"porcentaje":1}]},"pautaCompleta":{"etarioTotal":{"vacunados":2293272,"personasINE":2454497,"porcentaje":0.9343144440592105},"etarioRangos":[{"rango":{"min":12,"max":19},"vacunados":166101,"personasINE":180007,"porcentaje":0.8441993064364601},{"rango":{"min":20,"max":29},"vacunados":194994,"personasINE":230981,"porcentaje":0.9155545427676035},{"rango":{"min":30,"max":39},"vacunados":260739,"personasINE":323408,"porcentaje":0.9155545427676035},{"rango":{"min":40,"max":49},"vacunados":405793,"personasINE":443221,"porcentaje":0.9155545427676035},{"rango":{"min":50,"max":59},"vacunados":389334,"personasINE":405889,"porcentaje":0.9592129868018103},{"rango":{"min":60,"max":69},"vacunados":345235,"personasINE":346927,"porcentaje":0.9951228932887899},{"rango":{"min":70,"max":79},"vacunados":290243,"personasINE":290243,"porcentaje":1},{"rango":{"min":80,"max":null},"vacunados":240833,"personasINE":240833,"porcentaje":1}]}}},{"ccaa":"La Rioja","dosisAdministradas":506535,"dosisEntregadas":557335,"dosisEntregadasModerna":67600,"dosisEntregadasPfizer":421265,"dosisEntregadasAstrazeneca":53270,"dosisEntregadasJanssen":15200,"dosisPrimeraDosis":261187,"dosisPautaCompletada":256461,"porcentajeEntregadas":0.9088519472130765,"porcentajePoblacionAdministradas":1.5833473996136462,"porcentajePoblacionPrimeraDosis":0.8164287902373762,"porcentajePoblacionCompletas":0.801656070068831,"fechaUltRegistro":1637107200000,"etarios":{"unaDosis":{"etarioTotal":{"vacunados":261187,"personasINE":283970,"porcentaje":0.9197696939817587},"etarioRangos":[{"rango":{"min":12,"max":19},"vacunados":22200,"personasINE":25532,"porcentaje":0.7990675684549216},{"rango":{"min":20,"max":29},"vacunados":24338,"personasINE":30458,"porcentaje":0.9001832020699945},{"rango":{"min":30,"max":39},"vacunados":31390,"personasINE":39319,"porcentaje":0.9001832020699945},{"rango":{"min":40,"max":49},"vacunados":47662,"personasINE":52947,"porcentaje":0.9001832020699945},{"rango":{"min":50,"max":59},"vacunados":45449,"personasINE":47664,"porcentaje":0.953528868747902},{"rango":{"min":60,"max":69},"vacunados":38089,"personasINE":38089,"porcentaje":1},{"rango":{"min":70,"max":79},"vacunados":28677,"personasINE":28677,"porcentaje":1},{"rango":{"min":80,"max":null},"vacunados":23382,"personasINE":23382,"porcentaje":1}]},"pautaCompleta":{"etarioTotal":{"vacunados":256461,"personasINE":283970,"porcentaje":0.9031270908898827},"etarioRangos":[{"rango":{"min":12,"max":19},"vacunados":21435,"personasINE":25532,"porcentaje":0.7698798345262329},{"rango":{"min":20,"max":29},"vacunados":23449,"personasINE":30458,"porcentaje":0.8858292254518669},{"rango":{"min":30,"max":39},"vacunados":30575,"personasINE":39319,"porcentaje":0.8858292254518669},{"rango":{"min":40,"max":49},"vacunados":46902,"personasINE":52947,"porcentaje":0.8858292254518669},{"rango":{"min":50,"max":59},"vacunados":44829,"personasINE":47664,"porcentaje":0.9405211480362538},{"rango":{"min":60,"max":69},"vacunados":37529,"personasINE":37718,"porcentaje":0.994989129858423},{"rango":{"min":70,"max":79},"vacunados":28568,"personasINE":28568,"porcentaje":1},{"rango":{"min":80,"max":null},"vacunados":23174,"personasINE":23174,"porcentaje":1}]}}},{"ccaa":"Madrid","dosisAdministradas":10285957,"dosisEntregadas":10831935,"dosisEntregadasModerna":1645800,"dosisEntregadasPfizer":7637685,"dosisEntregadasAstrazeneca":1227000,"dosisEntregadasJanssen":321450,"dosisPrimeraDosis":5377218,"dosisPautaCompletada":5268687,"porcentajeEntregadas":0.9495955247146516,"porcentajePoblacionAdministradas":1.5171278640591113,"porcentajePoblacionPrimeraDosis":0.7931131015733593,"porcentajePoblacionCompletas":0.7771053150140533,"fechaUltRegistro":1637107200000,"etarios":{"unaDosis":{"etarioTotal":{"vacunados":5377218,"personasINE":5977937,"porcentaje":0.8995106505806267},"etarioRangos":[{"rango":{"min":12,"max":19},"vacunados":458926,"personasINE":553542,"porcentaje":0.8176315700865349},{"rango":{"min":20,"max":29},"vacunados":607071,"personasINE":742475,"porcentaje":0.8892047915428428},{"rango":{"min":30,"max":39},"vacunados":754699,"personasINE":949640,"porcentaje":0.8892047915428428},{"rango":{"min":40,"max":49},"vacunados":1036787,"personasINE":1165971,"porcentaje":0.8892047915428428},{"rango":{"min":50,"max":59},"vacunados":943511,"personasINE":972783,"porcentaje":0.9699090136237989},{"rango":{"min":60,"max":69},"vacunados":690214,"personasINE":703323,"porcentaje":0.9813613375362387},{"rango":{"min":70,"max":79},"vacunados":511665,"personasINE":526081,"porcentaje":0.9725973756892949},{"rango":{"min":80,"max":null},"vacunados":374345,"personasINE":374345,"porcentaje":1}]},"pautaCompleta":{"etarioTotal":{"vacunados":5268687,"personasINE":5977937,"porcentaje":0.8813553906640368},"etarioRangos":[{"rango":{"min":12,"max":19},"vacunados":445752,"personasINE":553542,"porcentaje":0.7831644163103135},{"rango":{"min":20,"max":29},"vacunados":581480,"personasINE":742475,"porcentaje":0.872467668578378},{"rango":{"min":30,"max":39},"vacunados":729544,"personasINE":949640,"porcentaje":0.872467668578378},{"rango":{"min":40,"max":49},"vacunados":1017272,"personasINE":1165971,"porcentaje":0.872467668578378},{"rango":{"min":50,"max":59},"vacunados":935676,"personasINE":972783,"porcentaje":0.9618548021501198},{"rango":{"min":60,"max":69},"vacunados":677986,"personasINE":703323,"porcentaje":0.9639753001110443},{"rango":{"min":70,"max":79},"vacunados":509550,"personasINE":526081,"porcentaje":0.9685770822363856},{"rango":{"min":80,"max":null},"vacunados":371427,"personasINE":371427,"porcentaje":1}]}}},{"ccaa":"Murcia","dosisAdministradas":2334844,"dosisEntregadas":2407175,"dosisEntregadasModerna":398000,"dosisEntregadasPfizer":1687865,"dosisEntregadasAstrazeneca":253010,"dosisEntregadasJanssen":68300,"dosisPrimeraDosis":1197344,"dosisPautaCompletada":1167457,"porcentajeEntregadas":0.9699519145886776,"porcentajePoblacionAdministradas":1.5449743292146705,"porcentajePoblacionPrimeraDosis":0.7922866552280197,"porcentajePoblacionCompletas":0.7725103242280733,"fechaUltRegistro":1637020800000,"etarios":{"unaDosis":{"etarioTotal":{"vacunados":1197344,"personasINE":1310137,"porcentaje":0.9139074768516575},"etarioRangos":[{"rango":{"min":12,"max":19},"vacunados":120947,"personasINE":141894,"porcentaje":0.8251242394686731},{"rango":{"min":20,"max":29},"vacunados":142126,"personasINE":172248,"porcentaje":0.9139390219431296},{"rango":{"min":30,"max":39},"vacunados":168151,"personasINE":209003,"porcentaje":0.9139390219431296},{"rango":{"min":40,"max":49},"vacunados":232284,"personasINE":254157,"porcentaje":0.9139390219431296},{"rango":{"min":50,"max":59},"vacunados":207776,"personasINE":213256,"porcentaje":0.9743031849045279},{"rango":{"min":60,"max":69},"vacunados":148560,"personasINE":148560,"porcentaje":1},{"rango":{"min":70,"max":79},"vacunados":103462,"personasINE":103462,"porcentaje":1},{"rango":{"min":80,"max":null},"vacunados":74038,"personasINE":74038,"porcentaje":1}]},"pautaCompleta":{"etarioTotal":{"vacunados":1167457,"personasINE":1310137,"porcentaje":0.8910953587296596},"etarioRangos":[{"rango":{"min":12,"max":19},"vacunados":116011,"personasINE":141894,"porcentaje":0.7841194092239097},{"rango":{"min":20,"max":29},"vacunados":135063,"personasINE":172248,"porcentaje":0.8941874510637126},{"rango":{"min":30,"max":39},"vacunados":162281,"personasINE":209003,"porcentaje":0.8941874510637126},{"rango":{"min":40,"max":49},"vacunados":227264,"personasINE":254157,"porcentaje":0.8941874510637126},{"rango":{"min":50,"max":59},"vacunados":205128,"personasINE":213256,"porcentaje":0.9618861837416063},{"rango":{"min":60,"max":69},"vacunados":145923,"personasINE":146909,"porcentaje":0.9932883621833924},{"rango":{"min":70,"max":79},"vacunados":102547,"personasINE":102899,"porcentaje":0.9965791698655964},{"rango":{"min":80,"max":null},"vacunados":73240,"personasINE":73240,"porcentaje":1}]}}},{"ccaa":"Navarra","dosisAdministradas":1044055,"dosisEntregadas":1074255,"dosisEntregadasModerna":151500,"dosisEntregadasPfizer":762405,"dosisEntregadasAstrazeneca":136600,"dosisEntregadasJanssen":23750,"dosisPrimeraDosis":529361,"dosisPautaCompletada":523245,"porcentajeEntregadas":0.9718874941238347,"porcentajePoblacionAdministradas":1.5790377149321608,"porcentajePoblacionPrimeraDosis":0.8006101056114895,"porcentajePoblacionCompletas":0.7913602148830077,"fechaUltRegistro":1637107200000,"etarios":{"unaDosis":{"etarioTotal":{"vacunados":529361,"personasINE":581354,"porcentaje":0.9105656794311211},"etarioRangos":[{"rango":{"min":12,"max":19},"vacunados":49376,"personasINE":56388,"porcentaje":0.8429991046134425},{"rango":{"min":20,"max":29},"vacunados":57431,"personasINE":68127,"porcentaje":0.8841688116886725},{"rango":{"min":30,"max":39},"vacunados":64300,"personasINE":81341,"porcentaje":0.8841688116886725},{"rango":{"min":40,"max":49},"vacunados":95492,"personasINE":108002,"porcentaje":0.8841688116886725},{"rango":{"min":50,"max":59},"vacunados":92001,"personasINE":96694,"porcentaje":0.9514654477009948},{"rango":{"min":60,"max":69},"vacunados":72333,"personasINE":73844,"porcentaje":0.979537944856725},{"rango":{"min":70,"max":79},"vacunados":55909,"personasINE":55909,"porcentaje":1},{"rango":{"min":80,"max":null},"vacunados":42519,"personasINE":42519,"porcentaje":1}]},"pautaCompleta":{"etarioTotal":{"vacunados":523245,"personasINE":581354,"porcentaje":0.9000454112296467},"etarioRangos":[{"rango":{"min":12,"max":19},"vacunados":48527,"personasINE":56388,"porcentaje":0.8193814493519457},{"rango":{"min":20,"max":29},"vacunados":55822,"personasINE":68127,"porcentaje":0.8764189552045333},{"rango":{"min":30,"max":39},"vacunados":63189,"personasINE":81341,"porcentaje":0.8764189552045333},{"rango":{"min":40,"max":49},"vacunados":94655,"personasINE":108002,"porcentaje":0.8764189552045333},{"rango":{"min":50,"max":59},"vacunados":91387,"personasINE":96694,"porcentaje":0.9451155190601278},{"rango":{"min":60,"max":69},"vacunados":71763,"personasINE":73844,"porcentaje":0.9718189697199502},{"rango":{"min":70,"max":79},"vacunados":55768,"personasINE":55792,"porcentaje":0.9995698308001147},{"rango":{"min":80,"max":null},"vacunados":42134,"personasINE":42134,"porcentaje":1}]}}},{"ccaa":"País Vasco","dosisAdministradas":3525610,"dosisEntregadas":3719130,"dosisEntregadasModerna":526100,"dosisEntregadasPfizer":2647530,"dosisEntregadasAstrazeneca":444200,"dosisEntregadasJanssen":101300,"dosisPrimeraDosis":1818466,"dosisPautaCompletada":1788453,"porcentajeEntregadas":0.9479663254578355,"porcentajePoblacionAdministradas":1.5877521499623508,"porcentajePoblacionPrimeraDosis":0.818942906655426,"porcentajePoblacionCompletas":0.8054266058516445,"fechaUltRegistro":1637107200000,"etarios":{"unaDosis":{"etarioTotal":{"vacunados":1818466,"personasINE":1983943,"porcentaje":0.9165918577297836},"etarioRangos":[{"rango":{"min":12,"max":19},"vacunados":147557,"personasINE":168606,"porcentaje":0.8186310994670875},{"rango":{"min":20,"max":29},"vacunados":164982,"personasINE":201534,"porcentaje":0.8865720605412929},{"rango":{"min":30,"max":39},"vacunados":203885,"personasINE":260543,"porcentaje":0.8865720605412929},{"rango":{"min":40,"max":49},"vacunados":321057,"personasINE":362133,"porcentaje":0.8865720605412929},{"rango":{"min":50,"max":59},"vacunados":324199,"personasINE":339977,"porcentaje":0.953590978213232},{"rango":{"min":60,"max":69},"vacunados":278713,"personasINE":280119,"porcentaje":0.994980704629104},{"rango":{"min":70,"max":79},"vacunados":213815,"personasINE":213815,"porcentaje":1},{"rango":{"min":80,"max":null},"vacunados":164258,"personasINE":164258,"porcentaje":1}]},"pautaCompleta":{"etarioTotal":{"vacunados":1788453,"personasINE":1983943,"porcentaje":0.9014639029447923},"etarioRangos":[{"rango":{"min":12,"max":19},"vacunados":144288,"personasINE":168606,"porcentaje":0.7947294253078885},{"rango":{"min":20,"max":29},"vacunados":160165,"personasINE":201534,"porcentaje":0.8743527930346033},{"rango":{"min":30,"max":39},"vacunados":198621,"personasINE":260543,"porcentaje":0.8743527930346033},{"rango":{"min":40,"max":49},"vacunados":316632,"personasINE":362133,"porcentaje":0.8743527930346033},{"rango":{"min":50,"max":59},"vacunados":320956,"personasINE":339977,"porcentaje":0.9440520976418993},{"rango":{"min":60,"max":69},"vacunados":273551,"personasINE":280119,"porcentaje":0.976552822193425},{"rango":{"min":70,"max":79},"vacunados":212256,"personasINE":213081,"porcentaje":0.9961282329255072},{"rango":{"min":80,"max":null},"vacunados":161984,"personasINE":157950,"porcentaje":1.02553972776195}]}}},{"ccaa":"Ceuta","dosisAdministradas":119544,"dosisEntregadas":142355,"dosisEntregadasModerna":22400,"dosisEntregadasPfizer":97920,"dosisEntregadasAstrazeneca":18100,"dosisEntregadasJanssen":3935,"dosisPrimeraDosis":63060,"dosisPautaCompletada":60504,"porcentajeEntregadas":0.8397597555407257,"porcentajePoblacionAdministradas":1.419728747535688,"porcentajePoblacionPrimeraDosis":0.7489133274744068,"porcentajePoblacionCompletas":0.7185577539725897,"fechaUltRegistro":1637107200000,"etarios":{"unaDosis":{"etarioTotal":{"vacunados":63060,"personasINE":70965,"porcentaje":0.8886070598182203},"etarioRangos":[{"rango":{"min":12,"max":19},"vacunados":8633,"personasINE":9126,"porcentaje":0.8500957417707669},{"rango":{"min":20,"max":29},"vacunados":9323,"personasINE":10967,"porcentaje":0.88609397247271},{"rango":{"min":30,"max":39},"vacunados":9312,"personasINE":11894,"porcentaje":0.88609397247271},{"rango":{"min":40,"max":49},"vacunados":11202,"personasINE":12642,"porcentaje":0.88609397247271},{"rango":{"min":50,"max":59},"vacunados":10613,"personasINE":11556,"porcentaje":0.9183973693319488},{"rango":{"min":60,"max":69},"vacunados":7674,"personasINE":7857,"porcentaje":0.9767086674303169},{"rango":{"min":70,"max":79},"vacunados":3900,"personasINE":4318,"porcentaje":0.9031959240389069},{"rango":{"min":80,"max":null},"vacunados":2403,"personasINE":2605,"porcentaje":0.9224568138195778}]},"pautaCompleta":{"etarioTotal":{"vacunados":60504,"personasINE":70965,"porcentaje":0.8525893045867681},"etarioRangos":[{"rango":{"min":12,"max":19},"vacunados":7856,"personasINE":9126,"porcentaje":0.7807057536245099},{"rango":{"min":20,"max":29},"vacunados":8562,"personasINE":10967,"porcentaje":0.8663186204714444},{"rango":{"min":30,"max":39},"vacunados":8906,"personasINE":11894,"porcentaje":0.8663186204714444},{"rango":{"min":40,"max":49},"vacunados":10952,"personasINE":12642,"porcentaje":0.8663186204714444},{"rango":{"min":50,"max":59},"vacunados":10474,"personasINE":11556,"porcentaje":0.9063689858082381},{"rango":{"min":60,"max":69},"vacunados":7533,"personasINE":7857,"porcentaje":0.9587628865979382},{"rango":{"min":70,"max":79},"vacunados":3846,"personasINE":4318,"porcentaje":0.8906901343214451},{"rango":{"min":80,"max":null},"vacunados":2375,"personasINE":2605,"porcentaje":0.9117082533589251}]}}},{"ccaa":"Melilla","dosisAdministradas":105908,"dosisEntregadas":141100,"dosisEntregadasModerna":23500,"dosisEntregadasPfizer":96750,"dosisEntregadasAstrazeneca":15100,"dosisEntregadasJanssen":5750,"dosisPrimeraDosis":58220,"dosisPautaCompletada":55699,"porcentajeEntregadas":0.7505882352941177,"porcentajePoblacionAdministradas":1.2162708438605356,"porcentajePoblacionPrimeraDosis":0.6686113280352796,"porcentajePoblacionCompletas":0.6396596076990215,"fechaUltRegistro":1637107200000,"etarios":{"unaDosis":{"etarioTotal":{"vacunados":58220,"personasINE":70927,"porcentaje":0.8208439663315804},"etarioRangos":[{"rango":{"min":12,"max":19},"vacunados":8143,"personasINE":9574,"porcentaje":0.7457273864110046},{"rango":{"min":20,"max":29},"vacunados":8945,"personasINE":11995,"porcentaje":0.8435260789868355},{"rango":{"min":30,"max":39},"vacunados":8728,"personasINE":12133,"porcentaje":0.8435260789868355},{"rango":{"min":40,"max":49},"vacunados":10124,"personasINE":12002,"porcentaje":0.8435260789868355},{"rango":{"min":50,"max":59},"vacunados":9734,"personasINE":11299,"porcentaje":0.8614921674484468},{"rango":{"min":60,"max":69},"vacunados":7200,"personasINE":7827,"porcentaje":0.9198926791874281},{"rango":{"min":70,"max":79},"vacunados":3328,"personasINE":3748,"porcentaje":0.887940234791889},{"rango":{"min":80,"max":null},"vacunados":2018,"personasINE":2349,"porcentaje":0.8590889740315028}]},"pautaCompleta":{"etarioTotal":{"vacunados":55699,"personasINE":70927,"porcentaje":0.7853003792631861},"etarioRangos":[{"rango":{"min":12,"max":19},"vacunados":7436,"personasINE":9574,"porcentaje":0.6837849103793248},{"rango":{"min":20,"max":29},"vacunados":8202,"personasINE":11995,"porcentaje":0.823446092317947},{"rango":{"min":30,"max":39},"vacunados":8369,"personasINE":12133,"porcentaje":0.823446092317947},{"rango":{"min":40,"max":49},"vacunados":9883,"personasINE":12002,"porcentaje":0.823446092317947},{"rango":{"min":50,"max":59},"vacunados":9527,"personasINE":11299,"porcentaje":0.8431719621205417},{"rango":{"min":60,"max":69},"vacunados":7051,"personasINE":7827,"porcentaje":0.9008560112431327},{"rango":{"min":70,"max":79},"vacunados":3261,"personasINE":3748,"porcentaje":0.8700640341515475},{"rango":{"min":80,"max":null},"vacunados":1970,"personasINE":2349,"porcentaje":0.8386547467007237}]}}},{"ccaa":"Fuerzas Armadas","dosisAdministradas":177453,"dosisEntregadas":212238,"dosisEntregadasModerna":58300,"dosisEntregadasPfizer":48138,"dosisEntregadasAstrazeneca":103800,"dosisEntregadasJanssen":2000,"dosisPrimeraDosis":95196,"dosisPautaCompletada":89018,"porcentajeEntregadas":0.8361038079891443,"porcentajePoblacionAdministradas":null,"porcentajePoblacionPrimeraDosis":null,"porcentajePoblacionCompletas":null,"fechaUltRegistro":1637107200000},{"ccaa":"Sanidad Exterior","dosisAdministradas":7427,"dosisEntregadas":9430,"dosisEntregadasModerna":4990,"dosisEntregadasPfizer":0,"dosisEntregadasAstrazeneca":0,"dosisEntregadasJanssen":4440,"dosisPrimeraDosis":5625,"dosisPautaCompletada":5447,"porcentajeEntregadas":0.787592788971368,"porcentajePoblacionAdministradas":null,"porcentajePoblacionPrimeraDosis":null,"porcentajePoblacionCompletas":null,"fechaUltRegistro":1637020800000,"etarios":{"unaDosis":{"etarioTotal":{"vacunados":5625,"personasINE":"-","porcentaje":"-"},"etarioRangos":[{"rango":{"min":12,"max":19},"vacunados":178,"personasINE":null,"porcentaje":"-"},{"rango":{"min":20,"max":29},"vacunados":1368,"personasINE":null,"porcentaje":"-"},{"rango":{"min":30,"max":39},"vacunados":1650,"personasINE":null,"porcentaje":"-"},{"rango":{"min":40,"max":49},"vacunados":1391,"personasINE":null,"porcentaje":"-"},{"rango":{"min":50,"max":59},"vacunados":728,"personasINE":null,"porcentaje":"-"},{"rango":{"min":60,"max":69},"vacunados":240,"personasINE":null,"porcentaje":"-"},{"rango":{"min":70,"max":79},"vacunados":42,"personasINE":null,"porcentaje":"-"},{"rango":{"min":80,"max":null},"vacunados":28,"personasINE":null,"porcentaje":"-"}]},"pautaCompleta":{"etarioTotal":{"vacunados":5447,"personasINE":"-","porcentaje":"-"},"etarioRangos":[{"rango":{"min":12,"max":19},"vacunados":164,"personasINE":null,"porcentaje":"-"},{"rango":{"min":20,"max":29},"vacunados":1320,"personasINE":null,"porcentaje":"-"},{"rango":{"min":30,"max":39},"vacunados":1599,"personasINE":null,"porcentaje":"-"},{"rango":{"min":40,"max":49},"vacunados":1357,"personasINE":null,"porcentaje":"-"},{"rango":{"min":50,"max":59},"vacunados":709,"personasINE":null,"porcentaje":"-"},{"rango":{"min":60,"max":69},"vacunados":230,"personasINE":null,"porcentaje":"-"},{"rango":{"min":70,"max":79},"vacunados":41,"personasINE":null,"porcentaje":"-"},{"rango":{"min":80,"max":null},"vacunados":27,"personasINE":null,"porcentaje":"-"}]}}},{"ccaa":"Totales","dosisAdministradas":74502145,"dosisEntregadas":77832689,"dosisEntregadasModerna":10790560,"dosisEntregadasPfizer":55775979,"dosisEntregadasAstrazeneca":9107850,"dosisEntregadasJanssen":2158300,"dosisPrimeraDosis":38197655,"dosisPautaCompletada":37507587,"porcentajeEntregadas":0.9572089305561574,"porcentajePoblacionAdministradas":1.5871782062207074,"porcentajePoblacionPrimeraDosis":0.8137548998721772,"porcentajePoblacionCompletas":0.7990538346825735,"fechaUltRegistro":null,"etarios":{"unaDosis":{"etarioTotal":{"vacunados":38197655,"personasINE":42119827,"porcentaje":0.9068806241773025},"etarioRangos":[{"rango":{"min":12,"max":19},"vacunados":3366911,"personasINE":3888686,"porcentaje":0.8151183908231944},{"rango":{"min":20,"max":29},"vacunados":4030467,"personasINE":4944640,"porcentaje":0.8867780312496476},{"rango":{"min":30,"max":39},"vacunados":4935800,"personasINE":6230403,"porcentaje":0.8867780312496476},{"rango":{"min":40,"max":49},"vacunados":6998219,"personasINE":7891737,"porcentaje":0.8867780312496476},{"rango":{"min":50,"max":59},"vacunados":6693746,"personasINE":7033306,"porcentaje":0.95172113939021},{"rango":{"min":60,"max":69},"vacunados":5286458,"personasINE":5336986,"porcentaje":0.990532484064976},{"rango":{"min":70,"max":79},"vacunados":3946241,"personasINE":3960045,"porcentaje":0.9965141810257206},{"rango":{"min":80,"max":null},"vacunados":2939813,"personasINE":2939813,"porcentaje":1}]},"pautaCompleta":{"etarioTotal":{"vacunados":37507587,"personasINE":42119827,"porcentaje":0.8904971760686482},"etarioRangos":[{"rango":{"min":12,"max":19},"vacunados":3255295,"personasINE":3888686,"porcentaje":0.7839907455345586},{"rango":{"min":20,"max":29},"vacunados":3876552,"personasINE":4944640,"porcentaje":0.8737106925889699},{"rango":{"min":30,"max":39},"vacunados":4797176,"personasINE":6230403,"porcentaje":0.8737106925889699},{"rango":{"min":40,"max":49},"vacunados":6895095,"personasINE":7891737,"porcentaje":0.8737106925889699},{"rango":{"min":50,"max":59},"vacunados":6628908,"personasINE":7033306,"porcentaje":0.9425024305781662},{"rango":{"min":60,"max":69},"vacunados":5222902,"personasINE":5336986,"porcentaje":0.9786238899633614},{"rango":{"min":70,"max":79},"vacunados":3923438,"personasINE":3960045,"porcentaje":0.9907559131272499},{"rango":{"min":80,"max":null},"vacunados":2908221,"personasINE":2908221,"porcentaje":1}]}}}]