[{"ccaa":"Andalucía","dosisAdministradas":12809353,"dosisEntregadas":13316870,"dosisEntregadasModerna":2019500,"dosisEntregadasPfizer":9434970,"dosisEntregadasAstrazeneca":1528900,"dosisEntregadasJanssen":333500,"dosisPrimeraDosis":6816142,"dosisPautaCompletada":6666861,"porcentajeEntregadas":0.9618891676497555,"porcentajePoblacionAdministradas":1.5133188830268285,"porcentajePoblacionPrimeraDosis":0.8052706797909506,"porcentajePoblacionCompletas":0.7876343669984834,"fechaUltRegistro":1634428800000,"etarios":{"unaDosis":{"etarioTotal":{"vacunados":6816142,"personasINE":7451975,"porcentaje":0.9146759080646406},"etarioRangos":[{"rango":{"min":12,"max":19},"vacunados":657376,"personasINE":752907,"porcentaje":0.817244409220909},{"rango":{"min":20,"max":29},"vacunados":758952,"personasINE":928672,"porcentaje":0.9001338517984802},{"rango":{"min":30,"max":39},"vacunados":923870,"personasINE":1140217,"porcentaje":0.9001338517984802},{"rango":{"min":40,"max":49},"vacunados":1246788,"personasINE":1385114,"porcentaje":0.9001338517984802},{"rango":{"min":50,"max":59},"vacunados":1213091,"personasINE":1265021,"porcentaje":0.9589492980748936},{"rango":{"min":60,"max":69},"vacunados":928075,"personasINE":928075,"porcentaje":1},{"rango":{"min":70,"max":79},"vacunados":653977,"personasINE":653977,"porcentaje":1},{"rango":{"min":80,"max":null},"vacunados":434013,"personasINE":434013,"porcentaje":1}]},"pautaCompleta":{"etarioTotal":{"vacunados":6666861,"personasINE":7451975,"porcentaje":0.8946435005485123},"etarioRangos":[{"rango":{"min":12,"max":19},"vacunados":630125,"personasINE":752907,"porcentaje":0.776509898004893},{"rango":{"min":20,"max":29},"vacunados":721123,"personasINE":928672,"porcentaje":0.8863963543794952},{"rango":{"min":30,"max":39},"vacunados":894202,"personasINE":1140217,"porcentaje":0.8863963543794952},{"rango":{"min":40,"max":49},"vacunados":1227760,"personasINE":1385114,"porcentaje":0.8863963543794952},{"rango":{"min":50,"max":59},"vacunados":1199502,"personasINE":1265021,"porcentaje":0.9482071839123619},{"rango":{"min":60,"max":69},"vacunados":917765,"personasINE":916147,"porcentaje":1.0017660921227707},{"rango":{"min":70,"max":79},"vacunados":648832,"personasINE":650381,"porcentaje":0.997618319108338},{"rango":{"min":80,"max":null},"vacunados":427552,"personasINE":427552,"porcentaje":1}]}}},{"ccaa":"Aragón","dosisAdministradas":1997389,"dosisEntregadas":2136845,"dosisEntregadasModerna":275200,"dosisEntregadasPfizer":1531845,"dosisEntregadasAstrazeneca":265100,"dosisEntregadasJanssen":64700,"dosisPrimeraDosis":1064065,"dosisPautaCompletada":1043716,"porcentajeEntregadas":0.9347374283113656,"porcentajePoblacionAdministradas":1.5024842202181299,"porcentajePoblacionPrimeraDosis":0.8004153781694023,"porcentajePoblacionCompletas":0.785108369170545,"fechaUltRegistro":1634256000000,"etarios":{"unaDosis":{"etarioTotal":{"vacunados":1064065,"personasINE":1185134,"porcentaje":0.8978436193713116},"etarioRangos":[{"rango":{"min":12,"max":19},"vacunados":87592,"personasINE":103109,"porcentaje":0.7915123350281056},{"rango":{"min":20,"max":29},"vacunados":103214,"personasINE":130401,"porcentaje":0.8721149327961366},{"rango":{"min":30,"max":39},"vacunados":125020,"personasINE":164286,"porcentaje":0.8721149327961366},{"rango":{"min":40,"max":49},"vacunados":187455,"personasINE":214943,"porcentaje":0.8721149327961366},{"rango":{"min":50,"max":59},"vacunados":185827,"personasINE":198266,"porcentaje":0.9372610533323918},{"rango":{"min":60,"max":69},"vacunados":154466,"personasINE":156367,"porcentaje":0.9878427033837063},{"rango":{"min":70,"max":79},"vacunados":119250,"personasINE":119250,"porcentaje":1},{"rango":{"min":80,"max":null},"vacunados":101241,"personasINE":101241,"porcentaje":1}]},"pautaCompleta":{"etarioTotal":{"vacunados":1043716,"personasINE":1185134,"porcentaje":0.8806734090828547},"etarioRangos":[{"rango":{"min":12,"max":19},"vacunados":84217,"personasINE":103109,"porcentaje":0.7601015329637043},{"rango":{"min":20,"max":29},"vacunados":99118,"personasINE":130401,"porcentaje":0.859339452785157},{"rango":{"min":30,"max":39},"vacunados":121258,"personasINE":164286,"porcentaje":0.859339452785157},{"rango":{"min":40,"max":49},"vacunados":184709,"personasINE":214943,"porcentaje":0.859339452785157},{"rango":{"min":50,"max":59},"vacunados":183691,"personasINE":198266,"porcentaje":0.9264876479073568},{"rango":{"min":60,"max":69},"vacunados":152373,"personasINE":156367,"porcentaje":0.9744575262043782},{"rango":{"min":70,"max":79},"vacunados":118464,"personasINE":118955,"porcentaje":0.995872388718423},{"rango":{"min":80,"max":null},"vacunados":99886,"personasINE":99886,"porcentaje":1}]}}},{"ccaa":"Asturias","dosisAdministradas":1672961,"dosisEntregadas":1650625,"dosisEntregadasModerna":162000,"dosisEntregadasPfizer":1224725,"dosisEntregadasAstrazeneca":220900,"dosisEntregadasJanssen":43000,"dosisPrimeraDosis":872960,"dosisPautaCompletada":863437,"porcentajeEntregadas":1.0135318439984855,"porcentajePoblacionAdministradas":1.6421155024028646,"porcentajePoblacionPrimeraDosis":0.8568646543330087,"porcentajePoblacionCompletas":0.8475172362345699,"fechaUltRegistro":1634342400000,"etarios":{"unaDosis":{"etarioTotal":{"vacunados":872960,"personasINE":933927,"porcentaje":0.9347197371957338},"etarioRangos":[{"rango":{"min":12,"max":19},"vacunados":60445,"personasINE":64000,"porcentaje":0.8407806752537573},{"rango":{"min":20,"max":29},"vacunados":66515,"personasINE":79111,"porcentaje":0.9015946776212177},{"rango":{"min":30,"max":39},"vacunados":90861,"personasINE":114451,"porcentaje":0.9015946776212177},{"rango":{"min":40,"max":49},"vacunados":150560,"personasINE":166993,"porcentaje":0.9015946776212177},{"rango":{"min":50,"max":59},"vacunados":153139,"personasINE":162645,"porcentaje":0.9415536905530449},{"rango":{"min":60,"max":69},"vacunados":148152,"personasINE":149652,"porcentaje":0.989976746050838},{"rango":{"min":70,"max":79},"vacunados":114344,"personasINE":114344,"porcentaje":1},{"rango":{"min":80,"max":null},"vacunados":88944,"personasINE":88944,"porcentaje":1}]},"pautaCompleta":{"etarioTotal":{"vacunados":863437,"personasINE":933927,"porcentaje":0.9245230087576438},"etarioRangos":[{"rango":{"min":12,"max":19},"vacunados":59039,"personasINE":64000,"porcentaje":0.8146528295685809},{"rango":{"min":20,"max":29},"vacunados":64448,"personasINE":79111,"porcentaje":0.8950494930925248},{"rango":{"min":30,"max":39},"vacunados":88939,"personasINE":114451,"porcentaje":0.8950494930925248},{"rango":{"min":40,"max":49},"vacunados":149467,"personasINE":166993,"porcentaje":0.8950494930925248},{"rango":{"min":50,"max":59},"vacunados":152262,"personasINE":162645,"porcentaje":0.9361615788988288},{"rango":{"min":60,"max":69},"vacunados":147226,"personasINE":149652,"porcentaje":0.9837890572795552},{"rango":{"min":70,"max":79},"vacunados":113908,"personasINE":113908,"porcentaje":1},{"rango":{"min":80,"max":null},"vacunados":88148,"personasINE":88148,"porcentaje":1}]}}},{"ccaa":"Baleares","dosisAdministradas":1599036,"dosisEntregadas":1891250,"dosisEntregadasModerna":305100,"dosisEntregadasPfizer":1272150,"dosisEntregadasAstrazeneca":256400,"dosisEntregadasJanssen":57600,"dosisPrimeraDosis":853205,"dosisPautaCompletada":835294,"porcentajeEntregadas":0.8454916060806345,"porcentajePoblacionAdministradas":1.3648974045340205,"porcentajePoblacionPrimeraDosis":0.728274591713663,"porcentajePoblacionCompletas":0.7129862070790403,"fechaUltRegistro":1634428800000,"etarios":{"unaDosis":{"etarioTotal":{"vacunados":853205,"personasINE":1034867,"porcentaje":0.8244586019266243},"etarioRangos":[{"rango":{"min":12,"max":19},"vacunados":73925,"personasINE":95480,"porcentaje":0.6968073538153717},{"rango":{"min":20,"max":29},"vacunados":96119,"personasINE":137942,"porcentaje":0.8095231166210737},{"rango":{"min":30,"max":39},"vacunados":125384,"personasINE":182187,"porcentaje":0.8095231166210737},{"rango":{"min":40,"max":49},"vacunados":166901,"personasINE":206172,"porcentaje":0.8095231166210737},{"rango":{"min":50,"max":59},"vacunados":149978,"personasINE":165797,"porcentaje":0.9045881409193169},{"rango":{"min":60,"max":69},"vacunados":110228,"personasINE":117231,"porcentaje":0.9402632409516254},{"rango":{"min":70,"max":79},"vacunados":79201,"personasINE":80516,"porcentaje":0.9836678424164141},{"rango":{"min":80,"max":null},"vacunados":51469,"personasINE":51469,"porcentaje":1}]},"pautaCompleta":{"etarioTotal":{"vacunados":835294,"personasINE":1034867,"porcentaje":0.8071510638565149},"etarioRangos":[{"rango":{"min":12,"max":19},"vacunados":71457,"personasINE":95480,"porcentaje":0.6658378158936364},{"rango":{"min":20,"max":29},"vacunados":91847,"personasINE":137942,"porcentaje":0.7965339619346953},{"rango":{"min":30,"max":39},"vacunados":120843,"personasINE":182187,"porcentaje":0.7965339619346953},{"rango":{"min":40,"max":49},"vacunados":164223,"personasINE":206172,"porcentaje":0.7965339619346953},{"rango":{"min":50,"max":59},"vacunados":148194,"personasINE":165797,"porcentaje":0.8938279944751715},{"rango":{"min":60,"max":69},"vacunados":109158,"personasINE":117231,"porcentaje":0.9311359623307828},{"rango":{"min":70,"max":79},"vacunados":78733,"personasINE":80516,"porcentaje":0.9778553331014953},{"rango":{"min":80,"max":null},"vacunados":50839,"personasINE":50839,"porcentaje":1}]}}},{"ccaa":"Canarias","dosisAdministradas":3136793,"dosisEntregadas":3522840,"dosisEntregadasModerna":574700,"dosisEntregadasPfizer":2358690,"dosisEntregadasAstrazeneca":455800,"dosisEntregadasJanssen":133650,"dosisPrimeraDosis":1669101,"dosisPautaCompletada":1626391,"porcentajeEntregadas":0.8904159712050504,"porcentajePoblacionAdministradas":1.4415727001330911,"porcentajePoblacionPrimeraDosis":0.7670670125076289,"porcentajePoblacionCompletas":0.747438822179901,"fechaUltRegistro":1634428800000,"etarios":{"unaDosis":{"etarioTotal":{"vacunados":1669101,"personasINE":1960774,"porcentaje":0.8512459875538946},"etarioRangos":[{"rango":{"min":12,"max":19},"vacunados":148109,"personasINE":179797,"porcentaje":0.739493461715684},{"rango":{"min":20,"max":29},"vacunados":186166,"personasINE":251748,"porcentaje":0.8180623008630556},{"rango":{"min":30,"max":39},"vacunados":228467,"personasINE":310934,"porcentaje":0.8180623008630556},{"rango":{"min":40,"max":49},"vacunados":317346,"personasINE":387924,"porcentaje":0.8180623008630556},{"rango":{"min":50,"max":59},"vacunados":320376,"personasINE":350512,"porcentaje":0.914022915049984},{"rango":{"min":60,"max":69},"vacunados":224281,"personasINE":235092,"porcentaje":0.9540137478093682},{"rango":{"min":70,"max":79},"vacunados":151337,"personasINE":154531,"porcentaje":0.9793310080178087},{"rango":{"min":80,"max":null},"vacunados":93019,"personasINE":93019,"porcentaje":1}]},"pautaCompleta":{"etarioTotal":{"vacunados":1626391,"personasINE":1960774,"porcentaje":0.8294637729794458},"etarioRangos":[{"rango":{"min":12,"max":19},"vacunados":138236,"personasINE":179797,"porcentaje":0.6967920301253635},{"rango":{"min":20,"max":29},"vacunados":175416,"personasINE":251747.99999999997,"porcentaje":0.8058923912931399},{"rango":{"min":30,"max":39},"vacunados":220135,"personasINE":310934,"porcentaje":0.8058923912931399},{"rango":{"min":40,"max":49},"vacunados":312625,"personasINE":387924,"porcentaje":0.8058923912931399},{"rango":{"min":50,"max":59},"vacunados":317645,"personasINE":350512,"porcentaje":0.9062314556990916},{"rango":{"min":60,"max":69},"vacunados":220355,"personasINE":235092,"porcentaje":0.9373139026423698},{"rango":{"min":70,"max":79},"vacunados":150112,"personasINE":154531,"porcentaje":0.9714037960020967},{"rango":{"min":80,"max":null},"vacunados":91867,"personasINE":91867,"porcentaje":1}]}}},{"ccaa":"Cantabria","dosisAdministradas":918197,"dosisEntregadas":989605,"dosisEntregadasModerna":114900,"dosisEntregadasPfizer":727305,"dosisEntregadasAstrazeneca":125200,"dosisEntregadasJanssen":22200,"dosisPrimeraDosis":481238,"dosisPautaCompletada":474532,"porcentajeEntregadas":0.9278419167243496,"porcentajePoblacionAdministradas":1.575208653211072,"porcentajePoblacionPrimeraDosis":0.8255856443159691,"porcentajePoblacionCompletas":0.8140811967644813,"fechaUltRegistro":1634342400000,"etarios":{"unaDosis":{"etarioTotal":{"vacunados":481238,"personasINE":524127,"porcentaje":0.9181705960578257},"etarioRangos":[{"rango":{"min":12,"max":19},"vacunados":38930,"personasINE":43963,"porcentaje":0.8096228096228096},{"rango":{"min":20,"max":29},"vacunados":40890,"personasINE":50505,"porcentaje":0.898832963413761},{"rango":{"min":30,"max":39},"vacunados":54453,"personasINE":70473,"porcentaje":0.898832963413761},{"rango":{"min":40,"max":49},"vacunados":87878,"personasINE":97769,"porcentaje":0.898832963413761},{"rango":{"min":50,"max":59},"vacunados":84227,"personasINE":89964,"porcentaje":0.9362300475745854},{"rango":{"min":60,"max":69},"vacunados":76640,"personasINE":77345,"porcentaje":0.9908849957980477},{"rango":{"min":70,"max":79},"vacunados":55910,"personasINE":55910,"porcentaje":1},{"rango":{"min":80,"max":null},"vacunados":42310,"personasINE":42310,"porcentaje":1}]},"pautaCompleta":{"etarioTotal":{"vacunados":474532,"personasINE":524127,"porcentaje":0.9053759871176261},"etarioRangos":[{"rango":{"min":12,"max":19},"vacunados":37448,"personasINE":43963,"porcentaje":0.7828135828135828},{"rango":{"min":20,"max":29},"vacunados":39536,"personasINE":50505,"porcentaje":0.8887581953379906},{"rango":{"min":30,"max":39},"vacunados":53292,"personasINE":70473,"porcentaje":0.8887581953379906},{"rango":{"min":40,"max":49},"vacunados":86893,"personasINE":97769,"porcentaje":0.8887581953379906},{"rango":{"min":50,"max":59},"vacunados":83643,"personasINE":89964,"porcentaje":0.9297385620915033},{"rango":{"min":60,"max":69},"vacunados":76199,"personasINE":77345,"porcentaje":0.9851832697653371},{"rango":{"min":70,"max":79},"vacunados":55683,"personasINE":55683,"porcentaje":1},{"rango":{"min":80,"max":null},"vacunados":41838,"personasINE":41838,"porcentaje":1}]}}},{"ccaa":"Castilla y Leon","dosisAdministradas":3789593,"dosisEntregadas":3912325,"dosisEntregadasModerna":412400,"dosisEntregadasPfizer":2916525,"dosisEntregadasAstrazeneca":481200,"dosisEntregadasJanssen":102200,"dosisPrimeraDosis":1997532,"dosisPautaCompletada":1957559,"porcentajeEntregadas":0.9686293955640188,"porcentajePoblacionAdministradas":1.5823477045978191,"porcentajePoblacionPrimeraDosis":0.8340711456509158,"porcentajePoblacionCompletas":0.8173803863013264,"fechaUltRegistro":1634428800000,"etarios":{"unaDosis":{"etarioTotal":{"vacunados":1997532,"personasINE":2176253,"porcentaje":0.9178767358390776},"etarioRangos":[{"rango":{"min":12,"max":19},"vacunados":142118,"personasINE":165342,"porcentaje":0.8131854070500365},{"rango":{"min":20,"max":29},"vacunados":171587,"personasINE":211006,"porcentaje":0.880750333741622},{"rango":{"min":30,"max":39},"vacunados":211138,"personasINE":267783,"porcentaje":0.880750333741622},{"rango":{"min":40,"max":49},"vacunados":319981,"personasINE":363305,"porcentaje":0.880750333741622},{"rango":{"min":50,"max":59},"vacunados":352603,"personasINE":381175,"porcentaje":0.9250423034039483},{"rango":{"min":60,"max":69},"vacunados":320326,"personasINE":320326,"porcentaje":1},{"rango":{"min":70,"max":79},"vacunados":250463,"personasINE":250463,"porcentaje":1},{"rango":{"min":80,"max":null},"vacunados":229316,"personasINE":229316,"porcentaje":1}]},"pautaCompleta":{"etarioTotal":{"vacunados":1957559,"personasINE":2176253,"porcentaje":0.8995089265816061},"etarioRangos":[{"rango":{"min":12,"max":19},"vacunados":131713,"personasINE":165342,"porcentaje":0.777627176478394},{"rango":{"min":20,"max":29},"vacunados":164084,"personasINE":211006,"porcentaje":0.8669905451342536},{"rango":{"min":30,"max":39},"vacunados":204946,"personasINE":267783,"porcentaje":0.8669905451342536},{"rango":{"min":40,"max":49},"vacunados":314982,"personasINE":363305,"porcentaje":0.8669905451342536},{"rango":{"min":50,"max":59},"vacunados":348451,"personasINE":381175,"porcentaje":0.9141496687873024},{"rango":{"min":60,"max":69},"vacunados":317544,"personasINE":318575,"porcentaje":0.9967637134112847},{"rango":{"min":70,"max":79},"vacunados":249008,"personasINE":249008,"porcentaje":1},{"rango":{"min":80,"max":null},"vacunados":226831,"personasINE":226831,"porcentaje":1}]}}},{"ccaa":"Castilla La Mancha","dosisAdministradas":3018178,"dosisEntregadas":3267280,"dosisEntregadasModerna":446800,"dosisEntregadasPfizer":2330505,"dosisEntregadasAstrazeneca":394900,"dosisEntregadasJanssen":95075,"dosisPrimeraDosis":1614679,"dosisPautaCompletada":1551613,"porcentajeEntregadas":0.9237586004260424,"porcentajePoblacionAdministradas":1.475722183568426,"porcentajePoblacionPrimeraDosis":0.7894887642949099,"porcentajePoblacionCompletas":0.7586529768665586,"fechaUltRegistro":1634428800000},{"ccaa":"Cataluña","dosisAdministradas":11101066,"dosisEntregadas":11863410,"dosisEntregadasModerna":1604900,"dosisEntregadasPfizer":8368460,"dosisEntregadasAstrazeneca":1514300,"dosisEntregadasJanssen":375750,"dosisPrimeraDosis":5943762,"dosisPautaCompletada":5804400,"porcentajeEntregadas":0.9357398926615534,"porcentajePoblacionAdministradas":1.4267843920663497,"porcentajePoblacionPrimeraDosis":0.7639326576165811,"porcentajePoblacionCompletas":0.7460209069390201,"fechaUltRegistro":1634428800000,"etarios":{"unaDosis":{"etarioTotal":{"vacunados":5943762,"personasINE":6868360,"porcentaje":0.8653830026381844},"etarioRangos":[{"rango":{"min":12,"max":19},"vacunados":521893,"personasINE":656166,"porcentaje":0.74871354753348},{"rango":{"min":20,"max":29},"vacunados":628122,"personasINE":838935,"porcentaje":0.8537419641467091},{"rango":{"min":30,"max":39},"vacunados":770513,"personasINE":1044651.9999999999,"porcentaje":0.8537419641467091},{"rango":{"min":40,"max":49},"vacunados":1124169,"personasINE":1316755,"porcentaje":0.8537419641467091},{"rango":{"min":50,"max":59},"vacunados":1023532,"personasINE":1091780,"porcentaje":0.9374892377585228},{"rango":{"min":60,"max":69},"vacunados":798690,"personasINE":837584,"porcentaje":0.9535640604405051},{"rango":{"min":70,"max":79},"vacunados":618128,"personasINE":635292,"porcentaje":0.9729825025342677},{"rango":{"min":80,"max":null},"vacunados":458715,"personasINE":458715,"porcentaje":1}]},"pautaCompleta":{"etarioTotal":{"vacunados":5804400,"personasINE":6868360,"porcentaje":0.8450925694052146},"etarioRangos":[{"rango":{"min":12,"max":19},"vacunados":498107,"personasINE":656166,"porcentaje":0.709857140302884},{"rango":{"min":20,"max":29},"vacunados":595524,"personasINE":838935,"porcentaje":0.8391378806231987},{"rango":{"min":30,"max":39},"vacunados":740499,"personasINE":1044652,"porcentaje":0.8391378806231987},{"rango":{"min":40,"max":49},"vacunados":1104939,"personasINE":1316755,"porcentaje":0.8391378806231987},{"rango":{"min":50,"max":59},"vacunados":1012027,"personasINE":1091780,"porcentaje":0.9269514004652952},{"rango":{"min":60,"max":69},"vacunados":786461,"personasINE":837584,"porcentaje":0.9389637337867008},{"rango":{"min":70,"max":79},"vacunados":613955,"personasINE":635292,"porcentaje":0.9664138695277132},{"rango":{"min":80,"max":null},"vacunados":452888,"personasINE":452888,"porcentaje":1}]}}},{"ccaa":"C. Valenciana","dosisAdministradas":7638173,"dosisEntregadas":8088540,"dosisEntregadasModerna":1213650,"dosisEntregadasPfizer":5797540,"dosisEntregadasAstrazeneca":863900,"dosisEntregadasJanssen":213450,"dosisPrimeraDosis":4065184,"dosisPautaCompletada":3994031,"porcentajeEntregadas":0.9443203594220959,"porcentajePoblacionAdministradas":1.5103104331455606,"porcentajePoblacionPrimeraDosis":0.8038165419736372,"porcentajePoblacionCompletas":0.7897473243414094,"fechaUltRegistro":1634342400000,"etarios":{"unaDosis":{"etarioTotal":{"vacunados":4065184,"personasINE":4488459,"porcentaje":0.9056970332134036},"etarioRangos":[{"rango":{"min":12,"max":19},"vacunados":367717,"personasINE":424531,"porcentaje":0.8185036212087746},{"rango":{"min":20,"max":29},"vacunados":422451,"personasINE":516126,"porcentaje":0.882744942389982},{"rango":{"min":30,"max":39},"vacunados":507488,"personasINE":648759,"porcentaje":0.882744942389982},{"rango":{"min":40,"max":49},"vacunados":751735,"personasINE":851588,"porcentaje":0.882744942389982},{"rango":{"min":50,"max":59},"vacunados":714432,"personasINE":752334,"porcentaje":0.9496207801322285},{"rango":{"min":60,"max":69},"vacunados":569797,"personasINE":580728,"porcentaje":0.9811770742929564},{"rango":{"min":70,"max":79},"vacunados":434345,"personasINE":437862,"porcentaje":0.9919677889380673},{"rango":{"min":80,"max":null},"vacunados":297219,"personasINE":297219,"porcentaje":1}]},"pautaCompleta":{"etarioTotal":{"vacunados":3994031,"personasINE":4488459,"porcentaje":0.8898445992265942},"etarioRangos":[{"rango":{"min":12,"max":19},"vacunados":353034,"personasINE":424531,"porcentaje":0.7872612501598447},{"rango":{"min":20,"max":29},"vacunados":406326,"personasINE":516126,"porcentaje":0.8724817634818716},{"rango":{"min":30,"max":39},"vacunados":494078,"personasINE":648759,"porcentaje":0.8724817634818716},{"rango":{"min":40,"max":49},"vacunados":742995,"personasINE":851588,"porcentaje":0.8724817634818716},{"rango":{"min":50,"max":59},"vacunados":708798,"personasINE":752334,"porcentaje":0.9421320849516305},{"rango":{"min":60,"max":69},"vacunados":564077,"personasINE":580728,"porcentaje":0.9713273684065518},{"rango":{"min":70,"max":79},"vacunados":431613,"personasINE":437862,"porcentaje":0.9857283801745755},{"rango":{"min":80,"max":null},"vacunados":293110,"personasINE":293110,"porcentaje":1}]}}},{"ccaa":"Extremadura","dosisAdministradas":1703910,"dosisEntregadas":1682775,"dosisEntregadasModerna":218200,"dosisEntregadasPfizer":1226825,"dosisEntregadasAstrazeneca":186000,"dosisEntregadasJanssen":51750,"dosisPrimeraDosis":895976,"dosisPautaCompletada":880961,"porcentajeEntregadas":1.0125596113562418,"porcentajePoblacionAdministradas":1.601438739383094,"porcentajePoblacionPrimeraDosis":0.8420929954971255,"porcentajePoblacionCompletas":0.8279809809706321,"fechaUltRegistro":1634428800000,"etarios":{"unaDosis":{"etarioTotal":{"vacunados":895976,"personasINE":953437,"porcentaje":0.9397327773098799},"etarioRangos":[{"rango":{"min":12,"max":19},"vacunados":75797,"personasINE":84750,"porcentaje":0.8189463466290152},{"rango":{"min":20,"max":29},"vacunados":92803,"personasINE":113320,"porcentaje":0.9162413633114725},{"rango":{"min":30,"max":39},"vacunados":112840,"personasINE":133479,"porcentaje":0.9162413633114725},{"rango":{"min":40,"max":49},"vacunados":146135,"personasINE":159494,"porcentaje":0.9162413633114725},{"rango":{"min":50,"max":59},"vacunados":161416,"personasINE":169216,"porcentaje":0.9539050680786687},{"rango":{"min":60,"max":69},"vacunados":132822,"personasINE":132822,"porcentaje":1},{"rango":{"min":70,"max":79},"vacunados":95910,"personasINE":95910,"porcentaje":1},{"rango":{"min":80,"max":null},"vacunados":78253,"personasINE":78253,"porcentaje":1}]},"pautaCompleta":{"etarioTotal":{"vacunados":880961,"personasINE":953437,"porcentaje":0.9239844897984869},"etarioRangos":[{"rango":{"min":12,"max":19},"vacunados":72877,"personasINE":84750,"porcentaje":0.7880250617719732},{"rango":{"min":20,"max":29},"vacunados":89299,"personasINE":113320,"porcentaje":0.9042597213688289},{"rango":{"min":30,"max":39},"vacunados":110070,"personasINE":133479,"porcentaje":0.9042597213688289},{"rango":{"min":40,"max":49},"vacunados":144224,"personasINE":159494,"porcentaje":0.9042597213688289},{"rango":{"min":50,"max":59},"vacunados":160173,"personasINE":169216,"porcentaje":0.9465594270045385},{"rango":{"min":60,"max":69},"vacunados":131568,"personasINE":125297,"porcentaje":1.0500490833778942},{"rango":{"min":70,"max":79},"vacunados":95393,"personasINE":95393,"porcentaje":1},{"rango":{"min":80,"max":null},"vacunados":77357,"personasINE":77357,"porcentaje":1}]}}},{"ccaa":"Galicia","dosisAdministradas":4401287,"dosisEntregadas":4358529,"dosisEntregadasModerna":507400,"dosisEntregadasPfizer":3155029,"dosisEntregadasAstrazeneca":573400,"dosisEntregadasJanssen":122700,"dosisPrimeraDosis":2305995,"dosisPautaCompletada":2281355,"porcentajeEntregadas":1.009810190548233,"porcentajePoblacionAdministradas":1.6290088270161696,"porcentajePoblacionPrimeraDosis":0.8534972179853647,"porcentajePoblacionCompletas":0.8443774360902785,"fechaUltRegistro":1634342400000,"etarios":{"unaDosis":{"etarioTotal":{"vacunados":2305995,"personasINE":2454497,"porcentaje":0.9394979908307078},"etarioRangos":[{"rango":{"min":12,"max":19},"vacunados":167630,"personasINE":180007,"porcentaje":0.8574904429368649},{"rango":{"min":20,"max":29},"vacunados":198064,"personasINE":230981,"porcentaje":0.9193562579390417},{"rango":{"min":30,"max":39},"vacunados":262866,"personasINE":323408,"porcentaje":0.9193562579390417},{"rango":{"min":40,"max":49},"vacunados":407478,"personasINE":443221,"porcentaje":0.9193562579390417},{"rango":{"min":50,"max":59},"vacunados":390625,"personasINE":405889,"porcentaje":0.9623936593502165},{"rango":{"min":60,"max":69},"vacunados":345814,"personasINE":346927,"porcentaje":0.9967918322874841},{"rango":{"min":70,"max":79},"vacunados":291260,"personasINE":291260,"porcentaje":1},{"rango":{"min":80,"max":null},"vacunados":242258,"personasINE":242258,"porcentaje":1}]},"pautaCompleta":{"etarioTotal":{"vacunados":2281355,"personasINE":2454497,"porcentaje":0.9294592741404858},"etarioRangos":[{"rango":{"min":12,"max":19},"vacunados":163063,"personasINE":180007,"porcentaje":0.8328174178828561},{"rango":{"min":20,"max":29},"vacunados":192365,"personasINE":230981,"porcentaje":0.9119649114098836},{"rango":{"min":30,"max":39},"vacunados":258309,"personasINE":323408,"porcentaje":0.9119649114098836},{"rango":{"min":40,"max":49},"vacunados":404202,"personasINE":443221,"porcentaje":0.9119649114098836},{"rango":{"min":50,"max":59},"vacunados":388380,"personasINE":405889,"porcentaje":0.9568625905111989},{"rango":{"min":60,"max":69},"vacunados":344421,"personasINE":346927,"porcentaje":0.992776578357983},{"rango":{"min":70,"max":79},"vacunados":289993,"personasINE":289993,"porcentaje":1},{"rango":{"min":80,"max":null},"vacunados":240622,"personasINE":240622,"porcentaje":1}]}}},{"ccaa":"La Rioja","dosisAdministradas":479582,"dosisEntregadas":510565,"dosisEntregadasModerna":67600,"dosisEntregadasPfizer":374465,"dosisEntregadasAstrazeneca":53300,"dosisEntregadasJanssen":15200,"dosisPrimeraDosis":258930,"dosisPautaCompletada":253326,"porcentajeEntregadas":0.9393162476863867,"porcentajePoblacionAdministradas":1.499096632219909,"porcentajePoblacionPrimeraDosis":0.8093737692004727,"porcentajePoblacionCompletas":0.7918565614508899,"fechaUltRegistro":1634256000000,"etarios":{"unaDosis":{"etarioTotal":{"vacunados":258930,"personasINE":283970,"porcentaje":0.9118216713033067},"etarioRangos":[{"rango":{"min":12,"max":19},"vacunados":21555,"personasINE":25532,"porcentaje":0.7786788364304944},{"rango":{"min":20,"max":29},"vacunados":23717,"personasINE":30458.000000000004,"porcentaje":0.8957259145938391},{"rango":{"min":30,"max":39},"vacunados":30851,"personasINE":39319,"porcentaje":0.8957259145938391},{"rango":{"min":40,"max":49},"vacunados":47426,"personasINE":52947,"porcentaje":0.8957259145938391},{"rango":{"min":50,"max":59},"vacunados":45347,"personasINE":47664,"porcentaje":0.9513888888888888},{"rango":{"min":60,"max":69},"vacunados":38014,"personasINE":38014,"porcentaje":1},{"rango":{"min":70,"max":79},"vacunados":28658,"personasINE":28658,"porcentaje":1},{"rango":{"min":80,"max":null},"vacunados":23362,"personasINE":23362,"porcentaje":1}]},"pautaCompleta":{"etarioTotal":{"vacunados":253326,"personasINE":283970,"porcentaje":0.8920871923090468},"etarioRangos":[{"rango":{"min":12,"max":19},"vacunados":20309,"personasINE":25532,"porcentaje":0.7412502462407249},{"rango":{"min":20,"max":29},"vacunados":22577,"personasINE":30458.000000000004,"porcentaje":0.8811264094282962},{"rango":{"min":30,"max":39},"vacunados":29945,"personasINE":39319,"porcentaje":0.8811264094282962},{"rango":{"min":40,"max":49},"vacunados":46653,"personasINE":52947,"porcentaje":0.8811264094282962},{"rango":{"min":50,"max":59},"vacunados":44716,"personasINE":47664,"porcentaje":0.9381503860355824},{"rango":{"min":60,"max":69},"vacunados":37425,"personasINE":37718,"porcentaje":0.9922318256535341},{"rango":{"min":70,"max":79},"vacunados":28546,"personasINE":28546,"porcentaje":1},{"rango":{"min":80,"max":null},"vacunados":23155,"personasINE":23155,"porcentaje":1}]}}},{"ccaa":"Madrid","dosisAdministradas":9832598,"dosisEntregadas":10825829,"dosisEntregadasModerna":1645800,"dosisEntregadasPfizer":7637679,"dosisEntregadasAstrazeneca":1220900,"dosisEntregadasJanssen":321450,"dosisPrimeraDosis":5316707,"dosisPautaCompletada":5192127,"porcentajeEntregadas":0.9082535850141361,"porcentajePoblacionAdministradas":1.4502596503069076,"porcentajePoblacionPrimeraDosis":0.7841880278848264,"porcentajePoblacionCompletas":0.7658130930776438,"fechaUltRegistro":1634428800000,"etarios":{"unaDosis":{"etarioTotal":{"vacunados":5316707,"personasINE":5977937,"porcentaje":0.8893882622048376},"etarioRangos":[{"rango":{"min":12,"max":19},"vacunados":447918,"personasINE":553542,"porcentaje":0.795357419441732},{"rango":{"min":20,"max":29},"vacunados":590533,"personasINE":742475,"porcentaje":0.880926712585476},{"rango":{"min":30,"max":39},"vacunados":739794,"personasINE":949640,"porcentaje":0.880926712585476},{"rango":{"min":40,"max":49},"vacunados":1027135,"personasINE":1165971,"porcentaje":0.880926712585476},{"rango":{"min":50,"max":59},"vacunados":938726,"personasINE":972783,"porcentaje":0.9649901365463829},{"rango":{"min":60,"max":69},"vacunados":688053,"personasINE":703323,"porcentaje":0.9782887805460649},{"rango":{"min":70,"max":79},"vacunados":510765,"personasINE":526081,"porcentaje":0.9708866125178442},{"rango":{"min":80,"max":null},"vacunados":373783,"personasINE":373783,"porcentaje":1}]},"pautaCompleta":{"etarioTotal":{"vacunados":5192127,"personasINE":5977937,"porcentaje":0.8685482968455506},"etarioRangos":[{"rango":{"min":12,"max":19},"vacunados":429496,"personasINE":553542,"porcentaje":0.7546597528536314},{"rango":{"min":20,"max":29},"vacunados":560316,"personasINE":742475,"porcentaje":0.8628542219317633},{"rango":{"min":30,"max":39},"vacunados":710959,"personasINE":949640,"porcentaje":0.8628542219317633},{"rango":{"min":40,"max":49},"vacunados":1006063,"personasINE":1165971,"porcentaje":0.8628542219317633},{"rango":{"min":50,"max":59},"vacunados":930531,"personasINE":972783,"porcentaje":0.9565658528160956},{"rango":{"min":60,"max":69},"vacunados":675460,"personasINE":703323,"porcentaje":0.9603837781502951},{"rango":{"min":70,"max":79},"vacunados":508526,"personasINE":526081,"porcentaje":0.9666306139168683},{"rango":{"min":80,"max":null},"vacunados":370776,"personasINE":370776,"porcentaje":1}]}}},{"ccaa":"Murcia","dosisAdministradas":2215869,"dosisEntregadas":2407175,"dosisEntregadasModerna":398000,"dosisEntregadasPfizer":1687865,"dosisEntregadasAstrazeneca":253010,"dosisEntregadasJanssen":68300,"dosisPrimeraDosis":1185833,"dosisPautaCompletada":1150417,"porcentajeEntregadas":0.9205267585447672,"porcentajePoblacionAdministradas":1.4662481612915392,"porcentajePoblacionPrimeraDosis":0.7846697868189996,"porcentajePoblacionCompletas":0.7612348974458909,"fechaUltRegistro":1634256000000,"etarios":{"unaDosis":{"etarioTotal":{"vacunados":1185833,"personasINE":1310137,"porcentaje":0.905121372802997},"etarioRangos":[{"rango":{"min":12,"max":19},"vacunados":117705,"personasINE":141894,"porcentaje":0.8065870140727324},{"rango":{"min":20,"max":29},"vacunados":138933,"personasINE":172248,"porcentaje":0.9085525875738225},{"rango":{"min":30,"max":39},"vacunados":165820,"personasINE":209003,"porcentaje":0.9085525875738225},{"rango":{"min":40,"max":49},"vacunados":230915,"personasINE":254157,"porcentaje":0.9085525875738225},{"rango":{"min":50,"max":59},"vacunados":207143,"personasINE":213256,"porcentaje":0.9713349214090108},{"rango":{"min":60,"max":69},"vacunados":148114,"personasINE":148114,"porcentaje":1},{"rango":{"min":70,"max":79},"vacunados":103252,"personasINE":103252,"porcentaje":1},{"rango":{"min":80,"max":null},"vacunados":73951,"personasINE":73951,"porcentaje":1}]},"pautaCompleta":{"etarioTotal":{"vacunados":1150417,"personasINE":1310137,"porcentaje":0.8780890853399301},"etarioRangos":[{"rango":{"min":12,"max":19},"vacunados":112337,"personasINE":141894,"porcentaje":0.758307788769681},{"rango":{"min":20,"max":29},"vacunados":130617,"personasINE":172248,"porcentaje":0.8865504392953961},{"rango":{"min":30,"max":39},"vacunados":158553,"personasINE":209003,"porcentaje":0.8865504392953961},{"rango":{"min":40,"max":49},"vacunados":225323,"personasINE":254157,"porcentaje":0.8865504392953961},{"rango":{"min":50,"max":59},"vacunados":204285,"personasINE":213256,"porcentaje":0.9579331882807518},{"rango":{"min":60,"max":69},"vacunados":145213,"personasINE":146909,"porcentaje":0.9884554384006425},{"rango":{"min":70,"max":79},"vacunados":101204,"personasINE":102899,"porcentaje":0.9835275367107552},{"rango":{"min":80,"max":null},"vacunados":72885,"personasINE":72885,"porcentaje":1}]}}},{"ccaa":"Navarra","dosisAdministradas":980194,"dosisEntregadas":1046175,"dosisEntregadasModerna":151500,"dosisEntregadasPfizer":734325,"dosisEntregadasAstrazeneca":136600,"dosisEntregadasJanssen":23750,"dosisPrimeraDosis":526552,"dosisPautaCompletada":519348,"porcentajeEntregadas":0.936931201758788,"porcentajePoblacionAdministradas":1.4824537921375929,"porcentajePoblacionPrimeraDosis":0.7963617499776919,"porcentajePoblacionCompletas":0.7854663587402847,"fechaUltRegistro":1634428800000,"etarios":{"unaDosis":{"etarioTotal":{"vacunados":526552,"personasINE":581354,"porcentaje":0.9057338557918239},"etarioRangos":[{"rango":{"min":12,"max":19},"vacunados":48447,"personasINE":56388,"porcentaje":0.8309774391944457},{"rango":{"min":20,"max":29},"vacunados":56612,"personasINE":68127,"porcentaje":0.8813540489990926},{"rango":{"min":30,"max":39},"vacunados":63802,"personasINE":81341,"porcentaje":0.8813540489990926},{"rango":{"min":40,"max":49},"vacunados":95188,"personasINE":108002,"porcentaje":0.8813540489990926},{"rango":{"min":50,"max":59},"vacunados":91844,"personasINE":96694,"porcentaje":0.9498417688791445},{"rango":{"min":60,"max":69},"vacunados":72265,"personasINE":73844,"porcentaje":0.9786170846649694},{"rango":{"min":70,"max":79},"vacunados":55889,"personasINE":55889,"porcentaje":1},{"rango":{"min":80,"max":null},"vacunados":42505,"personasINE":42505,"porcentaje":1}]},"pautaCompleta":{"etarioTotal":{"vacunados":519348,"personasINE":581354,"porcentaje":0.8933420944897601},"etarioRangos":[{"rango":{"min":12,"max":19},"vacunados":47113,"personasINE":56388,"porcentaje":0.803469989871857},{"rango":{"min":20,"max":29},"vacunados":54738,"personasINE":68127,"porcentaje":0.8730949426862465},{"rango":{"min":30,"max":39},"vacunados":62447,"personasINE":81341,"porcentaje":0.8730949426862465},{"rango":{"min":40,"max":49},"vacunados":94296,"personasINE":108002,"porcentaje":0.8730949426862465},{"rango":{"min":50,"max":59},"vacunados":91228,"personasINE":96694,"porcentaje":0.9434711564316297},{"rango":{"min":60,"max":69},"vacunados":71657,"personasINE":73844,"porcentaje":0.970383511185743},{"rango":{"min":70,"max":79},"vacunados":55740,"personasINE":55792,"porcentaje":0.9990679667335819},{"rango":{"min":80,"max":null},"vacunados":42129,"personasINE":42129,"porcentaje":1}]}}},{"ccaa":"País Vasco","dosisAdministradas":3359655,"dosisEntregadas":3668820,"dosisEntregadasModerna":526100,"dosisEntregadasPfizer":2597220,"dosisEntregadasAstrazeneca":444200,"dosisEntregadasJanssen":101300,"dosisPrimeraDosis":1806754,"dosisPautaCompletada":1773884,"porcentajeEntregadas":0.9157317611657154,"porcentajePoblacionAdministradas":1.5130146128986932,"porcentajePoblacionPrimeraDosis":0.8136684284288612,"porcentajePoblacionCompletas":0.7988654827912942,"fechaUltRegistro":1634428800000,"etarios":{"unaDosis":{"etarioTotal":{"vacunados":1806754,"personasINE":1983943,"porcentaje":0.910688462319734},"etarioRangos":[{"rango":{"min":12,"max":19},"vacunados":144170,"personasINE":168606,"porcentaje":0.8014727043575773},{"rango":{"min":20,"max":29},"vacunados":161524,"personasINE":201534,"porcentaje":0.883103721560863},{"rango":{"min":30,"max":39},"vacunados":201490,"personasINE":260543,"porcentaje":0.883103721560863},{"rango":{"min":40,"max":49},"vacunados":319801,"personasINE":362133,"porcentaje":0.883103721560863},{"rango":{"min":50,"max":59},"vacunados":323501,"personasINE":339977,"porcentaje":0.9515378981519338},{"rango":{"min":60,"max":69},"vacunados":278405,"personasINE":280119,"porcentaje":0.993881171930501},{"rango":{"min":70,"max":79},"vacunados":213708,"personasINE":213708,"porcentaje":1},{"rango":{"min":80,"max":null},"vacunados":164155,"personasINE":164155,"porcentaje":1}]},"pautaCompleta":{"etarioTotal":{"vacunados":1773884,"personasINE":1983943,"porcentaje":0.8941204460007167},"etarioRangos":[{"rango":{"min":12,"max":19},"vacunados":140184,"personasINE":168606,"porcentaje":0.7723609911975151},{"rango":{"min":20,"max":29},"vacunados":155657,"personasINE":201534,"porcentaje":0.8704205361013772},{"rango":{"min":30,"max":39},"vacunados":195560,"personasINE":260543.00000000003,"porcentaje":0.8704205361013772},{"rango":{"min":40,"max":49},"vacunados":315208,"personasINE":362133,"porcentaje":0.8704205361013772},{"rango":{"min":50,"max":59},"vacunados":320207,"personasINE":339977,"porcentaje":0.9418490074328557},{"rango":{"min":60,"max":69},"vacunados":273061,"personasINE":280119,"porcentaje":0.9748035656274655},{"rango":{"min":70,"max":79},"vacunados":212156,"personasINE":213081,"porcentaje":0.9956589278255686},{"rango":{"min":80,"max":null},"vacunados":161851,"personasINE":157950,"porcentaje":1.0246976891421335}]}}},{"ccaa":"Ceuta","dosisAdministradas":113623,"dosisEntregadas":140230,"dosisEntregadasModerna":22400,"dosisEntregadasPfizer":95580,"dosisEntregadasAstrazeneca":18100,"dosisEntregadasJanssen":4150,"dosisPrimeraDosis":62204,"dosisPautaCompletada":59054,"porcentajeEntregadas":0.8102617129002353,"porcentajePoblacionAdministradas":1.3494097527374647,"porcentajePoblacionPrimeraDosis":0.7387472981639391,"porcentajePoblacionCompletas":0.7013372603976152,"fechaUltRegistro":1634256000000,"etarios":{"unaDosis":{"etarioTotal":{"vacunados":62204,"personasINE":70965,"porcentaje":0.8765447755936024},"etarioRangos":[{"rango":{"min":12,"max":19},"vacunados":8280,"personasINE":9126,"porcentaje":0.8307650223397465},{"rango":{"min":20,"max":29},"vacunados":9111,"personasINE":10967,"porcentaje":0.8792121499762696},{"rango":{"min":30,"max":39},"vacunados":9182,"personasINE":11894,"porcentaje":0.8792121499762696},{"rango":{"min":40,"max":49},"vacunados":11115,"personasINE":12642,"porcentaje":0.8792121499762696},{"rango":{"min":50,"max":59},"vacunados":10570,"personasINE":11556,"porcentaje":0.9146763586015922},{"rango":{"min":60,"max":69},"vacunados":7658,"personasINE":7857,"porcentaje":0.9746722667684867},{"rango":{"min":70,"max":79},"vacunados":3890,"personasINE":4318,"porcentaje":0.9008800370541917},{"rango":{"min":80,"max":null},"vacunados":2398,"personasINE":2605,"porcentaje":0.9205374280230326}]},"pautaCompleta":{"etarioTotal":{"vacunados":59054,"personasINE":70965,"porcentaje":0.8321566969632918},"etarioRangos":[{"rango":{"min":12,"max":19},"vacunados":7173,"personasINE":9126,"porcentaje":0.7528950487827117},{"rango":{"min":20,"max":29},"vacunados":8257,"personasINE":10967,"porcentaje":0.8550071191267204},{"rango":{"min":30,"max":39},"vacunados":8669,"personasINE":11894,"porcentaje":0.8550071191267204},{"rango":{"min":40,"max":49},"vacunados":10809,"personasINE":12642,"porcentaje":0.8550071191267204},{"rango":{"min":50,"max":59},"vacunados":10404,"personasINE":11556,"porcentaje":0.9003115264797508},{"rango":{"min":60,"max":69},"vacunados":7509,"personasINE":7857,"porcentaje":0.9557082856051928},{"rango":{"min":70,"max":79},"vacunados":3857,"personasINE":4318,"porcentaje":0.8932376100046318},{"rango":{"min":80,"max":null},"vacunados":2376,"personasINE":2605,"porcentaje":0.9120921305182341}]}}},{"ccaa":"Melilla","dosisAdministradas":101594,"dosisEntregadas":141100,"dosisEntregadasModerna":23500,"dosisEntregadasPfizer":96750,"dosisEntregadasAstrazeneca":15100,"dosisEntregadasJanssen":5750,"dosisPrimeraDosis":56979,"dosisPautaCompletada":54376,"porcentajeEntregadas":0.7200141743444366,"porcentajePoblacionAdministradas":1.1667279158436308,"porcentajePoblacionPrimeraDosis":0.6543594101704259,"porcentajePoblacionCompletas":0.6244659837383435,"fechaUltRegistro":1634083200000,"etarios":{"unaDosis":{"etarioTotal":{"vacunados":56979,"personasINE":70927,"porcentaje":0.8033471033597924},"etarioRangos":[{"rango":{"min":12,"max":19},"vacunados":7630,"personasINE":9574,"porcentaje":0.7167986661108795},{"rango":{"min":20,"max":29},"vacunados":8598,"personasINE":11995,"porcentaje":0.8358606898850192},{"rango":{"min":30,"max":39},"vacunados":8560,"personasINE":12133,"porcentaje":0.8358606898850192},{"rango":{"min":40,"max":49},"vacunados":10032,"personasINE":12002,"porcentaje":0.8358606898850192},{"rango":{"min":50,"max":59},"vacunados":9670,"personasINE":11299,"porcentaje":0.855827949376051},{"rango":{"min":60,"max":69},"vacunados":7164,"personasINE":7827,"porcentaje":0.915293215791491},{"rango":{"min":70,"max":79},"vacunados":3314,"personasINE":3748,"porcentaje":0.884204909284952},{"rango":{"min":80,"max":null},"vacunados":2011,"personasINE":2349,"porcentaje":0.8561089825457642}]},"pautaCompleta":{"etarioTotal":{"vacunados":54376,"personasINE":70927,"porcentaje":0.7666473980289593},"etarioRangos":[{"rango":{"min":12,"max":19},"vacunados":6970,"personasINE":9574,"porcentaje":0.650354314297624},{"rango":{"min":20,"max":29},"vacunados":7801,"personasINE":11995,"porcentaje":0.8159473421096484},{"rango":{"min":30,"max":39},"vacunados":8157,"personasINE":12133,"porcentaje":0.8159473421096484},{"rango":{"min":40,"max":49},"vacunados":9793,"personasINE":12002,"porcentaje":0.8159473421096484},{"rango":{"min":50,"max":59},"vacunados":9465,"personasINE":11299,"porcentaje":0.8376847508629082},{"rango":{"min":60,"max":69},"vacunados":6991,"personasINE":7826.999999999999,"porcentaje":0.8931902389165709},{"rango":{"min":70,"max":79},"vacunados":3237,"personasINE":3748,"porcentaje":0.8636606189967982},{"rango":{"min":80,"max":null},"vacunados":1962,"personasINE":2349,"porcentaje":0.8352490421455939}]}}},{"ccaa":"Fuerzas Armadas","dosisAdministradas":172779,"dosisEntregadas":212238,"dosisEntregadasModerna":58300,"dosisEntregadasPfizer":48138,"dosisEntregadasAstrazeneca":103800,"dosisEntregadasJanssen":2000,"dosisPrimeraDosis":92662,"dosisPautaCompletada":86658,"porcentajeEntregadas":0.8140813614904023,"porcentajePoblacionAdministradas":null,"porcentajePoblacionPrimeraDosis":null,"porcentajePoblacionCompletas":null,"fechaUltRegistro":1634169600000},{"ccaa":"Sanidad Exterior","dosisAdministradas":6747,"dosisEntregadas":8995,"dosisEntregadasModerna":4910,"dosisEntregadasPfizer":0,"dosisEntregadasAstrazeneca":0,"dosisEntregadasJanssen":4085,"dosisPrimeraDosis":5059,"dosisPautaCompletada":4806,"porcentajeEntregadas":0.7500833796553641,"porcentajePoblacionAdministradas":null,"porcentajePoblacionPrimeraDosis":null,"porcentajePoblacionCompletas":null,"fechaUltRegistro":1634256000000,"etarios":{"unaDosis":{"etarioTotal":{"vacunados":5059,"personasINE":"-","porcentaje":"-"},"etarioRangos":[{"rango":{"min":12,"max":19},"vacunados":169,"personasINE":null,"porcentaje":"-"},{"rango":{"min":20,"max":29},"vacunados":1226,"personasINE":null,"porcentaje":"-"},{"rango":{"min":30,"max":39},"vacunados":1452,"personasINE":null,"porcentaje":"-"},{"rango":{"min":40,"max":49},"vacunados":1274,"personasINE":null,"porcentaje":"-"},{"rango":{"min":50,"max":59},"vacunados":659,"personasINE":null,"porcentaje":"-"},{"rango":{"min":60,"max":69},"vacunados":219,"personasINE":null,"porcentaje":"-"},{"rango":{"min":70,"max":79},"vacunados":33,"personasINE":null,"porcentaje":"-"},{"rango":{"min":80,"max":null},"vacunados":27,"personasINE":null,"porcentaje":"-"}]},"pautaCompleta":{"etarioTotal":{"vacunados":4806,"personasINE":"-","porcentaje":"-"},"etarioRangos":[{"rango":{"min":12,"max":19},"vacunados":148,"personasINE":null,"porcentaje":"-"},{"rango":{"min":20,"max":29},"vacunados":1169,"personasINE":null,"porcentaje":"-"},{"rango":{"min":30,"max":39},"vacunados":1379,"personasINE":null,"porcentaje":"-"},{"rango":{"min":40,"max":49},"vacunados":1213,"personasINE":null,"porcentaje":"-"},{"rango":{"min":50,"max":59},"vacunados":632,"personasINE":null,"porcentaje":"-"},{"rango":{"min":60,"max":69},"vacunados":207,"personasINE":null,"porcentaje":"-"},{"rango":{"min":70,"max":79},"vacunados":32,"personasINE":null,"porcentaje":"-"},{"rango":{"min":80,"max":null},"vacunados":26,"personasINE":null,"porcentaje":"-"}]}}},{"ccaa":"Totales","dosisAdministradas":71048577,"dosisEntregadas":75642021,"dosisEntregadasModerna":10752860,"dosisEntregadasPfizer":53616591,"dosisEntregadasAstrazeneca":9111010,"dosisEntregadasJanssen":2161560,"dosisPrimeraDosis":37891519,"dosisPautaCompletada":37074146,"porcentajeEntregadas":0.9392739123138976,"porcentajePoblacionAdministradas":1.5136041116318704,"porcentajePoblacionPrimeraDosis":0.8072330421815083,"porcentajePoblacionCompletas":0.7898198977417981,"fechaUltRegistro":null,"etarios":{"unaDosis":{"etarioTotal":{"vacunados":37891519,"personasINE":42119827,"porcentaje":0.8996124081896157},"etarioRangos":[{"rango":{"min":12,"max":19},"vacunados":3286130,"personasINE":3888686,"porcentaje":0.7990636325394771},{"rango":{"min":20,"max":29},"vacunados":3951082,"personasINE":4944640,"porcentaje":0.8816578656891378},{"rango":{"min":30,"max":39},"vacunados":4870236,"personasINE":6230403,"porcentaje":0.8816578656891378},{"rango":{"min":40,"max":49},"vacunados":6957812,"personasINE":7891737,"porcentaje":0.8816578656891378},{"rango":{"min":50,"max":59},"vacunados":6672264,"personasINE":7033306,"porcentaje":0.9486668147241141},{"rango":{"min":60,"max":69},"vacunados":5274904,"personasINE":5336986,"porcentaje":0.9883675917456032},{"rango":{"min":70,"max":79},"vacunados":3941996,"personasINE":3960045,"porcentaje":0.9954422235100864},{"rango":{"min":80,"max":null},"vacunados":2937095,"personasINE":2937095,"porcentaje":1}]},"pautaCompleta":{"etarioTotal":{"vacunados":37074146,"personasINE":42119827,"porcentaje":0.8802065117693859},"etarioRangos":[{"rango":{"min":12,"max":19},"vacunados":3142740,"personasINE":3888686,"porcentaje":0.7608515483432565},{"rango":{"min":20,"max":29},"vacunados":3762137,"personasINE":4944640,"porcentaje":0.8669839098794093},{"rango":{"min":30,"max":39},"vacunados":4705392,"personasINE":6230403,"porcentaje":0.8669839098794093},{"rango":{"min":40,"max":49},"vacunados":6842009,"personasINE":7891737,"porcentaje":0.8669839098794093},{"rango":{"min":50,"max":59},"vacunados":6599828,"personasINE":7033306,"porcentaje":0.938367817353603},{"rango":{"min":60,"max":69},"vacunados":5203626,"personasINE":5336986,"porcentaje":0.9750121135787128},{"rango":{"min":70,"max":79},"vacunados":3916113,"personasINE":3960045,"porcentaje":0.9889061866721212},{"rango":{"min":80,"max":null},"vacunados":2902301,"personasINE":2902301,"porcentaje":1}]}}}]