[{"ccaa":"Andalucía","dosisAdministradas":13573770,"dosisEntregadas":13825930,"dosisEntregadasModerna":2019500,"dosisEntregadasPfizer":9935730,"dosisEntregadasAstrazeneca":1537200,"dosisEntregadasJanssen":333500,"dosisPrimeraDosis":6878837,"dosisPautaCompletada":6776720,"porcentajeEntregadas":0.9817618055349622,"porcentajePoblacionAdministradas":1.6036284154916391,"porcentajePoblacionPrimeraDosis":0.8126775743758189,"porcentajePoblacionCompletas":0.8006132972512795,"fechaUltRegistro":1637539200000,"etarios":{"unaDosis":{"etarioTotal":{"vacunados":6876550,"personasINE":7451975,"porcentaje":0.9227822154529504},"etarioRangos":[{"rango":{"min":12,"max":19},"vacunados":675303,"personasINE":752907,"porcentaje":0.8329560921401744},{"rango":{"min":20,"max":29},"vacunados":773543,"personasINE":928671.9999999999,"porcentaje":0.9060373369989763},{"rango":{"min":30,"max":39},"vacunados":935762,"personasINE":1140217,"porcentaje":0.9060373369989763},{"rango":{"min":40,"max":49},"vacunados":1254965,"personasINE":1385114,"porcentaje":0.9060373369989763},{"rango":{"min":50,"max":59},"vacunados":1217981,"personasINE":1265021,"porcentaje":0.9628148465519545},{"rango":{"min":60,"max":69},"vacunados":930620,"personasINE":930620,"porcentaje":1},{"rango":{"min":70,"max":79},"vacunados":654218,"personasINE":654218,"porcentaje":1},{"rango":{"min":80,"max":null},"vacunados":434158,"personasINE":434158,"porcentaje":1}]},"pautaCompleta":{"etarioTotal":{"vacunados":6776720,"personasINE":7451975,"porcentaje":0.9093857668604631},"etarioRangos":[{"rango":{"min":12,"max":19},"vacunados":659099,"personasINE":752907,"porcentaje":0.8077437459081355},{"rango":{"min":20,"max":29},"vacunados":750129,"personasINE":928672,"porcentaje":0.8964532883213945},{"rango":{"min":30,"max":39},"vacunados":914602,"personasINE":1140217,"porcentaje":0.8964532883213945},{"rango":{"min":40,"max":49},"vacunados":1241690,"personasINE":1385114,"porcentaje":0.8964532883213945},{"rango":{"min":50,"max":59},"vacunados":1208540,"personasINE":1265021,"porcentaje":0.9553517293388806},{"rango":{"min":60,"max":69},"vacunados":923075,"personasINE":916147,"porcentaje":1.007562105208007},{"rango":{"min":70,"max":79},"vacunados":650288,"personasINE":650381,"porcentaje":0.9998570068928828},{"rango":{"min":80,"max":null},"vacunados":429297,"personasINE":429297,"porcentaje":1}]}}},{"ccaa":"Aragón","dosisAdministradas":2122786,"dosisEntregadas":2187396,"dosisEntregadasModerna":293490,"dosisEntregadasPfizer":1575141,"dosisEntregadasAstrazeneca":255200,"dosisEntregadasJanssen":63565,"dosisPrimeraDosis":1070223,"dosisPautaCompletada":1052429,"porcentajeEntregadas":0.9704625957074073,"porcentajePoblacionAdministradas":1.5968108705414734,"porcentajePoblacionPrimeraDosis":0.8050475744156534,"porcentajePoblacionCompletas":0.7916624980912312,"fechaUltRegistro":1637539200000,"etarios":{"unaDosis":{"etarioTotal":{"vacunados":1070187,"personasINE":1185134,"porcentaje":0.9030092799632784},"etarioRangos":[{"rango":{"min":12,"max":19},"vacunados":88765,"personasINE":103109,"porcentaje":0.8032837171494084},{"rango":{"min":20,"max":29},"vacunados":104749,"personasINE":130401,"porcentaje":0.8766649762960412},{"rango":{"min":30,"max":39},"vacunados":126447,"personasINE":164286,"porcentaje":0.8766649762960412},{"rango":{"min":40,"max":49},"vacunados":188433,"personasINE":214943,"porcentaje":0.8766649762960412},{"rango":{"min":50,"max":59},"vacunados":186322,"personasINE":198266,"porcentaje":0.9397576992525194},{"rango":{"min":60,"max":69},"vacunados":154697,"personasINE":156367,"porcentaje":0.9893199971861071},{"rango":{"min":70,"max":79},"vacunados":119394,"personasINE":119394,"porcentaje":1},{"rango":{"min":80,"max":null},"vacunados":101380,"personasINE":101380,"porcentaje":1}]},"pautaCompleta":{"etarioTotal":{"vacunados":1052429,"personasINE":1185134,"porcentaje":0.8880253203435223},"etarioRangos":[{"rango":{"min":12,"max":19},"vacunados":86111,"personasINE":103109,"porcentaje":0.7767348409904832},{"rango":{"min":20,"max":29},"vacunados":101287,"personasINE":130401,"porcentaje":0.8649409378300293},{"rango":{"min":30,"max":39},"vacunados":123226,"personasINE":164286,"porcentaje":0.8649409378300293},{"rango":{"min":40,"max":49},"vacunados":185913,"personasINE":214943,"porcentaje":0.8649409378300293},{"rango":{"min":50,"max":59},"vacunados":184321,"personasINE":198266,"porcentaje":0.9296651972602463},{"rango":{"min":60,"max":69},"vacunados":152783,"personasINE":156367,"porcentaje":0.9770795628233578},{"rango":{"min":70,"max":79},"vacunados":118687,"personasINE":118955,"porcentaje":0.9977470472027237},{"rango":{"min":80,"max":null},"vacunados":100101,"personasINE":100101,"porcentaje":1}]}}},{"ccaa":"Asturias","dosisAdministradas":1797895,"dosisEntregadas":1799425,"dosisEntregadasModerna":161040,"dosisEntregadasPfizer":1374485,"dosisEntregadasAstrazeneca":220900,"dosisEntregadasJanssen":43000,"dosisPrimeraDosis":874483,"dosisPautaCompletada":866798,"porcentajeEntregadas":0.9991497283854565,"porcentajePoblacionAdministradas":1.764746010930678,"porcentajePoblacionPrimeraDosis":0.8583595737663725,"porcentajePoblacionCompletas":0.8508162672362346,"fechaUltRegistro":1637539200000,"etarios":{"unaDosis":{"etarioTotal":{"vacunados":874446,"personasINE":933927,"porcentaje":0.9363108679800456},"etarioRangos":[{"rango":{"min":12,"max":19},"vacunados":60684,"personasINE":64000,"porcentaje":0.8444843321409159},{"rango":{"min":20,"max":29},"vacunados":66808,"personasINE":79111,"porcentaje":0.9034211014832957},{"rango":{"min":30,"max":39},"vacunados":91168,"personasINE":114451,"porcentaje":0.9034211014832957},{"rango":{"min":40,"max":49},"vacunados":150865,"personasINE":166993,"porcentaje":0.9034211014832957},{"rango":{"min":50,"max":59},"vacunados":153308,"personasINE":162645,"porcentaje":0.9425927633803682},{"rango":{"min":60,"max":69},"vacunados":148255,"personasINE":149652,"porcentaje":0.9906650094886804},{"rango":{"min":70,"max":79},"vacunados":114381,"personasINE":114381,"porcentaje":1},{"rango":{"min":80,"max":null},"vacunados":88977,"personasINE":88977,"porcentaje":1}]},"pautaCompleta":{"etarioTotal":{"vacunados":866798,"personasINE":933927,"porcentaje":0.9281217911035873},"etarioRangos":[{"rango":{"min":12,"max":19},"vacunados":59718,"personasINE":63999.99999999999,"porcentaje":0.8251191364032815},{"rango":{"min":20,"max":29},"vacunados":65276,"personasINE":79111,"porcentaje":0.8980136891965531},{"rango":{"min":30,"max":39},"vacunados":89680,"personasINE":114451,"porcentaje":0.8980136891965531},{"rango":{"min":40,"max":49},"vacunados":149962,"personasINE":166993,"porcentaje":0.8980136891965531},{"rango":{"min":50,"max":59},"vacunados":152557,"personasINE":162645,"porcentaje":0.9379753450767008},{"rango":{"min":60,"max":69},"vacunados":147459,"personasINE":149652,"porcentaje":0.9853460027263251},{"rango":{"min":70,"max":79},"vacunados":113955,"personasINE":113955,"porcentaje":1},{"rango":{"min":80,"max":null},"vacunados":88191,"personasINE":88191,"porcentaje":1}]}}},{"ccaa":"Baleares","dosisAdministradas":1703536,"dosisEntregadas":1909050,"dosisEntregadasModerna":305100,"dosisEntregadasPfizer":1318950,"dosisEntregadasAstrazeneca":227400,"dosisEntregadasJanssen":57600,"dosisPrimeraDosis":864768,"dosisPautaCompletada":848568,"porcentajeEntregadas":0.8923475026845813,"porcentajePoblacionAdministradas":1.454096008426494,"porcentajePoblacionPrimeraDosis":0.7381444812525021,"porcentajePoblacionCompletas":0.7243165637112765,"fechaUltRegistro":1637539200000,"etarios":{"unaDosis":{"etarioTotal":{"vacunados":864323,"personasINE":1034867,"porcentaje":0.8352020114662078},"etarioRangos":[{"rango":{"min":12,"max":19},"vacunados":75846,"personasINE":95480,"porcentaje":0.7155688622754491},{"rango":{"min":20,"max":29},"vacunados":98707,"personasINE":137942,"porcentaje":0.818685369497313},{"rango":{"min":30,"max":39},"vacunados":128483,"personasINE":182187,"porcentaje":0.818685369497313},{"rango":{"min":40,"max":49},"vacunados":168790,"personasINE":206172,"porcentaje":0.818685369497313},{"rango":{"min":50,"max":59},"vacunados":150885,"personasINE":165797,"porcentaje":0.9100586862247206},{"rango":{"min":60,"max":69},"vacunados":110661,"personasINE":117231,"porcentaje":0.9439568032346393},{"rango":{"min":70,"max":79},"vacunados":79387,"personasINE":80516,"porcentaje":0.9859779422723434},{"rango":{"min":80,"max":null},"vacunados":51564,"personasINE":51564,"porcentaje":1}]},"pautaCompleta":{"etarioTotal":{"vacunados":848568,"personasINE":1034867,"porcentaje":0.8199778329002664},"etarioRangos":[{"rango":{"min":12,"max":19},"vacunados":73588,"personasINE":95480,"porcentaje":0.6899276507517652},{"rango":{"min":20,"max":29},"vacunados":95170,"personasINE":137942,"porcentaje":0.8060939409813166},{"rango":{"min":30,"max":39},"vacunados":124709,"personasINE":182187,"porcentaje":0.8060939409813166},{"rango":{"min":40,"max":49},"vacunados":166194,"personasINE":206172,"porcentaje":0.8060939409813166},{"rango":{"min":50,"max":59},"vacunados":149199,"personasINE":165797,"porcentaje":0.8998896240583364},{"rango":{"min":60,"max":69},"vacunados":109667,"personasINE":117231,"porcentaje":0.9354778173008845},{"rango":{"min":70,"max":79},"vacunados":78999,"personasINE":80516,"porcentaje":0.9811590242933081},{"rango":{"min":80,"max":null},"vacunados":51042,"personasINE":51042,"porcentaje":1}]}}},{"ccaa":"Canarias","dosisAdministradas":3249329,"dosisEntregadas":3567300,"dosisEntregadasModerna":574700,"dosisEntregadasPfizer":2403150,"dosisEntregadasAstrazeneca":455800,"dosisEntregadasJanssen":133650,"dosisPrimeraDosis":1688430,"dosisPautaCompletada":1648222,"porcentajeEntregadas":0.9108650800325175,"porcentajePoblacionAdministradas":1.4932907527371928,"porcentajePoblacionPrimeraDosis":0.7759500209563446,"porcentajePoblacionCompletas":0.757471672169239,"fechaUltRegistro":1637539200000,"etarios":{"unaDosis":{"etarioTotal":{"vacunados":1687585,"personasINE":1960774,"porcentaje":0.8606728771393337},"etarioRangos":[{"rango":{"min":12,"max":19},"vacunados":155599,"personasINE":179797,"porcentaje":0.7558828669939781},{"rango":{"min":20,"max":29},"vacunados":190292,"personasINE":251748,"porcentaje":0.822529670760252},{"rango":{"min":30,"max":39},"vacunados":231240,"personasINE":310934,"porcentaje":0.822529670760252},{"rango":{"min":40,"max":49},"vacunados":319079,"personasINE":387924,"porcentaje":0.822529670760252},{"rango":{"min":50,"max":59},"vacunados":321462,"personasINE":350512,"porcentaje":0.9171212397863696},{"rango":{"min":60,"max":69},"vacunados":224951,"personasINE":235092,"porcentaje":0.9568636959147908},{"rango":{"min":70,"max":79},"vacunados":151729,"personasINE":154531,"porcentaje":0.9818677158628366},{"rango":{"min":80,"max":null},"vacunados":93233,"personasINE":93233,"porcentaje":1}]},"pautaCompleta":{"etarioTotal":{"vacunados":1648222,"personasINE":1960774,"porcentaje":0.8405976415435945},"etarioRangos":[{"rango":{"min":12,"max":19},"vacunados":146496,"personasINE":179797,"porcentaje":0.7159103547992437},{"rango":{"min":20,"max":29},"vacunados":180229,"personasINE":251748,"porcentaje":0.8115043152782504},{"rango":{"min":30,"max":39},"vacunados":223851,"personasINE":310934,"porcentaje":0.8115043152782504},{"rango":{"min":40,"max":49},"vacunados":314802,"personasINE":387924,"porcentaje":0.8115043152782504},{"rango":{"min":50,"max":59},"vacunados":318941,"personasINE":350512,"porcentaje":0.9099289040032866},{"rango":{"min":60,"max":69},"vacunados":221371,"personasINE":235092,"porcentaje":0.9416356149932792},{"rango":{"min":70,"max":79},"vacunados":150454,"personasINE":154531,"porcentaje":0.9736169441730138},{"rango":{"min":80,"max":null},"vacunados":92078,"personasINE":92078,"porcentaje":1}]}}},{"ccaa":"Cantabria","dosisAdministradas":973980,"dosisEntregadas":1030555,"dosisEntregadasModerna":114900,"dosisEntregadasPfizer":768255,"dosisEntregadasAstrazeneca":125200,"dosisEntregadasJanssen":22200,"dosisPrimeraDosis":484447,"dosisPautaCompletada":479136,"porcentajeEntregadas":0.9451023962816153,"porcentajePoblacionAdministradas":1.6709069230835214,"porcentajePoblacionPrimeraDosis":0.8310908295519853,"porcentajePoblacionCompletas":0.82197956785411,"fechaUltRegistro":1637539200000,"etarios":{"unaDosis":{"etarioTotal":{"vacunados":484285,"personasINE":524127,"porcentaje":0.923984072562566},"etarioRangos":[{"rango":{"min":12,"max":19},"vacunados":39869,"personasINE":43963,"porcentaje":0.8224730224730225},{"rango":{"min":20,"max":29},"vacunados":41539,"personasINE":50505,"porcentaje":0.9027401323527907},{"rango":{"min":30,"max":39},"vacunados":55030,"personasINE":70473,"porcentaje":0.9027401323527907},{"rango":{"min":40,"max":49},"vacunados":88260,"personasINE":97769,"porcentaje":0.9027401323527907},{"rango":{"min":50,"max":59},"vacunados":84442,"personasINE":89964,"porcentaje":0.938619892401405},{"rango":{"min":60,"max":69},"vacunados":76780,"personasINE":77345,"porcentaje":0.9926950675544638},{"rango":{"min":70,"max":79},"vacunados":55985,"personasINE":55985,"porcentaje":1},{"rango":{"min":80,"max":null},"vacunados":42380,"personasINE":42380,"porcentaje":1}]},"pautaCompleta":{"etarioTotal":{"vacunados":479136,"personasINE":524127,"porcentaje":0.9141601176814016},"etarioRangos":[{"rango":{"min":12,"max":19},"vacunados":39022,"personasINE":43963,"porcentaje":0.8054450054450054},{"rango":{"min":20,"max":29},"vacunados":40679,"personasINE":50505,"porcentaje":0.8903947058883696},{"rango":{"min":30,"max":39},"vacunados":54307,"personasINE":70473,"porcentaje":0.8903947058883696},{"rango":{"min":40,"max":49},"vacunados":87053,"personasINE":97769,"porcentaje":0.8903947058883696},{"rango":{"min":50,"max":59},"vacunados":83835,"personasINE":89964,"porcentaje":0.9318727490996399},{"rango":{"min":60,"max":69},"vacunados":76403,"personasINE":77345,"porcentaje":0.9878208028961148},{"rango":{"min":70,"max":79},"vacunados":55819,"personasINE":55819,"porcentaje":1},{"rango":{"min":80,"max":null},"vacunados":42018,"personasINE":42018,"porcentaje":1}]}}},{"ccaa":"Castilla y Leon","dosisAdministradas":4043581,"dosisEntregadas":4252190,"dosisEntregadasModerna":410240,"dosisEntregadasPfizer":3274545,"dosisEntregadasAstrazeneca":467030,"dosisEntregadasJanssen":100375,"dosisPrimeraDosis":2010791,"dosisPautaCompletada":1974980,"porcentajeEntregadas":0.9509408093241365,"porcentajePoblacionAdministradas":1.6884006049476432,"porcentajePoblacionPrimeraDosis":0.839607452113183,"porcentajePoblacionCompletas":0.8246545393203442,"fechaUltRegistro":1637539200000,"etarios":{"unaDosis":{"etarioTotal":{"vacunados":2010219,"personasINE":2176253,"porcentaje":0.923706480818177},"etarioRangos":[{"rango":{"min":12,"max":19},"vacunados":145664,"personasINE":165342,"porcentaje":0.8271186601328873},{"rango":{"min":20,"max":29},"vacunados":174527,"personasINE":211006,"porcentaje":0.884680915484235},{"rango":{"min":30,"max":39},"vacunados":213593,"personasINE":267783,"porcentaje":0.884680915484235},{"rango":{"min":40,"max":49},"vacunados":321409,"personasINE":363305,"porcentaje":0.884680915484235},{"rango":{"min":50,"max":59},"vacunados":353547,"personasINE":381175,"porcentaje":0.9275188561684266},{"rango":{"min":60,"max":69},"vacunados":320940,"personasINE":320940,"porcentaje":1},{"rango":{"min":70,"max":79},"vacunados":251031,"personasINE":251031,"porcentaje":1},{"rango":{"min":80,"max":null},"vacunados":229508,"personasINE":229508,"porcentaje":1}]},"pautaCompleta":{"etarioTotal":{"vacunados":1974980,"personasINE":2176253,"porcentaje":0.90751397011285},"etarioRangos":[{"rango":{"min":12,"max":19},"vacunados":136577,"personasINE":165342,"porcentaje":0.7974986493275072},{"rango":{"min":20,"max":29},"vacunados":168277,"personasINE":211006,"porcentaje":0.8723083910213182},{"rango":{"min":30,"max":39},"vacunados":208233,"personasINE":267783,"porcentaje":0.8723083910213182},{"rango":{"min":40,"max":49},"vacunados":316914,"personasINE":363305,"porcentaje":0.8723083910213182},{"rango":{"min":50,"max":59},"vacunados":349611,"personasINE":381175,"porcentaje":0.9171928904046698},{"rango":{"min":60,"max":69},"vacunados":318573,"personasINE":318575,"porcentaje":0.9999937220434748},{"rango":{"min":70,"max":79},"vacunados":249476,"personasINE":249476,"porcentaje":1},{"rango":{"min":80,"max":null},"vacunados":227319,"personasINE":227319,"porcentaje":1}]}}},{"ccaa":"Castilla La Mancha","dosisAdministradas":3210599,"dosisEntregadas":3283030,"dosisEntregadasModerna":446270,"dosisEntregadasPfizer":2360925,"dosisEntregadasAstrazeneca":382100,"dosisEntregadasJanssen":93735,"dosisPrimeraDosis":1627112,"dosisPautaCompletada":1569614,"porcentajeEntregadas":0.9779377587167951,"porcentajePoblacionAdministradas":1.5698054146715685,"porcentajePoblacionPrimeraDosis":0.7955678139428453,"porcentajePoblacionCompletas":0.7674544706904535,"fechaUltRegistro":1637539200000},{"ccaa":"Cataluña","dosisAdministradas":11643335,"dosisEntregadas":11964030,"dosisEntregadasModerna":1604900,"dosisEntregadasPfizer":8469080,"dosisEntregadasAstrazeneca":1514300,"dosisEntregadasJanssen":375750,"dosisPrimeraDosis":6019306,"dosisPautaCompletada":5898878,"porcentajeEntregadas":0.9731950688856514,"porcentajePoblacionAdministradas":1.4964804866127137,"porcentajePoblacionPrimeraDosis":0.7736420855322661,"porcentajePoblacionCompletas":0.7581638611196045,"fechaUltRegistro":1637539200000,"etarios":{"unaDosis":{"etarioTotal":{"vacunados":6016743,"personasINE":6868360,"porcentaje":0.8760086832955757},"etarioRangos":[{"rango":{"min":12,"max":19},"vacunados":539916,"personasINE":656166,"porcentaje":0.7738823627575437},{"rango":{"min":20,"max":29},"vacunados":649237,"personasINE":838935,"porcentaje":0.8609141412031851},{"rango":{"min":30,"max":39},"vacunados":786808,"personasINE":1044652,"porcentaje":0.8609141412031851},{"rango":{"min":40,"max":49},"vacunados":1133613,"personasINE":1316755,"porcentaje":0.8609141412031851},{"rango":{"min":50,"max":59},"vacunados":1028152,"personasINE":1091780,"porcentaje":0.9417208595138215},{"rango":{"min":60,"max":69},"vacunados":800969,"personasINE":837584,"porcentaje":0.956284981566028},{"rango":{"min":70,"max":79},"vacunados":618877,"personasINE":635292,"porcentaje":0.9741614879457006},{"rango":{"min":80,"max":null},"vacunados":459171,"personasINE":459171,"porcentaje":1}]},"pautaCompleta":{"etarioTotal":{"vacunados":5898878,"personasINE":6868360,"porcentaje":0.8588481093012015},"etarioRangos":[{"rango":{"min":12,"max":19},"vacunados":521931,"personasINE":656166,"porcentaje":0.7423852861067901},{"rango":{"min":20,"max":29},"vacunados":622813,"personasINE":838935,"porcentaje":0.8477621121620954},{"rango":{"min":30,"max":39},"vacunados":762249,"personasINE":1044652,"porcentaje":0.8477621121620954},{"rango":{"min":40,"max":49},"vacunados":1116295,"personasINE":1316755,"porcentaje":0.8477621121620954},{"rango":{"min":50,"max":59},"vacunados":1017519,"personasINE":1091780,"porcentaje":0.9319817179285204},{"rango":{"min":60,"max":69},"vacunados":789499,"personasINE":837584,"porcentaje":0.9425908326806625},{"rango":{"min":70,"max":79},"vacunados":614961,"personasINE":635292,"porcentaje":0.9679973933246444},{"rango":{"min":80,"max":null},"vacunados":453611,"personasINE":453611,"porcentaje":1}]}}},{"ccaa":"C. Valenciana","dosisAdministradas":8072359,"dosisEntregadas":8488355,"dosisEntregadasModerna":1213650,"dosisEntregadasPfizer":6197680,"dosisEntregadasAstrazeneca":863900,"dosisEntregadasJanssen":213125,"dosisPrimeraDosis":4090458,"dosisPautaCompletada":4026914,"porcentajeEntregadas":0.9509921533677609,"porcentajePoblacionAdministradas":1.5961628543627466,"porcentajePoblacionPrimeraDosis":0.8088140179259783,"porcentajePoblacionCompletas":0.7962493422942792,"fechaUltRegistro":1637539200000,"etarios":{"unaDosis":{"etarioTotal":{"vacunados":4089918,"personasINE":4488459,"porcentaje":0.9112076104516049},"etarioRangos":[{"rango":{"min":12,"max":19},"vacunados":375387,"personasINE":424531,"porcentaje":0.8296133114782049},{"rango":{"min":20,"max":29},"vacunados":428185,"personasINE":516126,"porcentaje":0.8860446600938482},{"rango":{"min":30,"max":39},"vacunados":512608,"personasINE":648759,"porcentaje":0.8860446600938482},{"rango":{"min":40,"max":49},"vacunados":754545,"personasINE":851588,"porcentaje":0.8860446600938482},{"rango":{"min":50,"max":59},"vacunados":715904,"personasINE":752334,"porcentaje":0.9515773579287923},{"rango":{"min":60,"max":69},"vacunados":570922,"personasINE":580728,"porcentaje":0.9831142979157196},{"rango":{"min":70,"max":79},"vacunados":434864,"personasINE":437862,"porcentaje":0.993153093897164},{"rango":{"min":80,"max":null},"vacunados":297503,"personasINE":297503,"porcentaje":1}]},"pautaCompleta":{"etarioTotal":{"vacunados":4026914,"personasINE":4488459,"porcentaje":0.8971707216218305},"etarioRangos":[{"rango":{"min":12,"max":19},"vacunados":362887,"personasINE":424531,"porcentaje":0.8026315279602267},{"rango":{"min":20,"max":29},"vacunados":414259,"personasINE":516126,"porcentaje":0.8765506324654645},{"rango":{"min":30,"max":39},"vacunados":500984,"personasINE":648759,"porcentaje":0.8765506324654645},{"rango":{"min":40,"max":49},"vacunados":746460,"personasINE":851588,"porcentaje":0.8765506324654645},{"rango":{"min":50,"max":59},"vacunados":710503,"personasINE":752334,"porcentaje":0.9443983656195254},{"rango":{"min":60,"max":69},"vacunados":566071,"personasINE":580728,"porcentaje":0.9747609896543649},{"rango":{"min":70,"max":79},"vacunados":432196,"personasINE":437862,"porcentaje":0.9870598499070483},{"rango":{"min":80,"max":null},"vacunados":293554,"personasINE":293554,"porcentaje":1}]}}},{"ccaa":"Extremadura","dosisAdministradas":1829686,"dosisEntregadas":1833705,"dosisEntregadasModerna":218200,"dosisEntregadasPfizer":1377755,"dosisEntregadasAstrazeneca":186000,"dosisEntregadasJanssen":51750,"dosisPrimeraDosis":900608,"dosisPautaCompletada":886993,"porcentajeEntregadas":0.9978082625067827,"porcentajePoblacionAdministradas":1.7196507100180736,"porcentajePoblacionPrimeraDosis":0.8464464321462575,"porcentajePoblacionCompletas":0.8336502231700199,"fechaUltRegistro":1637539200000,"etarios":{"unaDosis":{"etarioTotal":{"vacunados":900568,"personasINE":953437,"porcentaje":0.9445490368005437},"etarioRangos":[{"rango":{"min":12,"max":19},"vacunados":77812,"personasINE":84750,"porcentaje":0.8287151429579951},{"rango":{"min":20,"max":29},"vacunados":93910,"personasINE":113320,"porcentaje":0.918272787691073},{"rango":{"min":30,"max":39},"vacunados":113481,"personasINE":133479,"porcentaje":0.918272787691073},{"rango":{"min":40,"max":49},"vacunados":146459,"personasINE":159494,"porcentaje":0.918272787691073},{"rango":{"min":50,"max":59},"vacunados":161653,"personasINE":169216,"porcentaje":0.9553056448562783},{"rango":{"min":60,"max":69},"vacunados":132955,"personasINE":132955,"porcentaje":1},{"rango":{"min":70,"max":79},"vacunados":95994,"personasINE":95994,"porcentaje":1},{"rango":{"min":80,"max":null},"vacunados":78304,"personasINE":78304,"porcentaje":1}]},"pautaCompleta":{"etarioTotal":{"vacunados":886993,"personasINE":953437,"porcentaje":0.9303110745649686},"etarioRangos":[{"rango":{"min":12,"max":19},"vacunados":75271,"personasINE":84750,"porcentaje":0.8018002117896224},{"rango":{"min":20,"max":29},"vacunados":90860,"personasINE":113320,"porcentaje":0.9067927320149974},{"rango":{"min":30,"max":39},"vacunados":110990,"personasINE":133479,"porcentaje":0.9067927320149974},{"rango":{"min":40,"max":49},"vacunados":144628,"personasINE":159494,"porcentaje":0.9067927320149974},{"rango":{"min":50,"max":59},"vacunados":160434,"personasINE":169216,"porcentaje":0.9481018343419062},{"rango":{"min":60,"max":69},"vacunados":131759,"personasINE":125296.99999999999,"porcentaje":1.0515734614555816},{"rango":{"min":70,"max":79},"vacunados":95531,"personasINE":95531,"porcentaje":1},{"rango":{"min":80,"max":null},"vacunados":77520,"personasINE":77520,"porcentaje":1}]}}},{"ccaa":"Galicia","dosisAdministradas":4695906,"dosisEntregadas":4887479,"dosisEntregadasModerna":527400,"dosisEntregadasPfizer":3663979,"dosisEntregadasAstrazeneca":573400,"dosisEntregadasJanssen":122700,"dosisPrimeraDosis":2315438,"dosisPautaCompletada":2294891,"porcentajeEntregadas":0.9608033098454234,"porcentajePoblacionAdministradas":1.7380535113566082,"porcentajePoblacionPrimeraDosis":0.8569922707627713,"porcentajePoblacionCompletas":0.8493873941962804,"fechaUltRegistro":1637539200000,"etarios":{"unaDosis":{"etarioTotal":{"vacunados":2315083,"personasINE":2454497,"porcentaje":0.9432005824411275},"etarioRangos":[{"rango":{"min":12,"max":19},"vacunados":170327,"personasINE":180007,"porcentaje":0.8650841411198323},{"rango":{"min":20,"max":29},"vacunados":199818,"personasINE":230981,"porcentaje":0.9222193894242375},{"rango":{"min":30,"max":39},"vacunados":264562,"personasINE":323408,"porcentaje":0.9222193894242375},{"rango":{"min":40,"max":49},"vacunados":408747,"personasINE":443221,"porcentaje":0.9222193894242375},{"rango":{"min":50,"max":59},"vacunados":391355,"personasINE":405889,"porcentaje":0.9641921806208101},{"rango":{"min":60,"max":69},"vacunados":346378,"personasINE":346927,"porcentaje":0.9984175345245542},{"rango":{"min":70,"max":79},"vacunados":291449,"personasINE":291449,"porcentaje":1},{"rango":{"min":80,"max":null},"vacunados":242447,"personasINE":242447,"porcentaje":1}]},"pautaCompleta":{"etarioTotal":{"vacunados":2294891,"personasINE":2454497,"porcentaje":0.9349740496729065},"etarioRangos":[{"rango":{"min":12,"max":19},"vacunados":166594,"personasINE":180007,"porcentaje":0.8457145825847148},{"rango":{"min":20,"max":29},"vacunados":195344,"personasINE":230981,"porcentaje":0.9160734712479779},{"rango":{"min":30,"max":39},"vacunados":261021,"personasINE":323408,"porcentaje":0.9160734712479779},{"rango":{"min":40,"max":49},"vacunados":406023,"personasINE":443221,"porcentaje":0.9160734712479779},{"rango":{"min":50,"max":59},"vacunados":389474,"personasINE":405889,"porcentaje":0.9595579086893214},{"rango":{"min":60,"max":69},"vacunados":345315,"personasINE":346927,"porcentaje":0.9953534893507856},{"rango":{"min":70,"max":79},"vacunados":290265,"personasINE":290265,"porcentaje":1},{"rango":{"min":80,"max":null},"vacunados":240855,"personasINE":240855,"porcentaje":1}]}}},{"ccaa":"La Rioja","dosisAdministradas":513126,"dosisEntregadas":557305,"dosisEntregadasModerna":67600,"dosisEntregadasPfizer":421265,"dosisEntregadasAstrazeneca":53240,"dosisEntregadasJanssen":15200,"dosisPrimeraDosis":261413,"dosisPautaCompletada":256672,"porcentajeEntregadas":0.9207274293250554,"porcentajePoblacionAdministradas":1.6039498115118438,"porcentajePoblacionPrimeraDosis":0.8171352300930875,"porcentajePoblacionCompletas":0.8023156223234994,"fechaUltRegistro":1637539200000,"etarios":{"unaDosis":{"etarioTotal":{"vacunados":261269,"personasINE":283970,"porcentaje":0.9200584568792478},"etarioRangos":[{"rango":{"min":12,"max":19},"vacunados":22221,"personasINE":25532,"porcentaje":0.7995600499047869},{"rango":{"min":20,"max":29},"vacunados":24353,"personasINE":30458,"porcentaje":0.9004287306174099},{"rango":{"min":30,"max":39},"vacunados":31408,"personasINE":39319,"porcentaje":0.9004287306174099},{"rango":{"min":40,"max":49},"vacunados":47675,"personasINE":52947,"porcentaje":0.9004287306174099},{"rango":{"min":50,"max":59},"vacunados":45458,"personasINE":47664,"porcentaje":0.9537176905001679},{"rango":{"min":60,"max":69},"vacunados":38093,"personasINE":38093,"porcentaje":1},{"rango":{"min":70,"max":79},"vacunados":28678,"personasINE":28678,"porcentaje":1},{"rango":{"min":80,"max":null},"vacunados":23383,"personasINE":23383,"porcentaje":1}]},"pautaCompleta":{"etarioTotal":{"vacunados":256672,"personasINE":283970,"porcentaje":0.9038701271261048},"etarioRangos":[{"rango":{"min":12,"max":19},"vacunados":21504,"personasINE":25532,"porcentaje":0.7715214393591174},{"rango":{"min":20,"max":29},"vacunados":23499,"personasINE":30458,"porcentaje":0.8862069616786598},{"rango":{"min":30,"max":39},"vacunados":30626,"personasINE":39319,"porcentaje":0.8862069616786598},{"rango":{"min":40,"max":49},"vacunados":46922,"personasINE":52947,"porcentaje":0.8862069616786598},{"rango":{"min":50,"max":59},"vacunados":44843,"personasINE":47664,"porcentaje":0.9408148707620007},{"rango":{"min":60,"max":69},"vacunados":37535,"personasINE":37718,"porcentaje":0.9951482051010128},{"rango":{"min":70,"max":79},"vacunados":28568,"personasINE":28568,"porcentaje":1},{"rango":{"min":80,"max":null},"vacunados":23175,"personasINE":23175,"porcentaje":1}]}}},{"ccaa":"Madrid","dosisAdministradas":10378762,"dosisEntregadas":10827035,"dosisEntregadasModerna":1645800,"dosisEntregadasPfizer":7637685,"dosisEntregadasAstrazeneca":1222100,"dosisEntregadasJanssen":321450,"dosisPrimeraDosis":5390198,"dosisPautaCompletada":5279404,"porcentajeEntregadas":0.958596882710733,"porcentajePoblacionAdministradas":1.5308161432755232,"porcentajePoblacionPrimeraDosis":0.7950275874763713,"porcentajePoblacionCompletas":0.7786860195920641,"fechaUltRegistro":1637539200000,"etarios":{"unaDosis":{"etarioTotal":{"vacunados":5387867,"personasINE":5977937,"porcentaje":0.9012920343590105},"etarioRangos":[{"rango":{"min":12,"max":19},"vacunados":461063,"personasINE":553542,"porcentaje":0.8211724300481498},{"rango":{"min":20,"max":29},"vacunados":609700,"personasINE":742475,"porcentaje":0.8907339890957837},{"rango":{"min":30,"max":39},"vacunados":757378,"personasINE":949639.9999999999,"porcentaje":0.8907339890957837},{"rango":{"min":40,"max":49},"vacunados":1038570,"personasINE":1165971,"porcentaje":0.8907339890957837},{"rango":{"min":50,"max":59},"vacunados":944313,"personasINE":972783,"porcentaje":0.9707334523732425},{"rango":{"min":60,"max":69},"vacunados":690593,"personasINE":703323,"porcentaje":0.9819002080125347},{"rango":{"min":70,"max":79},"vacunados":511822,"personasINE":526081,"porcentaje":0.9728958088203148},{"rango":{"min":80,"max":null},"vacunados":374428,"personasINE":374428,"porcentaje":1}]},"pautaCompleta":{"etarioTotal":{"vacunados":5279404,"personasINE":5977937,"porcentaje":0.8831481496041192},"etarioRangos":[{"rango":{"min":12,"max":19},"vacunados":447761,"personasINE":553542,"porcentaje":0.786971951917573},{"rango":{"min":20,"max":29},"vacunados":584307,"personasINE":742475,"porcentaje":0.8740063003282242},{"rango":{"min":30,"max":39},"vacunados":732217,"personasINE":949640,"porcentaje":0.8740063003282242},{"rango":{"min":40,"max":49},"vacunados":1019066,"personasINE":1165971,"porcentaje":0.8740063003282242},{"rango":{"min":50,"max":59},"vacunados":936439,"personasINE":972783,"porcentaje":0.9626391497384309},{"rango":{"min":60,"max":69},"vacunados":678309,"personasINE":703323,"porcentaje":0.9644345485644575},{"rango":{"min":70,"max":79},"vacunados":509766,"personasINE":526081,"porcentaje":0.9689876653975339},{"rango":{"min":80,"max":null},"vacunados":371539,"personasINE":371539,"porcentaje":1}]}}},{"ccaa":"Murcia","dosisAdministradas":2341713,"dosisEntregadas":2407175,"dosisEntregadasModerna":398000,"dosisEntregadasPfizer":1687865,"dosisEntregadasAstrazeneca":253010,"dosisEntregadasJanssen":68300,"dosisPrimeraDosis":1199406,"dosisPautaCompletada":1171306,"porcentajeEntregadas":0.9728054669893133,"porcentajePoblacionAdministradas":1.5495195702103755,"porcentajePoblacionPrimeraDosis":0.7936510877412157,"porcentajePoblacionCompletas":0.7750572208058092,"fechaUltRegistro":1637539200000,"etarios":{"unaDosis":{"etarioTotal":{"vacunados":1198905,"personasINE":1310137,"porcentaje":0.9150989553000946},"etarioRangos":[{"rango":{"min":12,"max":19},"vacunados":121378,"personasINE":141894,"porcentaje":0.8272955273791278},{"rango":{"min":20,"max":29},"vacunados":142500,"personasINE":172248,"porcentaje":0.9148164323626735},{"rango":{"min":30,"max":39},"vacunados":168489,"personasINE":209003,"porcentaje":0.9148164323626735},{"rango":{"min":40,"max":49},"vacunados":232507,"personasINE":254157,"porcentaje":0.9148164323626735},{"rango":{"min":50,"max":59},"vacunados":207876,"personasINE":213256,"porcentaje":0.9747721048880219},{"rango":{"min":60,"max":69},"vacunados":148627,"personasINE":148627,"porcentaje":1},{"rango":{"min":70,"max":79},"vacunados":103484,"personasINE":103484,"porcentaje":1},{"rango":{"min":80,"max":null},"vacunados":74044,"personasINE":74044,"porcentaje":1}]},"pautaCompleta":{"etarioTotal":{"vacunados":1171306,"personasINE":1310137,"porcentaje":0.8940332194266707},"etarioRangos":[{"rango":{"min":12,"max":19},"vacunados":117208,"personasINE":141894,"porcentaje":0.7901688263434118},{"rango":{"min":20,"max":29},"vacunados":136105,"personasINE":172248,"porcentaje":0.8962176922138678},{"rango":{"min":30,"max":39},"vacunados":162957,"personasINE":209003,"porcentaje":0.8962176922138678},{"rango":{"min":40,"max":49},"vacunados":227780,"personasINE":254157,"porcentaje":0.8962176922138678},{"rango":{"min":50,"max":59},"vacunados":205392,"personasINE":213256,"porcentaje":0.9631241324980305},{"rango":{"min":60,"max":69},"vacunados":146067,"personasINE":146909,"porcentaje":0.994268560809753},{"rango":{"min":70,"max":79},"vacunados":102555,"personasINE":102899,"porcentaje":0.9966569160050146},{"rango":{"min":80,"max":null},"vacunados":73242,"personasINE":73242,"porcentaje":1}]}}},{"ccaa":"Navarra","dosisAdministradas":1054401,"dosisEntregadas":1074255,"dosisEntregadasModerna":151500,"dosisEntregadasPfizer":762405,"dosisEntregadasAstrazeneca":136600,"dosisEntregadasJanssen":23750,"dosisPrimeraDosis":530163,"dosisPautaCompletada":523753,"porcentajeEntregadas":0.9815183545806163,"porcentajePoblacionAdministradas":1.594685093852513,"porcentajePoblacionPrimeraDosis":0.8018230572733996,"porcentajePoblacionCompletas":0.7921285184294544,"fechaUltRegistro":1637539200000,"etarios":{"unaDosis":{"etarioTotal":{"vacunados":529907,"personasINE":581354,"porcentaje":0.911504866226086},"etarioRangos":[{"rango":{"min":12,"max":19},"vacunados":49529,"personasINE":56388,"porcentaje":0.8452302317730122},{"rango":{"min":20,"max":29},"vacunados":57583,"personasINE":68127,"porcentaje":0.8848632432732727},{"rango":{"min":30,"max":39},"vacunados":64392,"personasINE":81341,"porcentaje":0.8848632432732727},{"rango":{"min":40,"max":49},"vacunados":95567,"personasINE":108002,"porcentaje":0.8848632432732727},{"rango":{"min":50,"max":59},"vacunados":92040,"personasINE":96694,"porcentaje":0.9518687819306265},{"rango":{"min":60,"max":69},"vacunados":72362,"personasINE":73844,"porcentaje":0.9799306646443855},{"rango":{"min":70,"max":79},"vacunados":55912,"personasINE":55912,"porcentaje":1},{"rango":{"min":80,"max":null},"vacunados":42522,"personasINE":42522,"porcentaje":1}]},"pautaCompleta":{"etarioTotal":{"vacunados":523753,"personasINE":581354,"porcentaje":0.9009192333758776},"etarioRangos":[{"rango":{"min":12,"max":19},"vacunados":48673,"personasINE":56388,"porcentaje":0.8217153257886007},{"rango":{"min":20,"max":29},"vacunados":55981,"personasINE":68127,"porcentaje":0.8769745004722135},{"rango":{"min":30,"max":39},"vacunados":63274,"personasINE":81341,"porcentaje":0.8769745004722135},{"rango":{"min":40,"max":49},"vacunados":94715,"personasINE":108002,"porcentaje":0.8769745004722135},{"rango":{"min":50,"max":59},"vacunados":91428,"personasINE":96694,"porcentaje":0.9455395370964073},{"rango":{"min":60,"max":69},"vacunados":71772,"personasINE":73844,"porcentaje":0.9719408482747414},{"rango":{"min":70,"max":79},"vacunados":55772,"personasINE":55792,"porcentaje":0.9996415256667622},{"rango":{"min":80,"max":null},"vacunados":42138,"personasINE":42138,"porcentaje":1}]}}},{"ccaa":"País Vasco","dosisAdministradas":3557453,"dosisEntregadas":3819750,"dosisEntregadasModerna":526100,"dosisEntregadasPfizer":2748150,"dosisEntregadasAstrazeneca":444200,"dosisEntregadasJanssen":101300,"dosisPrimeraDosis":1821378,"dosisPautaCompletada":1790882,"porcentajeEntregadas":0.9313313698540481,"porcentajePoblacionAdministradas":1.602092587989033,"porcentajePoblacionPrimeraDosis":0.8202543206407195,"porcentajePoblacionCompletas":0.8065205016518773,"fechaUltRegistro":1637539200000,"etarios":{"unaDosis":{"etarioTotal":{"vacunados":1820592,"personasINE":1983943,"porcentaje":0.9176634610974207},"etarioRangos":[{"rango":{"min":12,"max":19},"vacunados":148146,"personasINE":168606,"porcentaje":0.8215090257723262},{"rango":{"min":20,"max":29},"vacunados":165562,"personasINE":201534,"porcentaje":0.8873563027948296},{"rango":{"min":30,"max":39},"vacunados":204265,"personasINE":260543,"porcentaje":0.8873563027948296},{"rango":{"min":40,"max":49},"vacunados":321341,"personasINE":362133,"porcentaje":0.8873563027948296},{"rango":{"min":50,"max":59},"vacunados":324347,"personasINE":339977,"porcentaje":0.954026301779238},{"rango":{"min":60,"max":69},"vacunados":278794,"personasINE":280119,"porcentaje":0.9952698674491912},{"rango":{"min":70,"max":79},"vacunados":213853,"personasINE":213853,"porcentaje":1},{"rango":{"min":80,"max":null},"vacunados":164284,"personasINE":164284,"porcentaje":1}]},"pautaCompleta":{"etarioTotal":{"vacunados":1790882,"personasINE":1983943,"porcentaje":0.9026882324744209},"etarioRangos":[{"rango":{"min":12,"max":19},"vacunados":144961,"personasINE":168606,"porcentaje":0.7985550825170938},{"rango":{"min":20,"max":29},"vacunados":160936,"personasINE":201534,"porcentaje":0.8752115935305537},{"rango":{"min":30,"max":39},"vacunados":199166,"personasINE":260543,"porcentaje":0.8752115935305537},{"rango":{"min":40,"max":49},"vacunados":316943,"personasINE":362133,"porcentaje":0.8752115935305537},{"rango":{"min":50,"max":59},"vacunados":321067,"personasINE":339977,"porcentaje":0.9443785903164038},{"rango":{"min":60,"max":69},"vacunados":273546,"personasINE":280119,"porcentaje":0.9765349726366295},{"rango":{"min":70,"max":79},"vacunados":212273,"personasINE":213081,"porcentaje":0.9962080147924968},{"rango":{"min":80,"max":null},"vacunados":161990,"personasINE":157950,"porcentaje":1.0255777144666034}]}}},{"ccaa":"Ceuta","dosisAdministradas":119909,"dosisEntregadas":142225,"dosisEntregadasModerna":22270,"dosisEntregadasPfizer":97920,"dosisEntregadasAstrazeneca":18100,"dosisEntregadasJanssen":3935,"dosisPrimeraDosis":63129,"dosisPautaCompletada":60582,"porcentajeEntregadas":0.8430936895763754,"porcentajePoblacionAdministradas":1.4240635614355954,"porcentajePoblacionPrimeraDosis":0.7497327854445263,"porcentajePoblacionCompletas":0.7194840977648987,"fechaUltRegistro":1637539200000,"etarios":{"unaDosis":{"etarioTotal":{"vacunados":63100,"personasINE":70965,"porcentaje":0.8891707179595575},"etarioRangos":[{"rango":{"min":12,"max":19},"vacunados":8644,"personasINE":9126,"porcentaje":0.8511899334366737},{"rango":{"min":20,"max":29},"vacunados":9335,"personasINE":10967,"porcentaje":0.8864103781047302},{"rango":{"min":30,"max":39},"vacunados":9319,"personasINE":11894,"porcentaje":0.8864103781047302},{"rango":{"min":40,"max":49},"vacunados":11206,"personasINE":12642,"porcentaje":0.8864103781047302},{"rango":{"min":50,"max":59},"vacunados":10617,"personasINE":11556,"porcentaje":0.9187435098650052},{"rango":{"min":60,"max":69},"vacunados":7674,"personasINE":7857,"porcentaje":0.9767086674303169},{"rango":{"min":70,"max":79},"vacunados":3900,"personasINE":4318,"porcentaje":0.9031959240389069},{"rango":{"min":80,"max":null},"vacunados":2405,"personasINE":2605,"porcentaje":0.9232245681381958}]},"pautaCompleta":{"etarioTotal":{"vacunados":60582,"personasINE":70965,"porcentaje":0.8536884379623758},"etarioRangos":[{"rango":{"min":12,"max":19},"vacunados":7889,"personasINE":9126,"porcentaje":0.7830765022339746},{"rango":{"min":20,"max":29},"vacunados":8588,"personasINE":10967,"porcentaje":0.8668723303274798},{"rango":{"min":30,"max":39},"vacunados":8923,"personasINE":11894,"porcentaje":0.8668723303274798},{"rango":{"min":40,"max":49},"vacunados":10959,"personasINE":12642,"porcentaje":0.8668723303274798},{"rango":{"min":50,"max":59},"vacunados":10477,"personasINE":11556,"porcentaje":0.9066285912080304},{"rango":{"min":60,"max":69},"vacunados":7530,"personasINE":7857,"porcentaje":0.9583810614738449},{"rango":{"min":70,"max":79},"vacunados":3846,"personasINE":4318,"porcentaje":0.8906901343214451},{"rango":{"min":80,"max":null},"vacunados":2370,"personasINE":2605,"porcentaje":0.9097888675623801}]}}},{"ccaa":"Melilla","dosisAdministradas":106472,"dosisEntregadas":141100,"dosisEntregadasModerna":23500,"dosisEntregadasPfizer":96750,"dosisEntregadasAstrazeneca":15100,"dosisEntregadasJanssen":5750,"dosisPrimeraDosis":58372,"dosisPautaCompletada":55949,"porcentajeEntregadas":0.7545854004252304,"porcentajePoblacionAdministradas":1.2227479443244982,"porcentajePoblacionPrimeraDosis":0.6703569295787588,"porcentajePoblacionCompletas":0.6425306628692177,"fechaUltRegistro":1637539200000,"etarios":{"unaDosis":{"etarioTotal":{"vacunados":58302,"personasINE":70927,"porcentaje":0.8220000845940192},"etarioRangos":[{"rango":{"min":12,"max":19},"vacunados":8162,"personasINE":9574,"porcentaje":0.7483117965819092},{"rango":{"min":20,"max":29},"vacunados":8976,"personasINE":11995,"porcentaje":0.8444425929011832},{"rango":{"min":30,"max":39},"vacunados":8743,"personasINE":12133,"porcentaje":0.8444425929011832},{"rango":{"min":40,"max":49},"vacunados":10135,"personasINE":12002,"porcentaje":0.8444425929011832},{"rango":{"min":50,"max":59},"vacunados":9735,"personasINE":11299,"porcentaje":0.8615806708558279},{"rango":{"min":60,"max":69},"vacunados":7201,"personasINE":7827,"porcentaje":0.9200204420595375},{"rango":{"min":70,"max":79},"vacunados":3330,"personasINE":3748,"porcentaje":0.8884738527214514},{"rango":{"min":80,"max":null},"vacunados":2020,"personasINE":2349,"porcentaje":0.8599404001702853}]},"pautaCompleta":{"etarioTotal":{"vacunados":55949,"personasINE":70927,"porcentaje":0.7888251300633046},"etarioRangos":[{"rango":{"min":12,"max":19},"vacunados":7593,"personasINE":9574,"porcentaje":0.6865360566902876},{"rango":{"min":20,"max":29},"vacunados":8235,"personasINE":11995,"porcentaje":0.8252791201466422},{"rango":{"min":30,"max":39},"vacunados":8393,"personasINE":12133,"porcentaje":0.8252791201466422},{"rango":{"min":40,"max":49},"vacunados":9905,"personasINE":12002,"porcentaje":0.8252791201466422},{"rango":{"min":50,"max":59},"vacunados":9536,"personasINE":11299,"porcentaje":0.8439684927869723},{"rango":{"min":60,"max":69},"vacunados":7054,"personasINE":7827,"porcentaje":0.9012392998594608},{"rango":{"min":70,"max":79},"vacunados":3262,"personasINE":3748,"porcentaje":0.8703308431163287},{"rango":{"min":80,"max":null},"vacunados":1971,"personasINE":2349,"porcentaje":0.8390804597701149}]}}},{"ccaa":"Fuerzas Armadas","dosisAdministradas":177489,"dosisEntregadas":212238,"dosisEntregadasModerna":58300,"dosisEntregadasPfizer":48138,"dosisEntregadasAstrazeneca":103800,"dosisEntregadasJanssen":2000,"dosisPrimeraDosis":95212,"dosisPautaCompletada":89028,"porcentajeEntregadas":0.8362734288864389,"porcentajePoblacionAdministradas":null,"porcentajePoblacionPrimeraDosis":null,"porcentajePoblacionCompletas":null,"fechaUltRegistro":1637280000000},{"ccaa":"Sanidad Exterior","dosisAdministradas":7553,"dosisEntregadas":9615,"dosisEntregadasModerna":5240,"dosisEntregadasPfizer":0,"dosisEntregadasAstrazeneca":0,"dosisEntregadasJanssen":4375,"dosisPrimeraDosis":5741,"dosisPautaCompletada":5524,"porcentajeEntregadas":0.7855434217368695,"porcentajePoblacionAdministradas":null,"porcentajePoblacionPrimeraDosis":null,"porcentajePoblacionCompletas":null,"fechaUltRegistro":1637539200000,"etarios":{"unaDosis":{"etarioTotal":{"vacunados":5715,"personasINE":"-","porcentaje":"-"},"etarioRangos":[{"rango":{"min":12,"max":19},"vacunados":179,"personasINE":null,"porcentaje":"-"},{"rango":{"min":20,"max":29},"vacunados":1384,"personasINE":null,"porcentaje":"-"},{"rango":{"min":30,"max":39},"vacunados":1683,"personasINE":null,"porcentaje":"-"},{"rango":{"min":40,"max":49},"vacunados":1421,"personasINE":null,"porcentaje":"-"},{"rango":{"min":50,"max":59},"vacunados":735,"personasINE":null,"porcentaje":"-"},{"rango":{"min":60,"max":69},"vacunados":243,"personasINE":null,"porcentaje":"-"},{"rango":{"min":70,"max":79},"vacunados":42,"personasINE":null,"porcentaje":"-"},{"rango":{"min":80,"max":null},"vacunados":28,"personasINE":null,"porcentaje":"-"}]},"pautaCompleta":{"etarioTotal":{"vacunados":5524,"personasINE":"-","porcentaje":"-"},"etarioRangos":[{"rango":{"min":12,"max":19},"vacunados":164,"personasINE":null,"porcentaje":"-"},{"rango":{"min":20,"max":29},"vacunados":1340,"personasINE":null,"porcentaje":"-"},{"rango":{"min":30,"max":39},"vacunados":1628,"personasINE":null,"porcentaje":"-"},{"rango":{"min":40,"max":49},"vacunados":1378,"personasINE":null,"porcentaje":"-"},{"rango":{"min":50,"max":59},"vacunados":716,"personasINE":null,"porcentaje":"-"},{"rango":{"min":60,"max":69},"vacunados":230,"personasINE":null,"porcentaje":"-"},{"rango":{"min":70,"max":79},"vacunados":41,"personasINE":null,"porcentaje":"-"},{"rango":{"min":80,"max":null},"vacunados":27,"personasINE":null,"porcentaje":"-"}]}}},{"ccaa":"Totales","dosisAdministradas":75173640,"dosisEntregadas":78219143,"dosisEntregadasModerna":10787700,"dosisEntregadasPfizer":56219853,"dosisEntregadasAstrazeneca":9054580,"dosisEntregadasJanssen":2157010,"dosisPrimeraDosis":38249913,"dosisPautaCompletada":37557243,"porcentajeEntregadas":0.9610644800851372,"porcentajePoblacionAdministradas":1.6014835960801022,"porcentajePoblacionPrimeraDosis":0.8148681934384321,"porcentajePoblacionCompletas":0.8001116957818492,"fechaUltRegistro":null,"etarios":{"unaDosis":{"etarioTotal":{"vacunados":38237469,"personasINE":42119827,"porcentaje":0.9078258797216807},"etarioRangos":[{"rango":{"min":12,"max":19},"vacunados":3376797,"personasINE":3888686,"porcentaje":0.8169967884416257},{"rango":{"min":20,"max":29},"vacunados":4039755,"personasINE":4944640,"porcentaje":0.8875343919849331},{"rango":{"min":30,"max":39},"vacunados":4944357,"personasINE":6230403,"porcentaje":0.8875343919849331},{"rango":{"min":40,"max":49},"vacunados":7004188,"personasINE":7891737,"porcentaje":0.8875343919849331},{"rango":{"min":50,"max":59},"vacunados":6696793,"personasINE":7033306,"porcentaje":0.9521543638226462},{"rango":{"min":60,"max":69},"vacunados":5288221,"personasINE":5336986,"porcentaje":0.9908628203259293},{"rango":{"min":70,"max":79},"vacunados":3947084,"personasINE":3960045,"porcentaje":0.9967270573945498},{"rango":{"min":80,"max":null},"vacunados":2940274,"personasINE":2940274,"porcentaje":1}]},"pautaCompleta":{"etarioTotal":{"vacunados":37557243,"personasINE":42119827,"porcentaje":0.8916760982897675},"etarioRangos":[{"rango":{"min":12,"max":19},"vacunados":3267946,"personasINE":3888686,"porcentaje":0.7866168214470619},{"rango":{"min":20,"max":29},"vacunados":3889537,"personasINE":4944640,"porcentaje":0.8745793226510209},{"rango":{"min":30,"max":39},"vacunados":4808074,"personasINE":6230403,"porcentaje":0.8745793226510209},{"rango":{"min":40,"max":49},"vacunados":6901950,"personasINE":7891737,"porcentaje":0.8745793226510209},{"rango":{"min":50,"max":59},"vacunados":6632068,"personasINE":7033306,"porcentaje":0.9429517214237515},{"rango":{"min":60,"max":69},"vacunados":5224640,"personasINE":5336986,"porcentaje":0.978949541932469},{"rango":{"min":70,"max":79},"vacunados":3924262,"personasINE":3960045,"porcentaje":0.9909639915708028},{"rango":{"min":80,"max":null},"vacunados":2908766,"personasINE":2908766,"porcentaje":1}]}}}]