[{"ccaa":"Andalucía","dosisAdministradas":626659,"dosisEntregadas":679510,"dosisEntregadasModerna":36300,"dosisEntregadasPfizer":568710,"dosisEntregadasAstrazeneca":74500,"dosisPautaCompletada":216617,"porcentajeEntregadas":0.9222218951891804,"porcentajePoblacionAdministradas":0.0740345666107187,"porcentajePoblacionCompletas":0.025591503059102398,"fechaUltRegistro":1613952000000},{"ccaa":"Aragón","dosisAdministradas":111067,"dosisEntregadas":114255,"dosisEntregadasModerna":6300,"dosisEntregadasPfizer":96255,"dosisEntregadasAstrazeneca":11700,"dosisPautaCompletada":43705,"porcentajeEntregadas":0.9720975012034484,"porcentajePoblacionAdministradas":0.0835472784154549,"porcentajePoblacionCompletas":0.0328759559828523,"fechaUltRegistro":1613952000000},{"ccaa":"Asturias","dosisAdministradas":99545,"dosisEntregadas":113315,"dosisEntregadasModerna":6300,"dosisEntregadasPfizer":98015,"dosisEntregadasAstrazeneca":9000,"dosisPautaCompletada":37949,"porcentajeEntregadas":0.8784803424083307,"porcentajePoblacionAdministradas":0.09770962245186418,"porcentajePoblacionCompletas":0.037249308980117475,"fechaUltRegistro":1613952000000},{"ccaa":"Baleares","dosisAdministradas":52801,"dosisEntregadas":63000,"dosisEntregadasModerna":3200,"dosisEntregadasPfizer":49500,"dosisEntregadasAstrazeneca":10300,"dosisPautaCompletada":20560,"porcentajeEntregadas":0.8381111111111111,"porcentajePoblacionAdministradas":0.04506962185766976,"porcentajePoblacionCompletas":0.017549505225160324,"fechaUltRegistro":1613952000000},{"ccaa":"Canarias","dosisAdministradas":122304,"dosisEntregadas":137320,"dosisEntregadasModerna":7000,"dosisEntregadasPfizer":111120,"dosisEntregadasAstrazeneca":19200,"dosisPautaCompletada":49926,"porcentajeEntregadas":0.890649577628896,"porcentajePoblacionAdministradas":0.056207122215931236,"porcentajePoblacionCompletas":0.02294443995088127,"fechaUltRegistro":1613952000000},{"ccaa":"Cantabria","dosisAdministradas":48935,"dosisEntregadas":55535,"dosisEntregadasModerna":2900,"dosisEntregadasPfizer":47535,"dosisEntregadasAstrazeneca":5100,"dosisPautaCompletada":19854,"porcentajeEntregadas":0.8811560277302602,"porcentajePoblacionAdministradas":0.0839502148720632,"porcentajePoblacionCompletas":0.034060438664962556,"fechaUltRegistro":1613952000000},{"ccaa":"Castilla y Leon","dosisAdministradas":223034,"dosisEntregadas":246085,"dosisEntregadasModerna":13500,"dosisEntregadasPfizer":211485,"dosisEntregadasAstrazeneca":21100,"dosisPautaCompletada":86452,"porcentajeEntregadas":0.9063291139240506,"porcentajePoblacionAdministradas":0.09312803194096833,"porcentajePoblacionCompletas":0.036098104402739466,"fechaUltRegistro":1613952000000},{"ccaa":"Castilla La Mancha","dosisAdministradas":146212,"dosisEntregadas":170975,"dosisEntregadasModerna":9200,"dosisEntregadasPfizer":143775,"dosisEntregadasAstrazeneca":18000,"dosisPautaCompletada":63205,"porcentajeEntregadas":0.8551659599356631,"porcentajePoblacionAdministradas":0.07148958474414256,"porcentajePoblacionCompletas":0.03090375074380715,"fechaUltRegistro":1613952000000},{"ccaa":"Cataluña","dosisAdministradas":504270,"dosisEntregadas":589680,"dosisEntregadasModerna":31400,"dosisEntregadasPfizer":489680,"dosisEntregadasAstrazeneca":68600,"dosisPautaCompletada":181835,"porcentajeEntregadas":0.8551587301587301,"porcentajePoblacionAdministradas":0.06481220500691538,"porcentajePoblacionCompletas":0.02337066908091391,"fechaUltRegistro":1613952000000},{"ccaa":"C. Valenciana","dosisAdministradas":273978,"dosisEntregadas":307260,"dosisEntregadasModerna":15700,"dosisEntregadasPfizer":247060,"dosisEntregadasAstrazeneca":44500,"dosisPautaCompletada":99045,"porcentajeEntregadas":0.8916813122437024,"porcentajePoblacionAdministradas":0.05417418954144589,"porcentajePoblacionCompletas":0.01958435568962657,"fechaUltRegistro":1613952000000},{"ccaa":"Extremadura","dosisAdministradas":94462,"dosisEntregadas":103115,"dosisEntregadasModerna":5400,"dosisEntregadasPfizer":88415,"dosisEntregadasAstrazeneca":9300,"dosisPautaCompletada":38029,"porcentajeEntregadas":0.9160839839014693,"porcentajePoblacionAdministradas":0.088781159920187,"porcentajePoblacionCompletas":0.0357419780504837,"fechaUltRegistro":1613952000000},{"ccaa":"Galicia","dosisAdministradas":170544,"dosisEntregadas":186985,"dosisEntregadasModerna":9800,"dosisEntregadasPfizer":153385,"dosisEntregadasAstrazeneca":23800,"dosisPautaCompletada":58052,"porcentajeEntregadas":0.9120731609487392,"porcentajePoblacionAdministradas":0.06312191897384688,"porcentajePoblacionCompletas":0.021486265364186127,"fechaUltRegistro":1613952000000},{"ccaa":"La Rioja","dosisAdministradas":24905,"dosisEntregadas":27665,"dosisEntregadasModerna":1400,"dosisEntregadasPfizer":23465,"dosisEntregadasAstrazeneca":2800,"dosisPautaCompletada":9193,"porcentajeEntregadas":0.9002349539128863,"porcentajePoblacionAdministradas":0.0778490469313628,"porcentajePoblacionCompletas":0.028735847759085255,"fechaUltRegistro":1613952000000},{"ccaa":"Madrid","dosisAdministradas":382180,"dosisEntregadas":484095,"dosisEntregadasModerna":25400,"dosisEntregadasPfizer":398895,"dosisEntregadasAstrazeneca":59800,"dosisPautaCompletada":169765,"porcentajeEntregadas":0.7894731406025677,"porcentajePoblacionAdministradas":0.05636966274369134,"porcentajePoblacionCompletas":0.025039499177567533,"fechaUltRegistro":1613952000000},{"ccaa":"Murcia","dosisAdministradas":108290,"dosisEntregadas":123585,"dosisEntregadasModerna":6600,"dosisEntregadasPfizer":103685,"dosisEntregadasAstrazeneca":13300,"dosisPautaCompletada":46777,"porcentajeEntregadas":0.8762390257717361,"porcentajePoblacionAdministradas":0.07165586656352915,"porcentajePoblacionCompletas":0.030952502264680055,"fechaUltRegistro":1613952000000},{"ccaa":"Navarra","dosisAdministradas":51816,"dosisEntregadas":55065,"dosisEntregadasModerna":2900,"dosisEntregadasPfizer":46365,"dosisEntregadasAstrazeneca":5800,"dosisPautaCompletada":20090,"porcentajeEntregadas":0.9409970035412694,"porcentajePoblacionAdministradas":0.07836696173757594,"porcentajePoblacionCompletas":0.03038428788999345,"fechaUltRegistro":1613952000000},{"ccaa":"País Vasco","dosisAdministradas":114568,"dosisEntregadas":154850,"dosisEntregadasModerna":7900,"dosisEntregadasPfizer":127350,"dosisEntregadasAstrazeneca":19600,"dosisPautaCompletada":44902,"porcentajeEntregadas":0.7398643848886018,"porcentajePoblacionAdministradas":0.051595493635679106,"porcentajePoblacionCompletas":0.02022153529108707,"fechaUltRegistro":1613952000000},{"ccaa":"Ceuta","dosisAdministradas":5526,"dosisEntregadas":5520,"dosisEntregadasModerna":400,"dosisEntregadasPfizer":4320,"dosisEntregadasAstrazeneca":800,"dosisPautaCompletada":1087,"porcentajeEntregadas":1.001086956521739,"porcentajePoblacionAdministradas":0.06562789482435097,"porcentajePoblacionCompletas":0.0129094320799981,"fechaUltRegistro":1613952000000},{"ccaa":"Melilla","dosisAdministradas":4095,"dosisEntregadas":4350,"dosisEntregadasModerna":400,"dosisEntregadasPfizer":3150,"dosisEntregadasAstrazeneca":800,"dosisPautaCompletada":1262,"porcentajeEntregadas":0.9413793103448276,"porcentajePoblacionAdministradas":0.047027883687812945,"porcentajePoblacionCompletas":0.014493086499150168,"fechaUltRegistro":1613779200000},{"ccaa":"Totales","dosisAdministradas":3165191,"dosisEntregadas":3622165,"dosisEntregadasModerna":192000,"dosisEntregadasPfizer":3012165,"dosisEntregadasAstrazeneca":418000,"dosisPautaCompletada":1208305,"porcentajeEntregadas":0.8738395407166708,"porcentajePoblacionAdministradas":0.0674305709416276,"porcentajePoblacionCompletas":0.025741478483170006,"fechaUltRegistro":null}]