[{"ccaa":"Andalucía","dosisAdministradas":653919,"dosisEntregadas":842810,"dosisEntregadasModerna":36300,"dosisEntregadasPfizer":662310,"dosisEntregadasAstrazeneca":144200,"dosisPautaCompletada":218967,"porcentajeEntregadas":0.7758794983448227,"porcentajePoblacionAdministradas":0.07725510965854565,"porcentajePoblacionCompletas":0.02586913608046679,"fechaUltRegistro":1614038400000},{"ccaa":"Aragón","dosisAdministradas":115419,"dosisEntregadas":141535,"dosisEntregadasModerna":6300,"dosisEntregadasPfizer":112635,"dosisEntregadasAstrazeneca":22600,"dosisPautaCompletada":44195,"porcentajeEntregadas":0.8154802698979051,"porcentajePoblacionAdministradas":0.08682095786717377,"porcentajePoblacionCompletas":0.033244545810826164,"fechaUltRegistro":1614038400000},{"ccaa":"Asturias","dosisAdministradas":104014,"dosisEntregadas":135755,"dosisEntregadasModerna":6300,"dosisEntregadasPfizer":112055,"dosisEntregadasAstrazeneca":17400,"dosisPautaCompletada":38423,"porcentajeEntregadas":0.7661890906412286,"porcentajePoblacionAdministradas":0.10209622451864184,"porcentajePoblacionCompletas":0.03771456952602318,"fechaUltRegistro":1614038400000},{"ccaa":"Baleares","dosisAdministradas":54156,"dosisEntregadas":79620,"dosisEntregadasModerna":3200,"dosisEntregadasPfizer":56520,"dosisEntregadasAstrazeneca":19900,"dosisPautaCompletada":20576,"porcentajeEntregadas":0.680180859080633,"porcentajePoblacionAdministradas":0.04622621619522288,"porcentajePoblacionCompletas":0.017563162427670174,"fechaUltRegistro":1614038400000},{"ccaa":"Canarias","dosisAdministradas":127794,"dosisEntregadas":173940,"dosisEntregadasModerna":7000,"dosisEntregadasPfizer":129840,"dosisEntregadasAstrazeneca":37100,"dosisPautaCompletada":50067,"porcentajeEntregadas":0.7347016212487064,"porcentajePoblacionAdministradas":0.058730155812260564,"porcentajePoblacionCompletas":0.023009239174393552,"fechaUltRegistro":1614038400000},{"ccaa":"Cantabria","dosisAdministradas":51298,"dosisEntregadas":68525,"dosisEntregadasModerna":2900,"dosisEntregadasPfizer":55725,"dosisEntregadasAstrazeneca":9900,"dosisPautaCompletada":19963,"porcentajeEntregadas":0.7486026997446188,"porcentajePoblacionAdministradas":0.08800404868717887,"porcentajePoblacionCompletas":0.03424743311517314,"fechaUltRegistro":1614038400000},{"ccaa":"Castilla y Leon","dosisAdministradas":229483,"dosisEntregadas":300885,"dosisEntregadasModerna":13500,"dosisEntregadasPfizer":246585,"dosisEntregadasAstrazeneca":40800,"dosisPautaCompletada":87344,"porcentajeEntregadas":0.7626933878392077,"porcentajePoblacionAdministradas":0.09582081724718759,"porcentajePoblacionCompletas":0.03647055974359038,"fechaUltRegistro":1614038400000},{"ccaa":"Castilla La Mancha","dosisAdministradas":150359,"dosisEntregadas":211175,"dosisEntregadasModerna":9200,"dosisEntregadasPfizer":167175,"dosisEntregadasAstrazeneca":34800,"dosisPautaCompletada":64920,"porcentajeEntregadas":0.7120113649816503,"porcentajePoblacionAdministradas":0.07351723847936238,"porcentajePoblacionCompletas":0.03174229093090673,"fechaUltRegistro":1614038400000},{"ccaa":"Cataluña","dosisAdministradas":531016,"dosisEntregadas":734510,"dosisEntregadasModerna":31400,"dosisEntregadasPfizer":570410,"dosisEntregadasAstrazeneca":132700,"dosisPautaCompletada":183354,"porcentajeEntregadas":0.7229527167771712,"porcentajePoblacionAdministradas":0.06824978256480096,"porcentajePoblacionCompletas":0.023565901276772293,"fechaUltRegistro":1614038400000},{"ccaa":"C. Valenciana","dosisAdministradas":286962,"dosisEntregadas":389910,"dosisEntregadasModerna":15700,"dosisEntregadasPfizer":288010,"dosisEntregadasAstrazeneca":86200,"dosisPautaCompletada":100209,"porcentajeEntregadas":0.7359698391936601,"porcentajePoblacionAdministradas":0.05674154048570468,"porcentajePoblacionCompletas":0.019814515617161785,"fechaUltRegistro":1614038400000},{"ccaa":"Extremadura","dosisAdministradas":98839,"dosisEntregadas":125955,"dosisEntregadasModerna":5400,"dosisEntregadasPfizer":102455,"dosisEntregadasAstrazeneca":18100,"dosisPautaCompletada":38366,"porcentajeEntregadas":0.7847167639236236,"porcentajePoblacionAdministradas":0.09289493198695097,"porcentajePoblacionCompletas":0.03605871124365241,"fechaUltRegistro":1614038400000},{"ccaa":"Galicia","dosisAdministradas":179141,"dosisEntregadas":235025,"dosisEntregadasModerna":9800,"dosisEntregadasPfizer":179125,"dosisEntregadasAstrazeneca":46100,"dosisPautaCompletada":58239,"porcentajeEntregadas":0.7622210403148602,"porcentajePoblacionAdministradas":0.06630384936962838,"porcentajePoblacionCompletas":0.02155547799463991,"fechaUltRegistro":1614038400000},{"ccaa":"La Rioja","dosisAdministradas":25411,"dosisEntregadas":34945,"dosisEntregadasModerna":1400,"dosisEntregadasPfizer":28145,"dosisEntregadasAstrazeneca":5400,"dosisPautaCompletada":9193,"porcentajeEntregadas":0.7271712691372156,"porcentajePoblacionAdministradas":0.07943072200653925,"porcentajePoblacionCompletas":0.028735847759085255,"fechaUltRegistro":1614038400000},{"ccaa":"Madrid","dosisAdministradas":385692,"dosisEntregadas":605415,"dosisEntregadasModerna":25400,"dosisEntregadasPfizer":464415,"dosisEntregadasAstrazeneca":115600,"dosisPautaCompletada":170589,"porcentajeEntregadas":0.6370704392854488,"porcentajePoblacionAdministradas":0.05688766540096238,"porcentajePoblacionCompletas":0.025161035108544567,"fechaUltRegistro":1614038400000},{"ccaa":"Murcia","dosisAdministradas":110564,"dosisEntregadas":153535,"dosisEntregadasModerna":6600,"dosisEntregadasPfizer":121235,"dosisEntregadasAstrazeneca":25700,"dosisPautaCompletada":48528,"porcentajeEntregadas":0.7201224476503729,"porcentajePoblacionAdministradas":0.0731605802080528,"porcentajePoblacionCompletas":0.03211114500503225,"fechaUltRegistro":1614038400000},{"ccaa":"Navarra","dosisAdministradas":53145,"dosisEntregadas":69825,"dosisEntregadasModerna":2900,"dosisEntregadasPfizer":55725,"dosisEntregadasAstrazeneca":11200,"dosisPautaCompletada":20422,"porcentajeEntregadas":0.7611170784103115,"porcentajePoblacionAdministradas":0.08037695270849686,"porcentajePoblacionCompletas":0.03088640753058468,"fechaUltRegistro":1614038400000},{"ccaa":"País Vasco","dosisAdministradas":117427,"dosisEntregadas":194210,"dosisEntregadasModerna":7900,"dosisEntregadasPfizer":148410,"dosisEntregadasAstrazeneca":37900,"dosisPautaCompletada":45475,"porcentajeEntregadas":0.6046393079656043,"porcentajePoblacionAdministradas":0.052883039165883064,"porcentajePoblacionCompletas":0.02047958481497894,"fechaUltRegistro":1614038400000},{"ccaa":"Ceuta","dosisAdministradas":5705,"dosisEntregadas":6220,"dosisEntregadasModerna":400,"dosisEntregadasPfizer":4320,"dosisEntregadasAstrazeneca":1500,"dosisPautaCompletada":1087,"porcentajeEntregadas":0.9172025723472669,"porcentajePoblacionAdministradas":0.0677537350656754,"porcentajePoblacionCompletas":0.0129094320799981,"fechaUltRegistro":1614038400000},{"ccaa":"Melilla","dosisAdministradas":4334,"dosisEntregadas":5050,"dosisEntregadasModerna":400,"dosisEntregadasPfizer":3150,"dosisEntregadasAstrazeneca":1500,"dosisPautaCompletada":1266,"porcentajeEntregadas":0.8582178217821782,"porcentajePoblacionAdministradas":0.04977261243052047,"porcentajePoblacionCompletas":0.014539023381873305,"fechaUltRegistro":1614038400000},{"ccaa":"Totales","dosisAdministradas":3284678,"dosisEntregadas":4508845,"dosisEntregadasModerna":192000,"dosisEntregadasPfizer":3508245,"dosisEntregadasAstrazeneca":808600,"dosisPautaCompletada":1221183,"porcentajeEntregadas":0.7284965440151524,"porcentajePoblacionAdministradas":0.06997609714529186,"porcentajePoblacionCompletas":0.026015828717511718,"fechaUltRegistro":null}]