[{"ccaa":"Andalucía","dosisAdministradas":11292089,"dosisEntregadas":11498070,"dosisEntregadasModerna":1305500,"dosisEntregadasPfizer":7861320,"dosisEntregadasAstrazeneca":1805800,"dosisEntregadasJanssen":525450,"dosisPrimeraDosis":6342820,"dosisPautaCompletada":5257320,"porcentajeEntregadas":0.982085602192368,"porcentajePoblacionAdministradas":1.3340667176960097,"porcentajePoblacionPrimeraDosis":0.7493516087534029,"porcentajePoblacionCompletas":0.6211087812252973,"fechaUltRegistro":1629244800000,"etarios":{"unaDosis":{"etarioTotal":{"vacunados":6342820,"personasINE":7451975,"porcentaje":0.8511595919202628},"etarioRangos":[{"rango":{"min":12,"max":19},"vacunados":441784,"personasINE":752907,"porcentaje":0.7095745322352779},{"rango":{"min":20,"max":29},"vacunados":658962,"personasINE":928672,"porcentaje":0.8654977135455999},{"rango":{"min":30,"max":39},"vacunados":856241,"personasINE":1140217,"porcentaje":0.8654977135455999},{"rango":{"min":40,"max":49},"vacunados":1198813,"personasINE":1385114,"porcentaje":0.8654977135455999},{"rango":{"min":50,"max":59},"vacunados":1186810,"personasINE":1265021,"porcentaje":0.9381741488876469},{"rango":{"min":60,"max":69},"vacunados":915981,"personasINE":916147,"porcentaje":0.9998188063705934},{"rango":{"min":70,"max":79},"vacunados":651241,"personasINE":651241,"porcentaje":1},{"rango":{"min":80,"max":null},"vacunados":432988,"personasINE":432988,"porcentaje":1}]},"pautaCompleta":{"etarioTotal":{"vacunados":5257320,"personasINE":7451975,"porcentaje":0.705493510109736},"etarioRangos":[{"rango":{"min":12,"max":19},"vacunados":26683,"personasINE":752907,"porcentaje":0.3774971141587127},{"rango":{"min":20,"max":29},"vacunados":350571,"personasINE":928672,"porcentaje":0.808224449395501},{"rango":{"min":30,"max":39},"vacunados":701962,"personasINE":1140217,"porcentaje":0.808224449395501},{"rango":{"min":40,"max":49},"vacunados":1119483,"personasINE":1385114,"porcentaje":0.808224449395501},{"rango":{"min":50,"max":59},"vacunados":1121616,"personasINE":1265021,"porcentaje":0.8866382455311018},{"rango":{"min":60,"max":69},"vacunados":865703,"personasINE":916147,"porcentaje":0.944938967218143},{"rango":{"min":70,"max":79},"vacunados":645253,"personasINE":650381,"porcentaje":0.9921153908247627},{"rango":{"min":80,"max":null},"vacunados":426049,"personasINE":426049,"porcentaje":1}]}}},{"ccaa":"Aragón","dosisAdministradas":1794660,"dosisEntregadas":1899915,"dosisEntregadasModerna":203700,"dosisEntregadasPfizer":1345815,"dosisEntregadasAstrazeneca":285700,"dosisEntregadasJanssen":64700,"dosisPrimeraDosis":992966,"dosisPautaCompletada":901296,"porcentajeEntregadas":0.9446001531647469,"porcentajePoblacionAdministradas":1.3499865727991238,"porcentajePoblacionPrimeraDosis":0.746932994130395,"porcentajePoblacionCompletas":0.677976607333734,"fechaUltRegistro":1629244800000,"etarios":{"unaDosis":{"etarioTotal":{"vacunados":992966,"personasINE":1185134,"porcentaje":0.8378512472007384},"etarioRangos":[{"rango":{"min":12,"max":19},"vacunados":55678,"personasINE":103109,"porcentaje":0.6821496767662825},{"rango":{"min":20,"max":29},"vacunados":88953,"personasINE":130401,"porcentaje":0.8383804078290523},{"rango":{"min":30,"max":39},"vacunados":114639,"personasINE":164286,"porcentaje":0.8383804078290523},{"rango":{"min":40,"max":49},"vacunados":180204,"personasINE":214943,"porcentaje":0.8383804078290523},{"rango":{"min":50,"max":59},"vacunados":181279,"personasINE":198266,"porcentaje":0.9143221732420083},{"rango":{"min":60,"max":69},"vacunados":152416,"personasINE":156367,"porcentaje":0.9747325202888077},{"rango":{"min":70,"max":79},"vacunados":118793,"personasINE":118955,"porcentaje":0.9986381404732882},{"rango":{"min":80,"max":null},"vacunados":101004,"personasINE":101004,"porcentaje":1}]},"pautaCompleta":{"etarioTotal":{"vacunados":901296,"personasINE":1185134,"porcentaje":0.7605013441518006},"etarioRangos":[{"rango":{"min":12,"max":19},"vacunados":20667,"personasINE":103109,"porcentaje":0.48064048588584446},{"rango":{"min":20,"max":29},"vacunados":62676,"personasINE":130401,"porcentaje":0.8098333046435566},{"rango":{"min":30,"max":39},"vacunados":102238,"personasINE":164286,"porcentaje":0.8098333046435566},{"rango":{"min":40,"max":49},"vacunados":174068,"personasINE":214943,"porcentaje":0.8098333046435566},{"rango":{"min":50,"max":59},"vacunados":177204,"personasINE":198266,"porcentaje":0.8937689770308576},{"rango":{"min":60,"max":69},"vacunados":147288,"personasINE":156367,"porcentaje":0.941937876917764},{"rango":{"min":70,"max":79},"vacunados":117816,"personasINE":118955,"porcentaje":0.9904249506115758},{"rango":{"min":80,"max":null},"vacunados":99339,"personasINE":99339,"porcentaje":1}]}}},{"ccaa":"Asturias","dosisAdministradas":1518570,"dosisEntregadas":1523405,"dosisEntregadasModerna":148800,"dosisEntregadasPfizer":1089005,"dosisEntregadasAstrazeneca":235900,"dosisEntregadasJanssen":49700,"dosisPrimeraDosis":824600,"dosisPautaCompletada":744119,"porcentajeEntregadas":0.996826188702282,"porcentajePoblacionAdministradas":1.4905711122279108,"porcentajePoblacionPrimeraDosis":0.8093962999026291,"porcentajePoblacionCompletas":0.7303991817696391,"fechaUltRegistro":1629244800000,"etarios":{"unaDosis":{"etarioTotal":{"vacunados":824600,"personasINE":933927,"porcentaje":0.8829383881181292},"etarioRangos":[{"rango":{"min":12,"max":19},"vacunados":36716,"personasINE":64000,"porcentaje":0.7221498906599588},{"rango":{"min":20,"max":29},"vacunados":57130,"personasINE":79111,"porcentaje":0.8761684621511081},{"rango":{"min":30,"max":39},"vacunados":85144,"personasINE":114451,"porcentaje":0.8761684621511081},{"rango":{"min":40,"max":49},"vacunados":146314,"personasINE":166993,"porcentaje":0.8761684621511081},{"rango":{"min":50,"max":59},"vacunados":150372,"personasINE":162645,"porcentaje":0.9245411786405976},{"rango":{"min":60,"max":69},"vacunados":146227,"personasINE":149652,"porcentaje":0.9771135701494134},{"rango":{"min":70,"max":79},"vacunados":113972,"personasINE":113972,"porcentaje":1},{"rango":{"min":80,"max":null},"vacunados":88725,"personasINE":88725,"porcentaje":1}]},"pautaCompleta":{"etarioTotal":{"vacunados":744119,"personasINE":933927,"porcentaje":0.7967635586078997},"etarioRangos":[{"rango":{"min":12,"max":19},"vacunados":4560,"personasINE":64000.00000000001,"porcentaje":0.43919303257448394},{"rango":{"min":20,"max":29},"vacunados":34745,"personasINE":79111,"porcentaje":0.8414244908469217},{"rango":{"min":30,"max":39},"vacunados":74304,"personasINE":114451,"porcentaje":0.8414244908469217},{"rango":{"min":40,"max":49},"vacunados":140512,"personasINE":166993,"porcentaje":0.8414244908469217},{"rango":{"min":50,"max":59},"vacunados":145992,"personasINE":162645,"porcentaje":0.8976113621691414},{"rango":{"min":60,"max":69},"vacunados":142807,"personasINE":149652,"porcentaje":0.9542605511453238},{"rango":{"min":70,"max":79},"vacunados":113446,"personasINE":113446,"porcentaje":1},{"rango":{"min":80,"max":null},"vacunados":87753,"personasINE":87826,"porcentaje":0.9991688110582287}]}}},{"ccaa":"Baleares","dosisAdministradas":1444573,"dosisEntregadas":1678280,"dosisEntregadasModerna":252300,"dosisEntregadasPfizer":1107180,"dosisEntregadasAstrazeneca":256400,"dosisEntregadasJanssen":62400,"dosisPrimeraDosis":803392,"dosisPautaCompletada":722383,"porcentajeEntregadas":0.8607461210286722,"porcentajePoblacionAdministradas":1.2330516250790624,"porcentajePoblacionPrimeraDosis":0.6857554524247083,"porcentajePoblacionCompletas":0.6166081825421688,"fechaUltRegistro":1629244800000,"etarios":{"unaDosis":{"etarioTotal":{"vacunados":803392,"personasINE":1034867,"porcentaje":0.7763239140875108},"etarioRangos":[{"rango":{"min":12,"max":19},"vacunados":60990,"personasINE":95480,"porcentaje":0.6141349262733613},{"rango":{"min":20,"max":29},"vacunados":84715,"personasINE":137942,"porcentaje":0.7728644044778147},{"rango":{"min":30,"max":39},"vacunados":114276,"personasINE":182187,"porcentaje":0.7728644044778147},{"rango":{"min":40,"max":49},"vacunados":159343,"personasINE":206172,"porcentaje":0.7728644044778147},{"rango":{"min":50,"max":59},"vacunados":145830,"personasINE":165797,"porcentaje":0.8795695941422341},{"rango":{"min":60,"max":69},"vacunados":108477,"personasINE":117231,"porcentaje":0.9253269186477979},{"rango":{"min":70,"max":79},"vacunados":78601,"personasINE":80516,"porcentaje":0.9762159073972875},{"rango":{"min":80,"max":null},"vacunados":51160,"personasINE":51160,"porcentaje":1}]},"pautaCompleta":{"etarioTotal":{"vacunados":722383,"personasINE":1034867,"porcentaje":0.6980442897493108},"etarioRangos":[{"rango":{"min":12,"max":19},"vacunados":35921,"personasINE":95480,"porcentaje":0.4863710834988618},{"rango":{"min":20,"max":29},"vacunados":67091,"personasINE":137942,"porcentaje":0.7292212327571154},{"rango":{"min":30,"max":39},"vacunados":95690,"personasINE":182186.99999999997,"porcentaje":0.7292212327571154},{"rango":{"min":40,"max":49},"vacunados":150345,"personasINE":206172,"porcentaje":0.7292212327571154},{"rango":{"min":50,"max":59},"vacunados":141035,"personasINE":165797,"porcentaje":0.850648684837482},{"rango":{"min":60,"max":69},"vacunados":104015,"personasINE":117231,"porcentaje":0.8872653137821908},{"rango":{"min":70,"max":79},"vacunados":77889,"personasINE":80516,"porcentaje":0.9673729445079239},{"rango":{"min":80,"max":null},"vacunados":50397,"personasINE":50397,"porcentaje":1}]}}},{"ccaa":"Canarias","dosisAdministradas":2800453,"dosisEntregadas":3049160,"dosisEntregadasModerna":443900,"dosisEntregadasPfizer":1967910,"dosisEntregadasAstrazeneca":503700,"dosisEntregadasJanssen":133650,"dosisPrimeraDosis":1580191,"dosisPautaCompletada":1363152,"porcentajeEntregadas":0.9184342573036508,"porcentajePoblacionAdministradas":1.287001275763436,"porcentajePoblacionPrimeraDosis":0.7262067361780039,"porcentajePoblacionCompletas":0.6264623484341566,"fechaUltRegistro":1629244800000,"etarios":{"unaDosis":{"etarioTotal":{"vacunados":1580191,"personasINE":1960774,"porcentaje":0.8059016490426739},"etarioRangos":[{"rango":{"min":12,"max":19},"vacunados":115961,"personasINE":179797,"porcentaje":0.6671631949409728},{"rango":{"min":20,"max":29},"vacunados":167957,"personasINE":251747.99999999997,"porcentaje":0.7868783576164403},{"rango":{"min":30,"max":39},"vacunados":213606,"personasINE":310934,"porcentaje":0.7868783576164403},{"rango":{"min":40,"max":49},"vacunados":305249,"personasINE":387924,"porcentaje":0.7868783576164403},{"rango":{"min":50,"max":59},"vacunados":313847,"personasINE":350512,"porcentaje":0.8953958780298534},{"rango":{"min":60,"max":69},"vacunados":220846,"personasINE":235092,"porcentaje":0.9394024467017168},{"rango":{"min":70,"max":79},"vacunados":150258,"personasINE":154531,"porcentaje":0.9723485902504999},{"rango":{"min":80,"max":null},"vacunados":92467,"personasINE":92467,"porcentaje":1}]},"pautaCompleta":{"etarioTotal":{"vacunados":1363152,"personasINE":1960774,"porcentaje":0.69521117681079},"etarioRangos":[{"rango":{"min":12,"max":19},"vacunados":27409,"personasINE":179797,"porcentaje":0.45299267521489744},{"rango":{"min":20,"max":29},"vacunados":114040,"personasINE":251748,"porcentaje":0.7489998040853363},{"rango":{"min":30,"max":39},"vacunados":177570,"personasINE":310934,"porcentaje":0.7489998040853363},{"rango":{"min":40,"max":49},"vacunados":290555,"personasINE":387924,"porcentaje":0.7489998040853363},{"rango":{"min":50,"max":59},"vacunados":306714,"personasINE":350512,"porcentaje":0.8750456475099283},{"rango":{"min":60,"max":69},"vacunados":207659,"personasINE":235092,"porcentaje":0.8833095128715567},{"rango":{"min":70,"max":79},"vacunados":148343,"personasINE":154531,"porcentaje":0.9599562547320603},{"rango":{"min":80,"max":null},"vacunados":90862,"personasINE":90862,"porcentaje":1}]}}},{"ccaa":"Cantabria","dosisAdministradas":772417,"dosisEntregadas":833675,"dosisEntregadasModerna":84600,"dosisEntregadasPfizer":593925,"dosisEntregadasAstrazeneca":130200,"dosisEntregadasJanssen":24950,"dosisPrimeraDosis":426007,"dosisPautaCompletada":376460,"porcentajeEntregadas":0.9265205265841006,"porcentajePoblacionAdministradas":1.325116442645028,"porcentajePoblacionPrimeraDosis":0.7308343555124763,"porcentajePoblacionCompletas":0.6458342268465702,"fechaUltRegistro":1629244800000,"etarios":{"unaDosis":{"etarioTotal":{"vacunados":426007,"personasINE":524127,"porcentaje":0.8127934641794832},"etarioRangos":[{"rango":{"min":12,"max":19},"vacunados":6698,"personasINE":43963,"porcentaje":0.6034650034650034},{"rango":{"min":20,"max":29},"vacunados":30478,"personasINE":50505,"porcentaje":0.8576644948807904},{"rango":{"min":30,"max":39},"vacunados":48941,"personasINE":70473,"porcentaje":0.8576644948807904},{"rango":{"min":40,"max":49},"vacunados":83853,"personasINE":97769,"porcentaje":0.8576644948807904},{"rango":{"min":50,"max":59},"vacunados":82205,"personasINE":89964,"porcentaje":0.913754390645147},{"rango":{"min":60,"max":69},"vacunados":75597,"personasINE":77345,"porcentaje":0.9773999612127481},{"rango":{"min":70,"max":79},"vacunados":55908,"personasINE":55908,"porcentaje":1},{"rango":{"min":80,"max":null},"vacunados":42327,"personasINE":42327,"porcentaje":1}]},"pautaCompleta":{"etarioTotal":{"vacunados":376460,"personasINE":524127,"porcentaje":0.7182610321544206},"etarioRangos":[{"rango":{"min":12,"max":19},"vacunados":864,"personasINE":43963,"porcentaje":0.15679635679635678},{"rango":{"min":20,"max":29},"vacunados":7919,"personasINE":50505.00000000001,"porcentaje":0.8208532356882038},{"rango":{"min":30,"max":39},"vacunados":34963,"personasINE":70473,"porcentaje":0.8208532356882038},{"rango":{"min":40,"max":49},"vacunados":80254,"personasINE":97769,"porcentaje":0.8208532356882038},{"rango":{"min":50,"max":59},"vacunados":80569,"personasINE":89964,"porcentaje":0.8955693388466498},{"rango":{"min":60,"max":69},"vacunados":74445,"personasINE":77345,"porcentaje":0.9625056564742388},{"rango":{"min":70,"max":79},"vacunados":55596,"personasINE":55596,"porcentaje":1},{"rango":{"min":80,"max":null},"vacunados":41850,"personasINE":41850,"porcentaje":1}]}}},{"ccaa":"Castilla y Leon","dosisAdministradas":3360644,"dosisEntregadas":3464495,"dosisEntregadasModerna":358300,"dosisEntregadasPfizer":2478945,"dosisEntregadasAstrazeneca":514400,"dosisEntregadasJanssen":112850,"dosisPrimeraDosis":1872168,"dosisPautaCompletada":1662226,"porcentajeEntregadas":0.9700242026615712,"porcentajePoblacionAdministradas":1.403239693384074,"porcentajePoblacionPrimeraDosis":0.7817253033298008,"porcentajePoblacionCompletas":0.6940638468623977,"fechaUltRegistro":1629244800000,"etarios":{"unaDosis":{"etarioTotal":{"vacunados":1872168,"personasINE":2176253,"porcentaje":0.8602713011768393},"etarioRangos":[{"rango":{"min":12,"max":19},"vacunados":66577,"personasINE":165342,"porcentaje":0.7146337070983764},{"rango":{"min":20,"max":29},"vacunados":150792,"personasINE":211006,"porcentaje":0.8598257662294766},{"rango":{"min":30,"max":39},"vacunados":200280,"personasINE":267783,"porcentaje":0.8598257662294766},{"rango":{"min":40,"max":49},"vacunados":312379,"personasINE":363305,"porcentaje":0.8598257662294766},{"rango":{"min":50,"max":59},"vacunados":346550,"personasINE":381175,"porcentaje":0.9091624581884961},{"rango":{"min":60,"max":69},"vacunados":316877,"personasINE":318575,"porcentaje":0.9946700149101467},{"rango":{"min":70,"max":79},"vacunados":249742,"personasINE":249742,"porcentaje":1},{"rango":{"min":80,"max":null},"vacunados":228971,"personasINE":228971,"porcentaje":1}]},"pautaCompleta":{"etarioTotal":{"vacunados":1662226,"personasINE":2176253,"porcentaje":0.7638018189980669},"etarioRangos":[{"rango":{"min":12,"max":19},"vacunados":4800,"personasINE":165342,"porcentaje":0.2829113864060738},{"rango":{"min":20,"max":29},"vacunados":59696,"personasINE":211006,"porcentaje":0.8331814866296913},{"rango":{"min":30,"max":39},"vacunados":172483,"personasINE":267783,"porcentaje":0.8331814866296913},{"rango":{"min":40,"max":49},"vacunados":302699,"personasINE":363305,"porcentaje":0.8331814866296913},{"rango":{"min":50,"max":59},"vacunados":339905,"personasINE":381175,"porcentaje":0.891729520561422},{"rango":{"min":60,"max":69},"vacunados":308462,"personasINE":318575,"porcentaje":0.9682555128305737},{"rango":{"min":70,"max":79},"vacunados":248084,"personasINE":248084,"porcentaje":1},{"rango":{"min":80,"max":null},"vacunados":226097,"personasINE":226097,"porcentaje":1}]}}},{"ccaa":"Castilla La Mancha","dosisAdministradas":2693802,"dosisEntregadas":2920450,"dosisEntregadasModerna":330700,"dosisEntregadasPfizer":2027475,"dosisEntregadasAstrazeneca":460900,"dosisEntregadasJanssen":101375,"dosisPrimeraDosis":1523089,"dosisPautaCompletada":1318449,"porcentajeEntregadas":0.922392781934291,"porcentajePoblacionAdministradas":1.3171202525301666,"porcentajePoblacionPrimeraDosis":0.7447063178013525,"porcentajePoblacionCompletas":0.6446486712193938,"fechaUltRegistro":1629244800000},{"ccaa":"Cataluña","dosisAdministradas":9820205,"dosisEntregadas":11178380,"dosisEntregadasModerna":1320500,"dosisEntregadasPfizer":7720280,"dosisEntregadasAstrazeneca":1698100,"dosisEntregadasJanssen":439500,"dosisPrimeraDosis":5536818,"dosisPautaCompletada":4834432,"porcentajeEntregadas":0.8784998362911263,"porcentajePoblacionAdministradas":1.2621594377415581,"porcentajePoblacionPrimeraDosis":0.7116294510916359,"porcentajePoblacionCompletas":0.6213540323160053,"fechaUltRegistro":1629244800000,"etarios":{"unaDosis":{"etarioTotal":{"vacunados":5536818,"personasINE":6868360,"porcentaje":0.806133924255572},"etarioRangos":[{"rango":{"min":12,"max":19},"vacunados":372815,"personasINE":656166,"porcentaje":0.6372865597453915},{"rango":{"min":20,"max":29},"vacunados":534642,"personasINE":838935,"porcentaje":0.8182683946520044},{"rango":{"min":30,"max":39},"vacunados":695813,"personasINE":1044652.0000000001,"porcentaje":0.8182683946520044},{"rango":{"min":40,"max":49},"vacunados":1077459,"personasINE":1316755,"porcentaje":0.8182683946520044},{"rango":{"min":50,"max":59},"vacunados":994844,"personasINE":1091780,"porcentaje":0.9112128817160966},{"rango":{"min":60,"max":69},"vacunados":788231,"personasINE":837584,"porcentaje":0.9410769546696212},{"rango":{"min":70,"max":79},"vacunados":615400,"personasINE":635292,"porcentaje":0.9686884141465657},{"rango":{"min":80,"max":null},"vacunados":457614,"personasINE":457614,"porcentaje":1}]},"pautaCompleta":{"etarioTotal":{"vacunados":4834432,"personasINE":6868360,"porcentaje":0.7038699194567554},"etarioRangos":[{"rango":{"min":12,"max":19},"vacunados":137523,"personasINE":656166,"porcentaje":0.4356606888495533},{"rango":{"min":20,"max":29},"vacunados":365491,"personasINE":838935,"porcentaje":0.7763950013480109},{"rango":{"min":30,"max":39},"vacunados":558764,"personasINE":1044652,"porcentaje":0.7763950013480109},{"rango":{"min":40,"max":49},"vacunados":1022322,"personasINE":1316755,"porcentaje":0.7763950013480109},{"rango":{"min":50,"max":59},"vacunados":930663,"personasINE":1091780,"porcentaje":0.8524272289289051},{"rango":{"min":60,"max":69},"vacunados":762610,"personasINE":837584,"porcentaje":0.9104877839118226},{"rango":{"min":70,"max":79},"vacunados":607102,"personasINE":635292,"porcentaje":0.955626703940865},{"rango":{"min":80,"max":null},"vacunados":449957,"personasINE":449957,"porcentaje":1}]}}},{"ccaa":"C. Valenciana","dosisAdministradas":6612929,"dosisEntregadas":7125800,"dosisEntregadasModerna":871200,"dosisEntregadasPfizer":5040550,"dosisEntregadasAstrazeneca":906800,"dosisEntregadasJanssen":307250,"dosisPrimeraDosis":3790070,"dosisPautaCompletada":3205358,"porcentajeEntregadas":0.9280261865334418,"porcentajePoblacionAdministradas":1.3075869926421984,"porcentajePoblacionPrimeraDosis":0.7494177289977583,"porcentajePoblacionCompletas":0.6338015163268216,"fechaUltRegistro":1629244800000,"etarios":{"unaDosis":{"etarioTotal":{"vacunados":3790070,"personasINE":4488459,"porcentaje":0.8444033910079161},"etarioRangos":[{"rango":{"min":12,"max":19},"vacunados":230138,"personasINE":424531.00000000006,"porcentaje":0.7017278726512518},{"rango":{"min":20,"max":29},"vacunados":362180,"personasINE":516126,"porcentaje":0.8630499725219237},{"rango":{"min":30,"max":39},"vacunados":464045,"personasINE":648759,"porcentaje":0.8630499725219237},{"rango":{"min":40,"max":49},"vacunados":734963,"personasINE":851588,"porcentaje":0.8630499725219237},{"rango":{"min":50,"max":59},"vacunados":707183,"personasINE":752334,"porcentaje":0.9399854320022756},{"rango":{"min":60,"max":69},"vacunados":562443,"personasINE":580728,"porcentaje":0.9685136587180229},{"rango":{"min":70,"max":79},"vacunados":432724,"personasINE":437862,"porcentaje":0.9882657092874011},{"rango":{"min":80,"max":null},"vacunados":296394,"personasINE":296394,"porcentaje":1}]},"pautaCompleta":{"etarioTotal":{"vacunados":3205358,"personasINE":4488459,"porcentaje":0.7141332916263688},"etarioRangos":[{"rango":{"min":12,"max":19},"vacunados":22398,"personasINE":424531,"porcentaje":0.26665581660292254},{"rango":{"min":20,"max":29},"vacunados":137628,"personasINE":516126,"porcentaje":0.8337494187330023},{"rango":{"min":30,"max":39},"vacunados":379916,"personasINE":648759,"porcentaje":0.8337494187330023},{"rango":{"min":40,"max":49},"vacunados":710011,"personasINE":851588,"porcentaje":0.8337494187330023},{"rango":{"min":50,"max":59},"vacunados":695539,"personasINE":752334,"porcentaje":0.9245082636169574},{"rango":{"min":60,"max":69},"vacunados":538974,"personasINE":580728,"porcentaje":0.9281005909823532},{"rango":{"min":70,"max":79},"vacunados":428978,"personasINE":437862,"porcentaje":0.979710502395732},{"rango":{"min":80,"max":null},"vacunados":291914,"personasINE":291914,"porcentaje":1}]}}},{"ccaa":"Extremadura","dosisAdministradas":1504895,"dosisEntregadas":1521495,"dosisEntregadasModerna":160000,"dosisEntregadasPfizer":1081745,"dosisEntregadasAstrazeneca":228000,"dosisEntregadasJanssen":51750,"dosisPrimeraDosis":839023,"dosisPautaCompletada":741223,"porcentajeEntregadas":0.9890896782440954,"porcentajePoblacionAdministradas":1.4143922811086977,"porcentajePoblacionPrimeraDosis":0.7885650858516129,"porcentajePoblacionCompletas":0.6966466695551732,"fechaUltRegistro":1629244800000,"etarios":{"unaDosis":{"etarioTotal":{"vacunados":839023,"personasINE":953437,"porcentaje":0.8799983638142845},"etarioRangos":[{"rango":{"min":12,"max":19},"vacunados":40340,"personasINE":84750,"porcentaje":0.7207553829862337},{"rango":{"min":20,"max":29},"vacunados":81676,"personasINE":113320,"porcentaje":0.9007925063011775},{"rango":{"min":30,"max":39},"vacunados":108049,"personasINE":133479,"porcentaje":0.9007925063011775},{"rango":{"min":40,"max":49},"vacunados":143671,"personasINE":159494,"porcentaje":0.9007925063011775},{"rango":{"min":50,"max":59},"vacunados":159614,"personasINE":169216,"porcentaje":0.9432559568835098},{"rango":{"min":60,"max":69},"vacunados":131787,"personasINE":131787,"porcentaje":1},{"rango":{"min":70,"max":79},"vacunados":95751,"personasINE":95751,"porcentaje":1},{"rango":{"min":80,"max":null},"vacunados":78135,"personasINE":78135,"porcentaje":1}]},"pautaCompleta":{"etarioTotal":{"vacunados":741223,"personasINE":953437,"porcentaje":0.7774221054983181},"etarioRangos":[{"rango":{"min":12,"max":19},"vacunados":3682,"personasINE":84750,"porcentaje":0.36706671373102717},{"rango":{"min":20,"max":29},"vacunados":41596,"personasINE":113320,"porcentaje":0.8808293728917702},{"rango":{"min":30,"max":39},"vacunados":97010,"personasINE":133479,"porcentaje":0.8808293728917702},{"rango":{"min":40,"max":49},"vacunados":140487,"personasINE":159494,"porcentaje":0.8808293728917702},{"rango":{"min":50,"max":59},"vacunados":157492,"personasINE":169216,"porcentaje":0.930715771558245},{"rango":{"min":60,"max":69},"vacunados":128955,"personasINE":125297,"porcentaje":1.0291946335506836},{"rango":{"min":70,"max":79},"vacunados":94993,"personasINE":94993,"porcentaje":1},{"rango":{"min":80,"max":null},"vacunados":77008,"personasINE":77008,"porcentaje":1}]}}},{"ccaa":"Galicia","dosisAdministradas":3827858,"dosisEntregadas":3903605,"dosisEntregadasModerna":383500,"dosisEntregadasPfizer":2792905,"dosisEntregadasAstrazeneca":595400,"dosisEntregadasJanssen":131800,"dosisPrimeraDosis":2117055,"dosisPautaCompletada":1882226,"porcentajeEntregadas":0.980595628912249,"porcentajePoblacionAdministradas":1.4167707015162747,"porcentajePoblacionPrimeraDosis":0.7835665527557546,"porcentajePoblacionCompletas":0.6966514041096017,"fechaUltRegistro":1629244800000,"etarios":{"unaDosis":{"etarioTotal":{"vacunados":2117055,"personasINE":2454497,"porcentaje":0.862520915690669},"etarioRangos":[{"rango":{"min":12,"max":19},"vacunados":43235,"personasINE":180007,"porcentaje":0.7518324017992822},{"rango":{"min":20,"max":29},"vacunados":173659,"personasINE":230981,"porcentaje":0.8949440572536048},{"rango":{"min":30,"max":39},"vacunados":245562,"personasINE":323408,"porcentaje":0.8949440572536048},{"rango":{"min":40,"max":49},"vacunados":396658,"personasINE":443221,"porcentaje":0.8949440572536048},{"rango":{"min":50,"max":59},"vacunados":384783,"personasINE":405889,"porcentaje":0.9480005617299311},{"rango":{"min":60,"max":69},"vacunados":341290,"personasINE":346927,"porcentaje":0.9837516249816244},{"rango":{"min":70,"max":79},"vacunados":290247,"personasINE":290247,"porcentaje":1},{"rango":{"min":80,"max":null},"vacunados":241621,"personasINE":241621,"porcentaje":1}]},"pautaCompleta":{"etarioTotal":{"vacunados":1882226,"personasINE":2454497,"porcentaje":0.7668479529614418},"etarioRangos":[{"rango":{"min":12,"max":19},"vacunados":4951,"personasINE":180007,"porcentaje":0.17951260060351285},{"rango":{"min":20,"max":29},"vacunados":41464,"personasINE":230981,"porcentaje":0.8749946414993874},{"rango":{"min":30,"max":39},"vacunados":201095,"personasINE":323408,"porcentaje":0.8749946414993874},{"rango":{"min":40,"max":49},"vacunados":387816,"personasINE":443221,"porcentaje":0.8749946414993874},{"rango":{"min":50,"max":59},"vacunados":380902,"personasINE":405889,"porcentaje":0.9384388342625694},{"rango":{"min":60,"max":69},"vacunados":337451,"personasINE":346927,"porcentaje":0.9726858964566033},{"rango":{"min":70,"max":79},"vacunados":288813,"personasINE":289762,"porcentaje":0.996724898364865},{"rango":{"min":80,"max":null},"vacunados":239734,"personasINE":239734,"porcentaje":1}]}}},{"ccaa":"La Rioja","dosisAdministradas":419600,"dosisEntregadas":454165,"dosisEntregadasModerna":49900,"dosisEntregadasPfizer":327665,"dosisEntregadasAstrazeneca":61400,"dosisEntregadasJanssen":15200,"dosisPrimeraDosis":239906,"dosisPautaCompletada":209556,"porcentajeEntregadas":0.9238932986910043,"porcentajePoblacionAdministradas":1.3116024931700394,"porcentajePoblacionPrimeraDosis":0.7499077877179492,"porcentajePoblacionCompletas":0.6550385416080572,"fechaUltRegistro":1629244800000,"etarios":{"unaDosis":{"etarioTotal":{"vacunados":239906,"personasINE":283970,"porcentaje":0.8448286790858189},"etarioRangos":[{"rango":{"min":12,"max":19},"vacunados":12179,"personasINE":25532,"porcentaje":0.6334296408168626},{"rango":{"min":20,"max":29},"vacunados":19293,"personasINE":30458,"porcentaje":0.8689066424915481},{"rango":{"min":30,"max":39},"vacunados":28277,"personasINE":39319,"porcentaje":0.8689066424915481},{"rango":{"min":40,"max":49},"vacunados":46006,"personasINE":52947,"porcentaje":0.8689066424915481},{"rango":{"min":50,"max":59},"vacunados":44602,"personasINE":47664,"porcentaje":0.9357586438402148},{"rango":{"min":60,"max":69},"vacunados":37633,"personasINE":37718,"porcentaje":0.997746434063312},{"rango":{"min":70,"max":79},"vacunados":28586,"personasINE":28586,"porcentaje":1},{"rango":{"min":80,"max":null},"vacunados":23330,"personasINE":23330,"porcentaje":1}]},"pautaCompleta":{"etarioTotal":{"vacunados":209556,"personasINE":283970,"porcentaje":0.7379511920273268},"etarioRangos":[{"rango":{"min":12,"max":19},"vacunados":1974,"personasINE":25532,"porcentaje":0.3003480202245715},{"rango":{"min":20,"max":29},"vacunados":9148,"personasINE":30458.000000000004,"porcentaje":0.8268457136381665},{"rango":{"min":30,"max":39},"vacunados":23466,"personasINE":39319,"porcentaje":0.8268457136381665},{"rango":{"min":40,"max":49},"vacunados":43779,"personasINE":52947,"porcentaje":0.8268457136381665},{"rango":{"min":50,"max":59},"vacunados":43425,"personasINE":47664,"porcentaje":0.9110649546827795},{"rango":{"min":60,"max":69},"vacunados":36219,"personasINE":37718,"porcentaje":0.9602577018929954},{"rango":{"min":70,"max":79},"vacunados":28448,"personasINE":28448,"porcentaje":1},{"rango":{"min":80,"max":null},"vacunados":23097,"personasINE":23097,"porcentaje":1}]}}},{"ccaa":"Madrid","dosisAdministradas":8658474,"dosisEntregadas":9738299,"dosisEntregadasModerna":1262700,"dosisEntregadasPfizer":6784749,"dosisEntregadasAstrazeneca":1309400,"dosisEntregadasJanssen":381450,"dosisPrimeraDosis":4914767,"dosisPautaCompletada":4360375,"porcentajeEntregadas":0.8891156453503841,"porcentajePoblacionAdministradas":1.2770821582893406,"porcentajePoblacionPrimeraDosis":0.7249038627186761,"porcentajePoblacionCompletas":0.6431337803810329,"fechaUltRegistro":1629244800000,"etarios":{"unaDosis":{"etarioTotal":{"vacunados":4914767,"personasINE":5977937,"porcentaje":0.8221510196577849},"etarioRangos":[{"rango":{"min":12,"max":19},"vacunados":250205,"personasINE":553542,"porcentaje":0.6838129229940402},{"rango":{"min":20,"max":29},"vacunados":507714,"personasINE":742475,"porcentaje":0.8503667758460545},{"rango":{"min":30,"max":39},"vacunados":679614,"personasINE":949640.0000000001,"porcentaje":0.8503667758460545},{"rango":{"min":40,"max":49},"vacunados":991503,"personasINE":1165971,"porcentaje":0.8503667758460545},{"rango":{"min":50,"max":59},"vacunados":922796,"personasINE":972783,"porcentaje":0.9486144391914744},{"rango":{"min":60,"max":69},"vacunados":681008,"personasINE":703323,"porcentaje":0.9682720457030412},{"rango":{"min":70,"max":79},"vacunados":508958,"personasINE":526081,"porcentaje":0.9674517802391647},{"rango":{"min":80,"max":null},"vacunados":372969,"personasINE":372969,"porcentaje":1}]},"pautaCompleta":{"etarioTotal":{"vacunados":4360375,"personasINE":5977937,"porcentaje":0.7294113337092712},"etarioRangos":[{"rango":{"min":12,"max":19},"vacunados":73209,"personasINE":553542,"porcentaje":0.43981009461598036},{"rango":{"min":20,"max":29},"vacunados":326548,"personasINE":742475,"porcentaje":0.8096444937309761},{"rango":{"min":30,"max":39},"vacunados":568884,"personasINE":949640,"porcentaje":0.8096444937309761},{"rango":{"min":40,"max":49},"vacunados":944022,"personasINE":1165971,"porcentaje":0.8096444937309761},{"rango":{"min":50,"max":59},"vacunados":907192,"personasINE":972783,"porcentaje":0.9325738628244943},{"rango":{"min":60,"max":69},"vacunados":665275,"personasINE":703323,"porcentaje":0.9459025227384857},{"rango":{"min":70,"max":79},"vacunados":505942,"personasINE":526081,"porcentaje":0.9617188227668363},{"rango":{"min":80,"max":null},"vacunados":369303,"personasINE":369303,"porcentaje":1}]}}},{"ccaa":"Murcia","dosisAdministradas":1943086,"dosisEntregadas":2134345,"dosisEntregadasModerna":304400,"dosisEntregadasPfizer":1481945,"dosisEntregadasAstrazeneca":259900,"dosisEntregadasJanssen":88100,"dosisPrimeraDosis":1116775,"dosisPautaCompletada":890410,"porcentajeEntregadas":0.9103898385687412,"porcentajePoblacionAdministradas":1.285746709183319,"porcentajePoblacionPrimeraDosis":0.7389738699924764,"porcentajePoblacionCompletas":0.5891873686105088,"fechaUltRegistro":1629244800000,"etarios":{"unaDosis":{"etarioTotal":{"vacunados":1116775,"personasINE":1310137,"porcentaje":0.852410854742672},"etarioRangos":[{"rango":{"min":12,"max":19},"vacunados":91367,"personasINE":141894,"porcentaje":0.7163856764664902},{"rango":{"min":20,"max":29},"vacunados":123396,"personasINE":172248,"porcentaje":0.8789842498927828},{"rango":{"min":30,"max":39},"vacunados":153065,"personasINE":209003,"porcentaje":0.8789842498927828},{"rango":{"min":40,"max":49},"vacunados":223400,"personasINE":254157,"porcentaje":0.8789842498927828},{"rango":{"min":50,"max":59},"vacunados":203459,"personasINE":213256,"porcentaje":0.9540599092170912},{"rango":{"min":60,"max":69},"vacunados":145844,"personasINE":146909,"porcentaje":0.9927506143258752},{"rango":{"min":70,"max":79},"vacunados":102546,"personasINE":102899,"porcentaje":0.9965694515981691},{"rango":{"min":80,"max":null},"vacunados":73698,"personasINE":73698,"porcentaje":1}]},"pautaCompleta":{"etarioTotal":{"vacunados":890410,"personasINE":1310137,"porcentaje":0.6796312141402006},"etarioRangos":[{"rango":{"min":12,"max":19},"vacunados":1953,"personasINE":141894,"porcentaje":0.39222516371743066},{"rango":{"min":20,"max":29},"vacunados":67560,"personasINE":172248,"porcentaje":0.7945994011575522},{"rango":{"min":30,"max":39},"vacunados":122973,"personasINE":209003.00000000003,"porcentaje":0.7945994011575522},{"rango":{"min":40,"max":49},"vacunados":201953,"personasINE":254157,"porcentaje":0.7945994011575522},{"rango":{"min":50,"max":59},"vacunados":189835,"personasINE":213256,"porcentaje":0.8901742506658664},{"rango":{"min":60,"max":69},"vacunados":133753,"personasINE":146909,"porcentaje":0.9104479643861165},{"rango":{"min":70,"max":79},"vacunados":99883,"personasINE":102899,"porcentaje":0.9706897054393143},{"rango":{"min":80,"max":null},"vacunados":72500,"personasINE":72500,"porcentaje":1}]}}},{"ccaa":"Navarra","dosisAdministradas":876802,"dosisEntregadas":945845,"dosisEntregadasModerna":113800,"dosisEntregadasPfizer":653595,"dosisEntregadasAstrazeneca":145700,"dosisEntregadasJanssen":32750,"dosisPrimeraDosis":493144,"dosisPautaCompletada":434536,"porcentajeEntregadas":0.927003895987186,"porcentajePoblacionAdministradas":1.3260828467158805,"porcentajePoblacionPrimeraDosis":0.7458352049389214,"porcentajePoblacionCompletas":0.6571959642890092,"fechaUltRegistro":1629244800000,"etarios":{"unaDosis":{"etarioTotal":{"vacunados":493144,"personasINE":581354,"porcentaje":0.8482680088207873},"etarioRangos":[{"rango":{"min":12,"max":19},"vacunados":34963,"personasINE":56387.99999999999,"porcentaje":0.7032600877772396},{"rango":{"min":20,"max":29},"vacunados":47911,"personasINE":68127,"porcentaje":0.8529471676450436},{"rango":{"min":30,"max":39},"vacunados":59066,"personasINE":81341,"porcentaje":0.8529471676450436},{"rango":{"min":40,"max":49},"vacunados":92120,"personasINE":108002,"porcentaje":0.8529471676450436},{"rango":{"min":50,"max":59},"vacunados":89687,"personasINE":96694,"porcentaje":0.9275342834095187},{"rango":{"min":60,"max":69},"vacunados":71198,"personasINE":73844,"porcentaje":0.9641677048913927},{"rango":{"min":70,"max":79},"vacunados":55766,"personasINE":55792,"porcentaje":0.9995339833667909},{"rango":{"min":80,"max":null},"vacunados":42433,"personasINE":42433,"porcentaje":1}]},"pautaCompleta":{"etarioTotal":{"vacunados":434536,"personasINE":581354,"porcentaje":0.7474550790052189},"etarioRangos":[{"rango":{"min":12,"max":19},"vacunados":7168,"personasINE":56388,"porcentaje":0.47007794266590336},{"rango":{"min":20,"max":29},"vacunados":32025,"personasINE":68127,"porcentaje":0.8211699783337345},{"rango":{"min":30,"max":39},"vacunados":52047,"personasINE":81341,"porcentaje":0.8211699783337345},{"rango":{"min":40,"max":49},"vacunados":88688,"personasINE":108002,"porcentaje":0.8211699783337345},{"rango":{"min":50,"max":59},"vacunados":87871,"personasINE":96694,"porcentaje":0.9087533869733386},{"rango":{"min":60,"max":69},"vacunados":69237,"personasINE":73844,"porcentaje":0.9376117220085586},{"rango":{"min":70,"max":79},"vacunados":55550,"personasINE":55792,"porcentaje":0.9956624605678234},{"rango":{"min":80,"max":null},"vacunados":41950,"personasINE":41950,"porcentaje":1}]}}},{"ccaa":"País Vasco","dosisAdministradas":2958933,"dosisEntregadas":3128870,"dosisEntregadasModerna":339300,"dosisEntregadasPfizer":2234520,"dosisEntregadasAstrazeneca":444200,"dosisEntregadasJanssen":110850,"dosisPrimeraDosis":1653265,"dosisPautaCompletada":1481851,"porcentajeEntregadas":0.9456874206982073,"porcentajePoblacionAdministradas":1.332550177797473,"porcentajePoblacionPrimeraDosis":0.7445449321415318,"porcentajePoblacionCompletas":0.6673489442036583,"fechaUltRegistro":1629244800000,"etarios":{"unaDosis":{"etarioTotal":{"vacunados":1653265,"personasINE":1983943,"porcentaje":0.833322832359599},"etarioRangos":[{"rango":{"min":12,"max":19},"vacunados":74995,"personasINE":168606,"porcentaje":0.6100558714658568},{"rango":{"min":20,"max":29},"vacunados":122947,"personasINE":201534.00000000003,"porcentaje":0.8481331444524526},{"rango":{"min":30,"max":39},"vacunados":180872,"personasINE":260543,"porcentaje":0.8481331444524526},{"rango":{"min":40,"max":49},"vacunados":307137,"personasINE":362133,"porcentaje":0.8481331444524526},{"rango":{"min":50,"max":59},"vacunados":314915,"personasINE":339977,"porcentaje":0.9262832485726976},{"rango":{"min":60,"max":69},"vacunados":275346,"personasINE":280119,"porcentaje":0.9829608130830112},{"rango":{"min":70,"max":79},"vacunados":213217,"personasINE":213217,"porcentaje":1},{"rango":{"min":80,"max":null},"vacunados":163836,"personasINE":163836,"porcentaje":1}]},"pautaCompleta":{"etarioTotal":{"vacunados":1481851,"personasINE":1983943,"porcentaje":0.7469221645984789},"etarioRangos":[{"rango":{"min":12,"max":19},"vacunados":17344,"personasINE":168606,"porcentaje":0.29646114303293736},{"rango":{"min":20,"max":29},"vacunados":59747,"personasINE":201534,"porcentaje":0.8293803657772144},{"rango":{"min":30,"max":39},"vacunados":151483,"personasINE":260543,"porcentaje":0.8293803657772144},{"rango":{"min":40,"max":49},"vacunados":300346,"personasINE":362133,"porcentaje":0.8293803657772144},{"rango":{"min":50,"max":59},"vacunados":310582,"personasINE":339977,"porcentaje":0.91353826876524},{"rango":{"min":60,"max":69},"vacunados":269402,"personasINE":280119,"porcentaje":0.9617412599645151},{"rango":{"min":70,"max":79},"vacunados":211513,"personasINE":213081,"porcentaje":0.992641296032964},{"rango":{"min":80,"max":null},"vacunados":161434,"personasINE":157950,"porcentaje":1.0220576131687242}]}}},{"ccaa":"Ceuta","dosisAdministradas":99674,"dosisEntregadas":121020,"dosisEntregadasModerna":18400,"dosisEntregadasPfizer":80370,"dosisEntregadasAstrazeneca":18100,"dosisEntregadasJanssen":4150,"dosisPrimeraDosis":56022,"dosisPautaCompletada":49855,"porcentajeEntregadas":0.8236159312510329,"porcentajePoblacionAdministradas":1.1837486045462102,"porcentajePoblacionPrimeraDosis":0.6653286145222204,"porcentajePoblacionCompletas":0.5920880739174842,"fechaUltRegistro":1629244800000,"etarios":{"unaDosis":{"etarioTotal":{"vacunados":56022,"personasINE":70965,"porcentaje":0.789431409849926},"etarioRangos":[{"rango":{"min":12,"max":19},"vacunados":5514,"personasINE":9126,"porcentaje":0.7007385793744871},{"rango":{"min":20,"max":29},"vacunados":7685,"personasINE":10967,"porcentaje":0.8346780572694193},{"rango":{"min":30,"max":39},"vacunados":8315,"personasINE":11894.000000000002,"porcentaje":0.8346780572694193},{"rango":{"min":40,"max":49},"vacunados":10552,"personasINE":12642,"porcentaje":0.8346780572694193},{"rango":{"min":50,"max":59},"vacunados":10213,"personasINE":11556,"porcentaje":0.8837833160263067},{"rango":{"min":60,"max":69},"vacunados":7501,"personasINE":7857,"porcentaje":0.9546900852742777},{"rango":{"min":70,"max":79},"vacunados":3860,"personasINE":4318,"porcentaje":0.8939323761000463},{"rango":{"min":80,"max":null},"vacunados":2382,"personasINE":2605,"porcentaje":0.9143953934740883}]},"pautaCompleta":{"etarioTotal":{"vacunados":49855,"personasINE":70965,"porcentaje":0.702529415909251},"etarioRangos":[{"rango":{"min":12,"max":19},"vacunados":2889,"personasINE":9126,"porcentaje":0.586669098203702},{"rango":{"min":20,"max":29},"vacunados":6434,"personasINE":10967,"porcentaje":0.7851605758582503},{"rango":{"min":30,"max":39},"vacunados":7433,"personasINE":11894,"porcentaje":0.7851605758582503},{"rango":{"min":40,"max":49},"vacunados":9926,"personasINE":12642,"porcentaje":0.7851605758582503},{"rango":{"min":50,"max":59},"vacunados":9884,"personasINE":11556,"porcentaje":0.855313257182416},{"rango":{"min":60,"max":69},"vacunados":7128,"personasINE":7857,"porcentaje":0.9072164948453608},{"rango":{"min":70,"max":79},"vacunados":3810,"personasINE":4318,"porcentaje":0.8823529411764706},{"rango":{"min":80,"max":null},"vacunados":2351,"personasINE":2605,"porcentaje":0.9024952015355087}]}}},{"ccaa":"Melilla","dosisAdministradas":91435,"dosisEntregadas":121690,"dosisEntregadasModerna":19300,"dosisEntregadasPfizer":81540,"dosisEntregadasAstrazeneca":15100,"dosisEntregadasJanssen":5750,"dosisPrimeraDosis":52395,"dosisPautaCompletada":47153,"porcentajeEntregadas":0.7513764483523708,"porcentajePoblacionAdministradas":1.0500597179475402,"porcentajePoblacionPrimeraDosis":0.6017157425697092,"porcentajePoblacionCompletas":0.5415154577610364,"fechaUltRegistro":1629072000000,"etarios":{"unaDosis":{"etarioTotal":{"vacunados":52395,"personasINE":70927,"porcentaje":0.7387172726888209},"etarioRangos":[{"rango":{"min":12,"max":19},"vacunados":5628,"personasINE":9574,"porcentaje":0.6295122967903293},{"rango":{"min":20,"max":29},"vacunados":7551,"personasINE":11995,"porcentaje":0.8005332444592568},{"rango":{"min":30,"max":39},"vacunados":7953,"personasINE":12133,"porcentaje":0.8005332444592568},{"rango":{"min":40,"max":49},"vacunados":9608,"personasINE":12002,"porcentaje":0.8005332444592568},{"rango":{"min":50,"max":59},"vacunados":9385,"personasINE":11299,"porcentaje":0.8306044782724135},{"rango":{"min":60,"max":69},"vacunados":6992,"personasINE":7827,"porcentaje":0.8933180017886803},{"rango":{"min":70,"max":79},"vacunados":3282,"personasINE":3748,"porcentaje":0.875667022411953},{"rango":{"min":80,"max":null},"vacunados":1996,"personasINE":2349,"porcentaje":0.8497232865048957}]},"pautaCompleta":{"etarioTotal":{"vacunados":47153,"personasINE":70927,"porcentaje":0.6648102979119376},"etarioRangos":[{"rango":{"min":12,"max":19},"vacunados":3004,"personasINE":9574,"porcentaje":0.5376406836181742},{"rango":{"min":20,"max":29},"vacunados":6449,"personasINE":11995.000000000002,"porcentaje":0.7723712714547576},{"rango":{"min":30,"max":39},"vacunados":7342,"personasINE":12133,"porcentaje":0.7723712714547576},{"rango":{"min":40,"max":49},"vacunados":9270,"personasINE":12002,"porcentaje":0.7723712714547576},{"rango":{"min":50,"max":59},"vacunados":9144,"personasINE":11299,"porcentaje":0.8092751570935481},{"rango":{"min":60,"max":69},"vacunados":6811,"personasINE":7827,"porcentaje":0.8701929219368851},{"rango":{"min":70,"max":79},"vacunados":3195,"personasINE":3748,"porcentaje":0.8524546424759872},{"rango":{"min":80,"max":null},"vacunados":1938,"personasINE":2349,"porcentaje":0.8250319284802043}]}}},{"ccaa":"Fuerzas Armadas","dosisAdministradas":169733,"dosisEntregadas":213568,"dosisEntregadasModerna":58300,"dosisEntregadasPfizer":49368,"dosisEntregadasAstrazeneca":103900,"dosisEntregadasJanssen":2000,"dosisPrimeraDosis":91242,"dosisPautaCompletada":79676,"porcentajeEntregadas":0.7947492133652981,"porcentajePoblacionAdministradas":null,"porcentajePoblacionPrimeraDosis":null,"porcentajePoblacionCompletas":null,"fechaUltRegistro":1629244800000},{"ccaa":"Sanidad Exterior","dosisAdministradas":4681,"dosisEntregadas":6890,"dosisEntregadasModerna":4180,"dosisEntregadasPfizer":0,"dosisEntregadasAstrazeneca":0,"dosisEntregadasJanssen":2710,"dosisPrimeraDosis":3561,"dosisPautaCompletada":3073,"porcentajeEntregadas":0.6793904208998549,"porcentajePoblacionAdministradas":null,"porcentajePoblacionPrimeraDosis":null,"porcentajePoblacionCompletas":null,"fechaUltRegistro":1629244800000,"etarios":{"unaDosis":{"etarioTotal":{"vacunados":3561,"personasINE":"-","porcentaje":"-"},"etarioRangos":[{"rango":{"min":12,"max":19},"vacunados":128,"personasINE":null,"porcentaje":"-"},{"rango":{"min":20,"max":29},"vacunados":896,"personasINE":null,"porcentaje":"-"},{"rango":{"min":30,"max":39},"vacunados":990,"personasINE":null,"porcentaje":"-"},{"rango":{"min":40,"max":49},"vacunados":885,"personasINE":null,"porcentaje":"-"},{"rango":{"min":50,"max":59},"vacunados":459,"personasINE":null,"porcentaje":"-"},{"rango":{"min":60,"max":69},"vacunados":160,"personasINE":null,"porcentaje":"-"},{"rango":{"min":70,"max":79},"vacunados":22,"personasINE":null,"porcentaje":"-"},{"rango":{"min":80,"max":null},"vacunados":21,"personasINE":null,"porcentaje":"-"}]},"pautaCompleta":{"etarioTotal":{"vacunados":3073,"personasINE":"-","porcentaje":"-"},"etarioRangos":[{"rango":{"min":12,"max":19},"vacunados":67,"personasINE":null,"porcentaje":"-"},{"rango":{"min":20,"max":29},"vacunados":744,"personasINE":null,"porcentaje":"-"},{"rango":{"min":30,"max":39},"vacunados":844,"personasINE":null,"porcentaje":"-"},{"rango":{"min":40,"max":49},"vacunados":797,"personasINE":null,"porcentaje":"-"},{"rango":{"min":50,"max":59},"vacunados":439,"personasINE":null,"porcentaje":"-"},{"rango":{"min":60,"max":69},"vacunados":147,"personasINE":null,"porcentaje":"-"},{"rango":{"min":70,"max":79},"vacunados":19,"personasINE":null,"porcentaje":"-"},{"rango":{"min":80,"max":null},"vacunados":16,"personasINE":null,"porcentaje":"-"}]}}},{"ccaa":"Totales","dosisAdministradas":62665513,"dosisEntregadas":67461422,"dosisEntregadasModerna":8033280,"dosisEntregadasPfizer":46800807,"dosisEntregadasAstrazeneca":9979000,"dosisEntregadasJanssen":2648335,"dosisPrimeraDosis":35269276,"dosisPautaCompletada":30565129,"porcentajeEntregadas":0.9289088658700375,"porcentajePoblacionAdministradas":1.335013059224542,"porcentajePoblacionPrimeraDosis":0.751369322539412,"porcentajePoblacionCompletas":0.6511531529612271,"fechaUltRegistro":null,"etarios":{"unaDosis":{"etarioTotal":{"vacunados":35269276,"personasINE":42119827,"porcentaje":0.8373556710002631},"etarioRangos":[{"rango":{"min":12,"max":19},"vacunados":2042201,"personasINE":3888685.9999999995,"porcentaje":0.6892279316593322},{"rango":{"min":20,"max":29},"vacunados":3407984,"personasINE":4944640,"porcentaje":0.851861383621882},{"rango":{"min":30,"max":39},"vacunados":4490761,"personasINE":6230403,"porcentaje":0.851861383621882},{"rango":{"min":40,"max":49},"vacunados":6722666,"personasINE":7891737,"porcentaje":0.851861383621882},{"rango":{"min":50,"max":59},"vacunados":6540188,"personasINE":7033306,"porcentaje":0.9298881635464176},{"rango":{"min":60,"max":69},"vacunados":5208971,"personasINE":5336986,"porcentaje":0.9760136151753068},{"rango":{"min":70,"max":79},"vacunados":3926755,"personasINE":3960045,"porcentaje":0.991593529871504},{"rango":{"min":80,"max":null},"vacunados":2929750,"personasINE":2929750,"porcentaje":1}]},"pautaCompleta":{"etarioTotal":{"vacunados":30565129,"personasINE":42119827,"porcentaje":0.7256708105662447},"etarioRangos":[{"rango":{"min":12,"max":19},"vacunados":411284,"personasINE":3888686,"porcentaje":0.38714527245663993},{"rango":{"min":20,"max":29},"vacunados":1914294,"personasINE":4944640,"porcentaje":0.8111101523023385},{"rango":{"min":30,"max":39},"vacunados":3724236,"personasINE":6230403,"porcentaje":0.8111101523023385},{"rango":{"min":40,"max":49},"vacunados":6401068,"personasINE":7891737,"porcentaje":0.8111101523023385},{"rango":{"min":50,"max":59},"vacunados":6315500,"personasINE":7033306,"porcentaje":0.8979418782575364},{"rango":{"min":60,"max":69},"vacunados":5018520,"personasINE":5336986,"porcentaje":0.9403284925236829},{"rango":{"min":70,"max":79},"vacunados":3891081,"personasINE":3960045,"porcentaje":0.9825850463820487},{"rango":{"min":80,"max":null},"vacunados":2889146,"personasINE":2889146,"porcentaje":1}]}}}]