[{"ccaa":"Andalucía","dosisAdministradas":12915866,"dosisEntregadas":13316870,"dosisEntregadasModerna":2019500,"dosisEntregadasPfizer":9434970,"dosisEntregadasAstrazeneca":1528900,"dosisEntregadasJanssen":333500,"dosisPrimeraDosis":6839164,"dosisPautaCompletada":6731138,"porcentajeEntregadas":0.9698875186136081,"porcentajePoblacionAdministradas":1.5259025111138862,"porcentajePoblacionPrimeraDosis":0.8079905382666319,"porcentajePoblacionCompletas":0.7952281617705,"fechaUltRegistro":1635120000000,"etarios":{"unaDosis":{"etarioTotal":{"vacunados":6839164,"personasINE":7451975,"porcentaje":0.9177652904095894},"etarioRangos":[{"rango":{"min":12,"max":19},"vacunados":665037,"personasINE":752907,"porcentaje":0.8234166637951827},{"rango":{"min":20,"max":29},"vacunados":764684,"personasINE":928672.0000000001,"porcentaje":0.9022852992605663},{"rango":{"min":30,"max":39},"vacunados":928219,"personasINE":1140217,"porcentaje":0.9022852992605663},{"rango":{"min":40,"max":49},"vacunados":1249768,"personasINE":1385114,"porcentaje":0.9022852992605663},{"rango":{"min":50,"max":59},"vacunados":1215218,"personasINE":1265021,"porcentaje":0.9606306930873084},{"rango":{"min":60,"max":69},"vacunados":928949,"personasINE":928949,"porcentaje":1},{"rango":{"min":70,"max":79},"vacunados":653517,"personasINE":653517,"porcentaje":1},{"rango":{"min":80,"max":null},"vacunados":433772,"personasINE":433772,"porcentaje":1}]},"pautaCompleta":{"etarioTotal":{"vacunados":6731138,"personasINE":7451975,"porcentaje":0.9032689991579413},"etarioRangos":[{"rango":{"min":12,"max":19},"vacunados":647309,"personasINE":752907,"porcentaje":0.7957750422108129},{"rango":{"min":20,"max":29},"vacunados":739014,"personasINE":928672,"porcentaje":0.8921872134712378},{"rango":{"min":30,"max":39},"vacunados":905149,"personasINE":1140217,"porcentaje":0.8921872134712378},{"rango":{"min":40,"max":49},"vacunados":1235781,"personasINE":1385114,"porcentaje":0.8921872134712378},{"rango":{"min":50,"max":59},"vacunados":1205394,"personasINE":1265021,"porcentaje":0.9528648141019003},{"rango":{"min":60,"max":69},"vacunados":920886,"personasINE":916147.0000000001,"porcentaje":1.005172750661193},{"rango":{"min":70,"max":79},"vacunados":649149,"personasINE":650381,"porcentaje":0.9981057257207698},{"rango":{"min":80,"max":null},"vacunados":428456,"personasINE":428456,"porcentaje":1}]}}},{"ccaa":"Aragón","dosisAdministradas":2004303,"dosisEntregadas":2136845,"dosisEntregadasModerna":275200,"dosisEntregadasPfizer":1531845,"dosisEntregadasAstrazeneca":265100,"dosisEntregadasJanssen":64700,"dosisPrimeraDosis":1065741,"dosisPautaCompletada":1046339,"porcentajeEntregadas":0.937973039691695,"porcentajePoblacionAdministradas":1.507685097913255,"porcentajePoblacionPrimeraDosis":0.8016761058259008,"porcentajePoblacionCompletas":0.7870814530864133,"fechaUltRegistro":1635120000000,"etarios":{"unaDosis":{"etarioTotal":{"vacunados":1065741,"personasINE":1185134,"porcentaje":0.8992578054464727},"etarioRangos":[{"rango":{"min":12,"max":19},"vacunados":87922,"personasINE":103109,"porcentaje":0.7949862347681382},{"rango":{"min":20,"max":29},"vacunados":103667,"personasINE":130401.00000000001,"porcentaje":0.8733385130011212},{"rango":{"min":30,"max":39},"vacunados":125402,"personasINE":164286,"porcentaje":0.8733385130011212},{"rango":{"min":40,"max":49},"vacunados":187718,"personasINE":214943,"porcentaje":0.8733385130011212},{"rango":{"min":50,"max":59},"vacunados":185958,"personasINE":198266,"porcentaje":0.9379217818486276},{"rango":{"min":60,"max":69},"vacunados":154538,"personasINE":156367,"porcentaje":0.9883031585948442},{"rango":{"min":70,"max":79},"vacunados":119275,"personasINE":119275,"porcentaje":1},{"rango":{"min":80,"max":null},"vacunados":101261,"personasINE":101261,"porcentaje":1}]},"pautaCompleta":{"etarioTotal":{"vacunados":1046339,"personasINE":1185134,"porcentaje":0.8828866609176684},"etarioRangos":[{"rango":{"min":12,"max":19},"vacunados":84867,"personasINE":103109,"porcentaje":0.7652625363302429},{"rango":{"min":20,"max":29},"vacunados":99791,"personasINE":130401,"porcentaje":0.8609352246874753},{"rango":{"min":30,"max":39},"vacunados":121823,"personasINE":164286,"porcentaje":0.8609352246874753},{"rango":{"min":40,"max":49},"vacunados":185052,"personasINE":214943,"porcentaje":0.8609352246874753},{"rango":{"min":50,"max":59},"vacunados":183903,"personasINE":198266,"porcentaje":0.9275569184832497},{"rango":{"min":60,"max":69},"vacunados":152486,"personasINE":156367,"porcentaje":0.975180185077414},{"rango":{"min":70,"max":79},"vacunados":118509,"personasINE":118955,"porcentaje":0.9962506830313984},{"rango":{"min":80,"max":null},"vacunados":99908,"personasINE":99908,"porcentaje":1}]}}},{"ccaa":"Asturias","dosisAdministradas":1678003,"dosisEntregadas":1650625,"dosisEntregadasModerna":162000,"dosisEntregadasPfizer":1224725,"dosisEntregadasAstrazeneca":220900,"dosisEntregadasJanssen":43000,"dosisPrimeraDosis":873521,"dosisPautaCompletada":864641,"porcentajeEntregadas":1.0165864445285877,"porcentajePoblacionAdministradas":1.6470645396865282,"porcentajePoblacionPrimeraDosis":0.8574153108018971,"porcentajePoblacionCompletas":0.8486990372836637,"fechaUltRegistro":1635120000000,"etarios":{"unaDosis":{"etarioTotal":{"vacunados":873521,"personasINE":933927,"porcentaje":0.9353204265429739},"etarioRangos":[{"rango":{"min":12,"max":19},"vacunados":60547,"personasINE":64000,"porcentaje":0.8422722503823742},{"rango":{"min":20,"max":29},"vacunados":66633,"personasINE":79111,"porcentaje":0.9021935051169809},{"rango":{"min":30,"max":39},"vacunados":90974,"personasINE":114451,"porcentaje":0.9021935051169809},{"rango":{"min":40,"max":49},"vacunados":150660,"personasINE":166993,"porcentaje":0.9021935051169809},{"rango":{"min":50,"max":59},"vacunados":153191,"personasINE":162645,"porcentaje":0.9418734052691444},{"rango":{"min":60,"max":69},"vacunados":148197,"personasINE":149652,"porcentaje":0.9902774436693128},{"rango":{"min":70,"max":79},"vacunados":114361,"personasINE":114361,"porcentaje":1},{"rango":{"min":80,"max":null},"vacunados":88958,"personasINE":88958,"porcentaje":1}]},"pautaCompleta":{"etarioTotal":{"vacunados":864641,"personasINE":933927,"porcentaje":0.9258121887470863},"etarioRangos":[{"rango":{"min":12,"max":19},"vacunados":59282,"personasINE":64000.00000000001,"porcentaje":0.8183185650541644},{"rango":{"min":20,"max":29},"vacunados":64738,"personasINE":79111,"porcentaje":0.8960794763852377},{"rango":{"min":30,"max":39},"vacunados":89192,"personasINE":114451,"porcentaje":0.8960794763852377},{"rango":{"min":40,"max":49},"vacunados":149639,"personasINE":166993,"porcentaje":0.8960794763852377},{"rango":{"min":50,"max":59},"vacunados":152362,"personasINE":162645,"porcentaje":0.9367764148913278},{"rango":{"min":60,"max":69},"vacunados":147329,"personasINE":149652,"porcentaje":0.9844773207173977},{"rango":{"min":70,"max":79},"vacunados":113932,"personasINE":113932,"porcentaje":1},{"rango":{"min":80,"max":null},"vacunados":88167,"personasINE":88167,"porcentaje":1}]}}},{"ccaa":"Baleares","dosisAdministradas":1606091,"dosisEntregadas":1891250,"dosisEntregadasModerna":305100,"dosisEntregadasPfizer":1272150,"dosisEntregadasAstrazeneca":256400,"dosisEntregadasJanssen":57600,"dosisPrimeraDosis":855941,"dosisPautaCompletada":838647,"porcentajeEntregadas":0.8492219431592862,"porcentajePoblacionAdministradas":1.3709193772657084,"porcentajePoblacionPrimeraDosis":0.7306099733428478,"porcentajePoblacionCompletas":0.7158482445800112,"fechaUltRegistro":1635120000000,"etarios":{"unaDosis":{"etarioTotal":{"vacunados":855941,"personasINE":1034867,"porcentaje":0.8271024199244927},"etarioRangos":[{"rango":{"min":12,"max":19},"vacunados":74335,"personasINE":95480,"porcentaje":0.7018891998086152},{"rango":{"min":20,"max":29},"vacunados":96820,"personasINE":137942,"porcentaje":0.8118900723667617},{"rango":{"min":30,"max":39},"vacunados":126166,"personasINE":182187,"porcentaje":0.8118900723667617},{"rango":{"min":40,"max":49},"vacunados":167389,"personasINE":206172,"porcentaje":0.8118900723667617},{"rango":{"min":50,"max":59},"vacunados":150170,"personasINE":165797,"porcentaje":0.9057461835859515},{"rango":{"min":60,"max":69},"vacunados":110322,"personasINE":117231,"porcentaje":0.9410650766435499},{"rango":{"min":70,"max":79},"vacunados":79250,"personasINE":80516,"porcentaje":0.9842764171096428},{"rango":{"min":80,"max":null},"vacunados":51489,"personasINE":51489,"porcentaje":1}]},"pautaCompleta":{"etarioTotal":{"vacunados":838647,"personasINE":1034867,"porcentaje":0.8103910937347505},"etarioRangos":[{"rango":{"min":12,"max":19},"vacunados":71940,"personasINE":95480,"porcentaje":0.6724565397050934},{"rango":{"min":20,"max":29},"vacunados":92760,"personasINE":137942,"porcentaje":0.7988572648080243},{"rango":{"min":30,"max":39},"vacunados":121920,"personasINE":182187,"porcentaje":0.7988572648080243},{"rango":{"min":40,"max":49},"vacunados":164702,"personasINE":206172,"porcentaje":0.7988572648080243},{"rango":{"min":50,"max":59},"vacunados":148403,"personasINE":165797,"porcentaje":0.8950885721695808},{"rango":{"min":60,"max":69},"vacunados":109275,"personasINE":117231,"porcentaje":0.9321339918622208},{"rango":{"min":70,"max":79},"vacunados":78782,"personasINE":80516,"porcentaje":0.978463907794724},{"rango":{"min":80,"max":null},"vacunados":50865,"personasINE":50865,"porcentaje":1}]}}},{"ccaa":"Canarias","dosisAdministradas":3156279,"dosisEntregadas":3522840,"dosisEntregadasModerna":574700,"dosisEntregadasPfizer":2358690,"dosisEntregadasAstrazeneca":455800,"dosisEntregadasJanssen":133650,"dosisPrimeraDosis":1677664,"dosisPautaCompletada":1637217,"porcentajeEntregadas":0.8959473038798242,"porcentajePoblacionAdministradas":1.4505278609086965,"porcentajePoblacionPrimeraDosis":0.7710023015213571,"porcentajePoblacionCompletas":0.7524141157525533,"fechaUltRegistro":1635120000000,"etarios":{"unaDosis":{"etarioTotal":{"vacunados":1677664,"personasINE":1960774,"porcentaje":0.8556131405251192},"etarioRangos":[{"rango":{"min":12,"max":19},"vacunados":152828,"personasINE":179797,"porcentaje":0.7459523015078571},{"rango":{"min":20,"max":29},"vacunados":187792,"personasINE":251748,"porcentaje":0.8194697930522473},{"rango":{"min":30,"max":39},"vacunados":229466,"personasINE":310934,"porcentaje":0.8194697930522473},{"rango":{"min":40,"max":49},"vacunados":317892,"personasINE":387924,"porcentaje":0.8194697930522473},{"rango":{"min":50,"max":59},"vacunados":320707,"personasINE":350512,"porcentaje":0.9149672479116264},{"rango":{"min":60,"max":69},"vacunados":224510,"personasINE":235092,"porcentaje":0.9549878345498783},{"rango":{"min":70,"max":79},"vacunados":151411,"personasINE":154531,"porcentaje":0.9798098763354925},{"rango":{"min":80,"max":null},"vacunados":93058,"personasINE":93058,"porcentaje":1}]},"pautaCompleta":{"etarioTotal":{"vacunados":1637217,"personasINE":1960774,"porcentaje":0.8349850620214262},"etarioRangos":[{"rango":{"min":12,"max":19},"vacunados":143606,"personasINE":179797,"porcentaje":0.7054435387768722},{"rango":{"min":20,"max":29},"vacunados":177594,"personasINE":251747.99999999997,"porcentaje":0.8078721605262886},{"rango":{"min":30,"max":39},"vacunados":221613,"personasINE":310934,"porcentaje":0.8078721605262886},{"rango":{"min":40,"max":49},"vacunados":313393,"personasINE":387924,"porcentaje":0.8078721605262886},{"rango":{"min":50,"max":59},"vacunados":318096,"personasINE":350512,"porcentaje":0.9075181448851966},{"rango":{"min":60,"max":69},"vacunados":220719,"personasINE":235092,"porcentaje":0.9388622326578531},{"rango":{"min":70,"max":79},"vacunados":150245,"personasINE":154531,"porcentaje":0.9722644647352311},{"rango":{"min":80,"max":null},"vacunados":91951,"personasINE":91951,"porcentaje":1}]}}},{"ccaa":"Cantabria","dosisAdministradas":921434,"dosisEntregadas":989605,"dosisEntregadasModerna":114900,"dosisEntregadasPfizer":727305,"dosisEntregadasAstrazeneca":125200,"dosisEntregadasJanssen":22200,"dosisPrimeraDosis":482105,"dosisPautaCompletada":476200,"porcentajeEntregadas":0.9311129187908307,"porcentajePoblacionAdministradas":1.580761873718702,"porcentajePoblacionPrimeraDosis":0.82707302219058,"porcentajePoblacionCompletas":0.8169427265163277,"fechaUltRegistro":1635120000000,"etarios":{"unaDosis":{"etarioTotal":{"vacunados":482105,"personasINE":524127,"porcentaje":0.9198247752930111},"etarioRangos":[{"rango":{"min":12,"max":19},"vacunados":39218,"personasINE":43963,"porcentaje":0.8138600138600138},{"rango":{"min":20,"max":29},"vacunados":41104,"personasINE":50505,"porcentaje":0.8999682926080864},{"rango":{"min":30,"max":39},"vacunados":54628,"personasINE":70473,"porcentaje":0.8999682926080864},{"rango":{"min":40,"max":49},"vacunados":87989,"personasINE":97769,"porcentaje":0.8999682926080864},{"rango":{"min":50,"max":59},"vacunados":84269,"personasINE":89964,"porcentaje":0.9366969009826153},{"rango":{"min":60,"max":69},"vacunados":76663,"personasINE":77345,"porcentaje":0.9911823647294589},{"rango":{"min":70,"max":79},"vacunados":55918,"personasINE":55918,"porcentaje":1},{"rango":{"min":80,"max":null},"vacunados":42316,"personasINE":42316,"porcentaje":1}]},"pautaCompleta":{"etarioTotal":{"vacunados":476200,"personasINE":524127,"porcentaje":0.9085584219091938},"etarioRangos":[{"rango":{"min":12,"max":19},"vacunados":38046,"personasINE":43963,"porcentaje":0.7915453915453915},{"rango":{"min":20,"max":29},"vacunados":39977,"personasINE":50505,"porcentaje":0.8904458468430688},{"rango":{"min":30,"max":39},"vacunados":53607,"personasINE":70473,"porcentaje":0.8904458468430688},{"rango":{"min":40,"max":49},"vacunados":87058,"personasINE":97769,"porcentaje":0.8904458468430688},{"rango":{"min":50,"max":59},"vacunados":83708,"personasINE":89964,"porcentaje":0.9304610733182161},{"rango":{"min":60,"max":69},"vacunados":76245,"personasINE":77345,"porcentaje":0.9857780076281596},{"rango":{"min":70,"max":79},"vacunados":55696,"personasINE":55696,"porcentaje":1},{"rango":{"min":80,"max":null},"vacunados":41863,"personasINE":41863,"porcentaje":1}]}}},{"ccaa":"Castilla y Leon","dosisAdministradas":3793355,"dosisEntregadas":3912325,"dosisEntregadasModerna":412400,"dosisEntregadasPfizer":2916525,"dosisEntregadasAstrazeneca":481200,"dosisEntregadasJanssen":102200,"dosisPrimeraDosis":1999544,"dosisPautaCompletada":1959795,"porcentajeEntregadas":0.9695909721201588,"porcentajePoblacionAdministradas":1.5839185308223496,"porcentajePoblacionPrimeraDosis":0.8349112579219832,"porcentajePoblacionCompletas":0.8183140299584369,"fechaUltRegistro":1634688000000,"etarios":{"unaDosis":{"etarioTotal":{"vacunados":1999544,"personasINE":2176253,"porcentaje":0.9188012606990088},"etarioRangos":[{"rango":{"min":12,"max":19},"vacunados":142750,"personasINE":165342,"porcentaje":0.8156118783352132},{"rango":{"min":20,"max":29},"vacunados":172099,"personasINE":211006,"porcentaje":0.8813008353862457},{"rango":{"min":30,"max":39},"vacunados":211575,"personasINE":267783,"porcentaje":0.8813008353862457},{"rango":{"min":40,"max":49},"vacunados":320181,"personasINE":363305,"porcentaje":0.8813008353862457},{"rango":{"min":50,"max":59},"vacunados":352744,"personasINE":381175,"porcentaje":0.9254122122384731},{"rango":{"min":60,"max":69},"vacunados":320391,"personasINE":320391,"porcentaje":1},{"rango":{"min":70,"max":79},"vacunados":250482,"personasINE":250482,"porcentaje":1},{"rango":{"min":80,"max":null},"vacunados":229322,"personasINE":229322,"porcentaje":1}]},"pautaCompleta":{"etarioTotal":{"vacunados":1959795,"personasINE":2176253,"porcentaje":0.9005363806505953},"etarioRangos":[{"rango":{"min":12,"max":19},"vacunados":132489,"personasINE":165342,"porcentaje":0.7799872989393667},{"rango":{"min":20,"max":29},"vacunados":164582,"personasINE":211006,"porcentaje":0.8675713243693316},{"rango":{"min":30,"max":39},"vacunados":205351,"personasINE":267783,"porcentaje":0.8675713243693316},{"rango":{"min":40,"max":49},"vacunados":315193,"personasINE":363305,"porcentaje":0.8675713243693316},{"rango":{"min":50,"max":59},"vacunados":348574,"personasINE":381175,"porcentaje":0.9144723552174199},{"rango":{"min":60,"max":69},"vacunados":317701,"personasINE":318575,"porcentaje":0.997256532998509},{"rango":{"min":70,"max":79},"vacunados":249053,"personasINE":249053,"porcentaje":1},{"rango":{"min":80,"max":null},"vacunados":226852,"personasINE":226852,"porcentaje":1}]}}},{"ccaa":"Castilla La Mancha","dosisAdministradas":3026412,"dosisEntregadas":3267280,"dosisEntregadasModerna":446800,"dosisEntregadasPfizer":2330505,"dosisEntregadasAstrazeneca":394900,"dosisEntregadasJanssen":95075,"dosisPrimeraDosis":1617430,"dosisPautaCompletada":1556739,"porcentajeEntregadas":0.926278739501971,"porcentajePoblacionAdministradas":1.4797481543559352,"porcentajePoblacionPrimeraDosis":0.7908338512072779,"porcentajePoblacionCompletas":0.7611593074782628,"fechaUltRegistro":1635120000000},{"ccaa":"Cataluña","dosisAdministradas":11156589,"dosisEntregadas":11863410,"dosisEntregadasModerna":1604900,"dosisEntregadasPfizer":8368460,"dosisEntregadasAstrazeneca":1514300,"dosisEntregadasJanssen":375750,"dosisPrimeraDosis":5964890,"dosisPautaCompletada":5834629,"porcentajeEntregadas":0.940420081578568,"porcentajePoblacionAdministradas":1.4339205850950822,"porcentajePoblacionPrimeraDosis":0.7666481716614105,"porcentajePoblacionCompletas":0.7499061433107139,"fechaUltRegistro":1635120000000,"etarios":{"unaDosis":{"etarioTotal":{"vacunados":5964890,"personasINE":6868360,"porcentaje":0.8684591372612968},"etarioRangos":[{"rango":{"min":12,"max":19},"vacunados":527417,"personasINE":656166,"porcentaje":0.7566164243952154},{"rango":{"min":20,"max":29},"vacunados":634752,"personasINE":838935,"porcentaje":0.8556382926208748},{"rango":{"min":30,"max":39},"vacunados":775042,"personasINE":1044651.9999999999,"porcentaje":0.8556382926208748},{"rango":{"min":40,"max":49},"vacunados":1126666,"personasINE":1316755,"porcentaje":0.8556382926208748},{"rango":{"min":50,"max":59},"vacunados":1024700,"personasINE":1091780,"porcentaje":0.9385590503581308},{"rango":{"min":60,"max":69},"vacunados":799242,"personasINE":837584,"porcentaje":0.9542230988175514},{"rango":{"min":70,"max":79},"vacunados":618276,"personasINE":635292,"porcentaje":0.9732154662737764},{"rango":{"min":80,"max":null},"vacunados":458795,"personasINE":458795,"porcentaje":1}]},"pautaCompleta":{"etarioTotal":{"vacunados":5834629,"personasINE":6868360,"porcentaje":0.8494937656150813},"etarioRangos":[{"rango":{"min":12,"max":19},"vacunados":506313,"personasINE":656166,"porcentaje":0.7201547199723459},{"rango":{"min":20,"max":29},"vacunados":604163,"personasINE":838935,"porcentaje":0.8416873298373654},{"rango":{"min":30,"max":39},"vacunados":747719,"personasINE":1044652,"porcentaje":0.8416873298373654},{"rango":{"min":40,"max":49},"vacunados":1108296,"personasINE":1316755,"porcentaje":0.8416873298373654},{"rango":{"min":50,"max":59},"vacunados":1013569,"personasINE":1091780,"porcentaje":0.9283637729212845},{"rango":{"min":60,"max":69},"vacunados":787368,"personasINE":837584,"porcentaje":0.9400466102504346},{"rango":{"min":70,"max":79},"vacunados":614192,"personasINE":635292,"porcentaje":0.9667869263267914},{"rango":{"min":80,"max":null},"vacunados":453009,"personasINE":453009,"porcentaje":1}]}}},{"ccaa":"C. Valenciana","dosisAdministradas":7658155,"dosisEntregadas":8088540,"dosisEntregadasModerna":1213650,"dosisEntregadasPfizer":5797540,"dosisEntregadasAstrazeneca":863900,"dosisEntregadasJanssen":213450,"dosisPrimeraDosis":4070720,"dosisPautaCompletada":4004235,"porcentajeEntregadas":0.9467907681732426,"porcentajePoblacionAdministradas":1.5142615119015816,"porcentajePoblacionPrimeraDosis":0.804911185752705,"porcentajePoblacionCompletas":0.7917649806133762,"fechaUltRegistro":1635120000000,"etarios":{"unaDosis":{"etarioTotal":{"vacunados":4070720,"personasINE":4488459,"porcentaje":0.906930418658163},"etarioRangos":[{"rango":{"min":12,"max":19},"vacunados":369491,"personasINE":424531,"porcentaje":0.8213866381464991},{"rango":{"min":20,"max":29},"vacunados":423939,"personasINE":516126,"porcentaje":0.8833954917166517},{"rango":{"min":30,"max":39},"vacunados":508642,"personasINE":648759,"porcentaje":0.8833954917166517},{"rango":{"min":40,"max":49},"vacunados":752289,"personasINE":851588,"porcentaje":0.8833954917166517},{"rango":{"min":50,"max":59},"vacunados":714688,"personasINE":752334,"porcentaje":0.9499610545316309},{"rango":{"min":60,"max":69},"vacunados":570007,"personasINE":580728,"porcentaje":0.9815386893692055},{"rango":{"min":70,"max":79},"vacunados":434410,"personasINE":437862,"porcentaje":0.9921162375360273},{"rango":{"min":80,"max":null},"vacunados":297254,"personasINE":297254,"porcentaje":1}]},"pautaCompleta":{"etarioTotal":{"vacunados":4004235,"personasINE":4488459,"porcentaje":0.8921179852595289},"etarioRangos":[{"rango":{"min":12,"max":19},"vacunados":356288,"personasINE":424531,"porcentaje":0.7923026547780968},{"rango":{"min":20,"max":29},"vacunados":408928,"personasINE":516126,"porcentaje":0.8736713058427314},{"rango":{"min":30,"max":39},"vacunados":496182,"personasINE":648759,"porcentaje":0.8736713058427314},{"rango":{"min":40,"max":49},"vacunados":744008,"personasINE":851588,"porcentaje":0.8736713058427314},{"rango":{"min":50,"max":59},"vacunados":709266,"personasINE":752334,"porcentaje":0.942754149088038},{"rango":{"min":60,"max":69},"vacunados":564676,"personasINE":580728,"porcentaje":0.9723588323621386},{"rango":{"min":70,"max":79},"vacunados":431716,"personasINE":437862,"porcentaje":0.9859636141067277},{"rango":{"min":80,"max":null},"vacunados":293171,"personasINE":293171,"porcentaje":1}]}}},{"ccaa":"Extremadura","dosisAdministradas":1707879,"dosisEntregadas":1682775,"dosisEntregadasModerna":218200,"dosisEntregadasPfizer":1226825,"dosisEntregadasAstrazeneca":186000,"dosisEntregadasJanssen":51750,"dosisPrimeraDosis":897276,"dosisPautaCompletada":882668,"porcentajeEntregadas":1.014918215447698,"porcentajePoblacionAdministradas":1.6051690481180692,"porcentajePoblacionPrimeraDosis":0.8433148149366486,"porcentajePoblacionCompletas":0.829585323880837,"fechaUltRegistro":1635120000000,"etarios":{"unaDosis":{"etarioTotal":{"vacunados":897276,"personasINE":953437,"porcentaje":0.9410962654061045},"etarioRangos":[{"rango":{"min":12,"max":19},"vacunados":76344,"personasINE":84750,"porcentaje":0.8220790681256619},{"rango":{"min":20,"max":29},"vacunados":93158,"personasINE":113320,"porcentaje":0.9166865211230516},{"rango":{"min":30,"max":39},"vacunados":113028,"personasINE":133479,"porcentaje":0.9166865211230516},{"rango":{"min":40,"max":49},"vacunados":146206,"personasINE":159494,"porcentaje":0.9166865211230516},{"rango":{"min":50,"max":59},"vacunados":161485,"personasINE":169216,"porcentaje":0.9543128309379728},{"rango":{"min":60,"max":69},"vacunados":132862,"personasINE":132862,"porcentaje":1},{"rango":{"min":70,"max":79},"vacunados":95925,"personasINE":95925,"porcentaje":1},{"rango":{"min":80,"max":null},"vacunados":78268,"personasINE":78268,"porcentaje":1}]},"pautaCompleta":{"etarioTotal":{"vacunados":882668,"personasINE":953437,"porcentaje":0.9257748545525294},"etarioRangos":[{"rango":{"min":12,"max":19},"vacunados":73500,"personasINE":84750,"porcentaje":0.7923314507589128},{"rango":{"min":20,"max":29},"vacunados":89787,"personasINE":113320.00000000001,"porcentaje":0.9049494024853599},{"rango":{"min":30,"max":39},"vacunados":110349,"personasINE":133479,"porcentaje":0.9049494024853599},{"rango":{"min":40,"max":49},"vacunados":144334,"personasINE":159494,"porcentaje":0.9049494024853599},{"rango":{"min":50,"max":59},"vacunados":160239,"personasINE":169216,"porcentaje":0.9469494610438729},{"rango":{"min":60,"max":69},"vacunados":131623,"personasINE":125297.00000000001,"porcentaje":1.0504880404159715},{"rango":{"min":70,"max":79},"vacunados":95410,"personasINE":95410,"porcentaje":1},{"rango":{"min":80,"max":null},"vacunados":77426,"personasINE":77426,"porcentaje":1}]}}},{"ccaa":"Galicia","dosisAdministradas":4410361,"dosisEntregadas":4378529,"dosisEntregadasModerna":527400,"dosisEntregadasPfizer":3155029,"dosisEntregadasAstrazeneca":573400,"dosisEntregadasJanssen":122700,"dosisPrimeraDosis":2308278,"dosisPautaCompletada":2286057,"porcentajeEntregadas":1.007270021507223,"porcentajePoblacionAdministradas":1.632367305137761,"porcentajePoblacionPrimeraDosis":0.8543422042705303,"porcentajePoblacionCompletas":0.8461177451191216,"fechaUltRegistro":1635120000000,"etarios":{"unaDosis":{"etarioTotal":{"vacunados":2308278,"personasINE":2454497,"porcentaje":0.9404281203032637},"etarioRangos":[{"rango":{"min":12,"max":19},"vacunados":168234,"personasINE":180007,"porcentaje":0.8596421350673865},{"rango":{"min":20,"max":29},"vacunados":198561,"personasINE":230981,"porcentaje":0.9200692205468604},{"rango":{"min":30,"max":39},"vacunados":263330,"personasINE":323408,"porcentaje":0.9200692205468604},{"rango":{"min":40,"max":49},"vacunados":407794,"personasINE":443221,"porcentaje":0.9200692205468604},{"rango":{"min":50,"max":59},"vacunados":390802,"personasINE":405889,"porcentaje":0.9628297391651413},{"rango":{"min":60,"max":69},"vacunados":345952,"personasINE":346927,"porcentaje":0.9971896104944268},{"rango":{"min":70,"max":79},"vacunados":291310,"personasINE":291310,"porcentaje":1},{"rango":{"min":80,"max":null},"vacunados":242295,"personasINE":242295,"porcentaje":1}]},"pautaCompleta":{"etarioTotal":{"vacunados":2286057,"personasINE":2454497,"porcentaje":0.9313749415868099},"etarioRangos":[{"rango":{"min":12,"max":19},"vacunados":164303,"personasINE":180007,"porcentaje":0.8372117187127945},{"rango":{"min":20,"max":29},"vacunados":193380,"personasINE":230981,"porcentaje":0.9134923661108115},{"rango":{"min":30,"max":39},"vacunados":259221,"personasINE":323408,"porcentaje":0.9134923661108115},{"rango":{"min":40,"max":49},"vacunados":404879,"personasINE":443221,"porcentaje":0.9134923661108115},{"rango":{"min":50,"max":59},"vacunados":388763,"personasINE":405889,"porcentaje":0.9578061982463186},{"rango":{"min":60,"max":69},"vacunados":344731,"personasINE":346927,"porcentaje":0.9936701380982166},{"rango":{"min":70,"max":79},"vacunados":290090,"personasINE":290090,"porcentaje":1},{"rango":{"min":80,"max":null},"vacunados":240690,"personasINE":240690,"porcentaje":1}]}}},{"ccaa":"La Rioja","dosisAdministradas":482814,"dosisEntregadas":510565,"dosisEntregadasModerna":67600,"dosisEntregadasPfizer":374465,"dosisEntregadasAstrazeneca":53300,"dosisEntregadasJanssen":15200,"dosisPrimeraDosis":260155,"dosisPautaCompletada":254737,"porcentajeEntregadas":0.9456464896732052,"porcentajePoblacionAdministradas":1.5091993473245935,"porcentajePoblacionPrimeraDosis":0.813202923285633,"porcentajePoblacionCompletas":0.7962671217889807,"fechaUltRegistro":1635120000000,"etarios":{"unaDosis":{"etarioTotal":{"vacunados":260155,"personasINE":283970,"porcentaje":0.916135507271895},"etarioRangos":[{"rango":{"min":12,"max":19},"vacunados":21911,"personasINE":25532,"porcentaje":0.7917131788035984},{"rango":{"min":20,"max":29},"vacunados":24114,"personasINE":30458,"porcentaje":0.8976901429731619},{"rango":{"min":30,"max":39},"vacunados":31128,"personasINE":39319,"porcentaje":0.8976901429731619},{"rango":{"min":40,"max":49},"vacunados":47530,"personasINE":52947,"porcentaje":0.8976901429731619},{"rango":{"min":50,"max":59},"vacunados":45396,"personasINE":47664,"porcentaje":0.952416918429003},{"rango":{"min":60,"max":69},"vacunados":38047,"personasINE":38047,"porcentaje":1},{"rango":{"min":70,"max":79},"vacunados":28665,"personasINE":28665,"porcentaje":1},{"rango":{"min":80,"max":null},"vacunados":23364,"personasINE":23364,"porcentaje":1}]},"pautaCompleta":{"etarioTotal":{"vacunados":254737,"personasINE":283970,"porcentaje":0.8970560270451104},"etarioRangos":[{"rango":{"min":12,"max":19},"vacunados":20835,"personasINE":25532,"porcentaje":0.7543502528071443},{"rango":{"min":20,"max":29},"vacunados":22976,"personasINE":30458,"porcentaje":0.8830150905622604},{"rango":{"min":30,"max":39},"vacunados":30209,"personasINE":39319,"porcentaje":0.8830150905622604},{"rango":{"min":40,"max":49},"vacunados":46753,"personasINE":52947,"porcentaje":0.8830150905622604},{"rango":{"min":50,"max":59},"vacunados":44767,"personasINE":47664,"porcentaje":0.939220375965089},{"rango":{"min":60,"max":69},"vacunados":37475,"personasINE":37718,"porcentaje":0.9935574526751153},{"rango":{"min":70,"max":79},"vacunados":28557,"personasINE":28557,"porcentaje":1},{"rango":{"min":80,"max":null},"vacunados":23165,"personasINE":23165,"porcentaje":1}]}}},{"ccaa":"Madrid","dosisAdministradas":9875100,"dosisEntregadas":10831929,"dosisEntregadasModerna":1645800,"dosisEntregadasPfizer":7637679,"dosisEntregadasAstrazeneca":1227000,"dosisEntregadasJanssen":321450,"dosisPrimeraDosis":5330514,"dosisPautaCompletada":5213789,"porcentajeEntregadas":0.9116658722559943,"porcentajePoblacionAdministradas":1.4565284854263079,"porcentajePoblacionPrimeraDosis":0.786224492204001,"porcentajePoblacionCompletas":0.7690081311077706,"fechaUltRegistro":1635120000000,"etarios":{"unaDosis":{"etarioTotal":{"vacunados":5330514,"personasINE":5977937,"porcentaje":0.8916979218750549},"etarioRangos":[{"rango":{"min":12,"max":19},"vacunados":450861,"personasINE":553542,"porcentaje":0.8008754503518637},{"rango":{"min":20,"max":29},"vacunados":594630,"personasINE":742475,"porcentaje":0.882550252107471},{"rango":{"min":30,"max":39},"vacunados":743068,"personasINE":949640,"porcentaje":0.882550252107471},{"rango":{"min":40,"max":49},"vacunados":1029028,"personasINE":1165971,"porcentaje":0.882550252107471},{"rango":{"min":50,"max":59},"vacunados":939663,"personasINE":972783,"porcentaje":0.9659533523920546},{"rango":{"min":60,"max":69},"vacunados":688518,"personasINE":703323,"porcentaje":0.9789499277003596},{"rango":{"min":70,"max":79},"vacunados":510898,"personasINE":526081,"porcentaje":0.9711394252976253},{"rango":{"min":80,"max":null},"vacunados":373848,"personasINE":373848,"porcentaje":1}]},"pautaCompleta":{"etarioTotal":{"vacunados":5213789,"personasINE":5977937,"porcentaje":0.8721719549737643},"etarioRangos":[{"rango":{"min":12,"max":19},"vacunados":434928,"personasINE":553542,"porcentaje":0.7629347789487861},{"rango":{"min":20,"max":29},"vacunados":566460,"personasINE":742475,"porcentaje":0.8653337004093584},{"rango":{"min":30,"max":39},"vacunados":716004,"personasINE":949640.0000000001,"porcentaje":0.8653337004093584},{"rango":{"min":40,"max":49},"vacunados":1008954,"personasINE":1165971,"porcentaje":0.8653337004093584},{"rango":{"min":50,"max":59},"vacunados":931736,"personasINE":972783,"porcentaje":0.9578045668972422},{"rango":{"min":60,"max":69},"vacunados":676124,"personasINE":703323,"porcentaje":0.9613278678501912},{"rango":{"min":70,"max":79},"vacunados":508710,"personasINE":526081,"porcentaje":0.9669803699430316},{"rango":{"min":80,"max":null},"vacunados":370873,"personasINE":370873,"porcentaje":1}]}}},{"ccaa":"Murcia","dosisAdministradas":2226592,"dosisEntregadas":2407175,"dosisEntregadasModerna":398000,"dosisEntregadasPfizer":1687865,"dosisEntregadasAstrazeneca":253010,"dosisEntregadasJanssen":68300,"dosisPrimeraDosis":1189410,"dosisPautaCompletada":1157028,"porcentajeEntregadas":0.9249813578156968,"porcentajePoblacionAdministradas":1.4733436073822284,"porcentajePoblacionPrimeraDosis":0.7870367000584284,"porcentajePoblacionCompletas":0.7656094189515839,"fechaUltRegistro":1635120000000,"etarios":{"unaDosis":{"etarioTotal":{"vacunados":1189410,"personasINE":1310137,"porcentaje":0.9078516216243034},"etarioRangos":[{"rango":{"min":12,"max":19},"vacunados":118522,"personasINE":141894,"porcentaje":0.8131589336305791},{"rango":{"min":20,"max":29},"vacunados":140065,"personasINE":172248,"porcentaje":0.9103349504440169},{"rango":{"min":30,"max":39},"vacunados":166622,"personasINE":209003,"porcentaje":0.9103349504440169},{"rango":{"min":40,"max":49},"vacunados":231368,"personasINE":254157,"porcentaje":0.9103349504440169},{"rango":{"min":50,"max":59},"vacunados":207346,"personasINE":213256,"porcentaje":0.9722868289755037},{"rango":{"min":60,"max":69},"vacunados":148234,"personasINE":148234,"porcentaje":1},{"rango":{"min":70,"max":79},"vacunados":103287,"personasINE":103287,"porcentaje":1},{"rango":{"min":80,"max":null},"vacunados":73966,"personasINE":73966,"porcentaje":1}]},"pautaCompleta":{"etarioTotal":{"vacunados":1157028,"personasINE":1310137,"porcentaje":0.8831351225100886},"etarioRangos":[{"rango":{"min":12,"max":19},"vacunados":113754,"personasINE":141894,"porcentaje":0.7682005016023408},{"rango":{"min":20,"max":29},"vacunados":132321,"personasINE":172248,"porcentaje":0.8894384179857332},{"rango":{"min":30,"max":39},"vacunados":160060,"personasINE":209003,"porcentaje":0.8894384179857332},{"rango":{"min":40,"max":49},"vacunados":226057,"personasINE":254157,"porcentaje":0.8894384179857332},{"rango":{"min":50,"max":59},"vacunados":204603,"personasINE":213256,"porcentaje":0.9594243538282627},{"rango":{"min":60,"max":69},"vacunados":145524,"personasINE":146909,"porcentaje":0.9905723951561851},{"rango":{"min":70,"max":79},"vacunados":101687,"personasINE":102899,"porcentaje":0.9882214598781329},{"rango":{"min":80,"max":null},"vacunados":73022,"personasINE":73022,"porcentaje":1}]}}},{"ccaa":"Navarra","dosisAdministradas":982450,"dosisEntregadas":1046175,"dosisEntregadasModerna":151500,"dosisEntregadasPfizer":734325,"dosisEntregadasAstrazeneca":136600,"dosisEntregadasJanssen":23750,"dosisPrimeraDosis":527406,"dosisPautaCompletada":520681,"porcentajeEntregadas":0.9390876287428012,"porcentajePoblacionAdministradas":1.4858657858399236,"porcentajePoblacionPrimeraDosis":0.797653346884514,"porcentajePoblacionCompletas":0.7874823993454296,"fechaUltRegistro":1635120000000,"etarios":{"unaDosis":{"etarioTotal":{"vacunados":527406,"personasINE":581354,"porcentaje":0.9072028402659997},"etarioRangos":[{"rango":{"min":12,"max":19},"vacunados":48756,"personasINE":56388,"porcentaje":0.8348525547873824},{"rango":{"min":20,"max":29},"vacunados":56876,"personasINE":68127,"porcentaje":0.8820577396714876},{"rango":{"min":30,"max":39},"vacunados":63941,"personasINE":81341,"porcentaje":0.8820577396714876},{"rango":{"min":40,"max":49},"vacunados":95264,"personasINE":108002,"porcentaje":0.8820577396714876},{"rango":{"min":50,"max":59},"vacunados":91877,"personasINE":96694,"porcentaje":0.9501830516888328},{"rango":{"min":60,"max":69},"vacunados":72286,"personasINE":73844,"porcentaje":0.9789014679594822},{"rango":{"min":70,"max":79},"vacunados":55895,"personasINE":55895,"porcentaje":1},{"rango":{"min":80,"max":null},"vacunados":42511,"personasINE":42511,"porcentaje":1}]},"pautaCompleta":{"etarioTotal":{"vacunados":520681,"personasINE":581354,"porcentaje":0.895635017562449},"etarioRangos":[{"rango":{"min":12,"max":19},"vacunados":47657,"personasINE":56388,"porcentaje":0.8089597369618506},{"rango":{"min":20,"max":29},"vacunados":55112,"personasINE":68127,"porcentaje":0.8739652969389455},{"rango":{"min":30,"max":39},"vacunados":62716,"personasINE":81341,"porcentaje":0.8739652969389455},{"rango":{"min":40,"max":49},"vacunados":94390,"personasINE":108002,"porcentaje":0.8739652969389455},{"rango":{"min":50,"max":59},"vacunados":91259,"personasINE":96694,"porcentaje":0.9437917554346702},{"rango":{"min":60,"max":69},"vacunados":71683,"personasINE":73844,"porcentaje":0.970735604788473},{"rango":{"min":70,"max":79},"vacunados":55739,"personasINE":55792,"porcentaje":0.99905004301692},{"rango":{"min":80,"max":null},"vacunados":42125,"personasINE":42125,"porcentaje":1}]}}},{"ccaa":"País Vasco","dosisAdministradas":3367963,"dosisEntregadas":3668820,"dosisEntregadasModerna":526100,"dosisEntregadasPfizer":2597220,"dosisEntregadasAstrazeneca":444200,"dosisEntregadasJanssen":101300,"dosisPrimeraDosis":1810852,"dosisPautaCompletada":1779105,"porcentajeEntregadas":0.9179962494753081,"porcentajePoblacionAdministradas":1.5167561058210208,"porcentajePoblacionPrimeraDosis":0.8155139553903078,"porcentajePoblacionCompletas":0.8012167507917122,"fechaUltRegistro":1635120000000,"etarios":{"unaDosis":{"etarioTotal":{"vacunados":1810852,"personasINE":1983943,"porcentaje":0.9127540458571642},"etarioRangos":[{"rango":{"min":12,"max":19},"vacunados":145323,"personasINE":168606,"porcentaje":0.8080770490339099},{"rango":{"min":20,"max":29},"vacunados":162855,"personasINE":201534,"porcentaje":0.8841972424495973},{"rango":{"min":30,"max":39},"vacunados":202317,"personasINE":260543,"porcentaje":0.8841972424495973},{"rango":{"min":40,"max":49},"vacunados":320197,"personasINE":362133,"porcentaje":0.8841972424495973},{"rango":{"min":50,"max":59},"vacunados":323745,"personasINE":339977,"porcentaje":0.9522555937607544},{"rango":{"min":60,"max":69},"vacunados":278496,"personasINE":280119,"porcentaje":0.9942060338641792},{"rango":{"min":70,"max":79},"vacunados":213739,"personasINE":213739,"porcentaje":1},{"rango":{"min":80,"max":null},"vacunados":164180,"personasINE":164180,"porcentaje":1}]},"pautaCompleta":{"etarioTotal":{"vacunados":1779105,"personasINE":1983943,"porcentaje":0.8967520740263203},"etarioRangos":[{"rango":{"min":12,"max":19},"vacunados":141614,"personasINE":168606,"porcentaje":0.7808508737979696},{"rango":{"min":20,"max":29},"vacunados":157368,"personasINE":201534,"porcentaje":0.8717128789698813},{"rango":{"min":30,"max":39},"vacunados":196630,"personasINE":260543,"porcentaje":0.8717128789698813},{"rango":{"min":40,"max":49},"vacunados":315676,"personasINE":362133,"porcentaje":0.8717128789698813},{"rango":{"min":50,"max":59},"vacunados":320469,"personasINE":339977,"porcentaje":0.9426196477997041},{"rango":{"min":60,"max":69},"vacunados":273244,"personasINE":280119,"porcentaje":0.975456859406181},{"rango":{"min":70,"max":79},"vacunados":212195,"personasINE":213081,"porcentaje":0.9958419568145447},{"rango":{"min":80,"max":null},"vacunados":161909,"personasINE":157950,"porcentaje":1.0250648939537828}]}}},{"ccaa":"Ceuta","dosisAdministradas":114750,"dosisEntregadas":140230,"dosisEntregadasModerna":22400,"dosisEntregadasPfizer":95580,"dosisEntregadasAstrazeneca":18100,"dosisEntregadasJanssen":4150,"dosisPrimeraDosis":62627,"dosisPautaCompletada":59842,"porcentajeEntregadas":0.8182985095913856,"porcentajePoblacionAdministradas":1.3627942329160827,"porcentajePoblacionPrimeraDosis":0.7437709318068454,"porcentajePoblacionCompletas":0.710695707940429,"fechaUltRegistro":1635120000000,"etarios":{"unaDosis":{"etarioTotal":{"vacunados":62627,"personasINE":70965,"porcentaje":0.8825054604382442},"etarioRangos":[{"rango":{"min":12,"max":19},"vacunados":8487,"personasINE":9126,"porcentaje":0.8386067292787454},{"rango":{"min":20,"max":29},"vacunados":9197,"personasINE":10967,"porcentaje":0.8819806992564467},{"rango":{"min":30,"max":39},"vacunados":9241,"personasINE":11894,"porcentaje":0.8819806992564467},{"rango":{"min":40,"max":49},"vacunados":11150,"personasINE":12642,"porcentaje":0.8819806992564467},{"rango":{"min":50,"max":59},"vacunados":10596,"personasINE":11556,"porcentaje":0.9169262720664589},{"rango":{"min":60,"max":69},"vacunados":7664,"personasINE":7857,"porcentaje":0.975435917016673},{"rango":{"min":70,"max":79},"vacunados":3891,"personasINE":4318,"porcentaje":0.9011116257526632},{"rango":{"min":80,"max":null},"vacunados":2401,"personasINE":2605,"porcentaje":0.9216890595009597}]},"pautaCompleta":{"etarioTotal":{"vacunados":59842,"personasINE":70965,"porcentaje":0.8432607623476361},"etarioRangos":[{"rango":{"min":12,"max":19},"vacunados":7586,"personasINE":9126,"porcentaje":0.7655694355794657},{"rango":{"min":20,"max":29},"vacunados":8396,"personasINE":10967,"porcentaje":0.8603069134630597},{"rango":{"min":30,"max":39},"vacunados":8780,"personasINE":11894,"porcentaje":0.8603069134630597},{"rango":{"min":40,"max":49},"vacunados":10876,"personasINE":12642,"porcentaje":0.8603069134630597},{"rango":{"min":50,"max":59},"vacunados":10442,"personasINE":11556,"porcentaje":0.9035998615437868},{"rango":{"min":60,"max":69},"vacunados":7523,"personasINE":7857,"porcentaje":0.9574901361842942},{"rango":{"min":70,"max":79},"vacunados":3859,"personasINE":4318,"porcentaje":0.8937007874015748},{"rango":{"min":80,"max":null},"vacunados":2380,"personasINE":2605,"porcentaje":0.9136276391554703}]}}},{"ccaa":"Melilla","dosisAdministradas":102137,"dosisEntregadas":141100,"dosisEntregadasModerna":23500,"dosisEntregadasPfizer":96750,"dosisEntregadasAstrazeneca":15100,"dosisEntregadasJanssen":5750,"dosisPrimeraDosis":57277,"dosisPautaCompletada":54764,"porcentajeEntregadas":0.7238625088589653,"porcentajePoblacionAdministradas":1.1729638476732969,"porcentajePoblacionPrimeraDosis":0.6577817079332996,"porcentajePoblacionCompletas":0.628921861362488,"fechaUltRegistro":1635120000000,"etarios":{"unaDosis":{"etarioTotal":{"vacunados":57277,"personasINE":70927,"porcentaje":0.8075486063135336},"etarioRangos":[{"rango":{"min":12,"max":19},"vacunados":7693,"personasINE":9574,"porcentaje":0.7251354731137974},{"rango":{"min":20,"max":29},"vacunados":8698,"personasINE":11995,"porcentaje":0.8388601899683387},{"rango":{"min":30,"max":39},"vacunados":8627,"personasINE":12133,"porcentaje":0.8388601899683387},{"rango":{"min":40,"max":49},"vacunados":10068,"personasINE":12002,"porcentaje":0.8388601899683387},{"rango":{"min":50,"max":59},"vacunados":9691,"personasINE":11299,"porcentaje":0.8576865209310558},{"rango":{"min":60,"max":69},"vacunados":7172,"personasINE":7827,"porcentaje":0.9163153187683659},{"rango":{"min":70,"max":79},"vacunados":3316,"personasINE":3748,"porcentaje":0.8847385272145144},{"rango":{"min":80,"max":null},"vacunados":2012,"personasINE":2349,"porcentaje":0.8565346956151554}]},"pautaCompleta":{"etarioTotal":{"vacunados":54764,"personasINE":70927,"porcentaje":0.7721178112707432},"etarioRangos":[{"rango":{"min":12,"max":19},"vacunados":7100,"personasINE":9574,"porcentaje":0.6603584827011255},{"rango":{"min":20,"max":29},"vacunados":7921,"personasINE":11995,"porcentaje":0.8184469255124146},{"rango":{"min":30,"max":39},"vacunados":8223,"personasINE":12133,"porcentaje":0.8184469255124146},{"rango":{"min":40,"max":49},"vacunados":9823,"personasINE":12002,"porcentaje":0.8184469255124146},{"rango":{"min":50,"max":59},"vacunados":9486,"personasINE":11299,"porcentaje":0.8395433224179131},{"rango":{"min":60,"max":69},"vacunados":7004,"personasINE":7827,"porcentaje":0.8948511562539926},{"rango":{"min":70,"max":79},"vacunados":3242,"personasINE":3748,"porcentaje":0.8649946638207043},{"rango":{"min":80,"max":null},"vacunados":1965,"personasINE":2349,"porcentaje":0.8365261813537676}]}}},{"ccaa":"Fuerzas Armadas","dosisAdministradas":173042,"dosisEntregadas":212238,"dosisEntregadasModerna":58300,"dosisEntregadasPfizer":48138,"dosisEntregadasAstrazeneca":103800,"dosisEntregadasJanssen":2000,"dosisPrimeraDosis":92845,"dosisPautaCompletada":86781,"porcentajeEntregadas":0.8153205363789707,"porcentajePoblacionAdministradas":null,"porcentajePoblacionPrimeraDosis":null,"porcentajePoblacionCompletas":null,"fechaUltRegistro":1634774400000},{"ccaa":"Sanidad Exterior","dosisAdministradas":6986,"dosisEntregadas":9050,"dosisEntregadasModerna":4910,"dosisEntregadasPfizer":0,"dosisEntregadasAstrazeneca":0,"dosisEntregadasJanssen":4140,"dosisPrimeraDosis":5249,"dosisPautaCompletada":5016,"porcentajeEntregadas":0.7719337016574586,"porcentajePoblacionAdministradas":null,"porcentajePoblacionPrimeraDosis":null,"porcentajePoblacionCompletas":null,"fechaUltRegistro":1635120000000,"etarios":{"unaDosis":{"etarioTotal":{"vacunados":5249,"personasINE":"-","porcentaje":"-"},"etarioRangos":[{"rango":{"min":12,"max":19},"vacunados":171,"personasINE":null,"porcentaje":"-"},{"rango":{"min":20,"max":29},"vacunados":1277,"personasINE":null,"porcentaje":"-"},{"rango":{"min":30,"max":39},"vacunados":1522,"personasINE":null,"porcentaje":"-"},{"rango":{"min":40,"max":49},"vacunados":1310,"personasINE":null,"porcentaje":"-"},{"rango":{"min":50,"max":59},"vacunados":688,"personasINE":null,"porcentaje":"-"},{"rango":{"min":60,"max":69},"vacunados":221,"personasINE":null,"porcentaje":"-"},{"rango":{"min":70,"max":79},"vacunados":33,"personasINE":null,"porcentaje":"-"},{"rango":{"min":80,"max":null},"vacunados":27,"personasINE":null,"porcentaje":"-"}]},"pautaCompleta":{"etarioTotal":{"vacunados":5016,"personasINE":"-","porcentaje":"-"},"etarioRangos":[{"rango":{"min":12,"max":19},"vacunados":155,"personasINE":null,"porcentaje":"-"},{"rango":{"min":20,"max":29},"vacunados":1222,"personasINE":null,"porcentaje":"-"},{"rango":{"min":30,"max":39},"vacunados":1448,"personasINE":null,"porcentaje":"-"},{"rango":{"min":40,"max":49},"vacunados":1259,"personasINE":null,"porcentaje":"-"},{"rango":{"min":50,"max":59},"vacunados":663,"personasINE":null,"porcentaje":"-"},{"rango":{"min":60,"max":69},"vacunados":211,"personasINE":null,"porcentaje":"-"},{"rango":{"min":70,"max":79},"vacunados":32,"personasINE":null,"porcentaje":"-"},{"rango":{"min":80,"max":null},"vacunados":26,"personasINE":null,"porcentaje":"-"}]}}},{"ccaa":"Totales","dosisAdministradas":71366561,"dosisEntregadas":75668176,"dosisEntregadasModerna":10772860,"dosisEntregadasPfizer":53616591,"dosisEntregadasAstrazeneca":9117110,"dosisEntregadasJanssen":2161615,"dosisPrimeraDosis":37988609,"dosisPautaCompletada":37250048,"porcentajeEntregadas":0.9431515965179338,"porcentajePoblacionAdministradas":1.520378376651044,"porcentajePoblacionPrimeraDosis":0.8093014273540691,"porcentajePoblacionCompletas":0.7935672773753728,"fechaUltRegistro":null,"etarios":{"unaDosis":{"etarioTotal":{"vacunados":37988609,"personasINE":42119827,"porcentaje":0.9019174983790887},"etarioRangos":[{"rango":{"min":12,"max":19},"vacunados":3315423,"personasINE":3888686,"porcentaje":0.8044385435542325},{"rango":{"min":20,"max":29},"vacunados":3977659,"personasINE":4944640,"porcentaje":0.8831211683815616},{"rango":{"min":30,"max":39},"vacunados":4889896,"personasINE":6230403,"porcentaje":0.8831211683815616},{"rango":{"min":40,"max":49},"vacunados":6969360,"personasINE":7891737,"porcentaje":0.8831211683815616},{"rango":{"min":50,"max":59},"vacunados":6678658,"personasINE":7033306,"porcentaje":0.9495759177831876},{"rango":{"min":60,"max":69},"vacunados":5278103,"personasINE":5336986,"porcentaje":0.988966993730169},{"rango":{"min":70,"max":79},"vacunados":3942249,"personasINE":3960045,"porcentaje":0.9955061116729734},{"rango":{"min":80,"max":null},"vacunados":2937261,"personasINE":2937261,"porcentaje":1}]},"pautaCompleta":{"etarioTotal":{"vacunados":37250048,"personasINE":42119827,"porcentaje":0.8843827397486699},"etarioRangos":[{"rango":{"min":12,"max":19},"vacunados":3192914,"personasINE":3888686,"porcentaje":0.7705088742557598},{"rango":{"min":20,"max":29},"vacunados":3809889,"personasINE":4944640,"porcentaje":0.8695560939245695},{"rango":{"min":30,"max":39},"vacunados":4740257,"personasINE":6230403,"porcentaje":0.8695560939245695},{"rango":{"min":40,"max":49},"vacunados":6862308,"personasINE":7891737,"porcentaje":0.8695560939245695},{"rango":{"min":50,"max":59},"vacunados":6611638,"personasINE":7033306,"porcentaje":0.9400469707986543},{"rango":{"min":60,"max":69},"vacunados":5211029,"personasINE":5336986,"porcentaje":0.9763992260800385},{"rango":{"min":70,"max":79},"vacunados":3917959,"personasINE":3960045,"porcentaje":0.9893723429910519},{"rango":{"min":80,"max":null},"vacunados":2904054,"personasINE":2904054,"porcentaje":1}]}}}]