[{"ccaa":"Andalucía","dosisAdministradas":11093092,"dosisEntregadas":11498070,"dosisEntregadasModerna":1305500,"dosisEntregadasPfizer":7861320,"dosisEntregadasAstrazeneca":1805800,"dosisEntregadasJanssen":525450,"dosisPrimeraDosis":6273663,"dosisPautaCompletada":5126322,"porcentajeEntregadas":0.9647786106711822,"porcentajePoblacionAdministradas":1.3105568715885842,"porcentajePoblacionPrimeraDosis":0.7411812824306381,"porcentajePoblacionCompletas":0.6056324533390451,"fechaUltRegistro":1629072000000,"etarios":{"unaDosis":{"etarioTotal":{"vacunados":6273663,"personasINE":7451975,"porcentaje":0.8418792333575998},"etarioRangos":[{"rango":{"min":12,"max":19},"vacunados":395804,"personasINE":752907,"porcentaje":0.698511422762827},{"rango":{"min":20,"max":29},"vacunados":648688,"personasINE":928672,"porcentaje":0.8627658084460919},{"rango":{"min":30,"max":39},"vacunados":850272,"personasINE":1140217,"porcentaje":0.8627658084460919},{"rango":{"min":40,"max":49},"vacunados":1195029,"personasINE":1385114,"porcentaje":0.8627658084460919},{"rango":{"min":50,"max":59},"vacunados":1184959,"personasINE":1265021,"porcentaje":0.9367109320714834},{"rango":{"min":60,"max":69},"vacunados":914885,"personasINE":916147,"porcentaje":0.9986224918053543},{"rango":{"min":70,"max":79},"vacunados":651093,"personasINE":651093,"porcentaje":1},{"rango":{"min":80,"max":null},"vacunados":432933,"personasINE":432933,"porcentaje":1}]},"pautaCompleta":{"etarioTotal":{"vacunados":5126322,"personasINE":7451975,"porcentaje":0.6879145461438075},"etarioRangos":[{"rango":{"min":12,"max":19},"vacunados":11786,"personasINE":752907,"porcentaje":0.2865974208331898},{"rango":{"min":20,"max":29},"vacunados":266155,"personasINE":928671.9999999999,"porcentaje":0.8068440576010351},{"rango":{"min":30,"max":39},"vacunados":676501,"personasINE":1140217,"porcentaje":0.8068440576010351},{"rango":{"min":40,"max":49},"vacunados":1117571,"personasINE":1385114,"porcentaje":0.8068440576010351},{"rango":{"min":50,"max":59},"vacunados":1120922,"personasINE":1265021,"porcentaje":0.8860896380376294},{"rango":{"min":60,"max":69},"vacunados":862341,"personasINE":916147,"porcentaje":0.9412692504587146},{"rango":{"min":70,"max":79},"vacunados":645078,"personasINE":650381,"porcentaje":0.9918463177737357},{"rango":{"min":80,"max":null},"vacunados":425968,"personasINE":425968,"porcentaje":1}]}}},{"ccaa":"Aragón","dosisAdministradas":1768134,"dosisEntregadas":1899915,"dosisEntregadasModerna":203700,"dosisEntregadasPfizer":1345815,"dosisEntregadasAstrazeneca":285700,"dosisEntregadasJanssen":64700,"dosisPrimeraDosis":980325,"dosisPautaCompletada":885070,"porcentajeEntregadas":0.930638475931818,"porcentajePoblacionAdministradas":1.3300330752953795,"porcentajePoblacionPrimeraDosis":0.7374241287928082,"porcentajePoblacionCompletas":0.6657710184588281,"fechaUltRegistro":1628899200000,"etarios":{"unaDosis":{"etarioTotal":{"vacunados":980325,"personasINE":1185134,"porcentaje":0.8271849427997172},"etarioRangos":[{"rango":{"min":12,"max":19},"vacunados":47713,"personasINE":103109,"porcentaje":0.6677479467182},{"rango":{"min":20,"max":29},"vacunados":87075,"personasINE":130401,"porcentaje":0.8350260301568323},{"rango":{"min":30,"max":39},"vacunados":113335,"personasINE":164286,"porcentaje":0.8350260301568323},{"rango":{"min":40,"max":49},"vacunados":179483,"personasINE":214943,"porcentaje":0.8350260301568323},{"rango":{"min":50,"max":59},"vacunados":180787,"personasINE":198266,"porcentaje":0.9118406585092754},{"rango":{"min":60,"max":69},"vacunados":152190,"personasINE":156367,"porcentaje":0.973287202542736},{"rango":{"min":70,"max":79},"vacunados":118753,"personasINE":118955,"porcentaje":0.9983018788617545},{"rango":{"min":80,"max":null},"vacunados":100989,"personasINE":100989,"porcentaje":1}]},"pautaCompleta":{"etarioTotal":{"vacunados":885070,"personasINE":1185134,"porcentaje":0.7468100653596977},"etarioRangos":[{"rango":{"min":12,"max":19},"vacunados":17135,"personasINE":103109,"porcentaje":0.42532649289499314},{"rango":{"min":20,"max":29},"vacunados":55463,"personasINE":130401,"porcentaje":0.8058973774442527},{"rango":{"min":30,"max":39},"vacunados":99272,"personasINE":164286,"porcentaje":0.8058973774442527},{"rango":{"min":40,"max":49},"vacunados":173222,"personasINE":214943,"porcentaje":0.8058973774442527},{"rango":{"min":50,"max":59},"vacunados":176656,"personasINE":198266,"porcentaje":0.8910050134667568},{"rango":{"min":60,"max":69},"vacunados":146210,"personasINE":156367,"porcentaje":0.9350438391732271},{"rango":{"min":70,"max":79},"vacunados":117784,"personasINE":118955,"porcentaje":0.9901559413223487},{"rango":{"min":80,"max":null},"vacunados":99328,"personasINE":99328,"porcentaje":1}]}}},{"ccaa":"Asturias","dosisAdministradas":1500677,"dosisEntregadas":1523405,"dosisEntregadasModerna":148800,"dosisEntregadasPfizer":1089005,"dosisEntregadasAstrazeneca":235900,"dosisEntregadasJanssen":49700,"dosisPrimeraDosis":820629,"dosisPautaCompletada":729546,"porcentajeEntregadas":0.9850807894158152,"porcentajePoblacionAdministradas":1.473008017401137,"porcentajePoblacionPrimeraDosis":0.8054985158777523,"porcentajePoblacionCompletas":0.7160948738888714,"fechaUltRegistro":1629072000000,"etarios":{"unaDosis":{"etarioTotal":{"vacunados":820629,"personasINE":933927,"porcentaje":0.8786864497974681},"etarioRangos":[{"rango":{"min":12,"max":19},"vacunados":34137,"personasINE":64000,"porcentaje":0.7135417325024332},{"rango":{"min":20,"max":29},"vacunados":56449,"personasINE":79111,"porcentaje":0.8751444671333529},{"rango":{"min":30,"max":39},"vacunados":84795,"personasINE":114451,"porcentaje":0.8751444671333529},{"rango":{"min":40,"max":49},"vacunados":146143,"personasINE":166993,"porcentaje":0.8751444671333529},{"rango":{"min":50,"max":59},"vacunados":150258,"personasINE":162645,"porcentaje":0.9238402656091488},{"rango":{"min":60,"max":69},"vacunados":146165,"personasINE":149652,"porcentaje":0.976699275652848},{"rango":{"min":70,"max":79},"vacunados":113961,"personasINE":113961,"porcentaje":1},{"rango":{"min":80,"max":null},"vacunados":88721,"personasINE":88721,"porcentaje":1}]},"pautaCompleta":{"etarioTotal":{"vacunados":729546,"personasINE":933927,"porcentaje":0.7811595552971485},"etarioRangos":[{"rango":{"min":12,"max":19},"vacunados":2378,"personasINE":64000,"porcentaje":0.31307909140321827},{"rango":{"min":20,"max":29},"vacunados":24768,"personasINE":79111,"porcentaje":0.8388854622648854},{"rango":{"min":30,"max":39},"vacunados":72621,"personasINE":114451,"porcentaje":0.8388854622648854},{"rango":{"min":40,"max":49},"vacunados":140088,"personasINE":166993,"porcentaje":0.8388854622648854},{"rango":{"min":50,"max":59},"vacunados":145806,"personasINE":162645,"porcentaje":0.8964677672230933},{"rango":{"min":60,"max":69},"vacunados":142706,"personasINE":149652,"porcentaje":0.9535856520460803},{"rango":{"min":70,"max":79},"vacunados":113432,"personasINE":113432,"porcentaje":1},{"rango":{"min":80,"max":null},"vacunados":87747,"personasINE":87826,"porcentaje":0.9991004941589051}]}}},{"ccaa":"Baleares","dosisAdministradas":1429406,"dosisEntregadas":1678280,"dosisEntregadasModerna":252300,"dosisEntregadasPfizer":1107180,"dosisEntregadasAstrazeneca":256400,"dosisEntregadasJanssen":62400,"dosisPrimeraDosis":800313,"dosisPautaCompletada":709838,"porcentajeEntregadas":0.8517088924374955,"porcentajePoblacionAdministradas":1.2201054506748792,"porcentajePoblacionPrimeraDosis":0.6831272945167185,"porcentajePoblacionCompletas":0.6059000821992876,"fechaUltRegistro":1629072000000,"etarios":{"unaDosis":{"etarioTotal":{"vacunados":800313,"personasINE":1034867,"porcentaje":0.7733486525321611},"etarioRangos":[{"rango":{"min":12,"max":19},"vacunados":59999,"personasINE":95480,"porcentaje":0.6101114961360572},{"rango":{"min":20,"max":29},"vacunados":84160,"personasINE":137942,"porcentaje":0.7710746367110956},{"rango":{"min":30,"max":39},"vacunados":113674,"personasINE":182187,"porcentaje":0.7710746367110956},{"rango":{"min":40,"max":49},"vacunados":158974,"personasINE":206172,"porcentaje":0.7710746367110956},{"rango":{"min":50,"max":59},"vacunados":145475,"personasINE":165797,"porcentaje":0.8774284215034047},{"rango":{"min":60,"max":69},"vacunados":108320,"personasINE":117231,"porcentaje":0.9239876824389454},{"rango":{"min":70,"max":79},"vacunados":78568,"personasINE":80516,"porcentaje":0.9758060509712355},{"rango":{"min":80,"max":null},"vacunados":51143,"personasINE":51143,"porcentaje":1}]},"pautaCompleta":{"etarioTotal":{"vacunados":709838,"personasINE":1034867,"porcentaje":0.6859219590536755},"etarioRangos":[{"rango":{"min":12,"max":19},"vacunados":30052,"personasINE":95480,"porcentaje":0.46336141276768494},{"rango":{"min":20,"max":29},"vacunados":63917,"personasINE":137942,"porcentaje":0.7272229012669034},{"rango":{"min":30,"max":39},"vacunados":93107,"personasINE":182187,"porcentaje":0.7272229012669034},{"rango":{"min":40,"max":49},"vacunados":149933,"personasINE":206172,"porcentaje":0.7272229012669034},{"rango":{"min":50,"max":59},"vacunados":140813,"personasINE":165797,"porcentaje":0.8493096980041859},{"rango":{"min":60,"max":69},"vacunados":103773,"personasINE":117231,"porcentaje":0.885201013383832},{"rango":{"min":70,"max":79},"vacunados":77864,"personasINE":80516,"porcentaje":0.9670624472154603},{"rango":{"min":80,"max":null},"vacunados":50379,"personasINE":50379,"porcentaje":1}]}}},{"ccaa":"Canarias","dosisAdministradas":2762333,"dosisEntregadas":3049160,"dosisEntregadasModerna":443900,"dosisEntregadasPfizer":1967910,"dosisEntregadasAstrazeneca":503700,"dosisEntregadasJanssen":133650,"dosisPrimeraDosis":1573698,"dosisPautaCompletada":1330533,"porcentajeEntregadas":0.9059324535281849,"porcentajePoblacionAdministradas":1.2694825069670654,"porcentajePoblacionPrimeraDosis":0.7232227549137114,"porcentajePoblacionCompletas":0.6114716684926873,"fechaUltRegistro":1629072000000,"etarios":{"unaDosis":{"etarioTotal":{"vacunados":1573698,"personasINE":1960774,"porcentaje":0.8025902016244606},"etarioRangos":[{"rango":{"min":12,"max":19},"vacunados":112929,"personasINE":179797,"porcentaje":0.6626507459840794},{"rango":{"min":20,"max":29},"vacunados":166821,"personasINE":251747.99999999997,"porcentaje":0.7851873047297925},{"rango":{"min":30,"max":39},"vacunados":212558,"personasINE":310934,"porcentaje":0.7851873047297925},{"rango":{"min":40,"max":49},"vacunados":304593,"personasINE":387924,"porcentaje":0.7851873047297925},{"rango":{"min":50,"max":59},"vacunados":313502,"personasINE":350512,"porcentaje":0.8944116035970238},{"rango":{"min":60,"max":69},"vacunados":220643,"personasINE":235092,"porcentaje":0.9385389549623127},{"rango":{"min":70,"max":79},"vacunados":150205,"personasINE":154531,"porcentaje":0.9720056169959426},{"rango":{"min":80,"max":null},"vacunados":92447,"personasINE":92447,"porcentaje":1}]},"pautaCompleta":{"etarioTotal":{"vacunados":1330533,"personasINE":1960774,"porcentaje":0.6785753993066004},"etarioRangos":[{"rango":{"min":12,"max":19},"vacunados":17228,"personasINE":179797,"porcentaje":0.3972822028377584},{"rango":{"min":20,"max":29},"vacunados":100015,"personasINE":251748,"porcentaje":0.7450402656190388},{"rango":{"min":30,"max":39},"vacunados":172501,"personasINE":310934,"porcentaje":0.7450402656190388},{"rango":{"min":40,"max":49},"vacunados":289019,"personasINE":387924,"porcentaje":0.7450402656190388},{"rango":{"min":50,"max":59},"vacunados":305949,"personasINE":350512,"porcentaje":0.8728631259414799},{"rango":{"min":60,"max":69},"vacunados":206813,"personasINE":235092,"porcentaje":0.8797109216817246},{"rango":{"min":70,"max":79},"vacunados":148213,"personasINE":154531,"porcentaje":0.9591149995793724},{"rango":{"min":80,"max":null},"vacunados":90795,"personasINE":90795,"porcentaje":1}]}}},{"ccaa":"Cantabria","dosisAdministradas":765025,"dosisEntregadas":833675,"dosisEntregadasModerna":84600,"dosisEntregadasPfizer":593925,"dosisEntregadasAstrazeneca":130200,"dosisEntregadasJanssen":24950,"dosisPrimeraDosis":421564,"dosisPautaCompletada":373144,"porcentajeEntregadas":0.9176537619575974,"porcentajePoblacionAdministradas":1.3124351309390039,"porcentajePoblacionPrimeraDosis":0.7232121872346265,"porcentajePoblacionCompletas":0.640145478251173,"fechaUltRegistro":1629072000000,"etarios":{"unaDosis":{"etarioTotal":{"vacunados":421564,"personasINE":524127,"porcentaje":0.804316511074606},"etarioRangos":[{"rango":{"min":12,"max":19},"vacunados":4478,"personasINE":43963,"porcentaje":0.5767151767151767},{"rango":{"min":20,"max":29},"vacunados":29127,"personasINE":50505,"porcentaje":0.8559563869938324},{"rango":{"min":30,"max":39},"vacunados":48405,"personasINE":70473,"porcentaje":0.8559563869938324},{"rango":{"min":40,"max":49},"vacunados":83686,"personasINE":97769,"porcentaje":0.8559563869938324},{"rango":{"min":50,"max":59},"vacunados":82110,"personasINE":89964,"porcentaje":0.9126984126984127},{"rango":{"min":60,"max":69},"vacunados":75549,"personasINE":77345,"porcentaje":0.9767793651819768},{"rango":{"min":70,"max":79},"vacunados":55890,"personasINE":55890,"porcentaje":1},{"rango":{"min":80,"max":null},"vacunados":42319,"personasINE":42319,"porcentaje":1}]},"pautaCompleta":{"etarioTotal":{"vacunados":373144,"personasINE":524127,"porcentaje":0.7119343212618315},"etarioRangos":[{"rango":{"min":12,"max":19},"vacunados":711,"personasINE":43963.00000000001,"porcentaje":0.15000495000495},{"rango":{"min":20,"max":29},"vacunados":7576,"personasINE":50505,"porcentaje":0.8158925630823676},{"rango":{"min":30,"max":39},"vacunados":32825,"personasINE":70473,"porcentaje":0.8158925630823676},{"rango":{"min":40,"max":49},"vacunados":79769,"personasINE":97769,"porcentaje":0.8158925630823676},{"rango":{"min":50,"max":59},"vacunados":80493,"personasINE":89964,"porcentaje":0.8947245564892624},{"rango":{"min":60,"max":69},"vacunados":74333,"personasINE":77345,"porcentaje":0.9610575990691059},{"rango":{"min":70,"max":79},"vacunados":55589,"personasINE":55589,"porcentaje":1},{"rango":{"min":80,"max":null},"vacunados":41848,"personasINE":41848,"porcentaje":1}]}}},{"ccaa":"Castilla y Leon","dosisAdministradas":3310930,"dosisEntregadas":3464495,"dosisEntregadasModerna":358300,"dosisEntregadasPfizer":2478945,"dosisEntregadasAstrazeneca":514400,"dosisEntregadasJanssen":112850,"dosisPrimeraDosis":1852723,"dosisPautaCompletada":1630378,"porcentajeEntregadas":0.9556746365631932,"porcentajePoblacionAdministradas":1.3824815713940937,"porcentajePoblacionPrimeraDosis":0.7736060274297492,"porcentajePoblacionCompletas":0.68076568801103,"fechaUltRegistro":1629072000000,"etarios":{"unaDosis":{"etarioTotal":{"vacunados":1852723,"personasINE":2176253,"porcentaje":0.8513362187208932},"etarioRangos":[{"rango":{"min":12,"max":19},"vacunados":50156,"personasINE":165342,"porcentaje":0.7089419258220145},{"rango":{"min":20,"max":29},"vacunados":149591,"personasINE":211006,"porcentaje":0.8583559268383314},{"rango":{"min":30,"max":39},"vacunados":199714,"personasINE":267783,"porcentaje":0.8583559268383314},{"rango":{"min":40,"max":49},"vacunados":311845,"personasINE":363305,"porcentaje":0.8583559268383314},{"rango":{"min":50,"max":59},"vacunados":346159,"personasINE":381175,"porcentaje":0.9081366826260904},{"rango":{"min":60,"max":69},"vacunados":316599,"personasINE":318575,"porcentaje":0.9937973789531508},{"rango":{"min":70,"max":79},"vacunados":249706,"personasINE":249706,"porcentaje":1},{"rango":{"min":80,"max":null},"vacunados":228953,"personasINE":228953,"porcentaje":1}]},"pautaCompleta":{"etarioTotal":{"vacunados":1630378,"personasINE":2176253,"porcentaje":0.7491674910959342},"etarioRangos":[{"rango":{"min":12,"max":19},"vacunados":3822,"personasINE":165342,"porcentaje":0.22756698861643745},{"rango":{"min":20,"max":29},"vacunados":48018,"personasINE":211006,"porcentaje":0.8303023630283095},{"rango":{"min":30,"max":39},"vacunados":155598,"personasINE":267783,"porcentaje":0.8303023630283095},{"rango":{"min":40,"max":49},"vacunados":301653,"personasINE":363305,"porcentaje":0.8303023630283095},{"rango":{"min":50,"max":59},"vacunados":339543,"personasINE":381175,"porcentaje":0.8907798255394503},{"rango":{"min":60,"max":69},"vacunados":307665,"personasINE":318575,"porcentaje":0.9657537471553009},{"rango":{"min":70,"max":79},"vacunados":248018,"personasINE":248018,"porcentaje":1},{"rango":{"min":80,"max":null},"vacunados":226061,"personasINE":226061,"porcentaje":1}]}}},{"ccaa":"Castilla La Mancha","dosisAdministradas":2660882,"dosisEntregadas":2920450,"dosisEntregadasModerna":330700,"dosisEntregadasPfizer":2027475,"dosisEntregadasAstrazeneca":460900,"dosisEntregadasJanssen":101375,"dosisPrimeraDosis":1507318,"dosisPautaCompletada":1299758,"porcentajeEntregadas":0.911120546491123,"porcentajePoblacionAdministradas":1.3010241924955788,"porcentajePoblacionPrimeraDosis":0.7369951706930449,"porcentajePoblacionCompletas":0.6355098055417971,"fechaUltRegistro":1629072000000},{"ccaa":"Cataluña","dosisAdministradas":9732061,"dosisEntregadas":11178380,"dosisEntregadasModerna":1320500,"dosisEntregadasPfizer":7720280,"dosisEntregadasAstrazeneca":1698100,"dosisEntregadasJanssen":439500,"dosisPrimeraDosis":5502813,"dosisPautaCompletada":4762903,"porcentajeEntregadas":0.8706146149978798,"porcentajePoblacionAdministradas":1.250830572256541,"porcentajePoblacionPrimeraDosis":0.7072588975563072,"porcentajePoblacionCompletas":0.6121606394670559,"fechaUltRegistro":1629072000000,"etarios":{"unaDosis":{"etarioTotal":{"vacunados":5502813,"personasINE":6868360,"porcentaje":0.8011829607067772},"etarioRangos":[{"rango":{"min":12,"max":19},"vacunados":358381,"personasINE":656166.0000000001,"porcentaje":0.6306114299677568},{"rango":{"min":20,"max":29},"vacunados":529042,"personasINE":838935,"porcentaje":0.8150324092181157},{"rango":{"min":30,"max":39},"vacunados":690582,"personasINE":1044652,"porcentaje":0.8150324092181157},{"rango":{"min":40,"max":49},"vacunados":1073198,"personasINE":1316755,"porcentaje":0.8150324092181157},{"rango":{"min":50,"max":59},"vacunados":991980,"personasINE":1091780,"porcentaje":0.9085896426019894},{"rango":{"min":60,"max":69},"vacunados":786881,"personasINE":837584,"porcentaje":0.9394651760301056},{"rango":{"min":70,"max":79},"vacunados":615218,"personasINE":635292,"porcentaje":0.9684019317101428},{"rango":{"min":80,"max":null},"vacunados":457531,"personasINE":457531,"porcentaje":1}]},"pautaCompleta":{"etarioTotal":{"vacunados":4762903,"personasINE":6868360,"porcentaje":0.6934556429773628},"etarioRangos":[{"rango":{"min":12,"max":19},"vacunados":116690,"personasINE":656166,"porcentaje":0.40960265098011167},{"rango":{"min":20,"max":29},"vacunados":343630,"personasINE":838935,"porcentaje":0.771345466696538},{"rango":{"min":30,"max":39},"vacunados":543013,"personasINE":1044651.9999999999,"porcentaje":0.771345466696538},{"rango":{"min":40,"max":49},"vacunados":1015673,"personasINE":1316755,"porcentaje":0.771345466696538},{"rango":{"min":50,"max":59},"vacunados":926516,"personasINE":1091780,"porcentaje":0.8486288446390299},{"rango":{"min":60,"max":69},"vacunados":760579,"personasINE":837584,"porcentaje":0.9080629524919291},{"rango":{"min":70,"max":79},"vacunados":606937,"personasINE":635292,"porcentaje":0.9553669808528992},{"rango":{"min":80,"max":null},"vacunados":449865,"personasINE":449865,"porcentaje":1}]}}},{"ccaa":"C. Valenciana","dosisAdministradas":6414146,"dosisEntregadas":7125800,"dosisEntregadasModerna":871200,"dosisEntregadasPfizer":5040550,"dosisEntregadasAstrazeneca":906800,"dosisEntregadasJanssen":307250,"dosisPrimeraDosis":3694063,"dosisPautaCompletada":3091441,"porcentajeEntregadas":0.9001299503213674,"porcentajePoblacionAdministradas":1.2682812530586653,"porcentajePoblacionPrimeraDosis":0.7304340828097228,"porcentajePoblacionCompletas":0.6112764918723292,"fechaUltRegistro":1629072000000,"etarios":{"unaDosis":{"etarioTotal":{"vacunados":3694063,"personasINE":4488459,"porcentaje":0.8230136445492763},"etarioRangos":[{"rango":{"min":12,"max":19},"vacunados":156448,"personasINE":424531,"porcentaje":0.6834125775488931},{"rango":{"min":20,"max":29},"vacunados":352727,"personasINE":516126,"porcentaje":0.8601894343273978},{"rango":{"min":30,"max":39},"vacunados":459429,"personasINE":648759,"porcentaje":0.8601894343273978},{"rango":{"min":40,"max":49},"vacunados":732527,"personasINE":851588,"porcentaje":0.8601894343273978},{"rango":{"min":50,"max":59},"vacunados":705641,"personasINE":752334,"porcentaje":0.9379358104246253},{"rango":{"min":60,"max":69},"vacunados":558779,"personasINE":580728,"porcentaje":0.9622043366257526},{"rango":{"min":70,"max":79},"vacunados":432254,"personasINE":437862,"porcentaje":0.9871923117329204},{"rango":{"min":80,"max":null},"vacunados":296258,"personasINE":296258,"porcentaje":1}]},"pautaCompleta":{"etarioTotal":{"vacunados":3091441,"personasINE":4488459,"porcentaje":0.6887533115485738},"etarioRangos":[{"rango":{"min":12,"max":19},"vacunados":15523,"personasINE":424531,"porcentaje":0.17543196816281295},{"rango":{"min":20,"max":29},"vacunados":90545,"personasINE":516126,"porcentaje":0.8300222642874254},{"rango":{"min":30,"max":39},"vacunados":326846,"personasINE":648759,"porcentaje":0.8300222642874254},{"rango":{"min":40,"max":49},"vacunados":706837,"personasINE":851588,"porcentaje":0.8300222642874254},{"rango":{"min":50,"max":59},"vacunados":694135,"personasINE":752334,"porcentaje":0.9226420712077349},{"rango":{"min":60,"max":69},"vacunados":536909,"personasINE":580728,"porcentaje":0.9245447093992368},{"rango":{"min":70,"max":79},"vacunados":428800,"personasINE":437862,"porcentaje":0.9793039816197797},{"rango":{"min":80,"max":null},"vacunados":291846,"personasINE":291846,"porcentaje":1}]}}},{"ccaa":"Extremadura","dosisAdministradas":1479780,"dosisEntregadas":1521495,"dosisEntregadasModerna":160000,"dosisEntregadasPfizer":1081745,"dosisEntregadasAstrazeneca":228000,"dosisEntregadasJanssen":51750,"dosisPrimeraDosis":824996,"dosisPautaCompletada":728908,"porcentajeEntregadas":0.9725828872260507,"porcentajePoblacionAdministradas":1.3907876693982164,"porcentajePoblacionPrimeraDosis":0.7753816540991573,"porcentajePoblacionCompletas":0.6850722800184589,"fechaUltRegistro":1629072000000,"etarios":{"unaDosis":{"etarioTotal":{"vacunados":824996,"personasINE":953437,"porcentaje":0.8652863272560222},"etarioRangos":[{"rango":{"min":12,"max":19},"vacunados":28756,"personasINE":84750,"porcentaje":0.7049152841510766},{"rango":{"min":20,"max":29},"vacunados":79881,"personasINE":113320,"porcentaje":0.9001090950129785},{"rango":{"min":30,"max":39},"vacunados":107645,"personasINE":133479,"porcentaje":0.9001090950129785},{"rango":{"min":40,"max":49},"vacunados":143562,"personasINE":159494,"porcentaje":0.9001090950129785},{"rango":{"min":50,"max":59},"vacunados":159524,"personasINE":169216,"porcentaje":0.9427240922844176},{"rango":{"min":60,"max":69},"vacunados":131747,"personasINE":131747,"porcentaje":1},{"rango":{"min":70,"max":79},"vacunados":95749,"personasINE":95749,"porcentaje":1},{"rango":{"min":80,"max":null},"vacunados":78132,"personasINE":78132,"porcentaje":1}]},"pautaCompleta":{"etarioTotal":{"vacunados":728908,"personasINE":953437,"porcentaje":0.7645056778790837},"etarioRangos":[{"rango":{"min":12,"max":19},"vacunados":2882,"personasINE":84750,"porcentaje":0.29962054359336393},{"rango":{"min":20,"max":29},"vacunados":33953,"personasINE":113320,"porcentaje":0.8790863606154463},{"rango":{"min":30,"max":39},"vacunados":93852,"personasINE":133479,"porcentaje":0.8790863606154463},{"rango":{"min":40,"max":49},"vacunados":140209,"personasINE":159494,"porcentaje":0.8790863606154463},{"rango":{"min":50,"max":59},"vacunados":157348,"personasINE":169216,"porcentaje":0.9298647881996974},{"rango":{"min":60,"max":69},"vacunados":128691,"personasINE":125297,"porcentaje":1.0270876397679114},{"rango":{"min":70,"max":79},"vacunados":94973,"personasINE":94973,"porcentaje":1},{"rango":{"min":80,"max":null},"vacunados":77000,"personasINE":77000,"porcentaje":1}]}}},{"ccaa":"Galicia","dosisAdministradas":3779122,"dosisEntregadas":3903605,"dosisEntregadasModerna":383500,"dosisEntregadasPfizer":2792905,"dosisEntregadasAstrazeneca":595400,"dosisEntregadasJanssen":131800,"dosisPrimeraDosis":2096876,"dosisPautaCompletada":1851425,"porcentajeEntregadas":0.9681107591572405,"porcentajePoblacionAdministradas":1.3987324835601496,"porcentajePoblacionPrimeraDosis":0.7760978807240604,"porcentajePoblacionCompletas":0.6852513066197254,"fechaUltRegistro":1629072000000,"etarios":{"unaDosis":{"etarioTotal":{"vacunados":2096876,"personasINE":2454497,"porcentaje":0.8542996793232992},"etarioRangos":[{"rango":{"min":12,"max":19},"vacunados":34379,"personasINE":180007,"porcentaje":0.7101146847576207},{"rango":{"min":20,"max":29},"vacunados":164023,"personasINE":230981,"porcentaje":0.8938114394399183},{"rango":{"min":30,"max":39},"vacunados":244901,"personasINE":323408,"porcentaje":0.8938114394399183},{"rango":{"min":40,"max":49},"vacunados":396156,"personasINE":443221,"porcentaje":0.8938114394399183},{"rango":{"min":50,"max":59},"vacunados":384521,"personasINE":405889,"porcentaje":0.9473550650547317},{"rango":{"min":60,"max":69},"vacunados":341112,"personasINE":346927,"porcentaje":0.9832385487436839},{"rango":{"min":70,"max":79},"vacunados":290202,"personasINE":290202,"porcentaje":1},{"rango":{"min":80,"max":null},"vacunados":241582,"personasINE":241582,"porcentaje":1}]},"pautaCompleta":{"etarioTotal":{"vacunados":1851425,"personasINE":2454497,"porcentaje":0.7542991496832141},"etarioRangos":[{"rango":{"min":12,"max":19},"vacunados":2557,"personasINE":180007,"porcentaje":0.1359938696256402},{"rango":{"min":20,"max":29},"vacunados":31412,"personasINE":230981,"porcentaje":0.8723255441416359},{"rango":{"min":30,"max":39},"vacunados":185435,"personasINE":323408.00000000006,"porcentaje":0.8723255441416359},{"rango":{"min":40,"max":49},"vacunados":386633,"personasINE":443221,"porcentaje":0.8723255441416359},{"rango":{"min":50,"max":59},"vacunados":380184,"personasINE":405889,"porcentaje":0.9366698777251908},{"rango":{"min":60,"max":69},"vacunados":336826,"personasINE":346927,"porcentaje":0.9708843647222615},{"rango":{"min":70,"max":79},"vacunados":288708,"personasINE":289762,"porcentaje":0.9963625320090281},{"rango":{"min":80,"max":null},"vacunados":239670,"personasINE":239670,"porcentaje":1}]}}},{"ccaa":"La Rioja","dosisAdministradas":410770,"dosisEntregadas":454165,"dosisEntregadasModerna":49900,"dosisEntregadasPfizer":327665,"dosisEntregadasAstrazeneca":61400,"dosisEntregadasJanssen":15200,"dosisPrimeraDosis":234612,"dosisPautaCompletada":205099,"porcentajeEntregadas":0.9044510255083504,"porcentajePoblacionAdministradas":1.2840013253561895,"porcentajePoblacionPrimeraDosis":0.7333595903899173,"porcentajePoblacionCompletas":0.6411066724182124,"fechaUltRegistro":1629072000000,"etarios":{"unaDosis":{"etarioTotal":{"vacunados":234612,"personasINE":283970,"porcentaje":0.826185864704018},"etarioRangos":[{"rango":{"min":12,"max":19},"vacunados":8407,"personasINE":25532,"porcentaje":0.6096592028366932},{"rango":{"min":20,"max":29},"vacunados":18569,"personasINE":30458,"porcentaje":0.8641282792226188},{"rango":{"min":30,"max":39},"vacunados":27917,"personasINE":39319,"porcentaje":0.8641282792226188},{"rango":{"min":40,"max":49},"vacunados":45753,"personasINE":52947,"porcentaje":0.8641282792226188},{"rango":{"min":50,"max":59},"vacunados":44472,"personasINE":47664,"porcentaje":0.9330312185297079},{"rango":{"min":60,"max":69},"vacunados":37585,"personasINE":37718,"porcentaje":0.996473832122594},{"rango":{"min":70,"max":79},"vacunados":28581,"personasINE":28581,"porcentaje":1},{"rango":{"min":80,"max":null},"vacunados":23328,"personasINE":23328,"porcentaje":1}]},"pautaCompleta":{"etarioTotal":{"vacunados":205099,"personasINE":283970,"porcentaje":0.7222558720991654},"etarioRangos":[{"rango":{"min":12,"max":19},"vacunados":1500,"personasINE":25532,"porcentaje":0.2546457416770635},{"rango":{"min":20,"max":29},"vacunados":7756,"personasINE":30458,"porcentaje":0.8175345156477232},{"rango":{"min":30,"max":39},"vacunados":21604,"personasINE":39319,"porcentaje":0.8175345156477232},{"rango":{"min":40,"max":49},"vacunados":43286,"personasINE":52947,"porcentaje":0.8175345156477232},{"rango":{"min":50,"max":59},"vacunados":43278,"personasINE":47664,"porcentaje":0.9079808660624371},{"rango":{"min":60,"max":69},"vacunados":36140,"personasINE":37718,"porcentaje":0.958163211198897},{"rango":{"min":70,"max":79},"vacunados":28438,"personasINE":28438,"porcentaje":1},{"rango":{"min":80,"max":null},"vacunados":23097,"personasINE":23097,"porcentaje":1}]}}},{"ccaa":"Madrid","dosisAdministradas":8557518,"dosisEntregadas":9738299,"dosisEntregadasModerna":1262700,"dosisEntregadasPfizer":6784749,"dosisEntregadasAstrazeneca":1309400,"dosisEntregadasJanssen":381450,"dosisPrimeraDosis":4859968,"dosisPautaCompletada":4306622,"porcentajeEntregadas":0.8787487424651882,"porcentajePoblacionAdministradas":1.2621916468236642,"porcentajePoblacionPrimeraDosis":0.716821280823518,"porcentajePoblacionCompletas":0.6352054783205858,"fechaUltRegistro":1629072000000,"etarios":{"unaDosis":{"etarioTotal":{"vacunados":4859968,"personasINE":5977937,"porcentaje":0.8129841448646916},"etarioRangos":[{"rango":{"min":12,"max":19},"vacunados":216755,"personasINE":553542,"porcentaje":0.6733479241725311},{"rango":{"min":20,"max":29},"vacunados":499944,"personasINE":742475,"porcentaje":0.8469164327414661},{"rango":{"min":30,"max":39},"vacunados":672821,"personasINE":949640,"porcentaje":0.8469164327414661},{"rango":{"min":40,"max":49},"vacunados":987480,"personasINE":1165971,"porcentaje":0.8469164327414661},{"rango":{"min":50,"max":59},"vacunados":921228,"personasINE":972783,"porcentaje":0.947002568918248},{"rango":{"min":60,"max":69},"vacunados":680253,"personasINE":703323,"porcentaje":0.9671985702159606},{"rango":{"min":70,"max":79},"vacunados":508666,"personasINE":526081,"porcentaje":0.9668967326324274},{"rango":{"min":80,"max":null},"vacunados":372821,"personasINE":372821,"porcentaje":1}]},"pautaCompleta":{"etarioTotal":{"vacunados":4306622,"personasINE":5977937,"porcentaje":0.7204194356681912},"etarioRangos":[{"rango":{"min":12,"max":19},"vacunados":60855,"personasINE":553542,"porcentaje":0.4077632243509883},{"rango":{"min":20,"max":29},"vacunados":302754,"personasINE":742475,"porcentaje":0.8058210710214919},{"rango":{"min":30,"max":39},"vacunados":558097,"personasINE":949640,"porcentaje":0.8058210710214919},{"rango":{"min":40,"max":49},"vacunados":939564,"personasINE":1165971,"porcentaje":0.8058210710214919},{"rango":{"min":50,"max":59},"vacunados":905867,"personasINE":972783,"porcentaje":0.9312117913244783},{"rango":{"min":60,"max":69},"vacunados":664616,"personasINE":703323,"porcentaje":0.9449655421477756},{"rango":{"min":70,"max":79},"vacunados":505685,"personasINE":526081,"porcentaje":0.9612303048389886},{"rango":{"min":80,"max":null},"vacunados":369184,"personasINE":369184,"porcentaje":1}]}}},{"ccaa":"Murcia","dosisAdministradas":1906556,"dosisEntregadas":2134345,"dosisEntregadasModerna":304400,"dosisEntregadasPfizer":1481945,"dosisEntregadasAstrazeneca":259900,"dosisEntregadasJanssen":88100,"dosisPrimeraDosis":1105096,"dosisPautaCompletada":865254,"porcentajeEntregadas":0.8932745174749162,"porcentajePoblacionAdministradas":1.2615746821672906,"porcentajePoblacionPrimeraDosis":0.7312458354039137,"porcentajePoblacionCompletas":0.5725415566308972,"fechaUltRegistro":1629072000000,"etarios":{"unaDosis":{"etarioTotal":{"vacunados":1105096,"personasINE":1310137,"porcentaje":0.8434965198296056},"etarioRangos":[{"rango":{"min":12,"max":19},"vacunados":85309,"personasINE":141894,"porcentaje":0.7024638892759277},{"rango":{"min":20,"max":29},"vacunados":120998,"personasINE":172248,"porcentaje":0.8754431316076283},{"rango":{"min":30,"max":39},"vacunados":151484,"personasINE":209003,"porcentaje":0.8754431316076283},{"rango":{"min":40,"max":49},"vacunados":222500,"personasINE":254157,"porcentaje":0.8754431316076283},{"rango":{"min":50,"max":59},"vacunados":203066,"personasINE":213256,"porcentaje":0.9522170536819597},{"rango":{"min":60,"max":69},"vacunados":145553,"personasINE":146909,"porcentaje":0.9907697962684383},{"rango":{"min":70,"max":79},"vacunados":102500,"personasINE":102899,"porcentaje":0.996122411296514},{"rango":{"min":80,"max":null},"vacunados":73686,"personasINE":73686,"porcentaje":1}]},"pautaCompleta":{"etarioTotal":{"vacunados":865254,"personasINE":1310137,"porcentaje":0.6604301687533441},"etarioRangos":[{"rango":{"min":12,"max":19},"vacunados":1817,"personasINE":141894,"porcentaje":0.28815428916446056},{"rango":{"min":20,"max":29},"vacunados":49634,"personasINE":172248,"porcentaje":0.7901218538147681},{"rango":{"min":30,"max":39},"vacunados":118554,"personasINE":209003.00000000003,"porcentaje":0.7901218538147681},{"rango":{"min":40,"max":49},"vacunados":200815,"personasINE":254157,"porcentaje":0.7901218538147681},{"rango":{"min":50,"max":59},"vacunados":189419,"personasINE":213256,"porcentaje":0.8882235435345313},{"rango":{"min":60,"max":69},"vacunados":132719,"personasINE":146909,"porcentaje":0.9034095936940555},{"rango":{"min":70,"max":79},"vacunados":99816,"personasINE":102899,"porcentaje":0.9700385815216863},{"rango":{"min":80,"max":null},"vacunados":72480,"personasINE":72480,"porcentaje":1}]}}},{"ccaa":"Navarra","dosisAdministradas":868174,"dosisEntregadas":945845,"dosisEntregadasModerna":113800,"dosisEntregadasPfizer":653595,"dosisEntregadasAstrazeneca":145700,"dosisEntregadasJanssen":32750,"dosisPrimeraDosis":487838,"dosisPautaCompletada":430420,"porcentajeEntregadas":0.9178818939678277,"porcentajePoblacionAdministradas":1.3130337856947325,"porcentajePoblacionPrimeraDosis":0.7378103651407977,"porcentajePoblacionCompletas":0.6509708906725227,"fechaUltRegistro":1629072000000,"etarios":{"unaDosis":{"etarioTotal":{"vacunados":487838,"personasINE":581354,"porcentaje":0.8391410397107443},"etarioRangos":[{"rango":{"min":12,"max":19},"vacunados":31229,"personasINE":56388.00000000001,"porcentaje":0.6938511896898439},{"rango":{"min":20,"max":29},"vacunados":47270,"personasINE":68127,"porcentaje":0.8516416362659951},{"rango":{"min":30,"max":39},"vacunados":58518,"personasINE":81341,"porcentaje":0.8516416362659951},{"rango":{"min":40,"max":49},"vacunados":91979,"personasINE":108002,"porcentaje":0.8516416362659951},{"rango":{"min":50,"max":59},"vacunados":89603,"personasINE":96694,"porcentaje":0.9266655635303122},{"rango":{"min":60,"max":69},"vacunados":71046,"personasINE":73844,"porcentaje":0.9621093115215861},{"rango":{"min":70,"max":79},"vacunados":55760,"personasINE":55792,"porcentaje":0.9994264410668197},{"rango":{"min":80,"max":null},"vacunados":42433,"personasINE":42433,"porcentaje":1}]},"pautaCompleta":{"etarioTotal":{"vacunados":430420,"personasINE":581354,"porcentaje":0.7403750554739453},"etarioRangos":[{"rango":{"min":12,"max":19},"vacunados":5904,"personasINE":56388,"porcentaje":0.44168978525401087},{"rango":{"min":20,"max":29},"vacunados":30091,"personasINE":68127,"porcentaje":0.8195588970574619},{"rango":{"min":30,"max":39},"vacunados":51451,"personasINE":81341,"porcentaje":0.8195588970574619},{"rango":{"min":40,"max":49},"vacunados":88514,"personasINE":108002,"porcentaje":0.8195588970574619},{"rango":{"min":50,"max":59},"vacunados":87784,"personasINE":96694,"porcentaje":0.9078536413841604},{"rango":{"min":60,"max":69},"vacunados":69183,"personasINE":73844,"porcentaje":0.9368804506798115},{"rango":{"min":70,"max":79},"vacunados":55545,"personasINE":55792,"porcentaje":0.9955728419845139},{"rango":{"min":80,"max":null},"vacunados":41948,"personasINE":41948,"porcentaje":1}]}}},{"ccaa":"País Vasco","dosisAdministradas":2920353,"dosisEntregadas":3128870,"dosisEntregadasModerna":339300,"dosisEntregadasPfizer":2234520,"dosisEntregadasAstrazeneca":444200,"dosisEntregadasJanssen":110850,"dosisPrimeraDosis":1628479,"dosisPautaCompletada":1462718,"porcentajeEntregadas":0.9333570905790269,"porcentajePoblacionAdministradas":1.315175743885172,"porcentajePoblacionPrimeraDosis":0.7333826014274237,"porcentajePoblacionCompletas":0.6587324319163578,"fechaUltRegistro":1629072000000,"etarios":{"unaDosis":{"etarioTotal":{"vacunados":1628479,"personasINE":1983943,"porcentaje":0.8208295298806467},"etarioRangos":[{"rango":{"min":12,"max":19},"vacunados":64075,"personasINE":168606,"porcentaje":0.5713179910089613},{"rango":{"min":20,"max":29},"vacunados":115140,"personasINE":201534,"porcentaje":0.8444328464956246},{"rango":{"min":30,"max":39},"vacunados":177554,"personasINE":260543,"porcentaje":0.8444328464956246},{"rango":{"min":40,"max":49},"vacunados":305797,"personasINE":362133,"porcentaje":0.8444328464956246},{"rango":{"min":50,"max":59},"vacunados":313960,"personasINE":339977,"porcentaje":0.9234742350217808},{"rango":{"min":60,"max":69},"vacunados":274964,"personasINE":280119,"porcentaje":0.9815971069438346},{"rango":{"min":70,"max":79},"vacunados":213175,"personasINE":213175,"porcentaje":1},{"rango":{"min":80,"max":null},"vacunados":163814,"personasINE":163814,"porcentaje":1}]},"pautaCompleta":{"etarioTotal":{"vacunados":1462718,"personasINE":1983943,"porcentaje":0.7372782383364844},"etarioRangos":[{"rango":{"min":12,"max":19},"vacunados":12475,"personasINE":168606,"porcentaje":0.25945498030109065},{"rango":{"min":20,"max":29},"vacunados":52289,"personasINE":201533.99999999997,"porcentaje":0.825917549629556},{"rango":{"min":30,"max":39},"vacunados":147422,"personasINE":260543.00000000003,"porcentaje":0.825917549629556},{"rango":{"min":40,"max":49},"vacunados":299092,"personasINE":362133,"porcentaje":0.825917549629556},{"rango":{"min":50,"max":59},"vacunados":309627,"personasINE":339977,"porcentaje":0.9107292552143234},{"rango":{"min":60,"max":69},"vacunados":268915,"personasINE":280119,"porcentaje":0.960002713132633},{"rango":{"min":70,"max":79},"vacunados":211488,"personasINE":213081,"porcentaje":0.9925239697579794},{"rango":{"min":80,"max":null},"vacunados":161410,"personasINE":157950,"porcentaje":1.0219056663501107}]}}},{"ccaa":"Ceuta","dosisAdministradas":98783,"dosisEntregadas":121020,"dosisEntregadasModerna":18400,"dosisEntregadasPfizer":80370,"dosisEntregadasAstrazeneca":18100,"dosisEntregadasJanssen":4150,"dosisPrimeraDosis":55407,"dosisPautaCompletada":49372,"porcentajeEntregadas":0.8162535118162287,"porcentajePoblacionAdministradas":1.1731669081494502,"porcentajePoblacionPrimeraDosis":0.6580247500059381,"porcentajePoblacionCompletas":0.5863518681266479,"fechaUltRegistro":1629072000000,"etarios":{"unaDosis":{"etarioTotal":{"vacunados":55407,"personasINE":70965,"porcentaje":0.7807651659268654},"etarioRangos":[{"rango":{"min":12,"max":19},"vacunados":5256,"personasINE":9126,"porcentaje":0.6918026807695815},{"rango":{"min":20,"max":29},"vacunados":7587,"personasINE":10967,"porcentaje":0.8271634235089385},{"rango":{"min":30,"max":39},"vacunados":8221,"personasINE":11894,"porcentaje":0.8271634235089385},{"rango":{"min":40,"max":49},"vacunados":10457,"personasINE":12642,"porcentaje":0.8271634235089385},{"rango":{"min":50,"max":59},"vacunados":10169,"personasINE":11556,"porcentaje":0.879975770162686},{"rango":{"min":60,"max":69},"vacunados":7477,"personasINE":7857,"porcentaje":0.9516354842815324},{"rango":{"min":70,"max":79},"vacunados":3859,"personasINE":4318,"porcentaje":0.8937007874015748},{"rango":{"min":80,"max":null},"vacunados":2381,"personasINE":2605,"porcentaje":0.9140115163147793}]},"pautaCompleta":{"etarioTotal":{"vacunados":49372,"personasINE":70965,"porcentaje":0.6957232438526034},"etarioRangos":[{"rango":{"min":12,"max":19},"vacunados":2754,"personasINE":9126,"porcentaje":0.5742682593234248},{"rango":{"min":20,"max":29},"vacunados":6298,"personasINE":10967,"porcentaje":0.7802562885619364},{"rango":{"min":30,"max":39},"vacunados":7343,"personasINE":11894,"porcentaje":0.7802562885619364},{"rango":{"min":40,"max":49},"vacunados":9864,"personasINE":12642,"porcentaje":0.7802562885619364},{"rango":{"min":50,"max":59},"vacunados":9842,"personasINE":11556,"porcentaje":0.8516787815853236},{"rango":{"min":60,"max":69},"vacunados":7113,"personasINE":7857,"porcentaje":0.905307369224895},{"rango":{"min":70,"max":79},"vacunados":3807,"personasINE":4318,"porcentaje":0.881658175081056},{"rango":{"min":80,"max":null},"vacunados":2351,"personasINE":2605,"porcentaje":0.9024952015355087}]}}},{"ccaa":"Melilla","dosisAdministradas":91429,"dosisEntregadas":121690,"dosisEntregadasModerna":19300,"dosisEntregadasPfizer":81540,"dosisEntregadasAstrazeneca":15100,"dosisEntregadasJanssen":5750,"dosisPrimeraDosis":52395,"dosisPautaCompletada":47147,"porcentajeEntregadas":0.7513271427397485,"porcentajePoblacionAdministradas":1.0499908126234554,"porcentajePoblacionPrimeraDosis":0.6017157425697092,"porcentajePoblacionCompletas":0.5414465524369516,"fechaUltRegistro":1629072000000,"etarios":{"unaDosis":{"etarioTotal":{"vacunados":52395,"personasINE":70927,"porcentaje":0.7387172726888209},"etarioRangos":[{"rango":{"min":12,"max":19},"vacunados":5628,"personasINE":9574,"porcentaje":0.6295122967903293},{"rango":{"min":20,"max":29},"vacunados":7551,"personasINE":11995,"porcentaje":0.8005332444592568},{"rango":{"min":30,"max":39},"vacunados":7953,"personasINE":12133,"porcentaje":0.8005332444592568},{"rango":{"min":40,"max":49},"vacunados":9608,"personasINE":12002,"porcentaje":0.8005332444592568},{"rango":{"min":50,"max":59},"vacunados":9385,"personasINE":11299,"porcentaje":0.8306044782724135},{"rango":{"min":60,"max":69},"vacunados":6992,"personasINE":7827,"porcentaje":0.8933180017886803},{"rango":{"min":70,"max":79},"vacunados":3282,"personasINE":3748,"porcentaje":0.875667022411953},{"rango":{"min":80,"max":null},"vacunados":1996,"personasINE":2349,"porcentaje":0.8497232865048957}]},"pautaCompleta":{"etarioTotal":{"vacunados":47147,"personasINE":70927,"porcentaje":0.6647257038927348},"etarioRangos":[{"rango":{"min":12,"max":19},"vacunados":3004,"personasINE":9574,"porcentaje":0.5373072113380575},{"rango":{"min":20,"max":29},"vacunados":6445,"personasINE":11995.000000000002,"porcentaje":0.7723712714547576},{"rango":{"min":30,"max":39},"vacunados":7340,"personasINE":12133,"porcentaje":0.7723712714547576},{"rango":{"min":40,"max":49},"vacunados":9270,"personasINE":12002,"porcentaje":0.7723712714547576},{"rango":{"min":50,"max":59},"vacunados":9144,"personasINE":11299,"porcentaje":0.8092751570935481},{"rango":{"min":60,"max":69},"vacunados":6811,"personasINE":7827,"porcentaje":0.8701929219368851},{"rango":{"min":70,"max":79},"vacunados":3195,"personasINE":3748,"porcentaje":0.8524546424759872},{"rango":{"min":80,"max":null},"vacunados":1938,"personasINE":2349,"porcentaje":0.8250319284802043}]}}},{"ccaa":"Fuerzas Armadas","dosisAdministradas":169376,"dosisEntregadas":213568,"dosisEntregadasModerna":58300,"dosisEntregadasPfizer":49368,"dosisEntregadasAstrazeneca":103900,"dosisEntregadasJanssen":2000,"dosisPrimeraDosis":91167,"dosisPautaCompletada":79392,"porcentajeEntregadas":0.7930776146239137,"porcentajePoblacionAdministradas":null,"porcentajePoblacionPrimeraDosis":null,"porcentajePoblacionCompletas":null,"fechaUltRegistro":1629072000000},{"ccaa":"Sanidad Exterior","dosisAdministradas":4624,"dosisEntregadas":6890,"dosisEntregadasModerna":4180,"dosisEntregadasPfizer":0,"dosisEntregadasAstrazeneca":0,"dosisEntregadasJanssen":2710,"dosisPrimeraDosis":3535,"dosisPautaCompletada":3013,"porcentajeEntregadas":0.6711175616835994,"porcentajePoblacionAdministradas":null,"porcentajePoblacionPrimeraDosis":null,"porcentajePoblacionCompletas":null,"fechaUltRegistro":1628812800000,"etarios":{"unaDosis":{"etarioTotal":{"vacunados":3535,"personasINE":"-","porcentaje":"-"},"etarioRangos":[{"rango":{"min":12,"max":19},"vacunados":127,"personasINE":null,"porcentaje":"-"},{"rango":{"min":20,"max":29},"vacunados":895,"personasINE":null,"porcentaje":"-"},{"rango":{"min":30,"max":39},"vacunados":976,"personasINE":null,"porcentaje":"-"},{"rango":{"min":40,"max":49},"vacunados":880,"personasINE":null,"porcentaje":"-"},{"rango":{"min":50,"max":59},"vacunados":456,"personasINE":null,"porcentaje":"-"},{"rango":{"min":60,"max":69},"vacunados":158,"personasINE":null,"porcentaje":"-"},{"rango":{"min":70,"max":79},"vacunados":22,"personasINE":null,"porcentaje":"-"},{"rango":{"min":80,"max":null},"vacunados":21,"personasINE":null,"porcentaje":"-"}]},"pautaCompleta":{"etarioTotal":{"vacunados":3013,"personasINE":"-","porcentaje":"-"},"etarioRangos":[{"rango":{"min":12,"max":19},"vacunados":61,"personasINE":null,"porcentaje":"-"},{"rango":{"min":20,"max":29},"vacunados":722,"personasINE":null,"porcentaje":"-"},{"rango":{"min":30,"max":39},"vacunados":825,"personasINE":null,"porcentaje":"-"},{"rango":{"min":40,"max":49},"vacunados":792,"personasINE":null,"porcentaje":"-"},{"rango":{"min":50,"max":59},"vacunados":434,"personasINE":null,"porcentaje":"-"},{"rango":{"min":60,"max":69},"vacunados":144,"personasINE":null,"porcentaje":"-"},{"rango":{"min":70,"max":79},"vacunados":19,"personasINE":null,"porcentaje":"-"},{"rango":{"min":80,"max":null},"vacunados":16,"personasINE":null,"porcentaje":"-"}]}}},{"ccaa":"Totales","dosisAdministradas":61723171,"dosisEntregadas":67461422,"dosisEntregadasModerna":8033280,"dosisEntregadasPfizer":46800807,"dosisEntregadasAstrazeneca":9979000,"dosisEntregadasJanssen":2648335,"dosisPrimeraDosis":34867478,"dosisPautaCompletada":29968303,"porcentajeEntregadas":0.9149402602275416,"porcentajePoblacionAdministradas":1.3149376011930123,"porcentajePoblacionPrimeraDosis":0.7428095014912655,"porcentajePoblacionCompletas":0.6384384959522795,"fechaUltRegistro":null,"etarios":{"unaDosis":{"etarioTotal":{"vacunados":34867478,"personasINE":42119827,"porcentaje":0.8278162680962579},"etarioRangos":[{"rango":{"min":12,"max":19},"vacunados":1784462,"personasINE":3888686,"porcentaje":0.6760569020191561},{"rango":{"min":20,"max":29},"vacunados":3342858,"personasINE":4944640,"porcentaje":0.8492112699650279},{"rango":{"min":30,"max":39},"vacunados":4455751,"personasINE":6230403,"porcentaje":0.8492112699650279},{"rango":{"min":40,"max":49},"vacunados":6701752,"personasINE":7891737,"porcentaje":0.8492112699650279},{"rango":{"min":50,"max":59},"vacunados":6528357,"personasINE":7033306,"porcentaje":0.9282060243077722},{"rango":{"min":60,"max":69},"vacunados":5199842,"personasINE":5336986,"porcentaje":0.9743030991649594},{"rango":{"min":70,"max":79},"vacunados":3925299,"personasINE":3960045,"porcentaje":0.9912258572819248},{"rango":{"min":80,"max":null},"vacunados":2929157,"personasINE":2929157,"porcentaje":1}]},"pautaCompleta":{"etarioTotal":{"vacunados":29968303,"personasINE":42119827,"porcentaje":0.7115010942471345},"etarioRangos":[{"rango":{"min":12,"max":19},"vacunados":320640,"personasINE":3888686,"porcentaje":0.3303288004789024},{"rango":{"min":20,"max":29},"vacunados":1633357,"personasINE":4944640,"porcentaje":0.8077651345958438},{"rango":{"min":30,"max":39},"vacunados":3554532,"personasINE":6230403,"porcentaje":0.8077651345958438},{"rango":{"min":40,"max":49},"vacunados":6374670,"personasINE":7891737,"porcentaje":0.8077651345958438},{"rango":{"min":50,"max":59},"vacunados":6302917,"personasINE":7033306,"porcentaje":0.8961528191720934},{"rango":{"min":60,"max":69},"vacunados":5003900,"personasINE":5336986,"porcentaje":0.9375891186523629},{"rango":{"min":70,"max":79},"vacunados":3889770,"personasINE":3960045,"porcentaje":0.9822539895379977},{"rango":{"min":80,"max":null},"vacunados":2888517,"personasINE":2888517,"porcentaje":1}]}}}]