[{"ccaa":"Andalucía","dosisAdministradas":9778509,"dosisEntregadas":10021560,"dosisEntregadasModerna":1011000,"dosisEntregadasPfizer":6728760,"dosisEntregadasAstrazeneca":1805800,"dosisEntregadasJanssen":476000,"dosisPrimeraDosis":5471416,"dosisPautaCompletada":4570198,"porcentajeEntregadas":0.9757471890603858,"porcentajePoblacionAdministradas":1.1552497864293216,"porcentajePoblacionPrimeraDosis":0.6464024490304169,"porcentajePoblacionCompletas":0.5399310123291509,"fechaUltRegistro":1627257600000,"etarios":{"unaDosis":{"etarioTotal":{"vacunados":5471416,"personasINE":7451975,"porcentaje":0.734223611861285},"etarioRangos":[{"rango":{"min":12,"max":19},"vacunados":16317,"personasINE":752907,"porcentaje":0.3982030253954033},{"rango":{"min":20,"max":29},"vacunados":369800,"personasINE":928672,"porcentaje":0.8392789329975727},{"rango":{"min":30,"max":39},"vacunados":766815,"personasINE":1140217,"porcentaje":0.8392789329975727},{"rango":{"min":40,"max":49},"vacunados":1162497,"personasINE":1385114,"porcentaje":0.8392789329975727},{"rango":{"min":50,"max":59},"vacunados":1168694,"personasINE":1265021,"porcentaje":0.9238534380061675},{"rango":{"min":60,"max":69},"vacunados":904913,"personasINE":916147,"porcentaje":0.9877377757063004},{"rango":{"min":70,"max":79},"vacunados":649952,"personasINE":650381,"porcentaje":0.9993403866349109},{"rango":{"min":80,"max":null},"vacunados":432428,"personasINE":432428,"porcentaje":1}]},"pautaCompleta":{"etarioTotal":{"vacunados":4570198,"personasINE":7451975,"porcentaje":0.6132868132273659},"etarioRangos":[{"rango":{"min":12,"max":19},"vacunados":5876,"personasINE":752907,"porcentaje":0.11845517039385273},{"rango":{"min":20,"max":29},"vacunados":110006,"personasINE":928672,"porcentaje":0.772216582894982},{"rango":{"min":30,"max":39},"vacunados":419492,"personasINE":1140217,"porcentaje":0.772216582894982},{"rango":{"min":40,"max":49},"vacunados":1069608,"personasINE":1385114,"porcentaje":0.772216582894982},{"rango":{"min":50,"max":59},"vacunados":1105144,"personasINE":1265021,"porcentaje":0.8736171178185975},{"rango":{"min":60,"max":69},"vacunados":790887,"personasINE":916147,"porcentaje":0.8632752167501504},{"rango":{"min":70,"max":79},"vacunados":643703,"personasINE":650381,"porcentaje":0.9897321723728092},{"rango":{"min":80,"max":null},"vacunados":425482,"personasINE":425482,"porcentaje":1}]}}},{"ccaa":"Aragón","dosisAdministradas":1567476,"dosisEntregadas":1662705,"dosisEntregadasModerna":153300,"dosisEntregadasPfizer":1166805,"dosisEntregadasAstrazeneca":285700,"dosisEntregadasJanssen":56900,"dosisPrimeraDosis":902689,"dosisPautaCompletada":752056,"porcentajeEntregadas":0.9427264607973153,"porcentajePoblacionAdministradas":1.1790932840676671,"porcentajePoblacionPrimeraDosis":0.679024455558974,"porcentajePoblacionCompletas":0.5657146768708379,"fechaUltRegistro":1627257600000,"etarios":{"unaDosis":{"etarioTotal":{"vacunados":902689,"personasINE":1185134,"porcentaje":0.7616767386641511},"etarioRangos":[{"rango":{"min":12,"max":19},"vacunados":16315,"personasINE":103109,"porcentaje":0.4542909947009609},{"rango":{"min":20,"max":29},"vacunados":59240,"personasINE":130401,"porcentaje":0.8138994989369275},{"rango":{"min":30,"max":39},"vacunados":103576,"personasINE":164286,"porcentaje":0.8138994989369275},{"rango":{"min":40,"max":49},"vacunados":174942,"personasINE":214943,"porcentaje":0.8138994989369275},{"rango":{"min":50,"max":59},"vacunados":178254,"personasINE":198266,"porcentaje":0.8990648926190068},{"rango":{"min":60,"max":69},"vacunados":150943,"personasINE":156367,"porcentaje":0.9653123740942782},{"rango":{"min":70,"max":79},"vacunados":118522,"personasINE":118955,"porcentaje":0.9963599680551469},{"rango":{"min":80,"max":null},"vacunados":100897,"personasINE":100897,"porcentaje":1}]},"pautaCompleta":{"etarioTotal":{"vacunados":752056,"personasINE":1185134,"porcentaje":0.6345746556929427},"etarioRangos":[{"rango":{"min":12,"max":19},"vacunados":6508,"personasINE":103109,"porcentaje":0.21492933336400794},{"rango":{"min":20,"max":29},"vacunados":28027,"personasINE":130401,"porcentaje":0.7549489864754843},{"rango":{"min":30,"max":39},"vacunados":44342,"personasINE":164286,"porcentaje":0.7549489864754843},{"rango":{"min":40,"max":49},"vacunados":162271,"personasINE":214942.99999999997,"porcentaje":0.7549489864754843},{"rango":{"min":50,"max":59},"vacunados":173085,"personasINE":198266,"porcentaje":0.8729938567379177},{"rango":{"min":60,"max":69},"vacunados":121161,"personasINE":156367,"porcentaje":0.7748501921760985},{"rango":{"min":70,"max":79},"vacunados":117464,"personasINE":118955,"porcentaje":0.9874658484300786},{"rango":{"min":80,"max":null},"vacunados":99198,"personasINE":99198,"porcentaje":1}]}}},{"ccaa":"Asturias","dosisAdministradas":1368995,"dosisEntregadas":1382735,"dosisEntregadasModerna":126400,"dosisEntregadasPfizer":976685,"dosisEntregadasAstrazeneca":235900,"dosisEntregadasJanssen":43750,"dosisPrimeraDosis":744123,"dosisPautaCompletada":671149,"porcentajeEntregadas":0.9900631719020636,"porcentajePoblacionAdministradas":1.3437539262493325,"porcentajePoblacionPrimeraDosis":0.7304031080189717,"porcentajePoblacionCompletas":0.6587745783208216,"fechaUltRegistro":1627257600000,"etarios":{"unaDosis":{"etarioTotal":{"vacunados":744123,"personasINE":933927,"porcentaje":0.7967678415978979},"etarioRangos":[{"rango":{"min":12,"max":19},"vacunados":3272,"personasINE":64000.00000000001,"porcentaje":0.37473929036417186},{"rango":{"min":20,"max":29},"vacunados":29646,"personasINE":79111,"porcentaje":0.843197020234381},{"rango":{"min":30,"max":39},"vacunados":75442,"personasINE":114451,"porcentaje":0.843197020234381},{"rango":{"min":40,"max":49},"vacunados":140808,"personasINE":166993,"porcentaje":0.843197020234381},{"rango":{"min":50,"max":59},"vacunados":147717,"personasINE":162645,"porcentaje":0.9082172830397491},{"rango":{"min":60,"max":69},"vacunados":144830,"personasINE":149652,"porcentaje":0.9677785796380937},{"rango":{"min":70,"max":79},"vacunados":113795,"personasINE":113795,"porcentaje":1},{"rango":{"min":80,"max":null},"vacunados":88613,"personasINE":88613,"porcentaje":1}]},"pautaCompleta":{"etarioTotal":{"vacunados":671149,"personasINE":933927,"porcentaje":0.7186311135666921},"etarioRangos":[{"rango":{"min":12,"max":19},"vacunados":598,"personasINE":64000,"porcentaje":0.13115748758074097},{"rango":{"min":20,"max":29},"vacunados":10376,"personasINE":79111,"porcentaje":0.7957279646452247},{"rango":{"min":30,"max":39},"vacunados":45345,"personasINE":114451,"porcentaje":0.7957279646452247},{"rango":{"min":40,"max":49},"vacunados":132881,"personasINE":166993,"porcentaje":0.7957279646452247},{"rango":{"min":50,"max":59},"vacunados":144775,"personasINE":162645,"porcentaje":0.8901288081404285},{"rango":{"min":60,"max":69},"vacunados":136894,"personasINE":149652,"porcentaje":0.914748884077727},{"rango":{"min":70,"max":79},"vacunados":112758,"personasINE":112758,"porcentaje":1},{"rango":{"min":80,"max":null},"vacunados":87522,"personasINE":87826,"porcentaje":0.9965386104342677}]}}},{"ccaa":"Baleares","dosisAdministradas":1272589,"dosisEntregadas":1368210,"dosisEntregadasModerna":155000,"dosisEntregadasPfizer":901260,"dosisEntregadasAstrazeneca":256400,"dosisEntregadasJanssen":55550,"dosisPrimeraDosis":731066,"dosisPautaCompletada":612332,"porcentajeEntregadas":0.9301123365565227,"porcentajePoblacionAdministradas":1.086250355300659,"porcentajePoblacionPrimeraDosis":0.6240197756292343,"porcentajePoblacionCompletas":0.5226713829539334,"fechaUltRegistro":1627257600000,"etarios":{"unaDosis":{"etarioTotal":{"vacunados":731066,"personasINE":1034867,"porcentaje":0.7064347399231012},"etarioRangos":[{"rango":{"min":12,"max":19},"vacunados":29816,"personasINE":95480,"porcentaje":0.5215235388786591},{"rango":{"min":20,"max":29},"vacunados":71940,"personasINE":137942,"porcentaje":0.7354441922278486},{"rango":{"min":30,"max":39},"vacunados":101868,"personasINE":182187.00000000003,"porcentaje":0.7354441922278486},{"rango":{"min":40,"max":49},"vacunados":151628,"personasINE":206172,"porcentaje":0.7354441922278486},{"rango":{"min":50,"max":59},"vacunados":141465,"personasINE":165797,"porcentaje":0.8532422178929655},{"rango":{"min":60,"max":69},"vacunados":105277,"personasINE":117231,"porcentaje":0.8980303844546238},{"rango":{"min":70,"max":79},"vacunados":78110,"personasINE":80516,"porcentaje":0.9701177405733022},{"rango":{"min":80,"max":null},"vacunados":50962,"personasINE":50962,"porcentaje":1}]},"pautaCompleta":{"etarioTotal":{"vacunados":612332,"personasINE":1034867,"porcentaje":0.591701155800697},"etarioRangos":[{"rango":{"min":12,"max":19},"vacunados":7620,"personasINE":95479.99999999999,"porcentaje":0.21630830348987257},{"rango":{"min":20,"max":29},"vacunados":29838,"personasINE":137942,"porcentaje":0.6972333779562695},{"rango":{"min":30,"max":39},"vacunados":71809,"personasINE":182187,"porcentaje":0.6972333779562695},{"rango":{"min":40,"max":49},"vacunados":143750,"personasINE":206172,"porcentaje":0.6972333779562695},{"rango":{"min":50,"max":59},"vacunados":138035,"personasINE":165797,"porcentaje":0.832554268171318},{"rango":{"min":60,"max":69},"vacunados":93503,"personasINE":117231,"porcentaje":0.7975961989576136},{"rango":{"min":70,"max":79},"vacunados":77527,"personasINE":80516,"porcentaje":0.9628769437130508},{"rango":{"min":80,"max":null},"vacunados":50250,"personasINE":50250,"porcentaje":1}]}}},{"ccaa":"Canarias","dosisAdministradas":2417751,"dosisEntregadas":2598750,"dosisEntregadasModerna":284700,"dosisEntregadasPfizer":1689450,"dosisEntregadasAstrazeneca":503700,"dosisEntregadasJanssen":120900,"dosisPrimeraDosis":1406411,"dosisPautaCompletada":1140650,"porcentajeEntregadas":0.9303515151515152,"porcentajePoblacionAdministradas":1.1111233152201887,"porcentajePoblacionPrimeraDosis":0.6463428421215174,"porcentajePoblacionCompletas":0.5242073354559291,"fechaUltRegistro":1627257600000,"etarios":{"unaDosis":{"etarioTotal":{"vacunados":1406411,"personasINE":1960774,"porcentaje":0.7172733828579938},"etarioRangos":[{"rango":{"min":12,"max":19},"vacunados":27490,"personasINE":179797,"porcentaje":0.5394481783370673},{"rango":{"min":20,"max":29},"vacunados":135805,"personasINE":251747.99999999997,"porcentaje":0.7521035048102206},{"rango":{"min":30,"max":39},"vacunados":186547,"personasINE":310934,"porcentaje":0.7521035048102206},{"rango":{"min":40,"max":49},"vacunados":291759,"personasINE":387924,"porcentaje":0.7521035048102206},{"rango":{"min":50,"max":59},"vacunados":307229,"personasINE":350512,"porcentaje":0.8765149267357466},{"rango":{"min":60,"max":69},"vacunados":216397,"personasINE":235092,"porcentaje":0.9204779405509332},{"rango":{"min":70,"max":79},"vacunados":149167,"personasINE":154531,"porcentaje":0.9652885181614045},{"rango":{"min":80,"max":null},"vacunados":92017,"personasINE":92017,"porcentaje":1}]},"pautaCompleta":{"etarioTotal":{"vacunados":1140650,"personasINE":1960774,"porcentaje":0.5817345599237852},"etarioRangos":[{"rango":{"min":12,"max":19},"vacunados":3203,"personasINE":179797,"porcentaje":0.1631234409012187},{"rango":{"min":20,"max":29},"vacunados":41066,"personasINE":251747.99999999997,"porcentaje":0.6723739701591034},{"rango":{"min":30,"max":39},"vacunados":113554,"personasINE":310934,"porcentaje":0.6723739701591034},{"rango":{"min":40,"max":49},"vacunados":260830,"personasINE":387923.99999999994,"porcentaje":0.6723739701591034},{"rango":{"min":50,"max":59},"vacunados":295273,"personasINE":350512,"porcentaje":0.8424048249417995},{"rango":{"min":60,"max":69},"vacunados":189239,"personasINE":235092,"porcentaje":0.8049572082418798},{"rango":{"min":70,"max":79},"vacunados":147174,"personasINE":154531,"porcentaje":0.9523914295513521},{"rango":{"min":80,"max":null},"vacunados":90311,"personasINE":90311,"porcentaje":1}]}}},{"ccaa":"Cantabria","dosisAdministradas":690610,"dosisEntregadas":736815,"dosisEntregadasModerna":67300,"dosisEntregadasPfizer":514365,"dosisEntregadasAstrazeneca":130200,"dosisEntregadasJanssen":24950,"dosisPrimeraDosis":382466,"dosisPautaCompletada":328759,"porcentajeEntregadas":0.937290907486954,"porcentajePoblacionAdministradas":1.1847728188984483,"porcentajePoblacionPrimeraDosis":0.6561377926077148,"porcentajePoblacionCompletas":0.5640009950163406,"fechaUltRegistro":1627257600000,"etarios":{"unaDosis":{"etarioTotal":{"vacunados":382466,"personasINE":524127,"porcentaje":0.7297200869254971},"etarioRangos":[{"rango":{"min":12,"max":19},"vacunados":547,"personasINE":43963,"porcentaje":0.1266013266013266},{"rango":{"min":20,"max":29},"vacunados":6394,"personasINE":50504.99999999999,"porcentaje":0.8290460166310385},{"rango":{"min":30,"max":39},"vacunados":39668,"personasINE":70473,"porcentaje":0.8290460166310385},{"rango":{"min":40,"max":49},"vacunados":81055,"personasINE":97769,"porcentaje":0.8290460166310385},{"rango":{"min":50,"max":59},"vacunados":81494,"personasINE":89964,"porcentaje":0.9058512293806411},{"rango":{"min":60,"max":69},"vacunados":75203,"personasINE":77345,"porcentaje":0.9723059021268343},{"rango":{"min":70,"max":79},"vacunados":55829,"personasINE":55829,"porcentaje":1},{"rango":{"min":80,"max":null},"vacunados":42276,"personasINE":42276,"porcentaje":1}]},"pautaCompleta":{"etarioTotal":{"vacunados":328759,"personasINE":524127,"porcentaje":0.6272506472667884},"etarioRangos":[{"rango":{"min":12,"max":19},"vacunados":194,"personasINE":43963,"porcentaje":0.10410850410850411},{"rango":{"min":20,"max":29},"vacunados":5258,"personasINE":50505,"porcentaje":0.7029733351062197},{"rango":{"min":30,"max":39},"vacunados":10065,"personasINE":70473,"porcentaje":0.7029733351062197},{"rango":{"min":40,"max":49},"vacunados":68729,"personasINE":97769,"porcentaje":0.7029733351062197},{"rango":{"min":50,"max":59},"vacunados":77080,"personasINE":89964,"porcentaje":0.8567871593081677},{"rango":{"min":60,"max":69},"vacunados":70270,"personasINE":77345,"porcentaje":0.9085267308811171},{"rango":{"min":70,"max":79},"vacunados":55402,"personasINE":55402,"porcentaje":1},{"rango":{"min":80,"max":null},"vacunados":41761,"personasINE":41761,"porcentaje":1}]}}},{"ccaa":"Castilla y Leon","dosisAdministradas":2975385,"dosisEntregadas":3210485,"dosisEntregadasModerna":305000,"dosisEntregadasPfizer":2288235,"dosisEntregadasAstrazeneca":514400,"dosisEntregadasJanssen":102850,"dosisPrimeraDosis":1659299,"dosisPautaCompletada":1459069,"porcentajeEntregadas":0.9267711887767736,"porcentajePoblacionAdministradas":1.242374477957074,"porcentajePoblacionPrimeraDosis":0.6928416755813769,"porcentajePoblacionCompletas":0.6092354727802789,"fechaUltRegistro":1627257600000,"etarios":{"unaDosis":{"etarioTotal":{"vacunados":1659299,"personasINE":2176253,"porcentaje":0.7624568466993498},"etarioRangos":[{"rango":{"min":12,"max":19},"vacunados":1710,"personasINE":165342,"porcentaje":0.23484166327023875},{"rango":{"min":20,"max":29},"vacunados":49553,"personasINE":211006,"porcentaje":0.8423088038975517},{"rango":{"min":30,"max":39},"vacunados":168180,"personasINE":267783,"porcentaje":0.8423088038975517},{"rango":{"min":40,"max":49},"vacunados":306015,"personasINE":363305,"porcentaje":0.8423088038975517},{"rango":{"min":50,"max":59},"vacunados":342127,"personasINE":381175,"porcentaje":0.8975588640388273},{"rango":{"min":60,"max":69},"vacunados":313609,"personasINE":318575,"porcentaje":0.9844118339480499},{"rango":{"min":70,"max":79},"vacunados":249350,"personasINE":249350,"porcentaje":1},{"rango":{"min":80,"max":null},"vacunados":228755,"personasINE":228755,"porcentaje":1}]},"pautaCompleta":{"etarioTotal":{"vacunados":1459069,"personasINE":2176253,"porcentaje":0.6704500809418757},"etarioRangos":[{"rango":{"min":12,"max":19},"vacunados":1158,"personasINE":165342,"porcentaje":0.12293963204837777},{"rango":{"min":20,"max":29},"vacunados":25941,"personasINE":211006,"porcentaje":0.7447076148139993},{"rango":{"min":30,"max":39},"vacunados":54943,"personasINE":267783,"porcentaje":0.7447076148139993},{"rango":{"min":40,"max":49},"vacunados":270556,"personasINE":363305,"porcentaje":0.7447076148139993},{"rango":{"min":50,"max":59},"vacunados":334139,"personasINE":381175,"porcentaje":0.876602610349577},{"rango":{"min":60,"max":69},"vacunados":299052,"personasINE":318575,"porcentaje":0.9387177273797379},{"rango":{"min":70,"max":79},"vacunados":247473,"personasINE":247473,"porcentaje":1},{"rango":{"min":80,"max":null},"vacunados":225807,"personasINE":225807,"porcentaje":1}]}}},{"ccaa":"Castilla La Mancha","dosisAdministradas":2359949,"dosisEntregadas":2508250,"dosisEntregadasModerna":240500,"dosisEntregadasPfizer":1717425,"dosisEntregadasAstrazeneca":460900,"dosisEntregadasJanssen":89425,"dosisPrimeraDosis":1348584,"dosisPautaCompletada":1084702,"porcentajeEntregadas":0.9408747134456295,"porcentajePoblacionAdministradas":1.1538845924230192,"porcentajePoblacionPrimeraDosis":0.6593830202212866,"porcentajePoblacionCompletas":0.5303593108030868,"fechaUltRegistro":1627257600000},{"ccaa":"Cataluña","dosisAdministradas":8734684,"dosisEntregadas":9324070,"dosisEntregadasModerna":895800,"dosisEntregadasPfizer":6336170,"dosisEntregadasAstrazeneca":1698100,"dosisEntregadasJanssen":394000,"dosisPrimeraDosis":4906975,"dosisPautaCompletada":4284275,"porcentajeEntregadas":0.9367887628471258,"porcentajePoblacionAdministradas":1.1226409068130638,"porcentajePoblacionPrimeraDosis":0.6306777513312484,"porcentajePoblacionCompletas":0.5506441184405227,"fechaUltRegistro":1627257600000,"etarios":{"unaDosis":{"etarioTotal":{"vacunados":4906975,"personasINE":6868360,"porcentaje":0.7144318294323536},"etarioRangos":[{"rango":{"min":12,"max":19},"vacunados":112336,"personasINE":656166,"porcentaje":0.4568327701192583},{"rango":{"min":20,"max":29},"vacunados":383253,"personasINE":838935,"porcentaje":0.77800881712999},{"rango":{"min":30,"max":39},"vacunados":573055,"personasINE":1044651.9999999999,"porcentaje":0.77800881712999},{"rango":{"min":40,"max":49},"vacunados":1024447,"personasINE":1316755,"porcentaje":0.77800881712999},{"rango":{"min":50,"max":59},"vacunados":968729,"personasINE":1091780,"porcentaje":0.8872932275733206},{"rango":{"min":60,"max":69},"vacunados":774981,"personasINE":837584,"porcentaje":0.9252576458003018},{"rango":{"min":70,"max":79},"vacunados":613480,"personasINE":635292,"porcentaje":0.9656661818502358},{"rango":{"min":80,"max":null},"vacunados":456694,"personasINE":456694,"porcentaje":1}]},"pautaCompleta":{"etarioTotal":{"vacunados":4284275,"personasINE":6868360,"porcentaje":0.6237697208649517},"etarioRangos":[{"rango":{"min":12,"max":19},"vacunados":25675,"personasINE":656166,"porcentaje":0.19241061584032135},{"rango":{"min":20,"max":29},"vacunados":161420,"personasINE":838935,"porcentaje":0.7407520761265384},{"rango":{"min":30,"max":39},"vacunados":416724,"personasINE":1044652,"porcentaje":0.7407520761265384},{"rango":{"min":40,"max":49},"vacunados":975389,"personasINE":1316755,"porcentaje":0.7407520761265384},{"rango":{"min":50,"max":59},"vacunados":909894,"personasINE":1091780,"porcentaje":0.8334041656744032},{"rango":{"min":60,"max":69},"vacunados":740877,"personasINE":837584,"porcentaje":0.8845405356358288},{"rango":{"min":70,"max":79},"vacunados":605329,"personasINE":635292,"porcentaje":0.9528358613047229},{"rango":{"min":80,"max":null},"vacunados":448967,"personasINE":448967,"porcentaje":1}]}}},{"ccaa":"C. Valenciana","dosisAdministradas":5516303,"dosisEntregadas":5938440,"dosisEntregadasModerna":573000,"dosisEntregadasPfizer":4048390,"dosisEntregadasAstrazeneca":1009800,"dosisEntregadasJanssen":307250,"dosisPrimeraDosis":3120679,"dosisPautaCompletada":2595918,"porcentajeEntregadas":0.9289144960629391,"porcentajePoblacionAdministradas":1.0907490539023081,"porcentajePoblacionPrimeraDosis":0.6170577770624277,"porcentajePoblacionCompletas":0.5132957893190371,"fechaUltRegistro":1627257600000,"etarios":{"unaDosis":{"etarioTotal":{"vacunados":3120679,"personasINE":4488459,"porcentaje":0.6952673512223237},"etarioRangos":[{"rango":{"min":12,"max":19},"vacunados":4181,"personasINE":424531,"porcentaje":0.1387083774117173},{"rango":{"min":20,"max":29},"vacunados":71591,"personasINE":516126,"porcentaje":0.8370362193924762},{"rango":{"min":30,"max":39},"vacunados":354869,"personasINE":648759,"porcentaje":0.8370362193924762},{"rango":{"min":40,"max":49},"vacunados":712810,"personasINE":851588,"porcentaje":0.8370362193924762},{"rango":{"min":50,"max":59},"vacunados":698157,"personasINE":752334,"porcentaje":0.927988101029596},{"rango":{"min":60,"max":69},"vacunados":552138,"personasINE":580728,"porcentaje":0.9507686903335124},{"rango":{"min":70,"max":79},"vacunados":431317,"personasINE":437862,"porcentaje":0.9850523680977111},{"rango":{"min":80,"max":null},"vacunados":295616,"personasINE":295616,"porcentaje":1}]},"pautaCompleta":{"etarioTotal":{"vacunados":2595918,"personasINE":4488459,"porcentaje":0.5783539517683017},"etarioRangos":[{"rango":{"min":12,"max":19},"vacunados":2388,"personasINE":424531,"porcentaje":0.1003999023494263},{"rango":{"min":20,"max":29},"vacunados":51819,"personasINE":516126,"porcentaje":0.6825777253789391},{"rango":{"min":30,"max":39},"vacunados":80835,"personasINE":648759,"porcentaje":0.6825777253789391},{"rango":{"min":40,"max":49},"vacunados":581275,"personasINE":851588,"porcentaje":0.6825777253789391},{"rango":{"min":50,"max":59},"vacunados":655476,"personasINE":752334,"porcentaje":0.8712566493073555},{"rango":{"min":60,"max":69},"vacunados":505010,"personasINE":580728,"porcentaje":0.8696153793169952},{"rango":{"min":70,"max":79},"vacunados":427689,"personasINE":437862,"porcentaje":0.9767666525069543},{"rango":{"min":80,"max":null},"vacunados":291426,"personasINE":291426,"porcentaje":1}]}}},{"ccaa":"Extremadura","dosisAdministradas":1322260,"dosisEntregadas":1333285,"dosisEntregadasModerna":121900,"dosisEntregadasPfizer":937835,"dosisEntregadasAstrazeneca":228000,"dosisEntregadasJanssen":45550,"dosisPrimeraDosis":738270,"dosisPautaCompletada":647608,"porcentajeEntregadas":0.9917309502469465,"porcentajePoblacionAdministradas":1.2427407477722943,"porcentajePoblacionPrimeraDosis":0.6938712597052408,"porcentajePoblacionCompletas":0.6086615719928908,"fechaUltRegistro":1627257600000,"etarios":{"unaDosis":{"etarioTotal":{"vacunados":738270,"personasINE":953437,"porcentaje":0.7743248898458944},"etarioRangos":[{"rango":{"min":12,"max":19},"vacunados":1850,"personasINE":84750,"porcentaje":0.32019943522767386},{"rango":{"min":20,"max":29},"vacunados":36285,"personasINE":113320,"porcentaje":0.8866540434122914},{"rango":{"min":30,"max":39},"vacunados":96272,"personasINE":133479,"porcentaje":0.8866540434122914},{"rango":{"min":40,"max":49},"vacunados":141416,"personasINE":159494,"porcentaje":0.8866540434122914},{"rango":{"min":50,"max":59},"vacunados":157970,"personasINE":169216,"porcentaje":0.9335405635400907},{"rango":{"min":60,"max":69},"vacunados":130839,"personasINE":130839,"porcentaje":1},{"rango":{"min":70,"max":79},"vacunados":95575,"personasINE":95575,"porcentaje":1},{"rango":{"min":80,"max":null},"vacunados":78063,"personasINE":78063,"porcentaje":1}]},"pautaCompleta":{"etarioTotal":{"vacunados":647608,"personasINE":953437,"porcentaje":0.6792352300151977},"etarioRangos":[{"rango":{"min":12,"max":19},"vacunados":526,"personasINE":84750,"porcentaje":0.10443875750088245},{"rango":{"min":20,"max":29},"vacunados":11835,"personasINE":113320,"porcentaje":0.837360653065319},{"rango":{"min":30,"max":39},"vacunados":52223,"personasINE":133479,"porcentaje":0.837360653065319},{"rango":{"min":40,"max":49},"vacunados":133554,"personasINE":159494,"porcentaje":0.837360653065319},{"rango":{"min":50,"max":59},"vacunados":155296,"personasINE":169216,"porcentaje":0.9177382753403933},{"rango":{"min":60,"max":69},"vacunados":122520,"personasINE":125297,"porcentaje":0.9778366600956129},{"rango":{"min":70,"max":79},"vacunados":94738,"personasINE":94738,"porcentaje":1},{"rango":{"min":80,"max":null},"vacunados":76916,"personasINE":76916,"porcentaje":1}]}}},{"ccaa":"Galicia","dosisAdministradas":3409327,"dosisEntregadas":3527015,"dosisEntregadasModerna":323400,"dosisEntregadasPfizer":2492215,"dosisEntregadasAstrazeneca":595400,"dosisEntregadasJanssen":116000,"dosisPrimeraDosis":1862603,"dosisPautaCompletada":1692901,"porcentajeEntregadas":0.9666324072905842,"porcentajePoblacionAdministradas":1.2618635815352546,"porcentajePoblacionPrimeraDosis":0.6893885193641766,"porcentajePoblacionCompletas":0.6265782422878808,"fechaUltRegistro":1627257600000,"etarios":{"unaDosis":{"etarioTotal":{"vacunados":1862603,"personasINE":2454497,"porcentaje":0.7588532395843222},"etarioRangos":[{"rango":{"min":12,"max":19},"vacunados":1044,"personasINE":180007,"porcentaje":0.10519912893268278},{"rango":{"min":20,"max":29},"vacunados":24299,"personasINE":230981,"porcentaje":0.871639656063228},{"rango":{"min":30,"max":39},"vacunados":201370,"personasINE":323408,"porcentaje":0.871639656063228},{"rango":{"min":40,"max":49},"vacunados":386329,"personasINE":443221,"porcentaje":0.871639656063228},{"rango":{"min":50,"max":59},"vacunados":380586,"personasINE":405889,"porcentaje":0.9376602962879014},{"rango":{"min":60,"max":69},"vacunados":338062,"personasINE":346927,"porcentaje":0.9744470738800958},{"rango":{"min":70,"max":79},"vacunados":289632,"personasINE":289762,"porcentaje":0.9995513559403925},{"rango":{"min":80,"max":null},"vacunados":241281,"personasINE":241281,"porcentaje":1}]},"pautaCompleta":{"etarioTotal":{"vacunados":1692901,"personasINE":2454497,"porcentaje":0.6897140228731182},"etarioRangos":[{"rango":{"min":12,"max":19},"vacunados":433,"personasINE":180007,"porcentaje":0.08830163519943199},{"rango":{"min":20,"max":29},"vacunados":20396,"personasINE":230981,"porcentaje":0.8321920667116405},{"rango":{"min":30,"max":39},"vacunados":72907,"personasINE":323408,"porcentaje":0.8321920667116405},{"rango":{"min":40,"max":49},"vacunados":368845,"personasINE":443221,"porcentaje":0.8321920667116405},{"rango":{"min":50,"max":59},"vacunados":374000,"personasINE":405889,"porcentaje":0.9214341852082713},{"rango":{"min":60,"max":69},"vacunados":328648,"personasINE":346927,"porcentaje":0.9473116822847458},{"rango":{"min":70,"max":79},"vacunados":288244,"personasINE":289762,"porcentaje":0.9947612178270443},{"rango":{"min":80,"max":null},"vacunados":239428,"personasINE":239428,"porcentaje":1}]}}},{"ccaa":"La Rioja","dosisAdministradas":357247,"dosisEntregadas":389205,"dosisEntregadasModerna":36300,"dosisEntregadasPfizer":277355,"dosisEntregadasAstrazeneca":61400,"dosisEntregadasJanssen":14150,"dosisPrimeraDosis":208053,"dosisPautaCompletada":172592,"porcentajeEntregadas":0.9178890302025925,"porcentajePoblacionAdministradas":1.116696987315341,"porcentajePoblacionPrimeraDosis":0.6503404039835706,"porcentajePoblacionCompletas":0.5394949892783686,"fechaUltRegistro":1627257600000,"etarios":{"unaDosis":{"etarioTotal":{"vacunados":208053,"personasINE":283970,"porcentaje":0.7326583794062753},"etarioRangos":[{"rango":{"min":12,"max":19},"vacunados":440,"personasINE":25531.999999999996,"porcentaje":0.21642918116750937},{"rango":{"min":20,"max":29},"vacunados":6592,"personasINE":30458,"porcentaje":0.8336638525317771},{"rango":{"min":30,"max":39},"vacunados":24483,"personasINE":39319,"porcentaje":0.8336638525317771},{"rango":{"min":40,"max":49},"vacunados":44140,"personasINE":52947,"porcentaje":0.8336638525317771},{"rango":{"min":50,"max":59},"vacunados":43482,"personasINE":47664,"porcentaje":0.9122608257804632},{"rango":{"min":60,"max":69},"vacunados":37016,"personasINE":37718,"porcentaje":0.9813881966169998},{"rango":{"min":70,"max":79},"vacunados":28563,"personasINE":28563,"porcentaje":1},{"rango":{"min":80,"max":null},"vacunados":23337,"personasINE":23337,"porcentaje":1}]},"pautaCompleta":{"etarioTotal":{"vacunados":172592,"personasINE":283970,"porcentaje":0.6077825122372081},"etarioRangos":[{"rango":{"min":12,"max":19},"vacunados":192,"personasINE":25532,"porcentaje":0.12830783373826252},{"rango":{"min":20,"max":29},"vacunados":3908,"personasINE":30458.000000000004,"porcentaje":0.6181086747124483},{"rango":{"min":30,"max":39},"vacunados":7185,"personasINE":39319,"porcentaje":0.6181086747124483},{"rango":{"min":40,"max":49},"vacunados":32727,"personasINE":52946.99999999999,"porcentaje":0.6181086747124483},{"rango":{"min":50,"max":59},"vacunados":42115,"personasINE":47664,"porcentaje":0.8835808996307486},{"rango":{"min":60,"max":69},"vacunados":34998,"personasINE":37718,"porcentaje":0.9278858900259823},{"rango":{"min":70,"max":79},"vacunados":28399,"personasINE":28399,"porcentaje":1},{"rango":{"min":80,"max":null},"vacunados":23068,"personasINE":23068,"porcentaje":1}]}}},{"ccaa":"Madrid","dosisAdministradas":7467470,"dosisEntregadas":7901145,"dosisEntregadasModerna":825900,"dosisEntregadasPfizer":5424045,"dosisEntregadasAstrazeneca":1309400,"dosisEntregadasJanssen":341800,"dosisPrimeraDosis":4479217,"dosisPautaCompletada":3532098,"porcentajeEntregadas":0.9451123856099337,"porcentajePoblacionAdministradas":1.1014149496274865,"porcentajePoblacionPrimeraDosis":0.6606623885232322,"porcentajePoblacionCompletas":0.520967013024404,"fechaUltRegistro":1627257600000,"etarios":{"unaDosis":{"etarioTotal":{"vacunados":4479217,"personasINE":5977937,"porcentaje":0.7492914361593306},"etarioRangos":[{"rango":{"min":12,"max":19},"vacunados":75181,"personasINE":553542,"porcentaje":0.5215354052324994},{"rango":{"min":20,"max":29},"vacunados":387227,"personasINE":742475,"porcentaje":0.8190701140937467},{"rango":{"min":30,"max":39},"vacunados":594438,"personasINE":949640,"porcentaje":0.8190701140937467},{"rango":{"min":40,"max":49},"vacunados":955012,"personasINE":1165971,"porcentaje":0.8190701140937467},{"rango":{"min":50,"max":59},"vacunados":910941,"personasINE":972783,"porcentaje":0.9364277541856714},{"rango":{"min":60,"max":69},"vacunados":676047,"personasINE":703323,"porcentaje":0.9612183875687274},{"rango":{"min":70,"max":79},"vacunados":507906,"personasINE":526081,"porcentaje":0.9654520881765356},{"rango":{"min":80,"max":null},"vacunados":372465,"personasINE":372465,"porcentaje":1}]},"pautaCompleta":{"etarioTotal":{"vacunados":3532098,"personasINE":5977937,"porcentaje":0.5908556747921565},"etarioRangos":[{"rango":{"min":12,"max":19},"vacunados":13364,"personasINE":553542,"porcentaje":0.17912791676487425},{"rango":{"min":20,"max":29},"vacunados":132998,"personasINE":742475,"porcentaje":0.6492134023916547},{"rango":{"min":30,"max":39},"vacunados":226931,"personasINE":949640,"porcentaje":0.6492134023916547},{"rango":{"min":40,"max":49},"vacunados":756964,"personasINE":1165971,"porcentaje":0.6492134023916547},{"rango":{"min":50,"max":59},"vacunados":882341,"personasINE":972783,"porcentaje":0.9070275693551388},{"rango":{"min":60,"max":69},"vacunados":646645,"personasINE":703323,"porcentaje":0.9194139819115826},{"rango":{"min":70,"max":79},"vacunados":504276,"personasINE":526081,"porcentaje":0.9585520100516841},{"rango":{"min":80,"max":null},"vacunados":368579,"personasINE":368579,"porcentaje":1}]}}},{"ccaa":"Murcia","dosisAdministradas":1636594,"dosisEntregadas":1734145,"dosisEntregadasModerna":185000,"dosisEntregadasPfizer":1201145,"dosisEntregadasAstrazeneca":259900,"dosisEntregadasJanssen":88100,"dosisPrimeraDosis":942023,"dosisPautaCompletada":756548,"porcentajeEntregadas":0.9437469185102745,"porcentajePoblacionAdministradas":1.0829398954905571,"porcentajePoblacionPrimeraDosis":0.6233398687577378,"porcentajePoblacionCompletas":0.50061042143231,"fechaUltRegistro":1627257600000,"etarios":{"unaDosis":{"etarioTotal":{"vacunados":942023,"personasINE":1310137,"porcentaje":0.7190263308341036},"etarioRangos":[{"rango":{"min":12,"max":19},"vacunados":1855,"personasINE":141894,"porcentaje":0.4349774743393247},{"rango":{"min":20,"max":29},"vacunados":74924,"personasINE":172248,"porcentaje":0.8429238620222933},{"rango":{"min":30,"max":39},"vacunados":133750,"personasINE":209003,"porcentaje":0.8429238620222933},{"rango":{"min":40,"max":49},"vacunados":214235,"personasINE":254157,"porcentaje":0.8429238620222933},{"rango":{"min":50,"max":59},"vacunados":199110,"personasINE":213256,"porcentaje":0.9336665791349364},{"rango":{"min":60,"max":69},"vacunados":142482,"personasINE":146909,"porcentaje":0.9698656991743188},{"rango":{"min":70,"max":79},"vacunados":102121,"personasINE":102899,"porcentaje":0.9924391879415738},{"rango":{"min":80,"max":null},"vacunados":73546,"personasINE":73546,"porcentaje":1}]},"pautaCompleta":{"etarioTotal":{"vacunados":756548,"personasINE":1310137,"porcentaje":0.5774571666932542},"etarioRangos":[{"rango":{"min":12,"max":19},"vacunados":1504,"personasINE":141894,"porcentaje":0.13042821977613672},{"rango":{"min":20,"max":29},"vacunados":22466,"personasINE":172248,"porcentaje":0.7493793206561299},{"rango":{"min":30,"max":39},"vacunados":60761,"personasINE":209003,"porcentaje":0.7493793206561299},{"rango":{"min":40,"max":49},"vacunados":190460,"personasINE":254157,"porcentaje":0.7493793206561299},{"rango":{"min":50,"max":59},"vacunados":186212,"personasINE":213256,"porcentaje":0.8731852796638782},{"rango":{"min":60,"max":69},"vacunados":123596,"personasINE":146909,"porcentaje":0.8413099265531724},{"rango":{"min":70,"max":79},"vacunados":99205,"personasINE":102899,"porcentaje":0.9641007201236164},{"rango":{"min":80,"max":null},"vacunados":72344,"personasINE":72344,"porcentaje":1}]}}},{"ccaa":"Navarra","dosisAdministradas":768787,"dosisEntregadas":806435,"dosisEntregadasModerna":81200,"dosisEntregadasPfizer":550635,"dosisEntregadasAstrazeneca":145700,"dosisEntregadasJanssen":28900,"dosisPrimeraDosis":435594,"dosisPautaCompletada":376247,"porcentajeEntregadas":0.953315518299677,"porcentajePoblacionAdministradas":1.1627200365397907,"porcentajePoblacionPrimeraDosis":0.6587960925412547,"porcentajePoblacionCompletas":0.5690391819684603,"fechaUltRegistro":1627257600000,"etarios":{"unaDosis":{"etarioTotal":{"vacunados":435594,"personasINE":581354,"porcentaje":0.7492749684357551},"etarioRangos":[{"rango":{"min":12,"max":19},"vacunados":4172,"personasINE":56387.99999999999,"porcentaje":0.4638102367636913},{"rango":{"min":20,"max":29},"vacunados":31598,"personasINE":68127,"porcentaje":0.8346326919871854},{"rango":{"min":30,"max":39},"vacunados":52880,"personasINE":81341,"porcentaje":0.8346326919871854},{"rango":{"min":40,"max":49},"vacunados":90142,"personasINE":108002,"porcentaje":0.8346326919871854},{"rango":{"min":50,"max":59},"vacunados":88592,"personasINE":96694,"porcentaje":0.9162098992698616},{"rango":{"min":60,"max":69},"vacunados":70086,"personasINE":73844,"porcentaje":0.9491089323438601},{"rango":{"min":70,"max":79},"vacunados":55712,"personasINE":55792,"porcentaje":0.998566102667049},{"rango":{"min":80,"max":null},"vacunados":42412,"personasINE":42412,"porcentaje":1}]},"pautaCompleta":{"etarioTotal":{"vacunados":376247,"personasINE":581354,"porcentaje":0.6471908682145474},"etarioRangos":[{"rango":{"min":12,"max":19},"vacunados":862,"personasINE":56388,"porcentaje":0.1636355629926461},{"rango":{"min":20,"max":29},"vacunados":11148,"personasINE":68127,"porcentaje":0.7968463546971353},{"rango":{"min":30,"max":39},"vacunados":31097,"personasINE":81341,"porcentaje":0.7968463546971353},{"rango":{"min":40,"max":49},"vacunados":86061,"personasINE":108002,"porcentaje":0.7968463546971353},{"rango":{"min":50,"max":59},"vacunados":86719,"personasINE":96694,"porcentaje":0.8968395143442199},{"rango":{"min":60,"max":69},"vacunados":62968,"personasINE":73844,"porcentaje":0.852716537565679},{"rango":{"min":70,"max":79},"vacunados":55475,"personasINE":55792,"porcentaje":0.9943181818181818},{"rango":{"min":80,"max":null},"vacunados":41917,"personasINE":41917,"porcentaje":1}]}}},{"ccaa":"País Vasco","dosisAdministradas":2634243,"dosisEntregadas":2817420,"dosisEntregadasModerna":251400,"dosisEntregadasPfizer":1918620,"dosisEntregadasAstrazeneca":549600,"dosisEntregadasJanssen":97800,"dosisPrimeraDosis":1466246,"dosisPautaCompletada":1310475,"porcentajeEntregadas":0.9349841344208532,"porcentajePoblacionAdministradas":1.1863266177408371,"porcentajePoblacionPrimeraDosis":0.6603212603985401,"porcentajePoblacionCompletas":0.5901700694977356,"fechaUltRegistro":1627257600000,"etarios":{"unaDosis":{"etarioTotal":{"vacunados":1466246,"personasINE":1983943,"porcentaje":0.7390565152325445},"etarioRangos":[{"rango":{"min":12,"max":19},"vacunados":7593,"personasINE":168606,"porcentaje":0.23208490874988835},{"rango":{"min":20,"max":29},"vacunados":46773,"personasINE":201534,"porcentaje":0.8218030392148741},{"rango":{"min":30,"max":39},"vacunados":154669,"personasINE":260543.00000000003,"porcentaje":0.8218030392148741},{"rango":{"min":40,"max":49},"vacunados":297602,"personasINE":362133,"porcentaje":0.8218030392148741},{"rango":{"min":50,"max":59},"vacunados":309730,"personasINE":339977,"porcentaje":0.9110322168852599},{"rango":{"min":60,"max":69},"vacunados":273333,"personasINE":280119,"porcentaje":0.9757745815171409},{"rango":{"min":70,"max":79},"vacunados":212887,"personasINE":213081,"porcentaje":0.9990895481061193},{"rango":{"min":80,"max":null},"vacunados":163659,"personasINE":163659,"porcentaje":1}]},"pautaCompleta":{"etarioTotal":{"vacunados":1310475,"personasINE":1983943,"porcentaje":0.6605406506134501},"etarioRangos":[{"rango":{"min":12,"max":19},"vacunados":2508,"personasINE":168606,"porcentaje":0.15459922395228598},{"rango":{"min":20,"max":29},"vacunados":31157,"personasINE":201533.99999999997,"porcentaje":0.7720478387774657},{"rango":{"min":30,"max":39},"vacunados":79469,"personasINE":260543,"porcentaje":0.7720478387774657},{"rango":{"min":40,"max":49},"vacunados":279584,"personasINE":362133,"porcentaje":0.7720478387774657},{"rango":{"min":50,"max":59},"vacunados":304341,"personasINE":339977,"porcentaje":0.8951811446068411},{"rango":{"min":60,"max":69},"vacunados":241039,"personasINE":280119,"porcentaje":0.8604878640863347},{"rango":{"min":70,"max":79},"vacunados":211132,"personasINE":213081,"porcentaje":0.9908532436021982},{"rango":{"min":80,"max":null},"vacunados":161245,"personasINE":157950,"porcentaje":1.0208610319721432}]}}},{"ccaa":"Ceuta","dosisAdministradas":89745,"dosisEntregadas":102620,"dosisEntregadasModerna":11700,"dosisEntregadasPfizer":68670,"dosisEntregadasAstrazeneca":18100,"dosisEntregadasJanssen":4150,"dosisPrimeraDosis":50651,"dosisPautaCompletada":44125,"porcentajeEntregadas":0.8745371272656403,"porcentajePoblacionAdministradas":1.0658297902662646,"porcentajePoblacionPrimeraDosis":0.6015415310800218,"porcentajePoblacionCompletas":0.5240374337901712,"fechaUltRegistro":1627257600000,"etarios":{"unaDosis":{"etarioTotal":{"vacunados":50651,"personasINE":70965,"porcentaje":0.7137462129218629},"etarioRangos":[{"rango":{"min":12,"max":19},"vacunados":3007,"personasINE":9126,"porcentaje":0.6180359259596973},{"rango":{"min":20,"max":29},"vacunados":6778,"personasINE":10967,"porcentaje":0.7851605758582503},{"rango":{"min":30,"max":39},"vacunados":7586,"personasINE":11894,"porcentaje":0.7851605758582503},{"rango":{"min":40,"max":49},"vacunados":9926,"personasINE":12642,"porcentaje":0.7851605758582503},{"rango":{"min":50,"max":59},"vacunados":9834,"personasINE":11556,"porcentaje":0.8509865005192108},{"rango":{"min":60,"max":69},"vacunados":7324,"personasINE":7857,"porcentaje":0.932162402952781},{"rango":{"min":70,"max":79},"vacunados":3822,"personasINE":4318,"porcentaje":0.8851320055581288},{"rango":{"min":80,"max":null},"vacunados":2374,"personasINE":2605,"porcentaje":0.9113243761996161}]},"pautaCompleta":{"etarioTotal":{"vacunados":44125,"personasINE":70965,"porcentaje":0.6217853871626858},"etarioRangos":[{"rango":{"min":12,"max":19},"vacunados":790,"personasINE":9126,"porcentaje":0.4146986413786815},{"rango":{"min":20,"max":29},"vacunados":4548,"personasINE":10967,"porcentaje":0.7535200126562253},{"rango":{"min":30,"max":39},"vacunados":6743,"personasINE":11893.999999999998,"porcentaje":0.7535200126562253},{"rango":{"min":40,"max":49},"vacunados":9526,"personasINE":12642,"porcentaje":0.7535200126562253},{"rango":{"min":50,"max":59},"vacunados":9593,"personasINE":11556,"porcentaje":0.8301315334025614},{"rango":{"min":60,"max":69},"vacunados":6798,"personasINE":7857,"porcentaje":0.8652157311951126},{"rango":{"min":70,"max":79},"vacunados":3782,"personasINE":4318,"porcentaje":0.8758684576192681},{"rango":{"min":80,"max":null},"vacunados":2345,"personasINE":2605,"porcentaje":0.9001919385796545}]}}},{"ccaa":"Melilla","dosisAdministradas":81406,"dosisEntregadas":100420,"dosisEntregadasModerna":11400,"dosisEntregadasPfizer":68670,"dosisEntregadasAstrazeneca":15100,"dosisEntregadasJanssen":5250,"dosisPrimeraDosis":48203,"dosisPautaCompletada":40201,"porcentajeEntregadas":0.810655247958574,"porcentajePoblacionAdministradas":0.9348844687399513,"porcentajePoblacionPrimeraDosis":0.5535738894758602,"porcentajePoblacionCompletas":0.4616771555882218,"fechaUltRegistro":1627257600000,"etarios":{"unaDosis":{"etarioTotal":{"vacunados":48203,"personasINE":70927,"porcentaje":0.679614251272435},"etarioRangos":[{"rango":{"min":12,"max":19},"vacunados":3050,"personasINE":9574,"porcentaje":0.5749895789912464},{"rango":{"min":20,"max":29},"vacunados":6897,"personasINE":11995,"porcentaje":0.780036660556574},{"rango":{"min":30,"max":39},"vacunados":7499,"personasINE":12133,"porcentaje":0.780036660556574},{"rango":{"min":40,"max":49},"vacunados":9362,"personasINE":12002,"porcentaje":0.780036660556574},{"rango":{"min":50,"max":59},"vacunados":9236,"personasINE":11299,"porcentaje":0.817417470572617},{"rango":{"min":60,"max":69},"vacunados":6915,"personasINE":7827,"porcentaje":0.8834802606362591},{"rango":{"min":70,"max":79},"vacunados":3260,"personasINE":3748,"porcentaje":0.8697972251867663},{"rango":{"min":80,"max":null},"vacunados":1984,"personasINE":2349,"porcentaje":0.844614729672201}]},"pautaCompleta":{"etarioTotal":{"vacunados":40201,"personasINE":70927,"porcentaje":0.5667940276622443},"etarioRangos":[{"rango":{"min":12,"max":19},"vacunados":317,"personasINE":9574,"porcentaje":0.2965402250937891},{"rango":{"min":20,"max":29},"vacunados":3557,"personasINE":11995,"porcentaje":0.7468755207465423},{"rango":{"min":30,"max":39},"vacunados":6642,"personasINE":12133,"porcentaje":0.7468755207465423},{"rango":{"min":40,"max":49},"vacunados":8964,"personasINE":12002,"porcentaje":0.7468755207465423},{"rango":{"min":50,"max":59},"vacunados":8941,"personasINE":11299,"porcentaje":0.7913089653951677},{"rango":{"min":60,"max":69},"vacunados":6689,"personasINE":7827,"porcentaje":0.8546058515395426},{"rango":{"min":70,"max":79},"vacunados":3172,"personasINE":3748,"porcentaje":0.8463180362860192},{"rango":{"min":80,"max":null},"vacunados":1919,"personasINE":2349,"porcentaje":0.8169433801617709}]}}},{"ccaa":"Fuerzas Armadas","dosisAdministradas":164735,"dosisEntregadas":195768,"dosisEntregadasModerna":38300,"dosisEntregadasPfizer":49368,"dosisEntregadasAstrazeneca":106100,"dosisEntregadasJanssen":2000,"dosisPrimeraDosis":88930,"dosisPautaCompletada":76949,"porcentajeEntregadas":0.84148073229537,"porcentajePoblacionAdministradas":null,"porcentajePoblacionPrimeraDosis":null,"porcentajePoblacionCompletas":null,"fechaUltRegistro":1627257600000},{"ccaa":"Sanidad Exterior","dosisAdministradas":3512,"dosisEntregadas":6460,"dosisEntregadasModerna":3930,"dosisEntregadasPfizer":0,"dosisEntregadasAstrazeneca":0,"dosisEntregadasJanssen":2530,"dosisPrimeraDosis":2730,"dosisPautaCompletada":2312,"porcentajeEntregadas":0.5436532507739938,"porcentajePoblacionAdministradas":null,"porcentajePoblacionPrimeraDosis":null,"porcentajePoblacionCompletas":null,"fechaUltRegistro":1627257600000,"etarios":{"unaDosis":{"etarioTotal":{"vacunados":2730,"personasINE":"-","porcentaje":"-"},"etarioRangos":[{"rango":{"min":12,"max":19},"vacunados":71,"personasINE":null,"porcentaje":"-"},{"rango":{"min":20,"max":29},"vacunados":672,"personasINE":null,"porcentaje":"-"},{"rango":{"min":30,"max":39},"vacunados":757,"personasINE":null,"porcentaje":"-"},{"rango":{"min":40,"max":49},"vacunados":699,"personasINE":null,"porcentaje":"-"},{"rango":{"min":50,"max":59},"vacunados":375,"personasINE":null,"porcentaje":"-"},{"rango":{"min":60,"max":69},"vacunados":122,"personasINE":null,"porcentaje":"-"},{"rango":{"min":70,"max":79},"vacunados":19,"personasINE":null,"porcentaje":"-"},{"rango":{"min":80,"max":null},"vacunados":15,"personasINE":null,"porcentaje":"-"}]},"pautaCompleta":{"etarioTotal":{"vacunados":2312,"personasINE":"-","porcentaje":"-"},"etarioRangos":[{"rango":{"min":12,"max":19},"vacunados":37,"personasINE":null,"porcentaje":"-"},{"rango":{"min":20,"max":29},"vacunados":516,"personasINE":null,"porcentaje":"-"},{"rango":{"min":30,"max":39},"vacunados":629,"personasINE":null,"porcentaje":"-"},{"rango":{"min":40,"max":49},"vacunados":632,"personasINE":null,"porcentaje":"-"},{"rango":{"min":50,"max":59},"vacunados":355,"personasINE":null,"porcentaje":"-"},{"rango":{"min":60,"max":69},"vacunados":110,"personasINE":null,"porcentaje":"-"},{"rango":{"min":70,"max":79},"vacunados":19,"personasINE":null,"porcentaje":"-"},{"rango":{"min":80,"max":null},"vacunados":14,"personasINE":null,"porcentaje":"-"}]}}},{"ccaa":"Totales","dosisAdministradas":54617577,"dosisEntregadas":57665938,"dosisEntregadasModerna":5702430,"dosisEntregadasPfizer":39356103,"dosisEntregadasAstrazeneca":10189600,"dosisEntregadasJanssen":2417805,"dosisPrimeraDosis":30996228,"dosisPautaCompletada":26151164,"porcentajeEntregadas":0.9471375805939375,"porcentajePoblacionAdministradas":1.1635615040477205,"porcentajePoblacionPrimeraDosis":0.6603371964209629,"porcentajePoblacionCompletas":0.5571189603749468,"fechaUltRegistro":null,"etarios":{"unaDosis":{"etarioTotal":{"vacunados":30996228,"personasINE":42119827,"porcentaje":0.7359058715981905},"etarioRangos":[{"rango":{"min":12,"max":19},"vacunados":317230,"personasINE":3888686,"porcentaje":0.3900858303132281},{"rango":{"min":20,"max":29},"vacunados":1928834,"personasINE":4944640,"porcentaje":0.8220456409026302},{"rango":{"min":30,"max":39},"vacunados":3847733,"personasINE":6230402.999999999,"porcentaje":0.8220456409026302},{"rango":{"min":40,"max":49},"vacunados":6487368,"personasINE":7891737,"porcentaje":0.8220456409026302},{"rango":{"min":50,"max":59},"vacunados":6432175,"personasINE":7033306,"porcentaje":0.914530805285594},{"rango":{"min":60,"max":69},"vacunados":5141292,"personasINE":5336986,"porcentaje":0.9633324876625121},{"rango":{"min":70,"max":79},"vacunados":3916671,"personasINE":3960045,"porcentaje":0.9890470941618088},{"rango":{"min":80,"max":null},"vacunados":2924925,"personasINE":2924925,"porcentaje":1}]},"pautaCompleta":{"etarioTotal":{"vacunados":26151164,"personasINE":42119827,"porcentaje":0.6208753896353848},"etarioRangos":[{"rango":{"min":12,"max":19},"vacunados":75377,"personasINE":3888686,"porcentaje":0.15127006212787988},{"rango":{"min":20,"max":29},"vacunados":747976,"personasINE":4944640,"porcentaje":0.733574623685508},{"rango":{"min":30,"max":39},"vacunados":1930229,"personasINE":6230403,"porcentaje":0.733574623685508},{"rango":{"min":40,"max":49},"vacunados":5789178,"personasINE":7891737.000000001,"porcentaje":0.733574623685508},{"rango":{"min":50,"max":59},"vacunados":6143902,"personasINE":7033306,"porcentaje":0.8735439635357825},{"rango":{"min":60,"max":69},"vacunados":4701590,"personasINE":5336986,"porcentaje":0.8809447879383607},{"rango":{"min":70,"max":79},"vacunados":3878993,"personasINE":3960045,"porcentaje":0.9795325558169162},{"rango":{"min":80,"max":null},"vacunados":2883919,"personasINE":2883919,"porcentaje":1}]}}}]