[{"ccaa":"Andalucía","dosisAdministradas":1557660,"dosisEntregadas":2016380,"dosisEntregadasModerna":168000,"dosisEntregadasPfizer":1283580,"dosisEntregadasAstrazeneca":564800,"dosisPautaCompletada":525160,"porcentajeEntregadas":0.7725031988018132,"porcentajePoblacionAdministradas":0.18402461789721694,"porcentajePoblacionCompletas":0.06204330106371252,"fechaUltRegistro":1617573556000,"etarios":{"unaDosis":{"etarioTotal":{"vacunados":1032500,"personasINE":7062213,"porcentaje":0.14620063144512918},"etarioRangos":[{"rango":{"min":16,"max":17},"vacunados":163,"personasINE":181921,"porcentaje":0.0008959933157799265},{"rango":{"min":18,"max":24},"vacunados":26233,"personasINE":625846,"porcentaje":0.04191606241791111},{"rango":{"min":25,"max":49},"vacunados":320811,"personasINE":3009381,"porcentaje":0.10660365038524534},{"rango":{"min":50,"max":59},"vacunados":137105,"personasINE":1265021,"porcentaje":0.10838159998924919},{"rango":{"min":60,"max":69},"vacunados":101365,"personasINE":916147,"porcentaje":0.1106427243662862},{"rango":{"min":70,"max":79},"vacunados":47996,"personasINE":650381,"porcentaje":0.07379674375481449},{"rango":{"min":80,"max":null},"vacunados":398827,"personasINE":413516,"porcentaje":0.9644777952969171}]},"pautaCompleta":{"etarioTotal":{"vacunados":525160,"personasINE":7062213,"porcentaje":0.07436195991256565},"etarioRangos":[{"rango":{"min":16,"max":17},"vacunados":83,"personasINE":181921,"porcentaje":0.0004562419951517417},{"rango":{"min":18,"max":24},"vacunados":11875,"personasINE":625846,"porcentaje":0.018974316365367838},{"rango":{"min":25,"max":49},"vacunados":131203,"personasINE":3009381,"porcentaje":0.043598002379891414},{"rango":{"min":50,"max":59},"vacunados":70999,"personasINE":1265021,"porcentaje":0.0561247599842216},{"rango":{"min":60,"max":69},"vacunados":42132,"personasINE":916147,"porcentaje":0.04598825297686943},{"rango":{"min":70,"max":79},"vacunados":13621,"personasINE":650381,"porcentaje":0.02094310873165114},{"rango":{"min":80,"max":null},"vacunados":255247,"personasINE":413516,"porcentaje":0.617260275297691}]}}},{"ccaa":"Aragón","dosisAdministradas":270285,"dosisEntregadas":374695,"dosisEntregadasModerna":35300,"dosisEntregadasPfizer":250695,"dosisEntregadasAstrazeneca":88700,"dosisPautaCompletada":96905,"porcentajeEntregadas":0.7213466953121872,"porcentajePoblacionAdministradas":0.20331490133452085,"porcentajePoblacionCompletas":0.07289428016287157,"fechaUltRegistro":1617573556000,"etarios":{"unaDosis":{"etarioTotal":{"vacunados":173380,"personasINE":1132764,"porcentaje":0.15305924270192203},"etarioRangos":[{"rango":{"min":16,"max":17},"vacunados":28,"personasINE":25106,"porcentaje":0.0011152712499004221},{"rango":{"min":18,"max":24},"vacunados":5621,"personasINE":89180,"porcentaje":0.0630298273155416},{"rango":{"min":25,"max":49},"vacunados":48713,"personasINE":446083,"porcentaje":0.10920165081386199},{"rango":{"min":50,"max":59},"vacunados":25077,"personasINE":198266,"porcentaje":0.1264815954323989},{"rango":{"min":60,"max":69},"vacunados":14735,"personasINE":156367,"porcentaje":0.09423343800162438},{"rango":{"min":70,"max":79},"vacunados":3752,"personasINE":118955,"porcentaje":0.03154133916186793},{"rango":{"min":80,"max":null},"vacunados":75454,"personasINE":98807,"porcentaje":0.763650348659508}]},"pautaCompleta":{"etarioTotal":{"vacunados":96905,"personasINE":1132764,"porcentaje":0.08554738674604773},"etarioRangos":[{"rango":{"min":16,"max":17},"vacunados":25,"personasINE":25106,"porcentaje":0.0009957779016968055},{"rango":{"min":18,"max":24},"vacunados":1437,"personasINE":89180,"porcentaje":0.01611347835837632},{"rango":{"min":25,"max":49},"vacunados":21549,"personasINE":446083,"porcentaje":0.04830715360145982},{"rango":{"min":50,"max":59},"vacunados":13957,"personasINE":198266,"porcentaje":0.07039532748933251},{"rango":{"min":60,"max":69},"vacunados":9384,"personasINE":156367,"porcentaje":0.060012662518306295},{"rango":{"min":70,"max":79},"vacunados":3174,"personasINE":118955,"porcentaje":0.02668235887520491},{"rango":{"min":80,"max":null},"vacunados":47379,"personasINE":98807,"porcentaje":0.4795105609926422}]}}},{"ccaa":"Asturias","dosisAdministradas":255449,"dosisEntregadas":342625,"dosisEntregadasModerna":32700,"dosisEntregadasPfizer":241925,"dosisEntregadasAstrazeneca":68000,"dosisPautaCompletada":93428,"porcentajeEntregadas":0.7455643925574608,"porcentajePoblacionAdministradas":0.2507391164368502,"porcentajePoblacionCompletas":0.09170540566008104,"fechaUltRegistro":1617573556000,"etarios":{"unaDosis":{"etarioTotal":{"vacunados":162021,"personasINE":901209,"porcentaje":0.17978182641318496},"etarioRangos":[{"rango":{"min":16,"max":17},"vacunados":30,"personasINE":15563,"porcentaje":0.0019276489108783653},{"rango":{"min":18,"max":24},"vacunados":2888,"personasINE":54179,"porcentaje":0.05330478598719061},{"rango":{"min":25,"max":49},"vacunados":29933,"personasINE":322095,"porcentaje":0.0929322094413139},{"rango":{"min":50,"max":59},"vacunados":20275,"personasINE":162645,"porcentaje":0.12465799747917243},{"rango":{"min":60,"max":69},"vacunados":28498,"personasINE":149652,"porcentaje":0.19042846069548017},{"rango":{"min":70,"max":79},"vacunados":4451,"personasINE":109249,"porcentaje":0.04074179168688043},{"rango":{"min":80,"max":null},"vacunados":75946,"personasINE":87826,"porcentaje":0.8647325393391478}]},"pautaCompleta":{"etarioTotal":{"vacunados":93428,"personasINE":901209,"porcentaje":0.10366962602459585},"etarioRangos":[{"rango":{"min":16,"max":17},"vacunados":25,"personasINE":15563,"porcentaje":0.0016063740923986378},{"rango":{"min":18,"max":24},"vacunados":2327,"personasINE":54179,"porcentaje":0.04295022056516362},{"rango":{"min":25,"max":49},"vacunados":20970,"personasINE":322095,"porcentaje":0.06510501560098729},{"rango":{"min":50,"max":59},"vacunados":13574,"personasINE":162645,"porcentaje":0.08345783762181438},{"rango":{"min":60,"max":69},"vacunados":9907,"personasINE":149652,"porcentaje":0.06620025124956566},{"rango":{"min":70,"max":79},"vacunados":3610,"personasINE":109249,"porcentaje":0.033043780721105},{"rango":{"min":80,"max":null},"vacunados":43015,"personasINE":87826,"porcentaje":0.48977523740122514}]}}},{"ccaa":"Baleares","dosisAdministradas":176500,"dosisEntregadas":232080,"dosisEntregadasModerna":18000,"dosisEntregadasPfizer":136080,"dosisEntregadasAstrazeneca":78000,"dosisPautaCompletada":49433,"porcentajeEntregadas":0.7605136159944846,"porcentajePoblacionAdministradas":0.15065601518680918,"porcentajePoblacionCompletas":0.04219478072934583,"fechaUltRegistro":1617573556000,"etarios":{"unaDosis":{"etarioTotal":{"vacunados":127067,"personasINE":986279,"porcentaje":0.12883474148795626},"etarioRangos":[{"rango":{"min":16,"max":17},"vacunados":32,"personasINE":23300,"porcentaje":0.0013733905579399143},{"rango":{"min":18,"max":24},"vacunados":3550,"personasINE":85839,"porcentaje":0.0413564929693962},{"rango":{"min":25,"max":49},"vacunados":41754,"personasINE":464054,"porcentaje":0.08997659755114706},{"rango":{"min":50,"max":59},"vacunados":20099,"personasINE":165797,"porcentaje":0.12122656019107704},{"rango":{"min":60,"max":69},"vacunados":19447,"personasINE":117231,"porcentaje":0.1658861563920806},{"rango":{"min":70,"max":79},"vacunados":2358,"personasINE":80516,"porcentaje":0.029286104625167668},{"rango":{"min":80,"max":null},"vacunados":39827,"personasINE":49542,"porcentaje":0.8039037584271931}]},"pautaCompleta":{"etarioTotal":{"vacunados":49433,"personasINE":986279,"porcentaje":0.05012070620990612},"etarioRangos":[{"rango":{"min":16,"max":17},"vacunados":30,"personasINE":23300,"porcentaje":0.0012875536480686696},{"rango":{"min":18,"max":24},"vacunados":1232,"personasINE":85839,"porcentaje":0.014352450517829891},{"rango":{"min":25,"max":49},"vacunados":17406,"personasINE":464054,"porcentaje":0.03750856581346136},{"rango":{"min":50,"max":59},"vacunados":7586,"personasINE":165797,"porcentaje":0.045754748276506815},{"rango":{"min":60,"max":69},"vacunados":4915,"personasINE":117231,"porcentaje":0.041925770487328436},{"rango":{"min":70,"max":79},"vacunados":2113,"personasINE":80516,"porcentaje":0.026243231159024293},{"rango":{"min":80,"max":null},"vacunados":16151,"personasINE":49542,"porcentaje":0.3260062169472367}]}}},{"ccaa":"Canarias","dosisAdministradas":329689,"dosisEntregadas":457090,"dosisEntregadasModerna":35800,"dosisEntregadasPfizer":276090,"dosisEntregadasAstrazeneca":145200,"dosisPautaCompletada":110228,"porcentajeEntregadas":0.7212780852786104,"porcentajePoblacionAdministradas":0.15151483120951198,"porcentajePoblacionCompletas":0.05065736744192886,"fechaUltRegistro":1617573556000,"etarios":{"unaDosis":{"etarioTotal":{"vacunados":219461,"personasINE":1871033,"porcentaje":0.11729402955479673},"etarioRangos":[{"rango":{"min":16,"max":17},"vacunados":31,"personasINE":44352,"porcentaje":0.000698953823953824},{"rango":{"min":18,"max":24},"vacunados":5611,"personasINE":163899,"porcentaje":0.034234498075034016},{"rango":{"min":25,"max":49},"vacunados":64024,"personasINE":832411,"porcentaje":0.07691392833588215},{"rango":{"min":50,"max":59},"vacunados":26820,"personasINE":350512,"porcentaje":0.07651663851736888},{"rango":{"min":60,"max":69},"vacunados":46304,"personasINE":235092,"porcentaje":0.19696118966191958},{"rango":{"min":70,"max":79},"vacunados":17523,"personasINE":154531,"porcentaje":0.1133947233888346},{"rango":{"min":80,"max":null},"vacunados":59148,"personasINE":90236,"porcentaje":0.6554811826765371}]},"pautaCompleta":{"etarioTotal":{"vacunados":110228,"personasINE":1871033,"porcentaje":0.05891291067554661},"etarioRangos":[{"rango":{"min":16,"max":17},"vacunados":19,"personasINE":44352,"porcentaje":0.0004283910533910534},{"rango":{"min":18,"max":24},"vacunados":2365,"personasINE":163899,"porcentaje":0.014429618240501773},{"rango":{"min":25,"max":49},"vacunados":34286,"personasINE":832411,"porcentaje":0.041188787750282015},{"rango":{"min":50,"max":59},"vacunados":16944,"personasINE":350512,"porcentaje":0.04834071301410508},{"rango":{"min":60,"max":69},"vacunados":9151,"personasINE":235092,"porcentaje":0.038925186735405716},{"rango":{"min":70,"max":79},"vacunados":13081,"personasINE":154531,"porcentaje":0.08464968194084035},{"rango":{"min":80,"max":null},"vacunados":34382,"personasINE":90236,"porcentaje":0.38102309499534553}]}}},{"ccaa":"Cantabria","dosisAdministradas":122107,"dosisEntregadas":169495,"dosisEntregadasModerna":15300,"dosisEntregadasPfizer":115395,"dosisEntregadasAstrazeneca":38800,"dosisPautaCompletada":44861,"porcentajeEntregadas":0.7204165314611051,"porcentajePoblacionAdministradas":0.20948010396205213,"porcentajePoblacionCompletas":0.0769610828522658,"fechaUltRegistro":1617573556000,"etarios":{"unaDosis":{"etarioTotal":{"vacunados":77246,"personasINE":501384,"porcentaje":0.15406554656710225},"etarioRangos":[{"rango":{"min":16,"max":17},"vacunados":5,"personasINE":10791,"porcentaje":0.0004633490872022982},{"rango":{"min":18,"max":24},"vacunados":1538,"personasINE":34935,"porcentaje":0.04402461714612852},{"rango":{"min":25,"max":49},"vacunados":22146,"personasINE":194241,"porcentaje":0.11401300446352727},{"rango":{"min":50,"max":59},"vacunados":10927,"personasINE":89964,"porcentaje":0.12145969498910675},{"rango":{"min":60,"max":69},"vacunados":5640,"personasINE":77345,"porcentaje":0.07292003361561833},{"rango":{"min":70,"max":79},"vacunados":2092,"personasINE":53066,"porcentaje":0.0394226058116308},{"rango":{"min":80,"max":null},"vacunados":34898,"personasINE":41042,"porcentaje":0.8502996929974173}]},"pautaCompleta":{"etarioTotal":{"vacunados":44861,"personasINE":501384,"porcentaje":0.0894743350406076},"etarioRangos":[{"rango":{"min":16,"max":17},"vacunados":3,"personasINE":10791,"porcentaje":0.00027800945232137893},{"rango":{"min":18,"max":24},"vacunados":595,"personasINE":34935,"porcentaje":0.0170316301703163},{"rango":{"min":25,"max":49},"vacunados":10416,"personasINE":194241,"porcentaje":0.05362410613619164},{"rango":{"min":50,"max":59},"vacunados":5528,"personasINE":89964,"porcentaje":0.061446800942599265},{"rango":{"min":60,"max":69},"vacunados":3715,"personasINE":77345,"porcentaje":0.04803154696489754},{"rango":{"min":70,"max":79},"vacunados":1668,"personasINE":53066,"porcentaje":0.03143255568537293},{"rango":{"min":80,"max":null},"vacunados":22936,"personasINE":41042,"porcentaje":0.5588421616880269}]}}},{"ccaa":"Castilla y Leon","dosisAdministradas":590123,"dosisEntregadas":793665,"dosisEntregadasModerna":78300,"dosisEntregadasPfizer":555465,"dosisEntregadasAstrazeneca":159900,"dosisPautaCompletada":213653,"porcentajeEntregadas":0.7435416706040961,"porcentajePoblacionAdministradas":0.24640634877686834,"porcentajePoblacionCompletas":0.08921098759957544,"fechaUltRegistro":1617573556000,"etarios":{"unaDosis":{"etarioTotal":{"vacunados":376470,"personasINE":2092873,"porcentaje":0.179881913522703},"etarioRangos":[{"rango":{"min":16,"max":17},"vacunados":90,"personasINE":40684,"porcentaje":0.0022121718611739258},{"rango":{"min":18,"max":24},"vacunados":7165,"personasINE":144422,"porcentaje":0.04961155502624254},{"rango":{"min":25,"max":49},"vacunados":83760,"personasINE":738950,"porcentaje":0.11335002368225185},{"rango":{"min":50,"max":59},"vacunados":51743,"personasINE":381175,"porcentaje":0.13574604840296453},{"rango":{"min":60,"max":69},"vacunados":42489,"personasINE":318575,"porcentaje":0.13337204739857175},{"rango":{"min":70,"max":79},"vacunados":17978,"personasINE":245410,"porcentaje":0.07325699849231898},{"rango":{"min":80,"max":null},"vacunados":173245,"personasINE":223657,"porcentaje":0.7746012867918286}]},"pautaCompleta":{"etarioTotal":{"vacunados":213653,"personasINE":2092873,"porcentaje":0.10208598419493203},"etarioRangos":[{"rango":{"min":16,"max":17},"vacunados":82,"personasINE":40684,"porcentaje":0.0020155343624029104},{"rango":{"min":18,"max":24},"vacunados":2593,"personasINE":144422,"porcentaje":0.01795432828793397},{"rango":{"min":25,"max":49},"vacunados":41433,"personasINE":738950,"porcentaje":0.05607009946545775},{"rango":{"min":50,"max":59},"vacunados":29803,"personasINE":381175,"porcentaje":0.07818718436413721},{"rango":{"min":60,"max":69},"vacunados":19963,"personasINE":318575,"porcentaje":0.06266342305579534},{"rango":{"min":70,"max":79},"vacunados":9201,"personasINE":245410,"porcentaje":0.0374923597245426},{"rango":{"min":80,"max":null},"vacunados":110578,"personasINE":223657,"porcentaje":0.49440884926472234}]}}},{"ccaa":"Castilla La Mancha","dosisAdministradas":406226,"dosisEntregadas":542715,"dosisEntregadasModerna":49600,"dosisEntregadasPfizer":356715,"dosisEntregadasAstrazeneca":136400,"dosisPautaCompletada":132737,"porcentajeEntregadas":0.7485070432915987,"porcentajePoblacionAdministradas":0.19862205600274982,"porcentajePoblacionCompletas":0.06490105470264583,"fechaUltRegistro":1617573556000},{"ccaa":"Cataluña","dosisAdministradas":1456572,"dosisEntregadas":1908430,"dosisEntregadasModerna":168400,"dosisEntregadasPfizer":1220930,"dosisEntregadasAstrazeneca":519100,"dosisPautaCompletada":439833,"porcentajeEntregadas":0.7632305088475868,"porcentajePoblacionAdministradas":0.18720852533629356,"porcentajePoblacionCompletas":0.05653032416127593,"fechaUltRegistro":1617573556000,"etarios":{"unaDosis":{"etarioTotal":{"vacunados":1016739,"personasINE":6531658,"porcentaje":0.15566323282694838},"etarioRangos":[{"rango":{"min":16,"max":17},"vacunados":285,"personasINE":159864,"porcentaje":0.0017827653505479658},{"rango":{"min":18,"max":24},"vacunados":34009,"personasINE":556316,"porcentaje":0.061132521804154474},{"rango":{"min":25,"max":49},"vacunados":283624,"personasINE":2803626,"porcentaje":0.10116327926763413},{"rango":{"min":50,"max":59},"vacunados":125134,"personasINE":1091780,"porcentaje":0.11461466595834326},{"rango":{"min":60,"max":69},"vacunados":217112,"personasINE":837584,"porcentaje":0.25921221035740893},{"rango":{"min":70,"max":79},"vacunados":40698,"personasINE":635292,"porcentaje":0.06406188020626735},{"rango":{"min":80,"max":null},"vacunados":315877,"personasINE":447196,"porcentaje":0.706350235690838}]},"pautaCompleta":{"etarioTotal":{"vacunados":439833,"personasINE":6531658,"porcentaje":0.06733864510358625},"etarioRangos":[{"rango":{"min":16,"max":17},"vacunados":192,"personasINE":159864,"porcentaje":0.001201020867737577},{"rango":{"min":18,"max":24},"vacunados":15767,"personasINE":556316,"porcentaje":0.02834180573630814},{"rango":{"min":25,"max":49},"vacunados":125439,"personasINE":2803626,"porcentaje":0.044741702352596245},{"rango":{"min":50,"max":59},"vacunados":66146,"personasINE":1091780,"porcentaje":0.060585465936360806},{"rango":{"min":60,"max":69},"vacunados":47243,"personasINE":837584,"porcentaje":0.056403895012321154},{"rango":{"min":70,"max":79},"vacunados":26520,"personasINE":635292,"porcentaje":0.04174458359305642},{"rango":{"min":80,"max":null},"vacunados":158526,"personasINE":447196,"porcentaje":0.35448885947101494}]}}},{"ccaa":"C. Valenciana","dosisAdministradas":870750,"dosisEntregadas":1145850,"dosisEntregadasModerna":96800,"dosisEntregadasPfizer":711550,"dosisEntregadasAstrazeneca":337500,"dosisPautaCompletada":262861,"porcentajeEntregadas":0.7599162194004451,"porcentajePoblacionAdministradas":0.1721750488842681,"porcentajePoblacionCompletas":0.051976004047967386,"fechaUltRegistro":1617573556000,"etarios":{"unaDosis":{"etarioTotal":{"vacunados":607889,"personasINE":4269305,"porcentaje":0.14238593869493982},"etarioRangos":[{"rango":{"min":16,"max":17},"vacunados":110,"personasINE":103049,"porcentaje":0.0010674533474366564},{"rango":{"min":18,"max":24},"vacunados":17161,"personasINE":352834,"porcentaje":0.04863760295209645},{"rango":{"min":25,"max":49},"vacunados":196872,"personasINE":1765967,"porcentaje":0.11148113186713002},{"rango":{"min":50,"max":59},"vacunados":88697,"personasINE":752334,"porcentaje":0.11789577501482054},{"rango":{"min":60,"max":69},"vacunados":38551,"personasINE":580728,"porcentaje":0.06638391811657092},{"rango":{"min":70,"max":79},"vacunados":15556,"personasINE":437862,"porcentaje":0.03552717522872503},{"rango":{"min":80,"max":null},"vacunados":250942,"personasINE":276531,"porcentaje":0.9074642625962369}]},"pautaCompleta":{"etarioTotal":{"vacunados":262861,"personasINE":4269305,"porcentaje":0.061569974504046915},"etarioRangos":[{"rango":{"min":16,"max":17},"vacunados":91,"personasINE":103049,"porcentaje":0.0008830750419703248},{"rango":{"min":18,"max":24},"vacunados":5106,"personasINE":352834,"porcentaje":0.014471394480123797},{"rango":{"min":25,"max":49},"vacunados":67423,"personasINE":1765967,"porcentaje":0.03817908262158919},{"rango":{"min":50,"max":59},"vacunados":33286,"personasINE":752334,"porcentaje":0.04424364710354709},{"rango":{"min":60,"max":69},"vacunados":23008,"personasINE":580728,"porcentaje":0.03961923654447521},{"rango":{"min":70,"max":79},"vacunados":9950,"personasINE":437862,"porcentaje":0.022724054610813452},{"rango":{"min":80,"max":null},"vacunados":123997,"personasINE":276531,"porcentaje":0.4484018066690534}]}}},{"ccaa":"Extremadura","dosisAdministradas":244116,"dosisEntregadas":310265,"dosisEntregadasModerna":28100,"dosisEntregadasPfizer":211265,"dosisEntregadasAstrazeneca":70900,"dosisPautaCompletada":77838,"porcentajeEntregadas":0.7867983820282661,"porcentajePoblacionAdministradas":0.22943513407588625,"porcentajePoblacionCompletas":0.07315690887200689,"fechaUltRegistro":1617573556000,"etarios":{"unaDosis":{"etarioTotal":{"vacunados":166278,"personasINE":911213,"porcentaje":0.18247983731575385},"etarioRangos":[{"rango":{"min":16,"max":17},"vacunados":42,"personasINE":20953,"porcentaje":0.0020044862310886267},{"rango":{"min":18,"max":24},"vacunados":2078,"personasINE":76088,"porcentaje":0.027310482599095784},{"rango":{"min":25,"max":49},"vacunados":40416,"personasINE":351778,"porcentaje":0.11489064125670168},{"rango":{"min":50,"max":59},"vacunados":21351,"personasINE":169216,"porcentaje":0.12617601172465961},{"rango":{"min":60,"max":69},"vacunados":27591,"personasINE":125297,"porcentaje":0.2202047934108558},{"rango":{"min":70,"max":79},"vacunados":6239,"personasINE":91876,"porcentaje":0.06790674387217555},{"rango":{"min":80,"max":null},"vacunados":68561,"personasINE":76005,"porcentaje":0.9020590750608513}]},"pautaCompleta":{"etarioTotal":{"vacunados":77838,"personasINE":911213,"porcentaje":0.08542239849519268},"etarioRangos":[{"rango":{"min":16,"max":17},"vacunados":35,"personasINE":20953,"porcentaje":0.0016704051925738558},{"rango":{"min":18,"max":24},"vacunados":882,"personasINE":76088,"porcentaje":0.011591841026180213},{"rango":{"min":25,"max":49},"vacunados":19241,"personasINE":351778,"porcentaje":0.054696427860753086},{"rango":{"min":50,"max":59},"vacunados":12314,"personasINE":169216,"porcentaje":0.07277089636913767},{"rango":{"min":60,"max":69},"vacunados":7272,"personasINE":125297,"porcentaje":0.05803810147090513},{"rango":{"min":70,"max":79},"vacunados":3019,"personasINE":91876,"porcentaje":0.03285950629108799},{"rango":{"min":80,"max":null},"vacunados":35075,"personasINE":76005,"porcentaje":0.4614827971843958}]}}},{"ccaa":"Galicia","dosisAdministradas":559141,"dosisEntregadas":786365,"dosisEntregadasModerna":73600,"dosisEntregadasPfizer":532465,"dosisEntregadasAstrazeneca":180300,"dosisPautaCompletada":176199,"porcentajeEntregadas":0.711045125355274,"porcentajePoblacionAdministradas":0.2069498363880038,"porcentajePoblacionCompletas":0.06521495333329139,"fechaUltRegistro":1617573556000,"etarios":{"unaDosis":{"etarioTotal":{"vacunados":382942,"personasINE":2362643,"porcentaje":0.1620820411716878},"etarioRangos":[{"rango":{"min":16,"max":17},"vacunados":3,"personasINE":44014,"porcentaje":0.00006816013086745126},{"rango":{"min":18,"max":24},"vacunados":4274,"personasINE":152745,"porcentaje":0.02798127598284723},{"rango":{"min":25,"max":49},"vacunados":92732,"personasINE":889004,"porcentaje":0.10430999185605463},{"rango":{"min":50,"max":59},"vacunados":61342,"personasINE":405889,"porcentaje":0.1511299887407641},{"rango":{"min":60,"max":69},"vacunados":20817,"personasINE":346927,"porcentaje":0.06000397778206943},{"rango":{"min":70,"max":79},"vacunados":5142,"personasINE":289762,"porcentaje":0.01774559811155362},{"rango":{"min":80,"max":null},"vacunados":198632,"personasINE":234302,"porcentaje":0.8477605824960948}]},"pautaCompleta":{"etarioTotal":{"vacunados":176199,"personasINE":2362643,"porcentaje":0.0745770732184253},"etarioRangos":[{"rango":{"min":16,"max":17},"vacunados":3,"personasINE":44014,"porcentaje":0.00006816013086745126},{"rango":{"min":18,"max":24},"vacunados":1448,"personasINE":152745,"porcentaje":0.009479852040983339},{"rango":{"min":25,"max":49},"vacunados":38056,"personasINE":889004,"porcentaje":0.042807456434391745},{"rango":{"min":50,"max":59},"vacunados":23237,"personasINE":405889,"porcentaje":0.05724964214354171},{"rango":{"min":60,"max":69},"vacunados":16409,"personasINE":346927,"porcentaje":0.04729813476610353},{"rango":{"min":70,"max":79},"vacunados":4532,"personasINE":289762,"porcentaje":0.01564042213954901},{"rango":{"min":80,"max":null},"vacunados":92514,"personasINE":234302,"porcentaje":0.39484938242097806}]}}},{"ccaa":"La Rioja","dosisAdministradas":69384,"dosisEntregadas":79475,"dosisEntregadasModerna":7800,"dosisEntregadasPfizer":50375,"dosisEntregadasAstrazeneca":21300,"dosisPautaCompletada":24234,"porcentajeEntregadas":0.8730292544825417,"porcentajePoblacionAdministradas":0.2168832873834843,"porcentajePoblacionCompletas":0.07575160824471577,"fechaUltRegistro":1617573556000,"etarios":{"unaDosis":{"etarioTotal":{"vacunados":45150,"personasINE":270788,"porcentaje":0.16673560128218384},"etarioRangos":[{"rango":{"min":16,"max":17},"vacunados":8,"personasINE":6286,"porcentaje":0.0012726694241170856},{"rango":{"min":18,"max":24},"vacunados":1252,"personasINE":21170,"porcentaje":0.059140292867265},{"rango":{"min":25,"max":49},"vacunados":12754,"personasINE":107618,"porcentaje":0.11851177312345518},{"rango":{"min":50,"max":59},"vacunados":6518,"personasINE":47664,"porcentaje":0.1367489090298758},{"rango":{"min":60,"max":69},"vacunados":7729,"personasINE":37718,"porcentaje":0.2049154249960231},{"rango":{"min":70,"max":79},"vacunados":738,"personasINE":28125,"porcentaje":0.02624},{"rango":{"min":80,"max":null},"vacunados":16151,"personasINE":22207,"porcentaje":0.7272931958391499}]},"pautaCompleta":{"etarioTotal":{"vacunados":24234,"personasINE":270788,"porcentaje":0.08949436459518147},"etarioRangos":[{"rango":{"min":16,"max":17},"vacunados":2,"personasINE":6286,"porcentaje":0.0003181673560292714},{"rango":{"min":18,"max":24},"vacunados":372,"personasINE":21170,"porcentaje":0.01757203589985829},{"rango":{"min":25,"max":49},"vacunados":4664,"personasINE":107618,"porcentaje":0.04333847497630508},{"rango":{"min":50,"max":59},"vacunados":3318,"personasINE":47664,"porcentaje":0.06961228600201409},{"rango":{"min":60,"max":69},"vacunados":2331,"personasINE":37718,"porcentaje":0.06180073174611591},{"rango":{"min":70,"max":79},"vacunados":657,"personasINE":28125,"porcentaje":0.02336},{"rango":{"min":80,"max":null},"vacunados":12890,"personasINE":22207,"porcentaje":0.5804476066105282}]}}},{"ccaa":"Madrid","dosisAdministradas":1194726,"dosisEntregadas":1585365,"dosisEntregadasModerna":136100,"dosisEntregadasPfizer":996765,"dosisEntregadasAstrazeneca":452500,"dosisPautaCompletada":393636,"porcentajeEntregadas":0.7535968057828955,"porcentajePoblacionAdministradas":0.17621618528211674,"porcentajePoblacionCompletas":0.058059366172420544,"fechaUltRegistro":1617573556000,"etarios":{"unaDosis":{"etarioTotal":{"vacunados":801090,"personasINE":5695623,"porcentaje":0.14065010974216516},"etarioRangos":[{"rango":{"min":16,"max":17},"vacunados":89,"personasINE":135861,"porcentaje":0.0006550812963249203},{"rango":{"min":18,"max":24},"vacunados":21536,"personasINE":479716,"porcentaje":0.04489322849352534},{"rango":{"min":25,"max":49},"vacunados":265200,"personasINE":2513737,"porcentaje":0.10550029696821903},{"rango":{"min":50,"max":59},"vacunados":102874,"personasINE":972783,"porcentaje":0.10575225923972767},{"rango":{"min":60,"max":69},"vacunados":124129,"personasINE":703323,"porcentaje":0.1764893228289136},{"rango":{"min":70,"max":79},"vacunados":31881,"personasINE":526081,"porcentaje":0.060600934076691614},{"rango":{"min":80,"max":null},"vacunados":255381,"personasINE":364122,"porcentaje":0.7013610822746222}]},"pautaCompleta":{"etarioTotal":{"vacunados":393636,"personasINE":5695623,"porcentaje":0.06911201812339055},"etarioRangos":[{"rango":{"min":16,"max":17},"vacunados":35,"personasINE":135861,"porcentaje":0.00025761624012777764},{"rango":{"min":18,"max":24},"vacunados":12826,"personasINE":479716,"porcentaje":0.026736652519407315},{"rango":{"min":25,"max":49},"vacunados":108838,"personasINE":2513737,"porcentaje":0.0432972900506298},{"rango":{"min":50,"max":59},"vacunados":50139,"personasINE":972783,"porcentaje":0.051541813539093505},{"rango":{"min":60,"max":69},"vacunados":29504,"personasINE":703323,"porcentaje":0.0419494314845384},{"rango":{"min":70,"max":79},"vacunados":7731,"personasINE":526081,"porcentaje":0.014695455642762235},{"rango":{"min":80,"max":null},"vacunados":184563,"personasINE":364122,"porcentaje":0.5068713233476692}]}}},{"ccaa":"Murcia","dosisAdministradas":262673,"dosisEntregadas":359075,"dosisEntregadasModerna":29400,"dosisEntregadasPfizer":228875,"dosisEntregadasAstrazeneca":100800,"dosisPautaCompletada":90836,"porcentajeEntregadas":0.7315268397966999,"porcentajePoblacionAdministradas":0.1738116302321719,"porcentajePoblacionCompletas":0.060106494553188054,"fechaUltRegistro":1617573556000,"etarios":{"unaDosis":{"etarioTotal":{"vacunados":171837,"personasINE":1237479,"porcentaje":0.13886053823943678},"etarioRangos":[{"rango":{"min":16,"max":17},"vacunados":103,"personasINE":34712,"porcentaje":0.0029672735653376355},{"rango":{"min":18,"max":24},"vacunados":6991,"personasINE":118667,"porcentaje":0.05891275586304533},{"rango":{"min":25,"max":49},"vacunados":58001,"personasINE":551265,"porcentaje":0.10521437058402039},{"rango":{"min":50,"max":59},"vacunados":24941,"personasINE":213256,"porcentaje":0.11695333308324267},{"rango":{"min":60,"max":69},"vacunados":18355,"personasINE":146909,"porcentaje":0.12494129018644194},{"rango":{"min":70,"max":79},"vacunados":2983,"personasINE":102899,"porcentaje":0.02898959173558538},{"rango":{"min":80,"max":null},"vacunados":60463,"personasINE":69771,"porcentaje":0.8665921371343395}]},"pautaCompleta":{"etarioTotal":{"vacunados":90836,"personasINE":1237479,"porcentaje":0.07340407392771918},"etarioRangos":[{"rango":{"min":16,"max":17},"vacunados":95,"personasINE":34712,"porcentaje":0.0027368057156026736},{"rango":{"min":18,"max":24},"vacunados":2490,"personasINE":118667,"porcentaje":0.020983087126159757},{"rango":{"min":25,"max":49},"vacunados":27351,"personasINE":551265,"porcentaje":0.04961497646322549},{"rango":{"min":50,"max":59},"vacunados":13738,"personasINE":213256,"porcentaje":0.064420227332408},{"rango":{"min":60,"max":69},"vacunados":7411,"personasINE":146909,"porcentaje":0.050446194583041205},{"rango":{"min":70,"max":79},"vacunados":2337,"personasINE":102899,"porcentaje":0.02271159097756052},{"rango":{"min":80,"max":null},"vacunados":37414,"personasINE":69771,"porcentaje":0.5362399850940935}]}}},{"ccaa":"Navarra","dosisAdministradas":134191,"dosisEntregadas":172555,"dosisEntregadasModerna":15400,"dosisEntregadasPfizer":113055,"dosisEntregadasAstrazeneca":44100,"dosisPautaCompletada":43166,"porcentajeEntregadas":0.7776708875431022,"porcentajePoblacionAdministradas":0.20295161653788507,"porcentajePoblacionCompletas":0.06528462772819599,"fechaUltRegistro":1617573556000,"etarios":{"unaDosis":{"etarioTotal":{"vacunados":91025,"personasINE":552935,"porcentaje":0.16462151970846484},"etarioRangos":[{"rango":{"min":16,"max":17},"vacunados":4,"personasINE":13906,"porcentaje":0.00028764562059542645},{"rango":{"min":18,"max":24},"vacunados":3235,"personasINE":48505,"porcentaje":0.06669415524172766},{"rango":{"min":25,"max":49},"vacunados":25676,"personasINE":223028,"porcentaje":0.11512455835141776},{"rango":{"min":50,"max":59},"vacunados":13152,"personasINE":96694,"porcentaje":0.1360167125157714},{"rango":{"min":60,"max":69},"vacunados":8577,"personasINE":73844,"porcentaje":0.11615026271599588},{"rango":{"min":70,"max":79},"vacunados":2623,"personasINE":55792,"porcentaje":0.047013908804129624},{"rango":{"min":80,"max":null},"vacunados":37758,"personasINE":41166,"porcentaje":0.9172132342224165}]},"pautaCompleta":{"etarioTotal":{"vacunados":43166,"personasINE":552935,"porcentaje":0.07806704223823777},"etarioRangos":[{"rango":{"min":16,"max":17},"vacunados":4,"personasINE":13906,"porcentaje":0.00028764562059542645},{"rango":{"min":18,"max":24},"vacunados":893,"personasINE":48505,"porcentaje":0.018410473147098236},{"rango":{"min":25,"max":49},"vacunados":12131,"personasINE":223028,"porcentaje":0.05439227361586886},{"rango":{"min":50,"max":59},"vacunados":7459,"personasINE":96694,"porcentaje":0.07714025689287857},{"rango":{"min":60,"max":69},"vacunados":3998,"personasINE":73844,"porcentaje":0.054141162450571476},{"rango":{"min":70,"max":79},"vacunados":1734,"personasINE":55792,"porcentaje":0.031079724691712073},{"rango":{"min":80,"max":null},"vacunados":16947,"personasINE":41166,"porcentaje":0.41167468299081766}]}}},{"ccaa":"País Vasco","dosisAdministradas":441562,"dosisEntregadas":515650,"dosisEntregadasModerna":52900,"dosisEntregadasPfizer":314550,"dosisEntregadasAstrazeneca":148200,"dosisPautaCompletada":116130,"porcentajeEntregadas":0.8563211480655484,"porcentajePoblacionAdministradas":0.1988566559663932,"porcentajePoblacionCompletas":0.05229893753850477,"fechaUltRegistro":1617573556000,"etarios":{"unaDosis":{"etarioTotal":{"vacunados":325432,"personasINE":1898123,"porcentaje":0.17144937393414442},"etarioRangos":[{"rango":{"min":16,"max":17},"vacunados":6,"personasINE":41824,"porcentaje":0.0001434583014537108},{"rango":{"min":18,"max":24},"vacunados":10969,"personasINE":140323,"porcentaje":0.07816965144701866},{"rango":{"min":25,"max":49},"vacunados":86875,"personasINE":724849,"porcentaje":0.11985254859977733},{"rango":{"min":50,"max":59},"vacunados":46659,"personasINE":339977,"porcentaje":0.1372416369342632},{"rango":{"min":60,"max":69},"vacunados":73525,"personasINE":280119,"porcentaje":0.2624777326778976},{"rango":{"min":70,"max":79},"vacunados":4435,"personasINE":213081,"porcentaje":0.02081368118227341},{"rango":{"min":80,"max":null},"vacunados":102963,"personasINE":157950,"porcentaje":0.6518708452041785}]},"pautaCompleta":{"etarioTotal":{"vacunados":116130,"personasINE":1898123,"porcentaje":0.061181493507006655},"etarioRangos":[{"rango":{"min":16,"max":17},"vacunados":4,"personasINE":41824,"porcentaje":0.00009563886763580719},{"rango":{"min":18,"max":24},"vacunados":2853,"personasINE":140323,"porcentaje":0.020331663376638186},{"rango":{"min":25,"max":49},"vacunados":32200,"personasINE":724849,"porcentaje":0.04442304535151459},{"rango":{"min":50,"max":59},"vacunados":20520,"personasINE":339977,"porcentaje":0.060357024151633784},{"rango":{"min":60,"max":69},"vacunados":11933,"personasINE":280119,"porcentaje":0.04259975224815168},{"rango":{"min":70,"max":79},"vacunados":3504,"personasINE":213081,"porcentaje":0.016444450701845775},{"rango":{"min":80,"max":null},"vacunados":45116,"personasINE":157950,"porcentaje":0.2856346945235834}]}}},{"ccaa":"Ceuta","dosisAdministradas":13813,"dosisEntregadas":16100,"dosisEntregadasModerna":1300,"dosisEntregadasPfizer":9000,"dosisEntregadasAstrazeneca":5800,"dosisPautaCompletada":3635,"porcentajeEntregadas":0.8579503105590062,"porcentajePoblacionAdministradas":0.16404598465594641,"porcentajePoblacionCompletas":0.04316999596209116,"fechaUltRegistro":1617573556000,"etarios":{"unaDosis":{"etarioTotal":{"vacunados":10178,"personasINE":66158,"porcentaje":0.1538438284107742},"etarioRangos":[{"rango":{"min":16,"max":17},"vacunados":0,"personasINE":2175,"porcentaje":0},{"rango":{"min":18,"max":24},"vacunados":273,"personasINE":7581,"porcentaje":0.036011080332409975},{"rango":{"min":25,"max":49},"vacunados":3447,"personasINE":30066,"porcentaje":0.1146477748952305},{"rango":{"min":50,"max":59},"vacunados":1676,"personasINE":11556,"porcentaje":0.14503288335064035},{"rango":{"min":60,"max":69},"vacunados":1554,"personasINE":7857,"porcentaje":0.19778541428025964},{"rango":{"min":70,"max":79},"vacunados":1155,"personasINE":4318,"porcentaje":0.2674849467345993},{"rango":{"min":80,"max":null},"vacunados":2073,"personasINE":2605,"porcentaje":0.7957773512476007}]},"pautaCompleta":{"etarioTotal":{"vacunados":3635,"personasINE":66158,"porcentaje":0.05494422443241936},"etarioRangos":[{"rango":{"min":16,"max":17},"vacunados":0,"personasINE":2175,"porcentaje":0},{"rango":{"min":18,"max":24},"vacunados":44,"personasINE":7581,"porcentaje":0.005803983643318823},{"rango":{"min":25,"max":49},"vacunados":813,"personasINE":30066,"porcentaje":0.027040510876072642},{"rango":{"min":50,"max":59},"vacunados":511,"personasINE":11556,"porcentaje":0.04421945309795777},{"rango":{"min":60,"max":69},"vacunados":312,"personasINE":7857,"porcentaje":0.039709812905689194},{"rango":{"min":70,"max":79},"vacunados":373,"personasINE":4318,"porcentaje":0.08638258452987495},{"rango":{"min":80,"max":null},"vacunados":1582,"personasINE":2605,"porcentaje":0.6072936660268714}]}}},{"ccaa":"Melilla","dosisAdministradas":11584,"dosisEntregadas":16000,"dosisEntregadasModerna":1200,"dosisEntregadasPfizer":9000,"dosisEntregadasAstrazeneca":5800,"dosisPautaCompletada":2491,"porcentajeEntregadas":0.724,"porcentajePoblacionAdministradas":0.13303321236620883,"porcentajePoblacionCompletas":0.028607193715834443,"fechaUltRegistro":1617573556000,"etarios":{"unaDosis":{"etarioTotal":{"vacunados":9093,"personasINE":66178,"porcentaje":0.13740215781679713},"etarioRangos":[{"rango":{"min":16,"max":17},"vacunados":6,"personasINE":2324,"porcentaje":0.0025817555938037868},{"rango":{"min":18,"max":24},"vacunados":190,"personasINE":8536,"porcentaje":0.02225866916588566},{"rango":{"min":25,"max":49},"vacunados":3218,"personasINE":30095,"porcentaje":0.10692806113972421},{"rango":{"min":50,"max":59},"vacunados":1501,"personasINE":11299,"porcentaje":0.13284361447915743},{"rango":{"min":60,"max":69},"vacunados":835,"personasINE":7827,"porcentaje":0.1066819982113198},{"rango":{"min":70,"max":79},"vacunados":1791,"personasINE":3748,"porcentaje":0.477854855923159},{"rango":{"min":80,"max":null},"vacunados":1552,"personasINE":2349,"porcentaje":0.6607066836951895}]},"pautaCompleta":{"etarioTotal":{"vacunados":2491,"personasINE":66178,"porcentaje":0.03764090785457403},"etarioRangos":[{"rango":{"min":16,"max":17},"vacunados":6,"personasINE":2324,"porcentaje":0.0025817555938037868},{"rango":{"min":18,"max":24},"vacunados":55,"personasINE":8536,"porcentaje":0.006443298969072165},{"rango":{"min":25,"max":49},"vacunados":794,"personasINE":30095,"porcentaje":0.026383120119621198},{"rango":{"min":50,"max":59},"vacunados":449,"personasINE":11299,"porcentaje":0.03973802991415169},{"rango":{"min":60,"max":69},"vacunados":269,"personasINE":7827,"porcentaje":0.03436821259741919},{"rango":{"min":70,"max":79},"vacunados":57,"personasINE":3748,"porcentaje":0.015208110992529349},{"rango":{"min":80,"max":null},"vacunados":861,"personasINE":2349,"porcentaje":0.3665389527458493}]}}},{"ccaa":"Fuerzas Armadas","dosisAdministradas":54450,"dosisEntregadas":85600,"dosisEntregadasModerna":0,"dosisEntregadasPfizer":19500,"dosisEntregadasAstrazeneca":66100,"dosisPautaCompletada":5027,"porcentajeEntregadas":0.6360981308411215,"porcentajePoblacionAdministradas":null,"porcentajePoblacionCompletas":null,"fechaUltRegistro":1617573556000},{"ccaa":"Totales","dosisAdministradas":9021001,"dosisEntregadas":11909475,"dosisEntregadasModerna":1044000,"dosisEntregadasPfizer":7633275,"dosisEntregadasAstrazeneca":3232200,"dosisPautaCompletada":2902291,"porcentajeEntregadas":0.7574642039216675,"porcentajePoblacionAdministradas":0.19218152961227097,"porcentajePoblacionCompletas":0.06182980400511291,"fechaUltRegistro":null,"etarios":{"unaDosis":{"etarioTotal":{"vacunados":6118710,"personasINE":40129822,"porcentaje":0.15247289160664604},"etarioRangos":[{"rango":{"min":16,"max":17},"vacunados":1126,"personasINE":949049,"porcentaje":0.0011864508576480246},{"rango":{"min":18,"max":24},"vacunados":164159,"personasINE":3310299,"porcentaje":0.04959038443355117},{"rango":{"min":25,"max":49},"vacunados":1790549,"personasINE":16706113,"porcentaje":0.10717927024676537},{"rango":{"min":50,"max":59},"vacunados":833818,"personasINE":7033306,"porcentaje":0.11855278300133679},{"rango":{"min":60,"max":69},"vacunados":836230,"personasINE":5336986,"porcentaje":0.1566858148025871},{"rango":{"min":70,"max":79},"vacunados":216569,"personasINE":3960045,"porcentaje":0.0546885199536874},{"rango":{"min":80,"max":null},"vacunados":2276259,"personasINE":2834024,"porcentaje":0.8031897401010013}]},"pautaCompleta":{"etarioTotal":{"vacunados":2902291,"personasINE":40129822,"porcentaje":0.07232254855254529},"etarioRangos":[{"rango":{"min":16,"max":17},"vacunados":812,"personasINE":949049,"porcentaje":0.0008555933360658933},{"rango":{"min":18,"max":24},"vacunados":68595,"personasINE":3310299,"porcentaje":0.020721693115939074},{"rango":{"min":25,"max":49},"vacunados":751289,"personasINE":16706113,"porcentaje":0.04497090376438852},{"rango":{"min":50,"max":59},"vacunados":412325,"personasINE":7033306,"porcentaje":0.05862463541327507},{"rango":{"min":60,"max":69},"vacunados":262529,"personasINE":5336986,"porcentaje":0.049190498157574335},{"rango":{"min":70,"max":79},"vacunados":112217,"personasINE":3960045,"porcentaje":0.028337304247805267},{"rango":{"min":80,"max":null},"vacunados":1294524,"personasINE":2834024,"porcentaje":0.45677947681459297}]}}}]