[{"ccaa":"Andalucía","dosisAdministradas":13649359,"dosisEntregadas":13825930,"dosisEntregadasModerna":2019500,"dosisEntregadasPfizer":9935730,"dosisEntregadasAstrazeneca":1537200,"dosisEntregadasJanssen":333500,"dosisPrimeraDosis":6884742,"dosisPautaCompletada":6781427,"porcentajeEntregadas":0.9872289965304323,"porcentajePoblacionAdministradas":1.6125586293009637,"porcentajePoblacionPrimeraDosis":0.8133752011805665,"porcentajePoblacionCompletas":0.8011693902859868,"fechaUltRegistro":1637712000000,"etarios":{"unaDosis":{"etarioTotal":{"vacunados":6884742,"personasINE":7451975,"porcentaje":0.9238815213416578},"etarioRangos":[{"rango":{"min":12,"max":19},"vacunados":677264,"personasINE":752907,"porcentaje":0.8350504806863995},{"rango":{"min":20,"max":29},"vacunados":775488,"personasINE":928672,"porcentaje":0.9069758879052554},{"rango":{"min":30,"max":39},"vacunados":937530,"personasINE":1140217,"porcentaje":0.9069758879052554},{"rango":{"min":40,"max":49},"vacunados":1256265,"personasINE":1385114,"porcentaje":0.9069758879052554},{"rango":{"min":50,"max":59},"vacunados":1218599,"personasINE":1265021,"porcentaje":0.9633033759913867},{"rango":{"min":60,"max":69},"vacunados":931017,"personasINE":931017,"porcentaje":1},{"rango":{"min":70,"max":79},"vacunados":654350,"personasINE":654350,"porcentaje":1},{"rango":{"min":80,"max":null},"vacunados":434229,"personasINE":434229,"porcentaje":1}]},"pautaCompleta":{"etarioTotal":{"vacunados":6781427,"personasINE":7451975,"porcentaje":0.9100174114915844},"etarioRangos":[{"rango":{"min":12,"max":19},"vacunados":660256,"personasINE":752907,"porcentaje":0.8090574497777472},{"rango":{"min":20,"max":29},"vacunados":751349,"personasINE":928672,"porcentaje":0.8969687693576125},{"rango":{"min":30,"max":39},"vacunados":915610,"personasINE":1140217,"porcentaje":0.8969687693576125},{"rango":{"min":40,"max":49},"vacunados":1242404,"personasINE":1385114,"porcentaje":0.8969687693576125},{"rango":{"min":50,"max":59},"vacunados":1208883,"personasINE":1265021,"porcentaje":0.9556228710827726},{"rango":{"min":60,"max":69},"vacunados":923226,"personasINE":916147,"porcentaje":1.0077269259190937},{"rango":{"min":70,"max":79},"vacunados":650352,"personasINE":650381,"porcentaje":0.9999554107515441},{"rango":{"min":80,"max":null},"vacunados":429347,"personasINE":429347,"porcentaje":1}]}}},{"ccaa":"Aragón","dosisAdministradas":2136008,"dosisEntregadas":2187396,"dosisEntregadasModerna":293490,"dosisEntregadasPfizer":1575141,"dosisEntregadasAstrazeneca":255200,"dosisEntregadasJanssen":63565,"dosisPrimeraDosis":1070880,"dosisPautaCompletada":1052797,"porcentajeEntregadas":0.976507225943542,"porcentajePoblacionAdministradas":1.606756778103658,"porcentajePoblacionPrimeraDosis":0.805541785674794,"porcentajePoblacionCompletas":0.791939316574281,"fechaUltRegistro":1637712000000,"etarios":{"unaDosis":{"etarioTotal":{"vacunados":1070880,"personasINE":1185134,"porcentaje":0.90359402396691},"etarioRangos":[{"rango":{"min":12,"max":19},"vacunados":88877,"personasINE":103109,"porcentaje":0.8043266539367029},{"rango":{"min":20,"max":29},"vacunados":104885,"personasINE":130401.00000000001,"porcentaje":0.8772186114458251},{"rango":{"min":30,"max":39},"vacunados":126629,"personasINE":164286,"porcentaje":0.8772186114458251},{"rango":{"min":40,"max":49},"vacunados":188552,"personasINE":214943,"porcentaje":0.8772186114458251},{"rango":{"min":50,"max":59},"vacunados":186384,"personasINE":198266,"porcentaje":0.9400704104586767},{"rango":{"min":60,"max":69},"vacunados":154742,"personasINE":156367,"porcentaje":0.9896077816930682},{"rango":{"min":70,"max":79},"vacunados":119412,"personasINE":119412,"porcentaje":1},{"rango":{"min":80,"max":null},"vacunados":101399,"personasINE":101399,"porcentaje":1}]},"pautaCompleta":{"etarioTotal":{"vacunados":1052797,"personasINE":1185134,"porcentaje":0.8883358337538202},"etarioRangos":[{"rango":{"min":12,"max":19},"vacunados":86181,"personasINE":103109,"porcentaje":0.7773560018711513},{"rango":{"min":20,"max":29},"vacunados":101368,"personasINE":130401,"porcentaje":0.8651921672257296},{"rango":{"min":30,"max":39},"vacunados":123327,"personasINE":164286,"porcentaje":0.8651921672257296},{"rango":{"min":40,"max":49},"vacunados":185967,"personasINE":214943,"porcentaje":0.8651921672257296},{"rango":{"min":50,"max":59},"vacunados":184342,"personasINE":198266,"porcentaje":0.9297711155720093},{"rango":{"min":60,"max":69},"vacunados":152805,"personasINE":156367,"porcentaje":0.9772202574712056},{"rango":{"min":70,"max":79},"vacunados":118696,"personasINE":118955,"porcentaje":0.9978227060653189},{"rango":{"min":80,"max":null},"vacunados":100111,"personasINE":100111,"porcentaje":1}]}}},{"ccaa":"Asturias","dosisAdministradas":1811280,"dosisEntregadas":1799425,"dosisEntregadasModerna":161040,"dosisEntregadasPfizer":1374485,"dosisEntregadasAstrazeneca":220900,"dosisEntregadasJanssen":43000,"dosisPrimeraDosis":874554,"dosisPautaCompletada":866738,"porcentajeEntregadas":1.006588215680009,"porcentajePoblacionAdministradas":1.777884222759682,"porcentajePoblacionPrimeraDosis":0.858429264692025,"porcentajePoblacionCompletas":0.8507573734962465,"fechaUltRegistro":1637712000000,"etarios":{"unaDosis":{"etarioTotal":{"vacunados":874554,"personasINE":933927,"porcentaje":0.9364265087099956},"etarioRangos":[{"rango":{"min":12,"max":19},"vacunados":60698,"personasINE":64000,"porcentaje":0.8446233772800242},{"rango":{"min":20,"max":29},"vacunados":66819,"personasINE":79111,"porcentaje":0.9035288904325331},{"rango":{"min":30,"max":39},"vacunados":91196,"personasINE":114451,"porcentaje":0.9035288904325331},{"rango":{"min":40,"max":49},"vacunados":150883,"personasINE":166993,"porcentaje":0.9035288904325331},{"rango":{"min":50,"max":59},"vacunados":153313,"personasINE":162645,"porcentaje":0.9426235051799933},{"rango":{"min":60,"max":69},"vacunados":148273,"personasINE":149652,"porcentaje":0.9907852885360704},{"rango":{"min":70,"max":79},"vacunados":114390,"personasINE":114390,"porcentaje":1},{"rango":{"min":80,"max":null},"vacunados":88982,"personasINE":88982,"porcentaje":1}]},"pautaCompleta":{"etarioTotal":{"vacunados":866738,"personasINE":933927,"porcentaje":0.9280575462536151},"etarioRangos":[{"rango":{"min":12,"max":19},"vacunados":59725,"personasINE":64000,"porcentaje":0.8253087434111565},{"rango":{"min":20,"max":29},"vacunados":65291,"personasINE":79111,"porcentaje":0.8977621816483325},{"rango":{"min":30,"max":39},"vacunados":89687,"personasINE":114451,"porcentaje":0.8977621816483325},{"rango":{"min":40,"max":49},"vacunados":149920,"personasINE":166993,"porcentaje":0.8977621816483325},{"rango":{"min":50,"max":59},"vacunados":152557,"personasINE":162645,"porcentaje":0.9379753450767008},{"rango":{"min":60,"max":69},"vacunados":147411,"personasINE":149652,"porcentaje":0.9850252585999519},{"rango":{"min":70,"max":79},"vacunados":113955,"personasINE":113955,"porcentaje":1},{"rango":{"min":80,"max":null},"vacunados":88192,"personasINE":88192,"porcentaje":1}]}}},{"ccaa":"Baleares","dosisAdministradas":1712591,"dosisEntregadas":1909050,"dosisEntregadasModerna":305100,"dosisEntregadasPfizer":1318950,"dosisEntregadasAstrazeneca":227400,"dosisEntregadasJanssen":57600,"dosisPrimeraDosis":866539,"dosisPautaCompletada":849855,"porcentajeEntregadas":0.8970906995626097,"porcentajePoblacionAdministradas":1.4618251314719135,"porcentajePoblacionPrimeraDosis":0.7396561628553113,"porcentajePoblacionCompletas":0.7254151149381628,"fechaUltRegistro":1637712000000,"etarios":{"unaDosis":{"etarioTotal":{"vacunados":866539,"personasINE":1034867,"porcentaje":0.8373433494352415},"etarioRangos":[{"rango":{"min":12,"max":19},"vacunados":76264,"personasINE":95480,"porcentaje":0.7186643661828884},{"rango":{"min":20,"max":29},"vacunados":99134,"personasINE":137942,"porcentaje":0.820722503540733},{"rango":{"min":30,"max":39},"vacunados":129062,"personasINE":182187,"porcentaje":0.820722503540733},{"rango":{"min":40,"max":49},"vacunados":169210,"personasINE":206172,"porcentaje":0.820722503540733},{"rango":{"min":50,"max":59},"vacunados":151085,"personasINE":165797,"porcentaje":0.9112649806691315},{"rango":{"min":60,"max":69},"vacunados":110771,"personasINE":117231,"porcentaje":0.9448951215975296},{"rango":{"min":70,"max":79},"vacunados":79424,"personasINE":80516,"porcentaje":0.9864374782651896},{"rango":{"min":80,"max":null},"vacunados":51589,"personasINE":51589,"porcentaje":1}]},"pautaCompleta":{"etarioTotal":{"vacunados":849855,"personasINE":1034867,"porcentaje":0.8212214709716321},"etarioRangos":[{"rango":{"min":12,"max":19},"vacunados":73827,"personasINE":95480,"porcentaje":0.6916675124327616},{"rango":{"min":20,"max":29},"vacunados":95410,"personasINE":137942,"porcentaje":0.8072531672584056},{"rango":{"min":30,"max":39},"vacunados":125080,"personasINE":182187,"porcentaje":0.8072531672584056},{"rango":{"min":40,"max":49},"vacunados":166433,"personasINE":206172,"porcentaje":0.8072531672584056},{"rango":{"min":50,"max":59},"vacunados":149294,"personasINE":165797,"porcentaje":0.9004626139194316},{"rango":{"min":60,"max":69},"vacunados":109723,"personasINE":117231,"porcentaje":0.9359555066492651},{"rango":{"min":70,"max":79},"vacunados":79021,"personasINE":80516,"porcentaje":0.9814322619106761},{"rango":{"min":80,"max":null},"vacunados":51067,"personasINE":51067,"porcentaje":1}]}}},{"ccaa":"Canarias","dosisAdministradas":3261730,"dosisEntregadas":3567300,"dosisEntregadasModerna":574700,"dosisEntregadasPfizer":2403150,"dosisEntregadasAstrazeneca":455800,"dosisEntregadasJanssen":133650,"dosisPrimeraDosis":1689884,"dosisPautaCompletada":1649154,"porcentajeEntregadas":0.9143413786337006,"porcentajePoblacionAdministradas":1.498989867423546,"porcentajePoblacionPrimeraDosis":0.7766182342257549,"porcentajePoblacionCompletas":0.7578999904409656,"fechaUltRegistro":1637712000000,"etarios":{"unaDosis":{"etarioTotal":{"vacunados":1689884,"personasINE":1960774,"porcentaje":0.8618453733066636},"etarioRangos":[{"rango":{"min":12,"max":19},"vacunados":156093,"personasINE":179797,"porcentaje":0.7579325357103135},{"rango":{"min":20,"max":29},"vacunados":190808,"personasINE":251748,"porcentaje":0.8233030181169507},{"rango":{"min":30,"max":39},"vacunados":231634,"personasINE":310934,"porcentaje":0.8233030181169507},{"rango":{"min":40,"max":49},"vacunados":319379,"personasINE":387924,"porcentaje":0.8233030181169507},{"rango":{"min":50,"max":59},"vacunados":321652,"personasINE":350512,"porcentaje":0.9176633039667687},{"rango":{"min":60,"max":69},"vacunados":225102,"personasINE":235092,"porcentaje":0.9575059976519831},{"rango":{"min":70,"max":79},"vacunados":151908,"personasINE":154531,"porcentaje":0.9830260594961528},{"rango":{"min":80,"max":null},"vacunados":93308,"personasINE":93308,"porcentaje":1}]},"pautaCompleta":{"etarioTotal":{"vacunados":1649154,"personasINE":1960774,"porcentaje":0.8410729640437908},"etarioRangos":[{"rango":{"min":12,"max":19},"vacunados":146723,"personasINE":179797,"porcentaje":0.716772327883439},{"rango":{"min":20,"max":29},"vacunados":180446,"personasINE":251748,"porcentaje":0.8118188098699746},{"rango":{"min":30,"max":39},"vacunados":224047,"personasINE":310934,"porcentaje":0.8118188098699746},{"rango":{"min":40,"max":49},"vacunados":314924,"personasINE":387924,"porcentaje":0.8118188098699746},{"rango":{"min":50,"max":59},"vacunados":319019,"personasINE":350512,"porcentaje":0.9101514356141872},{"rango":{"min":60,"max":69},"vacunados":221431,"personasINE":235092,"porcentaje":0.9418908342266007},{"rango":{"min":70,"max":79},"vacunados":150473,"personasINE":154531,"porcentaje":0.973739896849176},{"rango":{"min":80,"max":null},"vacunados":92091,"personasINE":92091,"porcentaje":1}]}}},{"ccaa":"Cantabria","dosisAdministradas":980302,"dosisEntregadas":1030555,"dosisEntregadasModerna":114900,"dosisEntregadasPfizer":768255,"dosisEntregadasAstrazeneca":125200,"dosisEntregadasJanssen":22200,"dosisPrimeraDosis":484794,"dosisPautaCompletada":479435,"porcentajeEntregadas":0.9512369548447196,"porcentajePoblacionAdministradas":1.681752601195735,"porcentajePoblacionPrimeraDosis":0.8316861238109126,"porcentajePoblacionCompletas":0.822492515933128,"fechaUltRegistro":1637712000000,"etarios":{"unaDosis":{"etarioTotal":{"vacunados":484794,"personasINE":524127,"porcentaje":0.9249552112369712},"etarioRangos":[{"rango":{"min":12,"max":19},"vacunados":39986,"personasINE":43963,"porcentaje":0.8243342243342243},{"rango":{"min":20,"max":29},"vacunados":41633,"personasINE":50505,"porcentaje":0.903343595618243},{"rango":{"min":30,"max":39},"vacunados":55126,"personasINE":70473,"porcentaje":0.903343595618243},{"rango":{"min":40,"max":49},"vacunados":88319,"personasINE":97769,"porcentaje":0.903343595618243},{"rango":{"min":50,"max":59},"vacunados":84496,"personasINE":89964,"porcentaje":0.9392201324974434},{"rango":{"min":60,"max":69},"vacunados":76810,"personasINE":77345,"porcentaje":0.9930829400736958},{"rango":{"min":70,"max":79},"vacunados":56022,"personasINE":56022,"porcentaje":1},{"rango":{"min":80,"max":null},"vacunados":42402,"personasINE":42402,"porcentaje":1}]},"pautaCompleta":{"etarioTotal":{"vacunados":479435,"personasINE":524127,"porcentaje":0.91473059010507},"etarioRangos":[{"rango":{"min":12,"max":19},"vacunados":39130,"personasINE":43963,"porcentaje":0.8062370062370062},{"rango":{"min":20,"max":29},"vacunados":40719,"personasINE":50505,"porcentaje":0.8906504106618662},{"rango":{"min":30,"max":39},"vacunados":54350,"personasINE":70473,"porcentaje":0.8906504106618662},{"rango":{"min":40,"max":49},"vacunados":87078,"personasINE":97769,"porcentaje":0.8906504106618662},{"rango":{"min":50,"max":59},"vacunados":83849,"personasINE":89964,"porcentaje":0.9320283669023165},{"rango":{"min":60,"max":69},"vacunados":76417,"personasINE":77345,"porcentaje":0.9880018100717565},{"rango":{"min":70,"max":79},"vacunados":55846,"personasINE":55846,"porcentaje":1},{"rango":{"min":80,"max":null},"vacunados":42046,"personasINE":42046,"porcentaje":1}]}}},{"ccaa":"Castilla y Leon","dosisAdministradas":4079817,"dosisEntregadas":4252190,"dosisEntregadasModerna":410240,"dosisEntregadasPfizer":3274545,"dosisEntregadasAstrazeneca":467030,"dosisEntregadasJanssen":100375,"dosisPrimeraDosis":2012198,"dosisPautaCompletada":1976027,"porcentajeEntregadas":0.9594625357756826,"porcentajePoblacionAdministradas":1.703530976843466,"porcentajePoblacionPrimeraDosis":0.8401949461317674,"porcentajePoblacionCompletas":0.8250917150399304,"fechaUltRegistro":1637712000000,"etarios":{"unaDosis":{"etarioTotal":{"vacunados":2012198,"personasINE":2176253,"porcentaje":0.924615841999988},"etarioRangos":[{"rango":{"min":12,"max":19},"vacunados":146129,"personasINE":165342,"porcentaje":0.8293271281385364},{"rango":{"min":20,"max":29},"vacunados":174993,"personasINE":211006,"porcentaje":0.8853029823426597},{"rango":{"min":30,"max":39},"vacunados":213895,"personasINE":267783,"porcentaje":0.8853029823426597},{"rango":{"min":40,"max":49},"vacunados":321635,"personasINE":363305,"porcentaje":0.8853029823426597},{"rango":{"min":50,"max":59},"vacunados":353714,"personasINE":381175,"porcentaje":0.927956975142651},{"rango":{"min":60,"max":69},"vacunados":321076,"personasINE":321076,"porcentaje":1},{"rango":{"min":70,"max":79},"vacunados":251206,"personasINE":251206,"porcentaje":1},{"rango":{"min":80,"max":null},"vacunados":229550,"personasINE":229550,"porcentaje":1}]},"pautaCompleta":{"etarioTotal":{"vacunados":1976027,"personasINE":2176253,"porcentaje":0.9079950722641164},"etarioRangos":[{"rango":{"min":12,"max":19},"vacunados":136823,"personasINE":165342,"porcentaje":0.798493881690568},{"rango":{"min":20,"max":29},"vacunados":168487,"personasINE":211006,"porcentaje":0.8727047522054472},{"rango":{"min":30,"max":39},"vacunados":208422,"personasINE":267783,"porcentaje":0.8727047522054472},{"rango":{"min":40,"max":49},"vacunados":317058,"personasINE":363305,"porcentaje":0.8727047522054472},{"rango":{"min":50,"max":59},"vacunados":349693,"personasINE":381175,"porcentaje":0.9174080146914148},{"rango":{"min":60,"max":69},"vacunados":318655,"personasINE":318575,"porcentaje":1.000251118261006},{"rango":{"min":70,"max":79},"vacunados":249550,"personasINE":249550,"porcentaje":1},{"rango":{"min":80,"max":null},"vacunados":227339,"personasINE":227339,"porcentaje":1}]}}},{"ccaa":"Castilla La Mancha","dosisAdministradas":3228339,"dosisEntregadas":3283030,"dosisEntregadasModerna":446270,"dosisEntregadasPfizer":2360925,"dosisEntregadasAstrazeneca":382100,"dosisEntregadasJanssen":93735,"dosisPrimeraDosis":1628389,"dosisPautaCompletada":1569555,"porcentajeEntregadas":0.9833413036128211,"porcentajePoblacionAdministradas":1.5784792939247152,"porcentajePoblacionPrimeraDosis":0.7961921963445515,"porcentajePoblacionCompletas":0.7674256229522384,"fechaUltRegistro":1637712000000},{"ccaa":"Cataluña","dosisAdministradas":11704870,"dosisEntregadas":11964030,"dosisEntregadasModerna":1604900,"dosisEntregadasPfizer":8469080,"dosisEntregadasAstrazeneca":1514300,"dosisEntregadasJanssen":375750,"dosisPrimeraDosis":6026697,"dosisPautaCompletada":5903707,"porcentajeEntregadas":0.9783384026954128,"porcentajePoblacionAdministradas":1.504389382710242,"porcentajePoblacionPrimeraDosis":0.7745920270461497,"porcentajePoblacionCompletas":0.7587845169943908,"fechaUltRegistro":1637712000000,"etarios":{"unaDosis":{"etarioTotal":{"vacunados":6026697,"personasINE":6868360,"porcentaje":0.8774579375571461},"etarioRangos":[{"rango":{"min":12,"max":19},"vacunados":541714,"personasINE":656166,"porcentaje":0.7770113298408101},{"rango":{"min":20,"max":29},"vacunados":651862,"personasINE":838935,"porcentaje":0.8621505139528614},{"rango":{"min":30,"max":39},"vacunados":789284,"personasINE":1044652,"porcentaje":0.8621505139528614},{"rango":{"min":40,"max":49},"vacunados":1135241,"personasINE":1316755,"porcentaje":0.8621505139528614},{"rango":{"min":50,"max":59},"vacunados":1028921,"personasINE":1091780,"porcentaje":0.9424252138709264},{"rango":{"min":60,"max":69},"vacunados":801372,"personasINE":837584,"porcentaje":0.956766127337676},{"rango":{"min":70,"max":79},"vacunados":619040,"personasINE":635292,"porcentaje":0.9744180628750244},{"rango":{"min":80,"max":null},"vacunados":459263,"personasINE":459263,"porcentaje":1}]},"pautaCompleta":{"etarioTotal":{"vacunados":5903707,"personasINE":6868360,"porcentaje":0.8595511883477278},"etarioRangos":[{"rango":{"min":12,"max":19},"vacunados":522936,"personasINE":656166,"porcentaje":0.7442066429461162},{"rango":{"min":20,"max":29},"vacunados":624341,"personasINE":838935,"porcentaje":0.8482147400237705},{"rango":{"min":30,"max":39},"vacunados":763464,"personasINE":1044652,"porcentaje":0.8482147400237705},{"rango":{"min":40,"max":49},"vacunados":1116891,"personasINE":1316755,"porcentaje":0.8482147400237705},{"rango":{"min":50,"max":59},"vacunados":1017814,"personasINE":1091780,"porcentaje":0.932251918884757},{"rango":{"min":60,"max":69},"vacunados":789600,"personasINE":837584,"porcentaje":0.9427114176011003},{"rango":{"min":70,"max":79},"vacunados":615010,"personasINE":635292,"porcentaje":0.9680745232113737},{"rango":{"min":80,"max":null},"vacunados":453651,"personasINE":453651,"porcentaje":1}]}}},{"ccaa":"C. Valenciana","dosisAdministradas":8107898,"dosisEntregadas":8488355,"dosisEntregadasModerna":1213650,"dosisEntregadasPfizer":6197680,"dosisEntregadasAstrazeneca":863900,"dosisEntregadasJanssen":213125,"dosisPrimeraDosis":4093069,"dosisPautaCompletada":4029587,"porcentajeEntregadas":0.9551789481000735,"porcentajePoblacionAdministradas":1.6031900482327415,"porcentajePoblacionPrimeraDosis":0.8093302959077604,"porcentajePoblacionCompletas":0.7967778796536449,"fechaUltRegistro":1637712000000,"etarios":{"unaDosis":{"etarioTotal":{"vacunados":4093069,"personasINE":4488459,"porcentaje":0.9119096331279845},"etarioRangos":[{"rango":{"min":12,"max":19},"vacunados":376263,"personasINE":424531,"porcentaje":0.8308145685355901},{"rango":{"min":20,"max":29},"vacunados":428805,"personasINE":516126,"porcentaje":0.8865672132533573},{"rango":{"min":30,"max":39},"vacunados":513256,"personasINE":648759,"porcentaje":0.8865672132533573},{"rango":{"min":40,"max":49},"vacunados":754990,"personasINE":851588,"porcentaje":0.8865672132533573},{"rango":{"min":50,"max":59},"vacunados":716130,"personasINE":752334,"porcentaje":0.9518777564220147},{"rango":{"min":60,"max":69},"vacunados":571104,"personasINE":580728,"porcentaje":0.9834276976484688},{"rango":{"min":70,"max":79},"vacunados":434962,"personasINE":437862,"porcentaje":0.9933769087063961},{"rango":{"min":80,"max":null},"vacunados":297559,"personasINE":297559,"porcentaje":1}]},"pautaCompleta":{"etarioTotal":{"vacunados":4029587,"personasINE":4488459,"porcentaje":0.8977662489509206},"etarioRangos":[{"rango":{"min":12,"max":19},"vacunados":363657,"personasINE":424531,"porcentaje":0.8037126593118734},{"rango":{"min":20,"max":29},"vacunados":414817,"personasINE":516126.00000000006,"porcentaje":0.8769522351183906},{"rango":{"min":30,"max":39},"vacunados":501551,"personasINE":648759,"porcentaje":0.8769522351183906},{"rango":{"min":40,"max":49},"vacunados":746802,"personasINE":851588,"porcentaje":0.8769522351183906},{"rango":{"min":50,"max":59},"vacunados":710675,"personasINE":752334,"porcentaje":0.9446269874816239},{"rango":{"min":60,"max":69},"vacunados":566234,"personasINE":580728,"porcentaje":0.9750416718325964},{"rango":{"min":70,"max":79},"vacunados":432261,"personasINE":437862,"porcentaje":0.9872082985050085},{"rango":{"min":80,"max":null},"vacunados":293590,"personasINE":293590,"porcentaje":1}]}}},{"ccaa":"Extremadura","dosisAdministradas":1834373,"dosisEntregadas":1833705,"dosisEntregadasModerna":218200,"dosisEntregadasPfizer":1377755,"dosisEntregadasAstrazeneca":186000,"dosisEntregadasJanssen":51750,"dosisPrimeraDosis":900939,"dosisPautaCompletada":887384,"porcentajeEntregadas":1.000364289784889,"porcentajePoblacionAdministradas":1.7240558390281084,"porcentajePoblacionPrimeraDosis":0.8467575261727822,"porcentajePoblacionCompletas":0.8340177088629842,"fechaUltRegistro":1637712000000,"etarios":{"unaDosis":{"etarioTotal":{"vacunados":900939,"personasINE":953437,"porcentaje":0.9449381553264663},"etarioRangos":[{"rango":{"min":12,"max":19},"vacunados":77933,"personasINE":84750,"porcentaje":0.8295093540416519},{"rango":{"min":20,"max":29},"vacunados":94000,"personasINE":113320,"porcentaje":0.9184671523693682},{"rango":{"min":30,"max":39},"vacunados":113542,"personasINE":133479,"porcentaje":0.9184671523693682},{"rango":{"min":40,"max":49},"vacunados":146490,"personasINE":159494,"porcentaje":0.9184671523693682},{"rango":{"min":50,"max":59},"vacunados":161686,"personasINE":169216,"porcentaje":0.9555006618759455},{"rango":{"min":60,"max":69},"vacunados":132977,"personasINE":132977,"porcentaje":1},{"rango":{"min":70,"max":79},"vacunados":96002,"personasINE":96002,"porcentaje":1},{"rango":{"min":80,"max":null},"vacunados":78309,"personasINE":78309,"porcentaje":1}]},"pautaCompleta":{"etarioTotal":{"vacunados":887384,"personasINE":953437,"porcentaje":0.9307211698308331},"etarioRangos":[{"rango":{"min":12,"max":19},"vacunados":75365,"personasINE":84750,"porcentaje":0.802770914225203},{"rango":{"min":20,"max":29},"vacunados":90970,"personasINE":113320,"porcentaje":0.907081144118274},{"rango":{"min":30,"max":39},"vacunados":111056,"personasINE":133479,"porcentaje":0.907081144118274},{"rango":{"min":40,"max":49},"vacunados":144674,"personasINE":159494,"porcentaje":0.907081144118274},{"rango":{"min":50,"max":59},"vacunados":160455,"personasINE":169216,"porcentaje":0.9482259360816944},{"rango":{"min":60,"max":69},"vacunados":131784,"personasINE":125297.00000000001,"porcentaje":1.0517729873819803},{"rango":{"min":70,"max":79},"vacunados":95539,"personasINE":95539,"porcentaje":1},{"rango":{"min":80,"max":null},"vacunados":77541,"personasINE":77541,"porcentaje":1}]}}},{"ccaa":"Galicia","dosisAdministradas":4749910,"dosisEntregadas":4887479,"dosisEntregadasModerna":527400,"dosisEntregadasPfizer":3663979,"dosisEntregadasAstrazeneca":573400,"dosisEntregadasJanssen":122700,"dosisPrimeraDosis":2316370,"dosisPautaCompletada":2295389,"porcentajeEntregadas":0.9718527690860667,"porcentajePoblacionAdministradas":1.7580415268380303,"porcentajePoblacionPrimeraDosis":0.8573372235519848,"porcentajePoblacionCompletas":0.8495717144634781,"fechaUltRegistro":1637712000000,"etarios":{"unaDosis":{"etarioTotal":{"vacunados":2316370,"personasINE":2454497,"porcentaje":0.9437249261253935},"etarioRangos":[{"rango":{"min":12,"max":19},"vacunados":170492,"personasINE":180007,"porcentaje":0.8663266675614012},{"rango":{"min":20,"max":29},"vacunados":200105,"personasINE":230981,"porcentaje":0.9227270368506907},{"rango":{"min":30,"max":39},"vacunados":264826,"personasINE":323408,"porcentaje":0.9227270368506907},{"rango":{"min":40,"max":49},"vacunados":408972,"personasINE":443221,"porcentaje":0.9227270368506907},{"rango":{"min":50,"max":59},"vacunados":391492,"personasINE":405889,"porcentaje":0.9645297113250174},{"rango":{"min":60,"max":69},"vacunados":346498,"personasINE":346927,"porcentaje":0.9987634286175477},{"rango":{"min":70,"max":79},"vacunados":291505,"personasINE":291505,"porcentaje":1},{"rango":{"min":80,"max":null},"vacunados":242480,"personasINE":242480,"porcentaje":1}]},"pautaCompleta":{"etarioTotal":{"vacunados":2295389,"personasINE":2454497,"porcentaje":0.9351769425670514},"etarioRangos":[{"rango":{"min":12,"max":19},"vacunados":166672,"personasINE":180007,"porcentaje":0.8463639866482524},{"rango":{"min":20,"max":29},"vacunados":195494,"personasINE":230981,"porcentaje":0.9162314060028744},{"rango":{"min":30,"max":39},"vacunados":261131,"personasINE":323408,"porcentaje":0.9162314060028744},{"rango":{"min":40,"max":49},"vacunados":406093,"personasINE":443221,"porcentaje":0.9162314060028744},{"rango":{"min":50,"max":59},"vacunados":389512,"personasINE":405889,"porcentaje":0.959651530344503},{"rango":{"min":60,"max":69},"vacunados":345348,"personasINE":346927,"porcentaje":0.9954486102263589},{"rango":{"min":70,"max":79},"vacunados":290275,"personasINE":290275,"porcentaje":1},{"rango":{"min":80,"max":null},"vacunados":240864,"personasINE":240864,"porcentaje":1}]}}},{"ccaa":"La Rioja","dosisAdministradas":517154,"dosisEntregadas":557305,"dosisEntregadasModerna":67600,"dosisEntregadasPfizer":421265,"dosisEntregadasAstrazeneca":53240,"dosisEntregadasJanssen":15200,"dosisPrimeraDosis":261621,"dosisPautaCompletada":256919,"porcentajeEntregadas":0.927955069486188,"porcentajePoblacionAdministradas":1.616540695311865,"porcentajePoblacionPrimeraDosis":0.8177854048275474,"porcentajePoblacionCompletas":0.8030877048206706,"fechaUltRegistro":1637712000000,"etarios":{"unaDosis":{"etarioTotal":{"vacunados":261621,"personasINE":283970,"porcentaje":0.9212980244392013},"etarioRangos":[{"rango":{"min":12,"max":19},"vacunados":22299,"personasINE":25532,"porcentaje":0.8022851139273754},{"rango":{"min":20,"max":29},"vacunados":24436,"personasINE":30458,"porcentaje":0.901316410750373},{"rango":{"min":30,"max":39},"vacunados":31474,"personasINE":39319,"porcentaje":0.901316410750373},{"rango":{"min":40,"max":49},"vacunados":47722,"personasINE":52947,"porcentaje":0.901316410750373},{"rango":{"min":50,"max":59},"vacunados":45499,"personasINE":47664,"porcentaje":0.9545778784827124},{"rango":{"min":60,"max":69},"vacunados":38111,"personasINE":38111,"porcentaje":1},{"rango":{"min":70,"max":79},"vacunados":28689,"personasINE":28689,"porcentaje":1},{"rango":{"min":80,"max":null},"vacunados":23391,"personasINE":23391,"porcentaje":1}]},"pautaCompleta":{"etarioTotal":{"vacunados":256919,"personasINE":283970,"porcentaje":0.9047399373173223},"etarioRangos":[{"rango":{"min":12,"max":19},"vacunados":21560,"personasINE":25532,"porcentaje":0.7736883577385252},{"rango":{"min":20,"max":29},"vacunados":23565,"personasINE":30458,"porcentaje":0.8869813209435851},{"rango":{"min":30,"max":39},"vacunados":30680,"personasINE":39319,"porcentaje":0.8869813209435851},{"rango":{"min":40,"max":49},"vacunados":46963,"personasINE":52947,"porcentaje":0.8869813209435851},{"rango":{"min":50,"max":59},"vacunados":44860,"personasINE":47664,"porcentaje":0.9411715340718362},{"rango":{"min":60,"max":69},"vacunados":37544,"personasINE":37718,"porcentaje":0.9953868179648974},{"rango":{"min":70,"max":79},"vacunados":28574,"personasINE":28574,"porcentaje":1},{"rango":{"min":80,"max":null},"vacunados":23173,"personasINE":23173,"porcentaje":1}]}}},{"ccaa":"Madrid","dosisAdministradas":10406173,"dosisEntregadas":10827035,"dosisEntregadasModerna":1645800,"dosisEntregadasPfizer":7637685,"dosisEntregadasAstrazeneca":1222100,"dosisEntregadasJanssen":321450,"dosisPrimeraDosis":5394993,"dosisPautaCompletada":5281951,"porcentajeEntregadas":0.9611286007665072,"porcentajePoblacionAdministradas":1.5348591304163137,"porcentajePoblacionPrimeraDosis":0.7957348262980155,"porcentajePoblacionCompletas":0.7790616895146351,"fechaUltRegistro":1637712000000,"etarios":{"unaDosis":{"etarioTotal":{"vacunados":5394993,"personasINE":5977937,"porcentaje":0.9024840843923246},"etarioRangos":[{"rango":{"min":12,"max":19},"vacunados":462089,"personasINE":553542,"porcentaje":0.8238836324455369},{"rango":{"min":20,"max":29},"vacunados":611713,"personasINE":742475,"porcentaje":0.8918009110003594},{"rango":{"min":30,"max":39},"vacunados":759125,"personasINE":949640,"porcentaje":0.8918009110003594},{"rango":{"min":40,"max":49},"vacunados":1039814,"personasINE":1165971,"porcentaje":0.8918009110003594},{"rango":{"min":50,"max":59},"vacunados":944813,"personasINE":972783,"porcentaje":0.9712474416185316},{"rango":{"min":60,"max":69},"vacunados":690923,"personasINE":703323,"porcentaje":0.9823694092188084},{"rango":{"min":70,"max":79},"vacunados":511989,"personasINE":526081,"porcentaje":0.9732132504310173},{"rango":{"min":80,"max":null},"vacunados":374527,"personasINE":374527,"porcentaje":1}]},"pautaCompleta":{"etarioTotal":{"vacunados":5281951,"personasINE":5977937,"porcentaje":0.8835742163224537},"etarioRangos":[{"rango":{"min":12,"max":19},"vacunados":448131,"personasINE":553542,"porcentaje":0.7880952220613489},{"rango":{"min":20,"max":29},"vacunados":585141,"personasINE":742475,"porcentaje":0.874298760432292},{"rango":{"min":30,"max":39},"vacunados":732897,"personasINE":949639.9999999999,"porcentaje":0.874298760432292},{"rango":{"min":40,"max":49},"vacunados":1019407,"personasINE":1165971,"porcentaje":0.874298760432292},{"rango":{"min":50,"max":59},"vacunados":936628,"personasINE":972783,"porcentaje":0.9628334376731501},{"rango":{"min":60,"max":69},"vacunados":678333,"personasINE":703323,"porcentaje":0.9644686722885503},{"rango":{"min":70,"max":79},"vacunados":509826,"personasINE":526081,"porcentaje":0.9691017162756306},{"rango":{"min":80,"max":null},"vacunados":371588,"personasINE":371588,"porcentaje":1}]}}},{"ccaa":"Murcia","dosisAdministradas":2342833,"dosisEntregadas":2407175,"dosisEntregadasModerna":398000,"dosisEntregadasPfizer":1687865,"dosisEntregadasAstrazeneca":253010,"dosisEntregadasJanssen":68300,"dosisPrimeraDosis":1199718,"dosisPautaCompletada":1171601,"porcentajeEntregadas":0.9732707426755429,"porcentajePoblacionAdministradas":1.550260678073993,"porcentajePoblacionPrimeraDosis":0.7938575392175092,"porcentajePoblacionCompletas":0.7752524233234586,"fechaUltRegistro":1637625600000,"etarios":{"unaDosis":{"etarioTotal":{"vacunados":1199718,"personasINE":1310137,"porcentaje":0.915719501090344},"etarioRangos":[{"rango":{"min":12,"max":19},"vacunados":121581,"personasINE":141894,"porcentaje":0.8284740606567275},{"rango":{"min":20,"max":29},"vacunados":142703,"personasINE":172248,"porcentaje":0.9153436655295742},{"rango":{"min":30,"max":39},"vacunados":168671,"personasINE":209003,"porcentaje":0.9153436655295742},{"rango":{"min":40,"max":49},"vacunados":232641,"personasINE":254157,"porcentaje":0.9153436655295742},{"rango":{"min":50,"max":59},"vacunados":207922,"personasINE":213256,"porcentaje":0.9749878080804292},{"rango":{"min":60,"max":69},"vacunados":148656,"personasINE":148656,"porcentaje":1},{"rango":{"min":70,"max":79},"vacunados":103494,"personasINE":103494,"porcentaje":1},{"rango":{"min":80,"max":null},"vacunados":74050,"personasINE":74050,"porcentaje":1}]},"pautaCompleta":{"etarioTotal":{"vacunados":1171601,"personasINE":1310137,"porcentaje":0.8942583867183356},"etarioRangos":[{"rango":{"min":12,"max":19},"vacunados":117274,"personasINE":141894,"porcentaje":0.7907145511123497},{"rango":{"min":20,"max":29},"vacunados":136199,"personasINE":172248,"porcentaje":0.8963672060970188},{"rango":{"min":30,"max":39},"vacunados":163021,"personasINE":209003,"porcentaje":0.8963672060970188},{"rango":{"min":40,"max":49},"vacunados":227818,"personasINE":254157,"porcentaje":0.8963672060970188},{"rango":{"min":50,"max":59},"vacunados":205410,"personasINE":213256,"porcentaje":0.9632085380950595},{"rango":{"min":60,"max":69},"vacunados":146079,"personasINE":146909,"porcentaje":0.9943502440286164},{"rango":{"min":70,"max":79},"vacunados":102556,"personasINE":102899,"porcentaje":0.996666634272442},{"rango":{"min":80,"max":null},"vacunados":73244,"personasINE":73244,"porcentaje":1}]}}},{"ccaa":"Navarra","dosisAdministradas":1061460,"dosisEntregadas":1074255,"dosisEntregadasModerna":151500,"dosisEntregadasPfizer":762405,"dosisEntregadasAstrazeneca":136600,"dosisEntregadasJanssen":23750,"dosisPrimeraDosis":530674,"dosisPautaCompletada":524055,"porcentajeEntregadas":0.9880894201097504,"porcentajePoblacionAdministradas":1.6053611858493007,"porcentajePoblacionPrimeraDosis":0.8025958980455145,"porcentajePoblacionCompletas":0.7925852658133657,"fechaUltRegistro":1637712000000,"etarios":{"unaDosis":{"etarioTotal":{"vacunados":530674,"personasINE":581354,"porcentaje":0.9128242000571081},"etarioRangos":[{"rango":{"min":12,"max":19},"vacunados":49736,"personasINE":56388,"porcentaje":0.848664993321297},{"rango":{"min":20,"max":29},"vacunados":57817,"personasINE":68127,"porcentaje":0.8856502657358197},{"rango":{"min":30,"max":39},"vacunados":64539,"personasINE":81341,"porcentaje":0.8856502657358197},{"rango":{"min":40,"max":49},"vacunados":95652,"personasINE":108002,"porcentaje":0.8856502657358197},{"rango":{"min":50,"max":59},"vacunados":92092,"personasINE":96694,"porcentaje":0.9524065609034686},{"rango":{"min":60,"max":69},"vacunados":72388,"personasINE":73844,"porcentaje":0.9802827582471155},{"rango":{"min":70,"max":79},"vacunados":55921,"personasINE":55921,"porcentaje":1},{"rango":{"min":80,"max":null},"vacunados":42529,"personasINE":42529,"porcentaje":1}]},"pautaCompleta":{"etarioTotal":{"vacunados":524055,"personasINE":581354,"porcentaje":0.901438710321078},"etarioRangos":[{"rango":{"min":12,"max":19},"vacunados":48759,"personasINE":56388,"porcentaje":0.8231538156677969},{"rango":{"min":20,"max":29},"vacunados":56079,"personasINE":68127,"porcentaje":0.8772430140182589},{"rango":{"min":30,"max":39},"vacunados":63339,"personasINE":81341,"porcentaje":0.8772430140182589},{"rango":{"min":40,"max":49},"vacunados":94744,"personasINE":108002,"porcentaje":0.8772430140182589},{"rango":{"min":50,"max":59},"vacunados":91444,"personasINE":96694,"porcentaje":0.9457050075495894},{"rango":{"min":60,"max":69},"vacunados":71776,"personasINE":73844,"porcentaje":0.9719950165213153},{"rango":{"min":70,"max":79},"vacunados":55773,"personasINE":55792,"porcentaje":0.9996594493834241},{"rango":{"min":80,"max":null},"vacunados":42141,"personasINE":42141,"porcentaje":1}]}}},{"ccaa":"País Vasco","dosisAdministradas":3577080,"dosisEntregadas":3819750,"dosisEntregadasModerna":526100,"dosisEntregadasPfizer":2748150,"dosisEntregadasAstrazeneca":444200,"dosisEntregadasJanssen":101300,"dosisPrimeraDosis":1822596,"dosisPautaCompletada":1791697,"porcentajeEntregadas":0.9364696642450422,"porcentajePoblacionAdministradas":1.610931572291696,"porcentajePoblacionPrimeraDosis":0.8208028447595681,"porcentajePoblacionCompletas":0.8068875354424041,"fechaUltRegistro":1637712000000,"etarios":{"unaDosis":{"etarioTotal":{"vacunados":1822596,"personasINE":1983943,"porcentaje":0.9186735707628697},"etarioRangos":[{"rango":{"min":12,"max":19},"vacunados":148667,"personasINE":168606,"porcentaje":0.8241090833308523},{"rango":{"min":20,"max":29},"vacunados":166086,"personasINE":201534,"porcentaje":0.8881626363794517},{"rango":{"min":30,"max":39},"vacunados":204686,"personasINE":260543,"porcentaje":0.8881626363794517},{"rango":{"min":40,"max":49},"vacunados":321633,"personasINE":362133,"porcentaje":0.8881626363794517},{"rango":{"min":50,"max":59},"vacunados":324477,"personasINE":339977,"porcentaje":0.9544086805872162},{"rango":{"min":60,"max":69},"vacunados":278874,"personasINE":280119,"porcentaje":0.9955554603579193},{"rango":{"min":70,"max":79},"vacunados":213867,"personasINE":213867,"porcentaje":1},{"rango":{"min":80,"max":null},"vacunados":164306,"personasINE":164306,"porcentaje":1}]},"pautaCompleta":{"etarioTotal":{"vacunados":1791697,"personasINE":1983943,"porcentaje":0.9030990305669064},"etarioRangos":[{"rango":{"min":12,"max":19},"vacunados":145166,"personasINE":168606,"porcentaje":0.7997558724582453},{"rango":{"min":20,"max":29},"vacunados":161178,"personasINE":201534,"porcentaje":0.8755263949985227},{"rango":{"min":30,"max":39},"vacunados":199365,"personasINE":260543,"porcentaje":0.8755263949985227},{"rango":{"min":40,"max":49},"vacunados":317057,"personasINE":362133,"porcentaje":0.8755263949985227},{"rango":{"min":50,"max":59},"vacunados":321109,"personasINE":339977,"porcentaje":0.9445021280851351},{"rango":{"min":60,"max":69},"vacunados":273573,"personasINE":280119,"porcentaje":0.9766313602433252},{"rango":{"min":70,"max":79},"vacunados":212264,"personasINE":213081,"porcentaje":0.9961657773335023},{"rango":{"min":80,"max":null},"vacunados":161985,"personasINE":157949.99999999997,"porcentaje":1.0255460588793923}]}}},{"ccaa":"Ceuta","dosisAdministradas":120204,"dosisEntregadas":142225,"dosisEntregadasModerna":22270,"dosisEntregadasPfizer":97920,"dosisEntregadasAstrazeneca":18100,"dosisEntregadasJanssen":3935,"dosisPrimeraDosis":63221,"dosisPautaCompletada":60628,"porcentajeEntregadas":0.8451678678150817,"porcentajePoblacionAdministradas":1.4275670411629178,"porcentajePoblacionPrimeraDosis":0.7508253960713522,"porcentajePoblacionCompletas":0.7200304030783117,"fechaUltRegistro":1637712000000,"etarios":{"unaDosis":{"etarioTotal":{"vacunados":63221,"personasINE":70965,"porcentaje":0.8908757838371028},"etarioRangos":[{"rango":{"min":12,"max":19},"vacunados":8679,"personasINE":9126,"porcentaje":0.8543813257955685},{"rango":{"min":20,"max":29},"vacunados":9370,"personasINE":10967,"porcentaje":0.887438696408796},{"rango":{"min":30,"max":39},"vacunados":9347,"personasINE":11894,"porcentaje":0.887438696408796},{"rango":{"min":40,"max":49},"vacunados":11219,"personasINE":12642,"porcentaje":0.887438696408796},{"rango":{"min":50,"max":59},"vacunados":10622,"personasINE":11556,"porcentaje":0.9191761855313257},{"rango":{"min":60,"max":69},"vacunados":7677,"personasINE":7857,"porcentaje":0.97709049255441},{"rango":{"min":70,"max":79},"vacunados":3901,"personasINE":4318,"porcentaje":0.9034275127373784},{"rango":{"min":80,"max":null},"vacunados":2406,"personasINE":2605,"porcentaje":0.9236084452975047}]},"pautaCompleta":{"etarioTotal":{"vacunados":60628,"personasINE":70965,"porcentaje":0.8543366448249137},"etarioRangos":[{"rango":{"min":12,"max":19},"vacunados":7908,"personasINE":9126,"porcentaje":0.7843530591775326},{"rango":{"min":20,"max":29},"vacunados":8602,"personasINE":10967,"porcentaje":0.8672678373675051},{"rango":{"min":30,"max":39},"vacunados":8927,"personasINE":11894,"porcentaje":0.8672678373675051},{"rango":{"min":40,"max":49},"vacunados":10964,"personasINE":12642,"porcentaje":0.8672678373675051},{"rango":{"min":50,"max":59},"vacunados":10481,"personasINE":11556,"porcentaje":0.9069747317410869},{"rango":{"min":60,"max":69},"vacunados":7531,"personasINE":7857,"porcentaje":0.9585083365152094},{"rango":{"min":70,"max":79},"vacunados":3845,"personasINE":4318,"porcentaje":0.8904585456229736},{"rango":{"min":80,"max":null},"vacunados":2370,"personasINE":2605,"porcentaje":0.9097888675623801}]}}},{"ccaa":"Melilla","dosisAdministradas":106626,"dosisEntregadas":141100,"dosisEntregadasModerna":23500,"dosisEntregadasPfizer":96750,"dosisEntregadasAstrazeneca":15100,"dosisEntregadasJanssen":5750,"dosisPrimeraDosis":58420,"dosisPautaCompletada":55993,"porcentajeEntregadas":0.7556768249468462,"porcentajePoblacionAdministradas":1.224516514309339,"porcentajePoblacionPrimeraDosis":0.6709081721714365,"porcentajePoblacionCompletas":0.6430359685791722,"fechaUltRegistro":1637625600000,"etarios":{"unaDosis":{"etarioTotal":{"vacunados":58420,"personasINE":70927,"porcentaje":0.8236637669716751},"etarioRangos":[{"rango":{"min":12,"max":19},"vacunados":8201,"personasINE":9574,"porcentaje":0.7509795748228428},{"rango":{"min":20,"max":29},"vacunados":9008,"personasINE":11995,"porcentaje":0.8457757040493251},{"rango":{"min":30,"max":39},"vacunados":8762,"personasINE":12133,"porcentaje":0.8457757040493251},{"rango":{"min":40,"max":49},"vacunados":10151,"personasINE":12002,"porcentaje":0.8457757040493251},{"rango":{"min":50,"max":59},"vacunados":9743,"personasINE":11299,"porcentaje":0.8622886981148774},{"rango":{"min":60,"max":69},"vacunados":7203,"personasINE":7827,"porcentaje":0.9202759678037562},{"rango":{"min":70,"max":79},"vacunados":3332,"personasINE":3748,"porcentaje":0.8890074706510138},{"rango":{"min":80,"max":null},"vacunados":2020,"personasINE":2349,"porcentaje":0.8599404001702853}]},"pautaCompleta":{"etarioTotal":{"vacunados":55993,"personasINE":70927,"porcentaje":0.7894454862041254},"etarioRangos":[{"rango":{"min":12,"max":19},"vacunados":7604,"personasINE":9574,"porcentaje":0.6878699458107544},{"rango":{"min":20,"max":29},"vacunados":8251,"personasINE":11995,"porcentaje":0.8260289951674721},{"rango":{"min":30,"max":39},"vacunados":8398,"personasINE":12133,"porcentaje":0.8260289951674721},{"rango":{"min":40,"max":49},"vacunados":9914,"personasINE":12002,"porcentaje":0.8260289951674721},{"rango":{"min":50,"max":59},"vacunados":9538,"personasINE":11299,"porcentaje":0.8441454996017347},{"rango":{"min":60,"max":69},"vacunados":7054,"personasINE":7827,"porcentaje":0.9012392998594608},{"rango":{"min":70,"max":79},"vacunados":3262,"personasINE":3748,"porcentaje":0.8703308431163287},{"rango":{"min":80,"max":null},"vacunados":1972,"personasINE":2349,"porcentaje":0.8395061728395061}]}}},{"ccaa":"Fuerzas Armadas","dosisAdministradas":177527,"dosisEntregadas":212238,"dosisEntregadasModerna":58300,"dosisEntregadasPfizer":48138,"dosisEntregadasAstrazeneca":103800,"dosisEntregadasJanssen":2000,"dosisPrimeraDosis":95225,"dosisPautaCompletada":89056,"porcentajeEntregadas":0.8364524731669164,"porcentajePoblacionAdministradas":null,"porcentajePoblacionPrimeraDosis":null,"porcentajePoblacionCompletas":null,"fechaUltRegistro":1637712000000},{"ccaa":"Sanidad Exterior","dosisAdministradas":7622,"dosisEntregadas":9615,"dosisEntregadasModerna":5240,"dosisEntregadasPfizer":0,"dosisEntregadasAstrazeneca":0,"dosisEntregadasJanssen":4375,"dosisPrimeraDosis":5810,"dosisPautaCompletada":5561,"porcentajeEntregadas":0.7927197087883515,"porcentajePoblacionAdministradas":null,"porcentajePoblacionPrimeraDosis":null,"porcentajePoblacionCompletas":null,"fechaUltRegistro":1637712000000,"etarios":{"unaDosis":{"etarioTotal":{"vacunados":5810,"personasINE":"-","porcentaje":"-"},"etarioRangos":[{"rango":{"min":12,"max":19},"vacunados":180,"personasINE":null,"porcentaje":"-"},{"rango":{"min":20,"max":29},"vacunados":1406,"personasINE":null,"porcentaje":"-"},{"rango":{"min":30,"max":39},"vacunados":1713,"personasINE":null,"porcentaje":"-"},{"rango":{"min":40,"max":49},"vacunados":1450,"personasINE":null,"porcentaje":"-"},{"rango":{"min":50,"max":59},"vacunados":742,"personasINE":null,"porcentaje":"-"},{"rango":{"min":60,"max":69},"vacunados":247,"personasINE":null,"porcentaje":"-"},{"rango":{"min":70,"max":79},"vacunados":43,"personasINE":null,"porcentaje":"-"},{"rango":{"min":80,"max":null},"vacunados":29,"personasINE":null,"porcentaje":"-"}]},"pautaCompleta":{"etarioTotal":{"vacunados":5561,"personasINE":"-","porcentaje":"-"},"etarioRangos":[{"rango":{"min":12,"max":19},"vacunados":164,"personasINE":null,"porcentaje":"-"},{"rango":{"min":20,"max":29},"vacunados":1350,"personasINE":null,"porcentaje":"-"},{"rango":{"min":30,"max":39},"vacunados":1642,"personasINE":null,"porcentaje":"-"},{"rango":{"min":40,"max":49},"vacunados":1389,"personasINE":null,"porcentaje":"-"},{"rango":{"min":50,"max":59},"vacunados":717,"personasINE":null,"porcentaje":"-"},{"rango":{"min":60,"max":69},"vacunados":231,"personasINE":null,"porcentaje":"-"},{"rango":{"min":70,"max":79},"vacunados":41,"personasINE":null,"porcentaje":"-"},{"rango":{"min":80,"max":null},"vacunados":27,"personasINE":null,"porcentaje":"-"}]}}},{"ccaa":"Totales","dosisAdministradas":75573156,"dosisEntregadas":78219143,"dosisEntregadasModerna":10787700,"dosisEntregadasPfizer":56219853,"dosisEntregadasAstrazeneca":9054580,"dosisEntregadasJanssen":2157010,"dosisPrimeraDosis":38281333,"dosisPautaCompletada":37578516,"porcentajeEntregadas":0.9661721300117031,"porcentajePoblacionAdministradas":1.6099948018747336,"porcentajePoblacionPrimeraDosis":0.8155375585854282,"porcentajePoblacionCompletas":0.8005648913506604,"fechaUltRegistro":null,"etarios":{"unaDosis":{"etarioTotal":{"vacunados":38281333,"personasINE":42119827,"porcentaje":0.9088672895071482},"etarioRangos":[{"rango":{"min":12,"max":19},"vacunados":3385809,"personasINE":3888686,"porcentaje":0.819165803779446},{"rango":{"min":20,"max":29},"vacunados":4050480,"personasINE":4944640,"porcentaje":0.8884078372099831},{"rango":{"min":30,"max":39},"vacunados":4954162,"personasINE":6230403,"porcentaje":0.8884078372099831},{"rango":{"min":40,"max":49},"vacunados":7011081,"personasINE":7891737,"porcentaje":0.8884078372099831},{"rango":{"min":50,"max":59},"vacunados":6700189,"personasINE":7033306,"porcentaje":0.9526372093010029},{"rango":{"min":60,"max":69},"vacunados":5290448,"personasINE":5336986,"porcentaje":0.9912800970435373},{"rango":{"min":70,"max":79},"vacunados":3948268,"personasINE":3960045,"porcentaje":0.9970260438959658},{"rango":{"min":80,"max":null},"vacunados":2940896,"personasINE":2940896,"porcentaje":1}]},"pautaCompleta":{"etarioTotal":{"vacunados":37578516,"personasINE":42119827,"porcentaje":0.8921811573442597},"etarioRangos":[{"rango":{"min":12,"max":19},"vacunados":3272978,"personasINE":3888686,"porcentaje":0.7877983028086979},{"rango":{"min":20,"max":29},"vacunados":3895379,"personasINE":4944640,"porcentaje":0.8749267746758413},{"rango":{"min":30,"max":39},"vacunados":4813046,"personasINE":6230403,"porcentaje":0.8749267746758413},{"rango":{"min":40,"max":49},"vacunados":6904692,"personasINE":7891737,"porcentaje":0.8749267746758413},{"rango":{"min":50,"max":59},"vacunados":6633322,"personasINE":7033306,"porcentaje":0.9431300159555123},{"rango":{"min":60,"max":69},"vacunados":5225355,"personasINE":5336986,"porcentaje":0.9790835126792538},{"rango":{"min":70,"max":79},"vacunados":3924649,"personasINE":3960045,"porcentaje":0.9910617177330056},{"rango":{"min":80,"max":null},"vacunados":2909095,"personasINE":2909095,"porcentaje":1}]}}}]