[{"ccaa":"Andalucía","dosisAdministradas":11853915,"dosisEntregadas":12814040,"dosisEntregadasModerna":1777900,"dosisEntregadasPfizer":8704890,"dosisEntregadasAstrazeneca":1805800,"dosisEntregadasJanssen":525450,"dosisPrimeraDosis":6521108,"dosisPautaCompletada":5923647,"porcentajeEntregadas":0.9250724205636942,"porcentajePoblacionAdministradas":1.4004418027432741,"porcentajePoblacionPrimeraDosis":0.7704148581631964,"porcentajePoblacionCompletas":0.699829793236647,"fechaUltRegistro":1630195200000,"etarios":{"unaDosis":{"etarioTotal":{"vacunados":6521108,"personasINE":7451975,"porcentaje":0.8750845245723449},"etarioRangos":[{"rango":{"min":12,"max":19},"vacunados":548601,"personasINE":752907,"porcentaje":0.7397843372040935},{"rango":{"min":20,"max":29},"vacunados":687017,"personasINE":928672.0000000001,"porcentaje":0.8747864796688215},{"rango":{"min":30,"max":39},"vacunados":876395,"personasINE":1140217,"porcentaje":0.8747864796688215},{"rango":{"min":40,"max":49},"vacunados":1211679,"personasINE":1385114,"porcentaje":0.8747864796688215},{"rango":{"min":50,"max":59},"vacunados":1192441,"personasINE":1265021,"porcentaje":0.9426254583915998},{"rango":{"min":60,"max":69},"vacunados":919338,"personasINE":919338,"porcentaje":1},{"rango":{"min":70,"max":79},"vacunados":652297,"personasINE":652297,"porcentaje":1},{"rango":{"min":80,"max":null},"vacunados":433340,"personasINE":433340,"porcentaje":1}]},"pautaCompleta":{"etarioTotal":{"vacunados":5923647,"personasINE":7451975,"porcentaje":0.7949096715971269},"etarioRangos":[{"rango":{"min":12,"max":19},"vacunados":210004,"personasINE":752907,"porcentaje":0.6163607818476275},{"rango":{"min":20,"max":29},"vacunados":572397,"personasINE":928672,"porcentaje":0.8542242732367156},{"rango":{"min":30,"max":39},"vacunados":810231,"personasINE":1140217,"porcentaje":0.8542242732367156},{"rango":{"min":40,"max":49},"vacunados":1183198,"personasINE":1385114,"porcentaje":0.8542242732367156},{"rango":{"min":50,"max":59},"vacunados":1176616,"personasINE":1265021,"porcentaje":0.9301157846391482},{"rango":{"min":60,"max":69},"vacunados":898266,"personasINE":916147,"porcentaje":0.9804823898348191},{"rango":{"min":70,"max":79},"vacunados":646484,"personasINE":650381,"porcentaje":0.9940081275437013},{"rango":{"min":80,"max":null},"vacunados":426451,"personasINE":426451,"porcentaje":1}]}}},{"ccaa":"Aragón","dosisAdministradas":1865951,"dosisEntregadas":2002845,"dosisEntregadasModerna":237600,"dosisEntregadasPfizer":1414845,"dosisEntregadasAstrazeneca":285700,"dosisEntregadasJanssen":64700,"dosisPrimeraDosis":1025933,"dosisPautaCompletada":953818,"porcentajeEntregadas":0.9316502275513082,"porcentajePoblacionAdministradas":1.4036133838727658,"porcentajePoblacionPrimeraDosis":0.7717315673116487,"porcentajePoblacionCompletas":0.7174849235476997,"fechaUltRegistro":1630195200000,"etarios":{"unaDosis":{"etarioTotal":{"vacunados":1025933,"personasINE":1185134,"porcentaje":0.865668354802073},"etarioRangos":[{"rango":{"min":12,"max":19},"vacunados":72791,"personasINE":103108.99999999999,"porcentaje":0.7274254031794235},{"rango":{"min":20,"max":29},"vacunados":94857,"personasINE":130401,"porcentaje":0.8520770622909329},{"rango":{"min":30,"max":39},"vacunados":118646,"personasINE":164286,"porcentaje":0.8520770622909329},{"rango":{"min":40,"max":49},"vacunados":183148,"personasINE":214943,"porcentaje":0.8520770622909329},{"rango":{"min":50,"max":59},"vacunados":183240,"personasINE":198266,"porcentaje":0.9242129260690184},{"rango":{"min":60,"max":69},"vacunados":153262,"personasINE":156367,"porcentaje":0.9801428690196781},{"rango":{"min":70,"max":79},"vacunados":118935,"personasINE":118955,"porcentaje":0.9998318691942331},{"rango":{"min":80,"max":null},"vacunados":101054,"personasINE":101054,"porcentaje":1}]},"pautaCompleta":{"etarioTotal":{"vacunados":953818,"personasINE":1185134,"porcentaje":0.8048186956074166},"etarioRangos":[{"rango":{"min":12,"max":19},"vacunados":36094,"personasINE":103109,"porcentaje":0.6253633024286623},{"rango":{"min":20,"max":29},"vacunados":81548,"personasINE":130401,"porcentaje":0.8299595706768771},{"rango":{"min":30,"max":39},"vacunados":109557,"personasINE":164286,"porcentaje":0.8299595706768771},{"rango":{"min":40,"max":49},"vacunados":178394,"personasINE":214943,"porcentaje":0.8299595706768771},{"rango":{"min":50,"max":59},"vacunados":180365,"personasINE":198266,"porcentaje":0.9097122048157525},{"rango":{"min":60,"max":69},"vacunados":150224,"personasINE":156367,"porcentaje":0.960714217194165},{"rango":{"min":70,"max":79},"vacunados":118042,"personasINE":118955,"porcentaje":0.9923248287167417},{"rango":{"min":80,"max":null},"vacunados":99594,"personasINE":99594,"porcentaje":1}]}}},{"ccaa":"Asturias","dosisAdministradas":1584353,"dosisEntregadas":1570955,"dosisEntregadasModerna":155400,"dosisEntregadasPfizer":1129955,"dosisEntregadasAstrazeneca":235900,"dosisEntregadasJanssen":49700,"dosisPrimeraDosis":852432,"dosisPautaCompletada":798268,"porcentajeEntregadas":1.0085285702009288,"porcentajePoblacionAdministradas":1.5551412271884915,"porcentajePoblacionPrimeraDosis":0.8367151427584257,"porcentajePoblacionCompletas":0.7835498005465339,"fechaUltRegistro":1630195200000,"etarios":{"unaDosis":{"etarioTotal":{"vacunados":852432,"personasINE":933927,"porcentaje":0.9127394325252401},"etarioRangos":[{"rango":{"min":12,"max":19},"vacunados":53224,"personasINE":64000.00000000001,"porcentaje":0.7785516552691788},{"rango":{"min":20,"max":29},"vacunados":61592,"personasINE":79111,"porcentaje":0.8883486134149335},{"rango":{"min":30,"max":39},"vacunados":87720,"personasINE":114451,"porcentaje":0.8883486134149335},{"rango":{"min":40,"max":49},"vacunados":148348,"personasINE":166993,"porcentaje":0.8883486134149335},{"rango":{"min":50,"max":59},"vacunados":151778,"personasINE":162645,"porcentaje":0.9331857726951336},{"rango":{"min":60,"max":69},"vacunados":146924,"personasINE":149652,"porcentaje":0.981771042151124},{"rango":{"min":70,"max":79},"vacunados":114075,"personasINE":114075,"porcentaje":1},{"rango":{"min":80,"max":null},"vacunados":88771,"personasINE":88771,"porcentaje":1}]},"pautaCompleta":{"etarioTotal":{"vacunados":798268,"personasINE":933927,"porcentaje":0.8547434649603235},"etarioRangos":[{"rango":{"min":12,"max":19},"vacunados":21131,"personasINE":64000,"porcentaje":0.6596048589955885},{"rango":{"min":20,"max":29},"vacunados":52182,"personasINE":79111,"porcentaje":0.8734318204954699},{"rango":{"min":30,"max":39},"vacunados":82125,"personasINE":114451,"porcentaje":0.8734318204954699},{"rango":{"min":40,"max":49},"vacunados":145857,"personasINE":166993,"porcentaje":0.8734318204954699},{"rango":{"min":50,"max":59},"vacunados":150314,"personasINE":162645,"porcentaje":0.9241845737649482},{"rango":{"min":60,"max":69},"vacunados":145189,"personasINE":149652,"porcentaje":0.9701774784165932},{"rango":{"min":70,"max":79},"vacunados":113612,"personasINE":113612,"porcentaje":1},{"rango":{"min":80,"max":null},"vacunados":87858,"personasINE":87858,"porcentaje":1}]}}},{"ccaa":"Baleares","dosisAdministradas":1503949,"dosisEntregadas":1777220,"dosisEntregadasModerna":278700,"dosisEntregadasPfizer":1179720,"dosisEntregadasAstrazeneca":256400,"dosisEntregadasJanssen":62400,"dosisPrimeraDosis":818344,"dosisPautaCompletada":770311,"porcentajeEntregadas":0.846236819302056,"porcentajePoblacionAdministradas":1.2837335035931245,"porcentajePoblacionPrimeraDosis":0.6985181081701654,"porcentajePoblacionCompletas":0.6575183326604316,"fechaUltRegistro":1630195200000,"etarios":{"unaDosis":{"etarioTotal":{"vacunados":818344,"personasINE":1034867,"porcentaje":0.7907721475320016},"etarioRangos":[{"rango":{"min":12,"max":19},"vacunados":65246,"personasINE":95480,"porcentaje":0.6364848994504937},{"rango":{"min":20,"max":29},"vacunados":87798,"personasINE":137942,"porcentaje":0.7826232466096269},{"rango":{"min":30,"max":39},"vacunados":117216,"personasINE":182187.00000000003,"porcentaje":0.7826232466096269},{"rango":{"min":40,"max":49},"vacunados":161355,"personasINE":206172,"porcentaje":0.7826232466096269},{"rango":{"min":50,"max":59},"vacunados":147582,"personasINE":165797,"porcentaje":0.890136733475274},{"rango":{"min":60,"max":69},"vacunados":109091,"personasINE":117231,"porcentaje":0.9305644411461133},{"rango":{"min":70,"max":79},"vacunados":78812,"personasINE":80516,"porcentaje":0.9788365045456804},{"rango":{"min":80,"max":null},"vacunados":51244,"personasINE":51244,"porcentaje":1}]},"pautaCompleta":{"etarioTotal":{"vacunados":770311,"personasINE":1034867,"porcentaje":0.7443574874838988},"etarioRangos":[{"rango":{"min":12,"max":19},"vacunados":53216,"personasINE":95480,"porcentaje":0.5648750924301518},{"rango":{"min":20,"max":29},"vacunados":77920,"personasINE":137942,"porcentaje":0.751149525638787},{"rango":{"min":30,"max":39},"vacunados":107044,"personasINE":182187.00000000003,"porcentaje":0.751149525638787},{"rango":{"min":40,"max":49},"vacunados":154866,"personasINE":206172,"porcentaje":0.751149525638787},{"rango":{"min":50,"max":59},"vacunados":143136,"personasINE":165797,"porcentaje":0.8633208079760188},{"rango":{"min":60,"max":69},"vacunados":105568,"personasINE":117231,"porcentaje":0.9005126630328155},{"rango":{"min":70,"max":79},"vacunados":78079,"personasINE":80516,"porcentaje":0.9697327239306474},{"rango":{"min":80,"max":null},"vacunados":50482,"personasINE":50482,"porcentaje":1}]}}},{"ccaa":"Canarias","dosisAdministradas":2973309,"dosisEntregadas":3307610,"dosisEntregadasModerna":509300,"dosisEntregadasPfizer":2160960,"dosisEntregadasAstrazeneca":503700,"dosisEntregadasJanssen":133650,"dosisPrimeraDosis":1622398,"dosisPautaCompletada":1505679,"porcentajeEntregadas":0.8989297408098295,"porcentajePoblacionAdministradas":1.3664405280998846,"porcentajePoblacionPrimeraDosis":0.7456037633183085,"porcentajePoblacionCompletas":0.6919633337500092,"fechaUltRegistro":1630195200000,"etarios":{"unaDosis":{"etarioTotal":{"vacunados":1622398,"personasINE":1960774,"porcentaje":0.8274273322677678},"etarioRangos":[{"rango":{"min":12,"max":19},"vacunados":131665,"personasINE":179797,"porcentaje":0.6977016699238922},{"rango":{"min":20,"max":29},"vacunados":175645,"personasINE":251748,"porcentaje":0.8036883513265485},{"rango":{"min":30,"max":39},"vacunados":219992,"personasINE":310934,"porcentaje":0.8036883513265485},{"rango":{"min":40,"max":49},"vacunados":311770,"personasINE":387924,"porcentaje":0.8036883513265485},{"rango":{"min":50,"max":59},"vacunados":317323,"personasINE":350512,"porcentaje":0.9053127995617839},{"rango":{"min":60,"max":69},"vacunados":222658,"personasINE":235092,"porcentaje":0.9471100675480237},{"rango":{"min":70,"max":79},"vacunados":150699,"personasINE":154531,"porcentaje":0.9752023865761562},{"rango":{"min":80,"max":null},"vacunados":92646,"personasINE":92646,"porcentaje":1}]},"pautaCompleta":{"etarioTotal":{"vacunados":1505679,"personasINE":1960774,"porcentaje":0.7679003291557314},"etarioRangos":[{"rango":{"min":12,"max":19},"vacunados":87198,"personasINE":179797,"porcentaje":0.6029362696029362},{"rango":{"min":20,"max":29},"vacunados":151788,"personasINE":251748.00000000003,"porcentaje":0.7797893401800353},{"rango":{"min":30,"max":39},"vacunados":199897,"personasINE":310934,"porcentaje":0.7797893401800353},{"rango":{"min":40,"max":49},"vacunados":302499,"personasINE":387924,"porcentaje":0.7797893401800353},{"rango":{"min":50,"max":59},"vacunados":312245,"personasINE":350512,"porcentaje":0.8908254210982791},{"rango":{"min":60,"max":69},"vacunados":211791,"personasINE":235092,"porcentaje":0.9008856107396254},{"rango":{"min":70,"max":79},"vacunados":149081,"personasINE":154531,"porcentaje":0.9647319955219341},{"rango":{"min":80,"max":null},"vacunados":91180,"personasINE":91180,"porcentaje":1}]}}},{"ccaa":"Cantabria","dosisAdministradas":810502,"dosisEntregadas":878495,"dosisEntregadasModerna":99000,"dosisEntregadasPfizer":624345,"dosisEntregadasAstrazeneca":130200,"dosisEntregadasJanssen":24950,"dosisPrimeraDosis":447407,"dosisPautaCompletada":395329,"porcentajeEntregadas":0.9226028605740499,"porcentajePoblacionAdministradas":1.3904529897667717,"porcentajePoblacionPrimeraDosis":0.7675470273886825,"porcentajePoblacionCompletas":0.6782048532779784,"fechaUltRegistro":1629936000000,"etarios":{"unaDosis":{"etarioTotal":{"vacunados":447407,"personasINE":524127,"porcentaje":0.8536232630641047},"etarioRangos":[{"rango":{"min":12,"max":19},"vacunados":22254,"personasINE":43963,"porcentaje":0.6645282645282645},{"rango":{"min":20,"max":29},"vacunados":33562,"personasINE":50505,"porcentaje":0.8652435843672329},{"rango":{"min":30,"max":39},"vacunados":50276,"personasINE":70473,"porcentaje":0.8652435843672329},{"rango":{"min":40,"max":49},"vacunados":84594,"personasINE":97769,"porcentaje":0.8652435843672329},{"rango":{"min":50,"max":59},"vacunados":82599,"personasINE":89964,"porcentaje":0.9181339202347606},{"rango":{"min":60,"max":69},"vacunados":75827,"personasINE":77345,"porcentaje":0.9803736505268602},{"rango":{"min":70,"max":79},"vacunados":55942,"personasINE":55942,"porcentaje":1},{"rango":{"min":80,"max":null},"vacunados":42353,"personasINE":42353,"porcentaje":1}]},"pautaCompleta":{"etarioTotal":{"vacunados":395329,"personasINE":524127,"porcentaje":0.7542618487503983},"etarioRangos":[{"rango":{"min":12,"max":19},"vacunados":1913,"personasINE":43963,"porcentaje":0.35022275022275023},{"rango":{"min":20,"max":29},"vacunados":17688,"personasINE":50505,"porcentaje":0.8332907158710838},{"rango":{"min":30,"max":39},"vacunados":41074,"personasINE":70473,"porcentaje":0.8332907158710838},{"rango":{"min":40,"max":49},"vacunados":81470,"personasINE":97769,"porcentaje":0.8332907158710838},{"rango":{"min":50,"max":59},"vacunados":80971,"personasINE":89964,"porcentaje":0.9000377928949358},{"rango":{"min":60,"max":69},"vacunados":74716,"personasINE":77345,"porcentaje":0.9660094382313014},{"rango":{"min":70,"max":79},"vacunados":55628,"personasINE":55628,"porcentaje":1},{"rango":{"min":80,"max":null},"vacunados":41869,"personasINE":41869,"porcentaje":1}]}}},{"ccaa":"Castilla y Leon","dosisAdministradas":3494455,"dosisEntregadas":3650915,"dosisEntregadasModerna":373900,"dosisEntregadasPfizer":2649765,"dosisEntregadasAstrazeneca":514400,"dosisEntregadasJanssen":112850,"dosisPrimeraDosis":1930701,"dosisPautaCompletada":1749648,"porcentajeEntregadas":0.9571449896806691,"porcentajePoblacionAdministradas":1.459112587570848,"porcentajePoblacionPrimeraDosis":0.8061658060944049,"porcentajePoblacionCompletas":0.7305669755707711,"fechaUltRegistro":1630108800000,"etarios":{"unaDosis":{"etarioTotal":{"vacunados":1930701,"personasINE":2176253,"porcentaje":0.8871675306133984},"etarioRangos":[{"rango":{"min":12,"max":19},"vacunados":113348,"personasINE":165342,"porcentaje":0.739699345042321},{"rango":{"min":20,"max":29},"vacunados":156081,"personasINE":211006,"porcentaje":0.8642105118289041},{"rango":{"min":30,"max":39},"vacunados":202870,"personasINE":267783,"porcentaje":0.8642105118289041},{"rango":{"min":40,"max":49},"vacunados":313972,"personasINE":363305,"porcentaje":0.8642105118289041},{"rango":{"min":50,"max":59},"vacunados":347773,"personasINE":381175,"porcentaje":0.9123709582212894},{"rango":{"min":60,"max":69},"vacunados":317704,"personasINE":318575,"porcentaje":0.9972659499332968},{"rango":{"min":70,"max":79},"vacunados":249895,"personasINE":249895,"porcentaje":1},{"rango":{"min":80,"max":null},"vacunados":229058,"personasINE":229058,"porcentaje":1}]},"pautaCompleta":{"etarioTotal":{"vacunados":1749648,"personasINE":2176253,"porcentaje":0.8039726998653189},"etarioRangos":[{"rango":{"min":12,"max":19},"vacunados":15739,"personasINE":165342,"porcentaje":0.5330985848743638},{"rango":{"min":20,"max":29},"vacunados":112487,"personasINE":211006,"porcentaje":0.840827954473514},{"rango":{"min":30,"max":39},"vacunados":189404,"personasINE":267783,"porcentaje":0.840827954473514},{"rango":{"min":40,"max":49},"vacunados":305477,"personasINE":363305,"porcentaje":0.840827954473514},{"rango":{"min":50,"max":59},"vacunados":341634,"personasINE":381175,"porcentaje":0.8962654948514461},{"rango":{"min":60,"max":69},"vacunados":310433,"personasINE":318575,"porcentaje":0.97444243898611},{"rango":{"min":70,"max":79},"vacunados":248265,"personasINE":248265,"porcentaje":1},{"rango":{"min":80,"max":null},"vacunados":226209,"personasINE":226209,"porcentaje":1}]}}},{"ccaa":"Castilla La Mancha","dosisAdministradas":2803658,"dosisEntregadas":3085190,"dosisEntregadasModerna":387800,"dosisEntregadasPfizer":2135115,"dosisEntregadasAstrazeneca":460900,"dosisEntregadasJanssen":101375,"dosisPrimeraDosis":1563465,"dosisPautaCompletada":1396222,"porcentajeEntregadas":0.9087472732635591,"porcentajePoblacionAdministradas":1.3708337631972292,"porcentajePoblacionPrimeraDosis":0.7644479496347828,"porcentajePoblacionCompletas":0.6826753685787502,"fechaUltRegistro":1630195200000},{"ccaa":"Cataluña","dosisAdministradas":10207906,"dosisEntregadas":11765440,"dosisEntregadasModerna":1535500,"dosisEntregadasPfizer":8092340,"dosisEntregadasAstrazeneca":1698100,"dosisEntregadasJanssen":439500,"dosisPrimeraDosis":5645191,"dosisPautaCompletada":5154897,"porcentajeEntregadas":0.8676178706448717,"porcentajePoblacionAdministradas":1.3119894032231179,"porcentajePoblacionPrimeraDosis":0.7255582850361784,"porcentajePoblacionCompletas":0.6625423704633095,"fechaUltRegistro":1630195200000,"etarios":{"unaDosis":{"etarioTotal":{"vacunados":5645191,"personasINE":6868360,"porcentaje":0.8219125089541026},"etarioRangos":[{"rango":{"min":12,"max":19},"vacunados":420095,"personasINE":656166,"porcentaje":0.6591416498298438},{"rango":{"min":20,"max":29},"vacunados":552977,"personasINE":838935,"porcentaje":0.8283158218499265},{"rango":{"min":30,"max":39},"vacunados":713331,"personasINE":1044652,"porcentaje":0.8283158218499265},{"rango":{"min":40,"max":49},"vacunados":1090689,"personasINE":1316755,"porcentaje":0.8283158218499265},{"rango":{"min":50,"max":59},"vacunados":1002782,"personasINE":1091780,"porcentaje":0.9184835772774734},{"rango":{"min":60,"max":69},"vacunados":791462,"personasINE":837584,"porcentaje":0.9449344782135284},{"rango":{"min":70,"max":79},"vacunados":615957,"personasINE":635292,"porcentaje":0.9695651763283656},{"rango":{"min":80,"max":null},"vacunados":457898,"personasINE":457898,"porcentaje":1}]},"pautaCompleta":{"etarioTotal":{"vacunados":5154897,"personasINE":6868360,"porcentaje":0.7505280736595054},"etarioRangos":[{"rango":{"min":12,"max":19},"vacunados":232274,"personasINE":656166,"porcentaje":0.5607871885187767},{"rango":{"min":20,"max":29},"vacunados":470464,"personasINE":838935.0000000001,"porcentaje":0.7948023740179456},{"rango":{"min":30,"max":39},"vacunados":634240,"personasINE":1044651.9999999999,"porcentaje":0.7948023740179456},{"rango":{"min":40,"max":49},"vacunados":1046560,"personasINE":1316755,"porcentaje":0.7948023740179456},{"rango":{"min":50,"max":59},"vacunados":943732,"personasINE":1091780,"porcentaje":0.8643975892579091},{"rango":{"min":60,"max":69},"vacunados":769351,"personasINE":837584,"porcentaje":0.9185359319184703},{"rango":{"min":70,"max":79},"vacunados":607938,"personasINE":635292,"porcentaje":0.9569426342532253},{"rango":{"min":80,"max":null},"vacunados":450338,"personasINE":450338,"porcentaje":1}]}}},{"ccaa":"C. Valenciana","dosisAdministradas":6914324,"dosisEntregadas":7620680,"dosisEntregadasModerna":1057200,"dosisEntregadasPfizer":5349430,"dosisEntregadasAstrazeneca":906800,"dosisEntregadasJanssen":307250,"dosisPrimeraDosis":3931907,"dosisPautaCompletada":3403774,"porcentajeEntregadas":0.9073106336967305,"porcentajePoblacionAdministradas":1.3671823975902018,"porcentajePoblacionPrimeraDosis":0.7774634280027516,"porcentajePoblacionCompletas":0.6730346883043363,"fechaUltRegistro":1630195200000,"etarios":{"unaDosis":{"etarioTotal":{"vacunados":3931907,"personasINE":4488459,"porcentaje":0.8760037687767672},"etarioRangos":[{"rango":{"min":12,"max":19},"vacunados":311690,"personasINE":424531,"porcentaje":0.7484761472973653},{"rango":{"min":20,"max":29},"vacunados":386308,"personasINE":516126,"porcentaje":0.8723385017167926},{"rango":{"min":30,"max":39},"vacunados":484250,"personasINE":648759,"porcentaje":0.8723385017167926},{"rango":{"min":40,"max":49},"vacunados":742873,"personasINE":851588,"porcentaje":0.8723385017167926},{"rango":{"min":50,"max":59},"vacunados":710398,"personasINE":752334,"porcentaje":0.9442587999478955},{"rango":{"min":60,"max":69},"vacunados":566227,"personasINE":580728,"porcentaje":0.9750296179967214},{"rango":{"min":70,"max":79},"vacunados":433469,"personasINE":437862,"porcentaje":0.9899671586024821},{"rango":{"min":80,"max":null},"vacunados":296692,"personasINE":296692,"porcentaje":1}]},"pautaCompleta":{"etarioTotal":{"vacunados":3403774,"personasINE":4488459,"porcentaje":0.7583391092577653},"etarioRangos":[{"rango":{"min":12,"max":19},"vacunados":35053,"personasINE":424531,"porcentaje":0.49773892421617977},{"rango":{"min":20,"max":29},"vacunados":256896,"personasINE":516126,"porcentaje":0.8449672846493844},{"rango":{"min":30,"max":39},"vacunados":425738,"personasINE":648759,"porcentaje":0.8449672846493844},{"rango":{"min":40,"max":49},"vacunados":719564,"personasINE":851588,"porcentaje":0.8449672846493844},{"rango":{"min":50,"max":59},"vacunados":699711,"personasINE":752334,"porcentaje":0.9300536729697182},{"rango":{"min":60,"max":69},"vacunados":544942,"personasINE":580728,"porcentaje":0.9383773470540425},{"rango":{"min":70,"max":79},"vacunados":429655,"personasINE":437862,"porcentaje":0.9812566516391009},{"rango":{"min":80,"max":null},"vacunados":292215,"personasINE":292215,"porcentaje":1}]}}},{"ccaa":"Extremadura","dosisAdministradas":1573840,"dosisEntregadas":1603215,"dosisEntregadasModerna":187900,"dosisEntregadasPfizer":1135565,"dosisEntregadasAstrazeneca":228000,"dosisEntregadasJanssen":51750,"dosisPrimeraDosis":875343,"dosisPautaCompletada":779126,"porcentajeEntregadas":0.9816774418902019,"porcentajePoblacionAdministradas":1.4791910051532584,"porcentajePoblacionPrimeraDosis":0.8227008412696771,"porcentajePoblacionCompletas":0.7322702251061338,"fechaUltRegistro":1630108800000,"etarios":{"unaDosis":{"etarioTotal":{"vacunados":875343,"personasINE":953437,"porcentaje":0.9180921235488029},"etarioRangos":[{"rango":{"min":12,"max":19},"vacunados":66772,"personasINE":84750,"porcentaje":0.7707112601482528},{"rango":{"min":20,"max":29},"vacunados":87337,"personasINE":113320,"porcentaje":0.906955747551632},{"rango":{"min":30,"max":39},"vacunados":110142,"personasINE":133479,"porcentaje":0.906955747551632},{"rango":{"min":40,"max":49},"vacunados":144654,"personasINE":159494,"porcentaje":0.906955747551632},{"rango":{"min":50,"max":59},"vacunados":160376,"personasINE":169216,"porcentaje":0.9477590771558245},{"rango":{"min":60,"max":69},"vacunados":132116,"personasINE":132116,"porcentaje":1},{"rango":{"min":70,"max":79},"vacunados":95778,"personasINE":95778,"porcentaje":1},{"rango":{"min":80,"max":null},"vacunados":78168,"personasINE":78168,"porcentaje":1}]},"pautaCompleta":{"etarioTotal":{"vacunados":779126,"personasINE":953437,"porcentaje":0.8171761741992392},"etarioRangos":[{"rango":{"min":12,"max":19},"vacunados":9510,"personasINE":84750,"porcentaje":0.5704729968231557},{"rango":{"min":20,"max":29},"vacunados":64646,"personasINE":113320,"porcentaje":0.8887356264185486},{"rango":{"min":30,"max":39},"vacunados":103284,"personasINE":133479,"porcentaje":0.8887356264185486},{"rango":{"min":40,"max":49},"vacunados":141748,"personasINE":159494,"porcentaje":0.8887356264185486},{"rango":{"min":50,"max":59},"vacunados":158403,"personasINE":169216,"porcentaje":0.9360994232223904},{"rango":{"min":60,"max":69},"vacunados":129461,"personasINE":125297,"porcentaje":1.0332330383009969},{"rango":{"min":70,"max":79},"vacunados":95046,"personasINE":95046,"porcentaje":1},{"rango":{"min":80,"max":null},"vacunados":77028,"personasINE":77028,"porcentaje":1}]}}},{"ccaa":"Galicia","dosisAdministradas":4049783,"dosisEntregadas":4052675,"dosisEntregadasModerna":436400,"dosisEntregadasPfizer":2911075,"dosisEntregadasAstrazeneca":573400,"dosisEntregadasJanssen":131800,"dosisPrimeraDosis":2231999,"dosisPautaCompletada":2002910,"porcentajeEntregadas":0.9992863972561333,"porcentajePoblacionAdministradas":1.4989098085400983,"porcentajePoblacionPrimeraDosis":0.8261097431027022,"porcentajePoblacionCompletas":0.7413190891025638,"fechaUltRegistro":1630195200000,"etarios":{"unaDosis":{"etarioTotal":{"vacunados":2231999,"personasINE":2454497,"porcentaje":0.9093508771858348},"etarioRangos":[{"rango":{"min":12,"max":19},"vacunados":148530,"personasINE":180007,"porcentaje":0.7660197159073691},{"rango":{"min":20,"max":29},"vacunados":176936,"personasINE":230980.99999999997,"porcentaje":0.8992173204789484},{"rango":{"min":30,"max":39},"vacunados":248105,"personasINE":323408,"porcentaje":0.8992173204789484},{"rango":{"min":40,"max":49},"vacunados":398552,"personasINE":443221,"porcentaje":0.8992173204789484},{"rango":{"min":50,"max":59},"vacunados":385754,"personasINE":405889,"porcentaje":0.9503928413925975},{"rango":{"min":60,"max":69},"vacunados":342023,"personasINE":346927,"porcentaje":0.9858644613996604},{"rango":{"min":70,"max":79},"vacunados":290400,"personasINE":290400,"porcentaje":1},{"rango":{"min":80,"max":null},"vacunados":241699,"personasINE":241699,"porcentaje":1}]},"pautaCompleta":{"etarioTotal":{"vacunados":2002910,"personasINE":2454497,"porcentaje":0.8160164791401252},"etarioRangos":[{"rango":{"min":12,"max":19},"vacunados":26428,"personasINE":180007,"porcentaje":0.42990116070152956},{"rango":{"min":20,"max":29},"vacunados":99299,"personasINE":230981,"porcentaje":0.8885409310479422},{"rango":{"min":30,"max":39},"vacunados":232004,"personasINE":323408,"porcentaje":0.8885409310479422},{"rango":{"min":40,"max":49},"vacunados":393820,"personasINE":443221,"porcentaje":0.8885409310479422},{"rango":{"min":50,"max":59},"vacunados":383142,"personasINE":405889,"porcentaje":0.9439575844627472},{"rango":{"min":60,"max":69},"vacunados":339243,"personasINE":346927,"porcentaje":0.9778512482453081},{"rango":{"min":70,"max":79},"vacunados":289101,"personasINE":289762,"porcentaje":0.9977188175123032},{"rango":{"min":80,"max":null},"vacunados":239873,"personasINE":239873,"porcentaje":1}]}}},{"ccaa":"La Rioja","dosisAdministradas":438303,"dosisEntregadas":481585,"dosisEntregadasModerna":58600,"dosisEntregadasPfizer":346385,"dosisEntregadasAstrazeneca":61400,"dosisEntregadasJanssen":15200,"dosisPrimeraDosis":248227,"dosisPautaCompletada":221592,"porcentajeEntregadas":0.9101259383078792,"porcentajePoblacionAdministradas":1.3700650799902474,"porcentajePoblacionPrimeraDosis":0.7759179029364142,"porcentajePoblacionCompletas":0.692661152684784,"fechaUltRegistro":1630022400000,"etarios":{"unaDosis":{"etarioTotal":{"vacunados":248227,"personasINE":283970,"porcentaje":0.8741310701834701},"etarioRangos":[{"rango":{"min":12,"max":19},"vacunados":17144,"personasINE":25532,"porcentaje":0.6862564843390899},{"rango":{"min":20,"max":29},"vacunados":20902,"personasINE":30458,"porcentaje":0.878085632802614},{"rango":{"min":30,"max":39},"vacunados":29128,"personasINE":39319,"porcentaje":0.878085632802614},{"rango":{"min":40,"max":49},"vacunados":46492,"personasINE":52947,"porcentaje":0.878085632802614},{"rango":{"min":50,"max":59},"vacunados":44849,"personasINE":47664,"porcentaje":0.9409407519301779},{"rango":{"min":60,"max":69},"vacunados":37771,"personasINE":37771,"porcentaje":1},{"rango":{"min":70,"max":79},"vacunados":28605,"personasINE":28605,"porcentaje":1},{"rango":{"min":80,"max":null},"vacunados":23336,"personasINE":23336,"porcentaje":1}]},"pautaCompleta":{"etarioTotal":{"vacunados":221592,"personasINE":283970,"porcentaje":0.7803359509807374},"etarioRangos":[{"rango":{"min":12,"max":19},"vacunados":3762,"personasINE":25532,"porcentaje":0.5096854685140193},{"rango":{"min":20,"max":29},"vacunados":15524,"personasINE":30458,"porcentaje":0.8422384648799743},{"rango":{"min":30,"max":39},"vacunados":25946,"personasINE":39319,"porcentaje":0.8422384648799743},{"rango":{"min":40,"max":49},"vacunados":44594,"personasINE":52947,"porcentaje":0.8422384648799743},{"rango":{"min":50,"max":59},"vacunados":43692,"personasINE":47664,"porcentaje":0.9166666666666666},{"rango":{"min":60,"max":69},"vacunados":36504,"personasINE":37718,"porcentaje":0.9678137759160083},{"rango":{"min":70,"max":79},"vacunados":28466,"personasINE":28466,"porcentaje":1},{"rango":{"min":80,"max":null},"vacunados":23104,"personasINE":23104,"porcentaje":1}]}}},{"ccaa":"Madrid","dosisAdministradas":8938627,"dosisEntregadas":10179309,"dosisEntregadasModerna":1455000,"dosisEntregadasPfizer":7115859,"dosisEntregadasAstrazeneca":1227000,"dosisEntregadasJanssen":381450,"dosisPrimeraDosis":5052860,"dosisPautaCompletada":4525852,"porcentajeEntregadas":0.8781172670954384,"porcentajePoblacionAdministradas":1.318403342356098,"porcentajePoblacionPrimeraDosis":0.745271898296845,"porcentajePoblacionCompletas":0.6675408207333219,"fechaUltRegistro":1630195200000,"etarios":{"unaDosis":{"etarioTotal":{"vacunados":5052860,"personasINE":5977937,"porcentaje":0.8452514638411212},"etarioRangos":[{"rango":{"min":12,"max":19},"vacunados":328192,"personasINE":553542,"porcentaje":0.7156389104010236},{"rango":{"min":20,"max":29},"vacunados":531344,"personasINE":742475,"porcentaje":0.8594922172163801},{"rango":{"min":30,"max":39},"vacunados":698335,"personasINE":949640,"porcentaje":0.8594922172163801},{"rango":{"min":40,"max":49},"vacunados":1002143,"personasINE":1165971,"porcentaje":0.8594922172163801},{"rango":{"min":50,"max":59},"vacunados":927184,"personasINE":972783,"porcentaje":0.9531252088081309},{"rango":{"min":60,"max":69},"vacunados":682944,"personasINE":703323,"porcentaje":0.9710246927798465},{"rango":{"min":70,"max":79},"vacunados":509467,"personasINE":526081,"porcentaje":0.9684193118550185},{"rango":{"min":80,"max":null},"vacunados":373251,"personasINE":373251,"porcentaje":1}]},"pautaCompleta":{"etarioTotal":{"vacunados":4525852,"personasINE":5977937,"porcentaje":0.757092622421414},"etarioRangos":[{"rango":{"min":12,"max":19},"vacunados":108910,"personasINE":553542,"porcentaje":0.5440587225159096},{"rango":{"min":20,"max":29},"vacunados":403950,"personasINE":742475,"porcentaje":0.8193377022241548},{"rango":{"min":30,"max":39},"vacunados":601983,"personasINE":949639.9999999999,"porcentaje":0.8193377022241548},{"rango":{"min":40,"max":49},"vacunados":955324,"personasINE":1165971,"porcentaje":0.8193377022241548},{"rango":{"min":50,"max":59},"vacunados":910972,"personasINE":972783,"porcentaje":0.9364596215188793},{"rango":{"min":60,"max":69},"vacunados":668875,"personasINE":703323,"porcentaje":0.9510210813523801},{"rango":{"min":70,"max":79},"vacunados":506315,"personasINE":526081,"porcentaje":0.9624278390590042},{"rango":{"min":80,"max":null},"vacunados":369523,"personasINE":369523,"porcentaje":1}]}}},{"ccaa":"Murcia","dosisAdministradas":2056016,"dosisEntregadas":2277945,"dosisEntregadasModerna":354400,"dosisEntregadasPfizer":1575545,"dosisEntregadasAstrazeneca":259900,"dosisEntregadasJanssen":88100,"dosisPrimeraDosis":1142833,"dosisPautaCompletada":1012759,"porcentajeEntregadas":0.9025749085250083,"porcentajePoblacionAdministradas":1.360472879753264,"porcentajePoblacionPrimeraDosis":0.7562165384836801,"porcentajePoblacionCompletas":0.670146123972788,"fechaUltRegistro":1630195200000,"etarios":{"unaDosis":{"etarioTotal":{"vacunados":1142833,"personasINE":1310137,"porcentaje":0.8723003777467547},"etarioRangos":[{"rango":{"min":12,"max":19},"vacunados":103202,"personasINE":141894,"porcentaje":0.7481886582137384},{"rango":{"min":20,"max":29},"vacunados":128874,"personasINE":172248,"porcentaje":0.8885216618074655},{"rango":{"min":30,"max":39},"vacunados":157092,"personasINE":209002.99999999997,"porcentaje":0.8885216618074655},{"rango":{"min":40,"max":49},"vacunados":225824,"personasINE":254157,"porcentaje":0.8885216618074655},{"rango":{"min":50,"max":59},"vacunados":204633,"personasINE":213256,"porcentaje":0.9595650298233109},{"rango":{"min":60,"max":69},"vacunados":146751,"personasINE":146909,"porcentaje":0.9989245042849655},{"rango":{"min":70,"max":79},"vacunados":102688,"personasINE":102899,"porcentaje":0.9979494455728433},{"rango":{"min":80,"max":null},"vacunados":73769,"personasINE":73769,"porcentaje":1}]},"pautaCompleta":{"etarioTotal":{"vacunados":1012759,"personasINE":1310137,"porcentaje":0.7730176309805769},"etarioRangos":[{"rango":{"min":12,"max":19},"vacunados":47857,"personasINE":141894,"porcentaje":0.6257082810830895},{"rango":{"min":20,"max":29},"vacunados":107777,"personasINE":172248,"porcentaje":0.8284760994188631},{"rango":{"min":30,"max":39},"vacunados":141484,"personasINE":209003,"porcentaje":0.8284760994188631},{"rango":{"min":40,"max":49},"vacunados":210563,"personasINE":254157,"porcentaje":0.8284760994188631},{"rango":{"min":50,"max":59},"vacunados":194723,"personasINE":213256,"porcentaje":0.9130950594590539},{"rango":{"min":60,"max":69},"vacunados":137649,"personasINE":146909,"porcentaje":0.9369677827770932},{"rango":{"min":70,"max":79},"vacunados":100139,"personasINE":102899,"porcentaje":0.9731775819006987},{"rango":{"min":80,"max":null},"vacunados":72567,"personasINE":72567,"porcentaje":1}]}}},{"ccaa":"Navarra","dosisAdministradas":910811,"dosisEntregadas":998375,"dosisEntregadasModerna":132400,"dosisEntregadasPfizer":687525,"dosisEntregadasAstrazeneca":145700,"dosisEntregadasJanssen":32750,"dosisPrimeraDosis":505974,"dosisPautaCompletada":461757,"porcentajeEntregadas":0.9122934768999624,"porcentajePoblacionAdministradas":1.3775183492968057,"porcentajePoblacionPrimeraDosis":0.7652394067123717,"porcentajePoblacionCompletas":0.6983652375918221,"fechaUltRegistro":1630195200000,"etarios":{"unaDosis":{"etarioTotal":{"vacunados":505974,"personasINE":581354,"porcentaje":0.8703371783801264},"etarioRangos":[{"rango":{"min":12,"max":19},"vacunados":40246,"personasINE":56388,"porcentaje":0.7423635269423283},{"rango":{"min":20,"max":29},"vacunados":50575,"personasINE":68127,"porcentaje":0.866252476805985},{"rango":{"min":30,"max":39},"vacunados":60823,"personasINE":81341,"porcentaje":0.866252476805985},{"rango":{"min":40,"max":49},"vacunados":93557,"personasINE":108002,"porcentaje":0.866252476805985},{"rango":{"min":50,"max":59},"vacunados":90809,"personasINE":96694,"porcentaje":0.9391378989389207},{"rango":{"min":60,"max":69},"vacunados":71715,"personasINE":73844,"porcentaje":0.9711689507610639},{"rango":{"min":70,"max":79},"vacunados":55797,"personasINE":55797,"porcentaje":1},{"rango":{"min":80,"max":null},"vacunados":42452,"personasINE":42452,"porcentaje":1}]},"pautaCompleta":{"etarioTotal":{"vacunados":461757,"personasINE":581354,"porcentaje":0.7942785290889888},"etarioRangos":[{"rango":{"min":12,"max":19},"vacunados":14824,"personasINE":56387.99999999999,"porcentaje":0.6338602903401},{"rango":{"min":20,"max":29},"vacunados":43183,"personasINE":68127,"porcentaje":0.8387807633191978},{"rango":{"min":30,"max":39},"vacunados":56203,"personasINE":81341,"porcentaje":0.8387807633191978},{"rango":{"min":40,"max":49},"vacunados":90590,"personasINE":108002,"porcentaje":0.8387807633191978},{"rango":{"min":50,"max":59},"vacunados":89231,"personasINE":96694,"porcentaje":0.9228183754938258},{"rango":{"min":60,"max":69},"vacunados":70160,"personasINE":73844,"porcentaje":0.9501110449054764},{"rango":{"min":70,"max":79},"vacunados":55588,"personasINE":55792,"porcentaje":0.996343561800975},{"rango":{"min":80,"max":null},"vacunados":41978,"personasINE":41978,"porcentaje":1}]}}},{"ccaa":"País Vasco","dosisAdministradas":3091748,"dosisEntregadas":3326700,"dosisEntregadasModerna":444700,"dosisEntregadasPfizer":2326950,"dosisEntregadasAstrazeneca":444200,"dosisEntregadasJanssen":110850,"dosisPrimeraDosis":1723934,"dosisPautaCompletada":1565808,"porcentajeEntregadas":0.9293738539693991,"porcentajePoblacionAdministradas":1.3923631752070702,"porcentajePoblacionPrimeraDosis":0.776370589739987,"porcentajePoblacionCompletas":0.7051588288064331,"fechaUltRegistro":1630195200000,"etarios":{"unaDosis":{"etarioTotal":{"vacunados":1723934,"personasINE":1983943,"porcentaje":0.8689433113753772},"etarioRangos":[{"rango":{"min":12,"max":19},"vacunados":107952,"personasINE":168606,"porcentaje":0.6944485793960324},{"rango":{"min":20,"max":29},"vacunados":139955,"personasINE":201534,"porcentaje":0.8629785189419357},{"rango":{"min":30,"max":39},"vacunados":190406,"personasINE":260543.00000000003,"porcentaje":0.8629785189419357},{"rango":{"min":40,"max":49},"vacunados":312513,"personasINE":362133,"porcentaje":0.8629785189419357},{"rango":{"min":50,"max":59},"vacunados":319030,"personasINE":339977,"porcentaje":0.9383870085329302},{"rango":{"min":60,"max":69},"vacunados":276796,"personasINE":280119,"porcentaje":0.9881371845537076},{"rango":{"min":70,"max":79},"vacunados":213387,"personasINE":213387,"porcentaje":1},{"rango":{"min":80,"max":null},"vacunados":163895,"personasINE":163895,"porcentaje":1}]},"pautaCompleta":{"etarioTotal":{"vacunados":1565808,"personasINE":1983943,"porcentaje":0.7892404166853584},"etarioRangos":[{"rango":{"min":12,"max":19},"vacunados":44076,"personasINE":168606.00000000003,"porcentaje":0.45691049649190707},{"rango":{"min":20,"max":29},"vacunados":92083,"personasINE":201534,"porcentaje":0.844374856751525},{"rango":{"min":30,"max":39},"vacunados":164838,"personasINE":260542.99999999997,"porcentaje":0.844374856751525},{"rango":{"min":40,"max":49},"vacunados":305776,"personasINE":362133,"porcentaje":0.844374856751525},{"rango":{"min":50,"max":59},"vacunados":314826,"personasINE":339977,"porcentaje":0.9260214661580048},{"rango":{"min":60,"max":69},"vacunados":271080,"personasINE":280119,"porcentaje":0.9677315712250865},{"rango":{"min":70,"max":79},"vacunados":211630,"personasINE":213081,"porcentaje":0.993190382999892},{"rango":{"min":80,"max":null},"vacunados":161499,"personasINE":157950,"porcentaje":1.0224691358024691}]}}},{"ccaa":"Ceuta","dosisAdministradas":102804,"dosisEntregadas":131210,"dosisEntregadasModerna":20400,"dosisEntregadasPfizer":88560,"dosisEntregadasAstrazeneca":18100,"dosisEntregadasJanssen":4150,"dosisPrimeraDosis":57554,"dosisPautaCompletada":51860,"porcentajeEntregadas":0.7835073546223611,"porcentajePoblacionAdministradas":1.2209211182632242,"porcentajePoblacionPrimeraDosis":0.6835229566993658,"porcentajePoblacionCompletas":0.6158998598608109,"fechaUltRegistro":1630022400000,"etarios":{"unaDosis":{"etarioTotal":{"vacunados":57554,"personasINE":70965,"porcentaje":0.8110195166631438},"etarioRangos":[{"rango":{"min":12,"max":19},"vacunados":6204,"personasINE":9126,"porcentaje":0.7240813349138324},{"rango":{"min":20,"max":29},"vacunados":7941,"personasINE":10967,"porcentaje":0.8489163107103307},{"rango":{"min":30,"max":39},"vacunados":8547,"personasINE":11894,"porcentaje":0.8489163107103307},{"rango":{"min":40,"max":49},"vacunados":10732,"personasINE":12642,"porcentaje":0.8489163107103307},{"rango":{"min":50,"max":59},"vacunados":10321,"personasINE":11556,"porcentaje":0.89312911041883},{"rango":{"min":60,"max":69},"vacunados":7551,"personasINE":7857,"porcentaje":0.9610538373424972},{"rango":{"min":70,"max":79},"vacunados":3872,"personasINE":4318,"porcentaje":0.8967114404817045},{"rango":{"min":80,"max":null},"vacunados":2386,"personasINE":2605,"porcentaje":0.9159309021113243}]},"pautaCompleta":{"etarioTotal":{"vacunados":51860,"personasINE":70965,"porcentaje":0.7307827802437822},"etarioRangos":[{"rango":{"min":12,"max":19},"vacunados":3722,"personasINE":9126,"porcentaje":0.6297073037293699},{"rango":{"min":20,"max":29},"vacunados":6906,"personasINE":10967,"porcentaje":0.7993197278911565},{"rango":{"min":30,"max":39},"vacunados":7718,"personasINE":11894,"porcentaje":0.7993197278911565},{"rango":{"min":40,"max":49},"vacunados":10105,"personasINE":12642,"porcentaje":0.7993197278911565},{"rango":{"min":50,"max":59},"vacunados":9990,"personasINE":11556,"porcentaje":0.8644859813084113},{"rango":{"min":60,"max":69},"vacunados":7251,"personasINE":7857,"porcentaje":0.9228713249331806},{"rango":{"min":70,"max":79},"vacunados":3816,"personasINE":4318,"porcentaje":0.8837424733672997},{"rango":{"min":80,"max":null},"vacunados":2352,"personasINE":2605,"porcentaje":0.9028790786948176}]}}},{"ccaa":"Melilla","dosisAdministradas":95069,"dosisEntregadas":131980,"dosisEntregadasModerna":21400,"dosisEntregadasPfizer":89730,"dosisEntregadasAstrazeneca":15100,"dosisEntregadasJanssen":5750,"dosisPrimeraDosis":53753,"dosisPautaCompletada":49873,"porcentajeEntregadas":0.7203288377026822,"porcentajePoblacionAdministradas":1.0917933759015113,"porcentajePoblacionPrimeraDosis":0.6173113142542147,"porcentajePoblacionCompletas":0.5727525380127705,"fechaUltRegistro":1630022400000,"etarios":{"unaDosis":{"etarioTotal":{"vacunados":53753,"personasINE":70927,"porcentaje":0.7578637190350642},"etarioRangos":[{"rango":{"min":12,"max":19},"vacunados":6328,"personasINE":9574,"porcentaje":0.650354314297624},{"rango":{"min":20,"max":29},"vacunados":7801,"personasINE":11995,"porcentaje":0.8106982169638394},{"rango":{"min":30,"max":39},"vacunados":8109,"personasINE":12133,"porcentaje":0.8106982169638394},{"rango":{"min":40,"max":49},"vacunados":9730,"personasINE":12002,"porcentaje":0.8106982169638394},{"rango":{"min":50,"max":59},"vacunados":9456,"personasINE":11299,"porcentaje":0.8368882201964776},{"rango":{"min":60,"max":69},"vacunados":7036,"personasINE":7827,"porcentaje":0.8989395681614922},{"rango":{"min":70,"max":79},"vacunados":3291,"personasINE":3748,"porcentaje":0.878068303094984},{"rango":{"min":80,"max":null},"vacunados":2002,"personasINE":2349,"porcentaje":0.8522775649212431}]},"pautaCompleta":{"etarioTotal":{"vacunados":49873,"personasINE":70927,"porcentaje":0.7031595866172261},"etarioRangos":[{"rango":{"min":12,"max":19},"vacunados":4753,"personasINE":9574,"porcentaje":0.5728220091704878},{"rango":{"min":20,"max":29},"vacunados":6871,"personasINE":11994.999999999998,"porcentaje":0.7862022996167305},{"rango":{"min":30,"max":39},"vacunados":7564,"personasINE":12133,"porcentaje":0.7862022996167305},{"rango":{"min":40,"max":49},"vacunados":9436,"personasINE":12002,"porcentaje":0.7862022996167305},{"rango":{"min":50,"max":59},"vacunados":9229,"personasINE":11299,"porcentaje":0.8167979467209487},{"rango":{"min":60,"max":69},"vacunados":6869,"personasINE":7827.000000000001,"porcentaje":0.8776031685192283},{"rango":{"min":70,"max":79},"vacunados":3205,"personasINE":3747.9999999999995,"porcentaje":0.8551227321237994},{"rango":{"min":80,"max":null},"vacunados":1946,"personasINE":2349,"porcentaje":0.8284376330353341}]}}},{"ccaa":"Fuerzas Armadas","dosisAdministradas":170625,"dosisEntregadas":213568,"dosisEntregadasModerna":58300,"dosisEntregadasPfizer":49368,"dosisEntregadasAstrazeneca":103900,"dosisEntregadasJanssen":2000,"dosisPrimeraDosis":91538,"dosisPautaCompletada":85245,"porcentajeEntregadas":0.7989258690440515,"porcentajePoblacionAdministradas":null,"porcentajePoblacionPrimeraDosis":null,"porcentajePoblacionCompletas":null,"fechaUltRegistro":1630108800000},{"ccaa":"Sanidad Exterior","dosisAdministradas":4943,"dosisEntregadas":6890,"dosisEntregadasModerna":4180,"dosisEntregadasPfizer":0,"dosisEntregadasAstrazeneca":0,"dosisEntregadasJanssen":2710,"dosisPrimeraDosis":3662,"dosisPautaCompletada":3289,"porcentajeEntregadas":0.7174165457184325,"porcentajePoblacionAdministradas":null,"porcentajePoblacionPrimeraDosis":null,"porcentajePoblacionCompletas":null,"fechaUltRegistro":1630022400000,"etarios":{"unaDosis":{"etarioTotal":{"vacunados":3662,"personasINE":"-","porcentaje":"-"},"etarioRangos":[{"rango":{"min":12,"max":19},"vacunados":133,"personasINE":null,"porcentaje":"-"},{"rango":{"min":20,"max":29},"vacunados":928,"personasINE":null,"porcentaje":"-"},{"rango":{"min":30,"max":39},"vacunados":1017,"personasINE":null,"porcentaje":"-"},{"rango":{"min":40,"max":49},"vacunados":909,"personasINE":null,"porcentaje":"-"},{"rango":{"min":50,"max":59},"vacunados":468,"personasINE":null,"porcentaje":"-"},{"rango":{"min":60,"max":69},"vacunados":164,"personasINE":null,"porcentaje":"-"},{"rango":{"min":70,"max":79},"vacunados":22,"personasINE":null,"porcentaje":"-"},{"rango":{"min":80,"max":null},"vacunados":21,"personasINE":null,"porcentaje":"-"}]},"pautaCompleta":{"etarioTotal":{"vacunados":3289,"personasINE":"-","porcentaje":"-"},"etarioRangos":[{"rango":{"min":12,"max":19},"vacunados":73,"personasINE":null,"porcentaje":"-"},{"rango":{"min":20,"max":29},"vacunados":818,"personasINE":null,"porcentaje":"-"},{"rango":{"min":30,"max":39},"vacunados":913,"personasINE":null,"porcentaje":"-"},{"rango":{"min":40,"max":49},"vacunados":847,"personasINE":null,"porcentaje":"-"},{"rango":{"min":50,"max":59},"vacunados":452,"personasINE":null,"porcentaje":"-"},{"rango":{"min":60,"max":69},"vacunados":150,"personasINE":null,"porcentaje":"-"},{"rango":{"min":70,"max":79},"vacunados":20,"personasINE":null,"porcentaje":"-"},{"rango":{"min":80,"max":null},"vacunados":16,"personasINE":null,"porcentaje":"-"}]}}},{"ccaa":"Totales","dosisAdministradas":65444891,"dosisEntregadas":71876842,"dosisEntregadasModerna":9585980,"dosisEntregadasPfizer":49767927,"dosisEntregadasAstrazeneca":9874600,"dosisEntregadasJanssen":2648335,"dosisPrimeraDosis":36346563,"dosisPautaCompletada":32811664,"porcentajeEntregadas":0.910514279411441,"porcentajePoblacionAdministradas":1.3942243502343417,"porcentajePoblacionPrimeraDosis":0.774319620792501,"porcentajePoblacionCompletas":0.6990128674904132,"fechaUltRegistro":null,"etarios":{"unaDosis":{"etarioTotal":{"vacunados":36346563,"personasINE":42119827,"porcentaje":0.862932390486789},"etarioRangos":[{"rango":{"min":12,"max":19},"vacunados":2688926,"personasINE":3888686.0000000005,"porcentaje":0.7226481604323065},{"rango":{"min":20,"max":29},"vacunados":3573235,"personasINE":4944640,"porcentaje":0.861344720433537},{"rango":{"min":30,"max":39},"vacunados":4611455,"personasINE":6230403,"porcentaje":0.861344720433537},{"rango":{"min":40,"max":49},"vacunados":6797506,"personasINE":7891737,"porcentaje":0.861344720433537},{"rango":{"min":50,"max":59},"vacunados":6581672,"personasINE":7033306,"porcentaje":0.9357863855205504},{"rango":{"min":60,"max":69},"vacunados":5231060,"personasINE":5336986,"porcentaje":0.9801524680784248},{"rango":{"min":70,"max":79},"vacunados":3931098,"personasINE":3960045,"porcentaje":0.9926902345806676},{"rango":{"min":80,"max":null},"vacunados":2931611,"personasINE":2931611,"porcentaje":1}]},"pautaCompleta":{"etarioTotal":{"vacunados":32811664,"personasINE":42119827,"porcentaje":0.7790075680985109},"etarioRangos":[{"rango":{"min":12,"max":19},"vacunados":995714,"personasINE":3888686,"porcentaje":0.5641268120631634},{"rango":{"min":20,"max":29},"vacunados":2789404,"personasINE":4944640,"porcentaje":0.8325181135661262},{"rango":{"min":30,"max":39},"vacunados":4150324,"personasINE":6230403,"porcentaje":0.8325181135661262},{"rango":{"min":40,"max":49},"vacunados":6570014,"personasINE":7891737,"porcentaje":0.8325181135661262},{"rango":{"min":50,"max":59},"vacunados":6425629,"personasINE":7033306,"porcentaje":0.9136000907681252},{"rango":{"min":60,"max":69},"vacunados":5092412,"personasINE":5336986,"porcentaje":0.9541737602459516},{"rango":{"min":70,"max":79},"vacunados":3896527,"personasINE":3960045,"porcentaje":0.9839602832796092},{"rango":{"min":80,"max":null},"vacunados":2891640,"personasINE":2891640,"porcentaje":1}]}}}]