[{"ccaa":"Andalucía","dosisAdministradas":9117784,"dosisEntregadas":9306300,"dosisEntregadasModerna":913500,"dosisEntregadasPfizer":6111000,"dosisEntregadasAstrazeneca":1805800,"dosisEntregadasJanssen":476000,"dosisPrimeraDosis":5159037,"dosisPautaCompletada":4192935,"porcentajeEntregadas":0.9797431847243265,"porcentajePoblacionAdministradas":1.07719060428422,"porcentajePoblacionPrimeraDosis":0.6094974594215711,"porcentajePoblacionCompletas":0.4953605159295786,"fechaUltRegistro":1626480000000,"etarios":{"unaDosis":{"etarioTotal":{"vacunados":5159037,"personasINE":7451975,"porcentaje":0.6923046574901285},"etarioRangos":[{"rango":{"min":12,"max":19},"vacunados":7414,"personasINE":752907.0000000001,"porcentaje":0.19061950828710245},{"rango":{"min":20,"max":29},"vacunados":177023,"personasINE":928672,"porcentaje":0.8257168724018384},{"rango":{"min":30,"max":39},"vacunados":688518,"personasINE":1140217,"porcentaje":0.8257168724018384},{"rango":{"min":40,"max":49},"vacunados":1143712,"personasINE":1385114,"porcentaje":0.8257168724018384},{"rango":{"min":50,"max":59},"vacunados":1160817,"personasINE":1265021,"porcentaje":0.9176266639051842},{"rango":{"min":60,"max":69},"vacunados":899934,"personasINE":916147,"porcentaje":0.9823030583519894},{"rango":{"min":70,"max":79},"vacunados":649369,"personasINE":650381,"porcentaje":0.998443988984918},{"rango":{"min":80,"max":null},"vacunados":432250,"personasINE":432250,"porcentaje":1}]},"pautaCompleta":{"etarioTotal":{"vacunados":4192935,"personasINE":7451975,"porcentaje":0.5626609053304661},"etarioRangos":[{"rango":{"min":12,"max":19},"vacunados":5208,"personasINE":752907,"porcentaje":0.10988163743496089},{"rango":{"min":20,"max":29},"vacunados":102044,"personasINE":928672,"porcentaje":0.6931508886633158},{"rango":{"min":30,"max":39},"vacunados":275942,"personasINE":1140217,"porcentaje":0.6931508886633158},{"rango":{"min":40,"max":49},"vacunados":960093,"personasINE":1385114,"porcentaje":0.6931508886633158},{"rango":{"min":50,"max":59},"vacunados":1069797,"personasINE":1265021,"porcentaje":0.8456752891849226},{"rango":{"min":60,"max":69},"vacunados":713046,"personasINE":916147,"porcentaje":0.7783095944209827},{"rango":{"min":70,"max":79},"vacunados":641856,"personasINE":650381,"porcentaje":0.9868922985142555},{"rango":{"min":80,"max":null},"vacunados":424949,"personasINE":424949,"porcentaje":1}]}}},{"ccaa":"Aragón","dosisAdministradas":1475514,"dosisEntregadas":1558165,"dosisEntregadasModerna":144700,"dosisEntregadasPfizer":1070865,"dosisEntregadasAstrazeneca":285700,"dosisEntregadasJanssen":56900,"dosisPrimeraDosis":858092,"dosisPautaCompletada":696638,"porcentajeEntregadas":0.946956195268152,"porcentajePoblacionAdministradas":1.1099172478224992,"porcentajePoblacionPrimeraDosis":0.6454775156443815,"porcentajePoblacionCompletas":0.5240279195511328,"fechaUltRegistro":1626566400000,"etarios":{"unaDosis":{"etarioTotal":{"vacunados":858092,"personasINE":1185134,"porcentaje":0.7240463947536734},"etarioRangos":[{"rango":{"min":12,"max":19},"vacunados":11947,"personasINE":103109,"porcentaje":0.2840929133979034},{"rango":{"min":20,"max":29},"vacunados":37046,"personasINE":130401,"porcentaje":0.7991700125149458},{"rango":{"min":30,"max":39},"vacunados":90960,"personasINE":164286,"porcentaje":0.7991700125149458},{"rango":{"min":40,"max":49},"vacunados":171776,"personasINE":214943,"porcentaje":0.7991700125149458},{"rango":{"min":50,"max":59},"vacunados":176734,"personasINE":198266,"porcentaje":0.8913984243390193},{"rango":{"min":60,"max":69},"vacunados":150341,"personasINE":156367,"porcentaje":0.9614624569122641},{"rango":{"min":70,"max":79},"vacunados":118425,"personasINE":118955,"porcentaje":0.9955445336471775},{"rango":{"min":80,"max":null},"vacunados":100863,"personasINE":100863,"porcentaje":1}]},"pautaCompleta":{"etarioTotal":{"vacunados":696638,"personasINE":1185134,"porcentaje":0.5878136987041128},"etarioRangos":[{"rango":{"min":12,"max":19},"vacunados":5885,"personasINE":103109,"porcentaje":0.18466882922676972},{"rango":{"min":20,"max":29},"vacunados":24081,"personasINE":130401.00000000001,"porcentaje":0.6781658393155394},{"rango":{"min":30,"max":39},"vacunados":32127,"personasINE":164286,"porcentaje":0.6781658393155394},{"rango":{"min":40,"max":49},"vacunados":145767,"personasINE":214943.00000000003,"porcentaje":0.6781658393155394},{"rango":{"min":50,"max":59},"vacunados":170862,"personasINE":198266,"porcentaje":0.8617816468784361},{"rango":{"min":60,"max":69},"vacunados":101497,"personasINE":156367,"porcentaje":0.6490947578453254},{"rango":{"min":70,"max":79},"vacunados":117269,"personasINE":118955,"porcentaje":0.9858265730738515},{"rango":{"min":80,"max":null},"vacunados":99150,"personasINE":99150,"porcentaje":1}]}}},{"ccaa":"Asturias","dosisAdministradas":1302332,"dosisEntregadas":1301095,"dosisEntregadasModerna":119800,"dosisEntregadasPfizer":904145,"dosisEntregadasAstrazeneca":233400,"dosisEntregadasJanssen":43750,"dosisPrimeraDosis":708238,"dosisPautaCompletada":638006,"porcentajeEntregadas":1.0009507376479043,"porcentajePoblacionAdministradas":1.2783200364355938,"porcentajePoblacionPrimeraDosis":0.6951797436944436,"porcentajePoblacionCompletas":0.6262426579137481,"fechaUltRegistro":1626566400000,"etarios":{"unaDosis":{"etarioTotal":{"vacunados":708238,"personasINE":933927,"porcentaje":0.7583440675770162},"etarioRangos":[{"rango":{"min":12,"max":19},"vacunados":691,"personasINE":64000.00000000001,"porcentaje":0.15374600245225065},{"rango":{"min":20,"max":29},"vacunados":12163,"personasINE":79111,"porcentaje":0.8267412406508057},{"rango":{"min":30,"max":39},"vacunados":63740,"personasINE":114450.99999999999,"porcentaje":0.8267412406508057},{"rango":{"min":40,"max":49},"vacunados":138060,"personasINE":166993,"porcentaje":0.8267412406508057},{"rango":{"min":50,"max":59},"vacunados":146762,"personasINE":162645,"porcentaje":0.9023455993113837},{"rango":{"min":60,"max":69},"vacunados":144449,"personasINE":149652,"porcentaje":0.9652326731350066},{"rango":{"min":70,"max":79},"vacunados":113758,"personasINE":113758,"porcentaje":1},{"rango":{"min":80,"max":null},"vacunados":88615,"personasINE":88615,"porcentaje":1}]},"pautaCompleta":{"etarioTotal":{"vacunados":638006,"personasINE":933927,"porcentaje":0.6831433291895405},"etarioRangos":[{"rango":{"min":12,"max":19},"vacunados":579,"personasINE":64000.00000000001,"porcentaje":0.12885692255185752},{"rango":{"min":20,"max":29},"vacunados":10194,"personasINE":79111,"porcentaje":0.7614151491379878},{"rango":{"min":30,"max":39},"vacunados":35692,"personasINE":114450.99999999999,"porcentaje":0.7614151491379878},{"rango":{"min":40,"max":49},"vacunados":127151,"personasINE":166993,"porcentaje":0.7614151491379878},{"rango":{"min":50,"max":59},"vacunados":143293,"personasINE":162645,"porcentaje":0.8810169387315934},{"rango":{"min":60,"max":69},"vacunados":121074,"personasINE":149652,"porcentaje":0.8090369657605645},{"rango":{"min":70,"max":79},"vacunados":112576,"personasINE":112576,"porcentaje":1},{"rango":{"min":80,"max":null},"vacunados":87447,"personasINE":87826,"porcentaje":0.9956846491927219}]}}},{"ccaa":"Baleares","dosisAdministradas":1173128,"dosisEntregadas":1250410,"dosisEntregadasModerna":130800,"dosisEntregadasPfizer":807660,"dosisEntregadasAstrazeneca":256400,"dosisEntregadasJanssen":55550,"dosisPrimeraDosis":690614,"dosisPautaCompletada":547514,"porcentajeEntregadas":0.9381946721475356,"porcentajePoblacionAdministradas":1.0013529166236323,"porcentajePoblacionPrimeraDosis":0.5894909533837,"porcentajePoblacionCompletas":0.46734434843620765,"fechaUltRegistro":1626566400000,"etarios":{"unaDosis":{"etarioTotal":{"vacunados":690614,"personasINE":1034867,"porcentaje":0.6673456589107586},"etarioRangos":[{"rango":{"min":12,"max":19},"vacunados":20412,"personasINE":95480,"porcentaje":0.42987632483217586},{"rango":{"min":20,"max":29},"vacunados":59298,"personasINE":137942,"porcentaje":0.714704227538172},{"rango":{"min":30,"max":39},"vacunados":91344,"personasINE":182187.00000000003,"porcentaje":0.714704227538172},{"rango":{"min":40,"max":49},"vacunados":147352,"personasINE":206172,"porcentaje":0.714704227538172},{"rango":{"min":50,"max":59},"vacunados":139400,"personasINE":165797,"porcentaje":0.8407872277544226},{"rango":{"min":60,"max":69},"vacunados":103980,"personasINE":117231,"porcentaje":0.8869667579394529},{"rango":{"min":70,"max":79},"vacunados":77936,"personasINE":80516,"porcentaje":0.9679566794177554},{"rango":{"min":80,"max":null},"vacunados":50892,"personasINE":50892,"porcentaje":1}]},"pautaCompleta":{"etarioTotal":{"vacunados":547514,"personasINE":1034867,"porcentaje":0.5290670202064613},"etarioRangos":[{"rango":{"min":12,"max":19},"vacunados":2036,"personasINE":95480,"porcentaje":0.11671572110017253},{"rango":{"min":20,"max":29},"vacunados":16100,"personasINE":137942,"porcentaje":0.6465135905942611},{"rango":{"min":30,"max":39},"vacunados":48489,"personasINE":182187,"porcentaje":0.6465135905942611},{"rango":{"min":40,"max":49},"vacunados":133293,"personasINE":206172.00000000003,"porcentaje":0.6465135905942611},{"rango":{"min":50,"max":59},"vacunados":133955,"personasINE":165797,"porcentaje":0.8079458615053349},{"rango":{"min":60,"max":69},"vacunados":86273,"personasINE":117231.00000000001,"porcentaje":0.7359230920149107},{"rango":{"min":70,"max":79},"vacunados":77214,"personasINE":80516,"porcentaje":0.9589895176114064},{"rango":{"min":80,"max":null},"vacunados":50154,"personasINE":50154,"porcentaje":1}]}}},{"ccaa":"Canarias","dosisAdministradas":2194289,"dosisEntregadas":2368510,"dosisEntregadasModerna":232300,"dosisEntregadasPfizer":1511610,"dosisEntregadasAstrazeneca":503700,"dosisEntregadasJanssen":120900,"dosisPrimeraDosis":1300840,"dosisPautaCompletada":1001657,"porcentajeEntregadas":0.9264427847043077,"porcentajePoblacionAdministradas":1.0084271160393243,"porcentajePoblacionPrimeraDosis":0.5978256873313382,"porcentajePoblacionCompletas":0.4603304668485334,"fechaUltRegistro":1626566400000,"etarios":{"unaDosis":{"etarioTotal":{"vacunados":1300840,"personasINE":1960774,"porcentaje":0.6634318896517396},"etarioRangos":[{"rango":{"min":12,"max":19},"vacunados":8712,"personasINE":179797,"porcentaje":0.3449044282377616},{"rango":{"min":20,"max":29},"vacunados":86829,"personasINE":251748,"porcentaje":0.7170528247801116},{"rango":{"min":30,"max":39},"vacunados":172163,"personasINE":310934,"porcentaje":0.7170528247801116},{"rango":{"min":40,"max":49},"vacunados":278162,"personasINE":387924,"porcentaje":0.7170528247801116},{"rango":{"min":50,"max":59},"vacunados":300357,"personasINE":350512,"porcentaje":0.8569093212215274},{"rango":{"min":60,"max":69},"vacunados":213957,"personasINE":235092,"porcentaje":0.9100990250625287},{"rango":{"min":70,"max":79},"vacunados":148820,"personasINE":154531,"porcentaje":0.9630430140230762},{"rango":{"min":80,"max":null},"vacunados":91840,"personasINE":91840,"porcentaje":1}]},"pautaCompleta":{"etarioTotal":{"vacunados":1001657,"personasINE":1960774,"porcentaje":0.5108477570592022},"etarioRangos":[{"rango":{"min":12,"max":19},"vacunados":1249,"personasINE":179797,"porcentaje":0.11465036465036466},{"rango":{"min":20,"max":29},"vacunados":28863,"personasINE":251748,"porcentaje":0.5796934451078046},{"rango":{"min":30,"max":39},"vacunados":74673,"personasINE":310934,"porcentaje":0.5796934451078046},{"rango":{"min":40,"max":49},"vacunados":224877,"personasINE":387924,"porcentaje":0.5796934451078046},{"rango":{"min":50,"max":59},"vacunados":277023,"personasINE":350512,"porcentaje":0.7903381339297941},{"rango":{"min":60,"max":69},"vacunados":159612,"personasINE":235092,"porcentaje":0.6789342044816498},{"rango":{"min":70,"max":79},"vacunados":145604,"personasINE":154531,"porcentaje":0.9422316557842763},{"rango":{"min":80,"max":null},"vacunados":89756,"personasINE":90236,"porcentaje":0.9946806152754998}]}}},{"ccaa":"Cantabria","dosisAdministradas":649713,"dosisEntregadas":690895,"dosisEntregadasModerna":63500,"dosisEntregadasPfizer":472245,"dosisEntregadasAstrazeneca":130200,"dosisEntregadasJanssen":24950,"dosisPrimeraDosis":370187,"dosisPautaCompletada":299883,"porcentajeEntregadas":0.9403932580203939,"porcentajePoblacionAdministradas":1.1146121580703545,"porcentajePoblacionPrimeraDosis":0.6350726104596804,"porcentajePoblacionCompletas":0.514462905619269,"fechaUltRegistro":1626566400000,"etarios":{"unaDosis":{"etarioTotal":{"vacunados":370187,"personasINE":524127,"porcentaje":0.70629255886455},"etarioRangos":[{"rango":{"min":12,"max":19},"vacunados":484,"personasINE":43963,"porcentaje":0.11941391941391942},{"rango":{"min":20,"max":29},"vacunados":6031,"personasINE":50505,"porcentaje":0.8225102026204625},{"rango":{"min":30,"max":39},"vacunados":28846,"personasINE":70473,"porcentaje":0.8225102026204625},{"rango":{"min":40,"max":49},"vacunados":80416,"personasINE":97769,"porcentaje":0.8225102026204625},{"rango":{"min":50,"max":59},"vacunados":81314,"personasINE":89964,"porcentaje":0.903850429060513},{"rango":{"min":60,"max":69},"vacunados":75038,"personasINE":77345,"porcentaje":0.9701726032710583},{"rango":{"min":70,"max":79},"vacunados":55799,"personasINE":55799,"porcentaje":1},{"rango":{"min":80,"max":null},"vacunados":42259,"personasINE":42259,"porcentaje":1}]},"pautaCompleta":{"etarioTotal":{"vacunados":299883,"personasINE":524127,"porcentaje":0.5721571298559318},"etarioRangos":[{"rango":{"min":12,"max":19},"vacunados":175,"personasINE":43963,"porcentaje":0.10248490248490248},{"rango":{"min":20,"max":29},"vacunados":5176,"personasINE":50505,"porcentaje":0.5753255121766613},{"rango":{"min":30,"max":39},"vacunados":9269,"personasINE":70473,"porcentaje":0.5753255121766613},{"rango":{"min":40,"max":49},"vacunados":56249,"personasINE":97769,"porcentaje":0.5753255121766613},{"rango":{"min":50,"max":59},"vacunados":75746,"personasINE":89964,"porcentaje":0.8419590058245521},{"rango":{"min":60,"max":69},"vacunados":56233,"personasINE":77345,"porcentaje":0.7270411791324585},{"rango":{"min":70,"max":79},"vacunados":55317,"personasINE":55317,"porcentaje":1},{"rango":{"min":80,"max":null},"vacunados":41718,"personasINE":41718,"porcentaje":1}]}}},{"ccaa":"Castilla y Leon","dosisAdministradas":2821231,"dosisEntregadas":3024065,"dosisEntregadasModerna":289400,"dosisEntregadasPfizer":2117415,"dosisEntregadasAstrazeneca":514400,"dosisEntregadasJanssen":102850,"dosisPrimeraDosis":1575005,"dosisPautaCompletada":1382765,"porcentajeEntregadas":0.9329267062711946,"porcentajePoblacionAdministradas":1.1780073472244144,"porcentajePoblacionPrimeraDosis":0.657644645870965,"porcentajePoblacionCompletas":0.5773746742059644,"fechaUltRegistro":1626566400000,"etarios":{"unaDosis":{"etarioTotal":{"vacunados":1575005,"personasINE":2176253,"porcentaje":0.7237232987157284},"etarioRangos":[{"rango":{"min":12,"max":19},"vacunados":1488,"personasINE":165342,"porcentaje":0.1402187615518042},{"rango":{"min":20,"max":29},"vacunados":29587,"personasINE":211006,"porcentaje":0.8305363262272746},{"rango":{"min":30,"max":39},"vacunados":112603,"personasINE":267783,"porcentaje":0.8305363262272746},{"rango":{"min":40,"max":49},"vacunados":301738,"personasINE":363305,"porcentaje":0.8305363262272746},{"rango":{"min":50,"max":59},"vacunados":339738,"personasINE":381175,"porcentaje":0.8912914015871974},{"rango":{"min":60,"max":69},"vacunados":312030,"personasINE":318575,"porcentaje":0.9794553872714431},{"rango":{"min":70,"max":79},"vacunados":249162,"personasINE":249162,"porcentaje":1},{"rango":{"min":80,"max":null},"vacunados":228659,"personasINE":228659,"porcentaje":1}]},"pautaCompleta":{"etarioTotal":{"vacunados":1382765,"personasINE":2176253,"porcentaje":0.6353879810849198},"etarioRangos":[{"rango":{"min":12,"max":19},"vacunados":1018,"personasINE":165342,"porcentaje":0.11752746367401874},{"rango":{"min":20,"max":29},"vacunados":24799,"personasINE":211006,"porcentaje":0.5987861438736048},{"rango":{"min":30,"max":39},"vacunados":46283,"personasINE":267783,"porcentaje":0.5987861438736048},{"rango":{"min":40,"max":49},"vacunados":217542,"personasINE":363305,"porcentaje":0.5987861438736048},{"rango":{"min":50,"max":59},"vacunados":331264,"personasINE":381175,"porcentaje":0.8690601429789466},{"rango":{"min":60,"max":69},"vacunados":288936,"personasINE":318575,"porcentaje":0.9069638232755238},{"rango":{"min":70,"max":79},"vacunados":247201,"personasINE":247201,"porcentaje":1},{"rango":{"min":80,"max":null},"vacunados":225722,"personasINE":225722,"porcentaje":1}]}}},{"ccaa":"Castilla La Mancha","dosisAdministradas":2228919,"dosisEntregadas":2346530,"dosisEntregadasModerna":226200,"dosisEntregadasPfizer":1570005,"dosisEntregadasAstrazeneca":460900,"dosisEntregadasJanssen":89425,"dosisPrimeraDosis":1297258,"dosisPautaCompletada":1003840,"porcentajeEntregadas":0.9498787571435269,"porcentajePoblacionAdministradas":1.089818166349749,"porcentajePoblacionPrimeraDosis":0.6342874437530223,"porcentajePoblacionCompletas":0.49082226321752026,"fechaUltRegistro":1626566400000},{"ccaa":"Cataluña","dosisAdministradas":8287250,"dosisEntregadas":8696180,"dosisEntregadasModerna":826000,"dosisEntregadasPfizer":5778080,"dosisEntregadasAstrazeneca":1698100,"dosisEntregadasJanssen":394000,"dosisPrimeraDosis":4743481,"dosisPautaCompletada":3961116,"porcentajeEntregadas":0.9529759043626052,"porcentajePoblacionAdministradas":1.0651336505117488,"porcentajePoblacionPrimeraDosis":0.6096643921280425,"porcentajePoblacionCompletas":0.5091095291176803,"fechaUltRegistro":1626566400000,"etarios":{"unaDosis":{"etarioTotal":{"vacunados":4743481,"personasINE":6868360,"porcentaje":0.6906278937038828},"etarioRangos":[{"rango":{"min":12,"max":19},"vacunados":79474,"personasINE":656166,"porcentaje":0.3836590439068581},{"rango":{"min":20,"max":29},"vacunados":321865,"personasINE":838935,"porcentaje":0.7644649156448998},{"rango":{"min":30,"max":39},"vacunados":534850,"personasINE":1044651.9999999999,"porcentaje":0.7644649156448998},{"rango":{"min":40,"max":49},"vacunados":1006613,"personasINE":1316755,"porcentaje":0.7644649156448998},{"rango":{"min":50,"max":59},"vacunados":961182,"personasINE":1091780,"porcentaje":0.8803806627708879},{"rango":{"min":60,"max":69},"vacunados":770511,"personasINE":837584,"porcentaje":0.9199208676383503},{"rango":{"min":70,"max":79},"vacunados":612669,"personasINE":635292,"porcentaje":0.9643896035209006},{"rango":{"min":80,"max":null},"vacunados":456317,"personasINE":456317,"porcentaje":1}]},"pautaCompleta":{"etarioTotal":{"vacunados":3961116,"personasINE":6868360,"porcentaje":0.5767193332906254},"etarioRangos":[{"rango":{"min":12,"max":19},"vacunados":16810,"personasINE":656166,"porcentaje":0.16631205039722982},{"rango":{"min":20,"max":29},"vacunados":139525,"personasINE":838935,"porcentaje":0.6806285147958429},{"rango":{"min":30,"max":39},"vacunados":264809,"personasINE":1044652,"porcentaje":0.6806285147958429},{"rango":{"min":40,"max":49},"vacunados":896221,"personasINE":1316755,"porcentaje":0.6806285147958429},{"rango":{"min":50,"max":59},"vacunados":892265,"personasINE":1091780,"porcentaje":0.8172571397167928},{"rango":{"min":60,"max":69},"vacunados":699192,"personasINE":837584,"porcentaje":0.8347723929778983},{"rango":{"min":70,"max":79},"vacunados":603846,"personasINE":635292,"porcentaje":0.9505015016716722},{"rango":{"min":80,"max":null},"vacunados":448448,"personasINE":448448,"porcentaje":1}]}}},{"ccaa":"C. Valenciana","dosisAdministradas":5153811,"dosisEntregadas":5532440,"dosisEntregadasModerna":529700,"dosisEntregadasPfizer":3685690,"dosisEntregadasAstrazeneca":1009800,"dosisEntregadasJanssen":307250,"dosisPrimeraDosis":2924568,"dosisPautaCompletada":2393169,"porcentajeEntregadas":0.9315620232664069,"porcentajePoblacionAdministradas":1.0190728232733606,"porcentajePoblacionPrimeraDosis":0.5782803771063637,"porcentajePoblacionCompletas":0.4732058450339535,"fechaUltRegistro":1626566400000,"etarios":{"unaDosis":{"etarioTotal":{"vacunados":2924568,"personasINE":4488459,"porcentaje":0.6515750728702212},"etarioRangos":[{"rango":{"min":12,"max":19},"vacunados":3530,"personasINE":424531,"porcentaje":0.12532792380155233},{"rango":{"min":20,"max":29},"vacunados":64685,"personasINE":516126,"porcentaje":0.8017938251830697},{"rango":{"min":30,"max":39},"vacunados":208468,"personasINE":648759,"porcentaje":0.8017938251830697},{"rango":{"min":40,"max":49},"vacunados":682798,"personasINE":851588,"porcentaje":0.8017938251830697},{"rango":{"min":50,"max":59},"vacunados":689149,"personasINE":752334,"porcentaje":0.9160146956006242},{"rango":{"min":60,"max":69},"vacunados":549580,"personasINE":580728,"porcentaje":0.9463638743094874},{"rango":{"min":70,"max":79},"vacunados":430930,"personasINE":437862,"porcentaje":0.9841685279837026},{"rango":{"min":80,"max":null},"vacunados":295428,"personasINE":295428,"porcentaje":1}]},"pautaCompleta":{"etarioTotal":{"vacunados":2393169,"personasINE":4488459,"porcentaje":0.5331827694092783},"etarioRangos":[{"rango":{"min":12,"max":19},"vacunados":2096,"personasINE":424531,"porcentaje":0.09629237821772203},{"rango":{"min":20,"max":29},"vacunados":49699,"personasINE":516126,"porcentaje":0.4830739747389583},{"rango":{"min":30,"max":39},"vacunados":74566,"personasINE":648759,"porcentaje":0.4830739747389583},{"rango":{"min":40,"max":49},"vacunados":411380,"personasINE":851588,"porcentaje":0.4830739747389583},{"rango":{"min":50,"max":59},"vacunados":641195,"personasINE":752334,"porcentaje":0.8522743887688181},{"rango":{"min":60,"max":69},"vacunados":495918,"personasINE":580728,"porcentaje":0.8539591684919619},{"rango":{"min":70,"max":79},"vacunados":427098,"personasINE":437862,"porcentaje":0.9754169121778095},{"rango":{"min":80,"max":null},"vacunados":291217,"personasINE":291217,"porcentaje":1}]}}},{"ccaa":"Extremadura","dosisAdministradas":1247236,"dosisEntregadas":1249165,"dosisEntregadasModerna":115000,"dosisEntregadasPfizer":860615,"dosisEntregadasAstrazeneca":228000,"dosisEntregadasJanssen":45550,"dosisPrimeraDosis":718666,"dosisPautaCompletada":587954,"porcentajeEntregadas":0.9984557684533268,"porcentajePoblacionAdministradas":1.1722286080563014,"porcentajePoblacionPrimeraDosis":0.6754462225572305,"porcentajePoblacionCompletas":0.5525950974964919,"fechaUltRegistro":1626480000000,"etarios":{"unaDosis":{"etarioTotal":{"vacunados":718666,"personasINE":953437,"porcentaje":0.753763489354829},"etarioRangos":[{"rango":{"min":12,"max":19},"vacunados":899,"personasINE":84750,"porcentaje":0.23668372749735264},{"rango":{"min":20,"max":29},"vacunados":26821,"personasINE":113320,"porcentaje":0.8771740629741558},{"rango":{"min":30,"max":39},"vacunados":90366,"personasINE":133479,"porcentaje":0.8771740629741558},{"rango":{"min":40,"max":49},"vacunados":139904,"personasINE":159494,"porcentaje":0.8771740629741558},{"rango":{"min":50,"max":59},"vacunados":157011,"personasINE":169216,"porcentaje":0.9278732507564297},{"rango":{"min":60,"max":69},"vacunados":130066,"personasINE":130066,"porcentaje":1},{"rango":{"min":70,"max":79},"vacunados":95529,"personasINE":95529,"porcentaje":1},{"rango":{"min":80,"max":null},"vacunados":78070,"personasINE":78070,"porcentaje":1}]},"pautaCompleta":{"etarioTotal":{"vacunados":587954,"personasINE":953437,"porcentaje":0.6166679077904466},"etarioRangos":[{"rango":{"min":12,"max":19},"vacunados":398,"personasINE":84750,"porcentaje":0.09162548535121778},{"rango":{"min":20,"max":29},"vacunados":10383,"personasINE":113320.00000000001,"porcentaje":0.7475955208346395},{"rango":{"min":30,"max":39},"vacunados":27222,"personasINE":133479,"porcentaje":0.7475955208346395},{"rango":{"min":40,"max":49},"vacunados":119237,"personasINE":159494,"porcentaje":0.7475955208346395},{"rango":{"min":50,"max":59},"vacunados":151570,"personasINE":169216,"porcentaje":0.8957190809379728},{"rango":{"min":60,"max":69},"vacunados":111229,"personasINE":125297,"porcentaje":0.8877227706968244},{"rango":{"min":70,"max":79},"vacunados":91216,"personasINE":91876,"porcentaje":0.9928164047194045},{"rango":{"min":80,"max":null},"vacunados":76699,"personasINE":76699,"porcentaje":1}]}}},{"ccaa":"Galicia","dosisAdministradas":3280351,"dosisEntregadas":3315195,"dosisEntregadasModerna":305800,"dosisEntregadasPfizer":2297995,"dosisEntregadasAstrazeneca":595400,"dosisEntregadasJanssen":116000,"dosisPrimeraDosis":1816028,"dosisPautaCompletada":1606444,"porcentajeEntregadas":0.9894896077003011,"porcentajePoblacionAdministradas":1.214126853057144,"porcentajePoblacionPrimeraDosis":0.6721501329289638,"porcentajePoblacionCompletas":0.5945786893940712,"fechaUltRegistro":1626566400000,"etarios":{"unaDosis":{"etarioTotal":{"vacunados":1816028,"personasINE":2454497,"porcentaje":0.739877864996372},"etarioRangos":[{"rango":{"min":12,"max":19},"vacunados":773,"personasINE":180007.00000000003,"porcentaje":0.09870075893688225},{"rango":{"min":20,"max":29},"vacunados":22798,"personasINE":230981,"porcentaje":0.8682643647300106},{"rango":{"min":30,"max":39},"vacunados":161569,"personasINE":323408,"porcentaje":0.8682643647300106},{"rango":{"min":40,"max":49},"vacunados":384833,"personasINE":443221,"porcentaje":0.8682643647300106},{"rango":{"min":50,"max":59},"vacunados":378795,"personasINE":405889,"porcentaje":0.933247759855527},{"rango":{"min":60,"max":69},"vacunados":336566,"personasINE":346927,"porcentaje":0.9701349275207752},{"rango":{"min":70,"max":79},"vacunados":289503,"personasINE":289762,"porcentaje":0.9991061629889357},{"rango":{"min":80,"max":null},"vacunados":241191,"personasINE":241191,"porcentaje":1}]},"pautaCompleta":{"etarioTotal":{"vacunados":1606444,"personasINE":2454497,"porcentaje":0.6544901053046713},"etarioRangos":[{"rango":{"min":12,"max":19},"vacunados":392,"personasINE":180007,"porcentaje":0.08582957039756517},{"rango":{"min":20,"max":29},"vacunados":19825,"personasINE":230981,"porcentaje":0.7320952752689968},{"rango":{"min":30,"max":39},"vacunados":43826,"personasINE":323407.99999999994,"porcentaje":0.7320952752689968},{"rango":{"min":40,"max":49},"vacunados":324480,"personasINE":443221,"porcentaje":0.7320952752689968},{"rango":{"min":50,"max":59},"vacunados":370183,"personasINE":405889,"porcentaje":0.9120301363180574},{"rango":{"min":60,"max":69},"vacunados":320643,"personasINE":346927,"porcentaje":0.9242376638312959},{"rango":{"min":70,"max":79},"vacunados":287815,"personasINE":289762,"porcentaje":0.9932806924303393},{"rango":{"min":80,"max":null},"vacunados":239280,"personasINE":239280,"porcentaje":1}]}}},{"ccaa":"La Rioja","dosisAdministradas":336083,"dosisEntregadas":363705,"dosisEntregadasModerna":34200,"dosisEntregadasPfizer":253955,"dosisEntregadasAstrazeneca":61400,"dosisEntregadasJanssen":14150,"dosisPrimeraDosis":191017,"dosisPautaCompletada":165493,"porcentajeEntregadas":0.9240538348386742,"porcentajePoblacionAdministradas":1.0505417080840476,"porcentajePoblacionPrimeraDosis":0.5970885925592503,"porcentajePoblacionCompletas":0.5173046506248554,"fechaUltRegistro":1626480000000,"etarios":{"unaDosis":{"etarioTotal":{"vacunados":191017,"personasINE":283970,"porcentaje":0.672666126703525},"etarioRangos":[{"rango":{"min":12,"max":19},"vacunados":303,"personasINE":25532,"porcentaje":0.1252872808457548},{"rango":{"min":20,"max":29},"vacunados":3816,"personasINE":30458.000000000004,"porcentaje":0.8132849830963038},{"rango":{"min":30,"max":39},"vacunados":12360,"personasINE":39319,"porcentaje":0.8132849830963038},{"rango":{"min":40,"max":49},"vacunados":43061,"personasINE":52947,"porcentaje":0.8132849830963038},{"rango":{"min":50,"max":59},"vacunados":42974,"personasINE":47664,"porcentaje":0.9016028868747902},{"rango":{"min":60,"max":69},"vacunados":36636,"personasINE":37718,"porcentaje":0.9713134312529826},{"rango":{"min":70,"max":79},"vacunados":28540,"personasINE":28540,"porcentaje":1},{"rango":{"min":80,"max":null},"vacunados":23327,"personasINE":23327,"porcentaje":1}]},"pautaCompleta":{"etarioTotal":{"vacunados":165493,"personasINE":283970,"porcentaje":0.5827833926118956},"etarioRangos":[{"rango":{"min":12,"max":19},"vacunados":169,"personasINE":25532,"porcentaje":0.1129752445991201},{"rango":{"min":20,"max":29},"vacunados":3441,"personasINE":30458,"porcentaje":0.5458477345269798},{"rango":{"min":30,"max":39},"vacunados":5687,"personasINE":39319,"porcentaje":0.5458477345269798},{"rango":{"min":40,"max":49},"vacunados":28901,"personasINE":52947.00000000001,"porcentaje":0.5458477345269798},{"rango":{"min":50,"max":59},"vacunados":41352,"personasINE":47664,"porcentaje":0.8675730110775428},{"rango":{"min":60,"max":69},"vacunados":34513,"personasINE":37718,"porcentaje":0.9150273079166446},{"rango":{"min":70,"max":79},"vacunados":28370,"personasINE":28370,"porcentaje":1},{"rango":{"min":80,"max":null},"vacunados":23060,"personasINE":23060,"porcentaje":1}]}}},{"ccaa":"Madrid","dosisAdministradas":6902951,"dosisEntregadas":7515545,"dosisEntregadasModerna":743400,"dosisEntregadasPfizer":4920945,"dosisEntregadasAstrazeneca":1509400,"dosisEntregadasJanssen":341800,"dosisPrimeraDosis":4211516,"dosisPautaCompletada":3174424,"porcentajeEntregadas":0.9184897435914494,"porcentajePoblacionAdministradas":1.0181511847983329,"porcentajePoblacionPrimeraDosis":0.6211778129668218,"porcentajePoblacionCompletas":0.46821186426678435,"fechaUltRegistro":1626566400000,"etarios":{"unaDosis":{"etarioTotal":{"vacunados":4211516,"personasINE":5977937,"porcentaje":0.704509933778158},"etarioRangos":[{"rango":{"min":12,"max":19},"vacunados":33813,"personasINE":553542,"porcentaje":0.34551062325330817},{"rango":{"min":20,"max":29},"vacunados":256533,"personasINE":742475,"porcentaje":0.792216959083888},{"rango":{"min":30,"max":39},"vacunados":539723,"personasINE":949640,"porcentaje":0.792216959083888},{"rango":{"min":40,"max":49},"vacunados":923702,"personasINE":1165971,"porcentaje":0.792216959083888},{"rango":{"min":50,"max":59},"vacunados":904451,"personasINE":972783,"porcentaje":0.9297561737818197},{"rango":{"min":60,"max":69},"vacunados":673475,"personasINE":703323,"porcentaje":0.9575614618034672},{"rango":{"min":70,"max":79},"vacunados":507523,"personasINE":526081,"porcentaje":0.9647240634046849},{"rango":{"min":80,"max":null},"vacunados":372296,"personasINE":372296,"porcentaje":1}]},"pautaCompleta":{"etarioTotal":{"vacunados":3174424,"personasINE":5977937,"porcentaje":0.5310233279474174},"etarioRangos":[{"rango":{"min":12,"max":19},"vacunados":7705,"personasINE":553542,"porcentaje":0.14671201050540422},{"rango":{"min":20,"max":29},"vacunados":108930,"personasINE":742475,"porcentaje":0.46196431986730374},{"rango":{"min":30,"max":39},"vacunados":173206,"personasINE":949639.9999999999,"porcentaje":0.46196431986730374},{"rango":{"min":40,"max":49},"vacunados":538637,"personasINE":1165971,"porcentaje":0.46196431986730374},{"rango":{"min":50,"max":59},"vacunados":862947,"personasINE":972783,"porcentaje":0.8870909545088679},{"rango":{"min":60,"max":69},"vacunados":611594,"personasINE":703323,"porcentaje":0.8695777046961354},{"rango":{"min":70,"max":79},"vacunados":503232,"personasINE":526081,"porcentaje":0.9565675247728012},{"rango":{"min":80,"max":null},"vacunados":368173,"personasINE":368173,"porcentaje":1}]}}},{"ccaa":"Murcia","dosisAdministradas":1530437,"dosisEntregadas":1592405,"dosisEntregadasModerna":162600,"dosisEntregadasPfizer":1081805,"dosisEntregadasAstrazeneca":259900,"dosisEntregadasJanssen":88100,"dosisPrimeraDosis":879344,"dosisPautaCompletada":710165,"porcentajeEntregadas":0.9610852766727057,"porcentajePoblacionAdministradas":1.0126954423851497,"porcentajePoblacionPrimeraDosis":0.5818649582365868,"porcentajePoblacionCompletas":0.4699186303267955,"fechaUltRegistro":1626566400000,"etarios":{"unaDosis":{"etarioTotal":{"vacunados":879344,"personasINE":1310137,"porcentaje":0.6711847692264244},"etarioRangos":[{"rango":{"min":12,"max":19},"vacunados":1485,"personasINE":141894,"porcentaje":0.17761018995866426},{"rango":{"min":20,"max":29},"vacunados":30593,"personasINE":172248,"porcentaje":0.8306597890280417},{"rango":{"min":30,"max":39},"vacunados":122033,"personasINE":209002.99999999997,"porcentaje":0.8306597890280417},{"rango":{"min":40,"max":49},"vacunados":211118,"personasINE":254157,"porcentaje":0.8306597890280417},{"rango":{"min":50,"max":59},"vacunados":197752,"personasINE":213256,"porcentaje":0.9272986457590877},{"rango":{"min":60,"max":69},"vacunados":140853,"personasINE":146909,"porcentaje":0.9587772022136152},{"rango":{"min":70,"max":79},"vacunados":101995,"personasINE":102899,"porcentaje":0.9912146862457362},{"rango":{"min":80,"max":null},"vacunados":73515,"personasINE":73515,"porcentaje":1}]},"pautaCompleta":{"etarioTotal":{"vacunados":710165,"personasINE":1310137,"porcentaje":0.542053998932936},"etarioRangos":[{"rango":{"min":12,"max":19},"vacunados":1315,"personasINE":141894,"porcentaje":0.12286354558543496},{"rango":{"min":20,"max":29},"vacunados":21163,"personasINE":172248,"porcentaje":0.7164193785730867},{"rango":{"min":30,"max":39},"vacunados":33992,"personasINE":209003,"porcentaje":0.7164193785730867},{"rango":{"min":40,"max":49},"vacunados":182083,"personasINE":254157,"porcentaje":0.7164193785730867},{"rango":{"min":50,"max":59},"vacunados":184124,"personasINE":213256,"porcentaje":0.8633942304085231},{"rango":{"min":60,"max":69},"vacunados":116335,"personasINE":146909,"porcentaje":0.7918847722059233},{"rango":{"min":70,"max":79},"vacunados":98873,"personasINE":102899,"porcentaje":0.9608742553377584},{"rango":{"min":80,"max":null},"vacunados":72280,"personasINE":72280,"porcentaje":1}]}}},{"ccaa":"Navarra","dosisAdministradas":726117,"dosisEntregadas":751335,"dosisEntregadasModerna":72900,"dosisEntregadasPfizer":503835,"dosisEntregadasAstrazeneca":145700,"dosisEntregadasJanssen":28900,"dosisPrimeraDosis":416218,"dosisPautaCompletada":350021,"porcentajeEntregadas":0.9664357443750125,"porcentajePoblacionAdministradas":1.0981855634553697,"porcentajePoblacionPrimeraDosis":0.6294916643602436,"porcentajePoblacionCompletas":0.529374755178865,"fechaUltRegistro":1626566400000,"etarios":{"unaDosis":{"etarioTotal":{"vacunados":416218,"personasINE":581354,"porcentaje":0.7159458780708484},"etarioRangos":[{"rango":{"min":12,"max":19},"vacunados":2047,"personasINE":56388,"porcentaje":0.2988095762326244},{"rango":{"min":20,"max":29},"vacunados":20357,"personasINE":68127,"porcentaje":0.8262161811818299},{"rango":{"min":30,"max":39},"vacunados":48466,"personasINE":81341,"porcentaje":0.8262161811818299},{"rango":{"min":40,"max":49},"vacunados":89233,"personasINE":108002,"porcentaje":0.8262161811818299},{"rango":{"min":50,"max":59},"vacunados":88158,"personasINE":96694,"porcentaje":0.9117215132272943},{"rango":{"min":60,"max":69},"vacunados":69881,"personasINE":73844,"porcentaje":0.9463328097069498},{"rango":{"min":70,"max":79},"vacunados":55680,"personasINE":55792,"porcentaje":0.9979925437338687},{"rango":{"min":80,"max":null},"vacunados":42396,"personasINE":42396,"porcentaje":1}]},"pautaCompleta":{"etarioTotal":{"vacunados":350021,"personasINE":581354,"porcentaje":0.6020789398542025},"etarioRangos":[{"rango":{"min":12,"max":19},"vacunados":564,"personasINE":56388.00000000001,"porcentaje":0.13711157103644664},{"rango":{"min":20,"max":29},"vacunados":9341,"personasINE":68127,"porcentaje":0.7597822262550693},{"rango":{"min":30,"max":39},"vacunados":16763,"personasINE":81341,"porcentaje":0.7597822262550693},{"rango":{"min":40,"max":49},"vacunados":82058,"personasINE":108002,"porcentaje":0.7597822262550693},{"rango":{"min":50,"max":59},"vacunados":86227,"personasINE":96694,"porcentaje":0.8917512979088672},{"rango":{"min":60,"max":69},"vacunados":57728,"personasINE":73844,"porcentaje":0.7817561345539245},{"rango":{"min":70,"max":79},"vacunados":55444,"personasINE":55792,"porcentaje":0.9937625466016633},{"rango":{"min":80,"max":null},"vacunados":41896,"personasINE":41896,"porcentaje":1}]}}},{"ccaa":"País Vasco","dosisAdministradas":2476944,"dosisEntregadas":2643900,"dosisEntregadasModerna":237000,"dosisEntregadasPfizer":1759500,"dosisEntregadasAstrazeneca":549600,"dosisEntregadasJanssen":97800,"dosisPrimeraDosis":1437699,"dosisPautaCompletada":1176460,"porcentajeEntregadas":0.9368523771700896,"porcentajePoblacionAdministradas":1.115487294776321,"porcentajePoblacionPrimeraDosis":0.6474651700694978,"porcentajePoblacionCompletas":0.529816654237056,"fechaUltRegistro":1626566400000,"etarios":{"unaDosis":{"etarioTotal":{"vacunados":1437699,"personasINE":1983943,"porcentaje":0.7246674929672878},"etarioRangos":[{"rango":{"min":12,"max":19},"vacunados":3630,"personasINE":168606,"porcentaje":0.1766897893159467},{"rango":{"min":20,"max":29},"vacunados":35609,"personasINE":201534,"porcentaje":0.8180723656778035},{"rango":{"min":30,"max":39},"vacunados":143719,"personasINE":260543,"porcentaje":0.8180723656778035},{"rango":{"min":40,"max":49},"vacunados":296251,"personasINE":362133,"porcentaje":0.8180723656778035},{"rango":{"min":50,"max":59},"vacunados":308999,"personasINE":339977,"porcentaje":0.908882071434244},{"rango":{"min":60,"max":69},"vacunados":273025,"personasINE":280119,"porcentaje":0.9746750488185378},{"rango":{"min":70,"max":79},"vacunados":212830,"personasINE":213081,"porcentaje":0.9988220441991543},{"rango":{"min":80,"max":null},"vacunados":163636,"personasINE":163636,"porcentaje":1}]},"pautaCompleta":{"etarioTotal":{"vacunados":1176460,"personasINE":1983943,"porcentaje":0.5929908268533924},"etarioRangos":[{"rango":{"min":12,"max":19},"vacunados":1930,"personasINE":168606,"porcentaje":0.1453402403564659},{"rango":{"min":20,"max":29},"vacunados":29291,"personasINE":201534.00000000003,"porcentaje":0.6565681669441891},{"rango":{"min":30,"max":39},"vacunados":46591,"personasINE":260543,"porcentaje":0.6565681669441891},{"rango":{"min":40,"max":49},"vacunados":237765,"personasINE":362132.99999999994,"porcentaje":0.6565681669441891},{"rango":{"min":50,"max":59},"vacunados":301263,"personasINE":339977,"porcentaje":0.886127590984096},{"rango":{"min":60,"max":69},"vacunados":187660,"personasINE":280119,"porcentaje":0.669929565648885},{"rango":{"min":70,"max":79},"vacunados":210807,"personasINE":213081,"porcentaje":0.989328002027398},{"rango":{"min":80,"max":null},"vacunados":161153,"personasINE":157950,"porcentaje":1.020278569167458}]}}},{"ccaa":"Ceuta","dosisAdministradas":84749,"dosisEntregadas":91360,"dosisEntregadasModerna":9800,"dosisEntregadasPfizer":59310,"dosisEntregadasAstrazeneca":18100,"dosisEntregadasJanssen":4150,"dosisPrimeraDosis":49292,"dosisPautaCompletada":39934,"porcentajeEntregadas":0.9276379159369527,"porcentajePoblacionAdministradas":1.0064962827486283,"porcentajePoblacionPrimeraDosis":0.5854017719294079,"porcentajePoblacionCompletas":0.4742642692572623,"fechaUltRegistro":1626393600000,"etarios":{"unaDosis":{"etarioTotal":{"vacunados":49292,"personasINE":70965,"porcentaje":0.6945959275699288},"etarioRangos":[{"rango":{"min":12,"max":19},"vacunados":2641,"personasINE":9126,"porcentaje":0.5760007294611106},{"rango":{"min":20,"max":29},"vacunados":6317,"personasINE":10967,"porcentaje":0.7735326688815061},{"rango":{"min":30,"max":39},"vacunados":7359,"personasINE":11894,"porcentaje":0.7735326688815061},{"rango":{"min":40,"max":49},"vacunados":9779,"personasINE":12642,"porcentaje":0.7735326688815061},{"rango":{"min":50,"max":59},"vacunados":9730,"personasINE":11556,"porcentaje":0.8419868466597439},{"rango":{"min":60,"max":69},"vacunados":7278,"personasINE":7857,"porcentaje":0.9263077510500191},{"rango":{"min":70,"max":79},"vacunados":3815,"personasINE":4318,"porcentaje":0.8835108846688282},{"rango":{"min":80,"max":null},"vacunados":2373,"personasINE":2605,"porcentaje":0.910940499040307}]},"pautaCompleta":{"etarioTotal":{"vacunados":39934,"personasINE":70965,"porcentaje":0.5627281054040725},"etarioRangos":[{"rango":{"min":12,"max":19},"vacunados":199,"personasINE":9126,"porcentaje":0.22531230053797757},{"rango":{"min":20,"max":29},"vacunados":2471,"personasINE":10967,"porcentaje":0.7313716184148078},{"rango":{"min":30,"max":39},"vacunados":6024,"personasINE":11894,"porcentaje":0.7313716184148078},{"rango":{"min":40,"max":49},"vacunados":9246,"personasINE":12642,"porcentaje":0.7313716184148078},{"rango":{"min":50,"max":59},"vacunados":9453,"personasINE":11556,"porcentaje":0.8180166147455867},{"rango":{"min":60,"max":69},"vacunados":6433,"personasINE":7857,"porcentaje":0.8187603410971108},{"rango":{"min":70,"max":79},"vacunados":3767,"personasINE":4318,"porcentaje":0.8723946271421955},{"rango":{"min":80,"max":null},"vacunados":2341,"personasINE":2605,"porcentaje":0.8986564299424185}]}}},{"ccaa":"Melilla","dosisAdministradas":77722,"dosisEntregadas":89260,"dosisEntregadasModerna":9600,"dosisEntregadasPfizer":59310,"dosisEntregadasAstrazeneca":15100,"dosisEntregadasJanssen":5250,"dosisPrimeraDosis":47379,"dosisPautaCompletada":37059,"porcentajeEntregadas":0.870737172305624,"porcentajePoblacionAdministradas":0.8925765997519408,"porcentajePoblacionPrimeraDosis":0.5441108916348937,"porcentajePoblacionCompletas":0.42559373420919655,"fechaUltRegistro":1626393600000,"etarios":{"unaDosis":{"etarioTotal":{"vacunados":47379,"personasINE":70927,"porcentaje":0.6679966726352446},"etarioRangos":[{"rango":{"min":12,"max":19},"vacunados":2818,"personasINE":9574,"porcentaje":0.5453939141308879},{"rango":{"min":20,"max":29},"vacunados":6542,"personasINE":11995,"porcentaje":0.7756207298783536},{"rango":{"min":30,"max":39},"vacunados":7389,"personasINE":12133.000000000002,"porcentaje":0.7756207298783536},{"rango":{"min":40,"max":49},"vacunados":9309,"personasINE":12002,"porcentaje":0.7756207298783536},{"rango":{"min":50,"max":59},"vacunados":9191,"personasINE":11299,"porcentaje":0.8134348172404637},{"rango":{"min":60,"max":69},"vacunados":6892,"personasINE":7827,"porcentaje":0.8805417145777437},{"rango":{"min":70,"max":79},"vacunados":3256,"personasINE":3748,"porcentaje":0.8687299893276414},{"rango":{"min":80,"max":null},"vacunados":1982,"personasINE":2349,"porcentaje":0.8437633035334184}]},"pautaCompleta":{"etarioTotal":{"vacunados":37059,"personasINE":70927,"porcentaje":0.5224949596063558},"etarioRangos":[{"rango":{"min":12,"max":19},"vacunados":278,"personasINE":9574,"porcentaje":0.13363901625677366},{"rango":{"min":20,"max":29},"vacunados":1603,"personasINE":11995,"porcentaje":0.7297117147142143},{"rango":{"min":30,"max":39},"vacunados":5981,"personasINE":12133,"porcentaje":0.7297117147142143},{"rango":{"min":40,"max":49},"vacunados":8758,"personasINE":12002,"porcentaje":0.7297117147142143},{"rango":{"min":50,"max":59},"vacunados":8847,"personasINE":11299,"porcentaje":0.7829896451013364},{"rango":{"min":60,"max":69},"vacunados":6532,"personasINE":7826.999999999999,"porcentaje":0.8345470806183724},{"rango":{"min":70,"max":79},"vacunados":3145,"personasINE":3748,"porcentaje":0.8391141942369263},{"rango":{"min":80,"max":null},"vacunados":1915,"personasINE":2349,"porcentaje":0.8152405278842061}]}}},{"ccaa":"Fuerzas Armadas","dosisAdministradas":160447,"dosisEntregadas":215768,"dosisEntregadasModerna":58300,"dosisEntregadasPfizer":49368,"dosisEntregadasAstrazeneca":106100,"dosisEntregadasJanssen":2000,"dosisPrimeraDosis":87867,"dosisPautaCompletada":73698,"porcentajeEntregadas":0.7436088762003633,"porcentajePoblacionAdministradas":null,"porcentajePoblacionPrimeraDosis":null,"porcentajePoblacionCompletas":null,"fechaUltRegistro":1626480000000},{"ccaa":"Sanidad Exterior","dosisAdministradas":2981,"dosisEntregadas":5630,"dosisEntregadasModerna":3270,"dosisEntregadasPfizer":0,"dosisEntregadasAstrazeneca":0,"dosisEntregadasJanssen":2360,"dosisPrimeraDosis":2450,"dosisPautaCompletada":1842,"porcentajeEntregadas":0.5294849023090586,"porcentajePoblacionAdministradas":null,"porcentajePoblacionPrimeraDosis":null,"porcentajePoblacionCompletas":null,"fechaUltRegistro":1626393600000,"etarios":{"unaDosis":{"etarioTotal":{"vacunados":2450,"personasINE":"-","porcentaje":"-"},"etarioRangos":[{"rango":{"min":12,"max":19},"vacunados":42,"personasINE":null,"porcentaje":"-"},{"rango":{"min":20,"max":29},"vacunados":567,"personasINE":null,"porcentaje":"-"},{"rango":{"min":30,"max":39},"vacunados":700,"personasINE":null,"porcentaje":"-"},{"rango":{"min":40,"max":49},"vacunados":656,"personasINE":null,"porcentaje":"-"},{"rango":{"min":50,"max":59},"vacunados":344,"personasINE":null,"porcentaje":"-"},{"rango":{"min":60,"max":69},"vacunados":107,"personasINE":null,"porcentaje":"-"},{"rango":{"min":70,"max":79},"vacunados":19,"personasINE":null,"porcentaje":"-"},{"rango":{"min":80,"max":null},"vacunados":15,"personasINE":null,"porcentaje":"-"}]},"pautaCompleta":{"etarioTotal":{"vacunados":1842,"personasINE":"-","porcentaje":"-"},"etarioRangos":[{"rango":{"min":12,"max":19},"vacunados":22,"personasINE":null,"porcentaje":"-"},{"rango":{"min":20,"max":29},"vacunados":387,"personasINE":null,"porcentaje":"-"},{"rango":{"min":30,"max":39},"vacunados":453,"personasINE":null,"porcentaje":"-"},{"rango":{"min":40,"max":49},"vacunados":535,"personasINE":null,"porcentaje":"-"},{"rango":{"min":50,"max":59},"vacunados":320,"personasINE":null,"porcentaje":"-"},{"rango":{"min":60,"max":69},"vacunados":92,"personasINE":null,"porcentaje":"-"},{"rango":{"min":70,"max":79},"vacunados":19,"personasINE":null,"porcentaje":"-"},{"rango":{"min":80,"max":null},"vacunados":14,"personasINE":null,"porcentaje":"-"}]}}},{"ccaa":"Totales","dosisAdministradas":51229989,"dosisEntregadas":53907858,"dosisEntregadasModerna":5227770,"dosisEntregadasPfizer":35875353,"dosisEntregadasAstrazeneca":10387100,"dosisEntregadasJanssen":2417635,"dosisPrimeraDosis":29484796,"dosisPautaCompletada":24041017,"porcentajeEntregadas":0.9503250713467413,"porcentajePoblacionAdministradas":1.0913930336599915,"porcentajePoblacionPrimeraDosis":0.6281379633574776,"porcentajePoblacionCompletas":0.5121648274392842,"fechaUltRegistro":null,"etarios":{"unaDosis":{"etarioTotal":{"vacunados":29484796,"personasINE":42119827,"porcentaje":0.7000217735937044},"etarioRangos":[{"rango":{"min":12,"max":19},"vacunados":185823,"personasINE":3888686.0000000005,"porcentaje":0.26356640726119596},{"rango":{"min":20,"max":29},"vacunados":1303241,"personasINE":4944640,"porcentaje":0.8043636020815189},{"rango":{"min":30,"max":39},"vacunados":3317068,"personasINE":6230403,"porcentaje":0.8043636020815189},{"rango":{"min":40,"max":49},"vacunados":6347826,"personasINE":7891737,"porcentaje":0.8043636020815189},{"rango":{"min":50,"max":59},"vacunados":6379978,"personasINE":7033306,"porcentaje":0.9071094020365387},{"rango":{"min":60,"max":69},"vacunados":5114325,"personasINE":5336986,"porcentaje":0.9582796357344764},{"rango":{"min":70,"max":79},"vacunados":3913121,"personasINE":3960045,"porcentaje":0.9881506397023266},{"rango":{"min":80,"max":null},"vacunados":2923414,"personasINE":2923414,"porcentaje":1}]},"pautaCompleta":{"etarioTotal":{"vacunados":24041017,"personasINE":42119827,"porcentaje":0.5707767270744013},"etarioRangos":[{"rango":{"min":12,"max":19},"vacunados":49436,"personasINE":3888686,"porcentaje":0.1303395191560963},{"rango":{"min":20,"max":29},"vacunados":644482,"personasINE":4944640,"porcentaje":0.6269187632583295},{"rango":{"min":30,"max":39},"vacunados":1308767,"personasINE":6230403,"porcentaje":0.6269187632583295},{"rango":{"min":40,"max":49},"vacunados":4947478,"personasINE":7891737.000000001,"porcentaje":0.6269187632583295},{"rango":{"min":50,"max":59},"vacunados":6011164,"personasINE":7033306,"porcentaje":0.8546711887695487},{"rango":{"min":60,"max":69},"vacunados":4332368,"personasINE":5336986,"porcentaje":0.8117630437853874},{"rango":{"min":70,"max":79},"vacunados":3866570,"personasINE":3960045,"porcentaje":0.9763954702534946},{"rango":{"min":80,"max":null},"vacunados":2880752,"personasINE":2880752,"porcentaje":1}]}}}]