[{"ccaa":"Andalucía","dosisAdministradas":12759527,"dosisEntregadas":13316870,"dosisEntregadasModerna":2019500,"dosisEntregadasPfizer":9434970,"dosisEntregadasAstrazeneca":1528900,"dosisEntregadasJanssen":333500,"dosisPrimeraDosis":6799161,"dosisPautaCompletada":6615499,"porcentajeEntregadas":0.9581475977463173,"porcentajePoblacionAdministradas":1.507432354123636,"porcentajePoblacionPrimeraDosis":0.8032645153927426,"porcentajePoblacionCompletas":0.7815663724268588,"fechaUltRegistro":1633478400000,"etarios":{"unaDosis":{"etarioTotal":{"vacunados":6799161,"personasINE":7451975,"porcentaje":0.9123971832970454},"etarioRangos":[{"rango":{"min":12,"max":19},"vacunados":652664,"personasINE":752907,"porcentaje":0.8124203163226629},{"rango":{"min":20,"max":29},"vacunados":754472,"personasINE":928672,"porcentaje":0.8984762265055439},{"rango":{"min":30,"max":39},"vacunados":920416,"personasINE":1140217,"porcentaje":0.8984762265055439},{"rango":{"min":40,"max":49},"vacunados":1244492,"personasINE":1385114,"porcentaje":0.8984762265055439},{"rango":{"min":50,"max":59},"vacunados":1211877,"personasINE":1265021,"porcentaje":0.9579896302116724},{"rango":{"min":60,"max":69},"vacunados":927453,"personasINE":927453,"porcentaje":1},{"rango":{"min":70,"max":79},"vacunados":653835,"personasINE":653835,"porcentaje":1},{"rango":{"min":80,"max":null},"vacunados":433952,"personasINE":433952,"porcentaje":1}]},"pautaCompleta":{"etarioTotal":{"vacunados":6615499,"personasINE":7451975,"porcentaje":0.8877510995407257},"etarioRangos":[{"rango":{"min":12,"max":19},"vacunados":613257,"personasINE":752907,"porcentaje":0.7620710003101202},{"rango":{"min":20,"max":29},"vacunados":707714,"personasINE":928672.0000000001,"porcentaje":0.8819981604402237},{"rango":{"min":30,"max":39},"vacunados":885056,"personasINE":1140217,"porcentaje":0.8819981604402237},{"rango":{"min":40,"max":49},"vacunados":1221668,"personasINE":1385114,"porcentaje":0.8819981604402237},{"rango":{"min":50,"max":59},"vacunados":1196100,"personasINE":1265021,"porcentaje":0.9455179004933515},{"rango":{"min":60,"max":69},"vacunados":915864,"personasINE":916147,"porcentaje":0.9996910976076984},{"rango":{"min":70,"max":79},"vacunados":648432,"personasINE":650381,"porcentaje":0.9970032949917048},{"rango":{"min":80,"max":null},"vacunados":427408,"personasINE":427408,"porcentaje":1}]}}},{"ccaa":"Aragón","dosisAdministradas":1988817,"dosisEntregadas":2136845,"dosisEntregadasModerna":275200,"dosisEntregadasPfizer":1531845,"dosisEntregadasAstrazeneca":265100,"dosisEntregadasJanssen":64700,"dosisPrimeraDosis":1061556,"dosisPautaCompletada":1038894,"porcentajeEntregadas":0.9307259066520969,"porcentajePoblacionAdministradas":1.4960361549010035,"porcentajePoblacionPrimeraDosis":0.7985280478053485,"porcentajePoblacionCompletas":0.7814811443736267,"fechaUltRegistro":1633478400000,"etarios":{"unaDosis":{"etarioTotal":{"vacunados":1061556,"personasINE":1185134,"porcentaje":0.895726559190775},"etarioRangos":[{"rango":{"min":12,"max":19},"vacunados":87050,"personasINE":103109,"porcentaje":0.7866427404697817},{"rango":{"min":20,"max":29},"vacunados":102579,"personasINE":130401,"porcentaje":0.8702818886867681},{"rango":{"min":30,"max":39},"vacunados":124464,"personasINE":164286,"porcentaje":0.8702818886867681},{"rango":{"min":40,"max":49},"vacunados":187061,"personasINE":214943,"porcentaje":0.8702818886867681},{"rango":{"min":50,"max":59},"vacunados":185617,"personasINE":198266,"porcentaje":0.936201870214762},{"rango":{"min":60,"max":69},"vacunados":154357,"personasINE":156367,"porcentaje":0.9871456253557336},{"rango":{"min":70,"max":79},"vacunados":119216,"personasINE":119216,"porcentaje":1},{"rango":{"min":80,"max":null},"vacunados":101212,"personasINE":101212,"porcentaje":1}]},"pautaCompleta":{"etarioTotal":{"vacunados":1038894,"personasINE":1185134,"porcentaje":0.876604670864223},"etarioRangos":[{"rango":{"min":12,"max":19},"vacunados":82781,"personasINE":103109,"porcentaje":0.7509528301163335},{"rango":{"min":20,"max":29},"vacunados":97925,"personasINE":130400.99999999999,"porcentaje":0.8565759294324542},{"rango":{"min":30,"max":39},"vacunados":120242,"personasINE":164286,"porcentaje":0.8565759294324542},{"rango":{"min":40,"max":49},"vacunados":184115,"personasINE":214943,"porcentaje":0.8565759294324542},{"rango":{"min":50,"max":59},"vacunados":183379,"personasINE":198266,"porcentaje":0.9249140044183067},{"rango":{"min":60,"max":69},"vacunados":152207,"personasINE":156367,"porcentaje":0.9733959211342547},{"rango":{"min":70,"max":79},"vacunados":118393,"personasINE":118955,"porcentaje":0.9952755243579505},{"rango":{"min":80,"max":null},"vacunados":99852,"personasINE":99852,"porcentaje":1}]}}},{"ccaa":"Asturias","dosisAdministradas":1664448,"dosisEntregadas":1650625,"dosisEntregadasModerna":162000,"dosisEntregadasPfizer":1224725,"dosisEntregadasAstrazeneca":220900,"dosisEntregadasJanssen":43000,"dosisPrimeraDosis":871869,"dosisPautaCompletada":860740,"porcentajeEntregadas":1.0083744036349866,"porcentajePoblacionAdministradas":1.6337594622608915,"porcentajePoblacionPrimeraDosis":0.8557937698275592,"porcentajePoblacionCompletas":0.8448699626221063,"fechaUltRegistro":1633478400000,"etarios":{"unaDosis":{"etarioTotal":{"vacunados":871869,"personasINE":933927,"porcentaje":0.9335515516737389},"etarioRangos":[{"rango":{"min":12,"max":19},"vacunados":60222,"personasINE":64000,"porcentaje":0.8371528611697489},{"rango":{"min":20,"max":29},"vacunados":66228,"personasINE":79111,"porcentaje":0.9006964363775727},{"rango":{"min":30,"max":39},"vacunados":90646,"personasINE":114451,"porcentaje":0.9006964363775727},{"rango":{"min":40,"max":49},"vacunados":150410,"personasINE":166993,"porcentaje":0.9006964363775727},{"rango":{"min":50,"max":59},"vacunados":153045,"personasINE":162645,"porcentaje":0.9409757447200959},{"rango":{"min":60,"max":69},"vacunados":148087,"personasINE":149652,"porcentaje":0.9895424050463743},{"rango":{"min":70,"max":79},"vacunados":114318,"personasINE":114318,"porcentaje":1},{"rango":{"min":80,"max":null},"vacunados":88913,"personasINE":88913,"porcentaje":1}]},"pautaCompleta":{"etarioTotal":{"vacunados":860740,"personasINE":933927,"porcentaje":0.9216352027513928},"etarioRangos":[{"rango":{"min":12,"max":19},"vacunados":58178,"personasINE":64000,"porcentaje":0.8068536613113221},{"rango":{"min":20,"max":29},"vacunados":63831,"personasINE":79111,"porcentaje":0.8932829519800232},{"rango":{"min":30,"max":39},"vacunados":88457,"personasINE":114451,"porcentaje":0.8932829519800232},{"rango":{"min":40,"max":49},"vacunados":149172,"personasINE":166993,"porcentaje":0.8932829519800232},{"rango":{"min":50,"max":59},"vacunados":152083,"personasINE":162645,"porcentaje":0.9350610224722555},{"rango":{"min":60,"max":69},"vacunados":147048,"personasINE":149652,"porcentaje":0.9825996311442546},{"rango":{"min":70,"max":79},"vacunados":113861,"personasINE":113861,"porcentaje":1},{"rango":{"min":80,"max":null},"vacunados":88110,"personasINE":88110,"porcentaje":1}]}}},{"ccaa":"Baleares","dosisAdministradas":1586235,"dosisEntregadas":1891250,"dosisEntregadasModerna":305100,"dosisEntregadasPfizer":1272150,"dosisEntregadasAstrazeneca":256400,"dosisEntregadasJanssen":57600,"dosisPrimeraDosis":849656,"dosisPautaCompletada":829982,"porcentajeEntregadas":0.8387230667547918,"porcentajePoblacionAdministradas":1.3539707889509818,"porcentajePoblacionPrimeraDosis":0.7252452534819465,"porcentajePoblacionCompletas":0.7084520158457692,"fechaUltRegistro":1633478400000,"etarios":{"unaDosis":{"etarioTotal":{"vacunados":849656,"personasINE":1034867,"porcentaje":0.821029175729828},"etarioRangos":[{"rango":{"min":12,"max":19},"vacunados":73368,"personasINE":95480,"porcentaje":0.689739165736324},{"rango":{"min":20,"max":29},"vacunados":95144,"personasINE":137942,"porcentaje":0.8070737054498186},{"rango":{"min":30,"max":39},"vacunados":124478,"personasINE":182187,"porcentaje":0.8070737054498186},{"rango":{"min":40,"max":49},"vacunados":166396,"personasINE":206172,"porcentaje":0.8070737054498186},{"rango":{"min":50,"max":59},"vacunados":149603,"personasINE":165797,"porcentaje":0.9023263388360465},{"rango":{"min":60,"max":69},"vacunados":110068,"personasINE":117231,"porcentaje":0.9388984142419667},{"rango":{"min":70,"max":79},"vacunados":79151,"personasINE":80516,"porcentaje":0.9830468478314869},{"rango":{"min":80,"max":null},"vacunados":51448,"personasINE":51448,"porcentaje":1}]},"pautaCompleta":{"etarioTotal":{"vacunados":829982,"personasINE":1034867,"porcentaje":0.8020180371004196},"etarioRangos":[{"rango":{"min":12,"max":19},"vacunados":70603,"personasINE":95480,"porcentaje":0.6564570616635977},{"rango":{"min":20,"max":29},"vacunados":90553,"personasINE":137942,"porcentaje":0.7914314261878431},{"rango":{"min":30,"max":39},"vacunados":119404,"personasINE":182187,"porcentaje":0.7914314261878431},{"rango":{"min":40,"max":49},"vacunados":163171,"personasINE":206172,"porcentaje":0.7914314261878431},{"rango":{"min":50,"max":59},"vacunados":147817,"personasINE":165797,"porcentaje":0.8915541294474568},{"rango":{"min":60,"max":69},"vacunados":108961,"personasINE":117231,"porcentaje":0.9294555194445155},{"rango":{"min":70,"max":79},"vacunados":78664,"personasINE":80516,"porcentaje":0.9769983605742958},{"rango":{"min":80,"max":null},"vacunados":50809,"personasINE":50809,"porcentaje":1}]}}},{"ccaa":"Canarias","dosisAdministradas":3124143,"dosisEntregadas":3522840,"dosisEntregadasModerna":574700,"dosisEntregadasPfizer":2358690,"dosisEntregadasAstrazeneca":455800,"dosisEntregadasJanssen":133650,"dosisPrimeraDosis":1664938,"dosisPautaCompletada":1618781,"porcentajeEntregadas":0.8868251183704057,"porcentajePoblacionAdministradas":1.4357591527754288,"porcentajePoblacionPrimeraDosis":0.7651538269226527,"porcentajePoblacionCompletas":0.743941502386082,"fechaUltRegistro":1633478400000,"etarios":{"unaDosis":{"etarioTotal":{"vacunados":1664938,"personasINE":1960774,"porcentaje":0.849122846386172},"etarioRangos":[{"rango":{"min":12,"max":19},"vacunados":146889,"personasINE":179797,"porcentaje":0.7355093188426521},{"rango":{"min":20,"max":29},"vacunados":185163,"personasINE":251748,"porcentaje":0.8167321434095338},{"rango":{"min":30,"max":39},"vacunados":227656,"personasINE":310934,"porcentaje":0.8167321434095338},{"rango":{"min":40,"max":49},"vacunados":316830,"personasINE":387924,"porcentaje":0.8167321434095338},{"rango":{"min":50,"max":59},"vacunados":320081,"personasINE":350512,"porcentaje":0.9131812890856804},{"rango":{"min":60,"max":69},"vacunados":224115,"personasINE":235092,"porcentaje":0.9533076412638456},{"rango":{"min":70,"max":79},"vacunados":151253,"personasINE":154531,"porcentaje":0.9787874277653028},{"rango":{"min":80,"max":null},"vacunados":92951,"personasINE":92951,"porcentaje":1}]},"pautaCompleta":{"etarioTotal":{"vacunados":1618781,"personasINE":1960774,"porcentaje":0.8255826525647525},"etarioRangos":[{"rango":{"min":12,"max":19},"vacunados":135924,"personasINE":179797,"porcentaje":0.6900432178209956},{"rango":{"min":20,"max":29},"vacunados":173717,"personasINE":251747.99999999997,"porcentaje":0.8036393726606242},{"rango":{"min":30,"max":39},"vacunados":218651,"personasINE":310934,"porcentaje":0.8036393726606242},{"rango":{"min":40,"max":49},"vacunados":311751,"personasINE":387924,"porcentaje":0.8036393726606242},{"rango":{"min":50,"max":59},"vacunados":317082,"personasINE":350512,"porcentaje":0.9046252339434884},{"rango":{"min":60,"max":69},"vacunados":219913,"personasINE":235092,"porcentaje":0.9354337876235687},{"rango":{"min":70,"max":79},"vacunados":149999,"personasINE":154531,"porcentaje":0.9706725511386065},{"rango":{"min":80,"max":null},"vacunados":91744,"personasINE":91744,"porcentaje":1}]}}},{"ccaa":"Cantabria","dosisAdministradas":912891,"dosisEntregadas":992355,"dosisEntregadasModerna":114900,"dosisEntregadasPfizer":727305,"dosisEntregadasAstrazeneca":125200,"dosisEntregadasJanssen":24950,"dosisPrimeraDosis":480112,"dosisPautaCompletada":471360,"porcentajeEntregadas":0.9199238175854407,"porcentajePoblacionAdministradas":1.5661059692402708,"porcentajePoblacionPrimeraDosis":0.8236539401789313,"porcentajePoblacionCompletas":0.8086394867088119,"fechaUltRegistro":1633478400000,"etarios":{"unaDosis":{"etarioTotal":{"vacunados":480112,"personasINE":524127,"porcentaje":0.9160222617800647},"etarioRangos":[{"rango":{"min":12,"max":19},"vacunados":38533,"personasINE":43963,"porcentaje":0.8037620037620038},{"rango":{"min":20,"max":29},"vacunados":40594,"personasINE":50505,"porcentaje":0.8977180906013154},{"rango":{"min":30,"max":39},"vacunados":54256,"personasINE":70473,"porcentaje":0.8977180906013154},{"rango":{"min":40,"max":49},"vacunados":87769,"personasINE":97769,"porcentaje":0.8977180906013154},{"rango":{"min":50,"max":59},"vacunados":84153,"personasINE":89964,"porcentaje":0.935407496331866},{"rango":{"min":60,"max":69},"vacunados":76600,"personasINE":77345,"porcentaje":0.9903678324390717},{"rango":{"min":70,"max":79},"vacunados":55901,"personasINE":55901,"porcentaje":1},{"rango":{"min":80,"max":null},"vacunados":42306,"personasINE":42306,"porcentaje":1}]},"pautaCompleta":{"etarioTotal":{"vacunados":471360,"personasINE":524127,"porcentaje":0.899324018796971},"etarioRangos":[{"rango":{"min":12,"max":19},"vacunados":36061,"personasINE":43963,"porcentaje":0.7684783684783685},{"rango":{"min":20,"max":29},"vacunados":38812,"personasINE":50505,"porcentaje":0.8859045300657673},{"rango":{"min":30,"max":39},"vacunados":52796,"personasINE":70473,"porcentaje":0.8859045300657673},{"rango":{"min":40,"max":49},"vacunados":86614,"personasINE":97769,"porcentaje":0.8859045300657673},{"rango":{"min":50,"max":59},"vacunados":83497,"personasINE":89964,"porcentaje":0.9281156907207327},{"rango":{"min":60,"max":69},"vacunados":76091,"personasINE":77345,"porcentaje":0.9837869286961018},{"rango":{"min":70,"max":79},"vacunados":55666,"personasINE":55666,"porcentaje":1},{"rango":{"min":80,"max":null},"vacunados":41823,"personasINE":41823,"porcentaje":1}]}}},{"ccaa":"Castilla y Leon","dosisAdministradas":3747347,"dosisEntregadas":3912325,"dosisEntregadasModerna":412400,"dosisEntregadasPfizer":2916525,"dosisEntregadasAstrazeneca":481200,"dosisEntregadasJanssen":102200,"dosisPrimeraDosis":1993845,"dosisPautaCompletada":1950069,"porcentajeEntregadas":0.9578312128977015,"porcentajePoblacionAdministradas":1.5647078522103888,"porcentajePoblacionPrimeraDosis":0.8325316357386766,"porcentajePoblacionCompletas":0.8142529305805042,"fechaUltRegistro":1633478400000,"etarios":{"unaDosis":{"etarioTotal":{"vacunados":1993845,"personasINE":2176253,"porcentaje":0.9161825394381995},"etarioRangos":[{"rango":{"min":12,"max":19},"vacunados":141061,"personasINE":165342,"porcentaje":0.8083988133038871},{"rango":{"min":20,"max":29},"vacunados":170577,"personasINE":211006,"porcentaje":0.8795474876481193},{"rango":{"min":30,"max":39},"vacunados":210499,"personasINE":267783,"porcentaje":0.8795474876481193},{"rango":{"min":40,"max":49},"vacunados":319544,"personasINE":363305,"porcentaje":0.8795474876481193},{"rango":{"min":50,"max":59},"vacunados":352288,"personasINE":381175,"porcentaje":0.9242159113268184},{"rango":{"min":60,"max":69},"vacunados":320171,"personasINE":320171,"porcentaje":1},{"rango":{"min":70,"max":79},"vacunados":250414,"personasINE":250414,"porcentaje":1},{"rango":{"min":80,"max":null},"vacunados":229291,"personasINE":229291,"porcentaje":1}]},"pautaCompleta":{"etarioTotal":{"vacunados":1950069,"personasINE":2176253,"porcentaje":0.8960672311537308},"etarioRangos":[{"rango":{"min":12,"max":19},"vacunados":129010,"personasINE":165342,"porcentaje":0.7693098774442433},{"rango":{"min":20,"max":29},"vacunados":162329,"personasINE":211006,"porcentaje":0.8649124014257993},{"rango":{"min":30,"max":39},"vacunados":203743,"personasINE":267783,"porcentaje":0.8649124014257993},{"rango":{"min":40,"max":49},"vacunados":314227,"personasINE":363305,"porcentaje":0.8649124014257993},{"rango":{"min":50,"max":59},"vacunados":347979,"personasINE":381175,"porcentaje":0.9129113924050632},{"rango":{"min":60,"max":69},"vacunados":317121,"personasINE":318575,"porcentaje":0.9954359256062152},{"rango":{"min":70,"max":79},"vacunados":248893,"personasINE":248893,"porcentaje":1},{"rango":{"min":80,"max":null},"vacunados":226767,"personasINE":226767,"porcentaje":1}]}}},{"ccaa":"Castilla La Mancha","dosisAdministradas":3000638,"dosisEntregadas":3267280,"dosisEntregadasModerna":446800,"dosisEntregadasPfizer":2330505,"dosisEntregadasAstrazeneca":394900,"dosisEntregadasJanssen":95075,"dosisPrimeraDosis":1610141,"dosisPautaCompletada":1544308,"porcentajeEntregadas":0.9183902206116402,"porcentajePoblacionAdministradas":1.4671460932583813,"porcentajePoblacionPrimeraDosis":0.7872699331759258,"porcentajePoblacionCompletas":0.7550812357197584,"fechaUltRegistro":1633478400000},{"ccaa":"Cataluña","dosisAdministradas":11020265,"dosisEntregadas":11863410,"dosisEntregadasModerna":1604900,"dosisEntregadasPfizer":8368460,"dosisEntregadasAstrazeneca":1514300,"dosisEntregadasJanssen":375750,"dosisPrimeraDosis":5913965,"dosisPautaCompletada":5747628,"porcentajeEntregadas":0.9289289504451081,"porcentajePoblacionAdministradas":1.4163992988092378,"porcentajePoblacionPrimeraDosis":0.760102944818693,"porcentajePoblacionCompletas":0.7387241839480577,"fechaUltRegistro":1633478400000,"etarios":{"unaDosis":{"etarioTotal":{"vacunados":5913965,"personasINE":6868360,"porcentaje":0.8610447035391272},"etarioRangos":[{"rango":{"min":12,"max":19},"vacunados":514023,"personasINE":656166,"porcentaje":0.7366136828240567},{"rango":{"min":20,"max":29},"vacunados":617971,"personasINE":838935,"porcentaje":0.8513633895447521},{"rango":{"min":30,"max":39},"vacunados":764529,"personasINE":1044652,"porcentaje":0.8513633895447521},{"rango":{"min":40,"max":49},"vacunados":1121037,"personasINE":1316755,"porcentaje":0.8513633895447521},{"rango":{"min":50,"max":59},"vacunados":1021966,"personasINE":1091780,"porcentaje":0.9360548828518566},{"rango":{"min":60,"max":69},"vacunados":797957,"personasINE":837584,"porcentaje":0.9526889243347533},{"rango":{"min":70,"max":79},"vacunados":617907,"personasINE":635292,"porcentaje":0.9726346310043256},{"rango":{"min":80,"max":null},"vacunados":458575,"personasINE":458575,"porcentaje":1}]},"pautaCompleta":{"etarioTotal":{"vacunados":5747628,"personasINE":6868360,"porcentaje":0.8368268407596573},"etarioRangos":[{"rango":{"min":12,"max":19},"vacunados":479838,"personasINE":656166,"porcentaje":0.6911262493518568},{"rango":{"min":20,"max":29},"vacunados":579810,"personasINE":838935,"porcentaje":0.8348713314170062},{"rango":{"min":30,"max":39},"vacunados":728245,"personasINE":1044652,"porcentaje":0.8348713314170062},{"rango":{"min":40,"max":49},"vacunados":1099321,"personasINE":1316755,"porcentaje":0.8348713314170062},{"rango":{"min":50,"max":59},"vacunados":1009302,"personasINE":1091780,"porcentaje":0.9244554763780248},{"rango":{"min":60,"max":69},"vacunados":784916,"personasINE":837584,"porcentaje":0.937119142677033},{"rango":{"min":70,"max":79},"vacunados":613582,"personasINE":635292,"porcentaje":0.9658267379409783},{"rango":{"min":80,"max":null},"vacunados":452614,"personasINE":452614,"porcentaje":1}]}}},{"ccaa":"C. Valenciana","dosisAdministradas":7603661,"dosisEntregadas":8088540,"dosisEntregadasModerna":1213650,"dosisEntregadasPfizer":5797540,"dosisEntregadasAstrazeneca":863900,"dosisEntregadasJanssen":213450,"dosisPrimeraDosis":4055486,"dosisPautaCompletada":3974880,"porcentajeEntregadas":0.9400535819814206,"porcentajePoblacionAdministradas":1.5034863099332794,"porcentajePoblacionPrimeraDosis":0.8018989380413034,"porcentajePoblacionCompletas":0.7859605607913863,"fechaUltRegistro":1633478400000,"etarios":{"unaDosis":{"etarioTotal":{"vacunados":4055486,"personasINE":4488459,"porcentaje":0.9035363807489386},"etarioRangos":[{"rango":{"min":12,"max":19},"vacunados":363173,"personasINE":424531,"porcentaje":0.81424109616644},{"rango":{"min":20,"max":29},"vacunados":420251,"personasINE":516125.99999999994,"porcentaje":0.8819029859509528},{"rango":{"min":30,"max":39},"vacunados":506139,"personasINE":648759,"porcentaje":0.8819029859509528},{"rango":{"min":40,"max":49},"vacunados":751018,"personasINE":851588,"porcentaje":0.8819029859509528},{"rango":{"min":50,"max":59},"vacunados":714053,"personasINE":752334,"porcentaje":0.9491170145174882},{"rango":{"min":60,"max":69},"vacunados":569473,"personasINE":580728,"porcentaje":0.9806191538896006},{"rango":{"min":70,"max":79},"vacunados":434216,"personasINE":437862,"porcentaje":0.9916731755667311},{"rango":{"min":80,"max":null},"vacunados":297163,"personasINE":297163,"porcentaje":1}]},"pautaCompleta":{"etarioTotal":{"vacunados":3974880,"personasINE":4488459,"porcentaje":0.8855778787329905},"etarioRangos":[{"rango":{"min":12,"max":19},"vacunados":345240,"personasINE":424531,"porcentaje":0.779048139407819},{"rango":{"min":20,"max":29},"vacunados":402087,"personasINE":516126,"porcentaje":0.8706146634287942},{"rango":{"min":30,"max":39},"vacunados":490854,"personasINE":648759,"porcentaje":0.8706146634287942},{"rango":{"min":40,"max":49},"vacunados":741405,"personasINE":851588,"porcentaje":0.8706146634287942},{"rango":{"min":50,"max":59},"vacunados":707978,"personasINE":752334,"porcentaje":0.9410421435160448},{"rango":{"min":60,"max":69},"vacunados":562966,"personasINE":580728,"porcentaje":0.9694142524555386},{"rango":{"min":70,"max":79},"vacunados":431379,"personasINE":437862,"porcentaje":0.9851939652219193},{"rango":{"min":80,"max":null},"vacunados":292971,"personasINE":292971,"porcentaje":1}]}}},{"ccaa":"Extremadura","dosisAdministradas":1696943,"dosisEntregadas":1682775,"dosisEntregadasModerna":218200,"dosisEntregadasPfizer":1226825,"dosisEntregadasAstrazeneca":186000,"dosisEntregadasJanssen":51750,"dosisPrimeraDosis":894208,"dosisPautaCompletada":877847,"porcentajeEntregadas":1.0084194262453388,"porcentajePoblacionAdministradas":1.5948907270483568,"porcentajePoblacionPrimeraDosis":0.8404313210593738,"porcentajePoblacionCompletas":0.8250542534824203,"fechaUltRegistro":1633478400000,"etarios":{"unaDosis":{"etarioTotal":{"vacunados":894208,"personasINE":953437,"porcentaje":0.9378784334990146},"etarioRangos":[{"rango":{"min":12,"max":19},"vacunados":75019,"personasINE":84750,"porcentaje":0.8143222732086127},{"rango":{"min":20,"max":29},"vacunados":92279,"personasINE":113320.00000000001,"porcentaje":0.9156394597915909},{"rango":{"min":30,"max":39},"vacunados":112617,"personasINE":133479,"porcentaje":0.9156394597915909},{"rango":{"min":40,"max":49},"vacunados":146039,"personasINE":159494,"porcentaje":0.9156394597915909},{"rango":{"min":50,"max":59},"vacunados":161347,"personasINE":169216,"porcentaje":0.9534973052193646},{"rango":{"min":60,"max":69},"vacunados":132767,"personasINE":132767,"porcentaje":1},{"rango":{"min":70,"max":79},"vacunados":95896,"personasINE":95896,"porcentaje":1},{"rango":{"min":80,"max":null},"vacunados":78244,"personasINE":78244,"porcentaje":1}]},"pautaCompleta":{"etarioTotal":{"vacunados":877847,"personasINE":953437,"porcentaje":0.9207184113895307},"etarioRangos":[{"rango":{"min":12,"max":19},"vacunados":71662,"personasINE":84750,"porcentaje":0.7799947052594423},{"rango":{"min":20,"max":29},"vacunados":88389,"personasINE":113320,"porcentaje":0.9030308350157372},{"rango":{"min":30,"max":39},"vacunados":109590,"personasINE":133479,"porcentaje":0.9030308350157372},{"rango":{"min":40,"max":49},"vacunados":144028,"personasINE":159494,"porcentaje":0.9030308350157372},{"rango":{"min":50,"max":59},"vacunados":160056,"personasINE":169216,"porcentaje":0.9458680030257186},{"rango":{"min":60,"max":69},"vacunados":131413,"personasINE":125297.00000000001,"porcentaje":1.048812022634221},{"rango":{"min":70,"max":79},"vacunados":95371,"personasINE":95371,"porcentaje":1},{"rango":{"min":80,"max":null},"vacunados":77338,"personasINE":77338,"porcentaje":1}]}}},{"ccaa":"Galicia","dosisAdministradas":4389596,"dosisEntregadas":4358529,"dosisEntregadasModerna":507400,"dosisEntregadasPfizer":3155029,"dosisEntregadasAstrazeneca":573400,"dosisEntregadasJanssen":122700,"dosisPrimeraDosis":2302746,"dosisPautaCompletada":2273343,"porcentajeEntregadas":1.0071278635521297,"porcentajePoblacionAdministradas":1.6246817421892437,"porcentajePoblacionPrimeraDosis":0.8522946947963576,"porcentajePoblacionCompletas":0.8414120264903016,"fechaUltRegistro":1633478400000,"etarios":{"unaDosis":{"etarioTotal":{"vacunados":2302746,"personasINE":2454497,"porcentaje":0.9381742980333648},"etarioRangos":[{"rango":{"min":12,"max":19},"vacunados":166838,"personasINE":180007,"porcentaje":0.8542087877357878},{"rango":{"min":20,"max":29},"vacunados":197306,"personasINE":230981,"porcentaje":0.9183973683557413},{"rango":{"min":30,"max":39},"vacunados":262249,"personasINE":323408,"porcentaje":0.9183973683557413},{"rango":{"min":40,"max":49},"vacunados":407053,"personasINE":443221,"porcentaje":0.9183973683557413},{"rango":{"min":50,"max":59},"vacunados":390351,"personasINE":405889,"porcentaje":0.9617185979418018},{"rango":{"min":60,"max":69},"vacunados":345578,"personasINE":346927,"porcentaje":0.9961115739045966},{"rango":{"min":70,"max":79},"vacunados":291190,"personasINE":291190,"porcentaje":1},{"rango":{"min":80,"max":null},"vacunados":242181,"personasINE":242181,"porcentaje":1}]},"pautaCompleta":{"etarioTotal":{"vacunados":2273343,"personasINE":2454497,"porcentaje":0.9261950615543633},"etarioRangos":[{"rango":{"min":12,"max":19},"vacunados":160992,"personasINE":180007,"porcentaje":0.825033227841251},{"rango":{"min":20,"max":29},"vacunados":190567,"personasINE":230981,"porcentaje":0.9093454506893852},{"rango":{"min":30,"max":39},"vacunados":256773,"personasINE":323408,"porcentaje":0.9093454506893852},{"rango":{"min":40,"max":49},"vacunados":403041,"personasINE":443221,"porcentaje":0.9093454506893852},{"rango":{"min":50,"max":59},"vacunados":387765,"personasINE":405889,"porcentaje":0.9553473979339179},{"rango":{"min":60,"max":69},"vacunados":343819,"personasINE":346927,"porcentaje":0.9910413429914651},{"rango":{"min":70,"max":79},"vacunados":289858,"personasINE":289858,"porcentaje":1},{"rango":{"min":80,"max":null},"vacunados":240528,"personasINE":240528,"porcentaje":1}]}}},{"ccaa":"La Rioja","dosisAdministradas":475846,"dosisEntregadas":510565,"dosisEntregadasModerna":67600,"dosisEntregadasPfizer":374465,"dosisEntregadasAstrazeneca":53300,"dosisEntregadasJanssen":15200,"dosisPrimeraDosis":257831,"dosisPautaCompletada":252187,"porcentajeEntregadas":0.9319988640036039,"porcentajePoblacionAdministradas":1.4874184937201873,"porcentajePoblacionPrimeraDosis":0.8059384709640716,"porcentajePoblacionCompletas":0.7882962296117082,"fechaUltRegistro":1633478400000,"etarios":{"unaDosis":{"etarioTotal":{"vacunados":257831,"personasINE":283970,"porcentaje":0.9079515441772018},"etarioRangos":[{"rango":{"min":12,"max":19},"vacunados":21111,"personasINE":25532,"porcentaje":0.7678442445334559},{"rango":{"min":20,"max":29},"vacunados":23387,"personasINE":30458,"porcentaje":0.8943471773660453},{"rango":{"min":30,"max":39},"vacunados":30684,"personasINE":39319,"porcentaje":0.8943471773660453},{"rango":{"min":40,"max":49},"vacunados":47353,"personasINE":52947,"porcentaje":0.8943471773660453},{"rango":{"min":50,"max":59},"vacunados":45292,"personasINE":47664,"porcentaje":0.9502349781805975},{"rango":{"min":60,"max":69},"vacunados":37989,"personasINE":37989,"porcentaje":1},{"rango":{"min":70,"max":79},"vacunados":28656,"personasINE":28656,"porcentaje":1},{"rango":{"min":80,"max":null},"vacunados":23359,"personasINE":23359,"porcentaje":1}]},"pautaCompleta":{"etarioTotal":{"vacunados":252187,"personasINE":283970,"porcentaje":0.8880762052329472},"etarioRangos":[{"rango":{"min":12,"max":19},"vacunados":19908,"personasINE":25532,"porcentaje":0.7300873333771095},{"rango":{"min":20,"max":29},"vacunados":22237,"personasINE":30457.999999999996,"porcentaje":0.8793321623510303},{"rango":{"min":30,"max":39},"vacunados":29735,"personasINE":39319,"porcentaje":0.8793321623510303},{"rango":{"min":40,"max":49},"vacunados":46558,"personasINE":52947,"porcentaje":0.8793321623510303},{"rango":{"min":50,"max":59},"vacunados":44665,"personasINE":47664,"porcentaje":0.9370803961060759},{"rango":{"min":60,"max":69},"vacunados":37393,"personasINE":37718,"porcentaje":0.9913834243597222},{"rango":{"min":70,"max":79},"vacunados":28540,"personasINE":28540,"porcentaje":1},{"rango":{"min":80,"max":null},"vacunados":23151,"personasINE":23151,"porcentaje":1}]}}},{"ccaa":"Madrid","dosisAdministradas":9757303,"dosisEntregadas":10825829,"dosisEntregadasModerna":1645800,"dosisEntregadasPfizer":7637679,"dosisEntregadasAstrazeneca":1220900,"dosisEntregadasJanssen":321450,"dosisPrimeraDosis":5294332,"dosisPautaCompletada":5149633,"porcentajeEntregadas":0.9012984594528511,"porcentajePoblacionAdministradas":1.4391540096237578,"porcentajePoblacionPrimeraDosis":0.7808878258755897,"porcentajePoblacionCompletas":0.7595454379187385,"fechaUltRegistro":1633478400000,"etarios":{"unaDosis":{"etarioTotal":{"vacunados":5294332,"personasINE":5977937,"porcentaje":0.8856453321605765},"etarioRangos":[{"rango":{"min":12,"max":19},"vacunados":442492,"personasINE":553542,"porcentaje":0.7872211185561804},{"rango":{"min":20,"max":29},"vacunados":584492,"personasINE":742475,"porcentaje":0.8783031481915073},{"rango":{"min":30,"max":39},"vacunados":734674,"personasINE":949640,"porcentaje":0.8783031481915073},{"rango":{"min":40,"max":49},"vacunados":1024076,"personasINE":1165971,"porcentaje":0.8783031481915073},{"rango":{"min":50,"max":59},"vacunados":937207,"personasINE":972783,"porcentaje":0.9634286372191948},{"rango":{"min":60,"max":69},"vacunados":687249,"personasINE":703323,"porcentaje":0.9771456357889619},{"rango":{"min":70,"max":79},"vacunados":510495,"personasINE":526081,"porcentaje":0.970373383566409},{"rango":{"min":80,"max":null},"vacunados":373647,"personasINE":373647,"porcentaje":1}]},"pautaCompleta":{"etarioTotal":{"vacunados":5149633,"personasINE":5977937,"porcentaje":0.8614398244745637},"etarioRangos":[{"rango":{"min":12,"max":19},"vacunados":415786,"personasINE":553542,"porcentaje":0.7397218761574463},{"rango":{"min":20,"max":29},"vacunados":549225,"personasINE":742475,"porcentaje":0.858535075057613},{"rango":{"min":30,"max":39},"vacunados":702265,"personasINE":949640.0000000001,"porcentaje":0.858535075057613},{"rango":{"min":40,"max":49},"vacunados":1001027,"personasINE":1165971,"porcentaje":0.858535075057613},{"rango":{"min":50,"max":59},"vacunados":928370,"personasINE":972783,"porcentaje":0.9543443912979565},{"rango":{"min":60,"max":69},"vacunados":674216,"personasINE":703323,"porcentaje":0.9586150317848272},{"rango":{"min":70,"max":79},"vacunados":508156,"personasINE":526081,"porcentaje":0.9659273001686052},{"rango":{"min":80,"max":null},"vacunados":370588,"personasINE":370588,"porcentaje":1}]}}},{"ccaa":"Murcia","dosisAdministradas":2206238,"dosisEntregadas":2407175,"dosisEntregadasModerna":398000,"dosisEntregadasPfizer":1687865,"dosisEntregadasAstrazeneca":253010,"dosisEntregadasJanssen":68300,"dosisPrimeraDosis":1182330,"dosisPautaCompletada":1144953,"porcentajeEntregadas":0.9165258030679115,"porcentajePoblacionAdministradas":1.4598752953678773,"porcentajePoblacionPrimeraDosis":0.7823518396348456,"porcentajePoblacionCompletas":0.7576193497969563,"fechaUltRegistro":1633478400000,"etarios":{"unaDosis":{"etarioTotal":{"vacunados":1182330,"personasINE":1310137,"porcentaje":0.9024476066243454},"etarioRangos":[{"rango":{"min":12,"max":19},"vacunados":116844,"personasINE":141894,"porcentaje":0.8021225210162092},{"rango":{"min":20,"max":29},"vacunados":138164,"personasINE":172248,"porcentaje":0.9066521874274562},{"rango":{"min":30,"max":39},"vacunados":164894,"personasINE":209003,"porcentaje":0.9066521874274562},{"rango":{"min":40,"max":49},"vacunados":230432,"personasINE":254157,"porcentaje":0.9066521874274562},{"rango":{"min":50,"max":59},"vacunados":206884,"personasINE":213256,"porcentaje":0.9701204186517612},{"rango":{"min":60,"max":69},"vacunados":147978,"personasINE":147978,"porcentaje":1},{"rango":{"min":70,"max":79},"vacunados":103198,"personasINE":103198,"porcentaje":1},{"rango":{"min":80,"max":null},"vacunados":73936,"personasINE":73936,"porcentaje":1}]},"pautaCompleta":{"etarioTotal":{"vacunados":1144953,"personasINE":1310137,"porcentaje":0.8739185291309229},"etarioRangos":[{"rango":{"min":12,"max":19},"vacunados":110734,"personasINE":141894,"porcentaje":0.7508940597278343},{"rango":{"min":20,"max":29},"vacunados":129340,"personasINE":172248,"porcentaje":0.8839182080367647},{"rango":{"min":30,"max":39},"vacunados":157378,"personasINE":209003,"porcentaje":0.8839182080367647},{"rango":{"min":40,"max":49},"vacunados":224654,"personasINE":254157,"porcentaje":0.8839182080367647},{"rango":{"min":50,"max":59},"vacunados":203935,"personasINE":213256,"porcentaje":0.9562919683385227},{"rango":{"min":60,"max":69},"vacunados":144984,"personasINE":146909,"porcentaje":0.9868966503073331},{"rango":{"min":70,"max":79},"vacunados":101106,"personasINE":102899,"porcentaje":0.9825751465028815},{"rango":{"min":80,"max":null},"vacunados":72822,"personasINE":72822,"porcentaje":1}]}}},{"ccaa":"Navarra","dosisAdministradas":973795,"dosisEntregadas":1046175,"dosisEntregadasModerna":151500,"dosisEntregadasPfizer":734325,"dosisEntregadasAstrazeneca":136600,"dosisEntregadasJanssen":23750,"dosisPrimeraDosis":524235,"dosisPautaCompletada":514086,"porcentajeEntregadas":0.9308146342629101,"porcentajePoblacionAdministradas":1.4727758897877636,"porcentajePoblacionPrimeraDosis":0.7928574993534453,"porcentajePoblacionCompletas":0.7775080649186249,"fechaUltRegistro":1633478400000,"etarios":{"unaDosis":{"etarioTotal":{"vacunados":524235,"personasINE":581354,"porcentaje":0.9017483323413962},"etarioRangos":[{"rango":{"min":12,"max":19},"vacunados":47680,"personasINE":56388,"porcentaje":0.8237409543939994},{"rango":{"min":20,"max":29},"vacunados":56119,"personasINE":68127,"porcentaje":0.8795485268791319},{"rango":{"min":30,"max":39},"vacunados":63508,"personasINE":81341,"porcentaje":0.8795485268791319},{"rango":{"min":40,"max":49},"vacunados":94993,"personasINE":108002,"porcentaje":0.8795485268791319},{"rango":{"min":50,"max":59},"vacunados":91429,"personasINE":96694,"porcentaje":0.9455498789997311},{"rango":{"min":60,"max":69},"vacunados":72140,"personasINE":73844,"porcentaje":0.9769243269595363},{"rango":{"min":70,"max":79},"vacunados":55873,"personasINE":55873,"porcentaje":1},{"rango":{"min":80,"max":null},"vacunados":42493,"personasINE":42493,"porcentaje":1}]},"pautaCompleta":{"etarioTotal":{"vacunados":514086,"personasINE":581354,"porcentaje":0.8842908107624614},"etarioRangos":[{"rango":{"min":12,"max":19},"vacunados":45683,"personasINE":56388,"porcentaje":0.7863695744712081},{"rango":{"min":20,"max":29},"vacunados":53573,"personasINE":68127,"porcentaje":0.8657154497138941},{"rango":{"min":30,"max":39},"vacunados":61591,"personasINE":81341,"porcentaje":0.8657154497138941},{"rango":{"min":40,"max":49},"vacunados":93499,"personasINE":108002,"porcentaje":0.8657154497138941},{"rango":{"min":50,"max":59},"vacunados":90482,"personasINE":96694,"porcentaje":0.9357560965520094},{"rango":{"min":60,"max":69},"vacunados":71448,"personasINE":73844,"porcentaje":0.9675532203022588},{"rango":{"min":70,"max":79},"vacunados":55711,"personasINE":55792,"porcentaje":0.9985481789503872},{"rango":{"min":80,"max":null},"vacunados":42099,"personasINE":42099,"porcentaje":1}]}}},{"ccaa":"País Vasco","dosisAdministradas":3345719,"dosisEntregadas":3668820,"dosisEntregadasModerna":526100,"dosisEntregadasPfizer":2597220,"dosisEntregadasAstrazeneca":444200,"dosisEntregadasJanssen":101300,"dosisPrimeraDosis":1800058,"dosisPautaCompletada":1764638,"porcentajeEntregadas":0.9119332646463986,"porcentajePoblacionAdministradas":1.506738560254789,"porcentajePoblacionPrimeraDosis":0.8106528968198211,"porcentajePoblacionCompletas":0.7947015632487039,"fechaUltRegistro":1633478400000,"etarios":{"unaDosis":{"etarioTotal":{"vacunados":1800058,"personasINE":1983943,"porcentaje":0.9073133653537425},"etarioRangos":[{"rango":{"min":12,"max":19},"vacunados":141936,"personasINE":168606,"porcentaje":0.7906755187710263},{"rango":{"min":20,"max":29},"vacunados":159348,"personasINE":201534,"porcentaje":0.8813805977361908},{"rango":{"min":30,"max":39},"vacunados":200346,"personasINE":260543,"porcentaje":0.8813805977361908},{"rango":{"min":40,"max":49},"vacunados":319177,"personasINE":362133,"porcentaje":0.8813805977361908},{"rango":{"min":50,"max":59},"vacunados":323149,"personasINE":339977,"porcentaje":0.9505025339949467},{"rango":{"min":60,"max":69},"vacunados":278295,"personasINE":280119,"porcentaje":0.9934884816809999},{"rango":{"min":70,"max":79},"vacunados":213666,"personasINE":213666,"porcentaje":1},{"rango":{"min":80,"max":null},"vacunados":164141,"personasINE":164141,"porcentaje":1}]},"pautaCompleta":{"etarioTotal":{"vacunados":1764638,"personasINE":1983943,"porcentaje":0.8894600298496479},"etarioRangos":[{"rango":{"min":12,"max":19},"vacunados":137106,"personasINE":168606,"porcentaje":0.7575644804350631},{"rango":{"min":20,"max":29},"vacunados":152675,"personasINE":201534,"porcentaje":0.8681064691701668},{"rango":{"min":30,"max":39},"vacunados":193958,"personasINE":260543,"porcentaje":0.8681064691701668},{"rango":{"min":40,"max":49},"vacunados":314370,"personasINE":362133,"porcentaje":0.8681064691701668},{"rango":{"min":50,"max":59},"vacunados":319788,"personasINE":339977,"porcentaje":0.9406165711209876},{"rango":{"min":60,"max":69},"vacunados":272806,"personasINE":280119,"porcentaje":0.9738932382308947},{"rango":{"min":70,"max":79},"vacunados":212107,"personasINE":213081,"porcentaje":0.9954289683265988},{"rango":{"min":80,"max":null},"vacunados":161828,"personasINE":157950,"porcentaje":1.0245520734409623}]}}},{"ccaa":"Ceuta","dosisAdministradas":112696,"dosisEntregadas":140230,"dosisEntregadasModerna":22400,"dosisEntregadasPfizer":95580,"dosisEntregadasAstrazeneca":18100,"dosisEntregadasJanssen":4150,"dosisPrimeraDosis":61811,"dosisPautaCompletada":58400,"porcentajeEntregadas":0.8036511445482422,"porcentajePoblacionAdministradas":1.3384005130519465,"porcentajePoblacionPrimeraDosis":0.7340799505949978,"porcentajePoblacionCompletas":0.6935702239851785,"fechaUltRegistro":1633478400000,"etarios":{"unaDosis":{"etarioTotal":{"vacunados":61811,"personasINE":70965,"porcentaje":0.8710068343549637},"etarioRangos":[{"rango":{"min":12,"max":19},"vacunados":8142,"personasINE":9126,"porcentaje":0.819914288319504},{"rango":{"min":20,"max":29},"vacunados":8992,"personasINE":10967,"porcentaje":0.8766809049201075},{"rango":{"min":30,"max":39},"vacunados":9116,"personasINE":11894,"porcentaje":0.8766809049201075},{"rango":{"min":40,"max":49},"vacunados":11083,"personasINE":12642,"porcentaje":0.8766809049201075},{"rango":{"min":50,"max":59},"vacunados":10553,"personasINE":11556,"porcentaje":0.9132052613361025},{"rango":{"min":60,"max":69},"vacunados":7641,"personasINE":7857,"porcentaje":0.9725085910652921},{"rango":{"min":70,"max":79},"vacunados":3888,"personasINE":4318,"porcentaje":0.9004168596572487},{"rango":{"min":80,"max":null},"vacunados":2396,"personasINE":2605,"porcentaje":0.9197696737044145}]},"pautaCompleta":{"etarioTotal":{"vacunados":58400,"personasINE":70965,"porcentaje":0.8229408863524272},"etarioRangos":[{"rango":{"min":12,"max":19},"vacunados":6894,"personasINE":9126,"porcentaje":0.7387617397647488},{"rango":{"min":20,"max":29},"vacunados":8102,"personasINE":10967,"porcentaje":0.8508938459104572},{"rango":{"min":30,"max":39},"vacunados":8581,"personasINE":11894,"porcentaje":0.8508938459104572},{"rango":{"min":40,"max":49},"vacunados":10757,"personasINE":12642,"porcentaje":0.8508938459104572},{"rango":{"min":50,"max":59},"vacunados":10353,"personasINE":11556,"porcentaje":0.8958982346832814},{"rango":{"min":60,"max":69},"vacunados":7485,"personasINE":7857,"porcentaje":0.9526536846124475},{"rango":{"min":70,"max":79},"vacunados":3854,"personasINE":4318,"porcentaje":0.8925428439092172},{"rango":{"min":80,"max":null},"vacunados":2374,"personasINE":2605,"porcentaje":0.9113243761996161}]}}},{"ccaa":"Melilla","dosisAdministradas":100956,"dosisEntregadas":141100,"dosisEntregadasModerna":23500,"dosisEntregadasPfizer":96750,"dosisEntregadasAstrazeneca":15100,"dosisEntregadasJanssen":5750,"dosisPrimeraDosis":56730,"dosisPautaCompletada":54040,"porcentajeEntregadas":0.7154925584691708,"porcentajePoblacionAdministradas":1.1594009830492902,"porcentajePoblacionPrimeraDosis":0.6514998392209105,"porcentajePoblacionCompletas":0.6206072855895999,"fechaUltRegistro":1633478400000,"etarios":{"unaDosis":{"etarioTotal":{"vacunados":56730,"personasINE":70927,"porcentaje":0.7998364515628745},"etarioRangos":[{"rango":{"min":12,"max":19},"vacunados":7569,"personasINE":9574,"porcentaje":0.7087119633180492},{"rango":{"min":20,"max":29},"vacunados":8501,"personasINE":11995,"porcentaje":0.8336943842692884},{"rango":{"min":30,"max":39},"vacunados":8527,"personasINE":12133,"porcentaje":0.8336943842692884},{"rango":{"min":40,"max":49},"vacunados":10006,"personasINE":12002,"porcentaje":0.8336943842692884},{"rango":{"min":50,"max":59},"vacunados":9654,"personasINE":11299,"porcentaje":0.854411894857952},{"rango":{"min":60,"max":69},"vacunados":7151,"personasINE":7827,"porcentaje":0.9136322984540692},{"rango":{"min":70,"max":79},"vacunados":3313,"personasINE":3748,"porcentaje":0.8839381003201707},{"rango":{"min":80,"max":null},"vacunados":2009,"personasINE":2349,"porcentaje":0.8552575564069816}]},"pautaCompleta":{"etarioTotal":{"vacunados":54040,"personasINE":70927,"porcentaje":0.7619101329536002},"etarioRangos":[{"rango":{"min":12,"max":19},"vacunados":6846,"personasINE":9574,"porcentaje":0.6419341392246769},{"rango":{"min":20,"max":29},"vacunados":7700,"personasINE":11995,"porcentaje":0.8131978003666056},{"rango":{"min":30,"max":39},"vacunados":8114,"personasINE":12133,"porcentaje":0.8131978003666056},{"rango":{"min":40,"max":49},"vacunados":9760,"personasINE":12002,"porcentaje":0.8131978003666056},{"rango":{"min":50,"max":59},"vacunados":9448,"personasINE":11299,"porcentaje":0.8361801929374281},{"rango":{"min":60,"max":69},"vacunados":6976,"personasINE":7827,"porcentaje":0.8912737958349304},{"rango":{"min":70,"max":79},"vacunados":3235,"personasINE":3748,"porcentaje":0.8631270010672358},{"rango":{"min":80,"max":null},"vacunados":1961,"personasINE":2349,"porcentaje":0.8348233290762026}]}}},{"ccaa":"Fuerzas Armadas","dosisAdministradas":172672,"dosisEntregadas":212238,"dosisEntregadasModerna":58300,"dosisEntregadasPfizer":48138,"dosisEntregadasAstrazeneca":103800,"dosisEntregadasJanssen":2000,"dosisPrimeraDosis":92611,"dosisPautaCompletada":86577,"porcentajeEntregadas":0.8135772104901101,"porcentajePoblacionAdministradas":null,"porcentajePoblacionPrimeraDosis":null,"porcentajePoblacionCompletas":null,"fechaUltRegistro":1633478400000},{"ccaa":"Sanidad Exterior","dosisAdministradas":6401,"dosisEntregadas":8845,"dosisEntregadasModerna":4810,"dosisEntregadasPfizer":0,"dosisEntregadasAstrazeneca":0,"dosisEntregadasJanssen":4035,"dosisPrimeraDosis":4833,"dosisPautaCompletada":4517,"porcentajeEntregadas":0.7236856981345393,"porcentajePoblacionAdministradas":null,"porcentajePoblacionPrimeraDosis":null,"porcentajePoblacionCompletas":null,"fechaUltRegistro":1633478400000,"etarios":{"unaDosis":{"etarioTotal":{"vacunados":4833,"personasINE":"-","porcentaje":"-"},"etarioRangos":[{"rango":{"min":12,"max":19},"vacunados":169,"personasINE":null,"porcentaje":"-"},{"rango":{"min":20,"max":29},"vacunados":1166,"personasINE":null,"porcentaje":"-"},{"rango":{"min":30,"max":39},"vacunados":1379,"personasINE":null,"porcentaje":"-"},{"rango":{"min":40,"max":49},"vacunados":1211,"personasINE":null,"porcentaje":"-"},{"rango":{"min":50,"max":59},"vacunados":636,"personasINE":null,"porcentaje":"-"},{"rango":{"min":60,"max":69},"vacunados":213,"personasINE":null,"porcentaje":"-"},{"rango":{"min":70,"max":79},"vacunados":33,"personasINE":null,"porcentaje":"-"},{"rango":{"min":80,"max":null},"vacunados":26,"personasINE":null,"porcentaje":"-"}]},"pautaCompleta":{"etarioTotal":{"vacunados":4517,"personasINE":"-","porcentaje":"-"},"etarioRangos":[{"rango":{"min":12,"max":19},"vacunados":148,"personasINE":null,"porcentaje":"-"},{"rango":{"min":20,"max":29},"vacunados":1083,"personasINE":null,"porcentaje":"-"},{"rango":{"min":30,"max":39},"vacunados":1275,"personasINE":null,"porcentaje":"-"},{"rango":{"min":40,"max":49},"vacunados":1144,"personasINE":null,"porcentaje":"-"},{"rango":{"min":50,"max":59},"vacunados":607,"personasINE":null,"porcentaje":"-"},{"rango":{"min":60,"max":69},"vacunados":203,"personasINE":null,"porcentaje":"-"},{"rango":{"min":70,"max":79},"vacunados":32,"personasINE":null,"porcentaje":"-"},{"rango":{"min":80,"max":null},"vacunados":25,"personasINE":null,"porcentaje":"-"}]}}},{"ccaa":"Totales","dosisAdministradas":70646137,"dosisEntregadas":75644621,"dosisEntregadasModerna":10752760,"dosisEntregadasPfizer":53616591,"dosisEntregadasAstrazeneca":9111010,"dosisEntregadasJanssen":2164260,"dosisPrimeraDosis":37772454,"dosisPautaCompletada":36832362,"porcentajeEntregadas":0.9339214879535188,"porcentajePoblacionAdministradas":1.5050306135492117,"porcentajePoblacionPrimeraDosis":0.8046965061780997,"porcentajePoblacionCompletas":0.7846689816787388,"fechaUltRegistro":null,"etarios":{"unaDosis":{"etarioTotal":{"vacunados":37772454,"personasINE":42119827,"porcentaje":0.8967855922105283},"etarioRangos":[{"rango":{"min":12,"max":19},"vacunados":3251820,"personasINE":3888686,"porcentaje":0.792267182241781},{"rango":{"min":20,"max":29},"vacunados":3917476,"personasINE":4944640,"porcentaje":0.8799095813760646},{"rango":{"min":30,"max":39},"vacunados":4846734,"personasINE":6230403,"porcentaje":0.8799095813760646},{"rango":{"min":40,"max":49},"vacunados":6944015,"personasINE":7891737,"porcentaje":0.8799095813760646},{"rango":{"min":50,"max":59},"vacunados":6664494,"personasINE":7033306,"porcentaje":0.9475620710943047},{"rango":{"min":60,"max":69},"vacunados":5270844,"personasINE":5336986,"porcentaje":0.9876068627498742},{"rango":{"min":70,"max":79},"vacunados":3940728,"personasINE":3960045,"porcentaje":0.9951220251285023},{"rango":{"min":80,"max":null},"vacunados":2936343,"personasINE":2936343,"porcentaje":1}]},"pautaCompleta":{"etarioTotal":{"vacunados":36832362,"personasINE":42119827,"porcentaje":0.8744661273181392},"etarioRangos":[{"rango":{"min":12,"max":19},"vacunados":3063336,"personasINE":3888686,"porcentaje":0.7482342496117007},{"rango":{"min":20,"max":29},"vacunados":3699749,"personasINE":4944640,"porcentaje":0.8635983434318706},{"rango":{"min":30,"max":39},"vacunados":4658699,"personasINE":6230403,"porcentaje":0.8635983434318706},{"rango":{"min":40,"max":49},"vacunados":6815291,"personasINE":7891737,"porcentaje":0.8635983434318706},{"rango":{"min":50,"max":59},"vacunados":6585976,"personasINE":7033306,"porcentaje":0.9363983310266893},{"rango":{"min":60,"max":69},"vacunados":5194472,"personasINE":5336986,"porcentaje":0.9732969132765198},{"rango":{"min":70,"max":79},"vacunados":3913884,"personasINE":3960045,"porcentaje":0.9883433142805196},{"rango":{"min":80,"max":null},"vacunados":2900955,"personasINE":2900955,"porcentaje":1}]}}}]