[{"ccaa":"Andalucía","dosisAdministradas":607552,"dosisEntregadas":679510,"dosisEntregadasModerna":36300,"dosisEntregadasPfizer":568710,"dosisEntregadasAstrazeneca":74500,"dosisPautaCompletada":215070,"porcentajeEntregadas":0.894103103707083,"porcentajePoblacionAdministradas":0.07177723293445935,"porcentajePoblacionCompletas":0.025408737831846776,"fechaUltRegistro":1613865600000},{"ccaa":"Aragón","dosisAdministradas":109318,"dosisEntregadas":114255,"dosisEntregadasModerna":6300,"dosisEntregadasPfizer":96255,"dosisEntregadasAstrazeneca":11700,"dosisPautaCompletada":42860,"porcentajeEntregadas":0.9567896372150015,"porcentajePoblacionAdministradas":0.08223163839682983,"porcentajePoblacionCompletas":0.03224032658563207,"fechaUltRegistro":1613779200000},{"ccaa":"Asturias","dosisAdministradas":96325,"dosisEntregadas":113315,"dosisEntregadasModerna":6300,"dosisEntregadasPfizer":98015,"dosisEntregadasAstrazeneca":9000,"dosisPautaCompletada":37645,"porcentajeEntregadas":0.8500639809380929,"porcentajePoblacionAdministradas":0.0945489917391714,"porcentajePoblacionCompletas":0.03695091403084461,"fechaUltRegistro":1613865600000},{"ccaa":"Baleares","dosisAdministradas":52721,"dosisEntregadas":63000,"dosisEntregadasModerna":3200,"dosisEntregadasPfizer":49500,"dosisEntregadasAstrazeneca":10300,"dosisPautaCompletada":20549,"porcentajeEntregadas":0.8368412698412698,"porcentajePoblacionAdministradas":0.0450013358451205,"porcentajePoblacionCompletas":0.0175401158984348,"fechaUltRegistro":1613865600000},{"ccaa":"Canarias","dosisAdministradas":119426,"dosisEntregadas":137320,"dosisEntregadasModerna":7000,"dosisEntregadasPfizer":111120,"dosisEntregadasAstrazeneca":19200,"dosisPautaCompletada":49752,"porcentajeEntregadas":0.869691232158462,"porcentajePoblacionAdministradas":0.054884482745942924,"porcentajePoblacionCompletas":0.022864474951653346,"fechaUltRegistro":1613865600000},{"ccaa":"Cantabria","dosisAdministradas":48023,"dosisEntregadas":55535,"dosisEntregadasModerna":2900,"dosisEntregadasPfizer":47535,"dosisEntregadasAstrazeneca":5100,"dosisPautaCompletada":19810,"porcentajeEntregadas":0.864733951562078,"porcentajePoblacionAdministradas":0.08238563745378749,"porcentajePoblacionCompletas":0.03398495466671241,"fechaUltRegistro":1613779200000},{"ccaa":"Castilla y Leon","dosisAdministradas":218252,"dosisEntregadas":246085,"dosisEntregadasModerna":13500,"dosisEntregadasPfizer":211485,"dosisEntregadasAstrazeneca":21100,"dosisPautaCompletada":85608,"porcentajeEntregadas":0.8868968039498547,"porcentajePoblacionAdministradas":0.09113130386927652,"porcentajePoblacionCompletas":0.03574569150175497,"fechaUltRegistro":1613865600000},{"ccaa":"Castilla La Mancha","dosisAdministradas":143344,"dosisEntregadas":170975,"dosisEntregadasModerna":9200,"dosisEntregadasPfizer":143775,"dosisEntregadasAstrazeneca":18000,"dosisPautaCompletada":61612,"porcentajeEntregadas":0.8383915777160403,"porcentajePoblacionAdministradas":0.07008729130005999,"porcentajePoblacionCompletas":0.03012486181199978,"fechaUltRegistro":1613865600000},{"ccaa":"Cataluña","dosisAdministradas":490411,"dosisEntregadas":589680,"dosisEntregadasModerna":31400,"dosisEntregadasPfizer":489680,"dosisEntregadasAstrazeneca":68600,"dosisPautaCompletada":180096,"porcentajeEntregadas":0.8316561524894859,"porcentajePoblacionAdministradas":0.06303095220744122,"porcentajePoblacionCompletas":0.02314716099098783,"fechaUltRegistro":1613865600000},{"ccaa":"C. Valenciana","dosisAdministradas":270007,"dosisEntregadas":307260,"dosisEntregadasModerna":15700,"dosisEntregadasPfizer":247060,"dosisEntregadasAstrazeneca":44500,"dosisPautaCompletada":98606,"porcentajeEntregadas":0.8787574041528348,"porcentajePoblacionAdministradas":0.053388996180412956,"porcentajePoblacionCompletas":0.019497551387059595,"fechaUltRegistro":1613865600000},{"ccaa":"Extremadura","dosisAdministradas":92842,"dosisEntregadas":103115,"dosisEntregadasModerna":5400,"dosisEntregadasPfizer":88415,"dosisEntregadasAstrazeneca":9300,"dosisPautaCompletada":37889,"porcentajeEntregadas":0.9003733695388644,"porcentajePoblacionAdministradas":0.08725858492631959,"porcentajePoblacionCompletas":0.03561039749545812,"fechaUltRegistro":1613865600000},{"ccaa":"Galicia","dosisAdministradas":163143,"dosisEntregadas":186985,"dosisEntregadasModerna":9800,"dosisEntregadasPfizer":153385,"dosisEntregadasAstrazeneca":23800,"dosisPautaCompletada":57862,"porcentajeEntregadas":0.8724924459181218,"porcentajePoblacionAdministradas":0.060382653316154784,"porcentajePoblacionCompletas":0.02141594237067694,"fechaUltRegistro":1613865600000},{"ccaa":"La Rioja","dosisAdministradas":24189,"dosisEntregadas":27665,"dosisEntregadasModerna":1400,"dosisEntregadasPfizer":23465,"dosisEntregadasAstrazeneca":2800,"dosisPautaCompletada":9112,"porcentajeEntregadas":0.8743538767395627,"porcentajePoblacionAdministradas":0.07561094544158743,"porcentajePoblacionCompletas":0.02848265471345424,"fechaUltRegistro":1613692800000},{"ccaa":"Madrid","dosisAdministradas":378839,"dosisEntregadas":484095,"dosisEntregadasModerna":25400,"dosisEntregadasPfizer":398895,"dosisEntregadasAstrazeneca":59800,"dosisPautaCompletada":168697,"porcentajeEntregadas":0.7825716026812919,"porcentajePoblacionAdministradas":0.05587688174199928,"porcentajePoblacionCompletas":0.024881974451495363,"fechaUltRegistro":1613865600000},{"ccaa":"Murcia","dosisAdministradas":106418,"dosisEntregadas":123585,"dosisEntregadasModerna":6600,"dosisEntregadasPfizer":103685,"dosisEntregadasAstrazeneca":13300,"dosisPautaCompletada":45646,"porcentajeEntregadas":0.8610915564186592,"porcentajePoblacionAdministradas":0.07041715770576827,"porcentajePoblacionCompletas":0.030204115663116187,"fechaUltRegistro":1613865600000},{"ccaa":"Navarra","dosisAdministradas":47557,"dosisEntregadas":55065,"dosisEntregadasModerna":2900,"dosisEntregadasPfizer":46365,"dosisEntregadasAstrazeneca":5800,"dosisPautaCompletada":19341,"porcentajeEntregadas":0.8636520475801326,"porcentajePoblacionAdministradas":0.07192561369758181,"porcentajePoblacionCompletas":0.029251493881551186,"fechaUltRegistro":1613865600000},{"ccaa":"País Vasco","dosisAdministradas":112681,"dosisEntregadas":154850,"dosisEntregadasModerna":7900,"dosisEntregadasPfizer":127350,"dosisEntregadasAstrazeneca":19600,"dosisPautaCompletada":44558,"porcentajeEntregadas":0.7276783984501131,"porcentajePoblacionAdministradas":0.05074568656485194,"porcentajePoblacionCompletas":0.020066615507110096,"fechaUltRegistro":1613865600000},{"ccaa":"Ceuta","dosisAdministradas":5209,"dosisEntregadas":5520,"dosisEntregadasModerna":400,"dosisEntregadasPfizer":4320,"dosisEntregadasAstrazeneca":800,"dosisPautaCompletada":1086,"porcentajeEntregadas":0.943659420289855,"porcentajePoblacionAdministradas":0.061863138642787585,"porcentajePoblacionCompletas":0.0128975558775326,"fechaUltRegistro":1613865600000},{"ccaa":"Melilla","dosisAdministradas":4094,"dosisEntregadas":4350,"dosisEntregadasModerna":400,"dosisEntregadasPfizer":3150,"dosisEntregadasAstrazeneca":800,"dosisPautaCompletada":1262,"porcentajeEntregadas":0.9411494252873563,"porcentajePoblacionAdministradas":0.04701639946713216,"porcentajePoblacionCompletas":0.014493086499150168,"fechaUltRegistro":1613779200000},{"ccaa":"Totales","dosisAdministradas":3090351,"dosisEntregadas":3622165,"dosisEntregadasModerna":192000,"dosisEntregadasPfizer":3012165,"dosisEntregadasAstrazeneca":418000,"dosisPautaCompletada":1197061,"porcentajeEntregadas":0.8531778646196405,"porcentajePoblacionAdministradas":0.06583619514273541,"porcentajePoblacionCompletas":0.025501938645078825,"fechaUltRegistro":null}]