[{"ccaa":"Andalucía","dosisAdministradas":25809,"dosisEntregadas":140295,"porcentajeEntregadas":0.18396236501657223,"porcentajePoblacionAdministradas":0.0030491194248483443,"porcentajePoblacionCompletas":null},{"ccaa":"Aragón","dosisAdministradas":2004,"dosisEntregadas":23715,"porcentajeEntregadas":0.08450347881087919,"porcentajePoblacionAdministradas":0.0015074571739992222,"porcentajePoblacionCompletas":null},{"ccaa":"Asturias","dosisAdministradas":9380,"dosisEntregadas":23720,"porcentajeEntregadas":0.3954468802698145,"porcentajePoblacionAdministradas":0.009207054684800703,"porcentajePoblacionCompletas":null},{"ccaa":"Baleares","dosisAdministradas":153,"dosisEntregadas":8940,"porcentajeEntregadas":0.017114093959731545,"porcentajePoblacionAdministradas":0.00013059699900046348,"porcentajePoblacionCompletas":null},{"ccaa":"Canarias","dosisAdministradas":4846,"dosisEntregadas":20835,"porcentajeEntregadas":0.5245020398368131,"porcentajePoblacionAdministradas":0.0022270711853937955,"porcentajePoblacionCompletas":null},{"ccaa":"Cantabria","dosisAdministradas":304,"dosisEntregadas":11850,"porcentajeEntregadas":0.025654008438818564,"porcentajePoblacionAdministradas":0.0005215258060919018,"porcentajePoblacionCompletas":null},{"ccaa":"Castilla y Leon","dosisAdministradas":10928,"dosisEntregadas":51390,"porcentajeEntregadas":0.09429850165401829,"porcentajePoblacionAdministradas":0.004562995476254302,"porcentajePoblacionCompletas":null},{"ccaa":"Castilla La Mancha","dosisAdministradas":1983,"dosisEntregadas":35550,"porcentajeEntregadas":0.05578059071729958,"porcentajePoblacionAdministradas":0.0009695773708562547,"porcentajePoblacionCompletas":null},{"ccaa":"Cataluña","dosisAdministradas":8150,"dosisEntregadas":120545,"porcentajeEntregadas":0.06760960637106475,"porcentajePoblacionAdministradas":0.0010474933484172376,"porcentajePoblacionCompletas":null},{"ccaa":"C. Valenciana","dosisAdministradas":3252,"dosisEntregadas":61225,"porcentajeEntregadas":0.05311555737035525,"porcentajePoblacionAdministradas":0.0006430241274437438,"porcentajePoblacionCompletas":null},{"ccaa":"Extremadura","dosisAdministradas":686,"dosisEntregadas":21725,"porcentajeEntregadas":0.031576524741081705,"porcentajePoblacionAdministradas":0.0006447447196253338,"porcentajePoblacionCompletas":null},{"ccaa":"Galicia","dosisAdministradas":9124,"dosisEntregadas":37555,"porcentajeEntregadas":0.24295033950206363,"porcentajePoblacionAdministradas":0.0033769841725148873,"porcentajePoblacionCompletas":null},{"ccaa":"La Rioja","dosisAdministradas":324,"dosisEntregadas":5915,"porcentajeEntregadas":0.0547759932375317,"porcentajePoblacionAdministradas":0.0010127721825240533,"porcentajePoblacionCompletas":null},{"ccaa":"Madrid","dosisAdministradas":2883,"dosisEntregadas":89040,"porcentajeEntregadas":0.03237870619946091,"porcentajePoblacionAdministradas":0.0004252282633577428,"porcentajePoblacionCompletas":null},{"ccaa":"Murcia","dosisAdministradas":442,"dosisEntregadas":25685,"porcentajeEntregadas":0.01720848744403348,"porcentajePoblacionAdministradas":0.0002924729247490986,"porcentajePoblacionCompletas":null},{"ccaa":"Navarra","dosisAdministradas":1583,"dosisEntregadas":6975,"porcentajeEntregadas":0.22695340501792113,"porcentajePoblacionAdministradas":0.0023941427441443322,"porcentajePoblacionCompletas":null},{"ccaa":"País Vasco","dosisAdministradas":396,"dosisEntregadas":31605,"porcentajeEntregadas":0.012529663028001898,"porcentajePoblacionAdministradas":0.0001783378908572108,"porcentajePoblacionCompletas":null},{"ccaa":"Ceuta","dosisAdministradas":380,"dosisEntregadas":1005,"porcentajeEntregadas":0.3781094527363184,"porcentajePoblacionAdministradas":0.00451295693688986,"porcentajePoblacionCompletas":null},{"ccaa":"Melilla","dosisAdministradas":207,"dosisEntregadas":1005,"porcentajeEntregadas":0.20597014925373133,"porcentajePoblacionAdministradas":0.0023772336809224125,"porcentajePoblacionCompletas":null},{"ccaa":"Totales","dosisAdministradas":82834,"dosisEntregadas":718575,"porcentajeEntregadas":0.11527537139477438,"porcentajePoblacionAdministradas":0.0017646783127396677,"porcentajePoblacionCompletas":null}]
