[{"ccaa":"Andalucía","dosisAdministradas":13709454,"dosisEntregadas":14026000,"dosisEntregadasModerna":2019500,"dosisEntregadasPfizer":10135800,"dosisEntregadasAstrazeneca":1537200,"dosisEntregadasJanssen":333500,"dosisPrimeraDosis":6885171,"dosisPautaCompletada":6781817,"porcentajeEntregadas":0.97743148438614,"porcentajePoblacionAdministradas":1.619658355436663,"porcentajePoblacionPrimeraDosis":0.8134258839746794,"porcentajePoblacionCompletas":0.8012154655533622,"fechaUltRegistro":1637798400000,"etarios":{"unaDosis":{"etarioTotal":{"vacunados":6885171,"personasINE":7451975,"porcentaje":0.9239390899727924},"etarioRangos":[{"rango":{"min":12,"max":19},"vacunados":677342,"personasINE":752907,"porcentaje":0.8351883119120637},{"rango":{"min":20,"max":29},"vacunados":775616,"personasINE":928672,"porcentaje":0.907030757035161},{"rango":{"min":30,"max":39},"vacunados":937626,"personasINE":1140217,"porcentaje":0.907030757035161},{"rango":{"min":40,"max":49},"vacunados":1256341,"personasINE":1385114,"porcentaje":0.907030757035161},{"rango":{"min":50,"max":59},"vacunados":1218637,"personasINE":1265021,"porcentaje":0.9633334150184069},{"rango":{"min":60,"max":69},"vacunados":931028,"personasINE":931028,"porcentaje":1},{"rango":{"min":70,"max":79},"vacunados":654351,"personasINE":654351,"porcentaje":1},{"rango":{"min":80,"max":null},"vacunados":434230,"personasINE":434230,"porcentaje":1}]},"pautaCompleta":{"etarioTotal":{"vacunados":6781817,"personasINE":7451975,"porcentaje":0.9100697466107978},"etarioRangos":[{"rango":{"min":12,"max":19},"vacunados":660353,"personasINE":752907,"porcentaje":0.8091963578098619},{"rango":{"min":20,"max":29},"vacunados":751478,"personasINE":928671.9999999999,"porcentaje":0.897009199242806},{"rango":{"min":30,"max":39},"vacunados":915736,"personasINE":1140217,"porcentaje":0.897009199242806},{"rango":{"min":40,"max":49},"vacunados":1242460,"personasINE":1385114,"porcentaje":0.897009199242806},{"rango":{"min":50,"max":59},"vacunados":1208908,"personasINE":1265021,"porcentaje":0.9556426336005489},{"rango":{"min":60,"max":69},"vacunados":923182,"personasINE":916146.9999999999,"porcentaje":1.0076788986920222},{"rango":{"min":70,"max":79},"vacunados":650352,"personasINE":650381,"porcentaje":0.9999554107515441},{"rango":{"min":80,"max":null},"vacunados":429348,"personasINE":429348,"porcentaje":1}]}}},{"ccaa":"Aragón","dosisAdministradas":2141673,"dosisEntregadas":2187396,"dosisEntregadasModerna":293490,"dosisEntregadasPfizer":1575141,"dosisEntregadasAstrazeneca":255200,"dosisEntregadasJanssen":63565,"dosisPrimeraDosis":1071046,"dosisPautaCompletada":1052897,"porcentajeEntregadas":0.9790970633575264,"porcentajePoblacionAdministradas":1.611018127849519,"porcentajePoblacionPrimeraDosis":0.8056666548818219,"porcentajePoblacionCompletas":0.7920145389881532,"fechaUltRegistro":1637798400000,"etarios":{"unaDosis":{"etarioTotal":{"vacunados":1071046,"personasINE":1185134,"porcentaje":0.9037340925161206},"etarioRangos":[{"rango":{"min":12,"max":19},"vacunados":88911,"personasINE":103109,"porcentaje":0.8045950567863743},{"rango":{"min":20,"max":29},"vacunados":104920,"personasINE":130401,"porcentaje":0.8773581833323253},{"rango":{"min":30,"max":39},"vacunados":126670,"personasINE":164286,"porcentaje":0.8773581833323253},{"rango":{"min":40,"max":49},"vacunados":188582,"personasINE":214943,"porcentaje":0.8773581833323253},{"rango":{"min":50,"max":59},"vacunados":186400,"personasINE":198266,"porcentaje":0.9401511101247818},{"rango":{"min":60,"max":69},"vacunados":154746,"personasINE":156367,"porcentaje":0.9896333625381315},{"rango":{"min":70,"max":79},"vacunados":119416,"personasINE":119416,"porcentaje":1},{"rango":{"min":80,"max":null},"vacunados":101401,"personasINE":101401,"porcentaje":1}]},"pautaCompleta":{"etarioTotal":{"vacunados":1052897,"personasINE":1185134,"porcentaje":0.8884202123979229},"etarioRangos":[{"rango":{"min":12,"max":19},"vacunados":86197,"personasINE":103109,"porcentaje":0.7775553868451929},{"rango":{"min":20,"max":29},"vacunados":101394,"personasINE":130401,"porcentaje":0.8652526483765464},{"rango":{"min":30,"max":39},"vacunados":123355,"personasINE":164286,"porcentaje":0.8652526483765464},{"rango":{"min":40,"max":49},"vacunados":185980,"personasINE":214943,"porcentaje":0.8652526483765464},{"rango":{"min":50,"max":59},"vacunados":184353,"personasINE":198266,"porcentaje":0.9298265965924566},{"rango":{"min":60,"max":69},"vacunados":152809,"personasINE":156367,"porcentaje":0.9772458383162688},{"rango":{"min":70,"max":79},"vacunados":118698,"personasINE":118955,"porcentaje":0.9978395191458955},{"rango":{"min":80,"max":null},"vacunados":100111,"personasINE":100111,"porcentaje":1}]}}},{"ccaa":"Asturias","dosisAdministradas":1823285,"dosisEntregadas":1885585,"dosisEntregadasModerna":191040,"dosisEntregadasPfizer":1430645,"dosisEntregadasAstrazeneca":220900,"dosisEntregadasJanssen":43000,"dosisPrimeraDosis":874581,"dosisPautaCompletada":866759,"porcentajeEntregadas":0.9669598559598215,"porcentajePoblacionAdministradas":1.7896678785689606,"porcentajePoblacionPrimeraDosis":0.8584557668750197,"porcentajePoblacionCompletas":0.8507779863052424,"fechaUltRegistro":1637798400000,"etarios":{"unaDosis":{"etarioTotal":{"vacunados":874581,"personasINE":933927,"porcentaje":0.9364554188924831},"etarioRangos":[{"rango":{"min":12,"max":19},"vacunados":60704,"personasINE":64000,"porcentaje":0.8447371414847493},{"rango":{"min":20,"max":29},"vacunados":66828,"personasINE":79111,"porcentaje":0.9035528435323636},{"rango":{"min":30,"max":39},"vacunados":91198,"personasINE":114451,"porcentaje":0.9035528435323636},{"rango":{"min":40,"max":49},"vacunados":150887,"personasINE":166993,"porcentaje":0.9035528435323636},{"rango":{"min":50,"max":59},"vacunados":153318,"personasINE":162645,"porcentaje":0.9426542469796182},{"rango":{"min":60,"max":69},"vacunados":148274,"personasINE":149652,"porcentaje":0.9907919707053698},{"rango":{"min":70,"max":79},"vacunados":114390,"personasINE":114390,"porcentaje":1},{"rango":{"min":80,"max":null},"vacunados":88982,"personasINE":88982,"porcentaje":1}]},"pautaCompleta":{"etarioTotal":{"vacunados":866759,"personasINE":933927,"porcentaje":0.9280800319511053},"etarioRangos":[{"rango":{"min":12,"max":19},"vacunados":59730,"personasINE":64000,"porcentaje":0.8253845862143064},{"rango":{"min":20,"max":29},"vacunados":65297,"personasINE":79111,"porcentaje":0.8977801464732055},{"rango":{"min":30,"max":39},"vacunados":89691,"personasINE":114451,"porcentaje":0.8977801464732055},{"rango":{"min":40,"max":49},"vacunados":149923,"personasINE":166993,"porcentaje":0.8977801464732055},{"rango":{"min":50,"max":59},"vacunados":152560,"personasINE":162645,"porcentaje":0.9379937901564758},{"rango":{"min":60,"max":69},"vacunados":147411,"personasINE":149652,"porcentaje":0.9850252585999519},{"rango":{"min":70,"max":79},"vacunados":113955,"personasINE":113955,"porcentaje":1},{"rango":{"min":80,"max":null},"vacunados":88192,"personasINE":88192,"porcentaje":1}]}}},{"ccaa":"Baleares","dosisAdministradas":1720490,"dosisEntregadas":1909050,"dosisEntregadasModerna":305100,"dosisEntregadasPfizer":1318950,"dosisEntregadasAstrazeneca":227400,"dosisEntregadasJanssen":57600,"dosisPrimeraDosis":866823,"dosisPautaCompletada":849945,"porcentajeEntregadas":0.901228359655326,"porcentajePoblacionAdministradas":1.4685675216359964,"porcentajePoblacionPrimeraDosis":0.7398985781998612,"porcentajePoblacionCompletas":0.7254919367022806,"fechaUltRegistro":1637798400000,"etarios":{"unaDosis":{"etarioTotal":{"vacunados":866823,"personasINE":1034867,"porcentaje":0.837617780835605},"etarioRangos":[{"rango":{"min":12,"max":19},"vacunados":76306,"personasINE":95480,"porcentaje":0.719041336213771},{"rango":{"min":20,"max":29},"vacunados":99186,"personasINE":137942,"porcentaje":0.821008672370642},{"rango":{"min":30,"max":39},"vacunados":129143,"personasINE":182187,"porcentaje":0.821008672370642},{"rango":{"min":40,"max":49},"vacunados":169269,"personasINE":206172,"porcentaje":0.821008672370642},{"rango":{"min":50,"max":59},"vacunados":151115,"personasINE":165797,"porcentaje":0.9114459248357931},{"rango":{"min":60,"max":69},"vacunados":110786,"personasINE":117231,"porcentaje":0.9450230741015602},{"rango":{"min":70,"max":79},"vacunados":79429,"personasINE":80516,"porcentaje":0.9864995777236822},{"rango":{"min":80,"max":null},"vacunados":51589,"personasINE":51589,"porcentaje":1}]},"pautaCompleta":{"etarioTotal":{"vacunados":849945,"personasINE":1034867,"porcentaje":0.8213084386689304},"etarioRangos":[{"rango":{"min":12,"max":19},"vacunados":73839,"personasINE":95480,"porcentaje":0.691812500906178},{"rango":{"min":20,"max":29},"vacunados":95430,"personasINE":137942,"porcentaje":0.8073162214073686},{"rango":{"min":30,"max":39},"vacunados":125113,"personasINE":182187,"porcentaje":0.8073162214073686},{"rango":{"min":40,"max":49},"vacunados":166446,"personasINE":206172,"porcentaje":0.8073162214073686},{"rango":{"min":50,"max":59},"vacunados":149298,"personasINE":165797,"porcentaje":0.9004867398083198},{"rango":{"min":60,"max":69},"vacunados":109729,"personasINE":117231,"porcentaje":0.9360066876508774},{"rango":{"min":70,"max":79},"vacunados":79023,"personasINE":80516,"porcentaje":0.9814571016940732},{"rango":{"min":80,"max":null},"vacunados":51067,"personasINE":51067,"porcentaje":1}]}}},{"ccaa":"Canarias","dosisAdministradas":3289595,"dosisEntregadas":3567300,"dosisEntregadasModerna":574700,"dosisEntregadasPfizer":2403150,"dosisEntregadasAstrazeneca":455800,"dosisEntregadasJanssen":133650,"dosisPrimeraDosis":1689910,"dosisPautaCompletada":1649200,"porcentajeEntregadas":0.9221526084153281,"porcentajePoblacionAdministradas":1.511795756524041,"porcentajePoblacionPrimeraDosis":0.7766301830187431,"porcentajePoblacionCompletas":0.7579211306131753,"fechaUltRegistro":1637798400000,"etarios":{"unaDosis":{"etarioTotal":{"vacunados":1689910,"personasINE":1960774,"porcentaje":0.8618586333764116},"etarioRangos":[{"rango":{"min":12,"max":19},"vacunados":156102,"personasINE":179797,"porcentaje":0.757964313519869},{"rango":{"min":20,"max":29},"vacunados":190816,"personasINE":251748,"porcentaje":0.8233081737659954},{"rango":{"min":30,"max":39},"vacunados":231638,"personasINE":310934,"porcentaje":0.8233081737659954},{"rango":{"min":40,"max":49},"vacunados":319381,"personasINE":387924,"porcentaje":0.8233081737659954},{"rango":{"min":50,"max":59},"vacunados":321654,"personasINE":350512,"porcentaje":0.9176690099055097},{"rango":{"min":60,"max":69},"vacunados":225104,"personasINE":235092,"porcentaje":0.9575145049597604},{"rango":{"min":70,"max":79},"vacunados":151907,"personasINE":154531,"porcentaje":0.9830195883026707},{"rango":{"min":80,"max":null},"vacunados":93308,"personasINE":93308,"porcentaje":1}]},"pautaCompleta":{"etarioTotal":{"vacunados":1649200,"personasINE":1960774,"porcentaje":0.8410964241671911},"etarioRangos":[{"rango":{"min":12,"max":19},"vacunados":146732,"personasINE":179797,"porcentaje":0.7168358835025501},{"rango":{"min":20,"max":29},"vacunados":180462,"personasINE":251748.00000000003,"porcentaje":0.8118316989925862},{"rango":{"min":30,"max":39},"vacunados":224057,"personasINE":310934,"porcentaje":0.8118316989925862},{"rango":{"min":40,"max":49},"vacunados":314929,"personasINE":387924,"porcentaje":0.8118316989925862},{"rango":{"min":50,"max":59},"vacunados":319021,"personasINE":350512,"porcentaje":0.9101571415529283},{"rango":{"min":60,"max":69},"vacunados":221432,"personasINE":235092,"porcentaje":0.9418950878804894},{"rango":{"min":70,"max":79},"vacunados":150476,"personasINE":154531,"porcentaje":0.9737593104296225},{"rango":{"min":80,"max":null},"vacunados":92091,"personasINE":92091,"porcentaje":1}]}}},{"ccaa":"Cantabria","dosisAdministradas":989591,"dosisEntregadas":1085545,"dosisEntregadasModerna":114900,"dosisEntregadasPfizer":823245,"dosisEntregadasAstrazeneca":125200,"dosisEntregadasJanssen":22200,"dosisPrimeraDosis":484794,"dosisPautaCompletada":479437,"porcentajeEntregadas":0.911607533543059,"porcentajePoblacionAdministradas":1.6976883025535894,"porcentajePoblacionPrimeraDosis":0.8316861238109126,"porcentajePoblacionCompletas":0.8224959470239576,"fechaUltRegistro":1637798400000,"etarios":{"unaDosis":{"etarioTotal":{"vacunados":484794,"personasINE":524127,"porcentaje":0.9249552112369712},"etarioRangos":[{"rango":{"min":12,"max":19},"vacunados":39986,"personasINE":43963,"porcentaje":0.8243342243342243},{"rango":{"min":20,"max":29},"vacunados":41633,"personasINE":50505,"porcentaje":0.903343595618243},{"rango":{"min":30,"max":39},"vacunados":55126,"personasINE":70473,"porcentaje":0.903343595618243},{"rango":{"min":40,"max":49},"vacunados":88319,"personasINE":97769,"porcentaje":0.903343595618243},{"rango":{"min":50,"max":59},"vacunados":84496,"personasINE":89964,"porcentaje":0.9392201324974434},{"rango":{"min":60,"max":69},"vacunados":76810,"personasINE":77345,"porcentaje":0.9930829400736958},{"rango":{"min":70,"max":79},"vacunados":56022,"personasINE":56022,"porcentaje":1},{"rango":{"min":80,"max":null},"vacunados":42402,"personasINE":42402,"porcentaje":1}]},"pautaCompleta":{"etarioTotal":{"vacunados":479437,"personasINE":524127,"porcentaje":0.9147344059741246},"etarioRangos":[{"rango":{"min":12,"max":19},"vacunados":39130,"personasINE":43963,"porcentaje":0.8062370062370062},{"rango":{"min":20,"max":29},"vacunados":40719,"personasINE":50505,"porcentaje":0.8906606388528061},{"rango":{"min":30,"max":39},"vacunados":54350,"personasINE":70473,"porcentaje":0.8906606388528061},{"rango":{"min":40,"max":49},"vacunados":87079,"personasINE":97769,"porcentaje":0.8906606388528061},{"rango":{"min":50,"max":59},"vacunados":83849,"personasINE":89964,"porcentaje":0.9320283669023165},{"rango":{"min":60,"max":69},"vacunados":76418,"personasINE":77345,"porcentaje":0.9880147391557308},{"rango":{"min":70,"max":79},"vacunados":55846,"personasINE":55846,"porcentaje":1},{"rango":{"min":80,"max":null},"vacunados":42046,"personasINE":42046,"porcentaje":1}]}}},{"ccaa":"Castilla y Leon","dosisAdministradas":4089605,"dosisEntregadas":4843280,"dosisEntregadasModerna":410000,"dosisEntregadasPfizer":3867735,"dosisEntregadasAstrazeneca":466170,"dosisEntregadasJanssen":99375,"dosisPrimeraDosis":2012208,"dosisPautaCompletada":1976053,"porcentajeEntregadas":0.8443874812110801,"porcentajePoblacionAdministradas":1.707617964372893,"porcentajePoblacionPrimeraDosis":0.8401991216400728,"porcentajePoblacionCompletas":0.8251025713615247,"fechaUltRegistro":1637798400000,"etarios":{"unaDosis":{"etarioTotal":{"vacunados":2012208,"personasINE":2176253,"porcentaje":0.9246204370539639},"etarioRangos":[{"rango":{"min":12,"max":19},"vacunados":146129,"personasINE":165342,"porcentaje":0.829336606541994},{"rango":{"min":20,"max":29},"vacunados":174995,"personasINE":211006,"porcentaje":0.885308487359106},{"rango":{"min":30,"max":39},"vacunados":213896,"personasINE":267783,"porcentaje":0.885308487359106},{"rango":{"min":40,"max":49},"vacunados":321637,"personasINE":363305,"porcentaje":0.885308487359106},{"rango":{"min":50,"max":59},"vacunados":353716,"personasINE":381175,"porcentaje":0.927962222076474},{"rango":{"min":60,"max":69},"vacunados":321078,"personasINE":321078,"porcentaje":1},{"rango":{"min":70,"max":79},"vacunados":251207,"personasINE":251207,"porcentaje":1},{"rango":{"min":80,"max":null},"vacunados":229550,"personasINE":229550,"porcentaje":1}]},"pautaCompleta":{"etarioTotal":{"vacunados":1976053,"personasINE":2176253,"porcentaje":0.9080070194044534},"etarioRangos":[{"rango":{"min":12,"max":19},"vacunados":136826,"personasINE":165342,"porcentaje":0.7985080992957546},{"rango":{"min":20,"max":29},"vacunados":168490,"personasINE":211006,"porcentaje":0.8727075047136703},{"rango":{"min":30,"max":39},"vacunados":208429,"personasINE":267783,"porcentaje":0.8727075047136703},{"rango":{"min":40,"max":49},"vacunados":317059,"personasINE":363305,"porcentaje":0.8727075047136703},{"rango":{"min":50,"max":59},"vacunados":349698,"personasINE":381175,"porcentaje":0.9174211320259723},{"rango":{"min":60,"max":69},"vacunados":318658,"personasINE":318575,"porcentaje":1.0002605351957938},{"rango":{"min":70,"max":79},"vacunados":249553,"personasINE":249553,"porcentaje":1},{"rango":{"min":80,"max":null},"vacunados":227340,"personasINE":227340,"porcentaje":1}]}}},{"ccaa":"Castilla La Mancha","dosisAdministradas":3245776,"dosisEntregadas":3383650,"dosisEntregadasModerna":446270,"dosisEntregadasPfizer":2461545,"dosisEntregadasAstrazeneca":382100,"dosisEntregadasJanssen":93735,"dosisPrimeraDosis":1629410,"dosisPautaCompletada":1570150,"porcentajeEntregadas":0.9592528778094661,"porcentajePoblacionAdministradas":1.5870050229290624,"porcentajePoblacionPrimeraDosis":0.7966914088990872,"porcentajePoblacionCompletas":0.7677165450579668,"fechaUltRegistro":1637798400000},{"ccaa":"Cataluña","dosisAdministradas":11769274,"dosisEntregadas":11964030,"dosisEntregadasModerna":1604900,"dosisEntregadasPfizer":8469080,"dosisEntregadasAstrazeneca":1514300,"dosisEntregadasJanssen":375750,"dosisPrimeraDosis":6030260,"dosisPautaCompletada":5904819,"porcentajeEntregadas":0.983721538645423,"porcentajePoblacionAdministradas":1.512667022171771,"porcentajePoblacionPrimeraDosis":0.7750499680032553,"porcentajePoblacionCompletas":0.7589274387862238,"fechaUltRegistro":1637798400000,"etarios":{"unaDosis":{"etarioTotal":{"vacunados":6030260,"personasINE":6868360,"porcentaje":0.8779766931261611},"etarioRangos":[{"rango":{"min":12,"max":19},"vacunados":542256,"personasINE":656166,"porcentaje":0.7781365660033256},{"rango":{"min":20,"max":29},"vacunados":652806,"personasINE":838935,"porcentaje":0.862619090111676},{"rango":{"min":30,"max":39},"vacunados":790194,"personasINE":1044652,"porcentaje":0.862619090111676},{"rango":{"min":40,"max":49},"vacunados":1135858,"personasINE":1316755,"porcentaje":0.862619090111676},{"rango":{"min":50,"max":59},"vacunados":1029231,"personasINE":1091780,"porcentaje":0.942709153858836},{"rango":{"min":60,"max":69},"vacunados":801527,"personasINE":837584,"porcentaje":0.9569511834036944},{"rango":{"min":70,"max":79},"vacunados":619099,"personasINE":635292,"porcentaje":0.9745109335549637},{"rango":{"min":80,"max":null},"vacunados":459289,"personasINE":459289,"porcentaje":1}]},"pautaCompleta":{"etarioTotal":{"vacunados":5904819,"personasINE":6868360,"porcentaje":0.8597130901699969},"etarioRangos":[{"rango":{"min":12,"max":19},"vacunados":523174,"personasINE":656166,"porcentaje":0.7446536382437257},{"rango":{"min":20,"max":29},"vacunados":624716,"personasINE":838935,"porcentaje":0.8483233403328637},{"rango":{"min":30,"max":39},"vacunados":763737,"personasINE":1044652,"porcentaje":0.8483233403328637},{"rango":{"min":40,"max":49},"vacunados":1117034,"personasINE":1316755,"porcentaje":0.8483233403328637},{"rango":{"min":50,"max":59},"vacunados":1017884,"personasINE":1091780,"porcentaje":0.9323160343658979},{"rango":{"min":60,"max":69},"vacunados":789599,"personasINE":837584,"porcentaje":0.942710223690997},{"rango":{"min":70,"max":79},"vacunados":615021,"personasINE":635292,"porcentaje":0.9680918380839048},{"rango":{"min":80,"max":null},"vacunados":453654,"personasINE":453654,"porcentaje":1}]}}},{"ccaa":"C. Valenciana","dosisAdministradas":8168370,"dosisEntregadas":8488355,"dosisEntregadasModerna":1213650,"dosisEntregadasPfizer":6197680,"dosisEntregadasAstrazeneca":863900,"dosisEntregadasJanssen":213125,"dosisPrimeraDosis":4093220,"dosisPautaCompletada":4029904,"porcentajeEntregadas":0.9623030610760271,"porcentajePoblacionAdministradas":1.6151472914783682,"porcentajePoblacionPrimeraDosis":0.8093601534241331,"porcentajePoblacionCompletas":0.7968405606648379,"fechaUltRegistro":1637798400000,"etarios":{"unaDosis":{"etarioTotal":{"vacunados":4093220,"personasINE":4488459,"porcentaje":0.9119432749636345},"etarioRangos":[{"rango":{"min":12,"max":19},"vacunados":376276,"personasINE":424531,"porcentaje":0.8309017565478197},{"rango":{"min":20,"max":29},"vacunados":428850,"personasINE":516126,"porcentaje":0.8865989187259566},{"rango":{"min":30,"max":39},"vacunados":513288,"personasINE":648759,"porcentaje":0.8865989187259566},{"rango":{"min":40,"max":49},"vacunados":755017,"personasINE":851588,"porcentaje":0.8865989187259566},{"rango":{"min":50,"max":59},"vacunados":716145,"personasINE":752334,"porcentaje":0.9518976943751046},{"rango":{"min":60,"max":69},"vacunados":571119,"personasINE":580728,"porcentaje":0.9834535272967724},{"rango":{"min":70,"max":79},"vacunados":434964,"personasINE":437862,"porcentaje":0.9933814763555641},{"rango":{"min":80,"max":null},"vacunados":297561,"personasINE":297561,"porcentaje":1}]},"pautaCompleta":{"etarioTotal":{"vacunados":4029904,"personasINE":4488459,"porcentaje":0.8978368745264244},"etarioRangos":[{"rango":{"min":12,"max":19},"vacunados":363695,"personasINE":424531,"porcentaje":0.8038986604046299},{"rango":{"min":20,"max":29},"vacunados":414913,"personasINE":516126,"porcentaje":0.8770027290191971},{"rango":{"min":30,"max":39},"vacunados":501641,"personasINE":648759,"porcentaje":0.8770027290191971},{"rango":{"min":40,"max":49},"vacunados":746845,"personasINE":851588,"porcentaje":0.8770027290191971},{"rango":{"min":50,"max":59},"vacunados":710688,"personasINE":752334,"porcentaje":0.9446442670409685},{"rango":{"min":60,"max":69},"vacunados":566263,"personasINE":580728,"porcentaje":0.9750916091526498},{"rango":{"min":70,"max":79},"vacunados":432264,"personasINE":437862,"porcentaje":0.9872151499787605},{"rango":{"min":80,"max":null},"vacunados":293595,"personasINE":293595,"porcentaje":1}]}}},{"ccaa":"Extremadura","dosisAdministradas":1854588,"dosisEntregadas":1831845,"dosisEntregadasModerna":217410,"dosisEntregadasPfizer":1377755,"dosisEntregadasAstrazeneca":185700,"dosisEntregadasJanssen":50980,"dosisPrimeraDosis":900947,"dosisPautaCompletada":887400,"porcentajeEntregadas":1.0124153517355454,"porcentajePoblacionAdministradas":1.7430551313126945,"porcentajePoblacionPrimeraDosis":0.8467650450616407,"porcentajePoblacionCompletas":0.8340327466407015,"fechaUltRegistro":1637798400000,"etarios":{"unaDosis":{"etarioTotal":{"vacunados":900947,"personasINE":953437,"porcentaje":0.944946546022443},"etarioRangos":[{"rango":{"min":12,"max":19},"vacunados":77934,"personasINE":84750,"porcentaje":0.8295270031768444},{"rango":{"min":20,"max":29},"vacunados":94002,"personasINE":113320,"porcentaje":0.9184796920260323},{"rango":{"min":30,"max":39},"vacunados":113542,"personasINE":133479,"porcentaje":0.9184796920260323},{"rango":{"min":40,"max":49},"vacunados":146492,"personasINE":159494,"porcentaje":0.9184796920260323},{"rango":{"min":50,"max":59},"vacunados":161688,"personasINE":169216,"porcentaje":0.9555124810892587},{"rango":{"min":60,"max":69},"vacunados":132978,"personasINE":132978,"porcentaje":1},{"rango":{"min":70,"max":79},"vacunados":96002,"personasINE":96002,"porcentaje":1},{"rango":{"min":80,"max":null},"vacunados":78309,"personasINE":78309,"porcentaje":1}]},"pautaCompleta":{"etarioTotal":{"vacunados":887400,"personasINE":953437,"porcentaje":0.9307379512227866},"etarioRangos":[{"rango":{"min":12,"max":19},"vacunados":75365,"personasINE":84750,"porcentaje":0.8028415107659724},{"rango":{"min":20,"max":29},"vacunados":90978,"personasINE":113320,"porcentaje":0.9071124932599346},{"rango":{"min":30,"max":39},"vacunados":111056,"personasINE":133479,"porcentaje":0.9071124932599346},{"rango":{"min":40,"max":49},"vacunados":144679,"personasINE":159494,"porcentaje":0.9071124932599346},{"rango":{"min":50,"max":59},"vacunados":160456,"personasINE":169216,"porcentaje":0.948231845688351},{"rango":{"min":60,"max":69},"vacunados":131786,"personasINE":125297,"porcentaje":1.0517889494560924},{"rango":{"min":70,"max":79},"vacunados":95539,"personasINE":95539,"porcentaje":1},{"rango":{"min":80,"max":null},"vacunados":77541,"personasINE":77541,"porcentaje":1}]}}},{"ccaa":"Galicia","dosisAdministradas":4765081,"dosisEntregadas":5108079,"dosisEntregadasModerna":537400,"dosisEntregadasPfizer":3874579,"dosisEntregadasAstrazeneca":573400,"dosisEntregadasJanssen":122700,"dosisPrimeraDosis":2316375,"dosisPautaCompletada":2295458,"porcentajeEntregadas":0.932851860748434,"porcentajePoblacionAdministradas":1.7636566328092296,"porcentajePoblacionPrimeraDosis":0.8573390741570771,"porcentajePoblacionCompletas":0.8495972528137525,"fechaUltRegistro":1637798400000,"etarios":{"unaDosis":{"etarioTotal":{"vacunados":2316375,"personasINE":2454497,"porcentaje":0.9437269632026439},"etarioRangos":[{"rango":{"min":12,"max":19},"vacunados":170492,"personasINE":180007,"porcentaje":0.8663266675614012},{"rango":{"min":20,"max":29},"vacunados":200105,"personasINE":230981,"porcentaje":0.922729293061475},{"rango":{"min":30,"max":39},"vacunados":264826,"personasINE":323408,"porcentaje":0.922729293061475},{"rango":{"min":40,"max":49},"vacunados":408973,"personasINE":443221,"porcentaje":0.922729293061475},{"rango":{"min":50,"max":59},"vacunados":391494,"personasINE":405889,"porcentaje":0.9645346387805533},{"rango":{"min":60,"max":69},"vacunados":346498,"personasINE":346927,"porcentaje":0.9987634286175477},{"rango":{"min":70,"max":79},"vacunados":291506,"personasINE":291506,"porcentaje":1},{"rango":{"min":80,"max":null},"vacunados":242481,"personasINE":242481,"porcentaje":1}]},"pautaCompleta":{"etarioTotal":{"vacunados":2295458,"personasINE":2454497,"porcentaje":0.9352050542331076},"etarioRangos":[{"rango":{"min":12,"max":19},"vacunados":166678,"personasINE":180007,"porcentaje":0.846441915135877},{"rango":{"min":20,"max":29},"vacunados":195512,"personasINE":230981,"porcentaje":0.9162697615862064},{"rango":{"min":30,"max":39},"vacunados":261147,"personasINE":323408,"porcentaje":0.9162697615862064},{"rango":{"min":40,"max":49},"vacunados":406110,"personasINE":443221,"porcentaje":0.9162697615862064},{"rango":{"min":50,"max":59},"vacunados":389518,"personasINE":405889,"porcentaje":0.9596663127111107},{"rango":{"min":60,"max":69},"vacunados":345352,"personasINE":346927,"porcentaje":0.9954601400294586},{"rango":{"min":70,"max":79},"vacunados":290275,"personasINE":290275,"porcentaje":1},{"rango":{"min":80,"max":null},"vacunados":240866,"personasINE":240866,"porcentaje":1}]}}},{"ccaa":"La Rioja","dosisAdministradas":527422,"dosisEntregadas":557305,"dosisEntregadasModerna":67600,"dosisEntregadasPfizer":421265,"dosisEntregadasAstrazeneca":53240,"dosisEntregadasJanssen":15200,"dosisPrimeraDosis":261625,"dosisPautaCompletada":256926,"porcentajeEntregadas":0.9463794511084594,"porcentajePoblacionAdministradas":1.648636821145683,"porcentajePoblacionPrimeraDosis":0.8177979081878255,"porcentajePoblacionCompletas":0.8031095857011572,"fechaUltRegistro":1637798400000,"etarios":{"unaDosis":{"etarioTotal":{"vacunados":261625,"personasINE":283970,"porcentaje":0.9213121104342008},"etarioRangos":[{"rango":{"min":12,"max":19},"vacunados":22299,"personasINE":25532,"porcentaje":0.8023507781206908},{"rango":{"min":20,"max":29},"vacunados":24438,"personasINE":30458,"porcentaje":0.9013352975617126},{"rango":{"min":30,"max":39},"vacunados":31474,"personasINE":39319,"porcentaje":0.9013352975617126},{"rango":{"min":40,"max":49},"vacunados":47723,"personasINE":52947,"porcentaje":0.9013352975617126},{"rango":{"min":50,"max":59},"vacunados":45500,"personasINE":47664,"porcentaje":0.9545988586774086},{"rango":{"min":60,"max":69},"vacunados":38111,"personasINE":38111,"porcentaje":1},{"rango":{"min":70,"max":79},"vacunados":28689,"personasINE":28689,"porcentaje":1},{"rango":{"min":80,"max":null},"vacunados":23391,"personasINE":23391,"porcentaje":1}]},"pautaCompleta":{"etarioTotal":{"vacunados":256926,"personasINE":283970,"porcentaje":0.9047645878085713},"etarioRangos":[{"rango":{"min":12,"max":19},"vacunados":21560,"personasINE":25532,"porcentaje":0.7737868540284982},{"rango":{"min":20,"max":29},"vacunados":23568,"personasINE":30458,"porcentaje":0.8870002077549247},{"rango":{"min":30,"max":39},"vacunados":30681,"personasINE":39319,"porcentaje":0.8870002077549247},{"rango":{"min":40,"max":49},"vacunados":46964,"personasINE":52947,"porcentaje":0.8870002077549247},{"rango":{"min":50,"max":59},"vacunados":44861,"personasINE":47664,"porcentaje":0.9411925142665324},{"rango":{"min":60,"max":69},"vacunados":37545,"personasINE":37718,"porcentaje":0.995413330505329},{"rango":{"min":70,"max":79},"vacunados":28574,"personasINE":28574,"porcentaje":1},{"rango":{"min":80,"max":null},"vacunados":23173,"personasINE":23173,"porcentaje":1}]}}},{"ccaa":"Madrid","dosisAdministradas":10435831,"dosisEntregadas":10827035,"dosisEntregadasModerna":1645800,"dosisEntregadasPfizer":7637685,"dosisEntregadasAstrazeneca":1222100,"dosisEntregadasJanssen":321450,"dosisPrimeraDosis":5395291,"dosisPautaCompletada":5282356,"porcentajeEntregadas":0.9638678548651592,"porcentajePoblacionAdministradas":1.5392335389611156,"porcentajePoblacionPrimeraDosis":0.7957787798264514,"porcentajePoblacionCompletas":0.7791214250146905,"fechaUltRegistro":1637798400000,"etarios":{"unaDosis":{"etarioTotal":{"vacunados":5395291,"personasINE":5977937,"porcentaje":0.9025339343656515},"etarioRangos":[{"rango":{"min":12,"max":19},"vacunados":462091,"personasINE":553542,"porcentaje":0.8239671369406377},{"rango":{"min":20,"max":29},"vacunados":611775,"personasINE":742475,"porcentaje":0.891852370256207},{"rango":{"min":30,"max":39},"vacunados":759199,"personasINE":949640,"porcentaje":0.891852370256207},{"rango":{"min":40,"max":49},"vacunados":1039874,"personasINE":1165971,"porcentaje":0.891852370256207},{"rango":{"min":50,"max":59},"vacunados":944856,"personasINE":972783,"porcentaje":0.9712916446936264},{"rango":{"min":60,"max":69},"vacunados":690961,"personasINE":703323,"porcentaje":0.9824234384486218},{"rango":{"min":70,"max":79},"vacunados":511994,"personasINE":526081,"porcentaje":0.9732227546708587},{"rango":{"min":80,"max":null},"vacunados":374541,"personasINE":374541,"porcentaje":1}]},"pautaCompleta":{"etarioTotal":{"vacunados":5282356,"personasINE":5977937,"porcentaje":0.8836419654472772},"etarioRangos":[{"rango":{"min":12,"max":19},"vacunados":448144,"personasINE":553542,"porcentaje":0.7882474157379036},{"rango":{"min":20,"max":29},"vacunados":585254,"personasINE":742475,"porcentaje":0.8743630845021017},{"rango":{"min":30,"max":39},"vacunados":732983,"personasINE":949640,"porcentaje":0.8743630845021017},{"rango":{"min":40,"max":49},"vacunados":1019482,"personasINE":1165971,"porcentaje":0.8743630845021017},{"rango":{"min":50,"max":59},"vacunados":936677,"personasINE":972783,"porcentaje":0.9628838086191884},{"rango":{"min":60,"max":69},"vacunados":678381,"personasINE":703323,"porcentaje":0.9645369197367355},{"rango":{"min":70,"max":79},"vacunados":509832,"personasINE":526081,"porcentaje":0.9691131213634402},{"rango":{"min":80,"max":null},"vacunados":371603,"personasINE":371603,"porcentaje":1}]}}},{"ccaa":"Murcia","dosisAdministradas":2382043,"dosisEntregadas":2507175,"dosisEntregadasModerna":498000,"dosisEntregadasPfizer":1687865,"dosisEntregadasAstrazeneca":253010,"dosisEntregadasJanssen":68300,"dosisPrimeraDosis":1199815,"dosisPautaCompletada":1171681,"porcentajeEntregadas":0.9500904404359488,"porcentajePoblacionAdministradas":1.5762060703351064,"porcentajePoblacionPrimeraDosis":0.793921724452126,"porcentajePoblacionCompletas":0.7753053595994313,"fechaUltRegistro":1637798400000,"etarios":{"unaDosis":{"etarioTotal":{"vacunados":1199815,"personasINE":1310137,"porcentaje":0.9157935391489592},"etarioRangos":[{"rango":{"min":12,"max":19},"vacunados":121598,"personasINE":141894,"porcentaje":0.8286308113882309},{"rango":{"min":20,"max":29},"vacunados":142730,"personasINE":172248,"porcentaje":0.9153948150159154},{"rango":{"min":30,"max":39},"vacunados":168692,"personasINE":209003,"porcentaje":0.9153948150159154},{"rango":{"min":40,"max":49},"vacunados":232654,"personasINE":254157,"porcentaje":0.9153948150159154},{"rango":{"min":50,"max":59},"vacunados":207927,"personasINE":213256,"porcentaje":0.9750112540796039},{"rango":{"min":60,"max":69},"vacunados":148662,"personasINE":148662,"porcentaje":1},{"rango":{"min":70,"max":79},"vacunados":103500,"personasINE":103500,"porcentaje":1},{"rango":{"min":80,"max":null},"vacunados":74052,"personasINE":74052,"porcentaje":1}]},"pautaCompleta":{"etarioTotal":{"vacunados":1171681,"personasINE":1310137,"porcentaje":0.8943194490347193},"etarioRangos":[{"rango":{"min":12,"max":19},"vacunados":117303,"personasINE":141894,"porcentaje":0.7909003297570945},{"rango":{"min":20,"max":29},"vacunados":136231,"personasINE":172248,"porcentaje":0.8963908135522531},{"rango":{"min":30,"max":39},"vacunados":163037,"personasINE":209003,"porcentaje":0.8963908135522531},{"rango":{"min":40,"max":49},"vacunados":227824,"personasINE":254157,"porcentaje":0.8963908135522531},{"rango":{"min":50,"max":59},"vacunados":205408,"personasINE":213256,"porcentaje":0.9631991596953896},{"rango":{"min":60,"max":69},"vacunados":146076,"personasINE":146909,"porcentaje":0.9943298232239005},{"rango":{"min":70,"max":79},"vacunados":102558,"personasINE":102899,"porcentaje":0.9966860708072964},{"rango":{"min":80,"max":null},"vacunados":73244,"personasINE":73244,"porcentaje":1}]}}},{"ccaa":"Navarra","dosisAdministradas":1069699,"dosisEntregadas":1074255,"dosisEntregadasModerna":151500,"dosisEntregadasPfizer":762405,"dosisEntregadasAstrazeneca":136600,"dosisEntregadasJanssen":23750,"dosisPrimeraDosis":530826,"dosisPautaCompletada":524112,"porcentajeEntregadas":0.9957589212989467,"porcentajePoblacionAdministradas":1.6178219199421655,"porcentajePoblacionPrimeraDosis":0.8028257841460261,"porcentajePoblacionCompletas":0.7926714731010577,"fechaUltRegistro":1637798400000,"etarios":{"unaDosis":{"etarioTotal":{"vacunados":530826,"personasINE":581354,"porcentaje":0.9130856586520434},"etarioRangos":[{"rango":{"min":12,"max":19},"vacunados":49773,"personasINE":56388,"porcentaje":0.8494869875379806},{"rango":{"min":20,"max":29},"vacunados":57873,"personasINE":68127,"porcentaje":0.8858076702283291},{"rango":{"min":30,"max":39},"vacunados":64568,"personasINE":81341,"porcentaje":0.8858076702283291},{"rango":{"min":40,"max":49},"vacunados":95669,"personasINE":108002,"porcentaje":0.8858076702283291},{"rango":{"min":50,"max":59},"vacunados":92099,"personasINE":96694,"porcentaje":0.9524789542267359},{"rango":{"min":60,"max":69},"vacunados":72393,"personasINE":73844,"porcentaje":0.9803504685553328},{"rango":{"min":70,"max":79},"vacunados":55922,"personasINE":55922,"porcentaje":1},{"rango":{"min":80,"max":null},"vacunados":42529,"personasINE":42529,"porcentaje":1}]},"pautaCompleta":{"etarioTotal":{"vacunados":524112,"personasINE":581354,"porcentaje":0.9015367572941788},"etarioRangos":[{"rango":{"min":12,"max":19},"vacunados":48771,"personasINE":56388,"porcentaje":0.8235794912442937},{"rango":{"min":20,"max":29},"vacunados":56108,"personasINE":68127,"porcentaje":0.8772893094572323},{"rango":{"min":30,"max":39},"vacunados":63346,"personasINE":81341,"porcentaje":0.8772893094572323},{"rango":{"min":40,"max":49},"vacunados":94749,"personasINE":108002,"porcentaje":0.8772893094572323},{"rango":{"min":50,"max":59},"vacunados":91446,"personasINE":96694,"porcentaje":0.9457256913562372},{"rango":{"min":60,"max":69},"vacunados":71778,"personasINE":73844,"porcentaje":0.9720221006446021},{"rango":{"min":70,"max":79},"vacunados":55773,"personasINE":55792,"porcentaje":0.9996594493834241},{"rango":{"min":80,"max":null},"vacunados":42141,"personasINE":42141,"porcentaje":1}]}}},{"ccaa":"País Vasco","dosisAdministradas":3631363,"dosisEntregadas":3819750,"dosisEntregadasModerna":526100,"dosisEntregadasPfizer":2748150,"dosisEntregadasAstrazeneca":444200,"dosisEntregadasJanssen":101300,"dosisPrimeraDosis":1823324,"dosisPautaCompletada":1792010,"porcentajeEntregadas":0.9506808037175207,"porcentajePoblacionAdministradas":1.63537782413362,"porcentajePoblacionPrimeraDosis":0.8211306982558915,"porcentajePoblacionCompletas":0.8070284944318947,"fechaUltRegistro":1637798400000,"etarios":{"unaDosis":{"etarioTotal":{"vacunados":1823324,"personasINE":1983943,"porcentaje":0.9190405167890409},"etarioRangos":[{"rango":{"min":12,"max":19},"vacunados":148837,"personasINE":168606,"porcentaje":0.8250915478281581},{"rango":{"min":20,"max":29},"vacunados":166284,"personasINE":201534,"porcentaje":0.8884498236835637},{"rango":{"min":30,"max":39},"vacunados":204854,"personasINE":260543,"porcentaje":0.8884498236835637},{"rango":{"min":40,"max":49},"vacunados":321737,"personasINE":362133,"porcentaje":0.8884498236835637},{"rango":{"min":50,"max":59},"vacunados":324529,"personasINE":339977,"porcentaje":0.9545616321104075},{"rango":{"min":60,"max":69},"vacunados":278892,"personasINE":280119,"porcentaje":0.9956197187623831},{"rango":{"min":70,"max":79},"vacunados":213880,"personasINE":213880,"porcentaje":1},{"rango":{"min":80,"max":null},"vacunados":164311,"personasINE":164311,"porcentaje":1}]},"pautaCompleta":{"etarioTotal":{"vacunados":1792010,"personasINE":1983943,"porcentaje":0.9032567971962904},"etarioRangos":[{"rango":{"min":12,"max":19},"vacunados":145241,"personasINE":168606,"porcentaje":0.800331457719293},{"rango":{"min":20,"max":29},"vacunados":161294,"personasINE":201534,"porcentaje":0.8756534201522645},{"rango":{"min":30,"max":39},"vacunados":199443,"personasINE":260543,"porcentaje":0.8756534201522645},{"rango":{"min":40,"max":49},"vacunados":317103,"personasINE":362133,"porcentaje":0.8756534201522645},{"rango":{"min":50,"max":59},"vacunados":321123,"personasINE":339977,"porcentaje":0.9445433073413789},{"rango":{"min":60,"max":69},"vacunados":273574,"personasINE":280119,"porcentaje":0.9766349301546843},{"rango":{"min":70,"max":79},"vacunados":212252,"personasINE":213081,"porcentaje":0.9961094607215096},{"rango":{"min":80,"max":null},"vacunados":161980,"personasINE":157950,"porcentaje":1.025514403292181}]}}},{"ccaa":"Ceuta","dosisAdministradas":121233,"dosisEntregadas":142225,"dosisEntregadasModerna":22270,"dosisEntregadasPfizer":97920,"dosisEntregadasAstrazeneca":18100,"dosisEntregadasJanssen":3935,"dosisPrimeraDosis":63222,"dosisPautaCompletada":60631,"porcentajeEntregadas":0.8524028827561961,"porcentajePoblacionAdministradas":1.4397876534999168,"porcentajePoblacionPrimeraDosis":0.7508372722738177,"porcentajePoblacionCompletas":0.7200660316857082,"fechaUltRegistro":1637798400000,"etarios":{"unaDosis":{"etarioTotal":{"vacunados":63222,"personasINE":70965,"porcentaje":0.8908898752906362},"etarioRangos":[{"rango":{"min":12,"max":19},"vacunados":8679,"personasINE":9126,"porcentaje":0.8543813257955685},{"rango":{"min":20,"max":29},"vacunados":9370,"personasINE":10967,"porcentaje":0.8875177978168012},{"rango":{"min":30,"max":39},"vacunados":9347,"personasINE":11894,"porcentaje":0.8875177978168012},{"rango":{"min":40,"max":49},"vacunados":11220,"personasINE":12642,"porcentaje":0.8875177978168012},{"rango":{"min":50,"max":59},"vacunados":10622,"personasINE":11556,"porcentaje":0.9191761855313257},{"rango":{"min":60,"max":69},"vacunados":7677,"personasINE":7857,"porcentaje":0.97709049255441},{"rango":{"min":70,"max":79},"vacunados":3901,"personasINE":4318,"porcentaje":0.9034275127373784},{"rango":{"min":80,"max":null},"vacunados":2406,"personasINE":2605,"porcentaje":0.9236084452975047}]},"pautaCompleta":{"etarioTotal":{"vacunados":60631,"personasINE":70965,"porcentaje":0.854378919185514},"etarioRangos":[{"rango":{"min":12,"max":19},"vacunados":7909,"personasINE":9126,"porcentaje":0.7846266070940093},{"rango":{"min":20,"max":29},"vacunados":8605,"personasINE":10967,"porcentaje":0.8672678373675051},{"rango":{"min":30,"max":39},"vacunados":8925,"personasINE":11894,"porcentaje":0.8672678373675051},{"rango":{"min":40,"max":49},"vacunados":10964,"personasINE":12642,"porcentaje":0.8672678373675051},{"rango":{"min":50,"max":59},"vacunados":10482,"personasINE":11556,"porcentaje":0.907061266874351},{"rango":{"min":60,"max":69},"vacunados":7531,"personasINE":7857,"porcentaje":0.9585083365152094},{"rango":{"min":70,"max":79},"vacunados":3845,"personasINE":4318,"porcentaje":0.8904585456229736},{"rango":{"min":80,"max":null},"vacunados":2370,"personasINE":2605,"porcentaje":0.9097888675623801}]}}},{"ccaa":"Melilla","dosisAdministradas":106915,"dosisEntregadas":141100,"dosisEntregadasModerna":23500,"dosisEntregadasPfizer":96750,"dosisEntregadasAstrazeneca":15100,"dosisEntregadasJanssen":5750,"dosisPrimeraDosis":58420,"dosisPautaCompletada":55993,"porcentajeEntregadas":0.7577250177179305,"porcentajePoblacionAdministradas":1.2278354540860856,"porcentajePoblacionPrimeraDosis":0.6709081721714365,"porcentajePoblacionCompletas":0.6430359685791722,"fechaUltRegistro":1637625600000,"etarios":{"unaDosis":{"etarioTotal":{"vacunados":58420,"personasINE":70927,"porcentaje":0.8236637669716751},"etarioRangos":[{"rango":{"min":12,"max":19},"vacunados":8201,"personasINE":9574,"porcentaje":0.7509795748228428},{"rango":{"min":20,"max":29},"vacunados":9008,"personasINE":11995,"porcentaje":0.8457757040493251},{"rango":{"min":30,"max":39},"vacunados":8762,"personasINE":12133,"porcentaje":0.8457757040493251},{"rango":{"min":40,"max":49},"vacunados":10151,"personasINE":12002,"porcentaje":0.8457757040493251},{"rango":{"min":50,"max":59},"vacunados":9743,"personasINE":11299,"porcentaje":0.8622886981148774},{"rango":{"min":60,"max":69},"vacunados":7203,"personasINE":7827,"porcentaje":0.9202759678037562},{"rango":{"min":70,"max":79},"vacunados":3332,"personasINE":3748,"porcentaje":0.8890074706510138},{"rango":{"min":80,"max":null},"vacunados":2020,"personasINE":2349,"porcentaje":0.8599404001702853}]},"pautaCompleta":{"etarioTotal":{"vacunados":55993,"personasINE":70927,"porcentaje":0.7894454862041254},"etarioRangos":[{"rango":{"min":12,"max":19},"vacunados":7604,"personasINE":9574,"porcentaje":0.6878699458107544},{"rango":{"min":20,"max":29},"vacunados":8251,"personasINE":11995,"porcentaje":0.8260289951674721},{"rango":{"min":30,"max":39},"vacunados":8398,"personasINE":12133,"porcentaje":0.8260289951674721},{"rango":{"min":40,"max":49},"vacunados":9914,"personasINE":12002,"porcentaje":0.8260289951674721},{"rango":{"min":50,"max":59},"vacunados":9538,"personasINE":11299,"porcentaje":0.8441454996017347},{"rango":{"min":60,"max":69},"vacunados":7054,"personasINE":7827,"porcentaje":0.9012392998594608},{"rango":{"min":70,"max":79},"vacunados":3262,"personasINE":3748,"porcentaje":0.8703308431163287},{"rango":{"min":80,"max":null},"vacunados":1972,"personasINE":2349,"porcentaje":0.8395061728395061}]}}},{"ccaa":"Fuerzas Armadas","dosisAdministradas":177584,"dosisEntregadas":212238,"dosisEntregadasModerna":58300,"dosisEntregadasPfizer":48138,"dosisEntregadasAstrazeneca":103800,"dosisEntregadasJanssen":2000,"dosisPrimeraDosis":95225,"dosisPautaCompletada":89056,"porcentajeEntregadas":0.8367210395876328,"porcentajePoblacionAdministradas":null,"porcentajePoblacionPrimeraDosis":null,"porcentajePoblacionCompletas":null,"fechaUltRegistro":1637712000000},{"ccaa":"Sanidad Exterior","dosisAdministradas":7651,"dosisEntregadas":9915,"dosisEntregadasModerna":5540,"dosisEntregadasPfizer":0,"dosisEntregadasAstrazeneca":0,"dosisEntregadasJanssen":4375,"dosisPrimeraDosis":5834,"dosisPautaCompletada":5570,"porcentajeEntregadas":0.7716591023701462,"porcentajePoblacionAdministradas":null,"porcentajePoblacionPrimeraDosis":null,"porcentajePoblacionCompletas":null,"fechaUltRegistro":1637798400000,"etarios":{"unaDosis":{"etarioTotal":{"vacunados":5834,"personasINE":"-","porcentaje":"-"},"etarioRangos":[{"rango":{"min":12,"max":19},"vacunados":181,"personasINE":null,"porcentaje":"-"},{"rango":{"min":20,"max":29},"vacunados":1415,"personasINE":null,"porcentaje":"-"},{"rango":{"min":30,"max":39},"vacunados":1718,"personasINE":null,"porcentaje":"-"},{"rango":{"min":40,"max":49},"vacunados":1451,"personasINE":null,"porcentaje":"-"},{"rango":{"min":50,"max":59},"vacunados":747,"personasINE":null,"porcentaje":"-"},{"rango":{"min":60,"max":69},"vacunados":250,"personasINE":null,"porcentaje":"-"},{"rango":{"min":70,"max":79},"vacunados":43,"personasINE":null,"porcentaje":"-"},{"rango":{"min":80,"max":null},"vacunados":29,"personasINE":null,"porcentaje":"-"}]},"pautaCompleta":{"etarioTotal":{"vacunados":5570,"personasINE":"-","porcentaje":"-"},"etarioRangos":[{"rango":{"min":12,"max":19},"vacunados":164,"personasINE":null,"porcentaje":"-"},{"rango":{"min":20,"max":29},"vacunados":1355,"personasINE":null,"porcentaje":"-"},{"rango":{"min":30,"max":39},"vacunados":1645,"personasINE":null,"porcentaje":"-"},{"rango":{"min":40,"max":49},"vacunados":1389,"personasINE":null,"porcentaje":"-"},{"rango":{"min":50,"max":59},"vacunados":718,"personasINE":null,"porcentaje":"-"},{"rango":{"min":60,"max":69},"vacunados":231,"personasINE":null,"porcentaje":"-"},{"rango":{"min":70,"max":79},"vacunados":41,"personasINE":null,"porcentaje":"-"},{"rango":{"min":80,"max":null},"vacunados":27,"personasINE":null,"porcentaje":"-"}]}}},{"ccaa":"Totales","dosisAdministradas":76026523,"dosisEntregadas":79571113,"dosisEntregadasModerna":10926970,"dosisEntregadasPfizer":57435483,"dosisEntregadasAstrazeneca":9053420,"dosisEntregadasJanssen":2155240,"dosisPrimeraDosis":38288327,"dosisPautaCompletada":37582174,"porcentajeEntregadas":0.9554538089721077,"porcentajePoblacionAdministradas":1.6196532381763955,"porcentajePoblacionPrimeraDosis":0.8156865573072006,"porcentajePoblacionCompletas":0.8006428206220707,"fechaUltRegistro":null,"etarios":{"unaDosis":{"etarioTotal":{"vacunados":38288327,"personasINE":42119827,"porcentaje":0.9090333395718838},"etarioRangos":[{"rango":{"min":12,"max":19},"vacunados":3386850,"personasINE":3888686.0000000005,"porcentaje":0.8195102171239969},{"rango":{"min":20,"max":29},"vacunados":4052183,"personasINE":4944640,"porcentaje":0.8885498845184526},{"rango":{"min":30,"max":39},"vacunados":4955734,"personasINE":6230403,"porcentaje":0.8885498845184526},{"rango":{"min":40,"max":49},"vacunados":7012202,"personasINE":7891737,"porcentaje":0.8885498845184526},{"rango":{"min":50,"max":59},"vacunados":6700828,"personasINE":7033306,"porcentaje":0.9527280627346514},{"rango":{"min":60,"max":69},"vacunados":5291031,"personasINE":5336986,"porcentaje":0.9913893347293772},{"rango":{"min":70,"max":79},"vacunados":3948448,"personasINE":3960045,"porcentaje":0.9970714979248974},{"rango":{"min":80,"max":null},"vacunados":2941051,"personasINE":2941051,"porcentaje":1}]},"pautaCompleta":{"etarioTotal":{"vacunados":37582174,"personasINE":42119827,"porcentaje":0.8922680048044832},"etarioRangos":[{"rango":{"min":12,"max":19},"vacunados":3273563,"personasINE":3888685.9999999995,"porcentaje":0.7880157099404608},{"rango":{"min":20,"max":29},"vacunados":3896454,"personasINE":4944640,"porcentaje":0.8749860772096181},{"rango":{"min":30,"max":39},"vacunados":4813876,"personasINE":6230403,"porcentaje":0.8749860772096181},{"rango":{"min":40,"max":49},"vacunados":6905160,"personasINE":7891737,"porcentaje":0.8749860772096181},{"rango":{"min":50,"max":59},"vacunados":6633707,"personasINE":7033306,"porcentaje":0.943184755504737},{"rango":{"min":60,"max":69},"vacunados":5225610,"personasINE":5336986,"porcentaje":0.9791312924560791},{"rango":{"min":70,"max":79},"vacunados":3924677,"personasINE":3960045,"porcentaje":0.9910687883597282},{"rango":{"min":80,"max":null},"vacunados":2909127,"personasINE":2909127,"porcentaje":1}]}}}]