[{"ccaa":"Andalucía","dosisAdministradas":5428656,"dosisEntregadas":5848100,"dosisEntregadasModerna":557000,"dosisEntregadasPfizer":3771000,"dosisEntregadasAstrazeneca":1293200,"dosisEntregadasJanssen":226900,"dosisPrimeraDosis":3549846,"dosisPautaCompletada":1949606,"porcentajeEntregadas":0.9282768762504061,"porcentajePoblacionAdministradas":0.6413507094586971,"porcentajePoblacionPrimeraDosis":0.4193848810035335,"porcentajePoblacionCompletas":0.2303297890426162,"fechaUltRegistro":1623110400000,"etarios":{"unaDosis":{"etarioTotal":{"vacunados":3549846,"personasINE":7062213,"porcentaje":0.5026534883612261},"etarioRangos":[{"rango":{"min":16,"max":17},"vacunados":591,"personasINE":181921,"porcentaje":0.06618880683107346},{"rango":{"min":18,"max":24},"vacunados":41424,"personasINE":625846,"porcentaje":0.1207055243996215},{"rango":{"min":25,"max":39},"vacunados":196058,"personasINE":1624267,"porcentaje":0.25436751054425843},{"rango":{"min":40,"max":49},"vacunados":352328,"personasINE":1385114,"porcentaje":0.25436751054425843},{"rango":{"min":50,"max":59},"vacunados":1045657,"personasINE":1265021,"porcentaje":0.8265926020200455},{"rango":{"min":60,"max":69},"vacunados":842243,"personasINE":916147,"porcentaje":0.919331722965856},{"rango":{"min":70,"max":79},"vacunados":641226,"personasINE":650381,"porcentaje":0.9859236355305583},{"rango":{"min":80,"max":null},"vacunados":430319,"personasINE":430319,"porcentaje":1}]},"pautaCompleta":{"etarioTotal":{"vacunados":1949606,"personasINE":7062213,"porcentaje":0.27606162544233653},"etarioRangos":[{"rango":{"min":16,"max":17},"vacunados":447,"personasINE":181921,"porcentaje":0.03660165599844051},{"rango":{"min":18,"max":24},"vacunados":22907,"personasINE":625846,"porcentaje":0.08888255440761894},{"rango":{"min":25,"max":39},"vacunados":144369,"personasINE":1624267,"porcentaje":0.11077066580801291},{"rango":{"min":40,"max":49},"vacunados":153430,"personasINE":1385114,"porcentaje":0.11077066580801291},{"rango":{"min":50,"max":59},"vacunados":376294,"personasINE":1265021,"porcentaje":0.29746067456587677},{"rango":{"min":60,"max":69},"vacunados":206673,"personasINE":916147,"porcentaje":0.22558934319492396},{"rango":{"min":70,"max":79},"vacunados":624083,"personasINE":650381,"porcentaje":0.959565239451952},{"rango":{"min":80,"max":null},"vacunados":421403,"personasINE":421403,"porcentaje":1}]}}},{"ccaa":"Aragón","dosisAdministradas":944699,"dosisEntregadas":1042715,"dosisEntregadasModerna":101700,"dosisEntregadasPfizer":702315,"dosisEntregadasAstrazeneca":203200,"dosisEntregadasJanssen":35500,"dosisPrimeraDosis":623426,"dosisPautaCompletada":354647,"porcentajeEntregadas":0.9059992423624864,"porcentajePoblacionAdministradas":0.7106253916266922,"porcentajePoblacionPrimeraDosis":0.46895608590700555,"porcentajePoblacionCompletas":0.2667740341254003,"fechaUltRegistro":1623110400000,"etarios":{"unaDosis":{"etarioTotal":{"vacunados":623426,"personasINE":1132764,"porcentaje":0.5503582387858371},"etarioRangos":[{"rango":{"min":16,"max":17},"vacunados":75,"personasINE":25106,"porcentaje":0.0869365328549002},{"rango":{"min":18,"max":24},"vacunados":7753,"personasINE":89180,"porcentaje":0.1490698278099853},{"rango":{"min":25,"max":39},"vacunados":34456,"personasINE":231140,"porcentaje":0.2579986321955123},{"rango":{"min":40,"max":49},"vacunados":55455,"personasINE":214943.00000000003,"porcentaje":0.2579986321955123},{"rango":{"min":50,"max":59},"vacunados":160360,"personasINE":198266,"porcentaje":0.8088124035386803},{"rango":{"min":60,"max":69},"vacunados":147423,"personasINE":156367,"porcentaje":0.9428012304386475},{"rango":{"min":70,"max":79},"vacunados":117398,"personasINE":118955,"porcentaje":0.9869110167710479},{"rango":{"min":80,"max":null},"vacunados":100506,"personasINE":100506,"porcentaje":1}]},"pautaCompleta":{"etarioTotal":{"vacunados":354647,"personasINE":1132764,"porcentaje":0.3130811007411959},"etarioRangos":[{"rango":{"min":16,"max":17},"vacunados":49,"personasINE":25106,"porcentaje":0.059991029378784484},{"rango":{"min":18,"max":24},"vacunados":5350,"personasINE":89180,"porcentaje":0.08526434195725534},{"rango":{"min":25,"max":39},"vacunados":19708,"personasINE":231140,"porcentaje":0.11506306323071698},{"rango":{"min":40,"max":49},"vacunados":24732,"personasINE":214943,"porcentaje":0.11506306323071698},{"rango":{"min":50,"max":59},"vacunados":46472,"personasINE":198266,"porcentaje":0.23439218020235442},{"rango":{"min":60,"max":69},"vacunados":45904,"personasINE":156367,"porcentaje":0.29356577794547445},{"rango":{"min":70,"max":79},"vacunados":114017,"personasINE":118955,"porcentaje":0.9584885040561557},{"rango":{"min":80,"max":null},"vacunados":98415,"personasINE":98807,"porcentaje":0.996032669750119}]}}},{"ccaa":"Asturias","dosisAdministradas":859689,"dosisEntregadas":893345,"dosisEntregadasModerna":86800,"dosisEntregadasPfizer":623345,"dosisEntregadasAstrazeneca":155800,"dosisEntregadasJanssen":27400,"dosisPrimeraDosis":545187,"dosisPautaCompletada":335659,"porcentajeEntregadas":0.9623258651472836,"porcentajePoblacionAdministradas":0.8438383406099821,"porcentajePoblacionPrimeraDosis":0.535135023714546,"porcentajePoblacionCompletas":0.3294702311775607,"fechaUltRegistro":1623110400000,"etarios":{"unaDosis":{"etarioTotal":{"vacunados":545187,"personasINE":901209,"porcentaje":0.6049506829159496},"etarioRangos":[{"rango":{"min":16,"max":17},"vacunados":57,"personasINE":15563,"porcentaje":0.0875062293508555},{"rango":{"min":18,"max":24},"vacunados":4741,"personasINE":54179,"porcentaje":0.13605885159443462},{"rango":{"min":25,"max":39},"vacunados":21103,"personasINE":155102,"porcentaje":0.2562502619870294},{"rango":{"min":40,"max":49},"vacunados":42792,"personasINE":166993,"porcentaje":0.2562502619870294},{"rango":{"min":50,"max":59},"vacunados":135492,"personasINE":162645,"porcentaje":0.8330535829567463},{"rango":{"min":60,"max":69},"vacunados":139860,"personasINE":149652,"porcentaje":0.9345681982198701},{"rango":{"min":70,"max":79},"vacunados":112910,"personasINE":112910,"porcentaje":1},{"rango":{"min":80,"max":null},"vacunados":88232,"personasINE":88232,"porcentaje":1}]},"pautaCompleta":{"etarioTotal":{"vacunados":335659,"personasINE":901209,"porcentaje":0.3724541144174104},"etarioRangos":[{"rango":{"min":16,"max":17},"vacunados":41,"personasINE":15563,"porcentaje":0.08052935639269827},{"rango":{"min":18,"max":24},"vacunados":4363,"personasINE":54179,"porcentaje":0.1217005583422522},{"rango":{"min":25,"max":39},"vacunados":18876,"personasINE":155102,"porcentaje":0.13962261891216998},{"rango":{"min":40,"max":49},"vacunados":23316,"personasINE":166993,"porcentaje":0.13962261891216998},{"rango":{"min":50,"max":59},"vacunados":60320,"personasINE":162645,"porcentaje":0.3708690706753973},{"rango":{"min":60,"max":69},"vacunados":32473,"personasINE":149652,"porcentaje":0.21699008366075964},{"rango":{"min":70,"max":79},"vacunados":109557,"personasINE":109557,"porcentaje":1},{"rango":{"min":80,"max":null},"vacunados":86713,"personasINE":87826,"porcentaje":0.9873272151754605}]}}},{"ccaa":"Baleares","dosisAdministradas":647150,"dosisEntregadas":760360,"dosisEntregadasModerna":70000,"dosisEntregadasPfizer":480060,"dosisEntregadasAstrazeneca":178900,"dosisEntregadasJanssen":31400,"dosisPrimeraDosis":450073,"dosisPautaCompletada":215815,"porcentajeEntregadas":0.8511100005260666,"porcentajePoblacionAdministradas":0.5523911627656859,"porcentajePoblacionPrimeraDosis":0.3841711315760497,"porcentajePoblacionCompletas":0.1842143224789871,"fechaUltRegistro":1623110400000,"etarios":{"unaDosis":{"etarioTotal":{"vacunados":450073,"personasINE":986279,"porcentaje":0.4563343638057791},"etarioRangos":[{"rango":{"min":16,"max":17},"vacunados":45,"personasINE":23300,"porcentaje":0.054019734619462016},{"rango":{"min":18,"max":24},"vacunados":4637,"personasINE":85839,"porcentaje":0.10702181617949294},{"rango":{"min":25,"max":39},"vacunados":27599,"personasINE":257882.00000000003,"porcentaje":0.3252769532235221},{"rango":{"min":40,"max":49},"vacunados":67063,"personasINE":206172,"porcentaje":0.3252769532235221},{"rango":{"min":50,"max":59},"vacunados":125143,"personasINE":165797,"porcentaje":0.754796528284589},{"rango":{"min":60,"max":69},"vacunados":98248,"personasINE":117231,"porcentaje":0.8380718410659297},{"rango":{"min":70,"max":79},"vacunados":76796,"personasINE":80516,"porcentaje":0.9537980028814149},{"rango":{"min":80,"max":null},"vacunados":50542,"personasINE":50542,"porcentaje":1}]},"pautaCompleta":{"etarioTotal":{"vacunados":215815,"personasINE":986279,"porcentaje":0.21881739345560436},"etarioRangos":[{"rango":{"min":16,"max":17},"vacunados":39,"personasINE":23300,"porcentaje":0.029799974370624076},{"rango":{"min":18,"max":24},"vacunados":2558,"personasINE":85839,"porcentaje":0.06958608976198416},{"rango":{"min":25,"max":39},"vacunados":17945,"personasINE":257882,"porcentaje":0.08703897716469744},{"rango":{"min":40,"max":49},"vacunados":17945,"personasINE":206172,"porcentaje":0.08703897716469744},{"rango":{"min":50,"max":59},"vacunados":42816,"personasINE":165797,"porcentaje":0.25824351465949325},{"rango":{"min":60,"max":69},"vacunados":10688,"personasINE":117231.00000000001,"porcentaje":0.09117042420520169},{"rango":{"min":70,"max":79},"vacunados":74392,"personasINE":80516,"porcentaje":0.9239405832381141},{"rango":{"min":80,"max":null},"vacunados":49432,"personasINE":49542,"porcentaje":0.9977796617011828}]}}},{"ccaa":"Canarias","dosisAdministradas":1255776,"dosisEntregadas":1455030,"dosisEntregadasModerna":118900,"dosisEntregadasPfizer":945330,"dosisEntregadasAstrazeneca":332500,"dosisEntregadasJanssen":58300,"dosisPrimeraDosis":871501,"dosisPautaCompletada":443970,"porcentajeEntregadas":0.8630584936393064,"porcentajePoblacionAdministradas":0.577115671669228,"porcentajePoblacionPrimeraDosis":0.4005148091502018,"porcentajePoblacionCompletas":0.2040348316506982,"fechaUltRegistro":1623110400000,"etarios":{"unaDosis":{"etarioTotal":{"vacunados":871501,"personasINE":1871033,"porcentaje":0.46578601232581146},"etarioRangos":[{"rango":{"min":16,"max":17},"vacunados":98,"personasINE":44352,"porcentaje":0.052202881042593303},{"rango":{"min":18,"max":24},"vacunados":8556,"personasINE":163899,"porcentaje":0.1158706553847469},{"rango":{"min":25,"max":39},"vacunados":51503,"personasINE":444487,"porcentaje":0.3045648116641404},{"rango":{"min":40,"max":49},"vacunados":118148,"personasINE":387924,"porcentaje":0.3045648116641404},{"rango":{"min":50,"max":59},"vacunados":251030,"personasINE":350512,"porcentaje":0.716180901081846},{"rango":{"min":60,"max":69},"vacunados":204893,"personasINE":235092,"porcentaje":0.8715439062154391},{"rango":{"min":70,"max":79},"vacunados":146314,"personasINE":154531,"porcentaje":0.9468262031566482},{"rango":{"min":80,"max":null},"vacunados":90959,"personasINE":90959,"porcentaje":1}]},"pautaCompleta":{"etarioTotal":{"vacunados":443970,"personasINE":1871033,"porcentaje":0.2372860339716082},"etarioRangos":[{"rango":{"min":16,"max":17},"vacunados":64,"personasINE":44352,"porcentaje":0.028261307268500725},{"rango":{"min":18,"max":24},"vacunados":4632,"personasINE":163899,"porcentaje":0.06328419053875592},{"rango":{"min":25,"max":39},"vacunados":28129,"personasINE":444486.99999999994,"porcentaje":0.10345840937915675},{"rango":{"min":40,"max":49},"vacunados":40134,"personasINE":387924,"porcentaje":0.10345840937915675},{"rango":{"min":50,"max":59},"vacunados":105048,"personasINE":350512,"porcentaje":0.299698726434473},{"rango":{"min":60,"max":69},"vacunados":38817,"personasINE":235091.99999999997,"porcentaje":0.1651140829972947},{"rango":{"min":70,"max":79},"vacunados":139422,"personasINE":154531,"porcentaje":0.9022267376772298},{"rango":{"min":80,"max":null},"vacunados":87724,"personasINE":90236,"porcentaje":0.9721618866084489}]}}},{"ccaa":"Cantabria","dosisAdministradas":409703,"dosisEntregadas":461005,"dosisEntregadasModerna":44500,"dosisEntregadasPfizer":311955,"dosisEntregadasAstrazeneca":89000,"dosisEntregadasJanssen":15550,"dosisPrimeraDosis":270784,"dosisPautaCompletada":148182,"porcentajeEntregadas":0.8887170421145106,"porcentajePoblacionAdministradas":0.7028641030699685,"porcentajePoblacionPrimeraDosis":0.4645422495947024,"porcentajePoblacionCompletas":0.2542129506523361,"fechaUltRegistro":1623110400000,"etarios":{"unaDosis":{"etarioTotal":{"vacunados":270784,"personasINE":501384,"porcentaje":0.5400730777208687},"etarioRangos":[{"rango":{"min":16,"max":17},"vacunados":13,"personasINE":10791,"porcentaje":0.053585229712322886},{"rango":{"min":18,"max":24},"vacunados":1872,"personasINE":34935,"porcentaje":0.13272244796417612},{"rango":{"min":25,"max":39},"vacunados":12804,"personasINE":96472.00000000001,"porcentaje":0.20659922879440312},{"rango":{"min":40,"max":49},"vacunados":20199,"personasINE":97769,"porcentaje":0.20659922879440312},{"rango":{"min":50,"max":59},"vacunados":66166,"personasINE":89964,"porcentaje":0.7354719665644035},{"rango":{"min":60,"max":69},"vacunados":72260,"personasINE":77345,"porcentaje":0.9342556079901739},{"rango":{"min":70,"max":79},"vacunados":55404,"personasINE":55404,"porcentaje":1},{"rango":{"min":80,"max":null},"vacunados":42066,"personasINE":42066,"porcentaje":1}]},"pautaCompleta":{"etarioTotal":{"vacunados":148182,"personasINE":501384,"porcentaje":0.2955459288688909},"etarioRangos":[{"rango":{"min":16,"max":17},"vacunados":7,"personasINE":10791,"porcentaje":0.02387290682696436},{"rango":{"min":18,"max":24},"vacunados":834,"personasINE":34935,"porcentaje":0.07473671117008043},{"rango":{"min":25,"max":39},"vacunados":7210,"personasINE":96472,"porcentaje":0.09279014820648672},{"rango":{"min":40,"max":49},"vacunados":9072,"personasINE":97769,"porcentaje":0.09279014820648672},{"rango":{"min":50,"max":59},"vacunados":14617,"personasINE":89964,"porcentaje":0.1624761015517318},{"rango":{"min":60,"max":69},"vacunados":20532,"personasINE":77345.00000000001,"porcentaje":0.26545995216238927},{"rango":{"min":70,"max":79},"vacunados":54448,"personasINE":54448,"porcentaje":1},{"rango":{"min":80,"max":null},"vacunados":41462,"personasINE":41462,"porcentaje":1}]}}},{"ccaa":"Castilla y Leon","dosisAdministradas":1853425,"dosisEntregadas":2102595,"dosisEntregadasModerna":211400,"dosisEntregadasPfizer":1461045,"dosisEntregadasAstrazeneca":365900,"dosisEntregadasJanssen":64250,"dosisPrimeraDosis":1163690,"dosisPautaCompletada":739120,"porcentajeEntregadas":0.8814940585324326,"porcentajePoblacionAdministradas":0.7738991481127955,"porcentajePoblacionPrimeraDosis":0.485899726003145,"porcentajePoblacionCompletas":0.3086201698763799,"fechaUltRegistro":1623110400000,"etarios":{"unaDosis":{"etarioTotal":{"vacunados":1163690,"personasINE":2092873,"porcentaje":0.5560251386491202},"etarioRangos":[{"rango":{"min":16,"max":17},"vacunados":126,"personasINE":40684,"porcentaje":0.06631953580479429},{"rango":{"min":18,"max":24},"vacunados":9578,"personasINE":144422,"porcentaje":0.12960374821972873},{"rango":{"min":25,"max":39},"vacunados":48685,"personasINE":375645,"porcentaje":0.15504328319180855},{"rango":{"min":40,"max":49},"vacunados":56328,"personasINE":363305,"porcentaje":0.15504328319180855},{"rango":{"min":50,"max":59},"vacunados":268170,"personasINE":381175,"porcentaje":0.703535121663278},{"rango":{"min":60,"max":69},"vacunados":304783,"personasINE":318575,"porcentaje":0.9567072118025582},{"rango":{"min":70,"max":79},"vacunados":247870,"personasINE":247870,"porcentaje":1},{"rango":{"min":80,"max":null},"vacunados":228150,"personasINE":228150,"porcentaje":1}]},"pautaCompleta":{"etarioTotal":{"vacunados":739120,"personasINE":2092873,"porcentaje":0.35316046410842894},"etarioRangos":[{"rango":{"min":16,"max":17},"vacunados":113,"personasINE":40684,"porcentaje":0.044640013294373435},{"rango":{"min":18,"max":24},"vacunados":6447,"personasINE":144422,"porcentaje":0.09199110862649576},{"rango":{"min":25,"max":39},"vacunados":34556,"personasINE":375645,"porcentaje":0.10754875380190199},{"rango":{"min":40,"max":49},"vacunados":39073,"personasINE":363305,"porcentaje":0.10754875380190199},{"rango":{"min":50,"max":59},"vacunados":78577,"personasINE":381175,"porcentaje":0.20614415950678822},{"rango":{"min":60,"max":69},"vacunados":111628,"personasINE":318575,"porcentaje":0.35039786549478147},{"rango":{"min":70,"max":79},"vacunados":244016,"personasINE":245410,"porcentaje":0.9943197098732733},{"rango":{"min":80,"max":null},"vacunados":224710,"personasINE":224710,"porcentaje":1}]}}},{"ccaa":"Castilla La Mancha","dosisAdministradas":1340668,"dosisEntregadas":1519070,"dosisEntregadasModerna":147700,"dosisEntregadasPfizer":1004895,"dosisEntregadasAstrazeneca":311600,"dosisEntregadasJanssen":54875,"dosisPrimeraDosis":895647,"dosisPautaCompletada":486220,"porcentajeEntregadas":0.8825584074466615,"porcentajePoblacionAdministradas":0.6555125338533098,"porcentajePoblacionPrimeraDosis":0.4379218676123509,"porcentajePoblacionCompletas":0.23773469957525373,"fechaUltRegistro":1623110400000},{"ccaa":"Cataluña","dosisAdministradas":4834096,"dosisEntregadas":5571260,"dosisEntregadasModerna":538200,"dosisEntregadasPfizer":3635810,"dosisEntregadasAstrazeneca":1188700,"dosisEntregadasJanssen":208550,"dosisPrimeraDosis":3116755,"dosisPautaCompletada":1771231,"porcentajeEntregadas":0.8676845094287469,"porcentajePoblacionAdministradas":0.6213108473141563,"porcentajePoblacionPrimeraDosis":0.4005865191590389,"porcentajePoblacionCompletas":0.2276506369337929,"fechaUltRegistro":1623110400000,"etarios":{"unaDosis":{"etarioTotal":{"vacunados":3116755,"personasINE":6531658,"porcentaje":0.4771766984738025},"etarioRangos":[{"rango":{"min":16,"max":17},"vacunados":976,"personasINE":159864,"porcentaje":0.09204121398629556},{"rango":{"min":18,"max":24},"vacunados":51204,"personasINE":556316,"porcentaje":0.12405581923381383},{"rango":{"min":25,"max":39},"vacunados":184455,"personasINE":1486871,"porcentaje":0.20743038758159263},{"rango":{"min":40,"max":49},"vacunados":273135,"personasINE":1316755,"porcentaje":0.20743038758159263},{"rango":{"min":50,"max":59},"vacunados":831580,"personasINE":1091780,"porcentaje":0.7616735972448662},{"rango":{"min":60,"max":69},"vacunados":715026,"personasINE":837584,"porcentaje":0.8536767655542609},{"rango":{"min":70,"max":79},"vacunados":606378,"personasINE":635292,"porcentaje":0.9544870705124573},{"rango":{"min":80,"max":null},"vacunados":454001,"personasINE":454001,"porcentaje":1}]},"pautaCompleta":{"etarioTotal":{"vacunados":1771231,"personasINE":6531658,"porcentaje":0.27117632307141615},"etarioRangos":[{"rango":{"min":16,"max":17},"vacunados":523,"personasINE":159864,"porcentaje":0.06076762127999195},{"rango":{"min":18,"max":24},"vacunados":33806,"personasINE":556316,"porcentaje":0.09181832183155096},{"rango":{"min":25,"max":39},"vacunados":136522,"personasINE":1486871,"porcentaje":0.10930203416732802},{"rango":{"min":40,"max":49},"vacunados":143924,"personasINE":1316755,"porcentaje":0.10930203416732802},{"rango":{"min":50,"max":59},"vacunados":341256,"personasINE":1091780,"porcentaje":0.312568466174504},{"rango":{"min":60,"max":69},"vacunados":86653,"personasINE":837584,"porcentaje":0.10345589218514203},{"rango":{"min":70,"max":79},"vacunados":584328,"personasINE":635292,"porcentaje":0.9197786214842938},{"rango":{"min":80,"max":null},"vacunados":444219,"personasINE":447196,"porcentaje":0.9933429637116611}]}}},{"ccaa":"C. Valenciana","dosisAdministradas":3097164,"dosisEntregadas":3539890,"dosisEntregadasModerna":338300,"dosisEntregadasPfizer":2293390,"dosisEntregadasAstrazeneca":772600,"dosisEntregadasJanssen":135600,"dosisPrimeraDosis":2052724,"dosisPautaCompletada":1141901,"porcentajeEntregadas":0.8749322719067542,"porcentajePoblacionAdministradas":0.612408111516044,"porcentajePoblacionPrimeraDosis":0.405889009527316,"porcentajePoblacionCompletas":0.22579025035428613,"fechaUltRegistro":1623110400000,"etarios":{"unaDosis":{"etarioTotal":{"vacunados":2052724,"personasINE":4269305,"porcentaje":0.48080987420669175},"etarioRangos":[{"rango":{"min":16,"max":17},"vacunados":213,"personasINE":103049,"porcentaje":0.062315423116819806},{"rango":{"min":18,"max":24},"vacunados":21987,"personasINE":352834,"porcentaje":0.11933673017424941},{"rango":{"min":25,"max":39},"vacunados":109119,"personasINE":914379,"porcentaje":0.14631136183224752},{"rango":{"min":40,"max":49},"vacunados":124597,"personasINE":851588,"porcentaje":0.14631136183224752},{"rango":{"min":50,"max":59},"vacunados":550303,"personasINE":752334,"porcentaje":0.7314610266184965},{"rango":{"min":60,"max":69},"vacunados":525743,"personasINE":580728,"porcentaje":0.9053171192021049},{"rango":{"min":70,"max":79},"vacunados":426792,"personasINE":437862,"porcentaje":0.974718061855105},{"rango":{"min":80,"max":null},"vacunados":293970,"personasINE":293970,"porcentaje":1}]},"pautaCompleta":{"etarioTotal":{"vacunados":1141901,"personasINE":4269305,"porcentaje":0.2674676557425623},"etarioRangos":[{"rango":{"min":16,"max":17},"vacunados":151,"personasINE":103049,"porcentaje":0.022208744055278118},{"rango":{"min":18,"max":24},"vacunados":7836,"personasINE":352834,"porcentaje":0.052904758311378544},{"rango":{"min":25,"max":39},"vacunados":48375,"personasINE":914379,"porcentaje":0.06204643560031377},{"rango":{"min":40,"max":49},"vacunados":52838,"personasINE":851588,"porcentaje":0.06204643560031377},{"rango":{"min":50,"max":59},"vacunados":147790,"personasINE":752334,"porcentaje":0.19644200581124874},{"rango":{"min":60,"max":69},"vacunados":186838,"personasINE":580728,"porcentaje":0.32173065531539724},{"rango":{"min":70,"max":79},"vacunados":409773,"personasINE":437862,"porcentaje":0.935849651259986},{"rango":{"min":80,"max":null},"vacunados":288300,"personasINE":288300,"porcentaje":1}]}}},{"ccaa":"Extremadura","dosisAdministradas":773163,"dosisEntregadas":839615,"dosisEntregadasModerna":80500,"dosisEntregadasPfizer":568115,"dosisEntregadasAstrazeneca":162500,"dosisEntregadasJanssen":28500,"dosisPrimeraDosis":505415,"dosisPautaCompletada":294667,"porcentajeEntregadas":0.9208542010326162,"porcentajePoblacionAdministradas":0.7266658333231515,"porcentajePoblacionPrimeraDosis":0.47501990155894763,"porcentajePoblacionCompletas":0.2769460529123006,"fechaUltRegistro":1623110400000,"etarios":{"unaDosis":{"etarioTotal":{"vacunados":505415,"personasINE":911213,"porcentaje":0.5546617530698091},"etarioRangos":[{"rango":{"min":16,"max":17},"vacunados":76,"personasINE":20953,"porcentaje":0.039204605193985914},{"rango":{"min":18,"max":24},"vacunados":2983,"personasINE":76088,"porcentaje":0.12346841130827318},{"rango":{"min":25,"max":39},"vacunados":23741,"personasINE":192284,"porcentaje":0.22015875205336877},{"rango":{"min":40,"max":49},"vacunados":35114,"personasINE":159494,"porcentaje":0.22015875205336877},{"rango":{"min":50,"max":59},"vacunados":142439,"personasINE":169216,"porcentaje":0.8417584625567323},{"rango":{"min":60,"max":69},"vacunados":127978,"personasINE":127978,"porcentaje":1},{"rango":{"min":70,"max":79},"vacunados":95147,"personasINE":95147,"porcentaje":1},{"rango":{"min":80,"max":null},"vacunados":77937,"personasINE":77937,"porcentaje":1}]},"pautaCompleta":{"etarioTotal":{"vacunados":294667,"personasINE":911213,"porcentaje":0.3233788367813014},"etarioRangos":[{"rango":{"min":16,"max":17},"vacunados":65,"personasINE":20953,"porcentaje":0.020620860056776363},{"rango":{"min":18,"max":24},"vacunados":1569,"personasINE":76088,"porcentaje":0.07078072018472675},{"rango":{"min":25,"max":39},"vacunados":13610,"personasINE":192284,"porcentaje":0.0914893350220071},{"rango":{"min":40,"max":49},"vacunados":14592,"personasINE":159494,"porcentaje":0.0914893350220071},{"rango":{"min":50,"max":59},"vacunados":47493,"personasINE":169216,"porcentaje":0.28066494894099847},{"rango":{"min":60,"max":69},"vacunados":50535,"personasINE":125297,"porcentaje":0.4033217076226885},{"rango":{"min":70,"max":79},"vacunados":90336,"personasINE":91876,"porcentaje":0.9832382776786103},{"rango":{"min":80,"max":null},"vacunados":76467,"personasINE":76467,"porcentaje":1}]}}},{"ccaa":"Galicia","dosisAdministradas":2127589,"dosisEntregadas":2256005,"dosisEntregadasModerna":217800,"dosisEntregadasPfizer":1552705,"dosisEntregadasAstrazeneca":412900,"dosisEntregadasJanssen":72600,"dosisPrimeraDosis":1348680,"dosisPautaCompletada":858164,"porcentajeEntregadas":0.943078140341001,"porcentajePoblacionAdministradas":0.7874654075643113,"porcentajePoblacionPrimeraDosis":0.49917481518932244,"porcentajePoblacionCompletas":0.31762453369378185,"fechaUltRegistro":1623110400000,"etarios":{"unaDosis":{"etarioTotal":{"vacunados":1348680,"personasINE":2362643,"porcentaje":0.5708352891232403},"etarioRangos":[{"rango":{"min":16,"max":17},"vacunados":45,"personasINE":44014.00000000001,"porcentaje":0.04480670398376379},{"rango":{"min":18,"max":24},"vacunados":6844,"personasINE":152745,"porcentaje":0.11121554657759493},{"rango":{"min":25,"max":39},"vacunados":49578,"personasINE":445783,"porcentaje":0.14650704727438457},{"rango":{"min":40,"max":49},"vacunados":64935,"personasINE":443220.99999999994,"porcentaje":0.14650704727438457},{"rango":{"min":50,"max":59},"vacunados":368890,"personasINE":405889,"porcentaje":0.9088445363141154},{"rango":{"min":60,"max":69},"vacunados":331496,"personasINE":346927,"porcentaje":0.9555209020917945},{"rango":{"min":70,"max":79},"vacunados":286768,"personasINE":289762,"porcentaje":0.9896673821964233},{"rango":{"min":80,"max":null},"vacunados":240124,"personasINE":240124,"porcentaje":1}]},"pautaCompleta":{"etarioTotal":{"vacunados":858164,"personasINE":2362643,"porcentaje":0.36322203566091027},"etarioRangos":[{"rango":{"min":16,"max":17},"vacunados":41,"personasINE":44014,"porcentaje":0.020452387966872893},{"rango":{"min":18,"max":24},"vacunados":3124,"personasINE":152745,"porcentaje":0.0643945596848691},{"rango":{"min":25,"max":39},"vacunados":28706,"personasINE":445783,"porcentaje":0.08211479149228038},{"rango":{"min":40,"max":49},"vacunados":36395,"personasINE":443221,"porcentaje":0.08211479149228038},{"rango":{"min":50,"max":59},"vacunados":161005,"personasINE":405889,"porcentaje":0.3966724892766249},{"rango":{"min":60,"max":69},"vacunados":110240,"personasINE":346927,"porcentaje":0.31776137343014527},{"rango":{"min":70,"max":79},"vacunados":281073,"personasINE":289762,"porcentaje":0.9700133212774622},{"rango":{"min":80,"max":null},"vacunados":237580,"personasINE":237580,"porcentaje":1}]}}},{"ccaa":"La Rioja","dosisAdministradas":220171,"dosisEntregadas":247105,"dosisEntregadasModerna":23700,"dosisEntregadasPfizer":166205,"dosisEntregadasAstrazeneca":48700,"dosisEntregadasJanssen":8500,"dosisPrimeraDosis":144233,"dosisPautaCompletada":84463,"porcentajeEntregadas":0.891001800853888,"porcentajePoblacionAdministradas":0.688219333945998,"porcentajePoblacionPrimeraDosis":0.45084929074688823,"porcentajePoblacionCompletas":0.26401782979175653,"fechaUltRegistro":1623024000000,"etarios":{"unaDosis":{"etarioTotal":{"vacunados":144233,"personasINE":270788,"porcentaje":0.5326417714226628},"etarioRangos":[{"rango":{"min":16,"max":17},"vacunados":10,"personasINE":6286,"porcentaje":0.07468115257439774},{"rango":{"min":18,"max":24},"vacunados":1581,"personasINE":21170,"porcentaje":0.13963527281374039},{"rango":{"min":25,"max":39},"vacunados":7634,"personasINE":54670.99999999999,"porcentaje":0.1483559030728842},{"rango":{"min":40,"max":49},"vacunados":7855,"personasINE":52947,"porcentaje":0.1483559030728842},{"rango":{"min":50,"max":59},"vacunados":38878,"personasINE":47664,"porcentaje":0.8156680093991272},{"rango":{"min":60,"max":69},"vacunados":36586,"personasINE":37718,"porcentaje":0.9699878042314014},{"rango":{"min":70,"max":79},"vacunados":28409,"personasINE":28409,"porcentaje":1},{"rango":{"min":80,"max":null},"vacunados":23280,"personasINE":23280,"porcentaje":1}]},"pautaCompleta":{"etarioTotal":{"vacunados":84463,"personasINE":270788,"porcentaje":0.3119155944872003},"etarioRangos":[{"rango":{"min":16,"max":17},"vacunados":10,"personasINE":6286,"porcentaje":0.030136986301369864},{"rango":{"min":18,"max":24},"vacunados":638,"personasINE":21170,"porcentaje":0.05898922646375592},{"rango":{"min":25,"max":39},"vacunados":3225,"personasINE":54671,"porcentaje":0.06684042533099137},{"rango":{"min":40,"max":49},"vacunados":3539,"personasINE":52947,"porcentaje":0.06684042533099137},{"rango":{"min":50,"max":59},"vacunados":9945,"personasINE":47664,"porcentaje":0.20864803625377643},{"rango":{"min":60,"max":69},"vacunados":16135,"personasINE":37718,"porcentaje":0.4277798398642558},{"rango":{"min":70,"max":79},"vacunados":28014,"personasINE":28125,"porcentaje":0.9960533333333333},{"rango":{"min":80,"max":null},"vacunados":22957,"personasINE":22957,"porcentaje":1}]}}},{"ccaa":"Madrid","dosisAdministradas":4110905,"dosisEntregadas":4708415,"dosisEntregadasModerna":452200,"dosisEntregadasPfizer":3038415,"dosisEntregadasAstrazeneca":1036100,"dosisEntregadasJanssen":181700,"dosisPrimeraDosis":2728135,"dosisPautaCompletada":1545795,"porcentajeEntregadas":0.8730974223809923,"porcentajePoblacionAdministradas":0.6063381872974892,"porcentajePoblacionPrimeraDosis":0.40238644060196865,"porcentajePoblacionCompletas":0.22799712915611586,"fechaUltRegistro":1623110400000,"etarios":{"unaDosis":{"etarioTotal":{"vacunados":2728135,"personasINE":5695623,"porcentaje":0.47898798779343366},"etarioRangos":[{"rango":{"min":16,"max":17},"vacunados":484,"personasINE":135861,"porcentaje":0.07439610102644065},{"rango":{"min":18,"max":24},"vacunados":35689,"personasINE":479716,"porcentaje":0.1352393516381924},{"rango":{"min":25,"max":39},"vacunados":182271,"personasINE":1347766,"porcentaje":0.14175395442939834},{"rango":{"min":40,"max":49},"vacunados":165281,"personasINE":1165971,"porcentaje":0.14175395442939834},{"rango":{"min":50,"max":59},"vacunados":798098,"personasINE":972783,"porcentaje":0.820427577373371},{"rango":{"min":60,"max":69},"vacunados":673659,"personasINE":703323,"porcentaje":0.9578230770215107},{"rango":{"min":70,"max":79},"vacunados":502624,"personasINE":526081,"porcentaje":0.9554118092080878},{"rango":{"min":80,"max":null},"vacunados":370029,"personasINE":370029,"porcentaje":1}]},"pautaCompleta":{"etarioTotal":{"vacunados":1545795,"personasINE":5695623,"porcentaje":0.2714005122881202},"etarioRangos":[{"rango":{"min":16,"max":17},"vacunados":345,"personasINE":135861,"porcentaje":0.04626695795012049},{"rango":{"min":18,"max":24},"vacunados":22195,"personasINE":479716,"porcentaje":0.0861737126474477},{"rango":{"min":25,"max":39},"vacunados":116142,"personasINE":1347766,"porcentaje":0.09008628859551396},{"rango":{"min":40,"max":49},"vacunados":105038,"personasINE":1165971,"porcentaje":0.09008628859551396},{"rango":{"min":50,"max":59},"vacunados":295795,"personasINE":972783,"porcentaje":0.3040708976205382},{"rango":{"min":60,"max":69},"vacunados":163685,"personasINE":703323,"porcentaje":0.2327309074209147},{"rango":{"min":70,"max":79},"vacunados":479470,"personasINE":526081,"porcentaje":0.9113995753505639},{"rango":{"min":80,"max":null},"vacunados":363125,"personasINE":364122,"porcentaje":0.9972619067235706}]}}},{"ccaa":"Murcia","dosisAdministradas":850648,"dosisEntregadas":1025295,"dosisEntregadasModerna":96900,"dosisEntregadasPfizer":657095,"dosisEntregadasAstrazeneca":230800,"dosisEntregadasJanssen":40500,"dosisPrimeraDosis":559498,"dosisPautaCompletada":308143,"porcentajeEntregadas":0.8296617071184391,"porcentajePoblacionAdministradas":0.5628767160451837,"porcentajePoblacionPrimeraDosis":0.37022175667708407,"porcentajePoblacionCompletas":0.20389928608814817,"fechaUltRegistro":1623024000000,"etarios":{"unaDosis":{"etarioTotal":{"vacunados":559498,"personasINE":1237479,"porcentaje":0.4521272684223328},"etarioRangos":[{"rango":{"min":16,"max":17},"vacunados":154,"personasINE":34712,"porcentaje":0.06547734416476358},{"rango":{"min":18,"max":24},"vacunados":7770,"personasINE":118667,"porcentaje":0.1084218533327948},{"rango":{"min":25,"max":39},"vacunados":32213,"personasINE":297108,"porcentaje":0.19347883394909446},{"rango":{"min":40,"max":49},"vacunados":49174,"personasINE":254157,"porcentaje":0.19347883394909446},{"rango":{"min":50,"max":59},"vacunados":168017,"personasINE":213255.99999999997,"porcentaje":0.7878652886671419},{"rango":{"min":60,"max":69},"vacunados":129391,"personasINE":146909,"porcentaje":0.8807561143292787},{"rango":{"min":70,"max":79},"vacunados":99763,"personasINE":102899,"porcentaje":0.9695235133480403},{"rango":{"min":80,"max":null},"vacunados":73016,"personasINE":73016,"porcentaje":1}]},"pautaCompleta":{"etarioTotal":{"vacunados":308143,"personasINE":1237479,"porcentaje":0.24900867004611796},"etarioRangos":[{"rango":{"min":16,"max":17},"vacunados":123,"personasINE":34712,"porcentaje":0.04998862362746172},{"rango":{"min":18,"max":24},"vacunados":5932,"personasINE":118667.00000000001,"porcentaje":0.08631204814410921},{"rango":{"min":25,"max":39},"vacunados":25644,"personasINE":297108,"porcentaje":0.10746507080269282},{"rango":{"min":40,"max":49},"vacunados":27313,"personasINE":254157,"porcentaje":0.10746507080269282},{"rango":{"min":50,"max":59},"vacunados":47528,"personasINE":213256,"porcentaje":0.2228682897550362},{"rango":{"min":60,"max":69},"vacunados":37342,"personasINE":146909,"porcentaje":0.2541845632330218},{"rango":{"min":70,"max":79},"vacunados":92743,"personasINE":102899,"porcentaje":0.9013012760085132},{"rango":{"min":80,"max":null},"vacunados":71518,"personasINE":71518,"porcentaje":1}]}}},{"ccaa":"Navarra","dosisAdministradas":464658,"dosisEntregadas":488635,"dosisEntregadasModerna":47400,"dosisEntregadasPfizer":322485,"dosisEntregadasAstrazeneca":101000,"dosisEntregadasJanssen":17750,"dosisPrimeraDosis":307134,"dosisPautaCompletada":182568,"porcentajeEntregadas":0.950930653759964,"porcentajePoblacionAdministradas":0.7027527348127713,"porcentajePoblacionPrimeraDosis":0.4645120894377924,"porcentajePoblacionCompletas":0.276117405251385,"fechaUltRegistro":1623110400000,"etarios":{"unaDosis":{"etarioTotal":{"vacunados":307134,"personasINE":552935,"porcentaje":0.5554613110040059},"etarioRangos":[{"rango":{"min":16,"max":17},"vacunados":15,"personasINE":13906.000000000002,"porcentaje":0.08246572518297082},{"rango":{"min":18,"max":24},"vacunados":4000,"personasINE":48505,"porcentaje":0.13982925599429694},{"rango":{"min":25,"max":39},"vacunados":16084,"personasINE":115026,"porcentaje":0.2823188459472973},{"rango":{"min":40,"max":49},"vacunados":30491,"personasINE":108002,"porcentaje":0.2823188459472973},{"rango":{"min":50,"max":59},"vacunados":88459,"personasINE":96694,"porcentaje":0.9148344261277845},{"rango":{"min":60,"max":69},"vacunados":70241,"personasINE":73844,"porcentaje":0.9512079518985971},{"rango":{"min":70,"max":79},"vacunados":55504,"personasINE":55792,"porcentaje":0.9948379696013765},{"rango":{"min":80,"max":null},"vacunados":42340,"personasINE":42340,"porcentaje":1}]},"pautaCompleta":{"etarioTotal":{"vacunados":182568,"personasINE":552935,"porcentaje":0.33017985839203523},"etarioRangos":[{"rango":{"min":16,"max":17},"vacunados":9,"personasINE":13906,"porcentaje":0.04079991753427482},{"rango":{"min":18,"max":24},"vacunados":1979,"personasINE":48505,"porcentaje":0.09656947124997826},{"rango":{"min":25,"max":39},"vacunados":11108,"personasINE":115026,"porcentaje":0.13932149404640654},{"rango":{"min":40,"max":49},"vacunados":15047,"personasINE":108002.00000000001,"porcentaje":0.13932149404640654},{"rango":{"min":50,"max":59},"vacunados":38229,"personasINE":96694,"porcentaje":0.39536062216890394},{"rango":{"min":60,"max":69},"vacunados":19747,"personasINE":73844,"porcentaje":0.2674150912734955},{"rango":{"min":70,"max":79},"vacunados":54738,"personasINE":55792,"porcentaje":0.9811084026383711},{"rango":{"min":80,"max":null},"vacunados":41711,"personasINE":41711,"porcentaje":1}]}}},{"ccaa":"País Vasco","dosisAdministradas":1599873,"dosisEntregadas":1711510,"dosisEntregadasModerna":165000,"dosisEntregadasPfizer":1148760,"dosisEntregadasAstrazeneca":338200,"dosisEntregadasJanssen":59550,"dosisPrimeraDosis":1035178,"dosisPautaCompletada":639709,"porcentajeEntregadas":0.934772802963465,"porcentajePoblacionAdministradas":0.7204999405540364,"porcentajePoblacionPrimeraDosis":0.466190558539863,"porcentajePoblacionCompletas":0.2880918025817562,"fechaUltRegistro":1623110400000,"etarios":{"unaDosis":{"etarioTotal":{"vacunados":1035178,"personasINE":1898123,"porcentaje":0.5453692937707408},"etarioRangos":[{"rango":{"min":16,"max":17},"vacunados":52,"personasINE":41824,"porcentaje":0.0952516693628272},{"rango":{"min":18,"max":24},"vacunados":13366,"personasINE":140323,"porcentaje":0.14561254535228663},{"rango":{"min":25,"max":39},"vacunados":52816,"personasINE":362716,"porcentaje":0.15211262160587408},{"rango":{"min":40,"max":49},"vacunados":55085,"personasINE":362133,"porcentaje":0.15211262160587408},{"rango":{"min":50,"max":59},"vacunados":270833,"personasINE":339977,"porcentaje":0.7966215361627405},{"rango":{"min":60,"max":69},"vacunados":271568,"personasINE":280119,"porcentaje":0.9694736879683278},{"rango":{"min":70,"max":79},"vacunados":209668,"personasINE":213081,"porcentaje":0.9839826169390983},{"rango":{"min":80,"max":null},"vacunados":161790,"personasINE":161790,"porcentaje":1}]},"pautaCompleta":{"etarioTotal":{"vacunados":639709,"personasINE":1898123,"porcentaje":0.33702188951927775},"etarioRangos":[{"rango":{"min":16,"max":17},"vacunados":32,"personasINE":41824,"porcentaje":0.05131731790226834},{"rango":{"min":18,"max":24},"vacunados":7201,"personasINE":140323,"porcentaje":0.10906053220701596},{"rango":{"min":25,"max":39},"vacunados":39558,"personasINE":362716,"porcentaje":0.10784711694322252},{"rango":{"min":40,"max":49},"vacunados":39055,"personasINE":362133,"porcentaje":0.10784711694322252},{"rango":{"min":50,"max":59},"vacunados":109277,"personasINE":339977,"porcentaje":0.3214246846110178},{"rango":{"min":60,"max":69},"vacunados":79906,"personasINE":280119,"porcentaje":0.2852573370603208},{"rango":{"min":70,"max":79},"vacunados":205693,"personasINE":213081,"porcentaje":0.965327739216542},{"rango":{"min":80,"max":null},"vacunados":158987,"personasINE":157950,"porcentaje":1.006565368787591}]}}},{"ccaa":"Ceuta","dosisAdministradas":49292,"dosisEntregadas":53720,"dosisEntregadasModerna":4400,"dosisEntregadasPfizer":33570,"dosisEntregadasAstrazeneca":13500,"dosisEntregadasJanssen":2250,"dosisPrimeraDosis":34627,"dosisPautaCompletada":17398,"porcentajeEntregadas":0.9175725986597171,"porcentajePoblacionAdministradas":0.5854017719294079,"porcentajePoblacionPrimeraDosis":0.41123726277285577,"porcentajePoblacionCompletas":0.20662217049476259,"fechaUltRegistro":1623110400000,"etarios":{"unaDosis":{"etarioTotal":{"vacunados":34627,"personasINE":66158,"porcentaje":0.5233985307899272},"etarioRangos":[{"rango":{"min":16,"max":17},"vacunados":10,"personasINE":2175,"porcentaje":0.07914523149980214},{"rango":{"min":18,"max":24},"vacunados":600,"personasINE":7581,"porcentaje":0.1289026629935721},{"rango":{"min":25,"max":39},"vacunados":2246,"personasINE":17424,"porcentaje":0.7125454833096029},{"rango":{"min":40,"max":49},"vacunados":9008,"personasINE":12642,"porcentaje":0.7125454833096029},{"rango":{"min":50,"max":59},"vacunados":9659,"personasINE":11556,"porcentaje":0.8358428521979924},{"rango":{"min":60,"max":69},"vacunados":6993,"personasINE":7857.000000000001,"porcentaje":0.8900343642611683},{"rango":{"min":70,"max":79},"vacunados":3753,"personasINE":4318,"porcentaje":0.8691523853635943},{"rango":{"min":80,"max":null},"vacunados":2358,"personasINE":2605,"porcentaje":0.9051823416506718}]},"pautaCompleta":{"etarioTotal":{"vacunados":17398,"personasINE":66158,"porcentaje":0.2629765107772303},"etarioRangos":[{"rango":{"min":16,"max":17},"vacunados":7,"personasINE":2175,"porcentaje":0.04735523018071495},{"rango":{"min":18,"max":24},"vacunados":359,"personasINE":7580.999999999999,"porcentaje":0.0928030303030303},{"rango":{"min":25,"max":39},"vacunados":1617,"personasINE":17424,"porcentaje":0.19245372567631705},{"rango":{"min":40,"max":49},"vacunados":2433,"personasINE":12642,"porcentaje":0.19245372567631705},{"rango":{"min":50,"max":59},"vacunados":5231,"personasINE":11556,"porcentaje":0.45266528210453444},{"rango":{"min":60,"max":69},"vacunados":1835,"personasINE":7857,"porcentaje":0.2335497009036528},{"rango":{"min":70,"max":79},"vacunados":3617,"personasINE":4318,"porcentaje":0.8376563223714683},{"rango":{"min":80,"max":null},"vacunados":2299,"personasINE":2605,"porcentaje":0.8825335892514395}]}}},{"ccaa":"Melilla","dosisAdministradas":44744,"dosisEntregadas":53620,"dosisEntregadasModerna":4300,"dosisEntregadasPfizer":33570,"dosisEntregadasAstrazeneca":13500,"dosisEntregadasJanssen":2250,"dosisPrimeraDosis":29670,"dosisPautaCompletada":16395,"porcentajeEntregadas":0.8344647519582246,"porcentajePoblacionAdministradas":0.5138499701410262,"porcentajePoblacionPrimeraDosis":0.34073682759887913,"porcentajePoblacionCompletas":0.18828379806146356,"fechaUltRegistro":1623110400000,"etarios":{"unaDosis":{"etarioTotal":{"vacunados":29670,"personasINE":66178,"porcentaje":0.44833630511650396},"etarioRangos":[{"rango":{"min":16,"max":17},"vacunados":7,"personasINE":2324,"porcentaje":0.038542642924086226},{"rango":{"min":18,"max":24},"vacunados":329,"personasINE":8536,"porcentaje":0.11440888741502238},{"rango":{"min":25,"max":39},"vacunados":2070,"personasINE":18093,"porcentaje":0.6347275454090985},{"rango":{"min":40,"max":49},"vacunados":7618,"personasINE":12002,"porcentaje":0.6347275454090985},{"rango":{"min":50,"max":59},"vacunados":8180,"personasINE":11299,"porcentaje":0.7239578723780865},{"rango":{"min":60,"max":69},"vacunados":6399,"personasINE":7827,"porcentaje":0.8175546186278267},{"rango":{"min":70,"max":79},"vacunados":3135,"personasINE":3748,"porcentaje":0.8364461045891142},{"rango":{"min":80,"max":null},"vacunados":1932,"personasINE":2349,"porcentaje":0.822477650063857}]},"pautaCompleta":{"etarioTotal":{"vacunados":16395,"personasINE":66178,"porcentaje":0.24774094109825018},"etarioRangos":[{"rango":{"min":16,"max":17},"vacunados":6,"personasINE":2324,"porcentaje":0.030927835051546393},{"rango":{"min":18,"max":24},"vacunados":264,"personasINE":8536,"porcentaje":0.09478803957331565},{"rango":{"min":25,"max":39},"vacunados":1715,"personasINE":18093,"porcentaje":0.15280786535577404},{"rango":{"min":40,"max":49},"vacunados":1834,"personasINE":12002,"porcentaje":0.15280786535577404},{"rango":{"min":50,"max":59},"vacunados":5190,"personasINE":11299,"porcentaje":0.4593326843083459},{"rango":{"min":60,"max":69},"vacunados":2622,"personasINE":7827.000000000001,"porcentaje":0.33499425067075506},{"rango":{"min":70,"max":79},"vacunados":2927,"personasINE":3748.0000000000005,"porcentaje":0.7809498399146211},{"rango":{"min":80,"max":null},"vacunados":1837,"personasINE":2349,"porcentaje":0.7820349084716901}]}}},{"ccaa":"Fuerzas Armadas","dosisAdministradas":91683,"dosisEntregadas":136790,"dosisEntregadasModerna":12000,"dosisEntregadasPfizer":27690,"dosisEntregadasAstrazeneca":96100,"dosisEntregadasJanssen":1000,"dosisPrimeraDosis":73277,"dosisPautaCompletada":18740,"porcentajeEntregadas":0.6702463630382338,"porcentajePoblacionAdministradas":null,"porcentajePoblacionPrimeraDosis":null,"porcentajePoblacionCompletas":null,"fechaUltRegistro":1623110400000},{"ccaa":"Sanidad Exterior","dosisAdministradas":308,"dosisEntregadas":1900,"dosisEntregadasModerna":1900,"dosisEntregadasPfizer":0,"dosisEntregadasAstrazeneca":0,"dosisEntregadasJanssen":0,"dosisPrimeraDosis":308,"dosisPautaCompletada":0,"porcentajeEntregadas":0.16210526315789472,"porcentajePoblacionAdministradas":null,"porcentajePoblacionPrimeraDosis":null,"porcentajePoblacionCompletas":null,"fechaUltRegistro":1623110400000,"etarios":{"unaDosis":{"etarioTotal":{"vacunados":308,"personasINE":"-","porcentaje":"-"},"etarioRangos":[{"rango":{"min":16,"max":17},"vacunados":0,"personasINE":null,"porcentaje":"-"},{"rango":{"min":18,"max":24},"vacunados":26,"personasINE":null,"porcentaje":"-"},{"rango":{"min":25,"max":39},"vacunados":147,"personasINE":null,"porcentaje":"-"},{"rango":{"min":40,"max":49},"vacunados":99,"personasINE":null,"porcentaje":"-"},{"rango":{"min":50,"max":59},"vacunados":33,"personasINE":null,"porcentaje":"-"},{"rango":{"min":60,"max":69},"vacunados":3,"personasINE":null,"porcentaje":"-"},{"rango":{"min":70,"max":79},"vacunados":0,"personasINE":null,"porcentaje":"-"},{"rango":{"min":80,"max":null},"vacunados":0,"personasINE":null,"porcentaje":"-"}]},"pautaCompleta":{"etarioTotal":{"vacunados":0,"personasINE":"-","porcentaje":"-"},"etarioRangos":[{"rango":{"min":16,"max":17},"vacunados":0,"personasINE":null,"porcentaje":"-"},{"rango":{"min":18,"max":24},"vacunados":0,"personasINE":null,"porcentaje":"-"},{"rango":{"min":25,"max":39},"vacunados":0,"personasINE":null,"porcentaje":"-"},{"rango":{"min":40,"max":49},"vacunados":0,"personasINE":null,"porcentaje":"-"},{"rango":{"min":50,"max":59},"vacunados":0,"personasINE":null,"porcentaje":"-"},{"rango":{"min":60,"max":69},"vacunados":0,"personasINE":null,"porcentaje":"-"},{"rango":{"min":70,"max":79},"vacunados":0,"personasINE":null,"porcentaje":"-"},{"rango":{"min":80,"max":null},"vacunados":0,"personasINE":null,"porcentaje":"-"}]}}},{"ccaa":"Totales","dosisAdministradas":31004060,"dosisEntregadas":34715980,"dosisEntregadasModerna":3320600,"dosisEntregadasPfizer":22777755,"dosisEntregadasAstrazeneca":7344700,"dosisEntregadasJanssen":1272925,"dosisPrimeraDosis":20305788,"dosisPautaCompletada":11552393,"porcentajeEntregadas":0.8930774818973856,"porcentajePoblacionAdministradas":0.6605040477204942,"porcentajePoblacionPrimeraDosis":0.4325902854708138,"porcentajePoblacionCompletas":0.24610977844056242,"fechaUltRegistro":null,"etarios":{"unaDosis":{"etarioTotal":{"vacunados":20305788,"personasINE":40129822,"porcentaje":0.5060024437686267},"etarioRangos":[{"rango":{"min":16,"max":17},"vacunados":3176,"personasINE":949049,"porcentaje":0.07303600067546769},{"rango":{"min":18,"max":24},"vacunados":241771,"personasINE":3310299,"porcentaje":0.12826398601557273},{"rango":{"min":25,"max":39},"vacunados":1130567,"personasINE":8814376,"porcentaje":0.20837440477299232},{"rango":{"min":40,"max":49},"vacunados":1644436,"personasINE":7891736.999999999,"porcentaje":0.20837440477299232},{"rango":{"min":50,"max":59},"vacunados":5590348,"personasINE":7033306,"porcentaje":0.7948392974797343},{"rango":{"min":60,"max":69},"vacunados":4914444,"personasINE":5336986,"porcentaje":0.9208275981986837},{"rango":{"min":70,"max":79},"vacunados":3872443,"personasINE":3960045,"porcentaje":0.977878534208576},{"rango":{"min":80,"max":null},"vacunados":2908603,"personasINE":2908603,"porcentaje":1}]},"pautaCompleta":{"etarioTotal":{"vacunados":11552393,"personasINE":40129822,"porcentaje":0.28787551063645384},"etarioRangos":[{"rango":{"min":16,"max":17},"vacunados":2174,"personasINE":949048.9999999999,"porcentaje":0.04158295066397325},{"rango":{"min":18,"max":24},"vacunados":137652,"personasINE":3310299,"porcentaje":0.08247617301553735},{"rango":{"min":25,"max":39},"vacunados":726976,"personasINE":8814376,"porcentaje":0.09962280800792019},{"rango":{"min":40,"max":49},"vacunados":786197,"personasINE":7891737,"porcentaje":0.09962280800792019},{"rango":{"min":50,"max":59},"vacunados":2026452,"personasINE":7033306,"porcentaje":0.28812225715758705},{"rango":{"min":60,"max":69},"vacunados":1273366,"personasINE":5336986,"porcentaje":0.23859271881170382},{"rango":{"min":70,"max":79},"vacunados":3746121,"personasINE":3960045,"porcentaje":0.9459794017492226},{"rango":{"min":80,"max":null},"vacunados":2853455,"personasINE":2853455,"porcentaje":1}]}}}]