[{"ccaa":"Andalucía","dosisAdministradas":265620,"dosisEntregadas":330980,"dosisEntregadasModerna":6800,"dosisEntregadasPfizer":324180,"dosisPautaCompletada":55004,"porcentajeEntregadas":0.8025258323765786,"porcentajePoblacionAdministradas":0.03138080133396169,"porcentajePoblacionCompletas":0.006498266683883852},{"ccaa":"Aragón","dosisAdministradas":49453,"dosisEntregadas":56505,"dosisEntregadasModerna":1200,"dosisEntregadasPfizer":55305,"dosisPautaCompletada":6806,"porcentajeEntregadas":0.8751968852313955,"porcentajePoblacionAdministradas":0.03719974033222731,"porcentajePoblacionCompletas":0.005119637488143067},{"ccaa":"Asturias","dosisAdministradas":49857,"dosisEntregadas":59435,"dosisEntregadasModerna":1200,"dosisEntregadasPfizer":58235,"dosisPautaCompletada":14080,"porcentajeEntregadas":0.8388491629511231,"porcentajePoblacionAdministradas":0.04893775324308195,"porcentajePoblacionCompletas":0.013820397650532399},{"ccaa":"Baleares","dosisAdministradas":23540,"dosisEntregadas":30210,"dosisEntregadasModerna":600,"dosisEntregadasPfizer":29610,"dosisPautaCompletada":3295,"porcentajeEntregadas":0.7792121813968884,"porcentajePoblacionAdministradas":0.020093159192620332,"porcentajePoblacionCompletas":0.002812530141872727},{"ccaa":"Canarias","dosisAdministradas":56385,"dosisEntregadas":65620,"dosisEntregadasModerna":1300,"dosisEntregadasPfizer":64320,"dosisPautaCompletada":6864,"porcentajeEntregadas":0.8592654678451691,"porcentajePoblacionAdministradas":0.025912795870497142,"porcentajePoblacionCompletas":0.0031544813488532837},{"ccaa":"Cantabria","dosisAdministradas":21469,"dosisEntregadas":28145,"dosisEntregadasModerna":500,"dosisEntregadasPfizer":27645,"dosisPautaCompletada":782,"porcentajeEntregadas":0.7627997868182625,"porcentajePoblacionAdministradas":0.036831044509825786,"porcentajePoblacionCompletas":0.0013415565143548264},{"ccaa":"Castilla y Leon","dosisAdministradas":108203,"dosisEntregadas":123895,"dosisEntregadasModerna":2500,"dosisEntregadasPfizer":121395,"dosisPautaCompletada":19658,"porcentajeEntregadas":0.8733443641793455,"porcentajePoblacionAdministradas":0.04518025251804028,"porcentajePoblacionCompletas":0.008208214226958919},{"ccaa":"Castilla La Mancha","dosisAdministradas":71484,"dosisEntregadas":84635,"dosisEntregadasModerna":1700,"dosisEntregadasPfizer":82935,"dosisPautaCompletada":7628,"porcentajeEntregadas":0.8446151119513203,"porcentajePoblacionAdministradas":0.034951724043514126,"porcentajePoblacionCompletas":0.00372967028990999},{"ccaa":"Cataluña","dosisAdministradas":208177,"dosisEntregadas":286050,"dosisEntregadasModerna":5800,"dosisEntregadasPfizer":280250,"dosisPautaCompletada":23262,"porcentajeEntregadas":0.7277643768571928,"porcentajePoblacionAdministradas":0.026756321815147886,"porcentajePoblacionCompletas":0.002989790217286108},{"ccaa":"C. Valenciana","dosisAdministradas":109716,"dosisEntregadas":145830,"dosisEntregadasModerna":2900,"dosisEntregadasPfizer":142930,"dosisPautaCompletada":8948,"porcentajeEntregadas":0.7523554824110266,"porcentajePoblacionAdministradas":0.021694352757262544,"porcentajePoblacionCompletas":0.001769305009952835},{"ccaa":"Extremadura","dosisAdministradas":39821,"dosisEntregadas":51975,"dosisEntregadasModerna":1000,"dosisEntregadasPfizer":50975,"dosisPautaCompletada":3135,"porcentajeEntregadas":0.7661568061568061,"porcentajePoblacionAdministradas":0.0374262091548111,"porcentajePoblacionCompletas":0.002946464571465629},{"ccaa":"Galicia","dosisAdministradas":74278,"dosisEntregadas":89665,"dosisEntregadasModerna":1800,"dosisEntregadasPfizer":87865,"dosisPautaCompletada":15827,"porcentajeEntregadas":0.8283945798249038,"porcentajePoblacionAdministradas":0.027491849009870756,"porcentajePoblacionCompletas":0.005857905359315335},{"ccaa":"La Rioja","dosisAdministradas":10283,"dosisEntregadas":14305,"dosisEntregadasModerna":200,"dosisEntregadasPfizer":14105,"dosisPautaCompletada":1084,"porcentajeEntregadas":0.7188395665851101,"porcentajePoblacionAdministradas":0.03214301343486062,"porcentajePoblacionCompletas":0.0033884106353582527},{"ccaa":"Madrid","dosisAdministradas":177972,"dosisEntregadas":232775,"dosisEntregadasModerna":4700,"dosisEntregadasPfizer":228075,"dosisPautaCompletada":6987,"porcentajeEntregadas":0.7645666416067017,"porcentajePoblacionAdministradas":0.02624999115029629,"porcentajePoblacionCompletas":0.001030547997253052},{"ccaa":"Murcia","dosisAdministradas":53447,"dosisEntregadas":60425,"dosisEntregadasModerna":1200,"dosisEntregadasPfizer":59225,"dosisPautaCompletada":8713,"porcentajeEntregadas":0.8845179975175838,"porcentajePoblacionAdministradas":0.03536606427390288,"porcentajePoblacionCompletas":0.0057654221568753305},{"ccaa":"Navarra","dosisAdministradas":21007,"dosisEntregadas":28145,"dosisEntregadasModerna":500,"dosisEntregadasPfizer":27645,"dosisPautaCompletada":2797,"porcentajeEntregadas":0.7463847930360632,"porcentajePoblacionAdministradas":0.031771166535843325,"porcentajePoblacionCompletas":0.00423020673112552},{"ccaa":"País Vasco","dosisAdministradas":51436,"dosisEntregadas":76100,"dosisEntregadasModerna":1400,"dosisEntregadasPfizer":74700,"dosisPautaCompletada":6906,"porcentajeEntregadas":0.6759001314060447,"porcentajePoblacionAdministradas":0.02316411049023105,"porcentajePoblacionCompletas":0.0031101047329795397},{"ccaa":"Ceuta","dosisAdministradas":1757,"dosisEntregadas":2180,"dosisEntregadasModerna":200,"dosisEntregadasPfizer":1980,"dosisPautaCompletada":569,"porcentajeEntregadas":0.8059633027522936,"porcentajePoblacionAdministradas":0.020866487731882852,"porcentajePoblacionCompletas":0.006757559202869291},{"ccaa":"Melilla","dosisAdministradas":1713,"dosisEntregadas":2180,"dosisEntregadasModerna":200,"dosisEntregadasPfizer":1980,"dosisPautaCompletada":414,"porcentajeEntregadas":0.7857798165137615,"porcentajePoblacionAdministradas":0.019672470026184025,"porcentajePoblacionCompletas":0.004754467361844825},{"ccaa":"Totales","dosisAdministradas":1395618,"dosisEntregadas":1769055,"dosisEntregadasModerna":35700,"dosisEntregadasPfizer":1733355,"dosisPautaCompletada":192759,"porcentajeEntregadas":0.7889059413076474,"porcentajePoblacionAdministradas":0.029731955688112485,"porcentajePoblacionCompletas":0.004106497656582872}]
