[{"ccaa":"Andalucía","dosisAdministradas":1441414,"dosisEntregadas":1648320,"dosisEntregadasModerna":168000,"dosisEntregadasPfizer":1098720,"dosisEntregadasAstrazeneca":381600,"dosisPautaCompletada":507430,"porcentajeEntregadas":0.874474616579305,"porcentajePoblacionAdministradas":0.1702911165348658,"porcentajePoblacionCompletas":0.0599486485238016,"fechaUltRegistro":1617062400000},{"ccaa":"Aragón","dosisAdministradas":250339,"dosisEntregadas":304945,"dosisEntregadasModerna":35300,"dosisEntregadasPfizer":209745,"dosisEntregadasAstrazeneca":59900,"dosisPautaCompletada":89278,"porcentajeEntregadas":0.8209316434111069,"porcentajePoblacionAdministradas":0.18831103866356852,"porcentajePoblacionCompletas":0.0671570666568376,"fechaUltRegistro":1617062400000},{"ccaa":"Asturias","dosisAdministradas":225915,"dosisEntregadas":282015,"dosisEntregadasModerna":32700,"dosisEntregadasPfizer":203315,"dosisEntregadasAstrazeneca":46000,"dosisPautaCompletada":87093,"porcentajeEntregadas":0.8010744109355885,"porcentajePoblacionAdministradas":0.22174965449005873,"porcentajePoblacionCompletas":0.0854872082796746,"fechaUltRegistro":1617062400000},{"ccaa":"Baleares","dosisAdministradas":160884,"dosisEntregadas":183380,"dosisEntregadasModerna":18000,"dosisEntregadasPfizer":112680,"dosisEntregadasAstrazeneca":52700,"dosisPautaCompletada":45509,"porcentajeEntregadas":0.8773257716217691,"porcentajePoblacionAdministradas":0.13732658553719326,"porcentajePoblacionCompletas":0.03884535181380453,"fechaUltRegistro":1617062400000},{"ccaa":"Canarias","dosisAdministradas":304229,"dosisEntregadas":366700,"dosisEntregadasModerna":35800,"dosisEntregadasPfizer":232800,"dosisEntregadasAstrazeneca":98100,"dosisPautaCompletada":104712,"porcentajeEntregadas":0.8296400327242978,"porcentajePoblacionAdministradas":0.13981420546041456,"porcentajePoblacionCompletas":0.048122385052611454,"fechaUltRegistro":1617062400000},{"ccaa":"Cantabria","dosisAdministradas":114080,"dosisEntregadas":139345,"dosisEntregadasModerna":15300,"dosisEntregadasPfizer":97845,"dosisEntregadasAstrazeneca":26200,"dosisPautaCompletada":44056,"porcentajeEntregadas":0.8186874304783093,"porcentajePoblacionAdministradas":0.19570942091764523,"porcentajePoblacionCompletas":0.07558006879337113,"fechaUltRegistro":1617062400000},{"ccaa":"Castilla y Leon","dosisAdministradas":534134,"dosisEntregadas":649435,"dosisEntregadasModerna":78300,"dosisEntregadasPfizer":463035,"dosisEntregadasAstrazeneca":108100,"dosisPautaCompletada":198064,"porcentajeEntregadas":0.8224595225080262,"porcentajePoblacionAdministradas":0.22302809532518442,"porcentajePoblacionCompletas":0.08270178770212591,"fechaUltRegistro":1617062400000},{"ccaa":"Castilla La Mancha","dosisAdministradas":356085,"dosisEntregadas":442355,"dosisEntregadasModerna":49600,"dosisEntregadasPfizer":300555,"dosisEntregadasAstrazeneca":92200,"dosisPautaCompletada":122854,"porcentajeEntregadas":0.80497564173571,"porcentajePoblacionAdministradas":0.17410587902236482,"porcentajePoblacionCompletas":0.060068814079260874,"fechaUltRegistro":1617062400000},{"ccaa":"Cataluña","dosisAdministradas":1274944,"dosisEntregadas":1547080,"dosisEntregadasModerna":168400,"dosisEntregadasPfizer":1027880,"dosisEntregadasAstrazeneca":350800,"dosisPautaCompletada":421043,"porcentajeEntregadas":0.8240970085580578,"porcentajePoblacionAdministradas":0.16386446130116153,"porcentajePoblacionCompletas":0.054115305754311525,"fechaUltRegistro":1617062400000},{"ccaa":"C. Valenciana","dosisAdministradas":768217,"dosisEntregadas":911260,"dosisEntregadasModerna":96800,"dosisEntregadasPfizer":586360,"dosisEntregadasAstrazeneca":228100,"dosisPautaCompletada":251514,"porcentajeEntregadas":0.8430272370124882,"porcentajePoblacionAdministradas":0.15190100433962192,"porcentajePoblacionCompletas":0.04973234021829206,"fechaUltRegistro":1617062400000},{"ccaa":"Extremadura","dosisAdministradas":219487,"dosisEntregadas":254505,"dosisEntregadasModerna":28100,"dosisEntregadasPfizer":178505,"dosisEntregadasAstrazeneca":47900,"dosisPautaCompletada":74629,"porcentajeEntregadas":0.8624074183218404,"porcentajePoblacionAdministradas":0.20628729486356506,"porcentajePoblacionCompletas":0.07014089457859918,"fechaUltRegistro":1617062400000},{"ccaa":"Galicia","dosisAdministradas":478450,"dosisEntregadas":622665,"dosisEntregadasModerna":73600,"dosisEntregadasPfizer":427165,"dosisEntregadasAstrazeneca":121900,"dosisPautaCompletada":154528,"porcentajeEntregadas":0.768390707683907,"porcentajePoblacionAdministradas":0.1770844012866887,"porcentajePoblacionCompletas":0.05719406074204082,"fechaUltRegistro":1617062400000},{"ccaa":"La Rioja","dosisAdministradas":63416,"dosisEntregadas":72575,"dosisEntregadasModerna":7800,"dosisEntregadasPfizer":50375,"dosisEntregadasAstrazeneca":14400,"dosisPautaCompletada":20966,"porcentajeEntregadas":0.8737995177402686,"porcentajePoblacionAdministradas":0.19822827384859681,"porcentajePoblacionCompletas":0.0655363628975287,"fechaUltRegistro":1617062400000},{"ccaa":"Madrid","dosisAdministradas":1058277,"dosisEntregadas":1280715,"dosisEntregadasModerna":136100,"dosisEntregadasPfizer":838815,"dosisEntregadasAstrazeneca":305800,"dosisPautaCompletada":359895,"porcentajeEntregadas":0.8263173305536361,"porcentajePoblacionAdministradas":0.1560906315856545,"porcentajePoblacionCompletas":0.05308273529002249,"fechaUltRegistro":1617062400000},{"ccaa":"Murcia","dosisAdministradas":237224,"dosisEntregadas":294785,"dosisEntregadasModerna":29400,"dosisEntregadasPfizer":197285,"dosisEntregadasAstrazeneca":68100,"dosisPautaCompletada":85655,"porcentajeEntregadas":0.8047356547992605,"porcentajePoblacionAdministradas":0.15697193914181032,"porcentajePoblacionCompletas":0.05667820898050688,"fechaUltRegistro":1617062400000},{"ccaa":"Navarra","dosisAdministradas":117849,"dosisEntregadas":140705,"dosisEntregadasModerna":15400,"dosisEntregadasPfizer":95505,"dosisEntregadasAstrazeneca":29800,"dosisPautaCompletada":37309,"porcentajeEntregadas":0.837560854269571,"porcentajePoblacionAdministradas":0.17823583591577094,"porcentajePoblacionCompletas":0.05642645081571755,"fechaUltRegistro":1617062400000},{"ccaa":"País Vasco","dosisAdministradas":370971,"dosisEntregadas":467650,"dosisEntregadasModerna":52900,"dosisEntregadasPfizer":314550,"dosisEntregadasAstrazeneca":100200,"dosisPautaCompletada":105534,"porcentajeEntregadas":0.7932663316582914,"porcentajePoblacionAdministradas":0.16706612552825845,"porcentajePoblacionCompletas":0.047527047913446675,"fechaUltRegistro":1617062400000},{"ccaa":"Ceuta","dosisAdministradas":11226,"dosisEntregadas":13030,"dosisEntregadasModerna":1300,"dosisEntregadasPfizer":7830,"dosisEntregadasAstrazeneca":3900,"dosisPautaCompletada":3601,"porcentajeEntregadas":0.8615502686108979,"porcentajePoblacionAdministradas":0.13332224887769886,"porcentajePoblacionCompletas":0.042766205078264174,"fechaUltRegistro":1617062400000},{"ccaa":"Melilla","dosisAdministradas":10413,"dosisEntregadas":12930,"dosisEntregadasModerna":1200,"dosisEntregadasPfizer":7830,"dosisEntregadasAstrazeneca":3900,"dosisPautaCompletada":2423,"porcentajeEntregadas":0.8053364269141531,"porcentajePoblacionAdministradas":0.11958518994901006,"porcentajePoblacionCompletas":0.02782626670954109,"fechaUltRegistro":1617062400000},{"ccaa":"Fuerzas Armadas","dosisAdministradas":37606,"dosisEntregadas":55600,"dosisEntregadasModerna":0,"dosisEntregadasPfizer":19500,"dosisEntregadasAstrazeneca":36100,"dosisPautaCompletada":4991,"porcentajeEntregadas":0.6763669064748201,"porcentajePoblacionAdministradas":null,"porcentajePoblacionCompletas":null,"fechaUltRegistro":1617062400000},{"ccaa":"Totales","dosisAdministradas":8035160,"dosisEntregadas":9689995,"dosisEntregadasModerna":1044000,"dosisEntregadasPfizer":6470295,"dosisEntregadasAstrazeneca":2175700,"dosisPautaCompletada":2721084,"porcentajeEntregadas":0.8292223061002612,"porcentajePoblacionAdministradas":0.1711793779292714,"porcentajePoblacionCompletas":0.057969407754580315,"fechaUltRegistro":null}]