[{"ccaa":"Andalucía","dosisAdministradas":2199243,"dosisEntregadas":2462100,"dosisEntregadasModerna":219200,"dosisEntregadasPfizer":1653300,"dosisEntregadasAstrazeneca":589600,"dosisPautaCompletada":592173,"porcentajeEntregadas":0.8932386986718654,"porcentajePoblacionAdministradas":0.25982233140616634,"porcentajePoblacionCompletas":0.06996033155762403,"fechaUltRegistro":1618696756000,"etarios":{"unaDosis":{"etarioTotal":{"vacunados":1607070,"personasINE":7062213,"porcentaje":0.22755898186588255},"etarioRangos":[{"rango":{"min":16,"max":17},"vacunados":275,"personasINE":181921,"porcentaje":0.0015116451646593851},{"rango":{"min":18,"max":24},"vacunados":28825,"personasINE":625846,"porcentaje":0.04605765635635604},{"rango":{"min":25,"max":49},"vacunados":330905,"personasINE":3009381,"porcentaje":0.10995782853683199},{"rango":{"min":50,"max":59},"vacunados":147611,"personasINE":1265021,"porcentaje":0.11668660045959711},{"rango":{"min":60,"max":69},"vacunados":329791,"personasINE":916147,"porcentaje":0.3599760737086952},{"rango":{"min":70,"max":79},"vacunados":350695,"personasINE":650381,"porcentaje":0.5392147064566769},{"rango":{"min":80,"max":null},"vacunados":418968,"personasINE":413516,"porcentaje":1.013184495884077}]},"pautaCompleta":{"etarioTotal":{"vacunados":592173,"personasINE":7062213,"porcentaje":0.08385091188838399},"etarioRangos":[{"rango":{"min":16,"max":17},"vacunados":121,"personasINE":181921,"porcentaje":0.0006651238724501295},{"rango":{"min":18,"max":24},"vacunados":12578,"personasINE":625846,"porcentaje":0.020097595894197615},{"rango":{"min":25,"max":49},"vacunados":135690,"personasINE":3009381,"porcentaje":0.04508900667612376},{"rango":{"min":50,"max":59},"vacunados":72852,"personasINE":1265021,"porcentaje":0.057589557801807245},{"rango":{"min":60,"max":69},"vacunados":43680,"personasINE":916147,"porcentaje":0.0476779381474807},{"rango":{"min":70,"max":79},"vacunados":17710,"personasINE":650381,"porcentaje":0.027230192763933757},{"rango":{"min":80,"max":null},"vacunados":309542,"personasINE":413516,"porcentaje":0.7485611197632014}]}}},{"ccaa":"Aragón","dosisAdministradas":400096,"dosisEntregadas":470995,"dosisEntregadasModerna":45800,"dosisEntregadasPfizer":332595,"dosisEntregadasAstrazeneca":92600,"dosisPautaCompletada":112177,"porcentajeEntregadas":0.8494697395938385,"porcentajePoblacionAdministradas":0.30096186900618405,"porcentajePoblacionCompletas":0.0843822472094365,"fechaUltRegistro":1618783156000,"etarios":{"unaDosis":{"etarioTotal":{"vacunados":287919,"personasINE":1132764,"porcentaje":0.25417386145746157},"etarioRangos":[{"rango":{"min":16,"max":17},"vacunados":30,"personasINE":25106,"porcentaje":0.0011949334820361666},{"rango":{"min":18,"max":24},"vacunados":5787,"personasINE":89180,"porcentaje":0.06489123121776183},{"rango":{"min":25,"max":49},"vacunados":50549,"personasINE":446083,"porcentaje":0.11331747679243549},{"rango":{"min":50,"max":59},"vacunados":27013,"personasINE":198266,"porcentaje":0.1362462550311198},{"rango":{"min":60,"max":69},"vacunados":52183,"personasINE":156367,"porcentaje":0.3337213094834588},{"rango":{"min":70,"max":79},"vacunados":54136,"personasINE":118955,"porcentaje":0.4550964650498088},{"rango":{"min":80,"max":null},"vacunados":98221,"personasINE":98807,"porcentaje":0.9940692461060451}]},"pautaCompleta":{"etarioTotal":{"vacunados":112177,"personasINE":1132764,"porcentaje":0.09902945361964187},"etarioRangos":[{"rango":{"min":16,"max":17},"vacunados":26,"personasINE":25106,"porcentaje":0.0010356090177646778},{"rango":{"min":18,"max":24},"vacunados":1468,"personasINE":89180,"porcentaje":0.016461089930477686},{"rango":{"min":25,"max":49},"vacunados":21901,"personasINE":446083,"porcentaje":0.04909624442088131},{"rango":{"min":50,"max":59},"vacunados":14234,"personasINE":198266,"porcentaje":0.0717924404587776},{"rango":{"min":60,"max":69},"vacunados":9662,"personasINE":156367,"porcentaje":0.06179053125019985},{"rango":{"min":70,"max":79},"vacunados":3417,"personasINE":118955,"porcentaje":0.028725148165272583},{"rango":{"min":80,"max":null},"vacunados":61469,"personasINE":98807,"porcentaje":0.622111793698827}]}}},{"ccaa":"Asturias","dosisAdministradas":380133,"dosisEntregadas":432345,"dosisEntregadasModerna":42200,"dosisEntregadasPfizer":319145,"dosisEntregadasAstrazeneca":71000,"dosisPautaCompletada":115109,"porcentajeEntregadas":0.8792353328938695,"porcentajePoblacionAdministradas":0.37312423438138015,"porcentajePoblacionCompletas":0.11298665860476803,"fechaUltRegistro":1618783156000,"etarios":{"unaDosis":{"etarioTotal":{"vacunados":265024,"personasINE":901209,"porcentaje":0.2940760689251883},"etarioRangos":[{"rango":{"min":16,"max":17},"vacunados":36,"personasINE":15563,"porcentaje":0.0023131786930540386},{"rango":{"min":18,"max":24},"vacunados":3364,"personasINE":54179,"porcentaje":0.062090477860425625},{"rango":{"min":25,"max":49},"vacunados":33275,"personasINE":322095,"porcentaje":0.1033080302395256},{"rango":{"min":50,"max":59},"vacunados":22454,"personasINE":162645,"porcentaje":0.13805527375572565},{"rango":{"min":60,"max":69},"vacunados":60803,"personasINE":149652,"porcentaje":0.40629593991393365},{"rango":{"min":70,"max":79},"vacunados":59014,"personasINE":109249,"porcentaje":0.5401788574723796},{"rango":{"min":80,"max":null},"vacunados":86078,"personasINE":87826,"porcentaje":0.9800970099970396}]},"pautaCompleta":{"etarioTotal":{"vacunados":115109,"personasINE":901209,"porcentaje":0.1277273085377532},"etarioRangos":[{"rango":{"min":16,"max":17},"vacunados":28,"personasINE":15563,"porcentaje":0.0017991389834864744},{"rango":{"min":18,"max":24},"vacunados":2442,"personasINE":54179,"porcentaje":0.04507281418999982},{"rango":{"min":25,"max":49},"vacunados":21920,"personasINE":322095,"porcentaje":0.06805445598348313},{"rango":{"min":50,"max":59},"vacunados":14199,"personasINE":162645,"porcentaje":0.08730056257493314},{"rango":{"min":60,"max":69},"vacunados":10677,"personasINE":149652,"porcentaje":0.07134552161013552},{"rango":{"min":70,"max":79},"vacunados":4041,"personasINE":109249,"porcentaje":0.03698889692354163},{"rango":{"min":80,"max":null},"vacunados":61802,"personasINE":87826,"porcentaje":0.7036868353335003}]}}},{"ccaa":"Baleares","dosisAdministradas":262935,"dosisEntregadas":285070,"dosisEntregadasModerna":24300,"dosisEntregadasPfizer":179370,"dosisEntregadasAstrazeneca":81400,"dosisPautaCompletada":64049,"porcentajeEntregadas":0.9223524046725365,"porcentajePoblacionAdministradas":0.22443478387050242,"porcentajePoblacionCompletas":0.05467063522209599,"fechaUltRegistro":1618783156000,"etarios":{"unaDosis":{"etarioTotal":{"vacunados":198886,"personasINE":986279,"porcentaje":0.20165287915488417},"etarioRangos":[{"rango":{"min":16,"max":17},"vacunados":33,"personasINE":23300,"porcentaje":0.0014163090128755365},{"rango":{"min":18,"max":24},"vacunados":3721,"personasINE":85839,"porcentaje":0.04334859446172486},{"rango":{"min":25,"max":49},"vacunados":42821,"personasINE":464054,"porcentaje":0.09227589892555607},{"rango":{"min":50,"max":59},"vacunados":20812,"personasINE":165797,"porcentaje":0.12552699988540203},{"rango":{"min":60,"max":69},"vacunados":49049,"personasINE":117231,"porcentaje":0.4183961580128123},{"rango":{"min":70,"max":79},"vacunados":34385,"personasINE":80516,"porcentaje":0.4270579760544488},{"rango":{"min":80,"max":null},"vacunados":48065,"personasINE":49542,"porcentaje":0.9701869121149731}]},"pautaCompleta":{"etarioTotal":{"vacunados":64049,"personasINE":986279,"porcentaje":0.06494004232068208},"etarioRangos":[{"rango":{"min":16,"max":17},"vacunados":31,"personasINE":23300,"porcentaje":0.0013304721030042918},{"rango":{"min":18,"max":24},"vacunados":1314,"personasINE":85839,"porcentaje":0.015307727256841297},{"rango":{"min":25,"max":49},"vacunados":18093,"personasINE":464054,"porcentaje":0.03898899697018019},{"rango":{"min":50,"max":59},"vacunados":7811,"personasINE":165797,"porcentaje":0.04711182952646912},{"rango":{"min":60,"max":69},"vacunados":5144,"personasINE":117231,"porcentaje":0.04387917871552746},{"rango":{"min":70,"max":79},"vacunados":2299,"personasINE":80516,"porcentaje":0.02855333101495355},{"rango":{"min":80,"max":null},"vacunados":29357,"personasINE":49542,"porcentaje":0.5925679221670502}]}}},{"ccaa":"Canarias","dosisAdministradas":492264,"dosisEntregadas":539840,"dosisEntregadasModerna":47800,"dosisEntregadasPfizer":340440,"dosisEntregadasAstrazeneca":151600,"dosisPautaCompletada":123087,"porcentajeEntregadas":0.9118701837581505,"porcentajePoblacionAdministradas":0.22622925505709685,"porcentajePoblacionCompletas":0.05656696471245689,"fechaUltRegistro":1618783156000,"etarios":{"unaDosis":{"etarioTotal":{"vacunados":369177,"personasINE":1871033,"porcentaje":0.19731185927773587},"etarioRangos":[{"rango":{"min":16,"max":17},"vacunados":44,"personasINE":44352,"porcentaje":0.000992063492063492},{"rango":{"min":18,"max":24},"vacunados":5922,"personasINE":163899,"porcentaje":0.03613200812695624},{"rango":{"min":25,"max":49},"vacunados":67397,"personasINE":832411,"porcentaje":0.08096601318339137},{"rango":{"min":50,"max":59},"vacunados":29167,"personasINE":350512,"porcentaje":0.08321255762998128},{"rango":{"min":60,"max":69},"vacunados":111366,"personasINE":235092,"porcentaje":0.4737124189678934},{"rango":{"min":70,"max":79},"vacunados":71863,"personasINE":154531,"porcentaje":0.4650393772123393},{"rango":{"min":80,"max":null},"vacunados":83418,"personasINE":90236,"porcentaje":0.9244425728090784}]},"pautaCompleta":{"etarioTotal":{"vacunados":123087,"personasINE":1871033,"porcentaje":0.06578558475451796},"etarioRangos":[{"rango":{"min":16,"max":17},"vacunados":23,"personasINE":44352,"porcentaje":0.0005185786435786436},{"rango":{"min":18,"max":24},"vacunados":2439,"personasINE":163899,"porcentaje":0.014881115809126353},{"rango":{"min":25,"max":49},"vacunados":34962,"personasINE":832411,"porcentaje":0.042000886581268146},{"rango":{"min":50,"max":59},"vacunados":17407,"personasINE":350512,"porcentaje":0.04966163783265623},{"rango":{"min":60,"max":69},"vacunados":9690,"personasINE":235092,"porcentaje":0.04121790618140983},{"rango":{"min":70,"max":79},"vacunados":14577,"personasINE":154531,"porcentaje":0.09433058739023238},{"rango":{"min":80,"max":null},"vacunados":43989,"personasINE":90236,"porcentaje":0.48748836384591515}]}}},{"ccaa":"Cantabria","dosisAdministradas":170634,"dosisEntregadas":210895,"dosisEntregadasModerna":19900,"dosisEntregadasPfizer":150495,"dosisEntregadasAstrazeneca":40500,"dosisPautaCompletada":50550,"porcentajeEntregadas":0.8090945731288082,"porcentajePoblacionAdministradas":0.29273037630488674,"porcentajePoblacionCompletas":0.08672082071692643,"fechaUltRegistro":1618783156000,"etarios":{"unaDosis":{"etarioTotal":{"vacunados":120084,"personasINE":501384,"porcentaje":0.23950505002154038},"etarioRangos":[{"rango":{"min":16,"max":17},"vacunados":5,"personasINE":10791,"porcentaje":0.0004633490872022982},{"rango":{"min":18,"max":24},"vacunados":1571,"personasINE":34935,"porcentaje":0.04496922856733934},{"rango":{"min":25,"max":49},"vacunados":22596,"personasINE":194241,"porcentaje":0.11632971411802863},{"rango":{"min":50,"max":59},"vacunados":11268,"personasINE":89964,"porcentaje":0.125250100040016},{"rango":{"min":60,"max":69},"vacunados":19426,"personasINE":77345,"porcentaje":0.2511603852867024},{"rango":{"min":70,"max":79},"vacunados":26079,"personasINE":53066,"porcentaje":0.4914446161383937},{"rango":{"min":80,"max":null},"vacunados":39139,"personasINE":41042,"porcentaje":0.9536328638955217}]},"pautaCompleta":{"etarioTotal":{"vacunados":50550,"personasINE":501384,"porcentaje":0.10082092767220334},"etarioRangos":[{"rango":{"min":16,"max":17},"vacunados":5,"personasINE":10791,"porcentaje":0.0004633490872022982},{"rango":{"min":18,"max":24},"vacunados":625,"personasINE":34935,"porcentaje":0.0178903678259625},{"rango":{"min":25,"max":49},"vacunados":10711,"personasINE":194241,"porcentaje":0.0551428380208092},{"rango":{"min":50,"max":59},"vacunados":5648,"personasINE":89964,"porcentaje":0.06278066782268463},{"rango":{"min":60,"max":69},"vacunados":3796,"personasINE":77345,"porcentaje":0.04907880276682397},{"rango":{"min":70,"max":79},"vacunados":1737,"personasINE":53066,"porcentaje":0.03273282327667433},{"rango":{"min":80,"max":null},"vacunados":28028,"personasINE":41042,"porcentaje":0.6829101895619122}]}}},{"ccaa":"Castilla y Leon","dosisAdministradas":850339,"dosisEntregadas":1008025,"dosisEntregadasModerna":100800,"dosisEntregadasPfizer":740325,"dosisEntregadasAstrazeneca":166900,"dosisPautaCompletada":254240,"porcentajeEntregadas":0.843569355918752,"porcentajePoblacionAdministradas":0.35505975569936005,"porcentajePoblacionCompletas":0.10615812315912278,"fechaUltRegistro":1618783156000,"etarios":{"unaDosis":{"etarioTotal":{"vacunados":596099,"personasINE":2092873,"porcentaje":0.2848233027039863},"etarioRangos":[{"rango":{"min":16,"max":17},"vacunados":97,"personasINE":40684,"porcentaje":0.0023842296725985644},{"rango":{"min":18,"max":24},"vacunados":7816,"personasINE":144422,"porcentaje":0.05411917851850826},{"rango":{"min":25,"max":49},"vacunados":88932,"personasINE":738950,"porcentaje":0.12034914405575478},{"rango":{"min":50,"max":59},"vacunados":56466,"personasINE":381175,"porcentaje":0.14813668262609037},{"rango":{"min":60,"max":69},"vacunados":111698,"personasINE":318575,"porcentaje":0.3506175939731617},{"rango":{"min":70,"max":79},"vacunados":107286,"personasINE":245410,"porcentaje":0.43717044945193756},{"rango":{"min":80,"max":null},"vacunados":223804,"personasINE":223657,"porcentaje":1.0006572564238991}]},"pautaCompleta":{"etarioTotal":{"vacunados":254240,"personasINE":2092873,"porcentaje":0.12147894306056793},"etarioRangos":[{"rango":{"min":16,"max":17},"vacunados":88,"personasINE":40684,"porcentaje":0.002163012486481172},{"rango":{"min":18,"max":24},"vacunados":2708,"personasINE":144422,"porcentaje":0.018750605863372617},{"rango":{"min":25,"max":49},"vacunados":42724,"personasINE":738950,"porcentaje":0.05781717301576561},{"rango":{"min":50,"max":59},"vacunados":30426,"personasINE":381175,"porcentaje":0.0798216042500164},{"rango":{"min":60,"max":69},"vacunados":20493,"personasINE":318575,"porcentaje":0.06432708153496038},{"rango":{"min":70,"max":79},"vacunados":10905,"personasINE":245410,"porcentaje":0.044435842060225744},{"rango":{"min":80,"max":null},"vacunados":146896,"personasINE":223657,"porcentaje":0.6567914261570172}]}}},{"ccaa":"Castilla La Mancha","dosisAdministradas":569590,"dosisEntregadas":675235,"dosisEntregadasModerna":63800,"dosisEntregadasPfizer":469035,"dosisEntregadasAstrazeneca":142400,"dosisPautaCompletada":170611,"porcentajeEntregadas":0.8435433589787259,"porcentajePoblacionAdministradas":0.27849802050731925,"porcentajePoblacionCompletas":0.08341934685787013,"fechaUltRegistro":1618783156000},{"ccaa":"Cataluña","dosisAdministradas":2083020,"dosisEntregadas":2370030,"dosisEntregadasModerna":221100,"dosisEntregadasPfizer":1607030,"dosisEntregadasAstrazeneca":541900,"dosisPautaCompletada":498229,"porcentajeEntregadas":0.8789002670852267,"porcentajePoblacionAdministradas":0.2677238766404999,"porcentajePoblacionCompletas":0.06403577466117447,"fechaUltRegistro":1618783156000,"etarios":{"unaDosis":{"etarioTotal":{"vacunados":1584791,"personasINE":6531658,"porcentaje":0.24263226886649608},"etarioRangos":[{"rango":{"min":16,"max":17},"vacunados":326,"personasINE":159864,"porcentaje":0.0020392333483460943},{"rango":{"min":18,"max":24},"vacunados":35909,"personasINE":556316,"porcentaje":0.06454784690715348},{"rango":{"min":25,"max":49},"vacunados":295855,"personasINE":2803626,"porcentaje":0.1055258440319786},{"rango":{"min":50,"max":59},"vacunados":134776,"personasINE":1091780,"porcentaje":0.1234461155177783},{"rango":{"min":60,"max":69},"vacunados":414020,"personasINE":837584,"porcentaje":0.49430266098683834},{"rango":{"min":70,"max":79},"vacunados":267064,"personasINE":635292,"porcentaje":0.4203799197849178},{"rango":{"min":80,"max":null},"vacunados":436841,"personasINE":447196,"porcentaje":0.9768446050501346}]},"pautaCompleta":{"etarioTotal":{"vacunados":498229,"personasINE":6531658,"porcentaje":0.07627910095721485},"etarioRangos":[{"rango":{"min":16,"max":17},"vacunados":229,"personasINE":159864,"porcentaje":0.0014324675974578393},{"rango":{"min":18,"max":24},"vacunados":16859,"personasINE":556316,"porcentaje":0.030304718900768628},{"rango":{"min":25,"max":49},"vacunados":129702,"personasINE":2803626,"porcentaje":0.046262233265064595},{"rango":{"min":50,"max":59},"vacunados":69398,"personasINE":1091780,"porcentaje":0.06356408800307754},{"rango":{"min":60,"max":69},"vacunados":51981,"personasINE":837584,"porcentaje":0.06206064108196909},{"rango":{"min":70,"max":79},"vacunados":31323,"personasINE":635292,"porcentaje":0.04930488657184413},{"rango":{"min":80,"max":null},"vacunados":198737,"personasINE":447196,"porcentaje":0.4444069267166969}]}}},{"ccaa":"C. Valenciana","dosisAdministradas":1307612,"dosisEntregadas":1445830,"dosisEntregadasModerna":131600,"dosisEntregadasPfizer":961930,"dosisEntregadasAstrazeneca":352300,"dosisPautaCompletada":314462,"porcentajeEntregadas":0.9044023156249351,"porcentajePoblacionAdministradas":0.2585566006565094,"porcentajePoblacionCompletas":0.06217916763967237,"fechaUltRegistro":1618783156000,"etarios":{"unaDosis":{"etarioTotal":{"vacunados":993150,"personasINE":4269305,"porcentaje":0.23262568497682878},"etarioRangos":[{"rango":{"min":16,"max":17},"vacunados":117,"personasINE":103049,"porcentaje":0.001135382196818989},{"rango":{"min":18,"max":24},"vacunados":17597,"personasINE":352834,"porcentaje":0.04987331152893429},{"rango":{"min":25,"max":49},"vacunados":200529,"personasINE":1765967,"porcentaje":0.11355195199004285},{"rango":{"min":50,"max":59},"vacunados":90774,"personasINE":752334,"porcentaje":0.12065651691934699},{"rango":{"min":60,"max":69},"vacunados":192973,"personasINE":580728,"porcentaje":0.3322949814715323},{"rango":{"min":70,"max":79},"vacunados":205258,"personasINE":437862,"porcentaje":0.46877326646294953},{"rango":{"min":80,"max":null},"vacunados":285902,"personasINE":276531,"porcentaje":1.0338877015596806}]},"pautaCompleta":{"etarioTotal":{"vacunados":314462,"personasINE":4269305,"porcentaje":0.07365648507192622},"etarioRangos":[{"rango":{"min":16,"max":17},"vacunados":104,"personasINE":103049,"porcentaje":0.001009228619394657},{"rango":{"min":18,"max":24},"vacunados":5416,"personasINE":352834,"porcentaje":0.01534999461503143},{"rango":{"min":25,"max":49},"vacunados":69127,"personasINE":1765967,"porcentaje":0.03914399306442306},{"rango":{"min":50,"max":59},"vacunados":34550,"personasINE":752334,"porcentaje":0.04592375195059641},{"rango":{"min":60,"max":69},"vacunados":24346,"personasINE":580728,"porcentaje":0.04192324117314818},{"rango":{"min":70,"max":79},"vacunados":11009,"personasINE":437862,"porcentaje":0.025142624845270883},{"rango":{"min":80,"max":null},"vacunados":169910,"personasINE":276531,"porcentaje":0.6144338247791387}]}}},{"ccaa":"Extremadura","dosisAdministradas":353535,"dosisEntregadas":386985,"dosisEntregadasModerna":36200,"dosisEntregadasPfizer":276785,"dosisEntregadasAstrazeneca":74000,"dosisPautaCompletada":100876,"porcentajeEntregadas":0.9135625411837668,"porcentajePoblacionAdministradas":0.33227379657834166,"porcentajePoblacionCompletas":0.09480942906257313,"fechaUltRegistro":1618783156000,"etarios":{"unaDosis":{"etarioTotal":{"vacunados":252659,"personasINE":911213,"porcentaje":0.2772776507797847},"etarioRangos":[{"rango":{"min":16,"max":17},"vacunados":50,"personasINE":20953,"porcentaje":0.0023862931322483653},{"rango":{"min":18,"max":24},"vacunados":2244,"personasINE":76088,"porcentaje":0.029492166964567343},{"rango":{"min":25,"max":49},"vacunados":42473,"personasINE":351778,"porcentaje":0.12073807912945096},{"rango":{"min":50,"max":59},"vacunados":23509,"personasINE":169216,"porcentaje":0.13892894288956126},{"rango":{"min":60,"max":69},"vacunados":54456,"personasINE":125297,"porcentaje":0.43461535391908823},{"rango":{"min":70,"max":79},"vacunados":53520,"personasINE":91876,"porcentaje":0.5825242718446602},{"rango":{"min":80,"max":null},"vacunados":76407,"personasINE":76005,"porcentaje":1.0052891257154135}]},"pautaCompleta":{"etarioTotal":{"vacunados":100876,"personasINE":911213,"porcentaje":0.11070518089623392},"etarioRangos":[{"rango":{"min":16,"max":17},"vacunados":38,"personasINE":20953,"porcentaje":0.0018135827805087577},{"rango":{"min":18,"max":24},"vacunados":917,"personasINE":76088,"porcentaje":0.0120518347176953},{"rango":{"min":25,"max":49},"vacunados":19857,"personasINE":351778,"porcentaje":0.05644753225045341},{"rango":{"min":50,"max":59},"vacunados":13132,"personasINE":169216,"porcentaje":0.07760495461422087},{"rango":{"min":60,"max":69},"vacunados":7922,"personasINE":125297,"porcentaje":0.06322577555727592},{"rango":{"min":70,"max":79},"vacunados":3356,"personasINE":91876,"porcentaje":0.036527493578301186},{"rango":{"min":80,"max":null},"vacunados":55654,"personasINE":76005,"porcentaje":0.7322412999144793}]}}},{"ccaa":"Galicia","dosisAdministradas":877664,"dosisEntregadas":1030165,"dosisEntregadasModerna":98800,"dosisEntregadasPfizer":743065,"dosisEntregadasAstrazeneca":188300,"dosisPautaCompletada":224951,"porcentajeEntregadas":0.8519644911252081,"porcentajePoblacionAdministradas":0.32484189355393533,"porcentajePoblacionCompletas":0.08325909322571201,"fechaUltRegistro":1618783156000,"etarios":{"unaDosis":{"etarioTotal":{"vacunados":652713,"personasINE":2362643,"porcentaje":0.27626391291447755},"etarioRangos":[{"rango":{"min":16,"max":17},"vacunados":11,"personasINE":44014,"porcentaje":0.0002499204798473213},{"rango":{"min":18,"max":24},"vacunados":5126,"personasINE":152745,"porcentaje":0.03355919997381256},{"rango":{"min":25,"max":49},"vacunados":96932,"personasINE":889004,"porcentaje":0.10903438004778382},{"rango":{"min":50,"max":59},"vacunados":66314,"personasINE":405889,"porcentaje":0.16337964320294465},{"rango":{"min":60,"max":69},"vacunados":104008,"personasINE":346927,"porcentaje":0.29979794020067624},{"rango":{"min":70,"max":79},"vacunados":154498,"personasINE":289762,"porcentaje":0.5331893070865055},{"rango":{"min":80,"max":null},"vacunados":225824,"personasINE":234302,"porcentaje":0.9638159298682897}]},"pautaCompleta":{"etarioTotal":{"vacunados":224951,"personasINE":2362643,"porcentaje":0.09521159142536557},"etarioRangos":[{"rango":{"min":16,"max":17},"vacunados":3,"personasINE":44014,"porcentaje":0.00006816013086745126},{"rango":{"min":18,"max":24},"vacunados":1590,"personasINE":152745,"porcentaje":0.01040950603947756},{"rango":{"min":25,"max":49},"vacunados":39111,"personasINE":889004,"porcentaje":0.04399417775398086},{"rango":{"min":50,"max":59},"vacunados":23766,"personasINE":405889,"porcentaje":0.058552954132780145},{"rango":{"min":60,"max":69},"vacunados":16854,"personasINE":346927,"porcentaje":0.0485808253609549},{"rango":{"min":70,"max":79},"vacunados":4862,"personasINE":289762,"porcentaje":0.016779287829321997},{"rango":{"min":80,"max":null},"vacunados":138765,"personasINE":234302,"porcentaje":0.5922484656554361}]}}},{"ccaa":"La Rioja","dosisAdministradas":97907,"dosisEntregadas":110855,"dosisEntregadasModerna":10200,"dosisEntregadasPfizer":78455,"dosisEntregadasAstrazeneca":22200,"dosisPautaCompletada":26564,"porcentajeEntregadas":0.8831987731721619,"porcentajePoblacionAdministradas":0.3060416236863657,"porcentajePoblacionCompletas":0.0830348156066943,"fechaUltRegistro":1618783156000,"etarios":{"unaDosis":{"etarioTotal":{"vacunados":71343,"personasINE":270788,"porcentaje":0.26346440758083817},"etarioRangos":[{"rango":{"min":16,"max":17},"vacunados":9,"personasINE":6286,"porcentaje":0.0014317531021317213},{"rango":{"min":18,"max":24},"vacunados":1286,"personasINE":21170,"porcentaje":0.06074633915918753},{"rango":{"min":25,"max":49},"vacunados":13099,"personasINE":107618,"porcentaje":0.12171755654258581},{"rango":{"min":50,"max":59},"vacunados":6790,"personasINE":47664,"porcentaje":0.14245552198724404},{"rango":{"min":60,"max":69},"vacunados":15635,"personasINE":37718,"porcentaje":0.4145235696484437},{"rango":{"min":70,"max":79},"vacunados":12053,"personasINE":28125,"porcentaje":0.4285511111111111},{"rango":{"min":80,"max":null},"vacunados":22471,"personasINE":22207,"porcentaje":1.011888143378214}]},"pautaCompleta":{"etarioTotal":{"vacunados":26564,"personasINE":270788,"porcentaje":0.09809888178205829},"etarioRangos":[{"rango":{"min":16,"max":17},"vacunados":7,"personasINE":6286,"porcentaje":0.0011135857461024498},{"rango":{"min":18,"max":24},"vacunados":384,"personasINE":21170,"porcentaje":0.018138875767595656},{"rango":{"min":25,"max":49},"vacunados":4714,"personasINE":107618,"porcentaje":0.0438030812689327},{"rango":{"min":50,"max":59},"vacunados":3406,"personasINE":47664,"porcentaje":0.0714585431352803},{"rango":{"min":60,"max":69},"vacunados":2453,"personasINE":37718,"porcentaje":0.06503526167877406},{"rango":{"min":70,"max":79},"vacunados":704,"personasINE":28125,"porcentaje":0.02503111111111111},{"rango":{"min":80,"max":null},"vacunados":14896,"personasINE":22207,"porcentaje":0.6707794839465033}]}}},{"ccaa":"Madrid","dosisAdministradas":1718899,"dosisEntregadas":1964465,"dosisEntregadasModerna":179300,"dosisEntregadasPfizer":1312665,"dosisEntregadasAstrazeneca":472500,"dosisPautaCompletada":457232,"porcentajeEntregadas":0.8749959912749782,"porcentajePoblacionAdministradas":0.2535291143452517,"porcentajePoblacionCompletas":0.067439462126808,"fechaUltRegistro":1618783156000,"etarios":{"unaDosis":{"etarioTotal":{"vacunados":1261667,"personasINE":5695623,"porcentaje":0.221515188066345},"etarioRangos":[{"rango":{"min":16,"max":17},"vacunados":176,"personasINE":135861,"porcentaje":0.001295441664642539},{"rango":{"min":18,"max":24},"vacunados":22765,"personasINE":479716,"porcentaje":0.047455160970240724},{"rango":{"min":25,"max":49},"vacunados":272384,"personasINE":2513737,"porcentaje":0.10835819339891166},{"rango":{"min":50,"max":59},"vacunados":108773,"personasINE":972783,"porcentaje":0.11181630435564767},{"rango":{"min":60,"max":69},"vacunados":290507,"personasINE":703323,"porcentaje":0.4130491964573887},{"rango":{"min":70,"max":79},"vacunados":211688,"personasINE":526081,"porcentaje":0.4023867047089707},{"rango":{"min":80,"max":null},"vacunados":355374,"personasINE":364122,"porcentaje":0.9759750852736171}]},"pautaCompleta":{"etarioTotal":{"vacunados":457232,"personasINE":5695623,"porcentaje":0.08027778523964806},"etarioRangos":[{"rango":{"min":16,"max":17},"vacunados":62,"personasINE":135861,"porcentaje":0.000456348768226349},{"rango":{"min":18,"max":24},"vacunados":13900,"personasINE":479716,"porcentaje":0.028975477157318078},{"rango":{"min":25,"max":49},"vacunados":112143,"personasINE":2513737,"porcentaje":0.04461206562182122},{"rango":{"min":50,"max":59},"vacunados":52013,"personasINE":972783,"porcentaje":0.0534682452304368},{"rango":{"min":60,"max":69},"vacunados":31679,"personasINE":703323,"porcentaje":0.04504189398043289},{"rango":{"min":70,"max":79},"vacunados":9900,"personasINE":526081,"porcentaje":0.018818394885958625},{"rango":{"min":80,"max":null},"vacunados":237535,"personasINE":364122,"porcentaje":0.6523500365262193}]}}},{"ccaa":"Murcia","dosisAdministradas":345665,"dosisEntregadas":434955,"dosisEntregadasModerna":37700,"dosisEntregadasPfizer":292055,"dosisEntregadasAstrazeneca":105200,"dosisPautaCompletada":104198,"porcentajeEntregadas":0.7947143957420882,"porcentajePoblacionAdministradas":0.22872772292623794,"porcentajePoblacionCompletas":0.06894817604752619,"fechaUltRegistro":1618783156000,"etarios":{"unaDosis":{"etarioTotal":{"vacunados":241467,"personasINE":1237479,"porcentaje":0.1951281597505897},"etarioRangos":[{"rango":{"min":16,"max":17},"vacunados":106,"personasINE":34712,"porcentaje":0.0030536990089882463},{"rango":{"min":18,"max":24},"vacunados":7042,"personasINE":118667,"porcentaje":0.05934252993671366},{"rango":{"min":25,"max":49},"vacunados":58373,"personasINE":551265,"porcentaje":0.10588918215377359},{"rango":{"min":50,"max":59},"vacunados":25295,"personasINE":213256,"porcentaje":0.1186133098248115},{"rango":{"min":60,"max":69},"vacunados":40595,"personasINE":146909,"porcentaje":0.2763275224799025},{"rango":{"min":70,"max":79},"vacunados":41032,"personasINE":102899,"porcentaje":0.3987599490762787},{"rango":{"min":80,"max":null},"vacunados":69024,"personasINE":69771,"porcentaje":0.9892935460291525}]},"pautaCompleta":{"etarioTotal":{"vacunados":104198,"personasINE":1237479,"porcentaje":0.08420183291999299},"etarioRangos":[{"rango":{"min":16,"max":17},"vacunados":97,"personasINE":34712,"porcentaje":0.002794422678036414},{"rango":{"min":18,"max":24},"vacunados":2526,"personasINE":118667,"porcentaje":0.021286457060513873},{"rango":{"min":25,"max":49},"vacunados":27693,"personasINE":551265,"porcentaje":0.05023536774509537},{"rango":{"min":50,"max":59},"vacunados":13918,"personasINE":213256,"porcentaje":0.06526428330269723},{"rango":{"min":60,"max":69},"vacunados":7545,"personasINE":146909,"porcentaje":0.05135832386034892},{"rango":{"min":70,"max":79},"vacunados":2803,"personasINE":102899,"porcentaje":0.02724030359867443},{"rango":{"min":80,"max":null},"vacunados":49616,"personasINE":69771,"porcentaje":0.7111263992203064}]}}},{"ccaa":"Navarra","dosisAdministradas":193479,"dosisEntregadas":214255,"dosisEntregadasModerna":20100,"dosisEntregadasPfizer":148155,"dosisEntregadasAstrazeneca":46000,"dosisPautaCompletada":55832,"porcentajeEntregadas":0.9030314345056125,"porcentajePoblacionAdministradas":0.2926192950058757,"porcentajePoblacionCompletas":0.08444079449846263,"fechaUltRegistro":1618783156000,"etarios":{"unaDosis":{"etarioTotal":{"vacunados":137647,"personasINE":552935,"porcentaje":0.24893884452964635},"etarioRangos":[{"rango":{"min":16,"max":17},"vacunados":5,"personasINE":13906,"porcentaje":0.00035955702574428305},{"rango":{"min":18,"max":24},"vacunados":3282,"personasINE":48505,"porcentaje":0.06766312751262757},{"rango":{"min":25,"max":49},"vacunados":26126,"personasINE":223028,"porcentaje":0.1171422422296752},{"rango":{"min":50,"max":59},"vacunados":13642,"personasINE":96694,"porcentaje":0.1410842451444764},{"rango":{"min":60,"max":69},"vacunados":26830,"personasINE":73844,"porcentaje":0.36333351389415525},{"rango":{"min":70,"max":79},"vacunados":27150,"personasINE":55792,"porcentaje":0.4866289073702323},{"rango":{"min":80,"max":null},"vacunados":40612,"personasINE":41166,"porcentaje":0.9865422921828694}]},"pautaCompleta":{"etarioTotal":{"vacunados":55832,"personasINE":552935,"porcentaje":0.100973893857325},"etarioRangos":[{"rango":{"min":16,"max":17},"vacunados":4,"personasINE":13906,"porcentaje":0.00028764562059542645},{"rango":{"min":18,"max":24},"vacunados":913,"personasINE":48505,"porcentaje":0.01882280177301309},{"rango":{"min":25,"max":49},"vacunados":12391,"personasINE":223028,"porcentaje":0.05555804652330649},{"rango":{"min":50,"max":59},"vacunados":7596,"personasINE":96694,"porcentaje":0.07855709764825118},{"rango":{"min":60,"max":69},"vacunados":4073,"personasINE":73844,"porcentaje":0.05515681707383132},{"rango":{"min":70,"max":79},"vacunados":1820,"personasINE":55792,"porcentaje":0.032621164324634355},{"rango":{"min":80,"max":null},"vacunados":29035,"personasINE":41166,"porcentaje":0.7053150658310257}]}}},{"ccaa":"País Vasco","dosisAdministradas":633375,"dosisEntregadas":750750,"dosisEntregadasModerna":70900,"dosisEntregadasPfizer":525150,"dosisEntregadasAstrazeneca":154700,"dosisPautaCompletada":174031,"porcentajeEntregadas":0.8436563436563437,"porcentajePoblacionAdministradas":0.2852392970244593,"porcentajePoblacionCompletas":0.07837454920144256,"fechaUltRegistro":1618783156000,"etarios":{"unaDosis":{"etarioTotal":{"vacunados":459344,"personasINE":1898123,"porcentaje":0.24199906960718562},"etarioRangos":[{"rango":{"min":16,"max":17},"vacunados":8,"personasINE":41824,"porcentaje":0.00019127773527161438},{"rango":{"min":18,"max":24},"vacunados":11923,"personasINE":140323,"porcentaje":0.08496825181901756},{"rango":{"min":25,"max":49},"vacunados":93129,"personasINE":724849,"porcentaje":0.12848055250127957},{"rango":{"min":50,"max":59},"vacunados":50260,"personasINE":339977,"porcentaje":0.14783352991525897},{"rango":{"min":60,"max":69},"vacunados":92377,"personasINE":280119,"porcentaje":0.3297777016196688},{"rango":{"min":70,"max":79},"vacunados":59122,"personasINE":213081,"porcentaje":0.2774625611856524},{"rango":{"min":80,"max":null},"vacunados":152525,"personasINE":157950,"porcentaje":0.9656536878759101}]},"pautaCompleta":{"etarioTotal":{"vacunados":174031,"personasINE":1898123,"porcentaje":0.0916858391158002},"etarioRangos":[{"rango":{"min":16,"max":17},"vacunados":6,"personasINE":41824,"porcentaje":0.0001434583014537108},{"rango":{"min":18,"max":24},"vacunados":3290,"personasINE":140323,"porcentaje":0.023445906943266606},{"rango":{"min":25,"max":49},"vacunados":36718,"personasINE":724849,"porcentaje":0.050656067677543874},{"rango":{"min":50,"max":59},"vacunados":22772,"personasINE":339977,"porcentaje":0.06698100165599438},{"rango":{"min":60,"max":69},"vacunados":13484,"personasINE":280119,"porcentaje":0.04813668476611726},{"rango":{"min":70,"max":79},"vacunados":4013,"personasINE":213081,"porcentaje":0.01883321366053285},{"rango":{"min":80,"max":null},"vacunados":93748,"personasINE":157950,"porcentaje":0.5935295979740424}]}}},{"ccaa":"Ceuta","dosisAdministradas":17863,"dosisEntregadas":19040,"dosisEntregadasModerna":1600,"dosisEntregadasPfizer":11340,"dosisEntregadasAstrazeneca":6100,"dosisPautaCompletada":3792,"porcentajeEntregadas":0.9381827731092437,"porcentajePoblacionAdministradas":0.21214460464121992,"porcentajePoblacionCompletas":0.045034559749174606,"fechaUltRegistro":1618523956000,"etarios":{"unaDosis":{"etarioTotal":{"vacunados":14071,"personasINE":66158,"porcentaje":0.2126878079748481},"etarioRangos":[{"rango":{"min":16,"max":17},"vacunados":0,"personasINE":2175,"porcentaje":0},{"rango":{"min":18,"max":24},"vacunados":297,"personasINE":7581,"porcentaje":0.03917688959240206},{"rango":{"min":25,"max":49},"vacunados":3572,"personasINE":30066,"porcentaje":0.11880529501762789},{"rango":{"min":50,"max":59},"vacunados":1824,"personasINE":11556,"porcentaje":0.15784008307372793},{"rango":{"min":60,"max":69},"vacunados":2810,"personasINE":7857,"porcentaje":0.35764286623393154},{"rango":{"min":70,"max":79},"vacunados":3323,"personasINE":4318,"porcentaje":0.769569245020843},{"rango":{"min":80,"max":null},"vacunados":2245,"personasINE":2605,"porcentaje":0.8618042226487524}]},"pautaCompleta":{"etarioTotal":{"vacunados":3792,"personasINE":66158,"porcentaje":0.05731733123734091},"etarioRangos":[{"rango":{"min":16,"max":17},"vacunados":0,"personasINE":2175,"porcentaje":0},{"rango":{"min":18,"max":24},"vacunados":44,"personasINE":7581,"porcentaje":0.005803983643318823},{"rango":{"min":25,"max":49},"vacunados":826,"personasINE":30066,"porcentaje":0.027472892968801968},{"rango":{"min":50,"max":59},"vacunados":529,"personasINE":11556,"porcentaje":0.04577708549671167},{"rango":{"min":60,"max":69},"vacunados":328,"personasINE":7857,"porcentaje":0.04174621356751941},{"rango":{"min":70,"max":79},"vacunados":389,"personasINE":4318,"porcentaje":0.09008800370541918},{"rango":{"min":80,"max":null},"vacunados":1676,"personasINE":2605,"porcentaje":0.6433781190019194}]}}},{"ccaa":"Melilla","dosisAdministradas":16599,"dosisEntregadas":18940,"dosisEntregadasModerna":1500,"dosisEntregadasPfizer":11340,"dosisEntregadasAstrazeneca":6100,"dosisPautaCompletada":4369,"porcentajeEntregadas":0.8763991552270327,"porcentajePoblacionAdministradas":0.1906265790803436,"porcentajePoblacionCompletas":0.05017456015434792,"fechaUltRegistro":1618783156000,"etarios":{"unaDosis":{"etarioTotal":{"vacunados":12230,"personasINE":66178,"porcentaje":0.18480461784883193},"etarioRangos":[{"rango":{"min":16,"max":17},"vacunados":6,"personasINE":2324,"porcentaje":0.0025817555938037868},{"rango":{"min":18,"max":24},"vacunados":194,"personasINE":8536,"porcentaje":0.022727272727272728},{"rango":{"min":25,"max":49},"vacunados":3253,"personasINE":30095,"porcentaje":0.10809104502409038},{"rango":{"min":50,"max":59},"vacunados":1551,"personasINE":11299,"porcentaje":0.13726878484821667},{"rango":{"min":60,"max":69},"vacunados":2913,"personasINE":7827,"porcentaje":0.3721732464545803},{"rango":{"min":70,"max":79},"vacunados":2596,"personasINE":3748,"porcentaje":0.6926360725720384},{"rango":{"min":80,"max":null},"vacunados":1717,"personasINE":2349,"porcentaje":0.7309493401447424}]},"pautaCompleta":{"etarioTotal":{"vacunados":4369,"personasINE":66178,"porcentaje":0.06601891867387953},"etarioRangos":[{"rango":{"min":16,"max":17},"vacunados":6,"personasINE":2324,"porcentaje":0.0025817555938037868},{"rango":{"min":18,"max":24},"vacunados":58,"personasINE":8536,"porcentaje":0.006794751640112465},{"rango":{"min":25,"max":49},"vacunados":837,"personasINE":30095,"porcentaje":0.0278119288918425},{"rango":{"min":50,"max":59},"vacunados":539,"personasINE":11299,"porcentaje":0.04770333657845827},{"rango":{"min":60,"max":69},"vacunados":351,"personasINE":7827,"porcentaje":0.04484476811038712},{"rango":{"min":70,"max":79},"vacunados":1140,"personasINE":3748,"porcentaje":0.304162219850587},{"rango":{"min":80,"max":null},"vacunados":1438,"personasINE":2349,"porcentaje":0.6121753937845892}]}}},{"ccaa":"Fuerzas Armadas","dosisAdministradas":70180,"dosisEntregadas":85600,"dosisEntregadasModerna":0,"dosisEntregadasPfizer":19500,"dosisEntregadasAstrazeneca":66100,"dosisPautaCompletada":5587,"porcentajeEntregadas":0.8198598130841122,"porcentajePoblacionAdministradas":null,"porcentajePoblacionCompletas":null,"fechaUltRegistro":1618783156000},{"ccaa":"Totales","dosisAdministradas":13041032,"dosisEntregadas":14916375,"dosisEntregadasModerna":1372800,"dosisEntregadasPfizer":10172175,"dosisEntregadasAstrazeneca":3371400,"dosisPautaCompletada":3452119,"porcentajeEntregadas":0.8742762232781088,"porcentajePoblacionAdministradas":0.27782343417128247,"porcentajePoblacionCompletas":0.07354322539412016,"fechaUltRegistro":null,"etarios":{"unaDosis":{"etarioTotal":{"vacunados":9588913,"personasINE":40129822,"porcentaje":0.2389473095594593},"etarioRangos":[{"rango":{"min":16,"max":17},"vacunados":1428,"personasINE":949049,"porcentaje":0.001504664142736571},{"rango":{"min":18,"max":24},"vacunados":177072,"personasINE":3310299,"porcentaje":0.05349124051936094},{"rango":{"min":25,"max":49},"vacunados":1864992,"personasINE":16706113,"porcentaje":0.11163530379568246},{"rango":{"min":50,"max":59},"vacunados":891724,"personasINE":7033306,"porcentaje":0.12678589556603964},{"rango":{"min":60,"max":69},"vacunados":2054922,"personasINE":5336986,"porcentaje":0.3850341747195889},{"rango":{"min":70,"max":79},"vacunados":1798887,"personasINE":3960045,"porcentaje":0.45425923190266776},{"rango":{"min":80,"max":null},"vacunados":2799888,"personasINE":2834024,"porcentaje":0.9879549361614439}]},"pautaCompleta":{"etarioTotal":{"vacunados":3452119,"personasINE":40129822,"porcentaje":0.08602378051913612},"etarioRangos":[{"rango":{"min":16,"max":17},"vacunados":964,"personasINE":949049,"porcentaje":0.001015753664984632},{"rango":{"min":18,"max":24},"vacunados":73256,"personasINE":3310299,"porcentaje":0.022129723025019796},{"rango":{"min":25,"max":49},"vacunados":778254,"personasINE":16706113,"porcentaje":0.046584983592532866},{"rango":{"min":50,"max":59},"vacunados":428184,"personasINE":7033306,"porcentaje":0.060879478299394336},{"rango":{"min":60,"max":69},"vacunados":278772,"personasINE":5336986,"porcentaje":0.05223397625551201},{"rango":{"min":70,"max":79},"vacunados":132056,"personasINE":3960045,"porcentaje":0.03334709580320425},{"rango":{"min":80,"max":null},"vacunados":1760633,"personasINE":2834024,"porcentaje":0.6212484439087319}]}}}]