[{"ccaa":"Andalucía","dosisAdministradas":415015,"dosisEntregadas":545910,"dosisEntregadasModerna":36300,"dosisEntregadasPfizer":475110,"dosisEntregadasAstrazeneca":34500,"dosisPautaCompletada":168087,"porcentajeEntregadas":0.760226044586104,"porcentajePoblacionAdministradas":0.049030582281507834,"porcentajePoblacionCompletas":0.019858085813649645,"fechaUltRegistro":1612915200000},{"ccaa":"Aragón","dosisAdministradas":84487,"dosisEntregadas":92745,"dosisEntregadasModerna":6300,"dosisEntregadasPfizer":81045,"dosisEntregadasAstrazeneca":5400,"dosisPautaCompletada":32986,"porcentajeEntregadas":0.9109601595773357,"porcentajePoblacionAdministradas":0.0635531608082197,"porcentajePoblacionCompletas":0.024812865439889392,"fechaUltRegistro":1612915200000},{"ccaa":"Asturias","dosisAdministradas":77168,"dosisEntregadas":94475,"dosisEntregadasModerna":6300,"dosisEntregadasPfizer":83975,"dosisEntregadasAstrazeneca":4200,"dosisPautaCompletada":32706,"porcentajeEntregadas":0.8168086795448531,"porcentajePoblacionAdministradas":0.07574520212331563,"porcentajePoblacionCompletas":0.032102977667493794,"fechaUltRegistro":1612915200000},{"ccaa":"Baleares","dosisAdministradas":38969,"dosisEntregadas":50480,"dosisEntregadasModerna":3200,"dosisEntregadasPfizer":42480,"dosisEntregadasAstrazeneca":4800,"dosisPautaCompletada":15576,"porcentajeEntregadas":0.7719690966719492,"porcentajePoblacionAdministradas":0.033262970287902364,"porcentajePoblacionCompletas":0.013295286643341302,"fechaUltRegistro":1612915200000},{"ccaa":"Canarias","dosisAdministradas":86467,"dosisEntregadas":109470,"dosisEntregadasModerna":7000,"dosisEntregadasPfizer":93570,"dosisEntregadasAstrazeneca":8900,"dosisPautaCompletada":29967,"porcentajeEntregadas":0.7898693706038183,"porcentajePoblacionAdministradas":0.03973754935770642,"porcentajePoblacionCompletas":0.013771903056685074,"fechaUltRegistro":1612828800000},{"ccaa":"Cantabria","dosisAdministradas":38217,"dosisEntregadas":44645,"dosisEntregadasModerna":2900,"dosisEntregadasPfizer":39345,"dosisEntregadasAstrazeneca":2400,"dosisPautaCompletada":16259,"porcentajeEntregadas":0.8560197110538694,"porcentajePoblacionAdministradas":0.06556299911649412,"porcentajePoblacionCompletas":0.027893052898842866,"fechaUltRegistro":1612915200000},{"ccaa":"Castilla y Leon","dosisAdministradas":172686,"dosisEntregadas":200855,"dosisEntregadasModerna":13500,"dosisEntregadasPfizer":177555,"dosisEntregadasAstrazeneca":9800,"dosisPautaCompletada":72444,"porcentajeEntregadas":0.8597545493017351,"porcentajePoblacionAdministradas":0.07210518272441896,"porcentajePoblacionCompletas":0.030249052368390067,"fechaUltRegistro":1612915200000},{"ccaa":"Castilla La Mancha","dosisAdministradas":113637,"dosisEntregadas":137875,"dosisEntregadasModerna":9200,"dosisEntregadasPfizer":120375,"dosisEntregadasAstrazeneca":8300,"dosisPautaCompletada":38191,"porcentajeEntregadas":0.8242030825022666,"porcentajePoblacionAdministradas":0.055562210636405554,"porcentajePoblacionCompletas":0.01867328763004096,"fechaUltRegistro":1612915200000},{"ccaa":"Cataluña","dosisAdministradas":357875,"dosisEntregadas":473320,"dosisEntregadasModerna":31400,"dosisEntregadasPfizer":410120,"dosisEntregadasAstrazeneca":31800,"dosisPautaCompletada":146079,"porcentajeEntregadas":0.7560952421194963,"porcentajePoblacionAdministradas":0.045996525406726246,"porcentajePoblacionCompletas":0.018775065134164617,"fechaUltRegistro":1612915200000},{"ccaa":"C. Valenciana","dosisAdministradas":208242,"dosisEntregadas":243580,"dosisEntregadasModerna":15700,"dosisEntregadasPfizer":207280,"dosisEntregadasAstrazeneca":20600,"dosisPautaCompletada":90760,"porcentajeEntregadas":0.8549224074226127,"porcentajePoblacionAdministradas":0.041176085592601504,"porcentajePoblacionCompletas":0.01794614692705848,"fechaUltRegistro":1612915200000},{"ccaa":"Extremadura","dosisAdministradas":73439,"dosisEntregadas":84075,"dosisEntregadasModerna":5400,"dosisEntregadasPfizer":74375,"dosisEntregadasAstrazeneca":4300,"dosisPautaCompletada":29776,"porcentajeEntregadas":0.8734939042521558,"porcentajePoblacionAdministradas":0.06902245986088176,"porcentajePoblacionCompletas":0.027985304331725858,"fechaUltRegistro":1612915200000},{"ccaa":"Galicia","dosisAdministradas":117783,"dosisEntregadas":149615,"dosisEntregadasModerna":9800,"dosisEntregadasPfizer":128815,"dosisEntregadasAstrazeneca":11000,"dosisPautaCompletada":55082,"porcentajeEntregadas":0.7872405841660262,"porcentajePoblacionAdministradas":0.04359396391838239,"porcentajePoblacionCompletas":0.020387005939331983,"fechaUltRegistro":1612915200000},{"ccaa":"La Rioja","dosisAdministradas":19428,"dosisEntregadas":22655,"dosisEntregadasModerna":1400,"dosisEntregadasPfizer":19955,"dosisEntregadasAstrazeneca":1300,"dosisPautaCompletada":8129,"porcentajeEntregadas":0.8575590377400133,"porcentajePoblacionAdministradas":0.06072882087060898,"porcentajePoblacionCompletas":0.025409953925117374,"fechaUltRegistro":1612915200000},{"ccaa":"Madrid","dosisAdministradas":308047,"dosisEntregadas":386475,"dosisEntregadasModerna":25400,"dosisEntregadasPfizer":333375,"dosisEntregadasAstrazeneca":27700,"dosisPautaCompletada":128570,"porcentajeEntregadas":0.797068374409729,"porcentajePoblacionAdministradas":0.045435411322428926,"porcentajePoblacionCompletas":0.018963440104025318,"fechaUltRegistro":1612915200000},{"ccaa":"Murcia","dosisAdministradas":81470,"dosisEntregadas":100105,"dosisEntregadasModerna":6600,"dosisEntregadasPfizer":87305,"dosisEntregadasAstrazeneca":6200,"dosisPautaCompletada":29721,"porcentajeEntregadas":0.8138454622646222,"porcentajePoblacionAdministradas":0.05390898004368566,"porcentajePoblacionCompletas":0.019666488227303075,"fechaUltRegistro":1612915200000},{"ccaa":"Navarra","dosisAdministradas":38016,"dosisEntregadas":44945,"dosisEntregadasModerna":2900,"dosisEntregadasPfizer":39345,"dosisEntregadasAstrazeneca":2700,"dosisPautaCompletada":14003,"porcentajeEntregadas":0.8458337968628323,"porcentajePoblacionAdministradas":0.057495723664807916,"porcentajePoblacionCompletas":0.021178257009635555,"fechaUltRegistro":1612915200000},{"ccaa":"País Vasco","dosisAdministradas":84459,"dosisEntregadas":124460,"dosisEntregadasModerna":7900,"dosisEntregadasPfizer":107460,"dosisEntregadasAstrazeneca":9100,"dosisPautaCompletada":32897,"porcentajeEntregadas":0.6786035674112164,"porcentajePoblacionAdministradas":0.03803595940381103,"porcentajePoblacionCompletas":0.014815105039216321,"fechaUltRegistro":1612915200000},{"ccaa":"Ceuta","dosisAdministradas":2559,"dosisEntregadas":5120,"dosisEntregadasModerna":400,"dosisEntregadasPfizer":4320,"dosisEntregadasAstrazeneca":400,"dosisPautaCompletada":963,"porcentajeEntregadas":0.4998046875,"porcentajePoblacionAdministradas":0.030391202109213557,"porcentajePoblacionCompletas":0.011436782974276145,"fechaUltRegistro":1612915200000},{"ccaa":"Melilla","dosisAdministradas":2543,"dosisEntregadas":3950,"dosisEntregadasModerna":400,"dosisEntregadasPfizer":3150,"dosisEntregadasAstrazeneca":400,"dosisPautaCompletada":1082,"porcentajeEntregadas":0.6437974683544304,"porcentajePoblacionAdministradas":0.02920437319123524,"porcentajePoblacionCompletas":0.012425926776608939,"fechaUltRegistro":1612915200000},{"ccaa":"Totales","dosisAdministradas":2320507,"dosisEntregadas":2914755,"dosisEntregadasModerna":192000,"dosisEntregadasPfizer":2528955,"dosisEntregadasAstrazeneca":193800,"dosisPautaCompletada":943278,"porcentajeEntregadas":0.7961242025487563,"porcentajePoblacionAdministradas":0.049435598636557304,"porcentajePoblacionCompletas":0.020095398380911803,"fechaUltRegistro":null}]