[{"ccaa":"Andalucía","dosisAdministradas":13080966,"dosisEntregadas":13766150,"dosisEntregadasModerna":2019500,"dosisEntregadasPfizer":9884250,"dosisEntregadasAstrazeneca":1528900,"dosisEntregadasJanssen":333500,"dosisPrimeraDosis":6847168,"dosisPautaCompletada":6742001,"porcentajeEntregadas":0.9502268971353647,"porcentajePoblacionAdministradas":1.545407707636125,"porcentajePoblacionPrimeraDosis":0.8089361445232279,"porcentajePoblacionCompletas":0.7965115351794708,"fechaUltRegistro":1635379200000,"etarios":{"unaDosis":{"etarioTotal":{"vacunados":6847168,"personasINE":7451975,"porcentaje":0.9188393680869836},"etarioRangos":[{"rango":{"min":12,"max":19},"vacunados":667322,"personasINE":752907,"porcentaje":0.8256262706316115},{"rango":{"min":20,"max":29},"vacunados":766736,"personasINE":928672.0000000001,"porcentaje":0.9030650184750136},{"rango":{"min":30,"max":39},"vacunados":929843,"personasINE":1140217,"porcentaje":0.9030650184750136},{"rango":{"min":40,"max":49},"vacunados":1250848,"personasINE":1385114,"porcentaje":0.9030650184750136},{"rango":{"min":50,"max":59},"vacunados":1215747,"personasINE":1265021,"porcentaje":0.9610488679634568},{"rango":{"min":60,"max":69},"vacunados":929215,"personasINE":929215,"porcentaje":1},{"rango":{"min":70,"max":79},"vacunados":653622,"personasINE":653622,"porcentaje":1},{"rango":{"min":80,"max":null},"vacunados":433835,"personasINE":433835,"porcentaje":1}]},"pautaCompleta":{"etarioTotal":{"vacunados":6742001,"personasINE":7451975,"porcentaje":0.9047267335169535},"etarioRangos":[{"rango":{"min":12,"max":19},"vacunados":650265,"personasINE":752907,"porcentaje":0.7987427207883946},{"rango":{"min":20,"max":29},"vacunados":741770,"personasINE":928672,"porcentaje":0.8931575307158833},{"rango":{"min":30,"max":39},"vacunados":907405,"personasINE":1140217,"porcentaje":0.8931575307158833},{"rango":{"min":40,"max":49},"vacunados":1237125,"personasINE":1385114,"porcentaje":0.8931575307158833},{"rango":{"min":50,"max":59},"vacunados":1206081,"personasINE":1265021,"porcentaje":0.9534078880903953},{"rango":{"min":60,"max":69},"vacunados":921416,"personasINE":916147,"porcentaje":1.0057512604418286},{"rango":{"min":70,"max":79},"vacunados":649330,"personasINE":650381,"porcentaje":0.9983840241335463},{"rango":{"min":80,"max":null},"vacunados":428609,"personasINE":428609,"porcentaje":1}]}}},{"ccaa":"Aragón","dosisAdministradas":2010178,"dosisEntregadas":2114792,"dosisEntregadasModerna":269550,"dosisEntregadasPfizer":1517367,"dosisEntregadasAstrazeneca":264060,"dosisEntregadasJanssen":63815,"dosisPrimeraDosis":1067187,"dosisPautaCompletada":1048137,"porcentajeEntregadas":0.9505322509258594,"porcentajePoblacionAdministradas":1.5121044147282476,"porcentajePoblacionPrimeraDosis":0.802763821930493,"porcentajePoblacionCompletas":0.7884339520878357,"fechaUltRegistro":1635379200000,"etarios":{"unaDosis":{"etarioTotal":{"vacunados":1067187,"personasINE":1185134,"porcentaje":0.9004779206401976},"etarioRangos":[{"rango":{"min":12,"max":19},"vacunados":88188,"personasINE":103109,"porcentaje":0.7978926541974372},{"rango":{"min":20,"max":29},"vacunados":104046,"personasINE":130401,"porcentaje":0.8743992593385224},{"rango":{"min":30,"max":39},"vacunados":125755,"personasINE":164286,"porcentaje":0.8743992593385224},{"rango":{"min":40,"max":49},"vacunados":187946,"personasINE":214943,"porcentaje":0.8743992593385224},{"rango":{"min":50,"max":59},"vacunados":186079,"personasINE":198266,"porcentaje":0.9385320730735477},{"rango":{"min":60,"max":69},"vacunados":154581,"personasINE":156367,"porcentaje":0.9885781526792737},{"rango":{"min":70,"max":79},"vacunados":119296,"personasINE":119296,"porcentaje":1},{"rango":{"min":80,"max":null},"vacunados":101296,"personasINE":101296,"porcentaje":1}]},"pautaCompleta":{"etarioTotal":{"vacunados":1048137,"personasINE":1185134,"porcentaje":0.8844037889386348},"etarioRangos":[{"rango":{"min":12,"max":19},"vacunados":85290,"personasINE":103109,"porcentaje":0.7690508508370335},{"rango":{"min":20,"max":29},"vacunados":100285,"personasINE":130400.99999999999,"porcentaje":0.861986666232443},{"rango":{"min":30,"max":39},"vacunados":122210,"personasINE":164286,"porcentaje":0.861986666232443},{"rango":{"min":40,"max":49},"vacunados":185278,"personasINE":214943,"porcentaje":0.861986666232443},{"rango":{"min":50,"max":59},"vacunados":184041,"personasINE":198266,"porcentaje":0.9282529531034065},{"rango":{"min":60,"max":69},"vacunados":152570,"personasINE":156367,"porcentaje":0.9757173828237415},{"rango":{"min":70,"max":79},"vacunados":118532,"personasINE":118955,"porcentaje":0.9964440334580303},{"rango":{"min":80,"max":null},"vacunados":99931,"personasINE":99931,"porcentaje":1}]}}},{"ccaa":"Asturias","dosisAdministradas":1694269,"dosisEntregadas":1650625,"dosisEntregadasModerna":162000,"dosisEntregadasPfizer":1224725,"dosisEntregadasAstrazeneca":220900,"dosisEntregadasJanssen":43000,"dosisPrimeraDosis":873801,"dosisPautaCompletada":865720,"porcentajeEntregadas":1.0264408936009088,"porcentajePoblacionAdministradas":1.6630306325972926,"porcentajePoblacionPrimeraDosis":0.8576901482551748,"porcentajePoblacionCompletas":0.8497581430411156,"fechaUltRegistro":1635379200000,"etarios":{"unaDosis":{"etarioTotal":{"vacunados":873801,"personasINE":933927,"porcentaje":0.9356202358428443},"etarioRangos":[{"rango":{"min":12,"max":19},"vacunados":60599,"personasINE":64000,"porcentaje":0.8431444426185992},{"rango":{"min":20,"max":29},"vacunados":66702,"personasINE":79111,"porcentaje":0.9024090830154557},{"rango":{"min":30,"max":39},"vacunados":91039,"personasINE":114451,"porcentaje":0.9024090830154557},{"rango":{"min":40,"max":49},"vacunados":150696,"personasINE":166993,"porcentaje":0.9024090830154557},{"rango":{"min":50,"max":59},"vacunados":153213,"personasINE":162645,"porcentaje":0.9420086691874943},{"rango":{"min":60,"max":69},"vacunados":148220,"personasINE":149652,"porcentaje":0.9904311335632},{"rango":{"min":70,"max":79},"vacunados":114370,"personasINE":114370,"porcentaje":1},{"rango":{"min":80,"max":null},"vacunados":88962,"personasINE":88962,"porcentaje":1}]},"pautaCompleta":{"etarioTotal":{"vacunados":865720,"personasINE":933927,"porcentaje":0.9269675252990865},"etarioRangos":[{"rango":{"min":12,"max":19},"vacunados":59508,"personasINE":64000,"porcentaje":0.8219210982037896},{"rango":{"min":20,"max":29},"vacunados":65023,"personasINE":79111,"porcentaje":0.8969058583293911},{"rango":{"min":30,"max":39},"vacunados":89404,"personasINE":114451,"porcentaje":0.8969058583293911},{"rango":{"min":40,"max":49},"vacunados":149777,"personasINE":166993,"porcentaje":0.8969058583293911},{"rango":{"min":50,"max":59},"vacunados":152469,"personasINE":162645,"porcentaje":0.9374342894033016},{"rango":{"min":60,"max":69},"vacunados":147406,"personasINE":149652,"porcentaje":0.9849918477534547},{"rango":{"min":70,"max":79},"vacunados":113951,"personasINE":113951,"porcentaje":1},{"rango":{"min":80,"max":null},"vacunados":88182,"personasINE":88182,"porcentaje":1}]}}},{"ccaa":"Baleares","dosisAdministradas":1609925,"dosisEntregadas":1891250,"dosisEntregadasModerna":305100,"dosisEntregadasPfizer":1272150,"dosisEntregadasAstrazeneca":256400,"dosisEntregadasJanssen":57600,"dosisPrimeraDosis":857609,"dosisPautaCompletada":840618,"porcentajeEntregadas":0.8512491738268341,"porcentajePoblacionAdministradas":1.374191984417132,"porcentajePoblacionPrimeraDosis":0.7320337367045,"porcentajePoblacionCompletas":0.7175306412141936,"fechaUltRegistro":1635379200000,"etarios":{"unaDosis":{"etarioTotal":{"vacunados":857609,"personasINE":1034867,"porcentaje":0.8287142212477545},"etarioRangos":[{"rango":{"min":12,"max":19},"vacunados":74644,"personasINE":95480,"porcentaje":0.7049629554450422},{"rango":{"min":20,"max":29},"vacunados":97244,"personasINE":137942,"porcentaje":0.8131366043885687},{"rango":{"min":30,"max":39},"vacunados":126631,"personasINE":182187,"porcentaje":0.8131366043885687},{"rango":{"min":40,"max":49},"vacunados":167646,"personasINE":206172,"porcentaje":0.8131366043885687},{"rango":{"min":50,"max":59},"vacunados":150286,"personasINE":165797,"porcentaje":0.9064458343637098},{"rango":{"min":60,"max":69},"vacunados":110387,"personasINE":117231,"porcentaje":0.9416195374943488},{"rango":{"min":70,"max":79},"vacunados":79273,"personasINE":80516,"porcentaje":0.9845620746187094},{"rango":{"min":80,"max":null},"vacunados":51498,"personasINE":51498,"porcentaje":1}]},"pautaCompleta":{"etarioTotal":{"vacunados":840618,"personasINE":1034867,"porcentaje":0.8122956863055832},"etarioRangos":[{"rango":{"min":12,"max":19},"vacunados":72294,"personasINE":95480,"porcentaje":0.6758420205593655},{"rango":{"min":20,"max":29},"vacunados":93227,"personasINE":137942,"porcentaje":0.8001134974681334},{"rango":{"min":30,"max":39},"vacunados":122605,"personasINE":182187,"porcentaje":0.8001134974681334},{"rango":{"min":40,"max":49},"vacunados":164961,"personasINE":206172,"porcentaje":0.8001134974681334},{"rango":{"min":50,"max":59},"vacunados":148525,"personasINE":165797,"porcentaje":0.8958244117806715},{"rango":{"min":60,"max":69},"vacunados":109332,"personasINE":117231,"porcentaje":0.9326202113775367},{"rango":{"min":70,"max":79},"vacunados":78801,"personasINE":80516,"porcentaje":0.9786998857369964},{"rango":{"min":80,"max":null},"vacunados":50873,"personasINE":50873,"porcentaje":1}]}}},{"ccaa":"Canarias","dosisAdministradas":3164373,"dosisEntregadas":3522840,"dosisEntregadasModerna":574700,"dosisEntregadasPfizer":2358690,"dosisEntregadasAstrazeneca":455800,"dosisEntregadasJanssen":133650,"dosisPrimeraDosis":1679188,"dosisPautaCompletada":1639795,"porcentajeEntregadas":0.8982448819702286,"porcentajePoblacionAdministradas":1.4542476120796781,"porcentajePoblacionPrimeraDosis":0.771702684618043,"porcentajePoblacionCompletas":0.7535988845342176,"fechaUltRegistro":1635379200000,"etarios":{"unaDosis":{"etarioTotal":{"vacunados":1679188,"personasINE":1960774,"porcentaje":0.8563903846134231},"etarioRangos":[{"rango":{"min":12,"max":19},"vacunados":153283,"personasINE":179797,"porcentaje":0.7475451642118309},{"rango":{"min":20,"max":29},"vacunados":188193,"personasINE":251747.99999999997,"porcentaje":0.8200008249038472},{"rango":{"min":30,"max":39},"vacunados":229726,"personasINE":310934,"porcentaje":0.8200008249038472},{"rango":{"min":40,"max":49},"vacunados":318098,"personasINE":387924,"porcentaje":0.8200008249038472},{"rango":{"min":50,"max":59},"vacunados":320806,"personasINE":350512,"porcentaje":0.9152496918793079},{"rango":{"min":60,"max":69},"vacunados":224574,"personasINE":235092,"porcentaje":0.9552600683987545},{"rango":{"min":70,"max":79},"vacunados":151435,"personasINE":154531,"porcentaje":0.9799651849790657},{"rango":{"min":80,"max":null},"vacunados":93073,"personasINE":93073,"porcentaje":1}]},"pautaCompleta":{"etarioTotal":{"vacunados":1639795,"personasINE":1960774,"porcentaje":0.8362998489372054},"etarioRangos":[{"rango":{"min":12,"max":19},"vacunados":144162,"personasINE":179797,"porcentaje":0.7079500135055691},{"rango":{"min":20,"max":29},"vacunados":178225,"personasINE":251748,"porcentaje":0.8088027551788495},{"rango":{"min":30,"max":39},"vacunados":222119,"personasINE":310934,"porcentaje":0.8088027551788495},{"rango":{"min":40,"max":49},"vacunados":313754,"personasINE":387924,"porcentaje":0.8088027551788495},{"rango":{"min":50,"max":59},"vacunados":318301,"personasINE":350512,"porcentaje":0.9081030036061533},{"rango":{"min":60,"max":69},"vacunados":220958,"personasINE":235092,"porcentaje":0.9398788559372501},{"rango":{"min":70,"max":79},"vacunados":150303,"personasINE":154531,"porcentaje":0.9726397939571996},{"rango":{"min":80,"max":null},"vacunados":91973,"personasINE":91973,"porcentaje":1}]}}},{"ccaa":"Cantabria","dosisAdministradas":926568,"dosisEntregadas":989605,"dosisEntregadasModerna":114900,"dosisEntregadasPfizer":727305,"dosisEntregadasAstrazeneca":125200,"dosisEntregadasJanssen":22200,"dosisPrimeraDosis":482452,"dosisPautaCompletada":476843,"porcentajeEntregadas":0.9363008473077642,"porcentajePoblacionAdministradas":1.589569483878162,"porcentajePoblacionPrimeraDosis":0.8276683164495072,"porcentajePoblacionCompletas":0.8180458222180287,"fechaUltRegistro":1635379200000,"etarios":{"unaDosis":{"etarioTotal":{"vacunados":482452,"personasINE":524127,"porcentaje":0.9204868285739907},"etarioRangos":[{"rango":{"min":12,"max":19},"vacunados":39308,"personasINE":43963,"porcentaje":0.8156024156024156},{"rango":{"min":20,"max":29},"vacunados":41192,"personasINE":50505,"porcentaje":0.9003569638638014},{"rango":{"min":30,"max":39},"vacunados":54706,"personasINE":70473,"porcentaje":0.9003569638638014},{"rango":{"min":40,"max":49},"vacunados":88027,"personasINE":97769,"porcentaje":0.9003569638638014},{"rango":{"min":50,"max":59},"vacunados":84299,"personasINE":89964,"porcentaje":0.9370303677026366},{"rango":{"min":60,"max":69},"vacunados":76678,"personasINE":77345,"porcentaje":0.9913763009890749},{"rango":{"min":70,"max":79},"vacunados":55924,"personasINE":55924,"porcentaje":1},{"rango":{"min":80,"max":null},"vacunados":42318,"personasINE":42318,"porcentaje":1}]},"pautaCompleta":{"etarioTotal":{"vacunados":476843,"personasINE":524127,"porcentaje":0.9097852238102597},"etarioRangos":[{"rango":{"min":12,"max":19},"vacunados":38253,"personasINE":43963,"porcentaje":0.7944955944955945},{"rango":{"min":20,"max":29},"vacunados":40126,"personasINE":50505,"porcentaje":0.8910799946813407},{"rango":{"min":30,"max":39},"vacunados":53744,"personasINE":70473,"porcentaje":0.8910799946813407},{"rango":{"min":40,"max":49},"vacunados":87120,"personasINE":97769,"porcentaje":0.8910799946813407},{"rango":{"min":50,"max":59},"vacunados":83757,"personasINE":89964,"porcentaje":0.9310057356275844},{"rango":{"min":60,"max":69},"vacunados":76274,"personasINE":77345,"porcentaje":0.9861529510634172},{"rango":{"min":70,"max":79},"vacunados":55705,"personasINE":55705,"porcentaje":1},{"rango":{"min":80,"max":null},"vacunados":41864,"personasINE":41864,"porcentaje":1}]}}},{"ccaa":"Castilla y Leon","dosisAdministradas":3799060,"dosisEntregadas":4268600,"dosisEntregadasModerna":411830,"dosisEntregadasPfizer":3274545,"dosisEntregadasAstrazeneca":481200,"dosisEntregadasJanssen":101025,"dosisPrimeraDosis":2002745,"dosisPautaCompletada":1962988,"porcentajeEntregadas":0.8900014056130816,"porcentajePoblacionAdministradas":1.5863006583106394,"porcentajePoblacionPrimeraDosis":0.8362478381305748,"porcentajePoblacionCompletas":0.8196472697603843,"fechaUltRegistro":1635379200000,"etarios":{"unaDosis":{"etarioTotal":{"vacunados":2002745,"personasINE":2176253,"porcentaje":0.9202721374766629},"etarioRangos":[{"rango":{"min":12,"max":19},"vacunados":143678,"personasINE":165342,"porcentaje":0.8194221965252173},{"rango":{"min":20,"max":29},"vacunados":172903,"personasINE":211006,"porcentaje":0.8822724707890065},{"rango":{"min":30,"max":39},"vacunados":212236,"personasINE":267783,"porcentaje":0.8822724707890065},{"rango":{"min":40,"max":49},"vacunados":320534,"personasINE":363305,"porcentaje":0.8822724707890065},{"rango":{"min":50,"max":59},"vacunados":352995,"personasINE":381175,"porcentaje":0.9260707024332656},{"rango":{"min":60,"max":69},"vacunados":320540,"personasINE":320540,"porcentaje":1},{"rango":{"min":70,"max":79},"vacunados":250519,"personasINE":250519,"porcentaje":1},{"rango":{"min":80,"max":null},"vacunados":229340,"personasINE":229340,"porcentaje":1}]},"pautaCompleta":{"etarioTotal":{"vacunados":1962988,"personasINE":2176253,"porcentaje":0.9020035813850688},"etarioRangos":[{"rango":{"min":12,"max":19},"vacunados":133444,"personasINE":165342,"porcentaje":0.7835369610342834},{"rango":{"min":20,"max":29},"vacunados":165331,"personasINE":211006,"porcentaje":0.8685154346898611},{"rango":{"min":30,"max":39},"vacunados":205969,"personasINE":267783,"porcentaje":0.8685154346898611},{"rango":{"min":40,"max":49},"vacunados":315536,"personasINE":363305,"porcentaje":0.8685154346898611},{"rango":{"min":50,"max":59},"vacunados":348763,"personasINE":381175,"porcentaje":0.9149681904636978},{"rango":{"min":60,"max":69},"vacunados":317949,"personasINE":318575,"porcentaje":0.9980349996076278},{"rango":{"min":70,"max":79},"vacunados":249104,"personasINE":249104,"porcentaje":1},{"rango":{"min":80,"max":null},"vacunados":226892,"personasINE":226892,"porcentaje":1}]}}},{"ccaa":"Castilla La Mancha","dosisAdministradas":3034595,"dosisEntregadas":3268780,"dosisEntregadasModerna":446800,"dosisEntregadasPfizer":2330505,"dosisEntregadasAstrazeneca":396400,"dosisEntregadasJanssen":95075,"dosisPrimeraDosis":1618834,"dosisPautaCompletada":1561450,"porcentajeEntregadas":0.9283570628797289,"porcentajePoblacionAdministradas":1.483749188962953,"porcentajePoblacionPrimeraDosis":0.7915203295878538,"porcentajePoblacionCompletas":0.7634627260330302,"fechaUltRegistro":1635379200000},{"ccaa":"Cataluña","dosisAdministradas":11227686,"dosisEntregadas":11863410,"dosisEntregadasModerna":1604900,"dosisEntregadasPfizer":8368460,"dosisEntregadasAstrazeneca":1514300,"dosisEntregadasJanssen":375750,"dosisPrimeraDosis":5977108,"dosisPautaCompletada":5849001,"porcentajeEntregadas":0.9464130465018068,"porcentajePoblacionAdministradas":1.4430584543702258,"porcentajePoblacionPrimeraDosis":0.7682185119964979,"porcentajePoblacionCompletas":0.7517533303540823,"fechaUltRegistro":1635379200000,"etarios":{"unaDosis":{"etarioTotal":{"vacunados":5977108,"personasINE":6868360,"porcentaje":0.8702380189739618},"etarioRangos":[{"rango":{"min":12,"max":19},"vacunados":530418,"personasINE":656166,"porcentaje":0.7609218831017898},{"rango":{"min":20,"max":29},"vacunados":638364,"personasINE":838935,"porcentaje":0.8567729000459463},{"rango":{"min":30,"max":39},"vacunados":777829,"personasINE":1044652,"porcentaje":0.8567729000459463},{"rango":{"min":40,"max":49},"vacunados":1128160,"personasINE":1316755,"porcentaje":0.8567729000459463},{"rango":{"min":50,"max":59},"vacunados":1025458,"personasINE":1091780,"porcentaje":0.9392533294253421},{"rango":{"min":60,"max":69},"vacunados":799602,"personasINE":837584,"porcentaje":0.9546529064547555},{"rango":{"min":70,"max":79},"vacunados":618414,"personasINE":635292,"porcentaje":0.9734326892200752},{"rango":{"min":80,"max":null},"vacunados":458863,"personasINE":458863,"porcentaje":1}]},"pautaCompleta":{"etarioTotal":{"vacunados":5849001,"personasINE":6868360,"porcentaje":0.8515862593108108},"etarioRangos":[{"rango":{"min":12,"max":19},"vacunados":510033,"personasINE":656166,"porcentaje":0.7250013409858929},{"rango":{"min":20,"max":29},"vacunados":608229,"personasINE":838935,"porcentaje":0.8429601558376464},{"rango":{"min":30,"max":39},"vacunados":750999,"personasINE":1044652,"porcentaje":0.8429601558376464},{"rango":{"min":40,"max":49},"vacunados":1109972,"personasINE":1316755,"porcentaje":0.8429601558376464},{"rango":{"min":50,"max":59},"vacunados":1014347,"personasINE":1091780,"porcentaje":0.9290763706973932},{"rango":{"min":60,"max":69},"vacunados":787899,"personasINE":837584,"porcentaje":0.9406805765153107},{"rango":{"min":70,"max":79},"vacunados":614352,"personasINE":635292,"porcentaje":0.9670387790181523},{"rango":{"min":80,"max":null},"vacunados":453170,"personasINE":453170,"porcentaje":1}]}}},{"ccaa":"C. Valenciana","dosisAdministradas":7706750,"dosisEntregadas":8088540,"dosisEntregadasModerna":1213650,"dosisEntregadasPfizer":5797540,"dosisEntregadasAstrazeneca":863900,"dosisEntregadasJanssen":213450,"dosisPrimeraDosis":4074767,"dosisPautaCompletada":4009580,"porcentajeEntregadas":0.9527986509308232,"porcentajePoblacionAdministradas":1.523870293412384,"porcentajePoblacionPrimeraDosis":0.8057114067378726,"porcentajePoblacionCompletas":0.7928218576002111,"fechaUltRegistro":1635379200000,"etarios":{"unaDosis":{"etarioTotal":{"vacunados":4074767,"personasINE":4488459,"porcentaje":0.9078320644123072},"etarioRangos":[{"rango":{"min":12,"max":19},"vacunados":370852,"personasINE":424531,"porcentaje":0.8231885237325769},{"rango":{"min":20,"max":29},"vacunados":424869,"personasINE":516126,"porcentaje":0.8839239162599755},{"rango":{"min":30,"max":39},"vacunados":509483,"personasINE":648759,"porcentaje":0.8839239162599755},{"rango":{"min":40,"max":49},"vacunados":752739,"personasINE":851588,"porcentaje":0.8839239162599755},{"rango":{"min":50,"max":59},"vacunados":714902,"personasINE":752334,"porcentaje":0.9502455026623813},{"rango":{"min":60,"max":69},"vacunados":570163,"personasINE":580728,"porcentaje":0.981807317711562},{"rango":{"min":70,"max":79},"vacunados":434469,"personasINE":437862,"porcentaje":0.9922509831864834},{"rango":{"min":80,"max":null},"vacunados":297290,"personasINE":297290,"porcentaje":1}]},"pautaCompleta":{"etarioTotal":{"vacunados":4009580,"personasINE":4488459,"porcentaje":0.8933088171240954},"etarioRangos":[{"rango":{"min":12,"max":19},"vacunados":357842,"personasINE":424531,"porcentaje":0.7948136695303085},{"rango":{"min":20,"max":29},"vacunados":410224,"personasINE":516126,"porcentaje":0.8743347722137935},{"rango":{"min":30,"max":39},"vacunados":497345,"personasINE":648759,"porcentaje":0.8743347722137935},{"rango":{"min":40,"max":49},"vacunados":744573,"personasINE":851588,"porcentaje":0.8743347722137935},{"rango":{"min":50,"max":59},"vacunados":709527,"personasINE":752334,"porcentaje":0.9431010694718037},{"rango":{"min":60,"max":69},"vacunados":565049,"personasINE":580728,"porcentaje":0.9730011296166191},{"rango":{"min":70,"max":79},"vacunados":431788,"personasINE":437862,"porcentaje":0.9861280494767758},{"rango":{"min":80,"max":null},"vacunados":293232,"personasINE":293232,"porcentaje":1}]}}},{"ccaa":"Extremadura","dosisAdministradas":1757628,"dosisEntregadas":1733085,"dosisEntregadasModerna":218200,"dosisEntregadasPfizer":1277135,"dosisEntregadasAstrazeneca":186000,"dosisEntregadasJanssen":51750,"dosisPrimeraDosis":897943,"dosisPautaCompletada":883729,"porcentajeEntregadas":1.0141614519772544,"porcentajePoblacionAdministradas":1.6519261983464084,"porcentajePoblacionPrimeraDosis":0.8439417022952348,"porcentajePoblacionCompletas":0.8305825165157094,"fechaUltRegistro":1635379200000,"etarios":{"unaDosis":{"etarioTotal":{"vacunados":897943,"personasINE":953437,"porcentaje":0.9417958396831673},"etarioRangos":[{"rango":{"min":12,"max":19},"vacunados":76654,"personasINE":84750,"porcentaje":0.8235086480762442},{"rango":{"min":20,"max":29},"vacunados":93320,"personasINE":113320,"porcentaje":0.9170125521963208},{"rango":{"min":30,"max":39},"vacunados":113101,"personasINE":133479,"porcentaje":0.9170125521963208},{"rango":{"min":40,"max":49},"vacunados":146258,"personasINE":159494,"porcentaje":0.9170125521963208},{"rango":{"min":50,"max":59},"vacunados":161519,"personasINE":169216,"porcentaje":0.9545137575642966},{"rango":{"min":60,"max":69},"vacunados":132876,"personasINE":132876,"porcentaje":1},{"rango":{"min":70,"max":79},"vacunados":95937,"personasINE":95937,"porcentaje":1},{"rango":{"min":80,"max":null},"vacunados":78278,"personasINE":78278,"porcentaje":1}]},"pautaCompleta":{"etarioTotal":{"vacunados":883729,"personasINE":953437,"porcentaje":0.926887670606448},"etarioRangos":[{"rango":{"min":12,"max":19},"vacunados":73952,"personasINE":84750,"porcentaje":0.7947582068478645},{"rango":{"min":20,"max":29},"vacunados":90062,"personasINE":113320,"porcentaje":0.9053381318419502},{"rango":{"min":30,"max":39},"vacunados":110511,"personasINE":133479,"porcentaje":0.9053381318419502},{"rango":{"min":40,"max":49},"vacunados":144396,"personasINE":159494,"porcentaje":0.9053381318419502},{"rango":{"min":50,"max":59},"vacunados":160285,"personasINE":169216,"porcentaje":0.9472213029500757},{"rango":{"min":60,"max":69},"vacunados":131648,"personasINE":125297,"porcentaje":1.0506875663423705},{"rango":{"min":70,"max":79},"vacunados":95430,"personasINE":95430,"porcentaje":1},{"rango":{"min":80,"max":null},"vacunados":77445,"personasINE":77445,"porcentaje":1}]}}},{"ccaa":"Galicia","dosisAdministradas":4455019,"dosisEntregadas":4479149,"dosisEntregadasModerna":527400,"dosisEntregadasPfizer":3255649,"dosisEntregadasAstrazeneca":573400,"dosisEntregadasJanssen":122700,"dosisPrimeraDosis":2309036,"dosisPautaCompletada":2287602,"porcentajeEntregadas":0.9946128159612462,"porcentajePoblacionAdministradas":1.6488961695805677,"porcentajePoblacionPrimeraDosis":0.8546227560025301,"porcentajePoblacionCompletas":0.8466895820926569,"fechaUltRegistro":1635379200000,"etarios":{"unaDosis":{"etarioTotal":{"vacunados":2309036,"personasINE":2454497,"porcentaje":0.9407369412144321},"etarioRangos":[{"rango":{"min":12,"max":19},"vacunados":168341,"personasINE":180007,"porcentaje":0.8604690429082912},{"rango":{"min":20,"max":29},"vacunados":198752,"personasINE":230981,"porcentaje":0.9203670403703795},{"rango":{"min":30,"max":39},"vacunados":263510,"personasINE":323408,"porcentaje":0.9203670403703795},{"rango":{"min":40,"max":49},"vacunados":407926,"personasINE":443221,"porcentaje":0.9203670403703795},{"rango":{"min":50,"max":59},"vacunados":390868,"personasINE":405889,"porcentaje":0.9629923451978251},{"rango":{"min":60,"max":69},"vacunados":346001,"personasINE":346927,"porcentaje":0.9973308505823992},{"rango":{"min":70,"max":79},"vacunados":291324,"personasINE":291324,"porcentaje":1},{"rango":{"min":80,"max":null},"vacunados":242314,"personasINE":242314,"porcentaje":1}]},"pautaCompleta":{"etarioTotal":{"vacunados":2287602,"personasINE":2454497,"porcentaje":0.9320043984571992},"etarioRangos":[{"rango":{"min":12,"max":19},"vacunados":164548,"personasINE":180007,"porcentaje":0.838770288465285},{"rango":{"min":20,"max":29},"vacunados":193740,"personasINE":230981,"porcentaje":0.9140270880666755},{"rango":{"min":30,"max":39},"vacunados":259598,"personasINE":323408,"porcentaje":0.9140270880666755},{"rango":{"min":40,"max":49},"vacunados":405116,"personasINE":443221,"porcentaje":0.9140270880666755},{"rango":{"min":50,"max":59},"vacunados":388904,"personasINE":405889,"porcentaje":0.9581535838615977},{"rango":{"min":60,"max":69},"vacunados":344855,"personasINE":346927,"porcentaje":0.9940275619943101},{"rango":{"min":70,"max":79},"vacunados":290123,"personasINE":290123,"porcentaje":1},{"rango":{"min":80,"max":null},"vacunados":240718,"personasINE":240718,"porcentaje":1}]}}},{"ccaa":"La Rioja","dosisAdministradas":483887,"dosisEntregadas":510565,"dosisEntregadasModerna":67600,"dosisEntregadasPfizer":374465,"dosisEntregadasAstrazeneca":53300,"dosisEntregadasJanssen":15200,"dosisPrimeraDosis":260394,"dosisPautaCompletada":255158,"porcentajeEntregadas":0.9477480830060815,"porcentajePoblacionAdministradas":1.512553373719187,"porcentajePoblacionPrimeraDosis":0.813949999062248,"porcentajePoblacionCompletas":0.7975831004582482,"fechaUltRegistro":1635379200000,"etarios":{"unaDosis":{"etarioTotal":{"vacunados":260394,"personasINE":283970,"porcentaje":0.9169771454731134},"etarioRangos":[{"rango":{"min":12,"max":19},"vacunados":21989,"personasINE":25532,"porcentaje":0.7934532799264561},{"rango":{"min":20,"max":29},"vacunados":24167,"personasINE":30458,"porcentaje":0.8982378605020115},{"rango":{"min":30,"max":39},"vacunados":31189,"personasINE":39319,"porcentaje":0.8982378605020115},{"rango":{"min":40,"max":49},"vacunados":47559,"personasINE":52947,"porcentaje":0.8982378605020115},{"rango":{"min":50,"max":59},"vacunados":45403,"personasINE":47664,"porcentaje":0.9525637797918765},{"rango":{"min":60,"max":69},"vacunados":38058,"personasINE":38058,"porcentaje":1},{"rango":{"min":70,"max":79},"vacunados":28665,"personasINE":28665,"porcentaje":1},{"rango":{"min":80,"max":null},"vacunados":23364,"personasINE":23364,"porcentaje":1}]},"pautaCompleta":{"etarioTotal":{"vacunados":255158,"personasINE":283970,"porcentaje":0.8985385780188048},"etarioRangos":[{"rango":{"min":12,"max":19},"vacunados":20994,"personasINE":25532,"porcentaje":0.7581587760194366},{"rango":{"min":20,"max":29},"vacunados":23092,"personasINE":30458,"porcentaje":0.8836194685251288},{"rango":{"min":30,"max":39},"vacunados":30278,"personasINE":39319,"porcentaje":0.8836194685251288},{"rango":{"min":40,"max":49},"vacunados":46785,"personasINE":52947,"porcentaje":0.8836194685251288},{"rango":{"min":50,"max":59},"vacunados":44785,"personasINE":47664,"porcentaje":0.9395980194696206},{"rango":{"min":60,"max":69},"vacunados":37495,"personasINE":37718,"porcentaje":0.9940877034837479},{"rango":{"min":70,"max":79},"vacunados":28562,"personasINE":28562,"porcentaje":1},{"rango":{"min":80,"max":null},"vacunados":23167,"personasINE":23167,"porcentaje":1}]}}},{"ccaa":"Madrid","dosisAdministradas":9951508,"dosisEntregadas":10831929,"dosisEntregadasModerna":1645800,"dosisEntregadasPfizer":7637679,"dosisEntregadasAstrazeneca":1227000,"dosisEntregadasJanssen":321450,"dosisPrimeraDosis":5337849,"dosisPautaCompletada":5223030,"porcentajeEntregadas":0.9187198328201746,"porcentajePoblacionAdministradas":1.467798288113314,"porcentajePoblacionPrimeraDosis":0.7873063684827832,"porcentajePoblacionCompletas":0.770371132974468,"fechaUltRegistro":1635379200000,"etarios":{"unaDosis":{"etarioTotal":{"vacunados":5337849,"personasINE":5977937,"porcentaje":0.8929249338024138},"etarioRangos":[{"rango":{"min":12,"max":19},"vacunados":451782,"personasINE":553542,"porcentaje":0.8036863194046937},{"rango":{"min":20,"max":29},"vacunados":596717,"personasINE":742475,"porcentaje":0.8836609143795171},{"rango":{"min":30,"max":39},"vacunados":744944,"personasINE":949640,"porcentaje":0.8836609143795171},{"rango":{"min":40,"max":49},"vacunados":1030323,"personasINE":1165971,"porcentaje":0.8836609143795171},{"rango":{"min":50,"max":59},"vacunados":940315,"personasINE":972783,"porcentaje":0.9666235943679115},{"rango":{"min":60,"max":69},"vacunados":688815,"personasINE":703323,"porcentaje":0.9793722087860058},{"rango":{"min":70,"max":79},"vacunados":511045,"personasINE":526081,"porcentaje":0.9714188499489622},{"rango":{"min":80,"max":null},"vacunados":373908,"personasINE":373908,"porcentaje":1}]},"pautaCompleta":{"etarioTotal":{"vacunados":5223030,"personasINE":5977937,"porcentaje":0.8737178059922679},"etarioRangos":[{"rango":{"min":12,"max":19},"vacunados":436424,"personasINE":553542,"porcentaje":0.7664742920637059},{"rango":{"min":20,"max":29},"vacunados":569088,"personasINE":742475,"porcentaje":0.8666124629171738},{"rango":{"min":30,"max":39},"vacunados":718289,"personasINE":949640,"porcentaje":0.8666124629171738},{"rango":{"min":40,"max":49},"vacunados":1010445,"personasINE":1165971,"porcentaje":0.8666124629171738},{"rango":{"min":50,"max":59},"vacunados":932460,"personasINE":972783,"porcentaje":0.9585488233244207},{"rango":{"min":60,"max":69},"vacunados":676493,"personasINE":703323,"porcentaje":0.9618525201081153},{"rango":{"min":70,"max":79},"vacunados":508873,"personasINE":526081,"porcentaje":0.967290208161861},{"rango":{"min":80,"max":null},"vacunados":370958,"personasINE":370958,"porcentaje":1}]}}},{"ccaa":"Murcia","dosisAdministradas":2232313,"dosisEntregadas":2407175,"dosisEntregadasModerna":398000,"dosisEntregadasPfizer":1687865,"dosisEntregadasAstrazeneca":253010,"dosisEntregadasJanssen":68300,"dosisPrimeraDosis":1191530,"dosisPautaCompletada":1160803,"porcentajeEntregadas":0.927358002637947,"porcentajePoblacionAdministradas":1.4771292128177251,"porcentajePoblacionPrimeraDosis":0.7884395113717046,"porcentajePoblacionCompletas":0.768107349474045,"fechaUltRegistro":1635379200000,"etarios":{"unaDosis":{"etarioTotal":{"vacunados":1191530,"personasINE":1310137,"porcentaje":0.9094697730084716},"etarioRangos":[{"rango":{"min":12,"max":19},"vacunados":119011,"personasINE":141894,"porcentaje":0.8168396730295853},{"rango":{"min":20,"max":29},"vacunados":140699,"personasINE":172248,"porcentaje":0.9114405662641596},{"rango":{"min":30,"max":39},"vacunados":167115,"personasINE":209003,"porcentaje":0.9114405662641596},{"rango":{"min":40,"max":49},"vacunados":231649,"personasINE":254157,"porcentaje":0.9114405662641596},{"rango":{"min":50,"max":59},"vacunados":207453,"personasINE":213256,"porcentaje":0.9727885733578422},{"rango":{"min":60,"max":69},"vacunados":148315,"personasINE":148315,"porcentaje":1},{"rango":{"min":70,"max":79},"vacunados":103314,"personasINE":103314,"porcentaje":1},{"rango":{"min":80,"max":null},"vacunados":73974,"personasINE":73974,"porcentaje":1}]},"pautaCompleta":{"etarioTotal":{"vacunados":1160803,"personasINE":1310137,"porcentaje":0.8860165005644448},"etarioRangos":[{"rango":{"min":12,"max":19},"vacunados":114383,"personasINE":141894,"porcentaje":0.774633087176629},{"rango":{"min":20,"max":29},"vacunados":133429,"personasINE":172248,"porcentaje":0.891094874428011},{"rango":{"min":30,"max":39},"vacunados":160822,"personasINE":209003,"porcentaje":0.891094874428011},{"rango":{"min":40,"max":49},"vacunados":226478,"personasINE":254157,"porcentaje":0.891094874428011},{"rango":{"min":50,"max":59},"vacunados":204795,"personasINE":213256,"porcentaje":0.9603246801965712},{"rango":{"min":60,"max":69},"vacunados":145661,"personasINE":146909,"porcentaje":0.9915049452382086},{"rango":{"min":70,"max":79},"vacunados":102114,"personasINE":102899,"porcentaje":0.9923711600695828},{"rango":{"min":80,"max":null},"vacunados":73121,"personasINE":73121,"porcentaje":1}]}}},{"ccaa":"Navarra","dosisAdministradas":997146,"dosisEntregadas":1046175,"dosisEntregadasModerna":151500,"dosisEntregadasPfizer":734325,"dosisEntregadasAstrazeneca":136600,"dosisEntregadasJanssen":23750,"dosisPrimeraDosis":527643,"dosisPautaCompletada":521123,"porcentajeEntregadas":0.9531349917556814,"porcentajePoblacionAdministradas":1.5080921419788655,"porcentajePoblacionPrimeraDosis":0.7980117877122854,"porcentajePoblacionCompletas":0.7881508839271806,"fechaUltRegistro":1635379200000,"etarios":{"unaDosis":{"etarioTotal":{"vacunados":527643,"personasINE":581354,"porcentaje":0.9076105092594186},"etarioRangos":[{"rango":{"min":12,"max":19},"vacunados":48828,"personasINE":56388,"porcentaje":0.8358506906219267},{"rango":{"min":20,"max":29},"vacunados":56944,"personasINE":68127,"porcentaje":0.8823169941297383},{"rango":{"min":30,"max":39},"vacunados":63983,"personasINE":81341,"porcentaje":0.8823169941297383},{"rango":{"min":40,"max":49},"vacunados":95292,"personasINE":108002,"porcentaje":0.8823169941297383},{"rango":{"min":50,"max":59},"vacunados":91895,"personasINE":96694,"porcentaje":0.9503692059486628},{"rango":{"min":60,"max":69},"vacunados":72292,"personasINE":73844,"porcentaje":0.978982720329343},{"rango":{"min":70,"max":79},"vacunados":55896,"personasINE":55896,"porcentaje":1},{"rango":{"min":80,"max":null},"vacunados":42513,"personasINE":42513,"porcentaje":1}]},"pautaCompleta":{"etarioTotal":{"vacunados":521123,"personasINE":581354,"porcentaje":0.8963953116345634},"etarioRangos":[{"rango":{"min":12,"max":19},"vacunados":47787,"personasINE":56388,"porcentaje":0.8105596899907526},{"rango":{"min":20,"max":29},"vacunados":55221,"personasINE":68127,"porcentaje":0.8745208422066258},{"rango":{"min":30,"max":39},"vacunados":62801,"personasINE":81341,"porcentaje":0.8745208422066258},{"rango":{"min":40,"max":49},"vacunados":94450,"personasINE":108002,"porcentaje":0.8745208422066258},{"rango":{"min":50,"max":59},"vacunados":91291,"personasINE":96694,"porcentaje":0.9441226963410346},{"rango":{"min":60,"max":69},"vacunados":71701,"personasINE":73844,"porcentaje":0.9709793618980553},{"rango":{"min":70,"max":79},"vacunados":55747,"personasINE":55792,"porcentaje":0.9991934327502151},{"rango":{"min":80,"max":null},"vacunados":42125,"personasINE":42125,"porcentaje":1}]}}},{"ccaa":"País Vasco","dosisAdministradas":3412482,"dosisEntregadas":3668820,"dosisEntregadasModerna":526100,"dosisEntregadasPfizer":2597220,"dosisEntregadasAstrazeneca":444200,"dosisEntregadasJanssen":101300,"dosisPrimeraDosis":1812576,"dosisPautaCompletada":1780975,"porcentajeEntregadas":0.9301306687163721,"porcentajePoblacionAdministradas":1.5368051577479707,"porcentajePoblacionPrimeraDosis":0.8162903557030295,"porcentajePoblacionCompletas":0.8020589019429823,"fechaUltRegistro":1635379200000,"etarios":{"unaDosis":{"etarioTotal":{"vacunados":1812576,"personasINE":1983943,"porcentaje":0.9136230224356244},"etarioRangos":[{"rango":{"min":12,"max":19},"vacunados":145839,"personasINE":168606,"porcentaje":0.8105381722190796},{"rango":{"min":20,"max":29},"vacunados":163351,"personasINE":201534,"porcentaje":0.8846915359826362},{"rango":{"min":30,"max":39},"vacunados":202678,"personasINE":260543,"porcentaje":0.8846915359826362},{"rango":{"min":40,"max":49},"vacunados":320376,"personasINE":362133,"porcentaje":0.8846915359826362},{"rango":{"min":50,"max":59},"vacunados":323851,"personasINE":339977,"porcentaje":0.952567379558029},{"rango":{"min":60,"max":69},"vacunados":278538,"personasINE":280119,"porcentaje":0.9943559701412614},{"rango":{"min":70,"max":79},"vacunados":213755,"personasINE":213755,"porcentaje":1},{"rango":{"min":80,"max":null},"vacunados":164188,"personasINE":164188,"porcentaje":1}]},"pautaCompleta":{"etarioTotal":{"vacunados":1780975,"personasINE":1983943,"porcentaje":0.8976946414287104},"etarioRangos":[{"rango":{"min":12,"max":19},"vacunados":142232,"personasINE":168606,"porcentaje":0.7846219496462136},{"rango":{"min":20,"max":29},"vacunados":158128,"personasINE":201534,"porcentaje":0.8722154567520772},{"rango":{"min":30,"max":39},"vacunados":197036,"personasINE":260543,"porcentaje":0.8722154567520772},{"rango":{"min":40,"max":49},"vacunados":315858,"personasINE":362133,"porcentaje":0.8722154567520772},{"rango":{"min":50,"max":59},"vacunados":320494,"personasINE":339977,"porcentaje":0.9426931821858537},{"rango":{"min":60,"max":69},"vacunados":273187,"personasINE":280119,"porcentaje":0.9752533744587122},{"rango":{"min":70,"max":79},"vacunados":212181,"personasINE":213081,"porcentaje":0.9957762541005533},{"rango":{"min":80,"max":null},"vacunados":161859,"personasINE":157950.00000000003,"porcentaje":1.0247483380816713}]}}},{"ccaa":"Ceuta","dosisAdministradas":116096,"dosisEntregadas":140015,"dosisEntregadasModerna":22400,"dosisEntregadasPfizer":95580,"dosisEntregadasAstrazeneca":18100,"dosisEntregadasJanssen":3935,"dosisPrimeraDosis":62728,"dosisPautaCompletada":59991,"porcentajeEntregadas":0.8291683033960647,"porcentajePoblacionAdministradas":1.3787796014346452,"porcentajePoblacionPrimeraDosis":0.7449704282558609,"porcentajePoblacionCompletas":0.7124652621077884,"fechaUltRegistro":1635379200000,"etarios":{"unaDosis":{"etarioTotal":{"vacunados":62728,"personasINE":70965,"porcentaje":0.8839286972451208},"etarioRangos":[{"rango":{"min":12,"max":19},"vacunados":8527,"personasINE":9126,"porcentaje":0.841433391082338},{"rango":{"min":20,"max":29},"vacunados":9228,"personasINE":10967,"porcentaje":0.8832463217845278},{"rango":{"min":30,"max":39},"vacunados":9251,"personasINE":11894,"porcentaje":0.8832463217845278},{"rango":{"min":40,"max":49},"vacunados":11166,"personasINE":12642,"porcentaje":0.8832463217845278},{"rango":{"min":50,"max":59},"vacunados":10597,"personasINE":11556,"porcentaje":0.9170128071997231},{"rango":{"min":60,"max":69},"vacunados":7665,"personasINE":7857,"porcentaje":0.9755631920580374},{"rango":{"min":70,"max":79},"vacunados":3894,"personasINE":4318,"porcentaje":0.9018063918480778},{"rango":{"min":80,"max":null},"vacunados":2400,"personasINE":2605,"porcentaje":0.9213051823416507}]},"pautaCompleta":{"etarioTotal":{"vacunados":59991,"personasINE":70965,"porcentaje":0.8453603889241175},"etarioRangos":[{"rango":{"min":12,"max":19},"vacunados":7647,"personasINE":9126,"porcentaje":0.7683049147442327},{"rango":{"min":20,"max":29},"vacunados":8426,"personasINE":10967,"porcentaje":0.8612561303591204},{"rango":{"min":30,"max":39},"vacunados":8812,"personasINE":11894,"porcentaje":0.8612561303591204},{"rango":{"min":40,"max":49},"vacunados":10888,"personasINE":12642,"porcentaje":0.8612561303591204},{"rango":{"min":50,"max":59},"vacunados":10450,"personasINE":11556,"porcentaje":0.9042921426098997},{"rango":{"min":60,"max":69},"vacunados":7529,"personasINE":7857,"porcentaje":0.9582537864324806},{"rango":{"min":70,"max":79},"vacunados":3860,"personasINE":4318,"porcentaje":0.8939323761000463},{"rango":{"min":80,"max":null},"vacunados":2379,"personasINE":2605,"porcentaje":0.9132437619961612}]}}},{"ccaa":"Melilla","dosisAdministradas":103163,"dosisEntregadas":141100,"dosisEntregadasModerna":23500,"dosisEntregadasPfizer":96750,"dosisEntregadasAstrazeneca":15100,"dosisEntregadasJanssen":5750,"dosisPrimeraDosis":57692,"dosisPautaCompletada":55063,"porcentajeEntregadas":0.7311339475549256,"porcentajePoblacionAdministradas":1.1847466580917818,"porcentajePoblacionPrimeraDosis":0.6625476595158253,"porcentajePoblacionCompletas":0.6323556433460426,"fechaUltRegistro":1635379200000,"etarios":{"unaDosis":{"etarioTotal":{"vacunados":57692,"personasINE":70927,"porcentaje":0.8133996926417302},"etarioRangos":[{"rango":{"min":12,"max":19},"vacunados":7980,"personasINE":9574,"porcentaje":0.7292205085452271},{"rango":{"min":20,"max":29},"vacunados":8747,"personasINE":11995,"porcentaje":0.8409431761373104},{"rango":{"min":30,"max":39},"vacunados":8658,"personasINE":12133,"porcentaje":0.8409431761373104},{"rango":{"min":40,"max":49},"vacunados":10093,"personasINE":12002,"porcentaje":0.8409431761373104},{"rango":{"min":50,"max":59},"vacunados":9703,"personasINE":11299,"porcentaje":0.8587485618196301},{"rango":{"min":60,"max":69},"vacunados":7183,"personasINE":7827,"porcentaje":0.9177207103615689},{"rango":{"min":70,"max":79},"vacunados":3316,"personasINE":3748,"porcentaje":0.8847385272145144},{"rango":{"min":80,"max":null},"vacunados":2012,"personasINE":2349,"porcentaje":0.8565346956151554}]},"pautaCompleta":{"etarioTotal":{"vacunados":55063,"personasINE":70927,"porcentaje":0.7763334132276848},"etarioRangos":[{"rango":{"min":12,"max":19},"vacunados":7268,"personasINE":9574,"porcentaje":0.6646936223426427},{"rango":{"min":20,"max":29},"vacunados":7973,"personasINE":11995,"porcentaje":0.8205299116813864},{"rango":{"min":30,"max":39},"vacunados":8247,"personasINE":12133,"porcentaje":0.8205299116813864},{"rango":{"min":40,"max":49},"vacunados":9848,"personasINE":12002,"porcentaje":0.8205299116813864},{"rango":{"min":50,"max":59},"vacunados":9498,"personasINE":11299,"porcentaje":0.8406053633064873},{"rango":{"min":60,"max":69},"vacunados":7018,"personasINE":7827,"porcentaje":0.8966398364635237},{"rango":{"min":70,"max":79},"vacunados":3246,"personasINE":3748,"porcentaje":0.8660618996798293},{"rango":{"min":80,"max":null},"vacunados":1965,"personasINE":2349,"porcentaje":0.8365261813537676}]}}},{"ccaa":"Fuerzas Armadas","dosisAdministradas":173087,"dosisEntregadas":212238,"dosisEntregadasModerna":58300,"dosisEntregadasPfizer":48138,"dosisEntregadasAstrazeneca":103800,"dosisEntregadasJanssen":2000,"dosisPrimeraDosis":92862,"dosisPautaCompletada":86816,"porcentajeEntregadas":0.8155325625005889,"porcentajePoblacionAdministradas":null,"porcentajePoblacionPrimeraDosis":null,"porcentajePoblacionCompletas":null,"fechaUltRegistro":1635292800000},{"ccaa":"Sanidad Exterior","dosisAdministradas":7061,"dosisEntregadas":9250,"dosisEntregadasModerna":4910,"dosisEntregadasPfizer":0,"dosisEntregadasAstrazeneca":0,"dosisEntregadasJanssen":4340,"dosisPrimeraDosis":5324,"dosisPautaCompletada":5088,"porcentajeEntregadas":0.7633513513513513,"porcentajePoblacionAdministradas":null,"porcentajePoblacionPrimeraDosis":null,"porcentajePoblacionCompletas":null,"fechaUltRegistro":1635379200000,"etarios":{"unaDosis":{"etarioTotal":{"vacunados":5324,"personasINE":"-","porcentaje":"-"},"etarioRangos":[{"rango":{"min":12,"max":19},"vacunados":171,"personasINE":null,"porcentaje":"-"},{"rango":{"min":20,"max":29},"vacunados":1289,"personasINE":null,"porcentaje":"-"},{"rango":{"min":30,"max":39},"vacunados":1550,"personasINE":null,"porcentaje":"-"},{"rango":{"min":40,"max":49},"vacunados":1328,"personasINE":null,"porcentaje":"-"},{"rango":{"min":50,"max":59},"vacunados":696,"personasINE":null,"porcentaje":"-"},{"rango":{"min":60,"max":69},"vacunados":226,"personasINE":null,"porcentaje":"-"},{"rango":{"min":70,"max":79},"vacunados":37,"personasINE":null,"porcentaje":"-"},{"rango":{"min":80,"max":null},"vacunados":27,"personasINE":null,"porcentaje":"-"}]},"pautaCompleta":{"etarioTotal":{"vacunados":5088,"personasINE":"-","porcentaje":"-"},"etarioRangos":[{"rango":{"min":12,"max":19},"vacunados":155,"personasINE":null,"porcentaje":"-"},{"rango":{"min":20,"max":29},"vacunados":1234,"personasINE":null,"porcentaje":"-"},{"rango":{"min":30,"max":39},"vacunados":1476,"personasINE":null,"porcentaje":"-"},{"rango":{"min":40,"max":49},"vacunados":1276,"personasINE":null,"porcentaje":"-"},{"rango":{"min":50,"max":59},"vacunados":670,"personasINE":null,"porcentaje":"-"},{"rango":{"min":60,"max":69},"vacunados":215,"personasINE":null,"porcentaje":"-"},{"rango":{"min":70,"max":79},"vacunados":36,"personasINE":null,"porcentaje":"-"},{"rango":{"min":80,"max":null},"vacunados":26,"personasINE":null,"porcentaje":"-"}]}}},{"ccaa":"Totales","dosisAdministradas":71943760,"dosisEntregadas":76604093,"dosisEntregadasModerna":10766640,"dosisEntregadasPfizer":54560343,"dosisEntregadasAstrazeneca":9117570,"dosisEntregadasJanssen":2159540,"dosisPrimeraDosis":38036436,"dosisPautaCompletada":37315511,"porcentajeEntregadas":0.9391633943110586,"porcentajePoblacionAdministradas":1.5326749041329357,"porcentajePoblacionPrimeraDosis":0.8103203238176395,"porcentajePoblacionCompletas":0.7949618875159778,"fechaUltRegistro":null,"etarios":{"unaDosis":{"etarioTotal":{"vacunados":38036436,"personasINE":42119827,"porcentaje":0.9030529968700963},"etarioRangos":[{"rango":{"min":12,"max":19},"vacunados":3327425,"personasINE":3888686,"porcentaje":0.8070490470489257},{"rango":{"min":20,"max":29},"vacunados":3990567,"personasINE":4944640,"porcentaje":0.8839263143209156},{"rango":{"min":30,"max":39},"vacunados":4900453,"personasINE":6230403,"porcentaje":0.8839263143209156},{"rango":{"min":40,"max":49},"vacunados":6975714,"personasINE":7891737,"porcentaje":0.8839263143209156},{"rango":{"min":50,"max":59},"vacunados":6681904,"personasINE":7033306,"porcentaje":0.9500374361644439},{"rango":{"min":60,"max":69},"vacunados":5279821,"personasINE":5336986,"porcentaje":0.9892888982658002},{"rango":{"min":70,"max":79},"vacunados":3942909,"personasINE":3960045,"porcentaje":0.9956727764457222},{"rango":{"min":80,"max":null},"vacunados":2937643,"personasINE":2937643,"porcentaje":1}]},"pautaCompleta":{"etarioTotal":{"vacunados":37315511,"personasINE":42119827,"porcentaje":0.8859369484114927},"etarioRangos":[{"rango":{"min":12,"max":19},"vacunados":3208800,"personasINE":3888686,"porcentaje":0.7739366263266891},{"rango":{"min":20,"max":29},"vacunados":3826838,"personasINE":4944640,"porcentaje":0.8706174572213949},{"rango":{"min":30,"max":39},"vacunados":4754369,"personasINE":6230403,"porcentaje":0.8706174572213949},{"rango":{"min":40,"max":49},"vacunados":6870684,"personasINE":7891737,"porcentaje":0.8706174572213949},{"rango":{"min":50,"max":59},"vacunados":6616187,"personasINE":7033306,"porcentaje":0.9406937505633908},{"rango":{"min":60,"max":69},"vacunados":5214662,"personasINE":5336986,"porcentaje":0.9770799473710443},{"rango":{"min":70,"max":79},"vacunados":3919221,"personasINE":3960045,"porcentaje":0.9896910262383382},{"rango":{"min":80,"max":null},"vacunados":2904750,"personasINE":2904750,"porcentaje":1}]}}}]