[{"ccaa":"Andalucía","dosisAdministradas":12485606,"dosisEntregadas":13392170,"dosisEntregadasModerna":2019500,"dosisEntregadasPfizer":9306270,"dosisEntregadasAstrazeneca":1603000,"dosisEntregadasJanssen":463400,"dosisPrimeraDosis":6718892,"dosisPautaCompletada":6457423,"porcentajeEntregadas":0.9323064148677922,"porcentajePoblacionAdministradas":1.4750708584448462,"porcentajePoblacionPrimeraDosis":0.7937813983749135,"porcentajePoblacionCompletas":0.7628910032842214,"fechaUltRegistro":1631664000000,"etarios":{"unaDosis":{"etarioTotal":{"vacunados":6718892,"personasINE":7451975,"porcentaje":0.9016256764146418},"etarioRangos":[{"rango":{"min":12,"max":19},"vacunados":629838,"personasINE":752907,"porcentaje":0.7881727886702733},{"rango":{"min":20,"max":29},"vacunados":731954,"personasINE":928672,"porcentaje":0.8912270036978905},{"rango":{"min":30,"max":39},"vacunados":904572,"personasINE":1140217,"porcentaje":0.8912270036978905},{"rango":{"min":40,"max":49},"vacunados":1234451,"personasINE":1385114,"porcentaje":0.8912270036978905},{"rango":{"min":50,"max":59},"vacunados":1206279,"personasINE":1265021,"porcentaje":0.9535644072311843},{"rango":{"min":60,"max":69},"vacunados":924869,"personasINE":924869,"porcentaje":1},{"rango":{"min":70,"max":79},"vacunados":653251,"personasINE":653251,"porcentaje":1},{"rango":{"min":80,"max":null},"vacunados":433678,"personasINE":433678,"porcentaje":1}]},"pautaCompleta":{"etarioTotal":{"vacunados":6457423,"personasINE":7451975,"porcentaje":0.8665384679900295},"etarioRangos":[{"rango":{"min":12,"max":19},"vacunados":528034,"personasINE":752907,"porcentaje":0.7293996157954584},{"rango":{"min":20,"max":29},"vacunados":677373,"personasINE":928672,"porcentaje":0.8741749776552689},{"rango":{"min":30,"max":39},"vacunados":863898,"personasINE":1140217,"porcentaje":0.8741749776552689},{"rango":{"min":40,"max":49},"vacunados":1210832,"personasINE":1385114,"porcentaje":0.8741749776552689},{"rango":{"min":50,"max":59},"vacunados":1191532,"personasINE":1265021,"porcentaje":0.9419068932452505},{"rango":{"min":60,"max":69},"vacunados":911345,"personasINE":916147,"porcentaje":0.9947584830818635},{"rango":{"min":70,"max":79},"vacunados":647392,"personasINE":650381,"porcentaje":0.9954042322884586},{"rango":{"min":80,"max":null},"vacunados":427017,"personasINE":427017,"porcentaje":1}]}}},{"ccaa":"Aragón","dosisAdministradas":1941382,"dosisEntregadas":2113445,"dosisEntregadasModerna":275200,"dosisEntregadasPfizer":1508445,"dosisEntregadasAstrazeneca":265100,"dosisEntregadasJanssen":64700,"dosisPrimeraDosis":1051495,"dosisPautaCompletada":1012266,"porcentajeEntregadas":0.9185864784747179,"porcentajePoblacionAdministradas":1.4603544028807176,"porcentajePoblacionPrimeraDosis":0.7909599207456648,"porcentajePoblacionCompletas":0.7614509200077328,"fechaUltRegistro":1631664000000,"etarios":{"unaDosis":{"etarioTotal":{"vacunados":1051495,"personasINE":1185134,"porcentaje":0.8872372238076032},"etarioRangos":[{"rango":{"min":12,"max":19},"vacunados":84494,"personasINE":103109,"porcentaje":0.7660294016150183},{"rango":{"min":20,"max":29},"vacunados":99891,"personasINE":130401,"porcentaje":0.8638429723228949},{"rango":{"min":30,"max":39},"vacunados":122409,"personasINE":164286,"porcentaje":0.8638429723228949},{"rango":{"min":40,"max":49},"vacunados":185677,"personasINE":214943,"porcentaje":0.8638429723228949},{"rango":{"min":50,"max":59},"vacunados":184842,"personasINE":198266,"porcentaje":0.9322929801377947},{"rango":{"min":60,"max":69},"vacunados":153964,"personasINE":156367,"porcentaje":0.9846323073282726},{"rango":{"min":70,"max":79},"vacunados":119082,"personasINE":119082,"porcentaje":1},{"rango":{"min":80,"max":null},"vacunados":101136,"personasINE":101136,"porcentaje":1}]},"pautaCompleta":{"etarioTotal":{"vacunados":1012266,"personasINE":1185134,"porcentaje":0.854136325512558},"etarioRangos":[{"rango":{"min":12,"max":19},"vacunados":69437,"personasINE":103109.00000000001,"porcentaje":0.7127706075873651},{"rango":{"min":20,"max":29},"vacunados":92946,"personasINE":130401,"porcentaje":0.8464802296422772},{"rango":{"min":30,"max":39},"vacunados":116151,"personasINE":164286,"porcentaje":0.8464802296422772},{"rango":{"min":40,"max":49},"vacunados":181945,"personasINE":214943,"porcentaje":0.8464802296422772},{"rango":{"min":50,"max":59},"vacunados":182330,"personasINE":198266,"porcentaje":0.9196231325592891},{"rango":{"min":60,"max":69},"vacunados":151500,"personasINE":156367,"porcentaje":0.9688745067693312},{"rango":{"min":70,"max":79},"vacunados":118205,"personasINE":118955,"porcentaje":0.9936950947837417},{"rango":{"min":80,"max":null},"vacunados":99752,"personasINE":99752,"porcentaje":1}]}}},{"ccaa":"Asturias","dosisAdministradas":1639144,"dosisEntregadas":1632755,"dosisEntregadasModerna":162000,"dosisEntregadasPfizer":1200155,"dosisEntregadasAstrazeneca":220900,"dosisEntregadasJanssen":49700,"dosisPrimeraDosis":867365,"dosisPautaCompletada":844285,"porcentajeEntregadas":1.0039130181809273,"porcentajePoblacionAdministradas":1.6089220089832585,"porcentajePoblacionPrimeraDosis":0.8513728130791218,"porcentajePoblacionCompletas":0.8287183544303798,"fechaUltRegistro":1631664000000,"etarios":{"unaDosis":{"etarioTotal":{"vacunados":867365,"personasINE":933927,"porcentaje":0.9287289049358247},"etarioRangos":[{"rango":{"min":12,"max":19},"vacunados":58921,"personasINE":64000,"porcentaje":0.8218705363350229},{"rango":{"min":20,"max":29},"vacunados":65019,"personasINE":79111,"porcentaje":0.8976663692490104},{"rango":{"min":30,"max":39},"vacunados":89779,"personasINE":114451,"porcentaje":0.8976663692490104},{"rango":{"min":40,"max":49},"vacunados":149904,"personasINE":166993,"porcentaje":0.8976663692490104},{"rango":{"min":50,"max":59},"vacunados":152767,"personasINE":162645,"porcentaje":0.9392665006609487},{"rango":{"min":60,"max":69},"vacunados":147861,"personasINE":149652,"porcentaje":0.9880322347847005},{"rango":{"min":70,"max":79},"vacunados":114248,"personasINE":114248,"porcentaje":1},{"rango":{"min":80,"max":null},"vacunados":88866,"personasINE":88866,"porcentaje":1}]},"pautaCompleta":{"etarioTotal":{"vacunados":844285,"personasINE":933927,"porcentaje":0.9040160526465131},"etarioRangos":[{"rango":{"min":12,"max":19},"vacunados":49353,"personasINE":64000,"porcentaje":0.7682623149751615},{"rango":{"min":20,"max":29},"vacunados":60778,"personasINE":79111,"porcentaje":0.8879533872677298},{"rango":{"min":30,"max":39},"vacunados":86308,"personasINE":114451,"porcentaje":0.8879533872677298},{"rango":{"min":40,"max":49},"vacunados":148282,"personasINE":166993,"porcentaje":0.8879533872677298},{"rango":{"min":50,"max":59},"vacunados":151524,"personasINE":162645,"porcentaje":0.9316240892741862},{"rango":{"min":60,"max":69},"vacunados":146317,"personasINE":149652,"porcentaje":0.977714965386363},{"rango":{"min":70,"max":79},"vacunados":113703,"personasINE":113703,"porcentaje":1},{"rango":{"min":80,"max":null},"vacunados":88020,"personasINE":88020,"porcentaje":1}]}}},{"ccaa":"Baleares","dosisAdministradas":1555741,"dosisEntregadas":1896050,"dosisEntregadasModerna":305100,"dosisEntregadasPfizer":1272150,"dosisEntregadasAstrazeneca":256400,"dosisEntregadasJanssen":62400,"dosisPrimeraDosis":837722,"dosisPautaCompletada":807503,"porcentajeEntregadas":0.8205168640067508,"porcentajePoblacionAdministradas":1.3279418681175168,"porcentajePoblacionPrimeraDosis":0.7150586875599103,"porcentajePoblacionCompletas":0.6892644998945835,"fechaUltRegistro":1631664000000,"etarios":{"unaDosis":{"etarioTotal":{"vacunados":837722,"personasINE":1034867,"porcentaje":0.8094972590680735},"etarioRangos":[{"rango":{"min":12,"max":19},"vacunados":71619,"personasINE":95480,"porcentaje":0.6672587029331168},{"rango":{"min":20,"max":29},"vacunados":92043,"personasINE":137942,"porcentaje":0.7969656403391343},{"rango":{"min":30,"max":39},"vacunados":120830,"personasINE":182187,"porcentaje":0.7969656403391343},{"rango":{"min":40,"max":49},"vacunados":164312,"personasINE":206172,"porcentaje":0.7969656403391343},{"rango":{"min":50,"max":59},"vacunados":148834,"personasINE":165797,"porcentaje":0.8976881366972864},{"rango":{"min":60,"max":69},"vacunados":109674,"personasINE":117231,"porcentaje":0.9355375284694322},{"rango":{"min":70,"max":79},"vacunados":79030,"personasINE":80516,"porcentaje":0.981544040935963},{"rango":{"min":80,"max":null},"vacunados":51380,"personasINE":51380,"porcentaje":1}]},"pautaCompleta":{"etarioTotal":{"vacunados":807503,"personasINE":1034867,"porcentaje":0.7802964052385476},"etarioRangos":[{"rango":{"min":12,"max":19},"vacunados":63676,"personasINE":95480,"porcentaje":0.6210871235736759},{"rango":{"min":20,"max":29},"vacunados":85674,"personasINE":137942,"porcentaje":0.7756678889470927},{"rango":{"min":30,"max":39},"vacunados":114575,"personasINE":182187,"porcentaje":0.7756678889470927},{"rango":{"min":40,"max":49},"vacunados":159921,"personasINE":206172,"porcentaje":0.7756678889470927},{"rango":{"min":50,"max":59},"vacunados":146317,"personasINE":165797,"porcentaje":0.8825069211143748},{"rango":{"min":60,"max":69},"vacunados":108217,"personasINE":117231,"porcentaje":0.9231090752446025},{"rango":{"min":70,"max":79},"vacunados":78439,"personasINE":80516,"porcentaje":0.9742038849421233},{"rango":{"min":80,"max":null},"vacunados":50684,"personasINE":50684,"porcentaje":1}]}}},{"ccaa":"Canarias","dosisAdministradas":3073726,"dosisEntregadas":3488910,"dosisEntregadasModerna":574700,"dosisEntregadasPfizer":2324760,"dosisEntregadasAstrazeneca":455800,"dosisEntregadasJanssen":133650,"dosisPrimeraDosis":1650590,"dosisPautaCompletada":1587213,"porcentajeEntregadas":0.8809989366306382,"porcentajePoblacionAdministradas":1.4125890644646573,"porcentajePoblacionPrimeraDosis":0.7585599314690765,"porcentajePoblacionCompletas":0.7294338294227078,"fechaUltRegistro":1631664000000,"etarios":{"unaDosis":{"etarioTotal":{"vacunados":1650590,"personasINE":1960774,"porcentaje":0.8418053278960247},"etarioRangos":[{"rango":{"min":12,"max":19},"vacunados":143030,"personasINE":179797,"porcentaje":0.7208438597327487},{"rango":{"min":20,"max":29},"vacunados":181471,"personasINE":251747.99999999997,"porcentaje":0.8120688588486404},{"rango":{"min":30,"max":39},"vacunados":224647,"personasINE":310934,"porcentaje":0.8120688588486404},{"rango":{"min":40,"max":49},"vacunados":315021,"personasINE":387924,"porcentaje":0.8120688588486404},{"rango":{"min":50,"max":59},"vacunados":319027,"personasINE":350512,"porcentaje":0.9101742593691514},{"rango":{"min":60,"max":69},"vacunados":223534,"personasINE":235092,"porcentaje":0.9508362683545165},{"rango":{"min":70,"max":79},"vacunados":151019,"personasINE":154531,"porcentaje":0.9772731684904647},{"rango":{"min":80,"max":null},"vacunados":92841,"personasINE":92841,"porcentaje":1}]},"pautaCompleta":{"etarioTotal":{"vacunados":1587213,"personasINE":1960774,"porcentaje":0.8094828878799902},"etarioRangos":[{"rango":{"min":12,"max":19},"vacunados":123669,"personasINE":179797,"porcentaje":0.6657768879991102},{"rango":{"min":20,"max":29},"vacunados":167608,"personasINE":251748.00000000003,"porcentaje":0.7959445664614718},{"rango":{"min":30,"max":39},"vacunados":213415,"personasINE":310934,"porcentaje":0.7959445664614718},{"rango":{"min":40,"max":49},"vacunados":308766,"personasINE":387924,"porcentaje":0.7959445664614718},{"rango":{"min":50,"max":59},"vacunados":315438,"personasINE":350512,"porcentaje":0.8999349522983521},{"rango":{"min":60,"max":69},"vacunados":217155,"personasINE":235092,"porcentaje":0.9237022101985606},{"rango":{"min":70,"max":79},"vacunados":149645,"personasINE":154531,"porcentaje":0.9683817486459028},{"rango":{"min":80,"max":null},"vacunados":91517,"personasINE":91517,"porcentaje":1}]}}},{"ccaa":"Cantabria","dosisAdministradas":876327,"dosisEntregadas":931515,"dosisEntregadasModerna":114900,"dosisEntregadasPfizer":666465,"dosisEntregadasAstrazeneca":125200,"dosisEntregadasJanssen":24950,"dosisPrimeraDosis":472590,"dosisPautaCompletada":444278,"porcentajeEntregadas":0.9407545772209788,"porcentajePoblacionAdministradas":1.5033787666944014,"porcentajePoblacionPrimeraDosis":0.8107496075689864,"porcentajePoblacionCompletas":0.7621790857858485,"fechaUltRegistro":1631664000000,"etarios":{"unaDosis":{"etarioTotal":{"vacunados":472590,"personasINE":524127,"porcentaje":0.9016707782655731},"etarioRangos":[{"rango":{"min":12,"max":19},"vacunados":36153,"personasINE":43963,"porcentaje":0.770992970992971},{"rango":{"min":20,"max":29},"vacunados":38939,"personasINE":50505,"porcentaje":0.8863034295124221},{"rango":{"min":30,"max":39},"vacunados":52922,"personasINE":70473,"porcentaje":0.8863034295124221},{"rango":{"min":40,"max":49},"vacunados":86653,"personasINE":97769,"porcentaje":0.8863034295124221},{"rango":{"min":50,"max":59},"vacunados":83583,"personasINE":89964,"porcentaje":0.9290716286514605},{"rango":{"min":60,"max":69},"vacunados":76277,"personasINE":77345,"porcentaje":0.9861917383153403},{"rango":{"min":70,"max":79},"vacunados":55828,"personasINE":55828,"porcentaje":1},{"rango":{"min":80,"max":null},"vacunados":42235,"personasINE":42235,"porcentaje":1}]},"pautaCompleta":{"etarioTotal":{"vacunados":444278,"personasINE":524127,"porcentaje":0.8476533359281243},"etarioRangos":[{"rango":{"min":12,"max":19},"vacunados":18452,"personasINE":43963,"porcentaje":0.686050886050886},{"rango":{"min":20,"max":29},"vacunados":34649,"personasINE":50505,"porcentaje":0.8699792367723921},{"rango":{"min":30,"max":39},"vacunados":50161,"personasINE":70473,"porcentaje":0.8699792367723921},{"rango":{"min":40,"max":49},"vacunados":85057,"personasINE":97769,"porcentaje":0.8699792367723921},{"rango":{"min":50,"max":59},"vacunados":82841,"personasINE":89964,"porcentaje":0.9208238851095994},{"rango":{"min":60,"max":69},"vacunados":75746,"personasINE":77345,"porcentaje":0.9793263947249338},{"rango":{"min":70,"max":79},"vacunados":55608,"personasINE":55608,"porcentaje":1},{"rango":{"min":80,"max":null},"vacunados":41764,"personasINE":41764,"porcentaje":1}]}}},{"ccaa":"Castilla y Leon","dosisAdministradas":3654875,"dosisEntregadas":3825865,"dosisEntregadasModerna":412400,"dosisEntregadasPfizer":2819415,"dosisEntregadasAstrazeneca":481200,"dosisEntregadasJanssen":112850,"dosisPrimeraDosis":1970283,"dosisPautaCompletada":1886940,"porcentajeEntregadas":0.9553068391069732,"porcentajePoblacionAdministradas":1.5260960918077362,"porcentajePoblacionPrimeraDosis":0.8226933030692491,"porcentajePoblacionCompletas":0.7878933641986907,"fechaUltRegistro":1631664000000,"etarios":{"unaDosis":{"etarioTotal":{"vacunados":1970283,"personasINE":2176253,"porcentaje":0.905355673260416},"etarioRangos":[{"rango":{"min":12,"max":19},"vacunados":133669,"personasINE":165342,"porcentaje":0.77922428746102},{"rango":{"min":20,"max":29},"vacunados":164421,"personasINE":211006,"porcentaje":0.8722973809884257},{"rango":{"min":30,"max":39},"vacunados":206784,"personasINE":267783,"porcentaje":0.8722973809884257},{"rango":{"min":40,"max":49},"vacunados":316910,"personasINE":363305,"porcentaje":0.8722973809884257},{"rango":{"min":50,"max":59},"vacunados":350152,"personasINE":381175,"porcentaje":0.918612186003804},{"rango":{"min":60,"max":69},"vacunados":319036,"personasINE":319036,"porcentaje":1},{"rango":{"min":70,"max":79},"vacunados":250159,"personasINE":250159,"porcentaje":1},{"rango":{"min":80,"max":null},"vacunados":229152,"personasINE":229152,"porcentaje":1}]},"pautaCompleta":{"etarioTotal":{"vacunados":1886940,"personasINE":2176253,"porcentaje":0.8670591149098933},"etarioRangos":[{"rango":{"min":12,"max":19},"vacunados":94277,"personasINE":165342,"porcentaje":0.7133019914125664},{"rango":{"min":20,"max":29},"vacunados":150511,"personasINE":211006,"porcentaje":0.8536353752356836},{"rango":{"min":30,"max":39},"vacunados":197355,"personasINE":267783,"porcentaje":0.8536353752356836},{"rango":{"min":40,"max":49},"vacunados":310130,"personasINE":363305,"porcentaje":0.8536353752356836},{"rango":{"min":50,"max":59},"vacunados":344756,"personasINE":381175,"porcentaje":0.9044559585492228},{"rango":{"min":60,"max":69},"vacunados":314817,"personasINE":318575,"porcentaje":0.9882037196892411},{"rango":{"min":70,"max":79},"vacunados":248601,"personasINE":248601,"porcentaje":1},{"rango":{"min":80,"max":null},"vacunados":226493,"personasINE":226493,"porcentaje":1}]}}},{"ccaa":"Castilla La Mancha","dosisAdministradas":2937228,"dosisEntregadas":3216670,"dosisEntregadasModerna":446800,"dosisEntregadasPfizer":2256795,"dosisEntregadasAstrazeneca":411700,"dosisEntregadasJanssen":101375,"dosisPrimeraDosis":1594456,"dosisPautaCompletada":1505116,"porcentajeEntregadas":0.9131269294021457,"porcentajePoblacionAdministradas":1.4361421088478947,"porcentajePoblacionPrimeraDosis":0.7796008353131519,"porcentajePoblacionCompletas":0.735918514429492,"fechaUltRegistro":1631664000000},{"ccaa":"Cataluña","dosisAdministradas":10746459,"dosisEntregadas":11863410,"dosisEntregadasModerna":1604900,"dosisEntregadasPfizer":8368460,"dosisEntregadasAstrazeneca":1514300,"dosisEntregadasJanssen":375750,"dosisPrimeraDosis":5822939,"dosisPautaCompletada":5573911,"porcentajeEntregadas":0.905849077120322,"porcentajePoblacionAdministradas":1.38120789221332,"porcentajePoblacionPrimeraDosis":0.748403665121389,"porcentajePoblacionCompletas":0.7163968953582421,"fechaUltRegistro":1631664000000,"etarios":{"unaDosis":{"etarioTotal":{"vacunados":5822939,"personasINE":6868360,"porcentaje":0.8477917581489613},"etarioRangos":[{"rango":{"min":12,"max":19},"vacunados":488798,"personasINE":656166,"porcentaje":0.7038590594026951},{"rango":{"min":20,"max":29},"vacunados":590492,"personasINE":838935,"porcentaje":0.8442390573796947},{"rango":{"min":30,"max":39},"vacunados":743329,"personasINE":1044652,"porcentaje":0.8442390573796947},{"rango":{"min":40,"max":49},"vacunados":1111656,"personasINE":1316755,"porcentaje":0.8442390573796947},{"rango":{"min":50,"max":59},"vacunados":1017474,"personasINE":1091780,"porcentaje":0.9319405008335012},{"rango":{"min":60,"max":69},"vacunados":795725,"personasINE":837584,"porcentaje":0.9500241169840876},{"rango":{"min":70,"max":79},"vacunados":617289,"personasINE":635292,"porcentaje":0.9716618499839443},{"rango":{"min":80,"max":null},"vacunados":458176,"personasINE":458176,"porcentaje":1}]},"pautaCompleta":{"etarioTotal":{"vacunados":5573911,"personasINE":6868360,"porcentaje":0.811534485670524},"etarioRangos":[{"rango":{"min":12,"max":19},"vacunados":406697,"personasINE":656166,"porcentaje":0.6445517233158707},{"rango":{"min":20,"max":29},"vacunados":540737,"personasINE":838935,"porcentaje":0.8228668203272439},{"rango":{"min":30,"max":39},"vacunados":695216,"personasINE":1044652.0000000001,"porcentaje":0.8228668203272439},{"rango":{"min":40,"max":49},"vacunados":1083514,"personasINE":1316755,"porcentaje":0.8228668203272439},{"rango":{"min":50,"max":59},"vacunados":1002531,"personasINE":1091780,"porcentaje":0.9182536774808111},{"rango":{"min":60,"max":69},"vacunados":780686,"personasINE":837584,"porcentaje":0.9320689029398842},{"rango":{"min":70,"max":79},"vacunados":612601,"personasINE":635292,"porcentaje":0.9642825661270723},{"rango":{"min":80,"max":null},"vacunados":451929,"personasINE":451929,"porcentaje":1}]}}},{"ccaa":"C. Valenciana","dosisAdministradas":7422367,"dosisEntregadas":8010150,"dosisEntregadasModerna":1213650,"dosisEntregadasPfizer":5719150,"dosisEntregadasAstrazeneca":863900,"dosisEntregadasJanssen":213450,"dosisPrimeraDosis":4023583,"dosisPautaCompletada":3844699,"porcentajeEntregadas":0.9266202255887842,"porcentajePoblacionAdministradas":1.4676387034877731,"porcentajePoblacionPrimeraDosis":0.7955906973470114,"porcentajePoblacionCompletas":0.7602196247720893,"fechaUltRegistro":1631664000000,"etarios":{"unaDosis":{"etarioTotal":{"vacunados":4023583,"personasINE":4488459,"porcentaje":0.8964285960950072},"etarioRangos":[{"rango":{"min":12,"max":19},"vacunados":352162,"personasINE":424531,"porcentaje":0.7981907518706672},{"rango":{"min":20,"max":29},"vacunados":411967,"personasINE":516126,"porcentaje":0.8783296617613212},{"rango":{"min":30,"max":39},"vacunados":499744,"personasINE":648759,"porcentaje":0.8783296617613212},{"rango":{"min":40,"max":49},"vacunados":747975,"personasINE":851588,"porcentaje":0.8783296617613212},{"rango":{"min":50,"max":59},"vacunados":712634,"personasINE":752334,"porcentaje":0.9472308841551758},{"rango":{"min":60,"max":69},"vacunados":568247,"personasINE":580728,"porcentaje":0.9785080106349272},{"rango":{"min":70,"max":79},"vacunados":433898,"personasINE":437862,"porcentaje":0.9909469193490187},{"rango":{"min":80,"max":null},"vacunados":296956,"personasINE":296956,"porcentaje":1}]},"pautaCompleta":{"etarioTotal":{"vacunados":3844699,"personasINE":4488459,"porcentaje":0.8565743833239872},"etarioRangos":[{"rango":{"min":12,"max":19},"vacunados":289207,"personasINE":424531,"porcentaje":0.7197389784664985},{"rango":{"min":20,"max":29},"vacunados":371476,"personasINE":516126,"porcentaje":0.8609069174295552},{"rango":{"min":30,"max":39},"vacunados":465791,"personasINE":648759,"porcentaje":0.8609069174295552},{"rango":{"min":40,"max":49},"vacunados":733138,"personasINE":851588,"porcentaje":0.8609069174295552},{"rango":{"min":50,"max":59},"vacunados":704692,"personasINE":752334,"porcentaje":0.9366744025924656},{"rango":{"min":60,"max":69},"vacunados":557018,"personasINE":580728,"porcentaje":0.9591719359149206},{"rango":{"min":70,"max":79},"vacunados":430726,"personasINE":437862,"porcentaje":0.9837026277685663},{"rango":{"min":80,"max":null},"vacunados":292651,"personasINE":292651,"porcentaje":1}]}}},{"ccaa":"Extremadura","dosisAdministradas":1658813,"dosisEntregadas":1672245,"dosisEntregadasModerna":218200,"dosisEntregadasPfizer":1216295,"dosisEntregadasAstrazeneca":186000,"dosisEntregadasJanssen":51750,"dosisPrimeraDosis":887545,"dosisPautaCompletada":856217,"porcentajeEntregadas":0.9919676841611128,"porcentajePoblacionAdministradas":1.5590538230260331,"porcentajePoblacionPrimeraDosis":0.8341690265012637,"porcentajePoblacionCompletas":0.8047250577309685,"fechaUltRegistro":1631664000000,"etarios":{"unaDosis":{"etarioTotal":{"vacunados":887545,"personasINE":953437,"porcentaje":0.9308900325873655},"etarioRangos":[{"rango":{"min":12,"max":19},"vacunados":72879,"personasINE":84750,"porcentaje":0.7942375573596894},{"rango":{"min":20,"max":29},"vacunados":90003,"personasINE":113320,"porcentaje":0.9123039111189135},{"rango":{"min":30,"max":39},"vacunados":111588,"personasINE":133479,"porcentaje":0.9123039111189135},{"rango":{"min":40,"max":49},"vacunados":145507,"personasINE":159494,"porcentaje":0.9123039111189135},{"rango":{"min":50,"max":59},"vacunados":161018,"personasINE":169216,"porcentaje":0.9515530446293494},{"rango":{"min":60,"max":69},"vacunados":132507,"personasINE":132507,"porcentaje":1},{"rango":{"min":70,"max":79},"vacunados":95839,"personasINE":95839,"porcentaje":1},{"rango":{"min":80,"max":null},"vacunados":78204,"personasINE":78204,"porcentaje":1}]},"pautaCompleta":{"etarioTotal":{"vacunados":856217,"personasINE":953437,"porcentaje":0.8980320671423492},"etarioRangos":[{"rango":{"min":12,"max":19},"vacunados":59180,"personasINE":84750,"porcentaje":0.7394634662901518},{"rango":{"min":20,"max":29},"vacunados":83796,"personasINE":113320,"porcentaje":0.8976262429934668},{"rango":{"min":30,"max":39},"vacunados":107415,"personasINE":133479,"porcentaje":0.8976262429934668},{"rango":{"min":40,"max":49},"vacunados":143166,"personasINE":159494,"porcentaje":0.8976262429934668},{"rango":{"min":50,"max":59},"vacunados":159441,"personasINE":169216,"porcentaje":0.9422335949319214},{"rango":{"min":60,"max":69},"vacunados":130845,"personasINE":125297,"porcentaje":1.0442787935864386},{"rango":{"min":70,"max":79},"vacunados":95180,"personasINE":95180,"porcentaje":1},{"rango":{"min":80,"max":null},"vacunados":77194,"personasINE":77194,"porcentaje":1}]}}},{"ccaa":"Galicia","dosisAdministradas":4278235,"dosisEntregadas":4321089,"dosisEntregadasModerna":507400,"dosisEntregadasPfizer":3117589,"dosisEntregadasAstrazeneca":573400,"dosisEntregadasJanssen":122700,"dosisPrimeraDosis":2289262,"dosisPautaCompletada":2194826,"porcentajeEntregadas":0.9900825926057065,"porcentajePoblacionAdministradas":1.5834646954514717,"porcentajePoblacionPrimeraDosis":0.8473039829833161,"porcentajePoblacionCompletas":0.812351234483139,"fechaUltRegistro":1631664000000,"etarios":{"unaDosis":{"etarioTotal":{"vacunados":2289262,"personasINE":2454497,"porcentaje":0.9326807081043489},"etarioRangos":[{"rango":{"min":12,"max":19},"vacunados":163291,"personasINE":180007,"porcentaje":0.8417965114013707},{"rango":{"min":20,"max":29},"vacunados":194439,"personasINE":230981,"porcentaje":0.913907508895111},{"rango":{"min":30,"max":39},"vacunados":259780,"personasINE":323408,"porcentaje":0.913907508895111},{"rango":{"min":40,"max":49},"vacunados":405063,"personasINE":443221,"porcentaje":0.913907508895111},{"rango":{"min":50,"max":59},"vacunados":389219,"personasINE":405889,"porcentaje":0.9589296581084976},{"rango":{"min":60,"max":69},"vacunados":344600,"personasINE":346927,"porcentaje":0.9932925370466986},{"rango":{"min":70,"max":79},"vacunados":290908,"personasINE":290908,"porcentaje":1},{"rango":{"min":80,"max":null},"vacunados":241962,"personasINE":241962,"porcentaje":1}]},"pautaCompleta":{"etarioTotal":{"vacunados":2194826,"personasINE":2454497,"porcentaje":0.8942060226596324},"etarioRangos":[{"rango":{"min":12,"max":19},"vacunados":112202,"personasINE":180007,"porcentaje":0.7766439663868456},{"rango":{"min":20,"max":29},"vacunados":179390,"personasINE":230981,"porcentaje":0.899986688356373},{"rango":{"min":30,"max":39},"vacunados":247009,"personasINE":323408,"porcentaje":0.899986688356373},{"rango":{"min":40,"max":49},"vacunados":398893,"personasINE":443221,"porcentaje":0.899986688356373},{"rango":{"min":50,"max":59},"vacunados":385908,"personasINE":405889,"porcentaje":0.9507722554688597},{"rango":{"min":60,"max":69},"vacunados":341863,"personasINE":346927,"porcentaje":0.9854032692756689},{"rango":{"min":70,"max":79},"vacunados":289362,"personasINE":289762,"porcentaje":0.9986195567396691},{"rango":{"min":80,"max":null},"vacunados":240199,"personasINE":240199,"porcentaje":1}]}}},{"ccaa":"La Rioja","dosisAdministradas":465957,"dosisEntregadas":505885,"dosisEntregadasModerna":67600,"dosisEntregadasPfizer":369785,"dosisEntregadasAstrazeneca":53300,"dosisEntregadasJanssen":15200,"dosisPrimeraDosis":254688,"dosisPautaCompletada":245361,"porcentajeEntregadas":0.9210729711298022,"porcentajePoblacionAdministradas":1.4565070612727171,"porcentajePoblacionPrimeraDosis":0.7961139556255744,"porcentajePoblacionCompletas":0.7669592452971736,"fechaUltRegistro":1631664000000,"etarios":{"unaDosis":{"etarioTotal":{"vacunados":254688,"personasINE":283970,"porcentaje":0.8968834736063669},"etarioRangos":[{"rango":{"min":12,"max":19},"vacunados":20005,"personasINE":25532,"porcentaje":0.7362269354520979},{"rango":{"min":20,"max":29},"vacunados":22424,"personasINE":30458,"porcentaje":0.8887566812095113},{"rango":{"min":30,"max":39},"vacunados":30144,"personasINE":39319,"porcentaje":0.8887566812095113},{"rango":{"min":40,"max":49},"vacunados":47057,"personasINE":52947,"porcentaje":0.8887566812095113},{"rango":{"min":50,"max":59},"vacunados":45162,"personasINE":47664,"porcentaje":0.9475075528700906},{"rango":{"min":60,"max":69},"vacunados":37916,"personasINE":37916,"porcentaje":1},{"rango":{"min":70,"max":79},"vacunados":28632,"personasINE":28632,"porcentaje":1},{"rango":{"min":80,"max":null},"vacunados":23348,"personasINE":23348,"porcentaje":1}]},"pautaCompleta":{"etarioTotal":{"vacunados":245361,"personasINE":283970,"porcentaje":0.8640384547663486},"etarioRangos":[{"rango":{"min":12,"max":19},"vacunados":16659,"personasINE":25532,"porcentaje":0.6782782848512706},{"rango":{"min":20,"max":29},"vacunados":20659,"personasINE":30458,"porcentaje":0.8694543600203978},{"rango":{"min":30,"max":39},"vacunados":28658,"personasINE":39319,"porcentaje":0.8694543600203978},{"rango":{"min":40,"max":49},"vacunados":46035,"personasINE":52947,"porcentaje":0.8694543600203978},{"rango":{"min":50,"max":59},"vacunados":44458,"personasINE":47664,"porcentaje":0.932737495803961},{"rango":{"min":60,"max":69},"vacunados":37244,"personasINE":37718,"porcentaje":0.9874330558354102},{"rango":{"min":70,"max":79},"vacunados":28514,"personasINE":28514,"porcentaje":1},{"rango":{"min":80,"max":null},"vacunados":23134,"personasINE":23134,"porcentaje":1}]}}},{"ccaa":"Madrid","dosisAdministradas":9458545,"dosisEntregadas":10850729,"dosisEntregadasModerna":1645800,"dosisEntregadasPfizer":7602579,"dosisEntregadasAstrazeneca":1220900,"dosisEntregadasJanssen":381450,"dosisPrimeraDosis":5222228,"dosisPautaCompletada":4918043,"porcentajeEntregadas":0.8716967311597221,"porcentajePoblacionAdministradas":1.3950886799309958,"porcentajePoblacionPrimeraDosis":0.770252841934852,"porcentajePoblacionCompletas":0.7253870565413469,"fechaUltRegistro":1631664000000,"etarios":{"unaDosis":{"etarioTotal":{"vacunados":5222228,"personasINE":5977937,"porcentaje":0.8735836459969384},"etarioRangos":[{"rango":{"min":12,"max":19},"vacunados":416013,"personasINE":553542,"porcentaje":0.7615380989258898},{"rango":{"min":20,"max":29},"vacunados":565423,"personasINE":742475,"porcentaje":0.8715302524676858},{"rango":{"min":30,"max":39},"vacunados":721318,"personasINE":949640,"porcentaje":0.8715302524676858},{"rango":{"min":40,"max":49},"vacunados":1016179,"personasINE":1165971,"porcentaje":0.8715302524676858},{"rango":{"min":50,"max":59},"vacunados":933751,"personasINE":972783,"porcentaje":0.959875943555757},{"rango":{"min":60,"max":69},"vacunados":685856,"personasINE":703323,"porcentaje":0.9751650379697522},{"rango":{"min":70,"max":79},"vacunados":510134,"personasINE":526081,"porcentaje":0.9696871774498604},{"rango":{"min":80,"max":null},"vacunados":373554,"personasINE":373554,"porcentaje":1}]},"pautaCompleta":{"etarioTotal":{"vacunados":4918043,"personasINE":5977937,"porcentaje":0.8226990348008016},"etarioRangos":[{"rango":{"min":12,"max":19},"vacunados":308328,"personasINE":553542,"porcentaje":0.6701949560591266},{"rango":{"min":20,"max":29},"vacunados":497603,"personasINE":742475,"porcentaje":0.8406221080970281},{"rango":{"min":30,"max":39},"vacunados":664964,"personasINE":949640,"porcentaje":0.8406221080970281},{"rango":{"min":40,"max":49},"vacunados":980141,"personasINE":1165971,"porcentaje":0.8406221080970281},{"rango":{"min":50,"max":59},"vacunados":920131,"personasINE":972783,"porcentaje":0.9458748765140839},{"rango":{"min":60,"max":69},"vacunados":669819,"personasINE":703323,"porcentaje":0.9523632811666901},{"rango":{"min":70,"max":79},"vacunados":507095,"personasINE":526081,"porcentaje":0.9639105004742615},{"rango":{"min":80,"max":null},"vacunados":369962,"personasINE":369962,"porcentaje":1}]}}},{"ccaa":"Murcia","dosisAdministradas":2164300,"dosisEntregadas":2407265,"dosisEntregadasModerna":398000,"dosisEntregadasPfizer":1687865,"dosisEntregadasAstrazeneca":253100,"dosisEntregadasJanssen":68300,"dosisPrimeraDosis":1168608,"dosisPautaCompletada":1116909,"porcentajeEntregadas":0.8990701065316864,"porcentajePoblacionAdministradas":1.4321247760960951,"porcentajePoblacionPrimeraDosis":0.7732719448986304,"porcentajePoblacionCompletas":0.7390625382547307,"fechaUltRegistro":1631664000000,"etarios":{"unaDosis":{"etarioTotal":{"vacunados":1168608,"personasINE":1310137,"porcentaje":0.8919738928066302},"etarioRangos":[{"rango":{"min":12,"max":19},"vacunados":113368,"personasINE":141894,"porcentaje":0.7814952858668897},{"rango":{"min":20,"max":29},"vacunados":134611,"personasINE":172248,"porcentaje":0.8992276427562491},{"rango":{"min":30,"max":39},"vacunados":161588,"personasINE":209003,"porcentaje":0.8992276427562491},{"rango":{"min":40,"max":49},"vacunados":228545,"personasINE":254157,"porcentaje":0.8992276427562491},{"rango":{"min":50,"max":59},"vacunados":206044,"personasINE":213256,"porcentaje":0.9661814907904115},{"rango":{"min":60,"max":69},"vacunados":147537,"personasINE":147537,"porcentaje":1},{"rango":{"min":70,"max":79},"vacunados":103046,"personasINE":103046,"porcentaje":1},{"rango":{"min":80,"max":null},"vacunados":73869,"personasINE":73869,"porcentaje":1}]},"pautaCompleta":{"etarioTotal":{"vacunados":1116909,"personasINE":1310137,"porcentaje":0.8525131341226146},"etarioRangos":[{"rango":{"min":12,"max":19},"vacunados":99877,"personasINE":141894,"porcentaje":0.7171287910454693},{"rango":{"min":20,"max":29},"vacunados":123524,"personasINE":172248,"porcentaje":0.8726889284969527},{"rango":{"min":30,"max":39},"vacunados":152545,"personasINE":209003,"porcentaje":0.8726889284969527},{"rango":{"min":40,"max":49},"vacunados":221800,"personasINE":254157,"porcentaje":0.8726889284969527},{"rango":{"min":50,"max":59},"vacunados":202514,"personasINE":213256,"porcentaje":0.9496286153730727},{"rango":{"min":60,"max":69},"vacunados":143409,"personasINE":146909,"porcentaje":0.9761757278315147},{"rango":{"min":70,"max":79},"vacunados":100528,"personasINE":102899,"porcentaje":0.9769579879299118},{"rango":{"min":80,"max":null},"vacunados":72712,"personasINE":72712,"porcentaje":1}]}}},{"ccaa":"Navarra","dosisAdministradas":954091,"dosisEntregadas":1055175,"dosisEntregadasModerna":151500,"dosisEntregadasPfizer":734325,"dosisEntregadasAstrazeneca":136600,"dosisEntregadasJanssen":32750,"dosisPrimeraDosis":517573,"dosisPautaCompletada":499988,"porcentajeEntregadas":0.9042016727083185,"porcentajePoblacionAdministradas":1.4429753916003853,"porcentajePoblacionPrimeraDosis":0.7827818335533888,"porcentajePoblacionCompletas":0.7561861290961696,"fechaUltRegistro":1631664000000,"etarios":{"unaDosis":{"etarioTotal":{"vacunados":517573,"personasINE":581354,"porcentaje":0.8902888773449568},"etarioRangos":[{"rango":{"min":12,"max":19},"vacunados":45145,"personasINE":56388.00000000001,"porcentaje":0.7880429198408854},{"rango":{"min":20,"max":29},"vacunados":53687,"personasINE":68127,"porcentaje":0.8752245328790208},{"rango":{"min":30,"max":39},"vacunados":62420,"personasINE":81341,"porcentaje":0.8752245328790208},{"rango":{"min":40,"max":49},"vacunados":94526,"personasINE":108002,"porcentaje":0.8752245328790208},{"rango":{"min":50,"max":59},"vacunados":91447,"personasINE":96694,"porcentaje":0.9457360332595611},{"rango":{"min":60,"max":69},"vacunados":72032,"personasINE":73844,"porcentaje":0.9754617843020421},{"rango":{"min":70,"max":79},"vacunados":55834,"personasINE":55834,"porcentaje":1},{"rango":{"min":80,"max":null},"vacunados":42482,"personasINE":42482,"porcentaje":1}]},"pautaCompleta":{"etarioTotal":{"vacunados":499988,"personasINE":581354,"porcentaje":0.8600405260822149},"etarioRangos":[{"rango":{"min":12,"max":19},"vacunados":39599,"personasINE":56388,"porcentaje":0.7272006693381479},{"rango":{"min":20,"max":29},"vacunados":49542,"personasINE":68127,"porcentaje":0.853187903927705},{"rango":{"min":30,"max":39},"vacunados":59526,"personasINE":81341,"porcentaje":0.853187903927705},{"rango":{"min":40,"max":49},"vacunados":92146,"personasINE":108002,"porcentaje":0.853187903927705},{"rango":{"min":50,"max":59},"vacunados":90303,"personasINE":96694,"porcentaje":0.9339048958570335},{"rango":{"min":60,"max":69},"vacunados":71150,"personasINE":73844,"porcentaje":0.9635176859325064},{"rango":{"min":70,"max":79},"vacunados":55653,"personasINE":55792,"porcentaje":0.9975086033839977},{"rango":{"min":80,"max":null},"vacunados":42069,"personasINE":42069,"porcentaje":1}]}}},{"ccaa":"País Vasco","dosisAdministradas":3259521,"dosisEntregadas":3566050,"dosisEntregadasModerna":526100,"dosisEntregadasPfizer":2484900,"dosisEntregadasAstrazeneca":444200,"dosisEntregadasJanssen":110850,"dosisPrimeraDosis":1780824,"dosisPautaCompletada":1696440,"porcentajeEntregadas":0.914042427896412,"porcentajePoblacionAdministradas":1.4679194453151176,"porcentajePoblacionPrimeraDosis":0.8019908993633877,"porcentajePoblacionCompletas":0.7639887160752694,"fechaUltRegistro":1631664000000,"etarios":{"unaDosis":{"etarioTotal":{"vacunados":1780824,"personasINE":1983943,"porcentaje":0.8976185303710843},"etarioRangos":[{"rango":{"min":12,"max":19},"vacunados":135761,"personasINE":168606,"porcentaje":0.7573709647007453},{"rango":{"min":20,"max":29},"vacunados":152636,"personasINE":201534,"porcentaje":0.8765232663137577},{"rango":{"min":30,"max":39},"vacunados":197264,"personasINE":260543,"porcentaje":0.8765232663137577},{"rango":{"min":40,"max":49},"vacunados":317418,"personasINE":362133,"porcentaje":0.8765232663137577},{"rango":{"min":50,"max":59},"vacunados":322180,"personasINE":339977,"porcentaje":0.9476523411877862},{"rango":{"min":60,"max":69},"vacunados":277958,"personasINE":280119,"porcentaje":0.9922854215529828},{"rango":{"min":70,"max":79},"vacunados":213565,"personasINE":213565,"porcentaje":1},{"rango":{"min":80,"max":null},"vacunados":164042,"personasINE":164042,"porcentaje":1}]},"pautaCompleta":{"etarioTotal":{"vacunados":1696440,"personasINE":1983943,"porcentaje":0.8550850503265467},"etarioRangos":[{"rango":{"min":12,"max":19},"vacunados":100430,"personasINE":168606,"porcentaje":0.6712961584645767},{"rango":{"min":20,"max":29},"vacunados":135289,"personasINE":201534,"porcentaje":0.8610593345538794},{"rango":{"min":30,"max":39},"vacunados":184980,"personasINE":260543,"porcentaje":0.8610593345538794},{"rango":{"min":40,"max":49},"vacunados":311818,"personasINE":362133,"porcentaje":0.8610593345538794},{"rango":{"min":50,"max":59},"vacunados":318496,"personasINE":339977,"porcentaje":0.9368163140447736},{"rango":{"min":60,"max":69},"vacunados":271887,"personasINE":280119,"porcentaje":0.970612489691881},{"rango":{"min":70,"max":79},"vacunados":211864,"personasINE":213081,"porcentaje":0.9942885569337482},{"rango":{"min":80,"max":null},"vacunados":161676,"personasINE":157950,"porcentaje":1.0235897435897436}]}}},{"ccaa":"Ceuta","dosisAdministradas":108007,"dosisEntregadas":140230,"dosisEntregadasModerna":22400,"dosisEntregadasPfizer":95580,"dosisEntregadasAstrazeneca":18100,"dosisEntregadasJanssen":4150,"dosisPrimeraDosis":59495,"dosisPautaCompletada":55625,"porcentajeEntregadas":0.770213221136704,"porcentajePoblacionAdministradas":1.2827129996912188,"porcentajePoblacionPrimeraDosis":0.7065746656849006,"porcentajePoblacionCompletas":0.660613762143417,"fechaUltRegistro":1631664000000,"etarios":{"unaDosis":{"etarioTotal":{"vacunados":59495,"personasINE":70965,"porcentaje":0.8383710279715353},"etarioRangos":[{"rango":{"min":12,"max":19},"vacunados":7235,"personasINE":9126,"porcentaje":0.7547187015592232},{"rango":{"min":20,"max":29},"vacunados":8277,"personasINE":10967,"porcentaje":0.8622053472551812},{"rango":{"min":30,"max":39},"vacunados":8768,"personasINE":11894,"porcentaje":0.8622053472551812},{"rango":{"min":40,"max":49},"vacunados":10900,"personasINE":12642,"porcentaje":0.8622053472551812},{"rango":{"min":50,"max":59},"vacunados":10444,"personasINE":11556,"porcentaje":0.903772931810315},{"rango":{"min":60,"max":69},"vacunados":7598,"personasINE":7857,"porcentaje":0.9670357642866234},{"rango":{"min":70,"max":79},"vacunados":3880,"personasINE":4318,"porcentaje":0.8985641500694767},{"rango":{"min":80,"max":null},"vacunados":2393,"personasINE":2605,"porcentaje":0.9186180422264876}]},"pautaCompleta":{"etarioTotal":{"vacunados":55625,"personasINE":70965,"porcentaje":0.7838371027971536},"etarioRangos":[{"rango":{"min":12,"max":19},"vacunados":5775,"personasINE":9126,"porcentaje":0.67228959606091},{"rango":{"min":20,"max":29},"vacunados":7373,"personasINE":10967,"porcentaje":0.8315140009492169},{"rango":{"min":30,"max":39},"vacunados":8165,"personasINE":11894,"porcentaje":0.8315140009492169},{"rango":{"min":40,"max":49},"vacunados":10512,"personasINE":12642,"porcentaje":0.8315140009492169},{"rango":{"min":50,"max":59},"vacunados":10192,"personasINE":11556,"porcentaje":0.8819660782277605},{"rango":{"min":60,"max":69},"vacunados":7401,"personasINE":7857,"porcentaje":0.9419625811378388},{"rango":{"min":70,"max":79},"vacunados":3839,"personasINE":4318,"porcentaje":0.8890690134321445},{"rango":{"min":80,"max":null},"vacunados":2368,"personasINE":2605,"porcentaje":0.909021113243762}]}}},{"ccaa":"Melilla","dosisAdministradas":98432,"dosisEntregadas":141100,"dosisEntregadasModerna":23500,"dosisEntregadasPfizer":96750,"dosisEntregadasAstrazeneca":15100,"dosisEntregadasJanssen":5750,"dosisPrimeraDosis":55588,"dosisPautaCompletada":52118,"porcentajeEntregadas":0.6976045357902197,"porcentajePoblacionAdministradas":1.1304148100509899,"porcentajePoblacionPrimeraDosis":0.6383848592034544,"porcentajePoblacionCompletas":0.5985346134411319,"fechaUltRegistro":1631664000000,"etarios":{"unaDosis":{"etarioTotal":{"vacunados":55588,"personasINE":70927,"porcentaje":0.7837353899079335},"etarioRangos":[{"rango":{"min":12,"max":19},"vacunados":7128,"personasINE":9574,"porcentaje":0.6818674447686536},{"rango":{"min":20,"max":29},"vacunados":8179,"personasINE":11995,"porcentaje":0.8250291618063657},{"rango":{"min":30,"max":39},"vacunados":8369,"personasINE":12133,"porcentaje":0.8250291618063657},{"rango":{"min":40,"max":49},"vacunados":9902,"personasINE":12002,"porcentaje":0.8250291618063657},{"rango":{"min":50,"max":59},"vacunados":9593,"personasINE":11299,"porcentaje":0.8490131870076998},{"rango":{"min":60,"max":69},"vacunados":7110,"personasINE":7827,"porcentaje":0.9083940206975852},{"rango":{"min":70,"max":79},"vacunados":3302,"personasINE":3748,"porcentaje":0.8810032017075774},{"rango":{"min":80,"max":null},"vacunados":2005,"personasINE":2349,"porcentaje":0.8535547041294168}]},"pautaCompleta":{"etarioTotal":{"vacunados":52118,"personasINE":70927,"porcentaje":0.7348118488022897},"etarioRangos":[{"rango":{"min":12,"max":19},"vacunados":5859,"personasINE":9574,"porcentaje":0.6080867027928304},{"rango":{"min":20,"max":29},"vacunados":7294,"personasINE":11995,"porcentaje":0.8015330778203633},{"rango":{"min":30,"max":39},"vacunados":7884,"personasINE":12133,"porcentaje":0.8015330778203633},{"rango":{"min":40,"max":49},"vacunados":9620,"personasINE":12002,"porcentaje":0.8015330778203633},{"rango":{"min":50,"max":59},"vacunados":9361,"personasINE":11299,"porcentaje":0.8284803964952651},{"rango":{"min":60,"max":69},"vacunados":6925,"personasINE":7827,"porcentaje":0.8847578893573528},{"rango":{"min":70,"max":79},"vacunados":3224,"personasINE":3748,"porcentaje":0.8601921024546425},{"rango":{"min":80,"max":null},"vacunados":1951,"personasINE":2349,"porcentaje":0.8305661983822903}]}}},{"ccaa":"Fuerzas Armadas","dosisAdministradas":170978,"dosisEntregadas":212238,"dosisEntregadasModerna":58300,"dosisEntregadasPfizer":48138,"dosisEntregadasAstrazeneca":103800,"dosisEntregadasJanssen":2000,"dosisPrimeraDosis":91763,"dosisPautaCompletada":85506,"porcentajeEntregadas":0.8055956049340834,"porcentajePoblacionAdministradas":null,"porcentajePoblacionPrimeraDosis":null,"porcentajePoblacionCompletas":null,"fechaUltRegistro":1631664000000},{"ccaa":"Sanidad Exterior","dosisAdministradas":5457,"dosisEntregadas":7965,"dosisEntregadasModerna":4680,"dosisEntregadasPfizer":0,"dosisEntregadasAstrazeneca":0,"dosisEntregadasJanssen":3285,"dosisPrimeraDosis":3966,"dosisPautaCompletada":3774,"porcentajeEntregadas":0.6851224105461393,"porcentajePoblacionAdministradas":null,"porcentajePoblacionPrimeraDosis":null,"porcentajePoblacionCompletas":null,"fechaUltRegistro":1631577600000,"etarios":{"unaDosis":{"etarioTotal":{"vacunados":3966,"personasINE":"-","porcentaje":"-"},"etarioRangos":[{"rango":{"min":12,"max":19},"vacunados":159,"personasINE":null,"porcentaje":"-"},{"rango":{"min":20,"max":29},"vacunados":975,"personasINE":null,"porcentaje":"-"},{"rango":{"min":30,"max":39},"vacunados":1096,"personasINE":null,"porcentaje":"-"},{"rango":{"min":40,"max":49},"vacunados":984,"personasINE":null,"porcentaje":"-"},{"rango":{"min":50,"max":59},"vacunados":520,"personasINE":null,"porcentaje":"-"},{"rango":{"min":60,"max":69},"vacunados":188,"personasINE":null,"porcentaje":"-"},{"rango":{"min":70,"max":79},"vacunados":23,"personasINE":null,"porcentaje":"-"},{"rango":{"min":80,"max":null},"vacunados":21,"personasINE":null,"porcentaje":"-"}]},"pautaCompleta":{"etarioTotal":{"vacunados":3774,"personasINE":"-","porcentaje":"-"},"etarioRangos":[{"rango":{"min":12,"max":19},"vacunados":133,"personasINE":null,"porcentaje":"-"},{"rango":{"min":20,"max":29},"vacunados":929,"personasINE":null,"porcentaje":"-"},{"rango":{"min":30,"max":39},"vacunados":1034,"personasINE":null,"porcentaje":"-"},{"rango":{"min":40,"max":49},"vacunados":947,"personasINE":null,"porcentaje":"-"},{"rango":{"min":50,"max":59},"vacunados":512,"personasINE":null,"porcentaje":"-"},{"rango":{"min":60,"max":69},"vacunados":178,"personasINE":null,"porcentaje":"-"},{"rango":{"min":70,"max":79},"vacunados":22,"personasINE":null,"porcentaje":"-"},{"rango":{"min":80,"max":null},"vacunados":19,"personasINE":null,"porcentaje":"-"}]}}},{"ccaa":"Totales","dosisAdministradas":68955191,"dosisEntregadas":75250911,"dosisEntregadasModerna":10752630,"dosisEntregadasPfizer":52895871,"dosisEntregadasAstrazeneca":9202000,"dosisEntregadasJanssen":2400410,"dosisPrimeraDosis":37341455,"dosisPautaCompletada":35688441,"porcentajeEntregadas":0.916336959694747,"porcentajePoblacionAdministradas":1.4690070515551767,"porcentajePoblacionPrimeraDosis":0.7955145930975713,"porcentajePoblacionCompletas":0.7602991265445249,"fechaUltRegistro":null,"etarios":{"unaDosis":{"etarioTotal":{"vacunados":37341455,"personasINE":42119827,"porcentaje":0.8865529053573749},"etarioRangos":[{"rango":{"min":12,"max":19},"vacunados":3121438,"personasINE":3888686,"porcentaje":0.7680049508154284},{"rango":{"min":20,"max":29},"vacunados":3797508,"personasINE":4944640,"porcentaje":0.8736906716480795},{"rango":{"min":30,"max":39},"vacunados":4760300,"personasINE":6230403,"porcentaje":0.8736906716480795},{"rango":{"min":40,"max":49},"vacunados":6894937,"personasINE":7891737,"porcentaje":0.8736906716480795},{"rango":{"min":50,"max":59},"vacunados":6639207,"personasINE":7033306,"porcentaje":0.9439667490650911},{"rango":{"min":60,"max":69},"vacunados":5257156,"personasINE":5336986,"porcentaje":0.9850421192785591},{"rango":{"min":70,"max":79},"vacunados":3936898,"personasINE":3960045,"porcentaje":0.9941548644017935},{"rango":{"min":80,"max":null},"vacunados":2934011,"personasINE":2934011,"porcentaje":1}]},"pautaCompleta":{"etarioTotal":{"vacunados":35688441,"personasINE":42119827,"porcentaje":0.8473073975351323},"etarioRangos":[{"rango":{"min":12,"max":19},"vacunados":2504888,"personasINE":3888686.0000000005,"porcentaje":0.6997536726637329},{"rango":{"min":20,"max":29},"vacunados":3460030,"personasINE":4944640,"porcentaje":0.8527208902171981},{"rango":{"min":30,"max":39},"vacunados":4482399,"personasINE":6230403,"porcentaje":0.8527208902171981},{"rango":{"min":40,"max":49},"vacunados":6729449,"personasINE":7891737,"porcentaje":0.8527208902171981},{"rango":{"min":50,"max":59},"vacunados":6547304,"personasINE":7033306,"porcentaje":0.9308999210328684},{"rango":{"min":60,"max":69},"vacunados":5160690,"personasINE":5336986,"porcentaje":0.9669671233913674},{"rango":{"min":70,"max":79},"vacunados":3906851,"personasINE":3960045,"porcentaje":0.9865673243612131},{"rango":{"min":80,"max":null},"vacunados":2896830,"personasINE":2896830,"porcentaje":1}]}}}]