[{"ccaa":"Andalucía","dosisAdministradas":2831912,"dosisEntregadas":2874040,"dosisEntregadasModerna":248500,"dosisEntregadasPfizer":1907190,"dosisEntregadasAstrazeneca":669700,"dosisEntregadasJanssen":48650,"dosisPrimeraDosis":2004070,"dosisPautaCompletada":846489,"porcentajeEntregadas":0.9853418880739307,"porcentajePoblacionAdministradas":0.3345669297013106,"porcentajePoblacionPrimeraDosis":0.23676425920244185,"porcentajePoblacionCompletas":0.10000565898796739,"fechaUltRegistro":1619654400000,"etarios":{"unaDosis":{"etarioTotal":{"vacunados":1979170,"personasINE":7062213,"porcentaje":0.2802478486559383},"etarioRangos":[{"rango":{"min":16,"max":17},"vacunados":344,"personasINE":181921,"porcentaje":0.0018909306787011945},{"rango":{"min":18,"max":24},"vacunados":29613,"personasINE":625846,"porcentaje":0.047316752044432656},{"rango":{"min":25,"max":49},"vacunados":337362,"personasINE":3009381,"porcentaje":0.11210345250401993},{"rango":{"min":50,"max":59},"vacunados":152377,"personasINE":1265021,"porcentaje":0.1204541268484871},{"rango":{"min":60,"max":69},"vacunados":479296,"personasINE":916147,"porcentaje":0.5231649506029055},{"rango":{"min":70,"max":79},"vacunados":555887,"personasINE":650381,"porcentaje":0.8547097778071623},{"rango":{"min":80,"max":null},"vacunados":424291,"personasINE":413516,"porcentaje":1}]},"pautaCompleta":{"etarioTotal":{"vacunados":829536,"personasINE":7062213,"porcentaje":0.11746119806921711},"etarioRangos":[{"rango":{"min":16,"max":17},"vacunados":182,"personasINE":181921,"porcentaje":0.0010004342544291203},{"rango":{"min":18,"max":24},"vacunados":13312,"personasINE":625846,"porcentaje":0.021270408375223298},{"rango":{"min":25,"max":49},"vacunados":139235,"personasINE":3009381,"porcentaje":0.046266989789594606},{"rango":{"min":50,"max":59},"vacunados":74721,"personasINE":1265021,"porcentaje":0.05906700363076976},{"rango":{"min":60,"max":69},"vacunados":49835,"personasINE":916147,"porcentaje":0.05439629229807007},{"rango":{"min":70,"max":79},"vacunados":150527,"personasINE":650381,"porcentaje":0.23144433801110426},{"rango":{"min":80,"max":null},"vacunados":401724,"personasINE":413516,"porcentaje":0.9714835701641532}]}}},{"ccaa":"Aragón","dosisAdministradas":524214,"dosisEntregadas":558035,"dosisEntregadasModerna":51800,"dosisEntregadasPfizer":393435,"dosisEntregadasAstrazeneca":105200,"dosisEntregadasJanssen":7600,"dosisPrimeraDosis":377520,"dosisPautaCompletada":150773,"porcentajeEntregadas":0.9393926904226437,"porcentajePoblacionAdministradas":0.3943264246561019,"porcentajePoblacionPrimeraDosis":0.2839796568503924,"porcentajePoblacionCompletas":0.11341509006755725,"fechaUltRegistro":1619654400000,"etarios":{"unaDosis":{"etarioTotal":{"vacunados":377521,"personasINE":1132764,"porcentaje":0.3332741859734243},"etarioRangos":[{"rango":{"min":16,"max":17},"vacunados":35,"personasINE":25106,"porcentaje":0.0013940890623755278},{"rango":{"min":18,"max":24},"vacunados":5884,"personasINE":89180,"porcentaje":0.06597891904014352},{"rango":{"min":25,"max":49},"vacunados":51841,"personasINE":446083,"porcentaje":0.11621379877735757},{"rango":{"min":50,"max":59},"vacunados":28303,"personasINE":198266,"porcentaje":0.14275266561084604},{"rango":{"min":60,"max":69},"vacunados":87554,"personasINE":156367,"porcentaje":0.5599263271662179},{"rango":{"min":70,"max":79},"vacunados":104691,"personasINE":118955,"porcentaje":0.8800891093270564},{"rango":{"min":80,"max":null},"vacunados":99213,"personasINE":98807,"porcentaje":1}]},"pautaCompleta":{"etarioTotal":{"vacunados":150773,"personasINE":1132764,"porcentaje":0.1331018641129132},"etarioRangos":[{"rango":{"min":16,"max":17},"vacunados":28,"personasINE":25106,"porcentaje":0.0011152712499004221},{"rango":{"min":18,"max":24},"vacunados":1496,"personasINE":89180,"porcentaje":0.016775061673020855},{"rango":{"min":25,"max":49},"vacunados":22185,"personasINE":446083,"porcentaje":0.04973289724109639},{"rango":{"min":50,"max":59},"vacunados":14396,"personasINE":198266,"porcentaje":0.07260952457809206},{"rango":{"min":60,"max":69},"vacunados":12920,"personasINE":156367,"porcentaje":0.08262612955418983},{"rango":{"min":70,"max":79},"vacunados":7698,"personasINE":118955,"porcentaje":0.06471354713967467},{"rango":{"min":80,"max":null},"vacunados":92050,"personasINE":98807,"porcentaje":0.9316141568917182}]}}},{"ccaa":"Asturias","dosisAdministradas":474656,"dosisEntregadas":507015,"dosisEntregadasModerna":47600,"dosisEntregadasPfizer":372965,"dosisEntregadasAstrazeneca":80600,"dosisEntregadasJanssen":5850,"dosisPrimeraDosis":324880,"dosisPautaCompletada":152091,"porcentajeEntregadas":0.9361774306480084,"porcentajePoblacionAdministradas":0.4659044507962434,"porcentajePoblacionPrimeraDosis":0.31888997078870496,"porcentajePoblacionCompletas":0.14928679680874454,"fechaUltRegistro":1619654400000,"etarios":{"unaDosis":{"etarioTotal":{"vacunados":324880,"personasINE":901209,"porcentaje":0.36049351482286573},"etarioRangos":[{"rango":{"min":16,"max":17},"vacunados":37,"personasINE":15563,"porcentaje":0.002377433656749984},{"rango":{"min":18,"max":24},"vacunados":3849,"personasINE":54179,"porcentaje":0.07104228575647391},{"rango":{"min":25,"max":49},"vacunados":40510,"personasINE":322095,"porcentaje":0.12577034725779662},{"rango":{"min":50,"max":59},"vacunados":25602,"personasINE":162645,"porcentaje":0.15741031079959422},{"rango":{"min":60,"max":69},"vacunados":76379,"personasINE":149652,"porcentaje":0.5103774089220324},{"rango":{"min":70,"max":79},"vacunados":91632,"personasINE":109249,"porcentaje":0.8387445194006352},{"rango":{"min":80,"max":null},"vacunados":86871,"personasINE":87826,"porcentaje":0.9891262268576504}]},"pautaCompleta":{"etarioTotal":{"vacunados":152091,"personasINE":901209,"porcentaje":0.16876329464086576},"etarioRangos":[{"rango":{"min":16,"max":17},"vacunados":29,"personasINE":15563,"porcentaje":0.0018633939471824198},{"rango":{"min":18,"max":24},"vacunados":2540,"personasINE":54179,"porcentaje":0.04688163310507761},{"rango":{"min":25,"max":49},"vacunados":22492,"personasINE":322095,"porcentaje":0.06983032956115431},{"rango":{"min":50,"max":59},"vacunados":14729,"personasINE":162645,"porcentaje":0.09055919333517784},{"rango":{"min":60,"max":69},"vacunados":11394,"personasINE":149652,"porcentaje":0.07613663699783497},{"rango":{"min":70,"max":79},"vacunados":19535,"personasINE":109249,"porcentaje":0.17881170537030086},{"rango":{"min":80,"max":null},"vacunados":81372,"personasINE":87826,"porcentaje":0.9265137886275135}]}}},{"ccaa":"Baleares","dosisAdministradas":319347,"dosisEntregadas":341570,"dosisEntregadasModerna":27900,"dosisEntregadasPfizer":214470,"dosisEntregadasAstrazeneca":92500,"dosisEntregadasJanssen":6700,"dosisPrimeraDosis":236608,"dosisPautaCompletada":86442,"porcentajeEntregadas":0.9349386655736746,"porcentajePoblacionAdministradas":0.2725866656196145,"porcentajePoblacionPrimeraDosis":0.20196271071569716,"porcentajePoblacionCompletas":0.07378474370979128,"fechaUltRegistro":1619654400000,"etarios":{"unaDosis":{"etarioTotal":{"vacunados":236608,"personasINE":986279,"porcentaje":0.239899663279863},"etarioRangos":[{"rango":{"min":16,"max":17},"vacunados":35,"personasINE":23300,"porcentaje":0.0015021459227467812},{"rango":{"min":18,"max":24},"vacunados":3767,"personasINE":85839,"porcentaje":0.043884481412877596},{"rango":{"min":25,"max":49},"vacunados":43480,"personasINE":464054,"porcentaje":0.0936959922767609},{"rango":{"min":50,"max":59},"vacunados":21389,"personasINE":165797,"porcentaje":0.12900715935752757},{"rango":{"min":60,"max":69},"vacunados":62675,"personasINE":117231,"porcentaje":0.5346282126741221},{"rango":{"min":70,"max":79},"vacunados":56372,"personasINE":80516,"porcentaje":0.7001341348303443},{"rango":{"min":80,"max":null},"vacunados":48890,"personasINE":49542,"porcentaje":0.9868394493561019}]},"pautaCompleta":{"etarioTotal":{"vacunados":86442,"personasINE":986279,"porcentaje":0.08764457116089869},"etarioRangos":[{"rango":{"min":16,"max":17},"vacunados":31,"personasINE":23300,"porcentaje":0.0013304721030042918},{"rango":{"min":18,"max":24},"vacunados":1323,"personasINE":85839,"porcentaje":0.015412574703805961},{"rango":{"min":25,"max":49},"vacunados":18218,"personasINE":464054,"porcentaje":0.039258362173367756},{"rango":{"min":50,"max":59},"vacunados":7871,"personasINE":165797,"porcentaje":0.047473717859792396},{"rango":{"min":60,"max":69},"vacunados":5204,"personasINE":117231,"porcentaje":0.044390988731649476},{"rango":{"min":70,"max":79},"vacunados":10710,"personasINE":80516,"porcentaje":0.1330170400914104},{"rango":{"min":80,"max":null},"vacunados":43085,"personasINE":49542,"porcentaje":0.8696661418594324}]}}},{"ccaa":"Canarias","dosisAdministradas":608346,"dosisEntregadas":659300,"dosisEntregadasModerna":54700,"dosisEntregadasPfizer":420000,"dosisEntregadasAstrazeneca":172100,"dosisEntregadasJanssen":12500,"dosisPrimeraDosis":448628,"dosisPautaCompletada":165908,"porcentajeEntregadas":0.9227150007583801,"porcentajePoblacionAdministradas":0.2795769391971882,"porcentajePoblacionPrimeraDosis":0.20617550387140893,"porcentajePoblacionCompletas":0.07624616719486459,"fechaUltRegistro":1619654400000,"etarios":{"unaDosis":{"etarioTotal":{"vacunados":443122,"personasINE":1871033,"porcentaje":0.2368328084004932},"etarioRangos":[{"rango":{"min":16,"max":17},"vacunados":55,"personasINE":44352,"porcentaje":0.001240079365079365},{"rango":{"min":18,"max":24},"vacunados":6069,"personasINE":163899,"porcentaje":0.03702890194571047},{"rango":{"min":25,"max":49},"vacunados":68688,"personasINE":832411,"porcentaje":0.08251692973783384},{"rango":{"min":50,"max":59},"vacunados":30576,"personasINE":350512,"porcentaje":0.08723239147304515},{"rango":{"min":60,"max":69},"vacunados":139858,"personasINE":235092,"porcentaje":0.5949075255644599},{"rango":{"min":70,"max":79},"vacunados":111416,"personasINE":154531,"porcentaje":0.7209944930143466},{"rango":{"min":80,"max":null},"vacunados":86460,"personasINE":90236,"porcentaje":0.9581541735005984}]},"pautaCompleta":{"etarioTotal":{"vacunados":158732,"personasINE":1871033,"porcentaje":0.08483655820073724},"etarioRangos":[{"rango":{"min":16,"max":17},"vacunados":33,"personasINE":44352,"porcentaje":0.000744047619047619},{"rango":{"min":18,"max":24},"vacunados":2504,"personasINE":163899,"porcentaje":0.015277701511296591},{"rango":{"min":25,"max":49},"vacunados":35812,"personasINE":832411,"porcentaje":0.043022016768159},{"rango":{"min":50,"max":59},"vacunados":17801,"personasINE":350512,"porcentaje":0.05078570776464144},{"rango":{"min":60,"max":69},"vacunados":10320,"personasINE":235092,"porcentaje":0.043897708131284775},{"rango":{"min":70,"max":79},"vacunados":27293,"personasINE":154531,"porcentaje":0.17661828371006466},{"rango":{"min":80,"max":null},"vacunados":64969,"personasINE":90236,"porcentaje":0.7199898045126114}]}}},{"ccaa":"Cantabria","dosisAdministradas":224037,"dosisEntregadas":248035,"dosisEntregadasModerna":22500,"dosisEntregadasPfizer":176235,"dosisEntregadasAstrazeneca":46000,"dosisEntregadasJanssen":3300,"dosisPrimeraDosis":156532,"dosisPautaCompletada":67988,"porcentajeEntregadas":0.9032475255508295,"porcentajePoblacionAdministradas":0.3843456480901691,"porcentajePoblacionPrimeraDosis":0.2685377548657157,"porcentajePoblacionCompletas":0.11663650165979018,"fechaUltRegistro":1619654400000,"etarios":{"unaDosis":{"etarioTotal":{"vacunados":156534,"personasINE":501384,"porcentaje":0.31220381982671963},"etarioRangos":[{"rango":{"min":16,"max":17},"vacunados":5,"personasINE":10791,"porcentaje":0.0004633490872022982},{"rango":{"min":18,"max":24},"vacunados":1616,"personasINE":34935,"porcentaje":0.046257335050808646},{"rango":{"min":25,"max":49},"vacunados":23225,"personasINE":194241,"porcentaje":0.11956795939065387},{"rango":{"min":50,"max":59},"vacunados":11842,"personasINE":89964,"porcentaje":0.13163042994975768},{"rango":{"min":60,"max":69},"vacunados":32475,"personasINE":77345,"porcentaje":0.41987200206865344},{"rango":{"min":70,"max":79},"vacunados":46357,"personasINE":53066,"porcentaje":0.8735725323182452},{"rango":{"min":80,"max":null},"vacunados":41014,"personasINE":41042,"porcentaje":0.9993177720383997}]},"pautaCompleta":{"etarioTotal":{"vacunados":67988,"personasINE":501384,"porcentaje":0.13560065738037114},"etarioRangos":[{"rango":{"min":16,"max":17},"vacunados":5,"personasINE":10791,"porcentaje":0.0004633490872022982},{"rango":{"min":18,"max":24},"vacunados":661,"personasINE":34935,"porcentaje":0.01892085301273794},{"rango":{"min":25,"max":49},"vacunados":11318,"personasINE":194241,"porcentaje":0.05826782193254771},{"rango":{"min":50,"max":59},"vacunados":5899,"personasINE":89964,"porcentaje":0.06557067271352986},{"rango":{"min":60,"max":69},"vacunados":3958,"personasINE":77345,"porcentaje":0.05117331437067684},{"rango":{"min":70,"max":79},"vacunados":8794,"personasINE":53066,"porcentaje":0.16571816228847097},{"rango":{"min":80,"max":null},"vacunados":37353,"personasINE":41042,"porcentaje":0.9101164660591589}]}}},{"ccaa":"Castilla y Leon","dosisAdministradas":1067062,"dosisEntregadas":1194215,"dosisEntregadasModerna":113700,"dosisEntregadasPfizer":877215,"dosisEntregadasAstrazeneca":189500,"dosisEntregadasJanssen":13800,"dosisPrimeraDosis":744217,"dosisPautaCompletada":328108,"porcentajeEntregadas":0.8935258726443731,"porcentajePoblacionAdministradas":0.4455526243487251,"porcentajePoblacionPrimeraDosis":0.3107484264596951,"porcentajePoblacionCompletas":0.13700176791021654,"fechaUltRegistro":1619654400000,"etarios":{"unaDosis":{"etarioTotal":{"vacunados":744225,"personasINE":2092873,"porcentaje":0.35559969477364367},"etarioRangos":[{"rango":{"min":16,"max":17},"vacunados":102,"personasINE":40684,"porcentaje":0.002507128109330449},{"rango":{"min":18,"max":24},"vacunados":7955,"personasINE":144422,"porcentaje":0.055081635761864534},{"rango":{"min":25,"max":49},"vacunados":90108,"personasINE":738950,"porcentaje":0.12194059137966033},{"rango":{"min":50,"max":59},"vacunados":57686,"personasINE":381175,"porcentaje":0.15133731225814914},{"rango":{"min":60,"max":69},"vacunados":144964,"personasINE":318575,"porcentaje":0.4550388448559994},{"rango":{"min":70,"max":79},"vacunados":217401,"personasINE":245410,"porcentaje":0.8858685465139969},{"rango":{"min":80,"max":null},"vacunados":226009,"personasINE":223657,"porcentaje":1}]},"pautaCompleta":{"etarioTotal":{"vacunados":328116,"personasINE":2092873,"porcentaje":0.1567777882365533},"etarioRangos":[{"rango":{"min":16,"max":17},"vacunados":91,"personasINE":40684,"porcentaje":0.002236751548520303},{"rango":{"min":18,"max":24},"vacunados":2782,"personasINE":144422,"porcentaje":0.01926299317278531},{"rango":{"min":25,"max":49},"vacunados":43564,"personasINE":738950,"porcentaje":0.05895392110426957},{"rango":{"min":50,"max":59},"vacunados":31065,"personasINE":381175,"porcentaje":0.08149799960647996},{"rango":{"min":60,"max":69},"vacunados":22587,"personasINE":318575,"porcentaje":0.07090010201679353},{"rango":{"min":70,"max":79},"vacunados":32419,"personasINE":245410,"porcentaje":0.1321013813618027},{"rango":{"min":80,"max":null},"vacunados":195608,"personasINE":223657,"porcentaje":0.874589214735063}]}}},{"ccaa":"Castilla La Mancha","dosisAdministradas":725719,"dosisEntregadas":797505,"dosisEntregadasModerna":71900,"dosisEntregadasPfizer":552105,"dosisEntregadasAstrazeneca":161800,"dosisEntregadasJanssen":11700,"dosisPrimeraDosis":513927,"dosisPautaCompletada":216193,"porcentajeEntregadas":0.9099867712428136,"porcentajePoblacionAdministradas":0.3548364699951741,"porcentajePoblacionPrimeraDosis":0.25128189080788826,"porcentajePoblacionCompletas":0.10570642488024522,"fechaUltRegistro":1619654400000},{"ccaa":"Cataluña","dosisAdministradas":2590635,"dosisEntregadas":2799330,"dosisEntregadasModerna":251300,"dosisEntregadasPfizer":1887830,"dosisEntregadasAstrazeneca":615500,"dosisEntregadasJanssen":44700,"dosisPrimeraDosis":1820712,"dosisPautaCompletada":783350,"porcentajeEntregadas":0.9254482322555755,"porcentajePoblacionAdministradas":0.3329660037640356,"porcentajePoblacionPrimeraDosis":0.2340102710899933,"porcentajePoblacionCompletas":0.1006814618997108,"fechaUltRegistro":1619654400000,"etarios":{"unaDosis":{"etarioTotal":{"vacunados":1820713,"personasINE":6531658,"porcentaje":0.27875204121220065},"etarioRangos":[{"rango":{"min":16,"max":17},"vacunados":386,"personasINE":159864,"porcentaje":0.002414552369514087},{"rango":{"min":18,"max":24},"vacunados":38370,"personasINE":556316,"porcentaje":0.06897159168530116},{"rango":{"min":25,"max":49},"vacunados":308108,"personasINE":2803626,"porcentaje":0.10989625577733977},{"rango":{"min":50,"max":59},"vacunados":141648,"personasINE":1091780,"porcentaje":0.12974042389492388},{"rango":{"min":60,"max":69},"vacunados":511683,"personasINE":837584,"porcentaje":0.6109035034098073},{"rango":{"min":70,"max":79},"vacunados":376262,"personasINE":635292,"porcentaje":0.5922662334800375},{"rango":{"min":80,"max":null},"vacunados":444256,"personasINE":447196,"porcentaje":0.9934257014821242}]},"pautaCompleta":{"etarioTotal":{"vacunados":783350,"personasINE":6531658,"porcentaje":0.11993126400678052},"etarioRangos":[{"rango":{"min":16,"max":17},"vacunados":280,"personasINE":159864,"porcentaje":0.001751488765450633},{"rango":{"min":18,"max":24},"vacunados":18132,"personasINE":556316,"porcentaje":0.03259298671977797},{"rango":{"min":25,"max":49},"vacunados":136352,"personasINE":2803626,"porcentaje":0.04863416161784775},{"rango":{"min":50,"max":59},"vacunados":74218,"personasINE":1091780,"porcentaje":0.0679788968473502},{"rango":{"min":60,"max":69},"vacunados":58754,"personasINE":837584,"porcentaje":0.07014699421192382},{"rango":{"min":70,"max":79},"vacunados":97982,"personasINE":635292,"porcentaje":0.15423144003072603},{"rango":{"min":80,"max":null},"vacunados":397632,"personasINE":447196,"porcentaje":0.8891671660748307}]}}},{"ccaa":"C. Valenciana","dosisAdministradas":1666527,"dosisEntregadas":1716860,"dosisEntregadasModerna":151600,"dosisEntregadasPfizer":1136260,"dosisEntregadasAstrazeneca":400000,"dosisEntregadasJanssen":29000,"dosisPrimeraDosis":1197668,"dosisPautaCompletada":478277,"porcentajeEntregadas":0.9706831075335205,"porcentajePoblacionAdministradas":0.3295255442916482,"porcentajePoblacionPrimeraDosis":0.2368171650268431,"porcentajePoblacionCompletas":0.09457061826611668,"fechaUltRegistro":1619654400000,"etarios":{"unaDosis":{"etarioTotal":{"vacunados":1197668,"personasINE":4269305,"porcentaje":0.28052996916359924},"etarioRangos":[{"rango":{"min":16,"max":17},"vacunados":130,"personasINE":103049,"porcentaje":0.0012615357742433212},{"rango":{"min":18,"max":24},"vacunados":17986,"personasINE":352834,"porcentaje":0.050975812988544186},{"rango":{"min":25,"max":49},"vacunados":205034,"personasINE":1765967,"porcentaje":0.11610296228638474},{"rango":{"min":50,"max":59},"vacunados":96213,"personasINE":752334,"porcentaje":0.12788601870977517},{"rango":{"min":60,"max":69},"vacunados":252569,"personasINE":580728,"porcentaje":0.4349178961579259},{"rango":{"min":70,"max":79},"vacunados":336683,"personasINE":437862,"porcentaje":0.7689249124153272},{"rango":{"min":80,"max":null},"vacunados":289053,"personasINE":276531,"porcentaje":1}]},"pautaCompleta":{"etarioTotal":{"vacunados":478277,"personasINE":4269305,"porcentaje":0.11202689899175627},"etarioRangos":[{"rango":{"min":16,"max":17},"vacunados":110,"personasINE":103049,"porcentaje":0.0010674533474366564},{"rango":{"min":18,"max":24},"vacunados":5576,"personasINE":352834,"porcentaje":0.015803465652403113},{"rango":{"min":25,"max":49},"vacunados":70118,"personasINE":1765967,"porcentaje":0.03970515870341858},{"rango":{"min":50,"max":59},"vacunados":35088,"personasINE":752334,"porcentaje":0.0466388598680905},{"rango":{"min":60,"max":69},"vacunados":25152,"personasINE":580728,"porcentaje":0.04331115427532339},{"rango":{"min":70,"max":79},"vacunados":70967,"personasINE":437862,"porcentaje":0.16207617925282394},{"rango":{"min":80,"max":null},"vacunados":271266,"personasINE":276531,"porcentaje":0.9809605433025592}]}}},{"ccaa":"Extremadura","dosisAdministradas":442614,"dosisEntregadas":453315,"dosisEntregadasModerna":40800,"dosisEntregadasPfizer":322415,"dosisEntregadasAstrazeneca":84000,"dosisEntregadasJanssen":6100,"dosisPrimeraDosis":305143,"dosisPautaCompletada":139277,"porcentajeEntregadas":0.9763938982826511,"porcentajePoblacionAdministradas":0.41599568415779514,"porcentajePoblacionPrimeraDosis":0.2867920378726432,"porcentajePoblacionCompletas":0.13090103544498194,"fechaUltRegistro":1619654400000,"etarios":{"unaDosis":{"etarioTotal":{"vacunados":305143,"personasINE":911213,"porcentaje":0.33487559988718335},"etarioRangos":[{"rango":{"min":16,"max":17},"vacunados":62,"personasINE":20953,"porcentaje":0.002959003483987973},{"rango":{"min":18,"max":24},"vacunados":2332,"personasINE":76088,"porcentaje":0.030648722531805277},{"rango":{"min":25,"max":49},"vacunados":43383,"personasINE":351778,"porcentaje":0.1233249378869628},{"rango":{"min":50,"max":59},"vacunados":24514,"personasINE":169216,"porcentaje":0.14486809757942512},{"rango":{"min":60,"max":69},"vacunados":67972,"personasINE":125297,"porcentaje":0.5424870507673767},{"rango":{"min":70,"max":79},"vacunados":89497,"personasINE":91876,"porcentaje":0.974106404284035},{"rango":{"min":80,"max":null},"vacunados":77383,"personasINE":76005,"porcentaje":1}]},"pautaCompleta":{"etarioTotal":{"vacunados":139277,"personasINE":911213,"porcentaje":0.15284790713038554},"etarioRangos":[{"rango":{"min":16,"max":17},"vacunados":44,"personasINE":20953,"porcentaje":0.0020999379563785615},{"rango":{"min":18,"max":24},"vacunados":934,"personasINE":76088,"porcentaje":0.012275260225002629},{"rango":{"min":25,"max":49},"vacunados":20165,"personasINE":351778,"porcentaje":0.057323084445303575},{"rango":{"min":50,"max":59},"vacunados":13319,"personasINE":169216,"porcentaje":0.07871005105900152},{"rango":{"min":60,"max":69},"vacunados":8188,"personasINE":125297,"porcentaje":0.06534873141415995},{"rango":{"min":70,"max":79},"vacunados":22990,"personasINE":91876,"porcentaje":0.25022856894074624},{"rango":{"min":80,"max":null},"vacunados":73637,"personasINE":76005,"porcentaje":0.9688441549898033}]}}},{"ccaa":"Galicia","dosisAdministradas":1094581,"dosisEntregadas":1229725,"dosisEntregadasModerna":113300,"dosisEntregadasPfizer":886975,"dosisEntregadasAstrazeneca":213900,"dosisEntregadasJanssen":15550,"dosisPrimeraDosis":812636,"dosisPautaCompletada":286955,"porcentajeEntregadas":0.8901022586350607,"porcentajePoblacionAdministradas":0.40512743451726413,"porcentajePoblacionPrimeraDosis":0.3007736639649066,"porcentajePoblacionCompletas":0.10620807685488924,"fechaUltRegistro":1619654400000,"etarios":{"unaDosis":{"etarioTotal":{"vacunados":812637,"personasINE":2362643,"porcentaje":0.3439525141970243},"etarioRangos":[{"rango":{"min":16,"max":17},"vacunados":40,"personasINE":44014,"porcentaje":0.0009088017448993502},{"rango":{"min":18,"max":24},"vacunados":5207,"personasINE":152745,"porcentaje":0.03408949556450293},{"rango":{"min":25,"max":49},"vacunados":97697,"personasINE":889004,"porcentaje":0.10989489361127734},{"rango":{"min":50,"max":59},"vacunados":66827,"personasINE":405889,"porcentaje":0.1646435355478961},{"rango":{"min":60,"max":69},"vacunados":136106,"personasINE":346927,"porcentaje":0.39231884517492155},{"rango":{"min":70,"max":79},"vacunados":272197,"personasINE":289762,"porcentaje":0.9393812853307197},{"rango":{"min":80,"max":null},"vacunados":234563,"personasINE":234302,"porcentaje":1}]},"pautaCompleta":{"etarioTotal":{"vacunados":286954,"personasINE":2362643,"porcentaje":0.12145465904074378},"etarioRangos":[{"rango":{"min":16,"max":17},"vacunados":9,"personasINE":44014,"porcentaje":0.0002044803926023538},{"rango":{"min":18,"max":24},"vacunados":1667,"personasINE":152745,"porcentaje":0.010913614193590625},{"rango":{"min":25,"max":49},"vacunados":40044,"personasINE":889004,"porcentaje":0.045043666845143555},{"rango":{"min":50,"max":59},"vacunados":24205,"personasINE":405889,"porcentaje":0.05963453062290429},{"rango":{"min":60,"max":69},"vacunados":17316,"personasINE":346927,"porcentaje":0.049912517618980363},{"rango":{"min":70,"max":79},"vacunados":5732,"personasINE":289762,"porcentaje":0.019781751920541685},{"rango":{"min":80,"max":null},"vacunados":197981,"personasINE":234302,"porcentaje":0.8449821170967384}]}}},{"ccaa":"La Rioja","dosisAdministradas":123247,"dosisEntregadas":131095,"dosisEntregadasModerna":11600,"dosisEntregadasPfizer":92495,"dosisEntregadasAstrazeneca":25100,"dosisEntregadasJanssen":1900,"dosisPrimeraDosis":90451,"dosisPautaCompletada":33201,"porcentajeEntregadas":0.9401350165910218,"porcentajePoblacionAdministradas":0.38525041104796914,"porcentajePoblacionPrimeraDosis":0.2827353601280344,"porcentajePoblacionCompletas":0.1037810161480898,"fechaUltRegistro":1619654400000,"etarios":{"unaDosis":{"etarioTotal":{"vacunados":90451,"personasINE":270788,"porcentaje":0.3340288343648906},"etarioRangos":[{"rango":{"min":16,"max":17},"vacunados":9,"personasINE":6286,"porcentaje":0.0014317531021317213},{"rango":{"min":18,"max":24},"vacunados":1332,"personasINE":21170,"porcentaje":0.06291922531884743},{"rango":{"min":25,"max":49},"vacunados":13343,"personasINE":107618,"porcentaje":0.12398483525060863},{"rango":{"min":50,"max":59},"vacunados":6956,"personasINE":47664,"porcentaje":0.14593823430681438},{"rango":{"min":60,"max":69},"vacunados":19655,"personasINE":37718,"porcentaje":0.5211039821835728},{"rango":{"min":70,"max":79},"vacunados":26241,"personasINE":28125,"porcentaje":0.9330133333333334},{"rango":{"min":80,"max":null},"vacunados":22915,"personasINE":22207,"porcentaje":1}]},"pautaCompleta":{"etarioTotal":{"vacunados":33201,"personasINE":270788,"porcentaje":0.12260883052424774},"etarioRangos":[{"rango":{"min":16,"max":17},"vacunados":9,"personasINE":6286,"porcentaje":0.0014317531021317213},{"rango":{"min":18,"max":24},"vacunados":394,"personasINE":21170,"porcentaje":0.01861124232404346},{"rango":{"min":25,"max":49},"vacunados":4726,"personasINE":107618,"porcentaje":0.043914586779163337},{"rango":{"min":50,"max":59},"vacunados":3421,"personasINE":47664,"porcentaje":0.0717732460557234},{"rango":{"min":60,"max":69},"vacunados":2541,"personasINE":37718,"porcentaje":0.06736836523675699},{"rango":{"min":70,"max":79},"vacunados":919,"personasINE":28125,"porcentaje":0.032675555555555555},{"rango":{"min":80,"max":null},"vacunados":21191,"personasINE":22207,"porcentaje":0.9542486603323277}]}}},{"ccaa":"Madrid","dosisAdministradas":2102932,"dosisEntregadas":2319245,"dosisEntregadasModerna":204000,"dosisEntregadasPfizer":1539645,"dosisEntregadasAstrazeneca":536700,"dosisEntregadasJanssen":38900,"dosisPrimeraDosis":1570954,"dosisPautaCompletada":532421,"porcentajeEntregadas":0.9067312853967563,"porcentajePoblacionAdministradas":0.3101720854385795,"porcentajePoblacionPrimeraDosis":0.23170795741758565,"porcentajePoblacionCompletas":0.0785294683334002,"fechaUltRegistro":1619654400000,"etarios":{"unaDosis":{"etarioTotal":{"vacunados":1539906,"personasINE":5695623,"porcentaje":0.2703665604271912},"etarioRangos":[{"rango":{"min":16,"max":17},"vacunados":248,"personasINE":135861,"porcentaje":0.001825395072905396},{"rango":{"min":18,"max":24},"vacunados":23687,"personasINE":479716,"porcentaje":0.04937713146945276},{"rango":{"min":25,"max":49},"vacunados":280184,"personasINE":2513737,"porcentaje":0.11146114330974163},{"rango":{"min":50,"max":59},"vacunados":115669,"personasINE":972783,"porcentaje":0.11890524402667399},{"rango":{"min":60,"max":69},"vacunados":365460,"personasINE":703323,"porcentaje":0.5196190086205058},{"rango":{"min":70,"max":79},"vacunados":392724,"personasINE":526081,"porcentaje":0.7465086174942642},{"rango":{"min":80,"max":null},"vacunados":361934,"personasINE":364122,"porcentaje":0.993991024986131}]},"pautaCompleta":{"etarioTotal":{"vacunados":509070,"personasINE":5695623,"porcentaje":0.08937916010241549},"etarioRangos":[{"rango":{"min":16,"max":17},"vacunados":94,"personasINE":135861,"porcentaje":0.0006918836163431743},{"rango":{"min":18,"max":24},"vacunados":14108,"personasINE":479716,"porcentaje":0.02940906703132687},{"rango":{"min":25,"max":49},"vacunados":113015,"personasINE":2513737,"porcentaje":0.04495895950928836},{"rango":{"min":50,"max":59},"vacunados":52435,"personasINE":972783,"porcentaje":0.05390205215346074},{"rango":{"min":60,"max":69},"vacunados":32591,"personasINE":703323,"porcentaje":0.04633859549595278},{"rango":{"min":70,"max":79},"vacunados":21429,"personasINE":526081,"porcentaje":0.040733271112243175},{"rango":{"min":80,"max":null},"vacunados":275398,"personasINE":364122,"porcentaje":0.756334415388249}]}}},{"ccaa":"Murcia","dosisAdministradas":439557,"dosisEntregadas":505995,"dosisEntregadasModerna":42500,"dosisEntregadasPfizer":335345,"dosisEntregadasAstrazeneca":119500,"dosisEntregadasJanssen":8650,"dosisPrimeraDosis":320106,"dosisPautaCompletada":119550,"porcentajeEntregadas":0.8686983072955267,"porcentajePoblacionAdministradas":0.29085638322158264,"porcentajePoblacionPrimeraDosis":0.21181524445641392,"porcentajePoblacionCompletas":0.07910664740668492,"fechaUltRegistro":1619654400000,"etarios":{"unaDosis":{"etarioTotal":{"vacunados":320106,"personasINE":1237479,"porcentaje":0.25867590480323305},"etarioRangos":[{"rango":{"min":16,"max":17},"vacunados":118,"personasINE":34712,"porcentaje":0.003399400783590689},{"rango":{"min":18,"max":24},"vacunados":7108,"personasINE":118667,"porcentaje":0.05989870814969621},{"rango":{"min":25,"max":49},"vacunados":58936,"personasINE":551265,"porcentaje":0.10691046955638395},{"rango":{"min":50,"max":59},"vacunados":25653,"personasINE":213256,"porcentaje":0.12029204336572007},{"rango":{"min":60,"max":69},"vacunados":73620,"personasINE":146909,"porcentaje":0.5011265477268241},{"rango":{"min":70,"max":79},"vacunados":82990,"personasINE":102899,"porcentaje":0.8065190137902215},{"rango":{"min":80,"max":null},"vacunados":71681,"personasINE":69771,"porcentaje":1}]},"pautaCompleta":{"etarioTotal":{"vacunados":119550,"personasINE":1237479,"porcentaje":0.0966077000094547},"etarioRangos":[{"rango":{"min":16,"max":17},"vacunados":103,"personasINE":34712,"porcentaje":0.0029672735653376355},{"rango":{"min":18,"max":24},"vacunados":2551,"personasINE":118667,"porcentaje":0.02149713062603757},{"rango":{"min":25,"max":49},"vacunados":27879,"personasINE":551265,"porcentaje":0.05057277352997197},{"rango":{"min":50,"max":59},"vacunados":14002,"personasINE":213256,"porcentaje":0.0656581760888322},{"rango":{"min":60,"max":69},"vacunados":7669,"personasINE":146909,"porcentaje":0.05220238378860383},{"rango":{"min":70,"max":79},"vacunados":4638,"personasINE":102899,"porcentaje":0.04507332432773885},{"rango":{"min":80,"max":null},"vacunados":62708,"personasINE":69771,"porcentaje":0.8987688294563644}]}}},{"ccaa":"Navarra","dosisAdministradas":240050,"dosisEntregadas":252845,"dosisEntregadasModerna":22800,"dosisEntregadasPfizer":173895,"dosisEntregadasAstrazeneca":52300,"dosisEntregadasJanssen":3850,"dosisPrimeraDosis":171131,"dosisPautaCompletada":70744,"porcentajeEntregadas":0.949395874943147,"porcentajePoblacionAdministradas":0.3630536738672438,"porcentajePoblacionPrimeraDosis":0.2588199885964395,"porcentajePoblacionCompletas":0.10699383088550009,"fechaUltRegistro":1619654400000,"etarios":{"unaDosis":{"etarioTotal":{"vacunados":171132,"personasINE":552935,"porcentaje":0.30949749970611373},"etarioRangos":[{"rango":{"min":16,"max":17},"vacunados":6,"personasINE":13906,"porcentaje":0.00043146843089313965},{"rango":{"min":18,"max":24},"vacunados":3324,"personasINE":48505,"porcentaje":0.06852901762704876},{"rango":{"min":25,"max":49},"vacunados":26652,"personasINE":223028,"porcentaje":0.11950069049626055},{"rango":{"min":50,"max":59},"vacunados":14121,"personasINE":96694,"porcentaje":0.1460380168366186},{"rango":{"min":60,"max":69},"vacunados":36057,"personasINE":73844,"porcentaje":0.4882861166784031},{"rango":{"min":70,"max":79},"vacunados":49374,"personasINE":55792,"porcentaje":0.8849655864640091},{"rango":{"min":80,"max":null},"vacunados":41598,"personasINE":41166,"porcentaje":1}]},"pautaCompleta":{"etarioTotal":{"vacunados":70744,"personasINE":552935,"porcentaje":0.1279427057429897},"etarioRangos":[{"rango":{"min":16,"max":17},"vacunados":4,"personasINE":13906,"porcentaje":0.00028764562059542645},{"rango":{"min":18,"max":24},"vacunados":920,"personasINE":48505,"porcentaje":0.01896711679208329},{"rango":{"min":25,"max":49},"vacunados":12463,"personasINE":223028,"porcentaje":0.05588087594382768},{"rango":{"min":50,"max":59},"vacunados":7658,"personasINE":96694,"porcentaje":0.07919829565433223},{"rango":{"min":60,"max":69},"vacunados":4138,"personasINE":73844,"porcentaje":0.05603705108065652},{"rango":{"min":70,"max":79},"vacunados":8776,"personasINE":55792,"porcentaje":0.15729853742472039},{"rango":{"min":80,"max":null},"vacunados":36785,"personasINE":41166,"porcentaje":0.8935772239226546}]}}},{"ccaa":"País Vasco","dosisAdministradas":773542,"dosisEntregadas":893080,"dosisEntregadasModerna":81200,"dosisEntregadasPfizer":623430,"dosisEntregadasAstrazeneca":175700,"dosisEntregadasJanssen":12750,"dosisPrimeraDosis":573196,"dosisPautaCompletada":210988,"porcentajeEntregadas":0.8661508487481525,"porcentajePoblacionAdministradas":0.3483632544683549,"porcentajePoblacionPrimeraDosis":0.25813779214088334,"porcentajePoblacionCompletas":0.09501806797015452,"fechaUltRegistro":1619654400000,"etarios":{"unaDosis":{"etarioTotal":{"vacunados":561369,"personasINE":1898123,"porcentaje":0.29574953783290125},"etarioRangos":[{"rango":{"min":16,"max":17},"vacunados":14,"personasINE":41824,"porcentaje":0.0003347360367253252},{"rango":{"min":18,"max":24},"vacunados":12140,"personasINE":140323,"porcentaje":0.08651468397910535},{"rango":{"min":25,"max":49},"vacunados":94962,"personasINE":724849,"porcentaje":0.13100935505187977},{"rango":{"min":50,"max":59},"vacunados":51728,"personasINE":339977,"porcentaje":0.1521514690699665},{"rango":{"min":60,"max":69},"vacunados":112644,"personasINE":280119,"porcentaje":0.4021290951345678},{"rango":{"min":70,"max":79},"vacunados":131452,"personasINE":213081,"porcentaje":0.6169109399711846},{"rango":{"min":80,"max":null},"vacunados":158429,"personasINE":157950,"porcentaje":1}]},"pautaCompleta":{"etarioTotal":{"vacunados":198725,"personasINE":1898123,"porcentaje":0.10469553342960387},"etarioRangos":[{"rango":{"min":16,"max":17},"vacunados":6,"personasINE":41824,"porcentaje":0.0001434583014537108},{"rango":{"min":18,"max":24},"vacunados":3463,"personasINE":140323,"porcentaje":0.024678776822046278},{"rango":{"min":25,"max":49},"vacunados":37636,"personasINE":724849,"porcentaje":0.05192253834936656},{"rango":{"min":50,"max":59},"vacunados":23288,"personasINE":339977,"porcentaje":0.06849875138612319},{"rango":{"min":60,"max":69},"vacunados":14034,"personasINE":280119,"porcentaje":0.05010013601362278},{"rango":{"min":70,"max":79},"vacunados":9604,"personasINE":213081,"porcentaje":0.04507206179809556},{"rango":{"min":80,"max":null},"vacunados":110694,"personasINE":157950,"porcentaje":0.7008167141500475}]}}},{"ccaa":"Ceuta","dosisAdministradas":21685,"dosisEntregadas":21760,"dosisEntregadasModerna":1800,"dosisEntregadasPfizer":12510,"dosisEntregadasAstrazeneca":7000,"dosisEntregadasJanssen":450,"dosisPrimeraDosis":15249,"dosisPautaCompletada":6560,"porcentajeEntregadas":0.9965533088235294,"porcentajePoblacionAdministradas":0.2575354504643595,"porcentajePoblacionPrimeraDosis":0.1811002113964039,"porcentajePoblacionCompletas":0.07790788817367758,"fechaUltRegistro":1619654400000,"etarios":{"unaDosis":{"etarioTotal":{"vacunados":15249,"personasINE":66158,"porcentaje":0.23049366667674356},"etarioRangos":[{"rango":{"min":16,"max":17},"vacunados":6,"personasINE":2175,"porcentaje":0.002758620689655172},{"rango":{"min":18,"max":24},"vacunados":315,"personasINE":7581,"porcentaje":0.04155124653739612},{"rango":{"min":25,"max":49},"vacunados":3620,"personasINE":30066,"porcentaje":0.12040178274462848},{"rango":{"min":50,"max":59},"vacunados":1873,"personasINE":11556,"porcentaje":0.1620803046036691},{"rango":{"min":60,"max":69},"vacunados":3744,"personasINE":7857,"porcentaje":0.4765177548682703},{"rango":{"min":70,"max":79},"vacunados":3431,"personasINE":4318,"porcentaje":0.7945808244557666},{"rango":{"min":80,"max":null},"vacunados":2260,"personasINE":2605,"porcentaje":0.8675623800383877}]},"pautaCompleta":{"etarioTotal":{"vacunados":6560,"personasINE":66158,"porcentaje":0.09915656458780495},"etarioRangos":[{"rango":{"min":16,"max":17},"vacunados":0,"personasINE":2175,"porcentaje":0},{"rango":{"min":18,"max":24},"vacunados":48,"personasINE":7581,"porcentaje":0.006331618519984171},{"rango":{"min":25,"max":49},"vacunados":876,"personasINE":30066,"porcentaje":0.029135901017760927},{"rango":{"min":50,"max":59},"vacunados":623,"personasINE":11556,"porcentaje":0.05391138802353756},{"rango":{"min":60,"max":69},"vacunados":509,"personasINE":7857,"porcentaje":0.06478299605447371},{"rango":{"min":70,"max":79},"vacunados":2323,"personasINE":4318,"porcentaje":0.5379805465493284},{"rango":{"min":80,"max":null},"vacunados":2181,"personasINE":2605,"porcentaje":0.837236084452975}]}}},{"ccaa":"Melilla","dosisAdministradas":20764,"dosisEntregadas":21660,"dosisEntregadasModerna":1700,"dosisEntregadasPfizer":12510,"dosisEntregadasAstrazeneca":7000,"dosisEntregadasJanssen":450,"dosisPrimeraDosis":14700,"dosisPautaCompletada":6315,"porcentajeEntregadas":0.9586334256694368,"porcentajePoblacionAdministradas":0.23845835821581146,"porcentajePoblacionPrimeraDosis":0.16881804400753364,"porcentajePoblacionCompletas":0.07252285359915477,"fechaUltRegistro":1619654400000,"etarios":{"unaDosis":{"etarioTotal":{"vacunados":14701,"personasINE":66178,"porcentaje":0.22214331046571367},"etarioRangos":[{"rango":{"min":16,"max":17},"vacunados":6,"personasINE":2324,"porcentaje":0.0025817555938037868},{"rango":{"min":18,"max":24},"vacunados":212,"personasINE":8536,"porcentaje":0.02483598875351453},{"rango":{"min":25,"max":49},"vacunados":3369,"personasINE":30095,"porcentaje":0.1119455058979897},{"rango":{"min":50,"max":59},"vacunados":1638,"personasINE":11299,"porcentaje":0.14496858129037968},{"rango":{"min":60,"max":69},"vacunados":4798,"personasINE":7827,"porcentaje":0.6130062603807334},{"rango":{"min":70,"max":79},"vacunados":2858,"personasINE":3748,"porcentaje":0.7625400213447172},{"rango":{"min":80,"max":null},"vacunados":1820,"personasINE":2349,"porcentaje":0.7747977862920392}]},"pautaCompleta":{"etarioTotal":{"vacunados":6316,"personasINE":66178,"porcentaje":0.09543957206322343},"etarioRangos":[{"rango":{"min":16,"max":17},"vacunados":6,"personasINE":2324,"porcentaje":0.0025817555938037868},{"rango":{"min":18,"max":24},"vacunados":73,"personasINE":8536,"porcentaje":0.008552014995313965},{"rango":{"min":25,"max":49},"vacunados":873,"personasINE":30095,"porcentaje":0.029008140887190562},{"rango":{"min":50,"max":59},"vacunados":567,"personasINE":11299,"porcentaje":0.050181431985131426},{"rango":{"min":60,"max":69},"vacunados":1069,"personasINE":7827,"porcentaje":0.1365785102849112},{"rango":{"min":70,"max":79},"vacunados":2155,"personasINE":3748,"porcentaje":0.5749733191035219},{"rango":{"min":80,"max":null},"vacunados":1573,"personasINE":2349,"porcentaje":0.6696466581524053}]}}},{"ccaa":"Fuerzas Armadas","dosisAdministradas":73168,"dosisEntregadas":85600,"dosisEntregadasModerna":0,"dosisEntregadasPfizer":19500,"dosisEntregadasAstrazeneca":66100,"dosisEntregadasJanssen":0,"dosisPrimeraDosis":65032,"dosisPautaCompletada":8136,"porcentajeEntregadas":0.854766355140187,"porcentajePoblacionAdministradas":null,"porcentajePoblacionPrimeraDosis":null,"porcentajePoblacionCompletas":null,"fechaUltRegistro":1619654400000},{"ccaa":"Totales","dosisAdministradas":16364595,"dosisEntregadas":17610225,"dosisEntregadasModerna":1561200,"dosisEntregadasPfizer":11956425,"dosisEntregadasAstrazeneca":3820200,"dosisEntregadasJanssen":272400,"dosisPrimeraDosis":11763360,"dosisPautaCompletada":4689766,"porcentajeEntregadas":0.9292666618399253,"porcentajePoblacionAdministradas":0.3486279292714103,"porcentajePoblacionPrimeraDosis":0.2506041755432467,"porcentajePoblacionCompletas":0.09990979974435449,"fechaUltRegistro":null,"etarios":{"unaDosis":{"etarioTotal":{"vacunados":11690096,"personasINE":40129822,"porcentaje":0.2913069487325411},"etarioRangos":[{"rango":{"min":16,"max":17},"vacunados":1740,"personasINE":949049,"porcentaje":0.0018334142915697714},{"rango":{"min":18,"max":24},"vacunados":183406,"personasINE":3310299,"porcentaje":0.05540466284163455},{"rango":{"min":25,"max":49},"vacunados":1915200,"personasINE":16706113,"porcentaje":0.11464067075327457},{"rango":{"min":50,"max":59},"vacunados":929965,"personasINE":7033306,"porcentaje":0.13222302570085817},{"rango":{"min":60,"max":69},"vacunados":2721404,"personasINE":5336986,"porcentaje":0.5099140226337487},{"rango":{"min":70,"max":79},"vacunados":3084213,"personasINE":3960045,"porcentaje":0.7788328162937542},{"rango":{"min":80,"max":null},"vacunados":2854168,"personasINE":2834024,"porcentaje":1}]},"pautaCompleta":{"etarioTotal":{"vacunados":4630030,"personasINE":40129822,"porcentaje":0.11537629048043124},"etarioRangos":[{"rango":{"min":16,"max":17},"vacunados":1151,"personasINE":949049,"porcentaje":0.001212793017009659},{"rango":{"min":18,"max":24},"vacunados":76631,"personasINE":3310299,"porcentaje":0.02314926838935093},{"rango":{"min":25,"max":49},"vacunados":798828,"personasINE":16706113,"porcentaje":0.047816508843200094},{"rango":{"min":50,"max":59},"vacunados":440112,"personasINE":7033306,"porcentaje":0.06257540906083142},{"rango":{"min":60,"max":69},"vacunados":303324,"personasINE":5336986,"porcentaje":0.056834325591260684},{"rango":{"min":70,"max":79},"vacunados":521105,"personasINE":3960045,"porcentaje":0.13159067636857663},{"rango":{"min":80,"max":null},"vacunados":2488879,"personasINE":2834024,"porcentaje":0.8782138048231066}]}}}]