[{"ccaa":"Andalucía","dosisAdministradas":8505336,"dosisEntregadas":8836120,"dosisEntregadasModerna":833000,"dosisEntregadasPfizer":5802120,"dosisEntregadasAstrazeneca":1805800,"dosisEntregadasJanssen":395200,"dosisPrimeraDosis":4929819,"dosisPautaCompletada":3777289,"porcentajeEntregadas":0.9625645645373762,"porcentajePoblacionAdministradas":1.004834949531633,"porcentajePoblacionPrimeraDosis":0.5824172526593995,"porcentajePoblacionCompletas":0.4462553862282916,"fechaUltRegistro":1625961600000,"etarios":{"unaDosis":{"etarioTotal":{"vacunados":4929819,"personasINE":7451975,"porcentaje":0.6615452950392345},"etarioRangos":[{"rango":{"min":12,"max":19},"vacunados":6483,"personasINE":752907,"porcentaje":0.1312433238000069},{"rango":{"min":20,"max":29},"vacunados":121882,"personasINE":928672,"porcentaje":0.8019722564352104},{"rango":{"min":30,"max":39},"vacunados":566452,"personasINE":1140217,"porcentaje":0.8019722564352104},{"rango":{"min":40,"max":49},"vacunados":1110823,"personasINE":1385114,"porcentaje":0.8019722564352104},{"rango":{"min":50,"max":59},"vacunados":1151051,"personasINE":1265021,"porcentaje":0.9099066339610172},{"rango":{"min":60,"max":69},"vacunados":892285,"personasINE":916147,"porcentaje":0.9739539615367403},{"rango":{"min":70,"max":79},"vacunados":648772,"personasINE":650381,"porcentaje":0.9975260654908431},{"rango":{"min":80,"max":null},"vacunados":432071,"personasINE":432071,"porcentaje":1}]},"pautaCompleta":{"etarioTotal":{"vacunados":3777289,"personasINE":7451975,"porcentaje":0.5068842823546778},"etarioRangos":[{"rango":{"min":12,"max":19},"vacunados":4778,"personasINE":752907,"porcentaje":0.10599436614865097},{"rango":{"min":20,"max":29},"vacunados":98434,"personasINE":928672,"porcentaje":0.5515647087532145},{"rango":{"min":30,"max":39},"vacunados":165352,"personasINE":1140217,"porcentaje":0.5515647087532145},{"rango":{"min":40,"max":49},"vacunados":763980,"personasINE":1385114,"porcentaje":0.5515647087532145},{"rango":{"min":50,"max":59},"vacunados":1051185,"personasINE":1265021,"porcentaje":0.8309624899507597},{"rango":{"min":60,"max":69},"vacunados":627935,"personasINE":916147,"porcentaje":0.6854085643461147},{"rango":{"min":70,"max":79},"vacunados":640931,"personasINE":650381,"porcentaje":0.9854700552445412},{"rango":{"min":80,"max":null},"vacunados":424694,"personasINE":424694,"porcentaje":1}]}}},{"ccaa":"Aragón","dosisAdministradas":1383874,"dosisEntregadas":1495295,"dosisEntregadasModerna":136100,"dosisEntregadasPfizer":1022895,"dosisEntregadasAstrazeneca":285700,"dosisEntregadasJanssen":50600,"dosisPrimeraDosis":809972,"dosisPautaCompletada":641521,"porcentajeEntregadas":0.9254856065191149,"porcentajePoblacionAdministradas":1.0409834277499999,"porcentajePoblacionPrimeraDosis":0.6092804900890708,"porcentajePoblacionCompletas":0.48256758169718317,"fechaUltRegistro":1625961600000,"etarios":{"unaDosis":{"etarioTotal":{"vacunados":809972,"personasINE":1185134,"porcentaje":0.6834433912114579},"etarioRangos":[{"rango":{"min":12,"max":19},"vacunados":4134,"personasINE":103109,"porcentaje":0.16807386446422956},{"rango":{"min":20,"max":29},"vacunados":21917,"personasINE":130401,"porcentaje":0.784017158037247},{"rango":{"min":30,"max":39},"vacunados":70795,"personasINE":164286,"porcentaje":0.784017158037247},{"rango":{"min":40,"max":49},"vacunados":168519,"personasINE":214943.00000000003,"porcentaje":0.784017158037247},{"rango":{"min":50,"max":59},"vacunados":175636,"personasINE":198266,"porcentaje":0.8858604097525546},{"rango":{"min":60,"max":69},"vacunados":149815,"personasINE":156367,"porcentaje":0.9580985757864511},{"rango":{"min":70,"max":79},"vacunados":118335,"personasINE":118955,"porcentaje":0.9947879450212265},{"rango":{"min":80,"max":null},"vacunados":100821,"personasINE":100821,"porcentaje":1}]},"pautaCompleta":{"etarioTotal":{"vacunados":641521,"personasINE":1185134,"porcentaje":0.5413067214340319},"etarioRangos":[{"rango":{"min":12,"max":19},"vacunados":2587,"personasINE":103109,"porcentaje":0.1442780346776482},{"rango":{"min":20,"max":29},"vacunados":18814,"personasINE":130400.99999999999,"porcentaje":0.565884909022392},{"rango":{"min":30,"max":39},"vacunados":28661,"personasINE":164286,"porcentaje":0.565884909022392},{"rango":{"min":40,"max":49},"vacunados":121633,"personasINE":214943,"porcentaje":0.565884909022392},{"rango":{"min":50,"max":59},"vacunados":168633,"personasINE":198266,"porcentaje":0.850539174644165},{"rango":{"min":60,"max":69},"vacunados":85032,"personasINE":156367,"porcentaje":0.5437976043538598},{"rango":{"min":70,"max":79},"vacunados":117075,"personasINE":118955,"porcentaje":0.9841957042579127},{"rango":{"min":80,"max":null},"vacunados":99086,"personasINE":99086,"porcentaje":1}]}}},{"ccaa":"Asturias","dosisAdministradas":1221351,"dosisEntregadas":1253375,"dosisEntregadasModerna":113200,"dosisEntregadasPfizer":867875,"dosisEntregadasAstrazeneca":233400,"dosisEntregadasJanssen":38900,"dosisPrimeraDosis":687139,"dosisPautaCompletada":574814,"porcentajeEntregadas":0.9744497855789369,"porcentajePoblacionAdministradas":1.1988321371360366,"porcentajePoblacionPrimeraDosis":0.6744697600276408,"porcentajePoblacionCompletas":0.564215770958319,"fechaUltRegistro":1625961600000,"etarios":{"unaDosis":{"etarioTotal":{"vacunados":687139,"personasINE":933927,"porcentaje":0.7357523660842871},"etarioRangos":[{"rango":{"min":12,"max":19},"vacunados":636,"personasINE":64000,"porcentaje":0.13287659111880776},{"rango":{"min":20,"max":29},"vacunados":10512,"personasINE":79111,"porcentaje":0.8065008712940064},{"rango":{"min":30,"max":39},"vacunados":50274,"personasINE":114451,"porcentaje":0.8065008712940064},{"rango":{"min":40,"max":49},"vacunados":134680,"personasINE":166993,"porcentaje":0.8065008712940064},{"rango":{"min":50,"max":59},"vacunados":145363,"personasINE":162645,"porcentaje":0.8937440437763227},{"rango":{"min":60,"max":69},"vacunados":143392,"personasINE":149652,"porcentaje":0.958169620185497},{"rango":{"min":70,"max":79},"vacunados":113700,"personasINE":113700,"porcentaje":1},{"rango":{"min":80,"max":null},"vacunados":88582,"personasINE":88582,"porcentaje":1}]},"pautaCompleta":{"etarioTotal":{"vacunados":574814,"personasINE":933927,"porcentaje":0.6154806531988046},"etarioRangos":[{"rango":{"min":12,"max":19},"vacunados":544,"personasINE":63999.99999999999,"porcentaje":0.1268470882683824},{"rango":{"min":20,"max":29},"vacunados":10035,"personasINE":79111,"porcentaje":0.6827172396447755},{"rango":{"min":30,"max":39},"vacunados":16228,"personasINE":114451,"porcentaje":0.6827172396447755},{"rango":{"min":40,"max":49},"vacunados":114009,"personasINE":166993,"porcentaje":0.6827172396447755},{"rango":{"min":50,"max":59},"vacunados":141049,"personasINE":162645,"porcentaje":0.8672200190599157},{"rango":{"min":60,"max":69},"vacunados":93242,"personasINE":149652,"porcentaje":0.6230588298185122},{"rango":{"min":70,"max":79},"vacunados":112351,"personasINE":112351,"porcentaje":1},{"rango":{"min":80,"max":null},"vacunados":87356,"personasINE":87826,"porcentaje":0.9946485095529798}]}}},{"ccaa":"Baleares","dosisAdministradas":1084892,"dosisEntregadas":1166260,"dosisEntregadasModerna":106600,"dosisEntregadasPfizer":755010,"dosisEntregadasAstrazeneca":256400,"dosisEntregadasJanssen":48250,"dosisPrimeraDosis":653853,"dosisPautaCompletada":488256,"porcentajeEntregadas":0.9302316807572926,"porcentajePoblacionAdministradas":0.9260368590824237,"porcentajePoblacionPrimeraDosis":0.5581126770421572,"porcentajePoblacionCompletas":0.4167631917906556,"fechaUltRegistro":1625961600000,"etarios":{"unaDosis":{"etarioTotal":{"vacunados":653853,"personasINE":1034867,"porcentaje":0.631823219795394},"etarioRangos":[{"rango":{"min":12,"max":19},"vacunados":14217,"personasINE":95480,"porcentaje":0.32567310898783547},{"rango":{"min":20,"max":29},"vacunados":44924,"personasINE":137942,"porcentaje":0.6960838523174825},{"rango":{"min":30,"max":39},"vacunados":82170,"personasINE":182187,"porcentaje":0.6960838523174825},{"rango":{"min":40,"max":49},"vacunados":143513,"personasINE":206172,"porcentaje":0.6960838523174825},{"rango":{"min":50,"max":59},"vacunados":137617,"personasINE":165797,"porcentaje":0.830033112782499},{"rango":{"min":60,"max":69},"vacunados":102819,"personasINE":117231,"porcentaje":0.8770632341274919},{"rango":{"min":70,"max":79},"vacunados":77769,"personasINE":80516,"porcentaje":0.9658825575040986},{"rango":{"min":80,"max":null},"vacunados":50824,"personasINE":50824,"porcentaje":1}]},"pautaCompleta":{"etarioTotal":{"vacunados":488256,"personasINE":1034867,"porcentaje":0.47180555568976495},"etarioRangos":[{"rango":{"min":12,"max":19},"vacunados":1267,"personasINE":95480,"porcentaje":0.10085398210842238},{"rango":{"min":20,"max":29},"vacunados":13912,"personasINE":137942,"porcentaje":0.5749131792871971},{"rango":{"min":30,"max":39},"vacunados":31473,"personasINE":182187,"porcentaje":0.5749131792871971},{"rango":{"min":40,"max":49},"vacunados":118531,"personasINE":206172,"porcentaje":0.5749131792871971},{"rango":{"min":50,"max":59},"vacunados":130020,"personasINE":165797,"porcentaje":0.7842120183115496},{"rango":{"min":60,"max":69},"vacunados":66108,"personasINE":117231,"porcentaje":0.5639122757632367},{"rango":{"min":70,"max":79},"vacunados":76891,"personasINE":80516,"porcentaje":0.9549778925927765},{"rango":{"min":80,"max":null},"vacunados":50054,"personasINE":50054,"porcentaje":1}]}}},{"ccaa":"Canarias","dosisAdministradas":2044530,"dosisEntregadas":2221390,"dosisEntregadasModerna":199900,"dosisEntregadasPfizer":1422690,"dosisEntregadasAstrazeneca":503700,"dosisEntregadasJanssen":95100,"dosisPrimeraDosis":1238020,"dosisPautaCompletada":905836,"porcentajeEntregadas":0.9203831835022216,"porcentajePoblacionAdministradas":0.9396025279969411,"porcentajePoblacionPrimeraDosis":0.5689555651962911,"porcentajePoblacionCompletas":0.41629410942888445,"fechaUltRegistro":1625961600000,"etarios":{"unaDosis":{"etarioTotal":{"vacunados":1238020,"personasINE":1960774,"porcentaje":0.6313935211299212},"etarioRangos":[{"rango":{"min":12,"max":19},"vacunados":6305,"personasINE":179797,"porcentaje":0.19450402783736118},{"rango":{"min":20,"max":29},"vacunados":48966,"personasINE":251748,"porcentaje":0.6977474969323888},{"rango":{"min":30,"max":39},"vacunados":161606,"personasINE":310934,"porcentaje":0.6977474969323888},{"rango":{"min":40,"max":49},"vacunados":270673,"personasINE":387924,"porcentaje":0.6977474969323888},{"rango":{"min":50,"max":59},"vacunados":298067,"personasINE":350512,"porcentaje":0.8503760213630347},{"rango":{"min":60,"max":69},"vacunados":212167,"personasINE":235092,"porcentaje":0.902484984601773},{"rango":{"min":70,"max":79},"vacunados":148523,"personasINE":154531,"porcentaje":0.9611210695588588},{"rango":{"min":80,"max":null},"vacunados":91713,"personasINE":91713,"porcentaje":1}]},"pautaCompleta":{"etarioTotal":{"vacunados":905836,"personasINE":1960774,"porcentaje":0.46197879000843545},"etarioRangos":[{"rango":{"min":12,"max":19},"vacunados":1018,"personasINE":179797,"porcentaje":0.08974450641117308},{"rango":{"min":20,"max":29},"vacunados":22593,"personasINE":251747.99999999997,"porcentaje":0.4843551829739846},{"rango":{"min":30,"max":39},"vacunados":54612,"personasINE":310934,"porcentaje":0.4843551829739846},{"rango":{"min":40,"max":49},"vacunados":187893,"personasINE":387924,"porcentaje":0.4843551829739846},{"rango":{"min":50,"max":59},"vacunados":266457,"personasINE":350512,"porcentaje":0.7601936595608709},{"rango":{"min":60,"max":69},"vacunados":139310,"personasINE":235092,"porcentaje":0.5925765232334576},{"rango":{"min":70,"max":79},"vacunados":144686,"personasINE":154531,"porcentaje":0.9362911001676039},{"rango":{"min":80,"max":null},"vacunados":89267,"personasINE":90236,"porcentaje":0.9892614920874152}]}}},{"ccaa":"Cantabria","dosisAdministradas":603073,"dosisEntregadas":663285,"dosisEntregadasModerna":59700,"dosisEntregadasPfizer":451185,"dosisEntregadasAstrazeneca":130200,"dosisEntregadasJanssen":22200,"dosisPrimeraDosis":348032,"dosisPautaCompletada":273872,"porcentajeEntregadas":0.9092215261916069,"porcentajePoblacionAdministradas":1.0345991199252023,"porcentajePoblacionPrimeraDosis":0.5970647017953182,"porcentajePoblacionCompletas":0.4698398538355307,"fechaUltRegistro":1625961600000,"etarios":{"unaDosis":{"etarioTotal":{"vacunados":348032,"personasINE":524127,"porcentaje":0.6640222694118029},"etarioRangos":[{"rango":{"min":12,"max":19},"vacunados":288,"personasINE":43963,"porcentaje":0.11272151272151272},{"rango":{"min":20,"max":29},"vacunados":5693,"personasINE":50505,"porcentaje":0.7833669158935859},{"rango":{"min":30,"max":39},"vacunados":12194,"personasINE":70473,"porcentaje":0.7833669158935859},{"rango":{"min":40,"max":49},"vacunados":76589,"personasINE":97769,"porcentaje":0.7833669158935859},{"rango":{"min":50,"max":59},"vacunados":80725,"personasINE":89964,"porcentaje":0.8973033657907608},{"rango":{"min":60,"max":69},"vacunados":74562,"personasINE":77345,"porcentaje":0.9640183592992436},{"rango":{"min":70,"max":79},"vacunados":55743,"personasINE":55743,"porcentaje":1},{"rango":{"min":80,"max":null},"vacunados":42238,"personasINE":42238,"porcentaje":1}]},"pautaCompleta":{"etarioTotal":{"vacunados":273872,"personasINE":524127,"porcentaje":0.5225298448658435},"etarioRangos":[{"rango":{"min":12,"max":19},"vacunados":165,"personasINE":43963,"porcentaje":0.09921789921789922},{"rango":{"min":20,"max":29},"vacunados":5011,"personasINE":50505,"porcentaje":0.4536611809469259},{"rango":{"min":30,"max":39},"vacunados":8978,"personasINE":70473,"porcentaje":0.4536611809469259},{"rango":{"min":40,"max":49},"vacunados":44354,"personasINE":97769,"porcentaje":0.4536611809469259},{"rango":{"min":50,"max":59},"vacunados":74234,"personasINE":89964,"porcentaje":0.8251522831354764},{"rango":{"min":60,"max":69},"vacunados":44204,"personasINE":77345,"porcentaje":0.5715172280043959},{"rango":{"min":70,"max":79},"vacunados":55240,"personasINE":55240,"porcentaje":1},{"rango":{"min":80,"max":null},"vacunados":41686,"personasINE":41686,"porcentaje":1}]}}},{"ccaa":"Castilla y Leon","dosisAdministradas":2640669,"dosisEntregadas":2911705,"dosisEntregadasModerna":273800,"dosisEntregadasPfizer":2032005,"dosisEntregadasAstrazeneca":514400,"dosisEntregadasJanssen":91500,"dosisPrimeraDosis":1501753,"dosisPautaCompletada":1250366,"porcentajeEntregadas":0.906915020580725,"porcentajePoblacionAdministradas":1.1026135341585808,"porcentajePoblacionPrimeraDosis":0.6270582124314904,"porcentajePoblacionCompletas":0.5220913617919277,"fechaUltRegistro":1625961600000,"etarios":{"unaDosis":{"etarioTotal":{"vacunados":1501753,"personasINE":2176253,"porcentaje":0.690063609332187},"etarioRangos":[{"rango":{"min":12,"max":19},"vacunados":1239,"personasINE":165342,"porcentaje":0.12615755002227425},{"rango":{"min":20,"max":29},"vacunados":26620,"personasINE":211006,"porcentaje":0.7836583586793465},{"rango":{"min":30,"max":39},"vacunados":64663,"personasINE":267783,"porcentaje":0.7836583586793465},{"rango":{"min":40,"max":49},"vacunados":284707,"personasINE":363305,"porcentaje":0.7836583586793465},{"rango":{"min":50,"max":59},"vacunados":337116,"personasINE":381175,"porcentaje":0.8844126713451826},{"rango":{"min":60,"max":69},"vacunados":309905,"personasINE":318575,"porcentaje":0.9727850584634702},{"rango":{"min":70,"max":79},"vacunados":248944,"personasINE":248944,"porcentaje":1},{"rango":{"min":80,"max":null},"vacunados":228559,"personasINE":228559,"porcentaje":1}]},"pautaCompleta":{"etarioTotal":{"vacunados":1250366,"personasINE":2176253,"porcentaje":0.5745499259507052},"etarioRangos":[{"rango":{"min":12,"max":19},"vacunados":895,"personasINE":165342,"porcentaje":0.11096840848127541},{"rango":{"min":20,"max":29},"vacunados":23415,"personasINE":211006,"porcentaje":0.4153975310001239},{"rango":{"min":30,"max":39},"vacunados":35541,"personasINE":267783,"porcentaje":0.4153975310001239},{"rango":{"min":40,"max":49},"vacunados":150916,"personasINE":363305,"porcentaje":0.4153975310001239},{"rango":{"min":50,"max":59},"vacunados":322165,"personasINE":381175,"porcentaje":0.8451892175509936},{"rango":{"min":60,"max":69},"vacunados":244863,"personasINE":318575,"porcentaje":0.7686196343090325},{"rango":{"min":70,"max":79},"vacunados":246957,"personasINE":246957,"porcentaje":1},{"rango":{"min":80,"max":null},"vacunados":225614,"personasINE":225614,"porcentaje":1}]}}},{"ccaa":"Castilla La Mancha","dosisAdministradas":2083383,"dosisEntregadas":2248320,"dosisEntregadasModerna":212900,"dosisEntregadasPfizer":1496295,"dosisEntregadasAstrazeneca":460900,"dosisEntregadasJanssen":78225,"dosisPrimeraDosis":1244798,"dosisPautaCompletada":909641,"porcentajeEntregadas":0.9266398911187019,"porcentajePoblacionAdministradas":1.0186591082332912,"porcentajePoblacionPrimeraDosis":0.6086374039773697,"porcentajePoblacionCompletas":0.44476415996119734,"fechaUltRegistro":1625961600000},{"ccaa":"Cataluña","dosisAdministradas":7796425,"dosisEntregadas":8296120,"dosisEntregadasModerna":762200,"dosisEntregadasPfizer":5499620,"dosisEntregadasAstrazeneca":1698100,"dosisEntregadasJanssen":336200,"dosisPrimeraDosis":4563297,"dosisPautaCompletada":3591172,"porcentajeEntregadas":0.9397676263120591,"porcentajePoblacionAdministradas":1.0020494882127438,"porcentajePoblacionPrimeraDosis":0.5865059207794275,"porcentajePoblacionCompletas":0.461561813867758,"fechaUltRegistro":1625961600000,"etarios":{"unaDosis":{"etarioTotal":{"vacunados":4563297,"personasINE":6868360,"porcentaje":0.6643939746897367},"etarioRangos":[{"rango":{"min":12,"max":19},"vacunados":56309,"personasINE":656166,"porcentaje":0.2895266021801451},{"rango":{"min":20,"max":29},"vacunados":242894,"personasINE":838934.9999999999,"porcentaje":0.7462808191349188},{"rango":{"min":30,"max":39},"vacunados":495378,"personasINE":1044652,"porcentaje":0.7462808191349188},{"rango":{"min":40,"max":49},"vacunados":982669,"personasINE":1316755,"porcentaje":0.7462808191349188},{"rango":{"min":50,"max":59},"vacunados":952638,"personasINE":1091780,"porcentaje":0.8725549103299199},{"rango":{"min":60,"max":69},"vacunados":765398,"personasINE":837584,"porcentaje":0.913816405279948},{"rango":{"min":70,"max":79},"vacunados":612023,"personasINE":635292,"porcentaje":0.9633727482795313},{"rango":{"min":80,"max":null},"vacunados":455988,"personasINE":455988,"porcentaje":1}]},"pautaCompleta":{"etarioTotal":{"vacunados":3591172,"personasINE":6868360,"porcentaje":0.5228572759727212},"etarioRangos":[{"rango":{"min":12,"max":19},"vacunados":12744,"personasINE":656166,"porcentaje":0.1451661928516512},{"rango":{"min":20,"max":29},"vacunados":121785,"personasINE":838935,"porcentaje":0.5653572608419941},{"rango":{"min":30,"max":39},"vacunados":164358,"personasINE":1044651.9999999999,"porcentaje":0.5653572608419941},{"rango":{"min":40,"max":49},"vacunados":744437,"personasINE":1316755,"porcentaje":0.5653572608419941},{"rango":{"min":50,"max":59},"vacunados":869532,"personasINE":1091780,"porcentaje":0.7964351792485665},{"rango":{"min":60,"max":69},"vacunados":627999,"personasINE":837584,"porcentaje":0.7497743509904679},{"rango":{"min":70,"max":79},"vacunados":602292,"personasINE":635292,"porcentaje":0.9480553824068303},{"rango":{"min":80,"max":null},"vacunados":448025,"personasINE":448025,"porcentaje":1}]}}},{"ccaa":"C. Valenciana","dosisAdministradas":4878003,"dosisEntregadas":5250790,"dosisEntregadasModerna":486400,"dosisEntregadasPfizer":3504340,"dosisEntregadasAstrazeneca":1009800,"dosisEntregadasJanssen":250250,"dosisPrimeraDosis":2800784,"dosisPautaCompletada":2236307,"porcentajeEntregadas":0.9290036356433984,"porcentajePoblacionAdministradas":0.9645367843613052,"porcentajePoblacionPrimeraDosis":0.5538043320290278,"porcentajePoblacionCompletas":0.44218922428392876,"fechaUltRegistro":1625961600000,"etarios":{"unaDosis":{"etarioTotal":{"vacunados":2800784,"personasINE":4488459,"porcentaje":0.6239967882072667},"etarioRangos":[{"rango":{"min":12,"max":19},"vacunados":2992,"personasINE":424531,"porcentaje":0.11813975657106986},{"rango":{"min":20,"max":29},"vacunados":60975,"personasINE":516126,"porcentaje":0.7854749010084688},{"rango":{"min":30,"max":39},"vacunados":110340,"personasINE":648759,"porcentaje":0.7854749010084688},{"rango":{"min":40,"max":49},"vacunados":668901,"personasINE":851588,"porcentaje":0.7854749010084688},{"rango":{"min":50,"max":59},"vacunados":685575,"personasINE":752334,"porcentaje":0.9112641459777173},{"rango":{"min":60,"max":69},"vacunados":546157,"personasINE":580728,"porcentaje":0.9404695485666267},{"rango":{"min":70,"max":79},"vacunados":430591,"personasINE":437862,"porcentaje":0.9833943114497262},{"rango":{"min":80,"max":null},"vacunados":295253,"personasINE":295253,"porcentaje":1}]},"pautaCompleta":{"etarioTotal":{"vacunados":2236307,"personasINE":4488459,"porcentaje":0.4982349175964401},"etarioRangos":[{"rango":{"min":12,"max":19},"vacunados":1931,"personasINE":424531.00000000006,"porcentaje":0.09382980125008235},{"rango":{"min":20,"max":29},"vacunados":48428,"personasINE":516126,"porcentaje":0.3875524314574654},{"rango":{"min":30,"max":39},"vacunados":72311,"personasINE":648759,"porcentaje":0.3875524314574654},{"rango":{"min":40,"max":49},"vacunados":330035,"personasINE":851587.9999999999,"porcentaje":0.3875524314574654},{"rango":{"min":50,"max":59},"vacunados":630644,"personasINE":752334,"porcentaje":0.8382500325653234},{"rango":{"min":60,"max":69},"vacunados":435348,"personasINE":580728,"porcentaje":0.7496590486423936},{"rango":{"min":70,"max":79},"vacunados":426570,"personasINE":437862,"porcentaje":0.9742110527974567},{"rango":{"min":80,"max":null},"vacunados":291040,"personasINE":291040,"porcentaje":1}]}}},{"ccaa":"Extremadura","dosisAdministradas":1173755,"dosisEntregadas":1198605,"dosisEntregadasModerna":108100,"dosisEntregadasPfizer":822005,"dosisEntregadasAstrazeneca":228000,"dosisEntregadasJanssen":40500,"dosisPrimeraDosis":683772,"dosisPautaCompletada":544792,"porcentajeEntregadas":0.9792675652112247,"porcentajePoblacionAdministradas":1.103166674028912,"porcentajePoblacionPrimeraDosis":0.6426507090782124,"porcentajePoblacionCompletas":0.5120288123821062,"fechaUltRegistro":1625961600000,"etarios":{"unaDosis":{"etarioTotal":{"vacunados":683772,"personasINE":953437,"porcentaje":0.7171653711781691},"etarioRangos":[{"rango":{"min":12,"max":19},"vacunados":652,"personasINE":84750,"porcentaje":0.10169431697846805},{"rango":{"min":20,"max":29},"vacunados":11524,"personasINE":113320,"porcentaje":0.8634870277251809},{"rango":{"min":30,"max":39},"vacunados":75061,"personasINE":133479,"porcentaje":0.8634870277251809},{"rango":{"min":40,"max":49},"vacunados":137721,"personasINE":159494,"porcentaje":0.8634870277251809},{"rango":{"min":50,"max":59},"vacunados":156016,"personasINE":169216,"porcentaje":0.9219931921331316},{"rango":{"min":60,"max":69},"vacunados":129284,"personasINE":129284,"porcentaje":1},{"rango":{"min":70,"max":79},"vacunados":95467,"personasINE":95467,"porcentaje":1},{"rango":{"min":80,"max":null},"vacunados":78047,"personasINE":78047,"porcentaje":1}]},"pautaCompleta":{"etarioTotal":{"vacunados":544792,"personasINE":953437,"porcentaje":0.571398005321799},"etarioRangos":[{"rango":{"min":12,"max":19},"vacunados":355,"personasINE":84750,"porcentaje":0.07827391457818567},{"rango":{"min":20,"max":29},"vacunados":8870,"personasINE":113320,"porcentaje":0.5863794249313454},{"rango":{"min":30,"max":39},"vacunados":20784,"personasINE":133479,"porcentaje":0.5863794249313454},{"rango":{"min":40,"max":49},"vacunados":93524,"personasINE":159494,"porcentaje":0.5863794249313454},{"rango":{"min":50,"max":59},"vacunados":149923,"personasINE":169216,"porcentaje":0.885985958774584},{"rango":{"min":60,"max":69},"vacunados":103520,"personasINE":125297,"porcentaje":0.8261969560324669},{"rango":{"min":70,"max":79},"vacunados":91140,"personasINE":91876,"porcentaje":0.9919892028386086},{"rango":{"min":80,"max":null},"vacunados":76676,"personasINE":76676,"porcentaje":1}]}}},{"ccaa":"Galicia","dosisAdministradas":3105160,"dosisEntregadas":3187685,"dosisEntregadasModerna":288200,"dosisEntregadasPfizer":2200885,"dosisEntregadasAstrazeneca":595400,"dosisEntregadasJanssen":103200,"dosisPrimeraDosis":1763809,"dosisPautaCompletada":1472463,"porcentajeEntregadas":0.9741113064810356,"porcentajePoblacionAdministradas":1.1492849817104698,"porcentajePoblacionPrimeraDosis":0.6528227834655097,"porcentajePoblacionCompletas":0.5449895052185213,"fechaUltRegistro":1625961600000,"etarios":{"unaDosis":{"etarioTotal":{"vacunados":1763809,"personasINE":2454497,"porcentaje":0.7186030376081127},"etarioRangos":[{"rango":{"min":12,"max":19},"vacunados":436,"personasINE":180007,"porcentaje":0.090834311047229},{"rango":{"min":20,"max":29},"vacunados":20981,"personasINE":230980.99999999997,"porcentaje":0.8562410174608153},{"rango":{"min":30,"max":39},"vacunados":123276,"personasINE":323408,"porcentaje":0.8562410174608153},{"rango":{"min":40,"max":49},"vacunados":379504,"personasINE":443221,"porcentaje":0.8562410174608153},{"rango":{"min":50,"max":59},"vacunados":374597,"personasINE":405889,"porcentaje":0.9229050306857294},{"rango":{"min":60,"max":69},"vacunados":334686,"personasINE":346927,"porcentaje":0.9647159200638751},{"rango":{"min":70,"max":79},"vacunados":289243,"personasINE":289762,"porcentaje":0.9982088748697207},{"rango":{"min":80,"max":null},"vacunados":241086,"personasINE":241086,"porcentaje":1}]},"pautaCompleta":{"etarioTotal":{"vacunados":1472463,"personasINE":2454497,"porcentaje":0.5999041758861388},"etarioRangos":[{"rango":{"min":12,"max":19},"vacunados":359,"personasINE":180007,"porcentaje":0.08406752070516622},{"rango":{"min":20,"max":29},"vacunados":19418,"personasINE":230981,"porcentaje":0.5497753942164293},{"rango":{"min":30,"max":39},"vacunados":41339,"personasINE":323408,"porcentaje":0.5497753942164293},{"rango":{"min":40,"max":49},"vacunados":243672,"personasINE":443221,"porcentaje":0.5497753942164293},{"rango":{"min":50,"max":59},"vacunados":366502,"personasINE":405889,"porcentaje":0.9029611544042829},{"rango":{"min":60,"max":69},"vacunados":274594,"personasINE":346927,"porcentaje":0.7915036880957665},{"rango":{"min":70,"max":79},"vacunados":287437,"personasINE":289762,"porcentaje":0.9919761735493267},{"rango":{"min":80,"max":null},"vacunados":239142,"personasINE":239142,"porcentaje":1}]}}},{"ccaa":"La Rioja","dosisAdministradas":314984,"dosisEntregadas":348305,"dosisEntregadasModerna":32100,"dosisEntregadasPfizer":242255,"dosisEntregadasAstrazeneca":61400,"dosisEntregadasJanssen":12550,"dosisPrimeraDosis":178749,"dosisPautaCompletada":153274,"porcentajeEntregadas":0.904333845336702,"porcentajePoblacionAdministradas":0.984589608457273,"porcentajePoblacionPrimeraDosis":0.5587407865863951,"porcentajePoblacionCompletas":0.47911001081540666,"fechaUltRegistro":1625875200000,"etarios":{"unaDosis":{"etarioTotal":{"vacunados":178749,"personasINE":283970,"porcentaje":0.629464380040145},"etarioRangos":[{"rango":{"min":12,"max":19},"vacunados":234,"personasINE":25532,"porcentaje":0.12101910828025478},{"rango":{"min":20,"max":29},"vacunados":3686,"personasINE":30458,"porcentaje":0.6997563601337187},{"rango":{"min":30,"max":39},"vacunados":6930,"personasINE":39319,"porcentaje":0.6997563601337187},{"rango":{"min":40,"max":49},"vacunados":37050,"personasINE":52947,"porcentaje":0.6997563601337187},{"rango":{"min":50,"max":59},"vacunados":42684,"personasINE":47664,"porcentaje":0.8955186304128903},{"rango":{"min":60,"max":69},"vacunados":36324,"personasINE":37718,"porcentaje":0.9630415186383159},{"rango":{"min":70,"max":79},"vacunados":28522,"personasINE":28522,"porcentaje":1},{"rango":{"min":80,"max":null},"vacunados":23319,"personasINE":23319,"porcentaje":1}]},"pautaCompleta":{"etarioTotal":{"vacunados":153274,"personasINE":283970,"porcentaje":0.5397541993872592},"etarioRangos":[{"rango":{"min":12,"max":19},"vacunados":154,"personasINE":25532,"porcentaje":0.11064416573642392},{"rango":{"min":20,"max":29},"vacunados":3370,"personasINE":30458,"porcentaje":0.4096738247681644},{"rango":{"min":30,"max":39},"vacunados":5129,"personasINE":39319,"porcentaje":0.4096738247681644},{"rango":{"min":40,"max":49},"vacunados":21691,"personasINE":52947,"porcentaje":0.4096738247681644},{"rango":{"min":50,"max":59},"vacunados":40733,"personasINE":47664,"porcentaje":0.8545862705605908},{"rango":{"min":60,"max":69},"vacunados":30804,"personasINE":37718,"porcentaje":0.8166922954557506},{"rango":{"min":70,"max":79},"vacunados":28344,"personasINE":28344,"porcentaje":1},{"rango":{"min":80,"max":null},"vacunados":23049,"personasINE":23049,"porcentaje":1}]}}},{"ccaa":"Madrid","dosisAdministradas":6207390,"dosisEntregadas":7143695,"dosisEntregadasModerna":672900,"dosisEntregadasPfizer":4669395,"dosisEntregadasAstrazeneca":1509400,"dosisEntregadasJanssen":292000,"dosisPrimeraDosis":3787589,"dosisPautaCompletada":2806820,"porcentajeEntregadas":0.8689326741973167,"porcentajePoblacionAdministradas":0.915559372072223,"porcentajePoblacionPrimeraDosis":0.5586506738754387,"porcentajePoblacionCompletas":0.413992089544842,"fechaUltRegistro":1625961600000,"etarios":{"unaDosis":{"etarioTotal":{"vacunados":3787589,"personasINE":5977937,"porcentaje":0.6335946665212431},"etarioRangos":[{"rango":{"min":12,"max":19},"vacunados":7071,"personasINE":553542,"porcentaje":0.16070170712818613},{"rango":{"min":20,"max":29},"vacunados":119317,"personasINE":742475,"porcentaje":0.723973409287195},{"rango":{"min":30,"max":39},"vacunados":382903,"personasINE":949640,"porcentaje":0.723973409287195},{"rango":{"min":40,"max":49},"vacunados":844132,"personasINE":1165971,"porcentaje":0.723973409287195},{"rango":{"min":50,"max":59},"vacunados":887666,"personasINE":972783,"porcentaje":0.912501554817467},{"rango":{"min":60,"max":69},"vacunados":668157,"personasINE":703323,"porcentaje":0.9500002132732756},{"rango":{"min":70,"max":79},"vacunados":506568,"personasINE":526081,"porcentaje":0.9629087535949787},{"rango":{"min":80,"max":null},"vacunados":371775,"personasINE":371775,"porcentaje":1}]},"pautaCompleta":{"etarioTotal":{"vacunados":2806820,"personasINE":5977937,"porcentaje":0.46952987293107973},"etarioRangos":[{"rango":{"min":12,"max":19},"vacunados":4285,"personasINE":553542,"porcentaje":0.11412909525573252},{"rango":{"min":20,"max":29},"vacunados":84738,"personasINE":742475,"porcentaje":0.32665992550415063},{"rango":{"min":30,"max":39},"vacunados":144556,"personasINE":949640,"porcentaje":0.32665992550415063},{"rango":{"min":40,"max":49},"vacunados":380876,"personasINE":1165971,"porcentaje":0.32665992550415063},{"rango":{"min":50,"max":59},"vacunados":802652,"personasINE":972782.9999999999,"porcentaje":0.8251089914194636},{"rango":{"min":60,"max":69},"vacunados":521134,"personasINE":703323,"porcentaje":0.7409597013036684},{"rango":{"min":70,"max":79},"vacunados":501321,"personasINE":526081,"porcentaje":0.9529350043054207},{"rango":{"min":80,"max":null},"vacunados":367258,"personasINE":367258,"porcentaje":1}]}}},{"ccaa":"Murcia","dosisAdministradas":1420546,"dosisEntregadas":1507335,"dosisEntregadasModerna":142200,"dosisEntregadasPfizer":1022135,"dosisEntregadasAstrazeneca":259900,"dosisEntregadasJanssen":83100,"dosisPrimeraDosis":833703,"dosisPautaCompletada":641883,"porcentajeEntregadas":0.9424222220010814,"porcentajePoblacionAdministradas":0.9399801885987172,"porcentajePoblacionPrimeraDosis":0.5516641510907189,"porcentajePoblacionCompletas":0.42473619537720736,"fechaUltRegistro":1625961600000,"etarios":{"unaDosis":{"etarioTotal":{"vacunados":833703,"personasINE":1310137,"porcentaje":0.6363479544505651},"etarioRangos":[{"rango":{"min":12,"max":19},"vacunados":1156,"personasINE":141894,"porcentaje":0.12235265431238679},{"rango":{"min":20,"max":29},"vacunados":21075,"personasINE":172248,"porcentaje":0.80978292944912},{"rango":{"min":30,"max":39},"vacunados":95118,"personasINE":209003,"porcentaje":0.80978292944912},{"rango":{"min":40,"max":49},"vacunados":205812,"personasINE":254157,"porcentaje":0.80978292944912},{"rango":{"min":50,"max":59},"vacunados":195800,"personasINE":213256,"porcentaje":0.9181453276812844},{"rango":{"min":60,"max":69},"vacunados":139444,"personasINE":146909,"porcentaje":0.9491862309320735},{"rango":{"min":70,"max":79},"vacunados":101832,"personasINE":102899,"porcentaje":0.989630608655089},{"rango":{"min":80,"max":null},"vacunados":73466,"personasINE":73466,"porcentaje":1}]},"pautaCompleta":{"etarioTotal":{"vacunados":641883,"personasINE":1310137,"porcentaje":0.489935785341533},"etarioRangos":[{"rango":{"min":12,"max":19},"vacunados":1044,"personasINE":141894,"porcentaje":0.11262830337652686},{"rango":{"min":20,"max":29},"vacunados":19400,"personasINE":172248,"porcentaje":0.6253811620376382},{"rango":{"min":30,"max":39},"vacunados":24265,"personasINE":209003,"porcentaje":0.6253811620376382},{"rango":{"min":40,"max":49},"vacunados":158945,"personasINE":254157,"porcentaje":0.6253811620376382},{"rango":{"min":50,"max":59},"vacunados":179351,"personasINE":213256,"porcentaje":0.8410126795963537},{"rango":{"min":60,"max":69},"vacunados":88186,"personasINE":146909,"porcentaje":0.6002763615571545},{"rango":{"min":70,"max":79},"vacunados":98486,"personasINE":102899,"porcentaje":0.9571132858433998},{"rango":{"min":80,"max":null},"vacunados":72206,"personasINE":72206,"porcentaje":1}]}}},{"ccaa":"Navarra","dosisAdministradas":681024,"dosisEntregadas":719985,"dosisEntregadasModerna":68600,"dosisEntregadasPfizer":480435,"dosisEntregadasAstrazeneca":145700,"dosisEntregadasJanssen":25250,"dosisPrimeraDosis":400961,"dosisPautaCompletada":318285,"porcentajeEntregadas":0.9458863726327632,"porcentajePoblacionAdministradas":1.0299865244397661,"porcentajePoblacionPrimeraDosis":0.606416847021387,"porcentajePoblacionCompletas":0.48137695724572255,"fechaUltRegistro":1625961600000,"etarios":{"unaDosis":{"etarioTotal":{"vacunados":400961,"personasINE":581354,"porcentaje":0.6897019716042205},"etarioRangos":[{"rango":{"min":12,"max":19},"vacunados":1034,"personasINE":56388.00000000001,"porcentaje":0.19616304842426643},{"rango":{"min":20,"max":29},"vacunados":13364,"personasINE":68127,"porcentaje":0.8199940741838114},{"rango":{"min":30,"max":39},"vacunados":42410,"personasINE":81341,"porcentaje":0.8199940741838114},{"rango":{"min":40,"max":49},"vacunados":88561,"personasINE":108002,"porcentaje":0.8199940741838114},{"rango":{"min":50,"max":59},"vacunados":87876,"personasINE":96694,"porcentaje":0.908805096489958},{"rango":{"min":60,"max":69},"vacunados":69662,"personasINE":73844,"porcentaje":0.943367098207031},{"rango":{"min":70,"max":79},"vacunados":55666,"personasINE":55792,"porcentaje":0.9977416117006023},{"rango":{"min":80,"max":null},"vacunados":42388,"personasINE":42388,"porcentaje":1}]},"pautaCompleta":{"etarioTotal":{"vacunados":318285,"personasINE":581354,"porcentaje":0.5474891374274539},"etarioRangos":[{"rango":{"min":12,"max":19},"vacunados":400,"personasINE":56388,"porcentaje":0.1207157221072409},{"rango":{"min":20,"max":29},"vacunados":8224,"personasINE":68127,"porcentaje":0.624219921853299},{"rango":{"min":30,"max":39},"vacunados":12618,"personasINE":81341,"porcentaje":0.624219921853299},{"rango":{"min":40,"max":49},"vacunados":67417,"personasINE":108002,"porcentaje":0.624219921853299},{"rango":{"min":50,"max":59},"vacunados":85586,"personasINE":96694,"porcentaje":0.8851221378782551},{"rango":{"min":60,"max":69},"vacunados":46762,"personasINE":73844,"porcentaje":0.6332538865716917},{"rango":{"min":70,"max":79},"vacunados":55399,"personasINE":55792,"porcentaje":0.9929559793518784},{"rango":{"min":80,"max":null},"vacunados":41879,"personasINE":41879,"porcentaje":1}]}}},{"ccaa":"País Vasco","dosisAdministradas":2323183,"dosisEntregadas":2536890,"dosisEntregadasModerna":222600,"dosisEntregadasPfizer":1679940,"dosisEntregadasAstrazeneca":549600,"dosisEntregadasJanssen":84750,"dosisPrimeraDosis":1386906,"dosisPautaCompletada":1062551,"porcentajeEntregadas":0.9157602418709522,"porcentajePoblacionAdministradas":1.0462413037760796,"porcentajePoblacionPrimeraDosis":0.6245906334778051,"porcentajePoblacionCompletas":0.4785179400712631,"fechaUltRegistro":1625961600000,"etarios":{"unaDosis":{"etarioTotal":{"vacunados":1386906,"personasINE":1983943,"porcentaje":0.6990654469407639},"etarioRangos":[{"rango":{"min":12,"max":19},"vacunados":1765,"personasINE":168606,"porcentaje":0.1509571585935872},{"rango":{"min":20,"max":29},"vacunados":30423,"personasINE":201534,"porcentaje":0.7977013970005495},{"rango":{"min":30,"max":39},"vacunados":116563,"personasINE":260543,"porcentaje":0.7977013970005495},{"rango":{"min":40,"max":49},"vacunados":288874,"personasINE":362133,"porcentaje":0.7977013970005495},{"rango":{"min":50,"max":59},"vacunados":306415,"personasINE":339977,"porcentaje":0.9012815572818161},{"rango":{"min":60,"max":69},"vacunados":269283,"personasINE":280119,"porcentaje":0.9613164405127821},{"rango":{"min":70,"max":79},"vacunados":210673,"personasINE":213081,"porcentaje":0.9886991331934805},{"rango":{"min":80,"max":null},"vacunados":162910,"personasINE":162910,"porcentaje":1}]},"pautaCompleta":{"etarioTotal":{"vacunados":1062551,"personasINE":1983943,"porcentaje":0.5355753668326156},"etarioRangos":[{"rango":{"min":12,"max":19},"vacunados":1326,"personasINE":168606,"porcentaje":0.13682554804648348},{"rango":{"min":20,"max":29},"vacunados":27575,"personasINE":201534,"porcentaje":0.45197482692822805},{"rango":{"min":30,"max":39},"vacunados":40487,"personasINE":260543.00000000003,"porcentaje":0.45197482692822805},{"rango":{"min":40,"max":49},"vacunados":163675,"personasINE":362133,"porcentaje":0.45197482692822805},{"rango":{"min":50,"max":59},"vacunados":294732,"personasINE":339977,"porcentaje":0.866917467946361},{"rango":{"min":60,"max":69},"vacunados":166211,"personasINE":280119,"porcentaje":0.5933585369075286},{"rango":{"min":70,"max":79},"vacunados":208523,"personasINE":213081,"porcentaje":0.9786090735448022},{"rango":{"min":80,"max":null},"vacunados":160022,"personasINE":157950,"porcentaje":1.0131180753402975}]}}},{"ccaa":"Ceuta","dosisAdministradas":78787,"dosisEntregadas":83780,"dosisEntregadasModerna":7900,"dosisEntregadasPfizer":54630,"dosisEntregadasAstrazeneca":18100,"dosisEntregadasJanssen":3150,"dosisPrimeraDosis":47682,"dosisPautaCompletada":35383,"porcentajeEntregadas":0.9404034375746001,"porcentajePoblacionAdministradas":0.9356903636493195,"porcentajePoblacionPrimeraDosis":0.5662810859599534,"porcentajePoblacionCompletas":0.4202156718367735,"fechaUltRegistro":1625788800000,"etarios":{"unaDosis":{"etarioTotal":{"vacunados":47682,"personasINE":70965,"porcentaje":0.6719086873811033},"etarioRangos":[{"rango":{"min":12,"max":19},"vacunados":1982,"personasINE":9126,"porcentaje":0.5237530774140604},{"rango":{"min":20,"max":29},"vacunados":5744,"personasINE":10966.999999999998,"porcentaje":0.7660180351210252},{"rango":{"min":30,"max":39},"vacunados":7160,"personasINE":11894,"porcentaje":0.7660180351210252},{"rango":{"min":40,"max":49},"vacunados":9684,"personasINE":12642,"porcentaje":0.7660180351210252},{"rango":{"min":50,"max":59},"vacunados":9683,"personasINE":11556,"porcentaje":0.8379196953963309},{"rango":{"min":60,"max":69},"vacunados":7249,"personasINE":7857,"porcentaje":0.9226167748504518},{"rango":{"min":70,"max":79},"vacunados":3808,"personasINE":4318,"porcentaje":0.8818897637795275},{"rango":{"min":80,"max":null},"vacunados":2372,"personasINE":2605,"porcentaje":0.9105566218809981}]},"pautaCompleta":{"etarioTotal":{"vacunados":35383,"personasINE":70965,"porcentaje":0.4985979003734235},"etarioRangos":[{"rango":{"min":12,"max":19},"vacunados":170,"personasINE":9126,"porcentaje":0.12938816449348045},{"rango":{"min":20,"max":29},"vacunados":1419,"personasINE":10967,"porcentaje":0.7053472551811423},{"rango":{"min":30,"max":39},"vacunados":4400,"personasINE":11894,"porcentaje":0.7053472551811423},{"rango":{"min":40,"max":49},"vacunados":8917,"personasINE":12642,"porcentaje":0.7053472551811423},{"rango":{"min":50,"max":59},"vacunados":9331,"personasINE":11556,"porcentaje":0.8074593284873659},{"rango":{"min":60,"max":69},"vacunados":5051,"personasINE":7857.000000000001,"porcentaje":0.642866233931526},{"rango":{"min":70,"max":79},"vacunados":3756,"personasINE":4318,"porcentaje":0.8698471514590088},{"rango":{"min":80,"max":null},"vacunados":2339,"personasINE":2605,"porcentaje":0.8978886756238004}]}}},{"ccaa":"Melilla","dosisAdministradas":73230,"dosisEntregadas":81780,"dosisEntregadasModerna":7800,"dosisEntregadasPfizer":54630,"dosisEntregadasAstrazeneca":15100,"dosisEntregadasJanssen":4250,"dosisPrimeraDosis":45270,"dosisPautaCompletada":34021,"porcentajeEntregadas":0.8954512105649303,"porcentajePoblacionAdministradas":0.8409894804538564,"porcentajePoblacionPrimeraDosis":0.5198906702191189,"porcentajePoblacionCompletas":0.39070467178097296,"fechaUltRegistro":1625788800000,"etarios":{"unaDosis":{"etarioTotal":{"vacunados":45270,"personasINE":70927,"porcentaje":0.6382618748854456},"etarioRangos":[{"rango":{"min":12,"max":19},"vacunados":2483,"personasINE":9574,"porcentaje":0.46127553147144645},{"rango":{"min":20,"max":29},"vacunados":5533,"personasINE":11995,"porcentaje":0.7604565905682387},{"rango":{"min":30,"max":39},"vacunados":7054,"personasINE":12133,"porcentaje":0.7604565905682387},{"rango":{"min":40,"max":49},"vacunados":9127,"personasINE":12002,"porcentaje":0.7604565905682387},{"rango":{"min":50,"max":59},"vacunados":9061,"personasINE":11299,"porcentaje":0.8019293742809098},{"rango":{"min":60,"max":69},"vacunados":6802,"personasINE":7827,"porcentaje":0.8690430560879009},{"rango":{"min":70,"max":79},"vacunados":3240,"personasINE":3748,"porcentaje":0.8644610458911419},{"rango":{"min":80,"max":null},"vacunados":1970,"personasINE":2349,"porcentaje":0.8386547467007237}]},"pautaCompleta":{"etarioTotal":{"vacunados":34021,"personasINE":70927,"porcentaje":0.47966218788331666},"etarioRangos":[{"rango":{"min":12,"max":19},"vacunados":237,"personasINE":9574,"porcentaje":0.1181325552313464},{"rango":{"min":20,"max":29},"vacunados":1417,"personasINE":11995,"porcentaje":0.7085485752374604},{"rango":{"min":30,"max":39},"vacunados":4259,"personasINE":12133,"porcentaje":0.7085485752374604},{"rango":{"min":40,"max":49},"vacunados":8504,"personasINE":12002,"porcentaje":0.7085485752374604},{"rango":{"min":50,"max":59},"vacunados":8635,"personasINE":11299,"porcentaje":0.7642269227365254},{"rango":{"min":60,"max":69},"vacunados":5963,"personasINE":7827,"porcentaje":0.7618500063881436},{"rango":{"min":70,"max":79},"vacunados":3108,"personasINE":3748,"porcentaje":0.8292422625400213},{"rango":{"min":80,"max":null},"vacunados":1898,"personasINE":2349,"porcentaje":0.8080034057045551}]}}},{"ccaa":"Fuerzas Armadas","dosisAdministradas":155123,"dosisEntregadas":170792,"dosisEntregadasModerna":16300,"dosisEntregadasPfizer":46392,"dosisEntregadasAstrazeneca":106100,"dosisEntregadasJanssen":2000,"dosisPrimeraDosis":86229,"dosisPautaCompletada":69897,"porcentajeEntregadas":0.9082568270176589,"porcentajePoblacionAdministradas":null,"porcentajePoblacionPrimeraDosis":null,"porcentajePoblacionCompletas":null,"fechaUltRegistro":1625788800000},{"ccaa":"Sanidad Exterior","dosisAdministradas":2598,"dosisEntregadas":5630,"dosisEntregadasModerna":3270,"dosisEntregadasPfizer":0,"dosisEntregadasAstrazeneca":0,"dosisEntregadasJanssen":2360,"dosisPrimeraDosis":2195,"dosisPautaCompletada":1553,"porcentajeEntregadas":0.46145648312611015,"porcentajePoblacionAdministradas":null,"porcentajePoblacionPrimeraDosis":null,"porcentajePoblacionCompletas":null,"fechaUltRegistro":1625788800000,"etarios":{"unaDosis":{"etarioTotal":{"vacunados":2195,"personasINE":"-","porcentaje":"-"},"etarioRangos":[{"rango":{"min":12,"max":19},"vacunados":19,"personasINE":null,"porcentaje":"-"},{"rango":{"min":20,"max":29},"vacunados":456,"personasINE":null,"porcentaje":"-"},{"rango":{"min":30,"max":39},"vacunados":641,"personasINE":null,"porcentaje":"-"},{"rango":{"min":40,"max":49},"vacunados":612,"personasINE":null,"porcentaje":"-"},{"rango":{"min":50,"max":59},"vacunados":334,"personasINE":null,"porcentaje":"-"},{"rango":{"min":60,"max":69},"vacunados":99,"personasINE":null,"porcentaje":"-"},{"rango":{"min":70,"max":79},"vacunados":19,"personasINE":null,"porcentaje":"-"},{"rango":{"min":80,"max":null},"vacunados":15,"personasINE":null,"porcentaje":"-"}]},"pautaCompleta":{"etarioTotal":{"vacunados":1553,"personasINE":"-","porcentaje":"-"},"etarioRangos":[{"rango":{"min":12,"max":19},"vacunados":10,"personasINE":null,"porcentaje":"-"},{"rango":{"min":20,"max":29},"vacunados":278,"personasINE":null,"porcentaje":"-"},{"rango":{"min":30,"max":39},"vacunados":381,"personasINE":null,"porcentaje":"-"},{"rango":{"min":40,"max":49},"vacunados":463,"personasINE":null,"porcentaje":"-"},{"rango":{"min":50,"max":59},"vacunados":307,"personasINE":null,"porcentaje":"-"},{"rango":{"min":60,"max":69},"vacunados":81,"personasINE":null,"porcentaje":"-"},{"rango":{"min":70,"max":79},"vacunados":19,"personasINE":null,"porcentaje":"-"},{"rango":{"min":80,"max":null},"vacunados":14,"personasINE":null,"porcentaje":"-"}]}}},{"ccaa":"Totales","dosisAdministradas":47777316,"dosisEntregadas":51327142,"dosisEntregadasModerna":4753770,"dosisEntregadasPfizer":34126737,"dosisEntregadasAstrazeneca":10387100,"dosisEntregadasJanssen":2059535,"dosisPrimeraDosis":27994332,"dosisPautaCompletada":21789996,"porcentajeEntregadas":0.9308392039439873,"porcentajePoblacionAdministradas":1.0178380059650618,"porcentajePoblacionPrimeraDosis":0.5963854282062208,"porcentajePoblacionCompletas":0.46420954409884957,"fechaUltRegistro":null,"etarios":{"unaDosis":{"etarioTotal":{"vacunados":27994332,"personasINE":42119827,"porcentaje":0.6646354933983941},"etarioRangos":[{"rango":{"min":12,"max":19},"vacunados":111846,"personasINE":3888686,"porcentaje":0.1785056141599793},{"rango":{"min":20,"max":29},"vacunados":882646,"personasINE":4944640,"porcentaje":0.7764698696877507},{"rango":{"min":30,"max":39},"vacunados":2649034,"personasINE":6230403,"porcentaje":0.7764698696877507},{"rango":{"min":40,"max":49},"vacunados":6127696,"personasINE":7891736.999999999,"porcentaje":0.7764698696877507},{"rango":{"min":50,"max":59},"vacunados":6319640,"personasINE":7033306,"porcentaje":0.898530506137512},{"rango":{"min":60,"max":69},"vacunados":5075721,"personasINE":5336986,"porcentaje":0.9510463396381403},{"rango":{"min":70,"max":79},"vacunados":3906896,"personasINE":3960045,"porcentaje":0.9865786878684459},{"rango":{"min":80,"max":null},"vacunados":2920853,"personasINE":2920853,"porcentaje":1}]},"pautaCompleta":{"etarioTotal":{"vacunados":21789996,"personasINE":42119827,"porcentaje":0.5173334638815112},"etarioRangos":[{"rango":{"min":12,"max":19},"vacunados":35537,"personasINE":3888685.9999999995,"porcentaje":0.11566747023039088},{"rango":{"min":20,"max":29},"vacunados":571934,"personasINE":4944640,"porcentaje":0.4986687975030085},{"rango":{"min":30,"max":39},"vacunados":929590,"personasINE":6230403,"porcentaje":0.4986687975030085},{"rango":{"min":40,"max":49},"vacunados":3935363,"personasINE":7891737,"porcentaje":0.4986687975030085},{"rango":{"min":50,"max":59},"vacunados":5848853,"personasINE":7033306,"porcentaje":0.8315937057196147},{"rango":{"min":60,"max":69},"vacunados":3735803,"personasINE":5336986,"porcentaje":0.6999836611900425},{"rango":{"min":70,"max":79},"vacunados":3856283,"personasINE":3960045,"porcentaje":0.9737977725000599},{"rango":{"min":80,"max":null},"vacunados":2876633,"personasINE":2876633,"porcentaje":1}]}}}]