[{"ccaa":"Andalucía","dosisAdministradas":485673,"dosisEntregadas":679510,"dosisEntregadasModerna":36300,"dosisEntregadasPfizer":568710,"dosisEntregadasAstrazeneca":74500,"dosisPautaCompletada":198314,"porcentajeEntregadas":0.7147400332592604,"porcentajePoblacionAdministradas":0.0573782393128122,"porcentajePoblacionCompletas":0.023429155318663047,"fechaUltRegistro":1613347200000},{"ccaa":"Aragón","dosisAdministradas":96987,"dosisEntregadas":114255,"dosisEntregadasModerna":6300,"dosisEntregadasPfizer":96255,"dosisEntregadasAstrazeneca":11700,"dosisPautaCompletada":39674,"porcentajeEntregadas":0.8488643823027439,"porcentajePoblacionAdministradas":0.07295596254224679,"porcentajePoblacionCompletas":0.029843740479663244,"fechaUltRegistro":1613433600000},{"ccaa":"Asturias","dosisAdministradas":83128,"dosisEntregadas":113315,"dosisEntregadasModerna":6300,"dosisEntregadasPfizer":98015,"dosisEntregadasAstrazeneca":9000,"dosisPautaCompletada":34568,"porcentajeEntregadas":0.7336010236950095,"porcentajePoblacionAdministradas":0.08159531362879668,"porcentajePoblacionCompletas":0.033930646731790054,"fechaUltRegistro":1613433600000},{"ccaa":"Baleares","dosisAdministradas":45348,"dosisEntregadas":63000,"dosisEntregadasModerna":3200,"dosisEntregadasPfizer":49500,"dosisEntregadasAstrazeneca":10300,"dosisPautaCompletada":19361,"porcentajeEntregadas":0.7198095238095238,"porcentajePoblacionAdministradas":0.03870792621354914,"porcentajePoblacionCompletas":0.016526068612078258,"fechaUltRegistro":1613433600000},{"ccaa":"Canarias","dosisAdministradas":109051,"dosisEntregadas":137320,"dosisEntregadasModerna":7000,"dosisEntregadasPfizer":111120,"dosisEntregadasAstrazeneca":19200,"dosisPautaCompletada":45239,"porcentajeEntregadas":0.7941377803670259,"porcentajePoblacionAdministradas":0.050116454774737675,"porcentajePoblacionCompletas":0.020790440230299197,"fechaUltRegistro":1613433600000},{"ccaa":"Cantabria","dosisAdministradas":43913,"dosisEntregadas":55535,"dosisEntregadasModerna":2900,"dosisEntregadasPfizer":47535,"dosisEntregadasAstrazeneca":5100,"dosisPautaCompletada":19062,"porcentajeEntregadas":0.7907265688304673,"porcentajePoblacionAdministradas":0.07533474579905816,"porcentajePoblacionCompletas":0.03270172669645997,"fechaUltRegistro":1613433600000},{"ccaa":"Castilla y Leon","dosisAdministradas":196196,"dosisEntregadas":246085,"dosisEntregadasModerna":13500,"dosisEntregadasPfizer":211485,"dosisEntregadasAstrazeneca":21100,"dosisPautaCompletada":81422,"porcentajeEntregadas":0.7972692362395107,"porcentajePoblacionAdministradas":0.08192180275065786,"porcentajePoblacionCompletas":0.03399782372507117,"fechaUltRegistro":1613433600000},{"ccaa":"Castilla La Mancha","dosisAdministradas":132722,"dosisEntregadas":170975,"dosisEntregadasModerna":9200,"dosisEntregadasPfizer":143775,"dosisEntregadasAstrazeneca":18000,"dosisPautaCompletada":55447,"porcentajeEntregadas":0.7762655358970609,"porcentajePoblacionAdministradas":0.06489372053191318,"porcentajePoblacionCompletas":0.027110517640880863,"fechaUltRegistro":1613433600000},{"ccaa":"Cataluña","dosisAdministradas":427525,"dosisEntregadas":589680,"dosisEntregadasModerna":31400,"dosisEntregadasPfizer":489680,"dosisEntregadasAstrazeneca":68600,"dosisPautaCompletada":168254,"porcentajeEntregadas":0.7250118708452041,"porcentajePoblacionAdministradas":0.05494841641497908,"porcentajePoblacionCompletas":0.021625146729398022,"fechaUltRegistro":1613433600000},{"ccaa":"C. Valenciana","dosisAdministradas":228180,"dosisEntregadas":307260,"dosisEntregadasModerna":15700,"dosisEntregadasPfizer":247060,"dosisEntregadasAstrazeneca":44500,"dosisPautaCompletada":96040,"porcentajeEntregadas":0.7426283928920133,"porcentajePoblacionAdministradas":0.04511846414517634,"porcentajePoblacionCompletas":0.018990171340620282,"fechaUltRegistro":1613433600000},{"ccaa":"Extremadura","dosisAdministradas":82086,"dosisEntregadas":103115,"dosisEntregadasModerna":5400,"dosisEntregadasPfizer":88415,"dosisEntregadasAstrazeneca":9300,"dosisPautaCompletada":33415,"porcentajeEntregadas":0.7960626484992485,"porcentajePoblacionAdministradas":0.07714943885592587,"porcentajePoblacionCompletas":0.031405458901283566,"fechaUltRegistro":1613433600000},{"ccaa":"Galicia","dosisAdministradas":138601,"dosisEntregadas":186985,"dosisEntregadasModerna":9800,"dosisEntregadasPfizer":153385,"dosisEntregadasAstrazeneca":23800,"dosisPautaCompletada":57397,"porcentajeEntregadas":0.7412412760381849,"porcentajePoblacionAdministradas":0.05129914328087855,"porcentajePoblacionCompletas":0.021243836097088666,"fechaUltRegistro":1613433600000},{"ccaa":"La Rioja","dosisAdministradas":22032,"dosisEntregadas":27665,"dosisEntregadasModerna":1400,"dosisEntregadasPfizer":23465,"dosisEntregadasAstrazeneca":2800,"dosisPautaCompletada":8529,"porcentajeEntregadas":0.7963853244171336,"porcentajePoblacionAdministradas":0.06886850841163562,"porcentajePoblacionCompletas":0.026660289952924847,"fechaUltRegistro":1613433600000},{"ccaa":"Madrid","dosisAdministradas":354258,"dosisEntregadas":484095,"dosisEntregadasModerna":25400,"dosisEntregadasPfizer":398895,"dosisEntregadasAstrazeneca":59800,"dosisPautaCompletada":160202,"porcentajeEntregadas":0.7317943792024293,"porcentajePoblacionAdministradas":0.05225130562628763,"porcentajePoblacionCompletas":0.023629003900949398,"fechaUltRegistro":1613433600000},{"ccaa":"Murcia","dosisAdministradas":93705,"dosisEntregadas":123585,"dosisEntregadasModerna":6600,"dosisEntregadasPfizer":103685,"dosisEntregadasAstrazeneca":13300,"dosisPautaCompletada":39879,"porcentajeEntregadas":0.7582230853258891,"porcentajePoblacionAdministradas":0.06200492175025856,"porcentajePoblacionCompletas":0.026388071868935076,"fechaUltRegistro":1613433600000},{"ccaa":"Navarra","dosisAdministradas":42492,"dosisEntregadas":55065,"dosisEntregadasModerna":2900,"dosisEntregadasPfizer":46365,"dosisEntregadasAstrazeneca":5800,"dosisPautaCompletada":16873,"porcentajeEntregadas":0.7716698447289567,"porcentajePoblacionAdministradas":0.06426526436145355,"porcentajePoblacionCompletas":0.025518869565348906,"fechaUltRegistro":1613433600000},{"ccaa":"País Vasco","dosisAdministradas":101147,"dosisEntregadas":154850,"dosisEntregadasModerna":7900,"dosisEntregadasPfizer":127350,"dosisEntregadasAstrazeneca":19600,"dosisPautaCompletada":43281,"porcentajeEntregadas":0.6531934129803035,"porcentajePoblacionAdministradas":0.04555137031953106,"porcentajePoblacionCompletas":0.019491520843916515,"fechaUltRegistro":1613433600000},{"ccaa":"Ceuta","dosisAdministradas":4111,"dosisEntregadas":5520,"dosisEntregadasModerna":400,"dosisEntregadasPfizer":4320,"dosisEntregadasAstrazeneca":800,"dosisPautaCompletada":969,"porcentajeEntregadas":0.7447463768115942,"porcentajePoblacionAdministradas":0.04882306833566899,"porcentajePoblacionCompletas":0.011508040189069143,"fechaUltRegistro":1613433600000},{"ccaa":"Melilla","dosisAdministradas":3302,"dosisEntregadas":4350,"dosisEntregadasModerna":400,"dosisEntregadasPfizer":3150,"dosisEntregadasAstrazeneca":800,"dosisPautaCompletada":1254,"porcentajeEntregadas":0.759080459770115,"porcentajePoblacionAdministradas":0.037920896687950754,"porcentajePoblacionCompletas":0.014401212733703891,"fechaUltRegistro":1613433600000},{"ccaa":"Totales","dosisAdministradas":2690457,"dosisEntregadas":3622165,"dosisEntregadasModerna":192000,"dosisEntregadasPfizer":3012165,"dosisEntregadasAstrazeneca":418000,"dosisPautaCompletada":1119180,"porcentajeEntregadas":0.7427759364910212,"porcentajePoblacionAdministradas":0.057316936514699615,"porcentajePoblacionCompletas":0.023842778014486577,"fechaUltRegistro":null}]