[{"ccaa":"Andalucía","dosisAdministradas":299792,"dosisEntregadas":330980,"dosisEntregadasModerna":6800,"dosisEntregadasPfizer":324180,"dosisPautaCompletada":78640,"porcentajeEntregadas":0.9057707414345277,"porcentajePoblacionAdministradas":0.035417939889733616,"porcentajePoblacionCompletas":0.009290664170253548},{"ccaa":"Aragón","dosisAdministradas":55292,"dosisEntregadas":56505,"dosisEntregadasModerna":1200,"dosisEntregadasPfizer":55305,"dosisPautaCompletada":10364,"porcentajeEntregadas":0.9785328731970622,"porcentajePoblacionAdministradas":0.041591977078226046,"porcentajePoblacionCompletas":0.007796050973716537},{"ccaa":"Asturias","dosisAdministradas":58112,"dosisEntregadas":59435,"dosisEntregadasModerna":1200,"dosisEntregadasPfizer":58235,"dosisPautaCompletada":19475,"porcentajeEntregadas":0.9777403886598806,"porcentajePoblacionAdministradas":0.057040550303106445,"porcentajePoblacionCompletas":0.019115926437792505},{"ccaa":"Baleares","dosisAdministradas":25559,"dosisEntregadas":30210,"dosisEntregadasModerna":600,"dosisEntregadasPfizer":29610,"dosisPautaCompletada":4782,"porcentajeEntregadas":0.8460443561734525,"porcentajePoblacionAdministradas":0.02181652743433233,"porcentajePoblacionCompletas":0.0040817964001321335},{"ccaa":"Canarias","dosisAdministradas":64475,"dosisEntregadas":65620,"dosisEntregadasModerna":1300,"dosisEntregadasPfizer":64320,"dosisPautaCompletada":11501,"porcentajeEntregadas":0.9825510515086864,"porcentajePoblacionAdministradas":0.029630708765634537,"porcentajePoblacionCompletas":0.005285502621381354},{"ccaa":"Cantabria","dosisAdministradas":23626,"dosisEntregadas":28145,"dosisEntregadasModerna":500,"dosisEntregadasPfizer":27645,"dosisPautaCompletada":2737,"porcentajeEntregadas":0.8394386214247647,"porcentajePoblacionAdministradas":0.040531475969497605,"porcentajePoblacionCompletas":0.004695447800241892},{"ccaa":"Castilla y Leon","dosisAdministradas":124225,"dosisEntregadas":123895,"dosisEntregadasModerna":2500,"dosisEntregadasPfizer":121395,"dosisPautaCompletada":34446,"porcentajeEntregadas":1.0026635457443802,"porcentajePoblacionAdministradas":0.051870251925118106,"porcentajePoblacionCompletas":0.0143829559091376},{"ccaa":"Castilla La Mancha","dosisAdministradas":84605,"dosisEntregadas":84635,"dosisEntregadasModerna":1700,"dosisEntregadasPfizer":82935,"dosisPautaCompletada":17460,"porcentajeEntregadas":0.9996455367164885,"porcentajePoblacionAdministradas":0.041367167655720335,"porcentajePoblacionCompletas":0.008536974732803937},{"ccaa":"Cataluña","dosisAdministradas":256555,"dosisEntregadas":286050,"dosisEntregadasModerna":5800,"dosisEntregadasPfizer":280250,"dosisPautaCompletada":60676,"porcentajeEntregadas":0.8968886558294005,"porcentajePoblacionAdministradas":0.03297419092063612,"porcentajePoblacionCompletas":0.007798491583872921},{"ccaa":"C. Valenciana","dosisAdministradas":136109,"dosisEntregadas":145830,"dosisEntregadasModerna":2900,"dosisEntregadasPfizer":142930,"dosisPautaCompletada":33395,"porcentajeEntregadas":0.9333401906329287,"porcentajePoblacionAdministradas":0.02691309070179598,"porcentajePoblacionCompletas":0.006603256683881864},{"ccaa":"Extremadura","dosisAdministradas":47342,"dosisEntregadas":51975,"dosisEntregadasModerna":1000,"dosisEntregadasPfizer":50975,"dosisPautaCompletada":8646,"porcentajeEntregadas":0.9108609908609908,"porcentajePoblacionAdministradas":0.044494904543006635,"porcentajePoblacionCompletas":0.008126039133936787},{"ccaa":"Galicia","dosisAdministradas":85718,"dosisEntregadas":89665,"dosisEntregadasModerna":1800,"dosisEntregadasPfizer":87865,"dosisPautaCompletada":27098,"porcentajeEntregadas":0.9559805944348408,"porcentajePoblacionAdministradas":0.0317260334611608,"porcentajePoblacionCompletas":0.010029539358484043},{"ccaa":"La Rioja","dosisAdministradas":11790,"dosisEntregadas":14305,"dosisEntregadasModerna":200,"dosisEntregadasPfizer":14105,"dosisPautaCompletada":2490,"porcentajeEntregadas":0.82418734708144,"porcentajePoblacionAdministradas":0.03685365441962527,"porcentajePoblacionCompletas":0.007783341773101521},{"ccaa":"Madrid","dosisAdministradas":190943,"dosisEntregadas":232775,"dosisEntregadasModerna":4700,"dosisEntregadasPfizer":228075,"dosisPautaCompletada":15837,"porcentajeEntregadas":0.8202899795940286,"porcentajePoblacionAdministradas":0.02816314959775147,"porcentajePoblacionCompletas":0.0023358792947612114},{"ccaa":"Murcia","dosisAdministradas":58737,"dosisEntregadas":60425,"dosisEntregadasModerna":1200,"dosisEntregadasPfizer":59225,"dosisPautaCompletada":11293,"porcentajeEntregadas":0.9720645428216798,"porcentajePoblacionAdministradas":0.038866475522596845,"porcentajePoblacionCompletas":0.007472617056994503},{"ccaa":"Navarra","dosisAdministradas":25116,"dosisEntregadas":28145,"dosisEntregadasModerna":500,"dosisEntregadasPfizer":27645,"dosisPautaCompletada":5281,"porcentajeEntregadas":0.892378752886836,"porcentajePoblacionAdministradas":0.037985653292437804,"porcentajePoblacionCompletas":0.007987029584223765},{"ccaa":"País Vasco","dosisAdministradas":57262,"dosisEntregadas":76100,"dosisEntregadasModerna":1400,"dosisEntregadasPfizer":74700,"dosisPautaCompletada":12277,"porcentajeEntregadas":0.7524572930354796,"porcentajePoblacionAdministradas":0.025787839157236377,"porcentajePoblacionCompletas":0.00552892496478277},{"ccaa":"Ceuta","dosisAdministradas":1890,"dosisEntregadas":2180,"dosisEntregadasModerna":200,"dosisEntregadasPfizer":1980,"dosisPautaCompletada":688,"porcentajeEntregadas":0.8669724770642202,"porcentajePoblacionAdministradas":0.022446022659794305,"porcentajePoblacionCompletas":0.008170827296263746},{"ccaa":"Melilla","dosisAdministradas":2113,"dosisEntregadas":2180,"dosisEntregadasModerna":200,"dosisEntregadasPfizer":1980,"dosisPautaCompletada":806,"porcentajeEntregadas":0.9692660550458716,"porcentajePoblacionAdministradas":0.024266158298497865,"porcentajePoblacionCompletas":0.009256281868712388},{"ccaa":"Totales","dosisAdministradas":1609261,"dosisEntregadas":1769055,"dosisEntregadasModerna":35700,"dosisEntregadasPfizer":1733355,"dosisPautaCompletada":357892,"porcentajeEntregadas":0.909672678350871,"porcentajePoblacionAdministradas":0.03428336173838943,"porcentajePoblacionCompletas":0.007624456753302088}]
