[{"ccaa":"Andalucía","dosisAdministradas":12393078,"dosisEntregadas":13657120,"dosisEntregadasModerna":2019600,"dosisEntregadasPfizer":9306270,"dosisEntregadasAstrazeneca":1805800,"dosisEntregadasJanssen":525450,"dosisPrimeraDosis":6688316,"dosisPautaCompletada":6379575,"porcentajeEntregadas":0.9074444685263071,"porcentajePoblacionAdministradas":1.464139442189185,"porcentajePoblacionPrimeraDosis":0.7901690974126847,"porcentajePoblacionCompletas":0.7536939073492532,"fechaUltRegistro":1631404800000,"etarios":{"unaDosis":{"etarioTotal":{"vacunados":6688316,"personasINE":7451975,"porcentaje":0.8975226030683141},"etarioRangos":[{"rango":{"min":12,"max":19},"vacunados":618711,"personasINE":752907,"porcentaje":0.7795874108404259},{"rango":{"min":20,"max":29},"vacunados":723981,"personasINE":928672,"porcentaje":0.8887383998717795},{"rango":{"min":30,"max":39},"vacunados":899666,"personasINE":1140217,"porcentaje":0.8887383998717795},{"rango":{"min":40,"max":49},"vacunados":1231004,"personasINE":1385114,"porcentaje":0.8887383998717795},{"rango":{"min":50,"max":59},"vacunados":1204336,"personasINE":1265021,"porcentaje":0.9520284643496036},{"rango":{"min":60,"max":69},"vacunados":923958,"personasINE":923958,"porcentaje":1},{"rango":{"min":70,"max":79},"vacunados":653044,"personasINE":653044,"porcentaje":1},{"rango":{"min":80,"max":null},"vacunados":433616,"personasINE":433616,"porcentaje":1}]},"pautaCompleta":{"etarioTotal":{"vacunados":6379575,"personasINE":7451975,"porcentaje":0.8560918414245888},"etarioRangos":[{"rango":{"min":12,"max":19},"vacunados":480759,"personasINE":752907,"porcentaje":0.7148918024878537},{"rango":{"min":20,"max":29},"vacunados":663900,"personasINE":928672,"porcentaje":0.8707391593760514},{"rango":{"min":30,"max":39},"vacunados":855767,"personasINE":1140217,"porcentaje":0.8707391593760514},{"rango":{"min":40,"max":49},"vacunados":1206073,"personasINE":1385114,"porcentaje":0.8707391593760514},{"rango":{"min":50,"max":59},"vacunados":1189156,"personasINE":1265021,"porcentaje":0.9400286635557829},{"rango":{"min":60,"max":69},"vacunados":909785,"personasINE":916147,"porcentaje":0.9930556995765963},{"rango":{"min":70,"max":79},"vacunados":647192,"personasINE":650381,"porcentaje":0.9950967202301421},{"rango":{"min":80,"max":null},"vacunados":426943,"personasINE":426943,"porcentaje":1}]}}},{"ccaa":"Aragón","dosisAdministradas":1929403,"dosisEntregadas":2113445,"dosisEntregadasModerna":275200,"dosisEntregadasPfizer":1508445,"dosisEntregadasAstrazeneca":265100,"dosisEntregadasJanssen":64700,"dosisPrimeraDosis":1048230,"dosisPautaCompletada":1002420,"porcentajeEntregadas":0.9129184814367064,"porcentajePoblacionAdministradas":1.4513435099229648,"porcentajePoblacionPrimeraDosis":0.7885039089327369,"porcentajePoblacionCompletas":0.7540445211378745,"fechaUltRegistro":1631232000000,"etarios":{"unaDosis":{"etarioTotal":{"vacunados":1048230,"personasINE":1185134,"porcentaje":0.8844822610776503},"etarioRangos":[{"rango":{"min":12,"max":19},"vacunados":83451,"personasINE":103109,"porcentaje":0.7598868106839671},{"rango":{"min":20,"max":29},"vacunados":99090,"personasINE":130401,"porcentaje":0.8618982707043262},{"rango":{"min":30,"max":39},"vacunados":121792,"personasINE":164286,"porcentaje":0.8618982707043262},{"rango":{"min":40,"max":49},"vacunados":185259,"personasINE":214943,"porcentaje":0.8618982707043262},{"rango":{"min":50,"max":59},"vacunados":184620,"personasINE":198266,"porcentaje":0.931173272270586},{"rango":{"min":60,"max":69},"vacunados":153843,"personasINE":156367,"porcentaje":0.9838584867651103},{"rango":{"min":70,"max":79},"vacunados":119051,"personasINE":119051,"porcentaje":1},{"rango":{"min":80,"max":null},"vacunados":101124,"personasINE":101124,"porcentaje":1}]},"pautaCompleta":{"etarioTotal":{"vacunados":1002420,"personasINE":1185134,"porcentaje":0.845828404214207},"etarioRangos":[{"rango":{"min":12,"max":19},"vacunados":63630,"personasINE":103109,"porcentaje":0.7004930943781106},{"rango":{"min":20,"max":29},"vacunados":91345,"personasINE":130401,"porcentaje":0.8434003433468408},{"rango":{"min":30,"max":39},"vacunados":114957,"personasINE":164286,"porcentaje":0.8434003433468408},{"rango":{"min":40,"max":49},"vacunados":181283,"personasINE":214943,"porcentaje":0.8434003433468408},{"rango":{"min":50,"max":59},"vacunados":182020,"personasINE":198266,"porcentaje":0.9180595765285021},{"rango":{"min":60,"max":69},"vacunados":151278,"personasINE":156367,"porcentaje":0.9674547698683226},{"rango":{"min":70,"max":79},"vacunados":118171,"personasINE":118955,"porcentaje":0.9934092724139381},{"rango":{"min":80,"max":null},"vacunados":99736,"personasINE":99736,"porcentaje":1}]}}},{"ccaa":"Asturias","dosisAdministradas":1632477,"dosisEntregadas":1647755,"dosisEntregadasModerna":162000,"dosisEntregadasPfizer":1200155,"dosisEntregadasAstrazeneca":235900,"dosisEntregadasJanssen":49700,"dosisPrimeraDosis":866655,"dosisPautaCompletada":838075,"porcentajeEntregadas":0.9907279905082976,"porcentajePoblacionAdministradas":1.6023779329082515,"porcentajePoblacionPrimeraDosis":0.8506759038225964,"porcentajePoblacionCompletas":0.8226228523416151,"fechaUltRegistro":1631404800000,"etarios":{"unaDosis":{"etarioTotal":{"vacunados":866655,"personasINE":933927,"porcentaje":0.9279686742111536},"etarioRangos":[{"rango":{"min":12,"max":19},"vacunados":58679,"personasINE":64000,"porcentaje":0.8194941285029894},{"rango":{"min":20,"max":29},"vacunados":64831,"personasINE":79111,"porcentaje":0.8971932955273574},{"rango":{"min":30,"max":39},"vacunados":89687,"personasINE":114451,"porcentaje":0.8971932955273574},{"rango":{"min":40,"max":49},"vacunados":149825,"personasINE":166993,"porcentaje":0.8971932955273574},{"rango":{"min":50,"max":59},"vacunados":152715,"personasINE":162645,"porcentaje":0.9389467859448493},{"rango":{"min":60,"max":69},"vacunados":147819,"personasINE":149652,"porcentaje":0.987751583674124},{"rango":{"min":70,"max":79},"vacunados":114241,"personasINE":114241,"porcentaje":1},{"rango":{"min":80,"max":null},"vacunados":88858,"personasINE":88858,"porcentaje":1}]},"pautaCompleta":{"etarioTotal":{"vacunados":838075,"personasINE":933927,"porcentaje":0.8973667106743889},"etarioRangos":[{"rango":{"min":12,"max":19},"vacunados":44935,"personasINE":64000,"porcentaje":0.7572271871168358},{"rango":{"min":20,"max":29},"vacunados":59905,"personasINE":79111,"porcentaje":0.8867557322762032},{"rango":{"min":30,"max":39},"vacunados":85788,"personasINE":114451,"porcentaje":0.8867557322762032},{"rango":{"min":40,"max":49},"vacunados":148082,"personasINE":166993,"porcentaje":0.8867557322762032},{"rango":{"min":50,"max":59},"vacunados":151422,"personasINE":162645,"porcentaje":0.9309969565618371},{"rango":{"min":60,"max":69},"vacunados":146258,"personasINE":149652,"porcentaje":0.977320717397696},{"rango":{"min":70,"max":79},"vacunados":113679,"personasINE":113679,"porcentaje":1},{"rango":{"min":80,"max":null},"vacunados":88006,"personasINE":88006,"porcentaje":1}]}}},{"ccaa":"Baleares","dosisAdministradas":1548892,"dosisEntregadas":1896050,"dosisEntregadasModerna":305100,"dosisEntregadasPfizer":1272150,"dosisEntregadasAstrazeneca":256400,"dosisEntregadasJanssen":62400,"dosisPrimeraDosis":834604,"dosisPautaCompletada":802954,"porcentajeEntregadas":0.8169046174942644,"porcentajePoblacionAdministradas":1.3220957318681432,"porcentajePoblacionPrimeraDosis":0.7123972402208029,"porcentajePoblacionCompletas":0.685381586506001,"fechaUltRegistro":1631404800000,"etarios":{"unaDosis":{"etarioTotal":{"vacunados":834604,"personasINE":1034867,"porcentaje":0.8064843115105612},"etarioRangos":[{"rango":{"min":12,"max":19},"vacunados":71062,"personasINE":95480,"porcentaje":0.6606762262400139},{"rango":{"min":20,"max":29},"vacunados":91135,"personasINE":137942,"porcentaje":0.7941670061890073},{"rango":{"min":30,"max":39},"vacunados":120104,"personasINE":182187,"porcentaje":0.7941670061890073},{"rango":{"min":40,"max":49},"vacunados":163735,"personasINE":206172,"porcentaje":0.7941670061890073},{"rango":{"min":50,"max":59},"vacunados":148631,"personasINE":165797,"porcentaje":0.8964637478362093},{"rango":{"min":60,"max":69},"vacunados":109569,"personasINE":117231,"porcentaje":0.9346418609412186},{"rango":{"min":70,"max":79},"vacunados":78999,"personasINE":80516,"porcentaje":0.9811590242933081},{"rango":{"min":80,"max":null},"vacunados":51369,"personasINE":51369,"porcentaje":1}]},"pautaCompleta":{"etarioTotal":{"vacunados":802954,"personasINE":1034867,"porcentaje":0.7759006712939923},"etarioRangos":[{"rango":{"min":12,"max":19},"vacunados":62376,"personasINE":95480,"porcentaje":0.6138811964448826},{"rango":{"min":20,"max":29},"vacunados":84680,"personasINE":137942,"porcentaje":0.7729759618182876},{"rango":{"min":30,"max":39},"vacunados":113609,"personasINE":182187,"porcentaje":0.7729759618182876},{"rango":{"min":40,"max":49},"vacunados":159366,"personasINE":206172,"porcentaje":0.7729759618182876},{"rango":{"min":50,"max":59},"vacunados":145854,"personasINE":165797,"porcentaje":0.8797143494755635},{"rango":{"min":60,"max":69},"vacunados":108029,"personasINE":117231,"porcentaje":0.9215054038607535},{"rango":{"min":70,"max":79},"vacunados":78378,"personasINE":80516,"porcentaje":0.973446271548512},{"rango":{"min":80,"max":null},"vacunados":50662,"personasINE":50662,"porcentaje":1}]}}},{"ccaa":"Canarias","dosisAdministradas":3062180,"dosisEntregadas":3536810,"dosisEntregadasModerna":574700,"dosisEntregadasPfizer":2324760,"dosisEntregadasAstrazeneca":503700,"dosisEntregadasJanssen":133650,"dosisPrimeraDosis":1647019,"dosisPautaCompletada":1578286,"porcentajeEntregadas":0.865802799698033,"porcentajePoblacionAdministradas":1.4072828812400273,"porcentajePoblacionPrimeraDosis":0.7569188107090598,"porcentajePoblacionCompletas":0.7253312573071464,"fechaUltRegistro":1631404800000,"etarios":{"unaDosis":{"etarioTotal":{"vacunados":1647019,"personasINE":1960774,"porcentaje":0.8399841083164098},"etarioRangos":[{"rango":{"min":12,"max":19},"vacunados":141990,"personasINE":179797,"porcentaje":0.7174476063364952},{"rango":{"min":20,"max":29},"vacunados":180616,"personasINE":251748.00000000003,"porcentaje":0.8108005691836545},{"rango":{"min":30,"max":39},"vacunados":223965,"personasINE":310934,"porcentaje":0.8108005691836545},{"rango":{"min":40,"max":49},"vacunados":314529,"personasINE":387924,"porcentaje":0.8108005691836545},{"rango":{"min":50,"max":59},"vacunados":318775,"personasINE":350512,"porcentaje":0.9094553110877802},{"rango":{"min":60,"max":69},"vacunados":223376,"personasINE":235092,"porcentaje":0.9501641910401034},{"rango":{"min":70,"max":79},"vacunados":150971,"personasINE":154531,"porcentaje":0.9769625512033184},{"rango":{"min":80,"max":null},"vacunados":92797,"personasINE":92797,"porcentaje":1}]},"pautaCompleta":{"etarioTotal":{"vacunados":1578286,"personasINE":1960774,"porcentaje":0.8049300939322941},"etarioRangos":[{"rango":{"min":12,"max":19},"vacunados":119999,"personasINE":179797,"porcentaje":0.6595365206476318},{"rango":{"min":20,"max":29},"vacunados":166037,"personasINE":251748,"porcentaje":0.793964797228323},{"rango":{"min":30,"max":39},"vacunados":212060,"personasINE":310934,"porcentaje":0.793964797228323},{"rango":{"min":40,"max":49},"vacunados":307998,"personasINE":387924,"porcentaje":0.793964797228323},{"rango":{"min":50,"max":59},"vacunados":315049,"personasINE":350512,"porcentaje":0.8988251472132195},{"rango":{"min":60,"max":69},"vacunados":216172,"personasINE":235092,"porcentaje":0.9195208684259779},{"rango":{"min":70,"max":79},"vacunados":149529,"personasINE":154531,"porcentaje":0.9676310902019659},{"rango":{"min":80,"max":null},"vacunados":91442,"personasINE":91442,"porcentaje":1}]}}},{"ccaa":"Cantabria","dosisAdministradas":862910,"dosisEntregadas":931515,"dosisEntregadasModerna":114900,"dosisEntregadasPfizer":666465,"dosisEntregadasAstrazeneca":125200,"dosisEntregadasJanssen":24950,"dosisPrimeraDosis":471288,"dosisPautaCompletada":431948,"porcentajeEntregadas":0.92635115913324,"porcentajePoblacionAdministradas":1.4803612938643518,"porcentajePoblacionPrimeraDosis":0.808515967438948,"porcentajePoblacionCompletas":0.7410264108216604,"fechaUltRegistro":1631404800000,"etarios":{"unaDosis":{"etarioTotal":{"vacunados":471288,"personasINE":524127,"porcentaje":0.899186647511004},"etarioRangos":[{"rango":{"min":12,"max":19},"vacunados":35821,"personasINE":43963,"porcentaje":0.7545589545589546},{"rango":{"min":20,"max":29},"vacunados":38109,"personasINE":50505,"porcentaje":0.8852090130818562},{"rango":{"min":30,"max":39},"vacunados":52604,"personasINE":70473,"porcentaje":0.8852090130818562},{"rango":{"min":40,"max":49},"vacunados":86546,"personasINE":97769,"porcentaje":0.8852090130818562},{"rango":{"min":50,"max":59},"vacunados":83562,"personasINE":89964,"porcentaje":0.9288382019474456},{"rango":{"min":60,"max":69},"vacunados":76268,"personasINE":77345,"porcentaje":0.9860753765595708},{"rango":{"min":70,"max":79},"vacunados":55988,"personasINE":55988,"porcentaje":1},{"rango":{"min":80,"max":null},"vacunados":42390,"personasINE":42390,"porcentaje":1}]},"pautaCompleta":{"etarioTotal":{"vacunados":431948,"personasINE":524127,"porcentaje":0.824128503206284},"etarioRangos":[{"rango":{"min":12,"max":19},"vacunados":12686,"personasINE":43962.99999999999,"porcentaje":0.6454608454608455},{"rango":{"min":20,"max":29},"vacunados":32599,"personasINE":50505,"porcentaje":0.8637502684900121},{"rango":{"min":30,"max":39},"vacunados":47137,"personasINE":70473,"porcentaje":0.8637502684900121},{"rango":{"min":40,"max":49},"vacunados":84448,"personasINE":97769,"porcentaje":0.8637502684900121},{"rango":{"min":50,"max":59},"vacunados":82208,"personasINE":89964,"porcentaje":0.9137877373171491},{"rango":{"min":60,"max":69},"vacunados":75230,"personasINE":77345,"porcentaje":0.9726549873941431},{"rango":{"min":70,"max":79},"vacunados":55704,"personasINE":55704,"porcentaje":1},{"rango":{"min":80,"max":null},"vacunados":41936,"personasINE":41936,"porcentaje":1}]}}},{"ccaa":"Castilla y Leon","dosisAdministradas":3628666,"dosisEntregadas":3823525,"dosisEntregadasModerna":412400,"dosisEntregadasPfizer":2817075,"dosisEntregadasAstrazeneca":481200,"dosisEntregadasJanssen":112850,"dosisPrimeraDosis":1962093,"dosisPautaCompletada":1866607,"porcentajeEntregadas":0.9490368181194055,"porcentajePoblacionAdministradas":1.515152502089842,"porcentajePoblacionPrimeraDosis":0.8192735617670417,"porcentajePoblacionCompletas":0.7794033031611103,"fechaUltRegistro":1631318400000,"etarios":{"unaDosis":{"etarioTotal":{"vacunados":1962093,"personasINE":2176253,"porcentaje":0.9015923240542345},"etarioRangos":[{"rango":{"min":12,"max":19},"vacunados":129925,"personasINE":165342,"porcentaje":0.7703525018245927},{"rango":{"min":20,"max":29},"vacunados":162549,"personasINE":211006,"porcentaje":0.8702687824279876},{"rango":{"min":30,"max":39},"vacunados":205885,"personasINE":267783,"porcentaje":0.8702687824279876},{"rango":{"min":40,"max":49},"vacunados":316173,"personasINE":363305,"porcentaje":0.8702687824279876},{"rango":{"min":50,"max":59},"vacunados":349575,"personasINE":381175,"porcentaje":0.917098445595855},{"rango":{"min":60,"max":69},"vacunados":318750,"personasINE":318750,"porcentaje":1},{"rango":{"min":70,"max":79},"vacunados":250106,"personasINE":250106,"porcentaje":1},{"rango":{"min":80,"max":null},"vacunados":229130,"personasINE":229130,"porcentaje":1}]},"pautaCompleta":{"etarioTotal":{"vacunados":1866607,"personasINE":2176253,"porcentaje":0.8577159916608961},"etarioRangos":[{"rango":{"min":12,"max":19},"vacunados":78777,"personasINE":165342,"porcentaje":0.7019847776840469},{"rango":{"min":20,"max":29},"vacunados":148123,"personasINE":211006,"porcentaje":0.8520609405320598},{"rango":{"min":30,"max":39},"vacunados":196335,"personasINE":267783,"porcentaje":0.8520609405320598},{"rango":{"min":40,"max":49},"vacunados":309558,"personasINE":363305,"porcentaje":0.8520609405320598},{"rango":{"min":50,"max":59},"vacunados":344390,"personasINE":381175,"porcentaje":0.9034957696596052},{"rango":{"min":60,"max":69},"vacunados":314407,"personasINE":318575,"porcentaje":0.9869167386015851},{"rango":{"min":70,"max":79},"vacunados":248553,"personasINE":248553,"porcentaje":1},{"rango":{"min":80,"max":null},"vacunados":226464,"personasINE":226464,"porcentaje":1}]}}},{"ccaa":"Castilla La Mancha","dosisAdministradas":2920640,"dosisEntregadas":3240070,"dosisEntregadasModerna":446800,"dosisEntregadasPfizer":2280195,"dosisEntregadasAstrazeneca":411700,"dosisEntregadasJanssen":101375,"dosisPrimeraDosis":1590562,"dosisPautaCompletada":1491459,"porcentajeEntregadas":0.9014126238013376,"porcentajePoblacionAdministradas":1.4280314939070153,"porcentajePoblacionPrimeraDosis":0.7776968845909562,"porcentajePoblacionCompletas":0.7292409964497725,"fechaUltRegistro":1631404800000},{"ccaa":"Cataluña","dosisAdministradas":10689932,"dosisEntregadas":11863410,"dosisEntregadasModerna":1604900,"dosisEntregadasPfizer":8368460,"dosisEntregadasAstrazeneca":1514300,"dosisEntregadasJanssen":375750,"dosisPrimeraDosis":5795324,"dosisPautaCompletada":5534652,"porcentajeEntregadas":0.9010842582360383,"porcentajePoblacionAdministradas":1.3739426582862058,"porcentajePoblacionPrimeraDosis":0.7448543977819361,"porcentajePoblacionCompletas":0.7113510620618602,"fechaUltRegistro":1631404800000,"etarios":{"unaDosis":{"etarioTotal":{"vacunados":5795324,"personasINE":6868360,"porcentaje":0.8437711476975581},"etarioRangos":[{"rango":{"min":12,"max":19},"vacunados":480814,"personasINE":656166,"porcentaje":0.693969139444653},{"rango":{"min":20,"max":29},"vacunados":582195,"personasINE":838935.0000000001,"porcentaje":0.8421156555319707},{"rango":{"min":30,"max":39},"vacunados":736988,"personasINE":1044651.9999999999,"porcentaje":0.8421156555319707},{"rango":{"min":40,"max":49},"vacunados":1108860,"personasINE":1316755,"porcentaje":0.8421156555319707},{"rango":{"min":50,"max":59},"vacunados":1016176,"personasINE":1091780,"porcentaje":0.9307516166260602},{"rango":{"min":60,"max":69},"vacunados":795075,"personasINE":837584,"porcentaje":0.9492480754169134},{"rango":{"min":70,"max":79},"vacunados":617129,"personasINE":635292,"porcentaje":0.9714099972925836},{"rango":{"min":80,"max":null},"vacunados":458087,"personasINE":458087,"porcentaje":1}]},"pautaCompleta":{"etarioTotal":{"vacunados":5534652,"personasINE":6868360,"porcentaje":0.8058185651305406},"etarioRangos":[{"rango":{"min":12,"max":19},"vacunados":391009,"personasINE":656166,"porcentaje":0.6341897763235531},{"rango":{"min":20,"max":29},"vacunados":532044,"personasINE":838935,"porcentaje":0.8198176578027043},{"rango":{"min":30,"max":39},"vacunados":687267,"personasINE":1044652,"porcentaje":0.8198176578027043},{"rango":{"min":40,"max":49},"vacunados":1079499,"personasINE":1316755,"porcentaje":0.8198176578027043},{"rango":{"min":50,"max":59},"vacunados":1000941,"personasINE":1091780,"porcentaje":0.9167973401234681},{"rango":{"min":60,"max":69},"vacunados":779656,"personasINE":837584,"porcentaje":0.9308391755334391},{"rango":{"min":70,"max":79},"vacunados":612413,"personasINE":635292,"porcentaje":0.9639866392147233},{"rango":{"min":80,"max":null},"vacunados":451823,"personasINE":451823,"porcentaje":1}]}}},{"ccaa":"C. Valenciana","dosisAdministradas":7364990,"dosisEntregadas":8104000,"dosisEntregadasModerna":1213700,"dosisEntregadasPfizer":5719150,"dosisEntregadasAstrazeneca":863900,"dosisEntregadasJanssen":307250,"dosisPrimeraDosis":4012918,"dosisPautaCompletada":3797871,"porcentajeEntregadas":0.9088092300098717,"porcentajePoblacionAdministradas":1.4562934404618384,"porcentajePoblacionPrimeraDosis":0.7934818866707545,"porcentajePoblacionCompletas":0.7509602355224165,"fechaUltRegistro":1631318400000,"etarios":{"unaDosis":{"etarioTotal":{"vacunados":4012918,"personasINE":4488459,"porcentaje":0.8940525022062138},"etarioRangos":[{"rango":{"min":12,"max":19},"vacunados":348969,"personasINE":424531,"porcentaje":0.792428593017984},{"rango":{"min":20,"max":29},"vacunados":408993,"personasINE":516126,"porcentaje":0.8770872769461289},{"rango":{"min":30,"max":39},"vacunados":497292,"personasINE":648759,"porcentaje":0.8770872769461289},{"rango":{"min":40,"max":49},"vacunados":746917,"personasINE":851588,"porcentaje":0.8770872769461289},{"rango":{"min":50,"max":59},"vacunados":712203,"personasINE":752334,"porcentaje":0.9466580003030569},{"rango":{"min":60,"max":69},"vacunados":567838,"personasINE":580728,"porcentaje":0.9778037222245182},{"rango":{"min":70,"max":79},"vacunados":433799,"personasINE":437862,"porcentaje":0.9907208207152025},{"rango":{"min":80,"max":null},"vacunados":296907,"personasINE":296907,"porcentaje":1}]},"pautaCompleta":{"etarioTotal":{"vacunados":3797871,"personasINE":4488459,"porcentaje":0.8461414039874264},"etarioRangos":[{"rango":{"min":12,"max":19},"vacunados":264719,"personasINE":424531,"porcentaje":0.6983972905840822},{"rango":{"min":20,"max":29},"vacunados":360461,"personasINE":516126,"porcentaje":0.85875329384632},{"rango":{"min":30,"max":39},"vacunados":458891,"personasINE":648759,"porcentaje":0.85875329384632},{"rango":{"min":40,"max":49},"vacunados":731304,"personasINE":851588,"porcentaje":0.85875329384632},{"rango":{"min":50,"max":59},"vacunados":704134,"personasINE":752334,"porcentaje":0.9359327107375182},{"rango":{"min":60,"max":69},"vacunados":555426,"personasINE":580728,"porcentaje":0.9564305492416415},{"rango":{"min":70,"max":79},"vacunados":430456,"personasINE":437862,"porcentaje":0.983085995130886},{"rango":{"min":80,"max":null},"vacunados":292480,"personasINE":292480,"porcentaje":1}]}}},{"ccaa":"Extremadura","dosisAdministradas":1647710,"dosisEntregadas":1666395,"dosisEntregadasModerna":218200,"dosisEntregadasPfizer":1210445,"dosisEntregadasAstrazeneca":186000,"dosisEntregadasJanssen":51750,"dosisPrimeraDosis":886315,"dosisPautaCompletada":845629,"porcentajeEntregadas":0.9887871723090864,"porcentajePoblacionAdministradas":1.5486185451513976,"porcentajePoblacionPrimeraDosis":0.8330129973392532,"porcentajePoblacionCompletas":0.7947738083266055,"fechaUltRegistro":1631318400000,"etarios":{"unaDosis":{"etarioTotal":{"vacunados":886315,"personasINE":953437,"porcentaje":0.9295999630809377},"etarioRangos":[{"rango":{"min":12,"max":19},"vacunados":72372,"personasINE":84750,"porcentaje":0.791025414754677},{"rango":{"min":20,"max":29},"vacunados":89639,"personasINE":113320,"porcentaje":0.9118085946806777},{"rango":{"min":30,"max":39},"vacunados":111407,"personasINE":133479,"porcentaje":0.9118085946806777},{"rango":{"min":40,"max":49},"vacunados":145428,"personasINE":159494,"porcentaje":0.9118085946806777},{"rango":{"min":50,"max":59},"vacunados":160969,"personasINE":169216,"porcentaje":0.951263473903177},{"rango":{"min":60,"max":69},"vacunados":132463,"personasINE":132463,"porcentaje":1},{"rango":{"min":70,"max":79},"vacunados":95837,"personasINE":95837,"porcentaje":1},{"rango":{"min":80,"max":null},"vacunados":78200,"personasINE":78200,"porcentaje":1}]},"pautaCompleta":{"etarioTotal":{"vacunados":845629,"personasINE":953437,"porcentaje":0.8869269810170992},"etarioRangos":[{"rango":{"min":12,"max":19},"vacunados":51248,"personasINE":84750,"porcentaje":0.7258206847864455},{"rango":{"min":20,"max":29},"vacunados":82250,"personasINE":113320,"porcentaje":0.8963471980137184},{"rango":{"min":30,"max":39},"vacunados":106900,"personasINE":133479,"porcentaje":0.8963471980137184},{"rango":{"min":40,"max":49},"vacunados":142962,"personasINE":159494,"porcentaje":0.8963471980137184},{"rango":{"min":50,"max":59},"vacunados":159274,"personasINE":169216,"porcentaje":0.9412466906202723},{"rango":{"min":60,"max":69},"vacunados":130694,"personasINE":125297.00000000001,"porcentaje":1.0430736569909893},{"rango":{"min":70,"max":79},"vacunados":95140,"personasINE":95140,"porcentaje":1},{"rango":{"min":80,"max":null},"vacunados":77161,"personasINE":77161,"porcentaje":1}]}}},{"ccaa":"Galicia","dosisAdministradas":4227446,"dosisEntregadas":4305879,"dosisEntregadasModerna":507400,"dosisEntregadasPfizer":3102379,"dosisEntregadasAstrazeneca":573400,"dosisEntregadasJanssen":122700,"dosisPrimeraDosis":2285548,"dosisPautaCompletada":2146897,"porcentajeEntregadas":0.9817846716082825,"porcentajePoblacionAdministradas":1.564666619044429,"porcentajePoblacionPrimeraDosis":0.8459293535207206,"porcentajePoblacionCompletas":0.7946117041889187,"fechaUltRegistro":1631318400000,"etarios":{"unaDosis":{"etarioTotal":{"vacunados":2285548,"personasINE":2454497,"porcentaje":0.931167567122714},"etarioRangos":[{"rango":{"min":12,"max":19},"vacunados":162446,"personasINE":180007,"porcentaje":0.8369909213311918},{"rango":{"min":20,"max":29},"vacunados":193329,"personasINE":230981,"porcentaje":0.9128606270912254},{"rango":{"min":30,"max":39},"vacunados":259098,"personasINE":323408,"porcentaje":0.9128606270912254},{"rango":{"min":40,"max":49},"vacunados":404599,"personasINE":443221,"porcentaje":0.9128606270912254},{"rango":{"min":50,"max":59},"vacunados":388952,"personasINE":405889,"porcentaje":0.9582718427944585},{"rango":{"min":60,"max":69},"vacunados":344356,"personasINE":346927,"porcentaje":0.9925892190576115},{"rango":{"min":70,"max":79},"vacunados":290840,"personasINE":290840,"porcentaje":1},{"rango":{"min":80,"max":null},"vacunados":241928,"personasINE":241928,"porcentaje":1}]},"pautaCompleta":{"etarioTotal":{"vacunados":2146897,"personasINE":2454497,"porcentaje":0.8746790075522602},"etarioRangos":[{"rango":{"min":12,"max":19},"vacunados":66345,"personasINE":180007,"porcentaje":0.772544062065711},{"rango":{"min":20,"max":29},"vacunados":178443,"personasINE":230981,"porcentaje":0.8992669571162016},{"rango":{"min":30,"max":39},"vacunados":246537,"personasINE":323408,"porcentaje":0.8992669571162016},{"rango":{"min":40,"max":49},"vacunados":398574,"personasINE":443221,"porcentaje":0.8992669571162016},{"rango":{"min":50,"max":59},"vacunados":385753,"personasINE":405889,"porcentaje":0.9503903776648296},{"rango":{"min":60,"max":69},"vacunados":341741,"personasINE":346927,"porcentaje":0.9850516102811254},{"rango":{"min":70,"max":79},"vacunados":289325,"personasINE":289762,"porcentaje":0.9984918657380885},{"rango":{"min":80,"max":null},"vacunados":240179,"personasINE":240179,"porcentaje":1}]}}},{"ccaa":"La Rioja","dosisAdministradas":460677,"dosisEntregadas":505885,"dosisEntregadasModerna":67600,"dosisEntregadasPfizer":369785,"dosisEntregadasAstrazeneca":53300,"dosisEntregadasJanssen":15200,"dosisPrimeraDosis":253527,"dosisPautaCompletada":240369,"porcentajeEntregadas":0.9106358164404954,"porcentajePoblacionAdministradas":1.4400026257056584,"porcentajePoblacionPrimeraDosis":0.7924848553048632,"porcentajePoblacionCompletas":0.7513550516701364,"fechaUltRegistro":1631232000000,"etarios":{"unaDosis":{"etarioTotal":{"vacunados":253527,"personasINE":283970,"porcentaje":0.8927950135577701},"etarioRangos":[{"rango":{"min":12,"max":19},"vacunados":19589,"personasINE":25532,"porcentaje":0.7263773064547902},{"rango":{"min":20,"max":29},"vacunados":22124,"personasINE":30458.000000000004,"porcentaje":0.8865469242827734},{"rango":{"min":30,"max":39},"vacunados":29914,"personasINE":39319,"porcentaje":0.8865469242827734},{"rango":{"min":40,"max":49},"vacunados":46940,"personasINE":52947,"porcentaje":0.8865469242827734},{"rango":{"min":50,"max":59},"vacunados":45105,"personasINE":47664,"porcentaje":0.9463116817724069},{"rango":{"min":60,"max":69},"vacunados":37886,"personasINE":37886,"porcentaje":1},{"rango":{"min":70,"max":79},"vacunados":28624,"personasINE":28624,"porcentaje":1},{"rango":{"min":80,"max":null},"vacunados":23345,"personasINE":23345,"porcentaje":1}]},"pautaCompleta":{"etarioTotal":{"vacunados":240369,"personasINE":283970,"porcentaje":0.8464591330070078},"etarioRangos":[{"rango":{"min":12,"max":19},"vacunados":14135,"personasINE":25532.000000000004,"porcentaje":0.6483354126994549},{"rango":{"min":20,"max":29},"vacunados":19747,"personasINE":30458.000000000004,"porcentaje":0.8612574838989934},{"rango":{"min":30,"max":39},"vacunados":27946,"personasINE":39319,"porcentaje":0.8612574838989934},{"rango":{"min":40,"max":49},"vacunados":45601,"personasINE":52947,"porcentaje":0.8612574838989934},{"rango":{"min":50,"max":59},"vacunados":44179,"personasINE":47664,"porcentaje":0.9268840214837194},{"rango":{"min":60,"max":69},"vacunados":37127,"personasINE":37718,"porcentaje":0.9843310886049101},{"rango":{"min":70,"max":79},"vacunados":28506,"personasINE":28506,"porcentaje":1},{"rango":{"min":80,"max":null},"vacunados":23128,"personasINE":23128,"porcentaje":1}]}}},{"ccaa":"Madrid","dosisAdministradas":9391925,"dosisEntregadas":10850729,"dosisEntregadasModerna":1645800,"dosisEntregadasPfizer":7602579,"dosisEntregadasAstrazeneca":1220900,"dosisEntregadasJanssen":381450,"dosisPrimeraDosis":5207715,"dosisPautaCompletada":4861831,"porcentajeEntregadas":0.8655570515123915,"porcentajePoblacionAdministradas":1.3852625589095278,"porcentajePoblacionPrimeraDosis":0.7681122461020005,"porcentajePoblacionCompletas":0.7170960641237731,"fechaUltRegistro":1631404800000,"etarios":{"unaDosis":{"etarioTotal":{"vacunados":5207715,"personasINE":5977937,"porcentaje":0.8711558853832015},"etarioRangos":[{"rango":{"min":12,"max":19},"vacunados":411688,"personasINE":553542,"porcentaje":0.7554907572645544},{"rango":{"min":20,"max":29},"vacunados":560933,"personasINE":742475,"porcentaje":0.870115980586138},{"rango":{"min":30,"max":39},"vacunados":718570,"personasINE":949640,"porcentaje":0.870115980586138},{"rango":{"min":40,"max":49},"vacunados":1014530,"personasINE":1165971,"porcentaje":0.870115980586138},{"rango":{"min":50,"max":59},"vacunados":932957,"personasINE":972783,"porcentaje":0.959059728634238},{"rango":{"min":60,"max":69},"vacunados":685467,"personasINE":703323,"porcentaje":0.9746119492750841},{"rango":{"min":70,"max":79},"vacunados":510055,"personasINE":526081,"porcentaje":0.9695370104603663},{"rango":{"min":80,"max":null},"vacunados":373515,"personasINE":373515,"porcentaje":1}]},"pautaCompleta":{"etarioTotal":{"vacunados":4861831,"personasINE":5977937,"porcentaje":0.8132957908388797},"etarioRangos":[{"rango":{"min":12,"max":19},"vacunados":276905,"personasINE":553542,"porcentaje":0.6555493450957944},{"rango":{"min":20,"max":29},"vacunados":486729,"personasINE":742475,"porcentaje":0.837347584116586},{"rango":{"min":30,"max":39},"vacunados":657176,"personasINE":949640.0000000001,"porcentaje":0.837347584116586},{"rango":{"min":40,"max":49},"vacunados":976323,"personasINE":1165971,"porcentaje":0.837347584116586},{"rango":{"min":50,"max":59},"vacunados":918746,"personasINE":972783,"porcentaje":0.9444511263046332},{"rango":{"min":60,"max":69},"vacunados":669129,"personasINE":703323,"porcentaje":0.9513822240990271},{"rango":{"min":70,"max":79},"vacunados":506942,"personasINE":526081,"porcentaje":0.9636196707351149},{"rango":{"min":80,"max":null},"vacunados":369881,"personasINE":369881,"porcentaje":1}]}}},{"ccaa":"Murcia","dosisAdministradas":2153224,"dosisEntregadas":2407265,"dosisEntregadasModerna":398000,"dosisEntregadasPfizer":1687865,"dosisEntregadasAstrazeneca":253100,"dosisEntregadasJanssen":68300,"dosisPrimeraDosis":1164876,"dosisPautaCompletada":1108795,"porcentajeEntregadas":0.894469034360571,"porcentajePoblacionAdministradas":1.4247957486876766,"porcentajePoblacionPrimeraDosis":0.7708024676245044,"porcentajePoblacionCompletas":0.7336934764642008,"fechaUltRegistro":1631404800000,"etarios":{"unaDosis":{"etarioTotal":{"vacunados":1164876,"personasINE":1310137,"porcentaje":0.8891253357473302},"etarioRangos":[{"rango":{"min":12,"max":19},"vacunados":112284,"personasINE":141894,"porcentaje":0.7761018995866426},{"rango":{"min":20,"max":29},"vacunados":133682,"personasINE":172248,"porcentaje":0.8972328127889454},{"rango":{"min":30,"max":39},"vacunados":160764,"personasINE":209003,"porcentaje":0.8972328127889454},{"rango":{"min":40,"max":49},"vacunados":228038,"personasINE":254157,"porcentaje":0.8972328127889454},{"rango":{"min":50,"max":59},"vacunados":205819,"personasINE":213256,"porcentaje":0.96512642082755},{"rango":{"min":60,"max":69},"vacunados":147414,"personasINE":147414,"porcentaje":1},{"rango":{"min":70,"max":79},"vacunados":103012,"personasINE":103012,"porcentaje":1},{"rango":{"min":80,"max":null},"vacunados":73863,"personasINE":73863,"porcentaje":1}]},"pautaCompleta":{"etarioTotal":{"vacunados":1108795,"personasINE":1310137,"porcentaje":0.8463198886833972},"etarioRangos":[{"rango":{"min":12,"max":19},"vacunados":96282,"personasINE":141894,"porcentaje":0.7072999396219405},{"rango":{"min":20,"max":29},"vacunados":121831,"personasINE":172248,"porcentaje":0.8698402955653395},{"rango":{"min":30,"max":39},"vacunados":151214,"personasINE":209003.00000000003,"porcentaje":0.8698402955653395},{"rango":{"min":40,"max":49},"vacunados":221076,"personasINE":254157.00000000003,"porcentaje":0.8698402955653395},{"rango":{"min":50,"max":59},"vacunados":202228,"personasINE":213256,"porcentaje":0.9482875042202799},{"rango":{"min":60,"max":69},"vacunados":142976,"personasINE":146909,"porcentaje":0.9732283250175279},{"rango":{"min":70,"max":79},"vacunados":100495,"personasINE":102899,"porcentaje":0.9766372851048115},{"rango":{"min":80,"max":null},"vacunados":72693,"personasINE":72693,"porcentaje":1}]}}},{"ccaa":"Navarra","dosisAdministradas":952170,"dosisEntregadas":1055175,"dosisEntregadasModerna":151500,"dosisEntregadasPfizer":734325,"dosisEntregadasAstrazeneca":136600,"dosisEntregadasJanssen":32750,"dosisPrimeraDosis":516207,"dosisPautaCompletada":498706,"porcentajeEntregadas":0.902381121614898,"porcentajePoblacionAdministradas":1.4400700547643137,"porcentajePoblacionPrimeraDosis":0.7807158834658959,"porcentajePoblacionCompletas":0.7542472213273805,"fechaUltRegistro":1631404800000,"etarios":{"unaDosis":{"etarioTotal":{"vacunados":516207,"personasINE":581354,"porcentaje":0.8879391902352095},"etarioRangos":[{"rango":{"min":12,"max":19},"vacunados":44673,"personasINE":56388,"porcentaje":0.7806449718907335},{"rango":{"min":20,"max":29},"vacunados":53183,"personasINE":68127,"porcentaje":0.8743449195385271},{"rango":{"min":30,"max":39},"vacunados":62200,"personasINE":81341,"porcentaje":0.8743449195385271},{"rango":{"min":40,"max":49},"vacunados":94431,"personasINE":108002,"porcentaje":0.8743449195385271},{"rango":{"min":50,"max":59},"vacunados":91408,"personasINE":96694,"porcentaje":0.9453326990299294},{"rango":{"min":60,"max":69},"vacunados":72003,"personasINE":73844,"porcentaje":0.9750690645143817},{"rango":{"min":70,"max":79},"vacunados":55829,"personasINE":55829,"porcentaje":1},{"rango":{"min":80,"max":null},"vacunados":42480,"personasINE":42480,"porcentaje":1}]},"pautaCompleta":{"etarioTotal":{"vacunados":498706,"personasINE":581354,"porcentaje":0.8578353292486162},"etarioRangos":[{"rango":{"min":12,"max":19},"vacunados":39043,"personasINE":56388,"porcentaje":0.7208448926270055},{"rango":{"min":20,"max":29},"vacunados":49109,"personasINE":68127,"porcentaje":0.8526508768356141},{"rango":{"min":30,"max":39},"vacunados":59384,"personasINE":81341,"porcentaje":0.8526508768356141},{"rango":{"min":40,"max":49},"vacunados":92088,"personasINE":108002,"porcentaje":0.8526508768356141},{"rango":{"min":50,"max":59},"vacunados":90260,"personasINE":96694,"porcentaje":0.9334601940141064},{"rango":{"min":60,"max":69},"vacunados":71101,"personasINE":73844,"porcentaje":0.9628541249119766},{"rango":{"min":70,"max":79},"vacunados":55652,"personasINE":55792,"porcentaje":0.9974906796673358},{"rango":{"min":80,"max":null},"vacunados":42069,"personasINE":42069,"porcentaje":1}]}}},{"ccaa":"País Vasco","dosisAdministradas":3239430,"dosisEntregadas":3566050,"dosisEntregadasModerna":526100,"dosisEntregadasPfizer":2484900,"dosisEntregadasAstrazeneca":444200,"dosisEntregadasJanssen":110850,"dosisPrimeraDosis":1775557,"dosisPautaCompletada":1678662,"porcentajeEntregadas":0.9084084631454972,"porcentajePoblacionAdministradas":1.4588714994433696,"porcentajePoblacionPrimeraDosis":0.799618915345345,"porcentajePoblacionCompletas":0.7559824256114828,"fechaUltRegistro":1631404800000,"etarios":{"unaDosis":{"etarioTotal":{"vacunados":1775557,"personasINE":1983943,"porcentaje":0.8949637161954753},"etarioRangos":[{"rango":{"min":12,"max":19},"vacunados":134251,"personasINE":168606,"porcentaje":0.7491043694860421},{"rango":{"min":20,"max":29},"vacunados":150970,"personasINE":201534,"porcentaje":0.8749437361411415},{"rango":{"min":30,"max":39},"vacunados":196276,"personasINE":260542.99999999997,"porcentaje":0.8749437361411415},{"rango":{"min":40,"max":49},"vacunados":316846,"personasINE":362133,"porcentaje":0.8749437361411415},{"rango":{"min":50,"max":59},"vacunados":321828,"personasINE":339977,"porcentaje":0.9466169770307992},{"rango":{"min":60,"max":69},"vacunados":277841,"personasINE":280119,"porcentaje":0.991867741923968},{"rango":{"min":70,"max":79},"vacunados":213522,"personasINE":213522,"porcentaje":1},{"rango":{"min":80,"max":null},"vacunados":164023,"personasINE":164023,"porcentaje":1}]},"pautaCompleta":{"etarioTotal":{"vacunados":1678662,"personasINE":1983943,"porcentaje":0.8461241073962307},"etarioRangos":[{"rango":{"min":12,"max":19},"vacunados":91900,"personasINE":168606.00000000003,"porcentaje":0.645995216688003},{"rango":{"min":20,"max":29},"vacunados":130190,"personasINE":201534,"porcentaje":0.8590738761725665},{"rango":{"min":30,"max":39},"vacunados":182182,"personasINE":260543.00000000003,"porcentaje":0.8590738761725665},{"rango":{"min":40,"max":49},"vacunados":311099,"personasINE":362133,"porcentaje":0.8590738761725665},{"rango":{"min":50,"max":59},"vacunados":318092,"personasINE":339977,"porcentaje":0.9356279983645952},{"rango":{"min":60,"max":69},"vacunados":271658,"personasINE":280119,"porcentaje":0.9697949799906468},{"rango":{"min":70,"max":79},"vacunados":211844,"personasINE":213081,"porcentaje":0.9941946959137605},{"rango":{"min":80,"max":null},"vacunados":161697,"personasINE":157950,"porcentaje":1.0237226970560305}]}}},{"ccaa":"Ceuta","dosisAdministradas":107049,"dosisEntregadas":140230,"dosisEntregadasModerna":22400,"dosisEntregadasPfizer":95580,"dosisEntregadasAstrazeneca":18100,"dosisEntregadasJanssen":4150,"dosisPrimeraDosis":59086,"dosisPautaCompletada":54953,"porcentajeEntregadas":0.7633815873921415,"porcentajePoblacionAdministradas":1.2713355977292702,"porcentajePoblacionPrimeraDosis":0.7017172988765112,"porcentajePoblacionCompletas":0.6526329540866013,"fechaUltRegistro":1631232000000,"etarios":{"unaDosis":{"etarioTotal":{"vacunados":59086,"personasINE":70965,"porcentaje":0.8326076234763616},"etarioRangos":[{"rango":{"min":12,"max":19},"vacunados":7064,"personasINE":9126,"porcentaje":0.7456004376766664},{"rango":{"min":20,"max":29},"vacunados":8177,"personasINE":10967,"porcentaje":0.859595000791014},{"rango":{"min":30,"max":39},"vacunados":8710,"personasINE":11894,"porcentaje":0.859595000791014},{"rango":{"min":40,"max":49},"vacunados":10867,"personasINE":12642,"porcentaje":0.859595000791014},{"rango":{"min":50,"max":59},"vacunados":10408,"personasINE":11556,"porcentaje":0.9006576670128073},{"rango":{"min":60,"max":69},"vacunados":7588,"personasINE":7857,"porcentaje":0.9657630138729795},{"rango":{"min":70,"max":79},"vacunados":3879,"personasINE":4318,"porcentaje":0.8983325613710051},{"rango":{"min":80,"max":null},"vacunados":2393,"personasINE":2605,"porcentaje":0.9186180422264876}]},"pautaCompleta":{"etarioTotal":{"vacunados":54953,"personasINE":70965,"porcentaje":0.7743676460226873},"etarioRangos":[{"rango":{"min":12,"max":19},"vacunados":5505,"personasINE":9126,"porcentaje":0.6617124099571442},{"rango":{"min":20,"max":29},"vacunados":7257,"personasINE":10967,"porcentaje":0.8251858883088119},{"rango":{"min":30,"max":39},"vacunados":8058,"personasINE":11894,"porcentaje":0.8251858883088119},{"rango":{"min":40,"max":49},"vacunados":10432,"personasINE":12642,"porcentaje":0.8251858883088119},{"rango":{"min":50,"max":59},"vacunados":10148,"personasINE":11556,"porcentaje":0.8781585323641399},{"rango":{"min":60,"max":69},"vacunados":7358,"personasINE":7857,"porcentaje":0.9364897543591701},{"rango":{"min":70,"max":79},"vacunados":3830,"personasINE":4318,"porcentaje":0.8869847151459008},{"rango":{"min":80,"max":null},"vacunados":2365,"personasINE":2605,"porcentaje":0.9078694817658349}]}}},{"ccaa":"Melilla","dosisAdministradas":97879,"dosisEntregadas":141100,"dosisEntregadasModerna":23500,"dosisEntregadasPfizer":96750,"dosisEntregadasAstrazeneca":15100,"dosisEntregadasJanssen":5750,"dosisPrimeraDosis":55158,"dosisPautaCompletada":51806,"porcentajeEntregadas":0.6936853295535081,"porcentajePoblacionAdministradas":1.124064036014516,"porcentajePoblacionPrimeraDosis":0.6334466443107171,"porcentajePoblacionCompletas":0.5949515365887271,"fechaUltRegistro":1631232000000,"etarios":{"unaDosis":{"etarioTotal":{"vacunados":55158,"personasINE":70927,"porcentaje":0.7776728185317298},"etarioRangos":[{"rango":{"min":12,"max":19},"vacunados":6989,"personasINE":9574,"porcentaje":0.6723634847853273},{"rango":{"min":20,"max":29},"vacunados":8065,"personasINE":11995,"porcentaje":0.8218630228295284},{"rango":{"min":30,"max":39},"vacunados":8282,"personasINE":12133,"porcentaje":0.8218630228295284},{"rango":{"min":40,"max":49},"vacunados":9864,"personasINE":12002,"porcentaje":0.8218630228295284},{"rango":{"min":50,"max":59},"vacunados":9559,"personasINE":11299,"porcentaje":0.8460040711567396},{"rango":{"min":60,"max":69},"vacunados":7095,"personasINE":7827,"porcentaje":0.9064775776159448},{"rango":{"min":70,"max":79},"vacunados":3300,"personasINE":3748,"porcentaje":0.880469583778015},{"rango":{"min":80,"max":null},"vacunados":2004,"personasINE":2349,"porcentaje":0.8531289910600255}]},"pautaCompleta":{"etarioTotal":{"vacunados":51806,"personasINE":70927,"porcentaje":0.7304129598037419},"etarioRangos":[{"rango":{"min":12,"max":19},"vacunados":5799,"personasINE":9574,"porcentaje":0.5993330554397666},{"rango":{"min":20,"max":29},"vacunados":7189,"personasINE":11995,"porcentaje":0.7992001333111148},{"rango":{"min":30,"max":39},"vacunados":7819,"personasINE":12133,"porcentaje":0.7992001333111148},{"rango":{"min":40,"max":49},"vacunados":9592,"personasINE":12002,"porcentaje":0.7992001333111148},{"rango":{"min":50,"max":59},"vacunados":9329,"personasINE":11299,"porcentaje":0.8256482874590672},{"rango":{"min":60,"max":69},"vacunados":6906,"personasINE":7827,"porcentaje":0.8823303947872748},{"rango":{"min":70,"max":79},"vacunados":3222,"personasINE":3748,"porcentaje":0.8596584845250801},{"rango":{"min":80,"max":null},"vacunados":1950,"personasINE":2349,"porcentaje":0.8301404853128991}]}}},{"ccaa":"Fuerzas Armadas","dosisAdministradas":170797,"dosisEntregadas":212238,"dosisEntregadasModerna":58300,"dosisEntregadasPfizer":48138,"dosisEntregadasAstrazeneca":103800,"dosisEntregadasJanssen":2000,"dosisPrimeraDosis":91704,"dosisPautaCompletada":85349,"porcentajeEntregadas":0.8047427887560192,"porcentajePoblacionAdministradas":null,"porcentajePoblacionPrimeraDosis":null,"porcentajePoblacionCompletas":null,"fechaUltRegistro":1631232000000},{"ccaa":"Sanidad Exterior","dosisAdministradas":5208,"dosisEntregadas":7415,"dosisEntregadasModerna":4630,"dosisEntregadasPfizer":0,"dosisEntregadasAstrazeneca":0,"dosisEntregadasJanssen":2785,"dosisPrimeraDosis":3805,"dosisPautaCompletada":3540,"porcentajeEntregadas":0.70236008091706,"porcentajePoblacionAdministradas":null,"porcentajePoblacionPrimeraDosis":null,"porcentajePoblacionCompletas":null,"fechaUltRegistro":1631232000000,"etarios":{"unaDosis":{"etarioTotal":{"vacunados":3805,"personasINE":"-","porcentaje":"-"},"etarioRangos":[{"rango":{"min":12,"max":19},"vacunados":146,"personasINE":null,"porcentaje":"-"},{"rango":{"min":20,"max":29},"vacunados":956,"personasINE":null,"porcentaje":"-"},{"rango":{"min":30,"max":39},"vacunados":1055,"personasINE":null,"porcentaje":"-"},{"rango":{"min":40,"max":49},"vacunados":944,"personasINE":null,"porcentaje":"-"},{"rango":{"min":50,"max":59},"vacunados":491,"personasINE":null,"porcentaje":"-"},{"rango":{"min":60,"max":69},"vacunados":170,"personasINE":null,"porcentaje":"-"},{"rango":{"min":70,"max":79},"vacunados":22,"personasINE":null,"porcentaje":"-"},{"rango":{"min":80,"max":null},"vacunados":21,"personasINE":null,"porcentaje":"-"}]},"pautaCompleta":{"etarioTotal":{"vacunados":3540,"personasINE":"-","porcentaje":"-"},"etarioRangos":[{"rango":{"min":12,"max":19},"vacunados":97,"personasINE":null,"porcentaje":"-"},{"rango":{"min":20,"max":29},"vacunados":879,"personasINE":null,"porcentaje":"-"},{"rango":{"min":30,"max":39},"vacunados":986,"personasINE":null,"porcentaje":"-"},{"rango":{"min":40,"max":49},"vacunados":900,"personasINE":null,"porcentaje":"-"},{"rango":{"min":50,"max":59},"vacunados":479,"personasINE":null,"porcentaje":"-"},{"rango":{"min":60,"max":69},"vacunados":159,"personasINE":null,"porcentaje":"-"},{"rango":{"min":70,"max":79},"vacunados":21,"personasINE":null,"porcentaje":"-"},{"rango":{"min":80,"max":null},"vacunados":19,"personasINE":null,"porcentaje":"-"}]}}},{"ccaa":"Totales","dosisAdministradas":68486683,"dosisEntregadas":75672061,"dosisEntregadasModerna":10752730,"dosisEntregadasPfizer":52895871,"dosisEntregadasAstrazeneca":9467700,"dosisEntregadasJanssen":2555760,"dosisPrimeraDosis":37216507,"dosisPautaCompletada":35300384,"porcentajeEntregadas":0.9050458266228536,"porcentajePoblacionAdministradas":1.4590260545377076,"porcentajePoblacionPrimeraDosis":0.7928527268853856,"porcentajePoblacionCompletas":0.7520320409032808,"fechaUltRegistro":null,"etarios":{"unaDosis":{"etarioTotal":{"vacunados":37216507,"personasINE":42119827,"porcentaje":0.8835864164399345},"etarioRangos":[{"rango":{"min":12,"max":19},"vacunados":3081169,"personasINE":3888686,"porcentaje":0.7608839066140305},{"rango":{"min":20,"max":29},"vacunados":3762297,"personasINE":4944640,"porcentaje":0.8719564526795558},{"rango":{"min":30,"max":39},"vacunados":4736569,"personasINE":6230403,"porcentaje":0.8719564526795558},{"rango":{"min":40,"max":49},"vacunados":6881251,"personasINE":7891737,"porcentaje":0.8719564526795558},{"rango":{"min":50,"max":59},"vacunados":6632088,"personasINE":7033306,"porcentaje":0.9429545650366983},{"rango":{"min":60,"max":69},"vacunados":5253296,"personasINE":5336986,"porcentaje":0.984318864617595},{"rango":{"min":70,"max":79},"vacunados":3936107,"personasINE":3960045,"porcentaje":0.9939551191968778},{"rango":{"min":80,"max":null},"vacunados":2933730,"personasINE":2933730,"porcentaje":1}]},"pautaCompleta":{"etarioTotal":{"vacunados":35300384,"personasINE":42119827,"porcentaje":0.8380942305389811},"etarioRangos":[{"rango":{"min":12,"max":19},"vacunados":2271101,"personasINE":3888686,"porcentaje":0.6862728125808957},{"rango":{"min":20,"max":29},"vacunados":3393372,"personasINE":4944640,"porcentaje":0.8500667216862396},{"rango":{"min":30,"max":39},"vacunados":4436173,"personasINE":6230403,"porcentaje":0.8500667216862396},{"rango":{"min":40,"max":49},"vacunados":6708503,"personasINE":7891737,"porcentaje":0.8500667216862396},{"rango":{"min":50,"max":59},"vacunados":6537358,"personasINE":7033306,"porcentaje":0.9294857923144535},{"rango":{"min":60,"max":69},"vacunados":5151937,"personasINE":5336986,"porcentaje":0.9653270591303781},{"rango":{"min":70,"max":79},"vacunados":3905620,"personasINE":3960045,"porcentaje":0.9862564693077983},{"rango":{"min":80,"max":null},"vacunados":2896320,"personasINE":2896320,"porcentaje":1}]}}}]