[{"ccaa":"Andalucía","dosisAdministradas":12911991,"dosisEntregadas":13316870,"dosisEntregadasModerna":2019500,"dosisEntregadasPfizer":9434970,"dosisEntregadasAstrazeneca":1528900,"dosisEntregadasJanssen":333500,"dosisPrimeraDosis":6837216,"dosisPautaCompletada":6728587,"porcentajeEntregadas":0.9695965343207525,"porcentajePoblacionAdministradas":1.5254447119829129,"porcentajePoblacionPrimeraDosis":0.8077603982131775,"porcentajePoblacionCompletas":0.7949267822651807,"fechaUltRegistro":1635033600000,"etarios":{"unaDosis":{"etarioTotal":{"vacunados":6837216,"personasINE":7451975,"porcentaje":0.9175038831987493},"etarioRangos":[{"rango":{"min":12,"max":19},"vacunados":664530,"personasINE":752907,"porcentaje":0.8228954894731402},{"rango":{"min":20,"max":29},"vacunados":764200,"personasINE":928672,"porcentaje":0.9020780960989493},{"rango":{"min":30,"max":39},"vacunados":927810,"personasINE":1140217,"porcentaje":0.9020780960989493},{"rango":{"min":40,"max":49},"vacunados":1249481,"personasINE":1385114,"porcentaje":0.9020780960989493},{"rango":{"min":50,"max":59},"vacunados":1215079,"personasINE":1265021,"porcentaje":0.9605208134884717},{"rango":{"min":60,"max":69},"vacunados":928859,"personasINE":928859,"porcentaje":1},{"rango":{"min":70,"max":79},"vacunados":653497,"personasINE":653497,"porcentaje":1},{"rango":{"min":80,"max":null},"vacunados":433760,"personasINE":433760,"porcentaje":1}]},"pautaCompleta":{"etarioTotal":{"vacunados":6728587,"personasINE":7451975,"porcentaje":0.9029266738012406},"etarioRangos":[{"rango":{"min":12,"max":19},"vacunados":646640,"personasINE":752907,"porcentaje":0.795100961372799},{"rango":{"min":20,"max":29},"vacunados":738388,"personasINE":928672.0000000001,"porcentaje":0.8919431902356052},{"rango":{"min":30,"max":39},"vacunados":904585,"personasINE":1140217,"porcentaje":0.8919431902356052},{"rango":{"min":40,"max":49},"vacunados":1235443,"personasINE":1385114,"porcentaje":0.8919431902356052},{"rango":{"min":50,"max":59},"vacunados":1205226,"personasINE":1265021,"porcentaje":0.952732009982443},{"rango":{"min":60,"max":69},"vacunados":920764,"personasINE":916147,"porcentaje":1.005039584258858},{"rango":{"min":70,"max":79},"vacunados":649112,"personasINE":650381,"porcentaje":0.9980488359899813},{"rango":{"min":80,"max":null},"vacunados":428429,"personasINE":428429,"porcentaje":1}]}}},{"ccaa":"Aragón","dosisAdministradas":2004019,"dosisEntregadas":2136845,"dosisEntregadasModerna":275200,"dosisEntregadasPfizer":1531845,"dosisEntregadasAstrazeneca":265100,"dosisEntregadasJanssen":64700,"dosisPrimeraDosis":1065702,"dosisPautaCompletada":1046295,"porcentajeEntregadas":0.9378401334677995,"porcentajePoblacionAdministradas":1.5074714662578579,"porcentajePoblacionPrimeraDosis":0.8016467690844906,"porcentajePoblacionCompletas":0.7870483552243095,"fechaUltRegistro":1634947200000,"etarios":{"unaDosis":{"etarioTotal":{"vacunados":1065702,"personasINE":1185134,"porcentaje":0.8992248977752727},"etarioRangos":[{"rango":{"min":12,"max":19},"vacunados":87916,"personasINE":103109,"porcentaje":0.794901879586813},{"rango":{"min":20,"max":29},"vacunados":103656,"personasINE":130401,"porcentaje":0.8733199034162545},{"rango":{"min":30,"max":39},"vacunados":125392,"personasINE":164286,"porcentaje":0.8733199034162545},{"rango":{"min":40,"max":49},"vacunados":187714,"personasINE":214943,"porcentaje":0.8733199034162545},{"rango":{"min":50,"max":59},"vacunados":185952,"personasINE":198266,"porcentaje":0.9378915194738382},{"rango":{"min":60,"max":69},"vacunados":154537,"personasINE":156367,"porcentaje":0.9882967633835784},{"rango":{"min":70,"max":79},"vacunados":119274,"personasINE":119274,"porcentaje":1},{"rango":{"min":80,"max":null},"vacunados":101261,"personasINE":101261,"porcentaje":1}]},"pautaCompleta":{"etarioTotal":{"vacunados":1046295,"personasINE":1185134,"porcentaje":0.8828495343142632},"etarioRangos":[{"rango":{"min":12,"max":19},"vacunados":84857,"personasINE":103109,"porcentaje":0.7651551751903743},{"rango":{"min":20,"max":29},"vacunados":99777,"personasINE":130401,"porcentaje":0.860925919895042},{"rango":{"min":30,"max":39},"vacunados":121813,"personasINE":164286,"porcentaje":0.860925919895042},{"rango":{"min":40,"max":49},"vacunados":185050,"personasINE":214943,"porcentaje":0.860925919895042},{"rango":{"min":50,"max":59},"vacunados":183897,"personasINE":198266,"porcentaje":0.9275266561084603},{"rango":{"min":60,"max":69},"vacunados":152484,"personasINE":156367,"porcentaje":0.9751673946548824},{"rango":{"min":70,"max":79},"vacunados":118508,"personasINE":118955,"porcentaje":0.9962422764911101},{"rango":{"min":80,"max":null},"vacunados":99909,"personasINE":99909,"porcentaje":1}]}}},{"ccaa":"Asturias","dosisAdministradas":1677703,"dosisEntregadas":1650625,"dosisEntregadasModerna":162000,"dosisEntregadasPfizer":1224725,"dosisEntregadasAstrazeneca":220900,"dosisEntregadasJanssen":43000,"dosisPrimeraDosis":873504,"dosisPautaCompletada":864580,"porcentajeEntregadas":1.0164046951912153,"porcentajePoblacionAdministradas":1.646770070986588,"porcentajePoblacionPrimeraDosis":0.8573986242422339,"porcentajePoblacionCompletas":0.8486391619813425,"fechaUltRegistro":1634860800000,"etarios":{"unaDosis":{"etarioTotal":{"vacunados":873504,"personasINE":933927,"porcentaje":0.9353022238354818},"etarioRangos":[{"rango":{"min":12,"max":19},"vacunados":60544,"personasINE":64000,"porcentaje":0.8422343289807991},{"rango":{"min":20,"max":29},"vacunados":66630,"personasINE":79111,"porcentaje":0.9021875168420234},{"rango":{"min":30,"max":39},"vacunados":90966,"personasINE":114450.99999999999,"porcentaje":0.9021875168420234},{"rango":{"min":40,"max":49},"vacunados":150659,"personasINE":166993,"porcentaje":0.9021875168420234},{"rango":{"min":50,"max":59},"vacunados":153190,"personasINE":162645,"porcentaje":0.9418672569092195},{"rango":{"min":60,"max":69},"vacunados":148196,"personasINE":149652,"porcentaje":0.9902707615000134},{"rango":{"min":70,"max":79},"vacunados":114361,"personasINE":114361,"porcentaje":1},{"rango":{"min":80,"max":null},"vacunados":88958,"personasINE":88958,"porcentaje":1}]},"pautaCompleta":{"etarioTotal":{"vacunados":864580,"personasINE":933927,"porcentaje":0.9257468731496145},"etarioRangos":[{"rango":{"min":12,"max":19},"vacunados":59269,"personasINE":64000,"porcentaje":0.8181921603822477},{"rango":{"min":20,"max":29},"vacunados":64728,"personasINE":79111,"porcentaje":0.896025581910619},{"rango":{"min":30,"max":39},"vacunados":89175,"personasINE":114451,"porcentaje":0.896025581910619},{"rango":{"min":40,"max":49},"vacunados":149630,"personasINE":166993,"porcentaje":0.896025581910619},{"rango":{"min":50,"max":59},"vacunados":152355,"personasINE":162645,"porcentaje":0.9367333763718528},{"rango":{"min":60,"max":69},"vacunados":147326,"personasINE":149652,"porcentaje":0.9844572742094994},{"rango":{"min":70,"max":79},"vacunados":113930,"personasINE":113930,"porcentaje":1},{"rango":{"min":80,"max":null},"vacunados":88167,"personasINE":88167,"porcentaje":1}]}}},{"ccaa":"Baleares","dosisAdministradas":1605357,"dosisEntregadas":1891250,"dosisEntregadasModerna":305100,"dosisEntregadasPfizer":1272150,"dosisEntregadasAstrazeneca":256400,"dosisEntregadasJanssen":57600,"dosisPrimeraDosis":855619,"dosisPautaCompletada":838207,"porcentajeEntregadas":0.8488338400528751,"porcentajePoblacionAdministradas":1.3702928531005691,"porcentajePoblacionPrimeraDosis":0.7303351221423371,"porcentajePoblacionCompletas":0.7154726715109903,"fechaUltRegistro":1635033600000,"etarios":{"unaDosis":{"etarioTotal":{"vacunados":855619,"personasINE":1034867,"porcentaje":0.8267912688297143},"etarioRangos":[{"rango":{"min":12,"max":19},"vacunados":74302,"personasINE":95480,"porcentaje":0.7012512505255832},{"rango":{"min":20,"max":29},"vacunados":96732,"personasINE":137942,"porcentaje":0.8116378557709097},{"rango":{"min":30,"max":39},"vacunados":126060,"personasINE":182187,"porcentaje":0.8116378557709097},{"rango":{"min":40,"max":49},"vacunados":167337,"personasINE":206172,"porcentaje":0.8116378557709097},{"rango":{"min":50,"max":59},"vacunados":150147,"personasINE":165797,"porcentaje":0.9056074597248442},{"rango":{"min":60,"max":69},"vacunados":110313,"personasINE":117231,"porcentaje":0.9409883051411316},{"rango":{"min":70,"max":79},"vacunados":79242,"personasINE":80516,"porcentaje":0.9841770579760545},{"rango":{"min":80,"max":null},"vacunados":51486,"personasINE":51486,"porcentaje":1}]},"pautaCompleta":{"etarioTotal":{"vacunados":838207,"personasINE":1034867,"porcentaje":0.8099659183257365},"etarioRangos":[{"rango":{"min":12,"max":19},"vacunados":71898,"personasINE":95480,"porcentaje":0.6715141146278871},{"rango":{"min":20,"max":29},"vacunados":92630,"personasINE":137942,"porcentaje":0.7985516947015113},{"rango":{"min":30,"max":39},"vacunados":121766,"personasINE":182187,"porcentaje":0.7985516947015113},{"rango":{"min":40,"max":49},"vacunados":164639,"personasINE":206172,"porcentaje":0.7985516947015113},{"rango":{"min":50,"max":59},"vacunados":148375,"personasINE":165797,"porcentaje":0.8949196909473633},{"rango":{"min":60,"max":69},"vacunados":109265,"personasINE":117231,"porcentaje":0.9320486901928671},{"rango":{"min":70,"max":79},"vacunados":78774,"personasINE":80516,"porcentaje":0.9783645486611356},{"rango":{"min":80,"max":null},"vacunados":50860,"personasINE":50860,"porcentaje":1}]}}},{"ccaa":"Canarias","dosisAdministradas":3155026,"dosisEntregadas":3522840,"dosisEntregadasModerna":574700,"dosisEntregadasPfizer":2358690,"dosisEntregadasAstrazeneca":455800,"dosisEntregadasJanssen":133650,"dosisPrimeraDosis":1677222,"dosisPautaCompletada":1636507,"porcentajeEntregadas":0.8955916249389697,"porcentajePoblacionAdministradas":1.4499520210004633,"porcentajePoblacionPrimeraDosis":0.7707991720405597,"porcentajePoblacionCompletas":0.7520878217901865,"fechaUltRegistro":1635033600000,"etarios":{"unaDosis":{"etarioTotal":{"vacunados":1677222,"personasINE":1960774,"porcentaje":0.8553877193394037},"etarioRangos":[{"rango":{"min":12,"max":19},"vacunados":152722,"personasINE":179797,"porcentaje":0.7455749400193845},{"rango":{"min":20,"max":29},"vacunados":187697,"personasINE":251747.99999999997,"porcentaje":0.8193073901073407},{"rango":{"min":30,"max":39},"vacunados":229365,"personasINE":310934,"porcentaje":0.8193073901073407},{"rango":{"min":40,"max":49},"vacunados":317829,"personasINE":387924,"porcentaje":0.8193073901073407},{"rango":{"min":50,"max":59},"vacunados":320667,"personasINE":350512,"porcentaje":0.9148531291368056},{"rango":{"min":60,"max":69},"vacunados":224485,"personasINE":235092,"porcentaje":0.9548814932026611},{"rango":{"min":70,"max":79},"vacunados":151402,"personasINE":154531,"porcentaje":0.9797516355941527},{"rango":{"min":80,"max":null},"vacunados":93055,"personasINE":93055,"porcentaje":1}]},"pautaCompleta":{"etarioTotal":{"vacunados":1636507,"personasINE":1960774,"porcentaje":0.8346229601167702},"etarioRangos":[{"rango":{"min":12,"max":19},"vacunados":143437,"personasINE":179797,"porcentaje":0.7047841492285937},{"rango":{"min":20,"max":29},"vacunados":177428,"personasINE":251748,"porcentaje":0.8076350006702344},{"rango":{"min":30,"max":39},"vacunados":221443,"personasINE":310934,"porcentaje":0.8076350006702344},{"rango":{"min":40,"max":49},"vacunados":313301,"personasINE":387924,"porcentaje":0.8076350006702344},{"rango":{"min":50,"max":59},"vacunados":318044,"personasINE":350512,"porcentaje":0.9073697904779294},{"rango":{"min":60,"max":69},"vacunados":220679,"personasINE":235092,"porcentaje":0.9386920865023055},{"rango":{"min":70,"max":79},"vacunados":150232,"personasINE":154531,"porcentaje":0.9721803392199624},{"rango":{"min":80,"max":null},"vacunados":91943,"personasINE":91943,"porcentaje":1}]}}},{"ccaa":"Cantabria","dosisAdministradas":920951,"dosisEntregadas":989605,"dosisEntregadasModerna":114900,"dosisEntregadasPfizer":727305,"dosisEntregadasAstrazeneca":125200,"dosisEntregadasJanssen":22200,"dosisPrimeraDosis":481975,"dosisPautaCompletada":475814,"porcentajeEntregadas":0.9306248452665458,"porcentajePoblacionAdministradas":1.5799332652833653,"porcentajePoblacionPrimeraDosis":0.8268500012866591,"porcentajePoblacionCompletas":0.8162805259862241,"fechaUltRegistro":1634860800000,"etarios":{"unaDosis":{"etarioTotal":{"vacunados":481975,"personasINE":524127,"porcentaje":0.9195767438044596},"etarioRangos":[{"rango":{"min":12,"max":19},"vacunados":39180,"personasINE":43963,"porcentaje":0.8132264132264132},{"rango":{"min":20,"max":29},"vacunados":41072,"personasINE":50505,"porcentaje":0.8998250979349283},{"rango":{"min":30,"max":39},"vacunados":54593,"personasINE":70473,"porcentaje":0.8998250979349283},{"rango":{"min":40,"max":49},"vacunados":87975,"personasINE":97769,"porcentaje":0.8998250979349283},{"rango":{"min":50,"max":59},"vacunados":84262,"personasINE":89964,"porcentaje":0.9366190920812769},{"rango":{"min":60,"max":69},"vacunados":76661,"personasINE":77345,"porcentaje":0.9911565065615101},{"rango":{"min":70,"max":79},"vacunados":55917,"personasINE":55917,"porcentaje":1},{"rango":{"min":80,"max":null},"vacunados":42315,"personasINE":42315,"porcentaje":1}]},"pautaCompleta":{"etarioTotal":{"vacunados":475814,"personasINE":524127,"porcentaje":0.9078219591816488},"etarioRangos":[{"rango":{"min":12,"max":19},"vacunados":37916,"personasINE":43963,"porcentaje":0.7896445896445896},{"rango":{"min":20,"max":29},"vacunados":39881,"personasINE":50505,"porcentaje":0.8900571755873539},{"rango":{"min":30,"max":39},"vacunados":53531,"personasINE":70473,"porcentaje":0.8900571755873539},{"rango":{"min":40,"max":49},"vacunados":87020,"personasINE":97769,"porcentaje":0.8900571755873539},{"rango":{"min":50,"max":59},"vacunados":83687,"personasINE":89964,"porcentaje":0.9302276466142012},{"rango":{"min":60,"max":69},"vacunados":76232,"personasINE":77345,"porcentaje":0.9856099295364923},{"rango":{"min":70,"max":79},"vacunados":55694,"personasINE":55694,"porcentaje":1},{"rango":{"min":80,"max":null},"vacunados":41853,"personasINE":41853,"porcentaje":1}]}}},{"ccaa":"Castilla y Leon","dosisAdministradas":3793355,"dosisEntregadas":3912325,"dosisEntregadasModerna":412400,"dosisEntregadasPfizer":2916525,"dosisEntregadasAstrazeneca":481200,"dosisEntregadasJanssen":102200,"dosisPrimeraDosis":1999544,"dosisPautaCompletada":1959795,"porcentajeEntregadas":0.9695909721201588,"porcentajePoblacionAdministradas":1.5839185308223496,"porcentajePoblacionPrimeraDosis":0.8349112579219832,"porcentajePoblacionCompletas":0.8183140299584369,"fechaUltRegistro":1634688000000,"etarios":{"unaDosis":{"etarioTotal":{"vacunados":1999544,"personasINE":2176253,"porcentaje":0.9188012606990088},"etarioRangos":[{"rango":{"min":12,"max":19},"vacunados":142750,"personasINE":165342,"porcentaje":0.8156118783352132},{"rango":{"min":20,"max":29},"vacunados":172099,"personasINE":211006,"porcentaje":0.8813008353862457},{"rango":{"min":30,"max":39},"vacunados":211575,"personasINE":267783,"porcentaje":0.8813008353862457},{"rango":{"min":40,"max":49},"vacunados":320181,"personasINE":363305,"porcentaje":0.8813008353862457},{"rango":{"min":50,"max":59},"vacunados":352744,"personasINE":381175,"porcentaje":0.9254122122384731},{"rango":{"min":60,"max":69},"vacunados":320391,"personasINE":320391,"porcentaje":1},{"rango":{"min":70,"max":79},"vacunados":250482,"personasINE":250482,"porcentaje":1},{"rango":{"min":80,"max":null},"vacunados":229322,"personasINE":229322,"porcentaje":1}]},"pautaCompleta":{"etarioTotal":{"vacunados":1959795,"personasINE":2176253,"porcentaje":0.9005363806505953},"etarioRangos":[{"rango":{"min":12,"max":19},"vacunados":132489,"personasINE":165342,"porcentaje":0.7799872989393667},{"rango":{"min":20,"max":29},"vacunados":164582,"personasINE":211006,"porcentaje":0.8675713243693316},{"rango":{"min":30,"max":39},"vacunados":205351,"personasINE":267783,"porcentaje":0.8675713243693316},{"rango":{"min":40,"max":49},"vacunados":315193,"personasINE":363305,"porcentaje":0.8675713243693316},{"rango":{"min":50,"max":59},"vacunados":348574,"personasINE":381175,"porcentaje":0.9144723552174199},{"rango":{"min":60,"max":69},"vacunados":317701,"personasINE":318575,"porcentaje":0.997256532998509},{"rango":{"min":70,"max":79},"vacunados":249053,"personasINE":249053,"porcentaje":1},{"rango":{"min":80,"max":null},"vacunados":226852,"personasINE":226852,"porcentaje":1}]}}},{"ccaa":"Castilla La Mancha","dosisAdministradas":3025617,"dosisEntregadas":3267280,"dosisEntregadasModerna":446800,"dosisEntregadasPfizer":2330505,"dosisEntregadasAstrazeneca":394900,"dosisEntregadasJanssen":95075,"dosisPrimeraDosis":1617085,"dosisPautaCompletada":1552172,"porcentajeEntregadas":0.9260354178399157,"porcentajePoblacionAdministradas":1.4793594433071047,"porcentajePoblacionPrimeraDosis":0.790665165280427,"porcentajePoblacionCompletas":0.7589262969625288,"fechaUltRegistro":1634947200000},{"ccaa":"Cataluña","dosisAdministradas":11152228,"dosisEntregadas":11863410,"dosisEntregadasModerna":1604900,"dosisEntregadasPfizer":8368460,"dosisEntregadasAstrazeneca":1514300,"dosisEntregadasJanssen":375750,"dosisPrimeraDosis":5962893,"dosisPautaCompletada":5832442,"porcentajeEntregadas":0.9400524806948424,"porcentajePoblacionAdministradas":1.4333600797585855,"porcentajePoblacionPrimeraDosis":0.7663915036593505,"porcentajePoblacionCompletas":0.7496250552183227,"fechaUltRegistro":1635033600000,"etarios":{"unaDosis":{"etarioTotal":{"vacunados":5962893,"personasINE":6868360,"porcentaje":0.8681683837189664},"etarioRangos":[{"rango":{"min":12,"max":19},"vacunados":526942,"personasINE":656166,"porcentaje":0.7558380565836448},{"rango":{"min":20,"max":29},"vacunados":634099,"personasINE":838935,"porcentaje":0.8554499508260838},{"rango":{"min":30,"max":39},"vacunados":774581,"personasINE":1044652,"porcentaje":0.8554499508260838},{"rango":{"min":40,"max":49},"vacunados":1126418,"personasINE":1316755,"porcentaje":0.8554499508260838},{"rango":{"min":50,"max":59},"vacunados":1024604,"personasINE":1091780,"porcentaje":0.9384711205554233},{"rango":{"min":60,"max":69},"vacunados":799194,"personasINE":837584,"porcentaje":0.9541657911325909},{"rango":{"min":70,"max":79},"vacunados":618267,"personasINE":635292,"porcentaje":0.9732012995598874},{"rango":{"min":80,"max":null},"vacunados":458788,"personasINE":458788,"porcentaje":1}]},"pautaCompleta":{"etarioTotal":{"vacunados":5832442,"personasINE":6868360,"porcentaje":0.8491753489916078},"etarioRangos":[{"rango":{"min":12,"max":19},"vacunados":505821,"personasINE":656166,"porcentaje":0.7193715842109341},{"rango":{"min":20,"max":29},"vacunados":603506,"personasINE":838935,"porcentaje":0.8414944313862488},{"rango":{"min":30,"max":39},"vacunados":747137,"personasINE":1044652,"porcentaje":0.8414944313862488},{"rango":{"min":40,"max":49},"vacunados":1108042,"personasINE":1316755,"porcentaje":0.8414944313862488},{"rango":{"min":50,"max":59},"vacunados":1013464,"personasINE":1091780,"porcentaje":0.9282675996995732},{"rango":{"min":60,"max":69},"vacunados":787305,"personasINE":837584,"porcentaje":0.9399713939139238},{"rango":{"min":70,"max":79},"vacunados":614171,"personasINE":635292,"porcentaje":0.9667538706610503},{"rango":{"min":80,"max":null},"vacunados":452996,"personasINE":452996,"porcentaje":1}]}}},{"ccaa":"C. Valenciana","dosisAdministradas":7657132,"dosisEntregadas":8088540,"dosisEntregadasModerna":1213650,"dosisEntregadasPfizer":5797540,"dosisEntregadasAstrazeneca":863900,"dosisEntregadasJanssen":213450,"dosisPrimeraDosis":4070533,"dosisPautaCompletada":4003935,"porcentajeEntregadas":0.9466642929379097,"porcentajePoblacionAdministradas":1.514059232171454,"porcentajePoblacionPrimeraDosis":0.804874209888058,"porcentajePoblacionCompletas":0.7917056610444239,"fechaUltRegistro":1635033600000,"etarios":{"unaDosis":{"etarioTotal":{"vacunados":4070533,"personasINE":4488459,"porcentaje":0.9068887562524243},"etarioRangos":[{"rango":{"min":12,"max":19},"vacunados":369443,"personasINE":424531,"porcentaje":0.8212878250659723},{"rango":{"min":20,"max":29},"vacunados":423888,"personasINE":516125.99999999994,"porcentaje":0.88337083190463},{"rango":{"min":30,"max":39},"vacunados":508598,"personasINE":648759,"porcentaje":0.88337083190463},{"rango":{"min":40,"max":49},"vacunados":752268,"personasINE":851588,"porcentaje":0.88337083190463},{"rango":{"min":50,"max":59},"vacunados":714679,"personasINE":752334,"porcentaje":0.9499490917597769},{"rango":{"min":60,"max":69},"vacunados":570000,"personasINE":580728,"porcentaje":0.9815266355333305},{"rango":{"min":70,"max":79},"vacunados":434406,"personasINE":437862,"porcentaje":0.9921071022376913},{"rango":{"min":80,"max":null},"vacunados":297251,"personasINE":297251,"porcentaje":1}]},"pautaCompleta":{"etarioTotal":{"vacunados":4003935,"personasINE":4488459,"porcentaje":0.892051147175456},"etarioRangos":[{"rango":{"min":12,"max":19},"vacunados":356202,"personasINE":424531,"porcentaje":0.792170904004061},{"rango":{"min":20,"max":29},"vacunados":408860,"personasINE":516126,"porcentaje":0.8736372518166061},{"rango":{"min":30,"max":39},"vacunados":496117,"personasINE":648759,"porcentaje":0.8736372518166061},{"rango":{"min":40,"max":49},"vacunados":743979,"personasINE":851588,"porcentaje":0.8736372518166061},{"rango":{"min":50,"max":59},"vacunados":709254,"personasINE":752334,"porcentaje":0.9427381987255661},{"rango":{"min":60,"max":69},"vacunados":564644,"personasINE":580728,"porcentaje":0.9723037291124244},{"rango":{"min":70,"max":79},"vacunados":431711,"personasINE":437862,"porcentaje":0.9859521949838077},{"rango":{"min":80,"max":null},"vacunados":293168,"personasINE":293168,"porcentaje":1}]}}},{"ccaa":"Extremadura","dosisAdministradas":1707639,"dosisEntregadas":1682775,"dosisEntregadasModerna":218200,"dosisEntregadasPfizer":1226825,"dosisEntregadasAstrazeneca":186000,"dosisEntregadasJanssen":51750,"dosisPrimeraDosis":897204,"dosisPautaCompletada":882549,"porcentajeEntregadas":1.0147755938851004,"porcentajePoblacionAdministradas":1.604943481452311,"porcentajePoblacionPrimeraDosis":0.8432471449369212,"porcentajePoblacionCompletas":0.8294734804090651,"fechaUltRegistro":1634947200000,"etarios":{"unaDosis":{"etarioTotal":{"vacunados":897204,"personasINE":953437,"porcentaje":0.9410207491423136},"etarioRangos":[{"rango":{"min":12,"max":19},"vacunados":76315,"personasINE":84750,"porcentaje":0.8219555241793152},{"rango":{"min":20,"max":29},"vacunados":93144,"personasINE":113320,"porcentaje":0.9166614418097232},{"rango":{"min":30,"max":39},"vacunados":113011,"personasINE":133479,"porcentaje":0.9166614418097232},{"rango":{"min":40,"max":49},"vacunados":146202,"personasINE":159494,"porcentaje":0.9166614418097232},{"rango":{"min":50,"max":59},"vacunados":161481,"personasINE":169216,"porcentaje":0.9542891925113465},{"rango":{"min":60,"max":69},"vacunados":132860,"personasINE":132860,"porcentaje":1},{"rango":{"min":70,"max":79},"vacunados":95925,"personasINE":95925,"porcentaje":1},{"rango":{"min":80,"max":null},"vacunados":78266,"personasINE":78266,"porcentaje":1}]},"pautaCompleta":{"etarioTotal":{"vacunados":882549,"personasINE":953437,"porcentaje":0.9256500429498751},"etarioRangos":[{"rango":{"min":12,"max":19},"vacunados":73458,"personasINE":84750,"porcentaje":0.7920755382986233},{"rango":{"min":20,"max":29},"vacunados":89758,"personasINE":113320.00000000001,"porcentaje":0.9048804343737068},{"rango":{"min":30,"max":39},"vacunados":110333,"personasINE":133479,"porcentaje":0.9048804343737068},{"rango":{"min":40,"max":49},"vacunados":144323,"personasINE":159494,"porcentaje":0.9048804343737068},{"rango":{"min":50,"max":59},"vacunados":160235,"personasINE":169216,"porcentaje":0.9469258226172466},{"rango":{"min":60,"max":69},"vacunados":131621,"personasINE":125297,"porcentaje":1.0504720783418597},{"rango":{"min":70,"max":79},"vacunados":95408,"personasINE":95408,"porcentaje":1},{"rango":{"min":80,"max":null},"vacunados":77413,"personasINE":77413,"porcentaje":1}]}}},{"ccaa":"Galicia","dosisAdministradas":4409856,"dosisEntregadas":4358529,"dosisEntregadasModerna":507400,"dosisEntregadasPfizer":3155029,"dosisEntregadasAstrazeneca":573400,"dosisEntregadasJanssen":122700,"dosisPrimeraDosis":2308073,"dosisPautaCompletada":2285753,"porcentajeEntregadas":1.0117762208304684,"porcentajePoblacionAdministradas":1.6321803940234338,"porcentajePoblacionPrimeraDosis":0.8542663294617441,"porcentajePoblacionCompletas":0.8460052283295069,"fechaUltRegistro":1634947200000,"etarios":{"unaDosis":{"etarioTotal":{"vacunados":2308073,"personasINE":2454497,"porcentaje":0.9403446001359953},"etarioRangos":[{"rango":{"min":12,"max":19},"vacunados":168208,"personasINE":180007,"porcentaje":0.8593650560002771},{"rango":{"min":20,"max":29},"vacunados":198497,"personasINE":230981,"porcentaje":0.9199902531694121},{"rango":{"min":30,"max":39},"vacunados":263281,"personasINE":323408,"porcentaje":0.9199902531694121},{"rango":{"min":40,"max":49},"vacunados":407759,"personasINE":443221,"porcentaje":0.9199902531694121},{"rango":{"min":50,"max":59},"vacunados":390785,"personasINE":405889,"porcentaje":0.9627878557930862},{"rango":{"min":60,"max":69},"vacunados":345944,"personasINE":346927,"porcentaje":0.9971665508882273},{"rango":{"min":70,"max":79},"vacunados":291304,"personasINE":291304,"porcentaje":1},{"rango":{"min":80,"max":null},"vacunados":242295,"personasINE":242295,"porcentaje":1}]},"pautaCompleta":{"etarioTotal":{"vacunados":2285753,"personasINE":2454497,"porcentaje":0.9312510872899824},"etarioRangos":[{"rango":{"min":12,"max":19},"vacunados":164261,"personasINE":180007,"porcentaje":0.8368740285997549},{"rango":{"min":20,"max":29},"vacunados":193302,"personasINE":230981.00000000003,"porcentaje":0.9133930928363051},{"rango":{"min":30,"max":39},"vacunados":259147,"personasINE":323408,"porcentaje":0.9133930928363051},{"rango":{"min":40,"max":49},"vacunados":404835,"personasINE":443221,"porcentaje":0.9133930928363051},{"rango":{"min":50,"max":59},"vacunados":388728,"personasINE":405889,"porcentaje":0.9577199677744408},{"rango":{"min":60,"max":69},"vacunados":344715,"personasINE":346927,"porcentaje":0.9936240188858175},{"rango":{"min":70,"max":79},"vacunados":290082,"personasINE":290082,"porcentaje":1},{"rango":{"min":80,"max":null},"vacunados":240683,"personasINE":240683,"porcentaje":1}]}}},{"ccaa":"La Rioja","dosisAdministradas":482095,"dosisEntregadas":510565,"dosisEntregadasModerna":67600,"dosisEntregadasPfizer":374465,"dosisEntregadasAstrazeneca":53300,"dosisEntregadasJanssen":15200,"dosisPrimeraDosis":259819,"dosisPautaCompletada":254327,"porcentajeEntregadas":0.9442382458648751,"porcentajePoblacionAdministradas":1.5069518683146095,"porcentajePoblacionPrimeraDosis":0.8121526410222747,"porcentajePoblacionCompletas":0.7949855273604781,"fechaUltRegistro":1634774400000,"etarios":{"unaDosis":{"etarioTotal":{"vacunados":259819,"personasINE":283970,"porcentaje":0.9149522836919393},"etarioRangos":[{"rango":{"min":12,"max":19},"vacunados":21793,"personasINE":25532,"porcentaje":0.7880359839779368},{"rango":{"min":20,"max":29},"vacunados":24002,"personasINE":30458,"porcentaje":0.8972368595010104},{"rango":{"min":30,"max":39},"vacunados":31066,"personasINE":39319,"porcentaje":0.8972368595010104},{"rango":{"min":40,"max":49},"vacunados":47506,"personasINE":52947,"porcentaje":0.8972368595010104},{"rango":{"min":50,"max":59},"vacunados":45385,"personasINE":47664,"porcentaje":0.9521861362873447},{"rango":{"min":60,"max":69},"vacunados":38042,"personasINE":38042,"porcentaje":1},{"rango":{"min":70,"max":79},"vacunados":28662,"personasINE":28662,"porcentaje":1},{"rango":{"min":80,"max":null},"vacunados":23363,"personasINE":23363,"porcentaje":1}]},"pautaCompleta":{"etarioTotal":{"vacunados":254327,"personasINE":283970,"porcentaje":0.8956122125576645},"etarioRangos":[{"rango":{"min":12,"max":19},"vacunados":20677,"personasINE":25532,"porcentaje":0.7507387221747981},{"rango":{"min":20,"max":29},"vacunados":22866,"personasINE":30458,"porcentaje":0.8824295994107315},{"rango":{"min":30,"max":39},"vacunados":30127,"personasINE":39319,"porcentaje":0.8824295994107315},{"rango":{"min":40,"max":49},"vacunados":46722,"personasINE":52947,"porcentaje":0.8824295994107315},{"rango":{"min":50,"max":59},"vacunados":44749,"personasINE":47664,"porcentaje":0.9388427324605573},{"rango":{"min":60,"max":69},"vacunados":37466,"personasINE":37718,"porcentaje":0.9933188398112307},{"rango":{"min":70,"max":79},"vacunados":28555,"personasINE":28555,"porcentaje":1},{"rango":{"min":80,"max":null},"vacunados":23165,"personasINE":23165,"porcentaje":1}]}}},{"ccaa":"Madrid","dosisAdministradas":9870147,"dosisEntregadas":10825829,"dosisEntregadasModerna":1645800,"dosisEntregadasPfizer":7637679,"dosisEntregadasAstrazeneca":1220900,"dosisEntregadasJanssen":321450,"dosisPrimeraDosis":5328683,"dosisPautaCompletada":5211380,"porcentajeEntregadas":0.9117220491844089,"porcentajePoblacionAdministradas":1.455797942384889,"porcentajePoblacionPrimeraDosis":0.7859544287457256,"porcentajePoblacionCompletas":0.768652815503737,"fechaUltRegistro":1635033600000,"etarios":{"unaDosis":{"etarioTotal":{"vacunados":5328683,"personasINE":5977937,"porcentaje":0.8913916289181368},"etarioRangos":[{"rango":{"min":12,"max":19},"vacunados":450560,"personasINE":553542,"porcentaje":0.8001144819690899},{"rango":{"min":20,"max":29},"vacunados":594065,"personasINE":742475,"porcentaje":0.8823272619987975},{"rango":{"min":30,"max":39},"vacunados":742617,"personasINE":949640,"porcentaje":0.8823272619987975},{"rango":{"min":40,"max":49},"vacunados":1028768,"personasINE":1165971,"porcentaje":0.8823272619987975},{"rango":{"min":50,"max":59},"vacunados":939522,"personasINE":972783,"porcentaje":0.965808407424883},{"rango":{"min":60,"max":69},"vacunados":688441,"personasINE":703323,"porcentaje":0.9788404474188958},{"rango":{"min":70,"max":79},"vacunados":510873,"personasINE":526081,"porcentaje":0.9710919040984183},{"rango":{"min":80,"max":null},"vacunados":373837,"personasINE":373837,"porcentaje":1}]},"pautaCompleta":{"etarioTotal":{"vacunados":5211380,"personasINE":5977937,"porcentaje":0.8717689731424069},"etarioRangos":[{"rango":{"min":12,"max":19},"vacunados":434462,"personasINE":553542,"porcentaje":0.7619488871679181},{"rango":{"min":20,"max":29},"vacunados":565728,"personasINE":742475,"porcentaje":0.8650326637626493},{"rango":{"min":30,"max":39},"vacunados":715408,"personasINE":949640,"porcentaje":0.8650326637626493},{"rango":{"min":40,"max":49},"vacunados":1008603,"personasINE":1165971,"porcentaje":0.8650326637626493},{"rango":{"min":50,"max":59},"vacunados":931596,"personasINE":972783,"porcentaje":0.9576606499085614},{"rango":{"min":60,"max":69},"vacunados":676039,"personasINE":703323,"porcentaje":0.9612070129940298},{"rango":{"min":70,"max":79},"vacunados":508690,"personasINE":526081,"porcentaje":0.966942352983666},{"rango":{"min":80,"max":null},"vacunados":370854,"personasINE":370854,"porcentaje":1}]}}},{"ccaa":"Murcia","dosisAdministradas":2225989,"dosisEntregadas":2407175,"dosisEntregadasModerna":398000,"dosisEntregadasPfizer":1687865,"dosisEntregadasAstrazeneca":253010,"dosisEntregadasJanssen":68300,"dosisPrimeraDosis":1189055,"dosisPautaCompletada":1156729,"porcentajeEntregadas":0.9247308567096285,"porcentajePoblacionAdministradas":1.4729446002020843,"porcentajePoblacionPrimeraDosis":0.7868017953337996,"porcentajePoblacionCompletas":0.7654115696201359,"fechaUltRegistro":1634947200000,"etarios":{"unaDosis":{"etarioTotal":{"vacunados":1189055,"personasINE":1310137,"porcentaje":0.9075806575953507},"etarioRangos":[{"rango":{"min":12,"max":19},"vacunados":118449,"personasINE":141894,"porcentaje":0.812520319539269},{"rango":{"min":20,"max":29},"vacunados":139955,"personasINE":172248,"porcentaje":0.9101500253780144},{"rango":{"min":30,"max":39},"vacunados":166522,"personasINE":209003,"porcentaje":0.9101500253780144},{"rango":{"min":40,"max":49},"vacunados":231321,"personasINE":254157,"porcentaje":0.9101500253780144},{"rango":{"min":50,"max":59},"vacunados":207332,"personasINE":213256,"porcentaje":0.9722211801778144},{"rango":{"min":60,"max":69},"vacunados":148225,"personasINE":148225,"porcentaje":1},{"rango":{"min":70,"max":79},"vacunados":103287,"personasINE":103287,"porcentaje":1},{"rango":{"min":80,"max":null},"vacunados":73964,"personasINE":73964,"porcentaje":1}]},"pautaCompleta":{"etarioTotal":{"vacunados":1156729,"personasINE":1310137,"porcentaje":0.8829069021026046},"etarioRangos":[{"rango":{"min":12,"max":19},"vacunados":113696,"personasINE":141894,"porcentaje":0.7676025265895685},{"rango":{"min":20,"max":29},"vacunados":132218,"personasINE":172248,"porcentaje":0.8892967732543271},{"rango":{"min":30,"max":39},"vacunados":159984,"personasINE":209003,"porcentaje":0.8892967732543271},{"rango":{"min":40,"max":49},"vacunados":226021,"personasINE":254157,"porcentaje":0.8892967732543271},{"rango":{"min":50,"max":59},"vacunados":204594,"personasINE":213256,"porcentaje":0.9593821510297483},{"rango":{"min":60,"max":69},"vacunados":145513,"personasINE":146909,"porcentaje":0.990497518872227},{"rango":{"min":70,"max":79},"vacunados":101683,"personasINE":102899,"porcentaje":0.9881825868084237},{"rango":{"min":80,"max":null},"vacunados":73020,"personasINE":73020,"porcentaje":1}]}}},{"ccaa":"Navarra","dosisAdministradas":982192,"dosisEntregadas":1046175,"dosisEntregadasModerna":151500,"dosisEntregadasPfizer":734325,"dosisEntregadasAstrazeneca":136600,"dosisEntregadasJanssen":23750,"dosisPrimeraDosis":527304,"dosisPautaCompletada":520739,"porcentajeEntregadas":0.9388410160823953,"porcentajePoblacionAdministradas":1.4854755844324763,"porcentajePoblacionPrimeraDosis":0.7974990812118022,"porcentajePoblacionCompletas":0.7875701190416774,"fechaUltRegistro":1635033600000,"etarios":{"unaDosis":{"etarioTotal":{"vacunados":527304,"personasINE":581354,"porcentaje":0.9070273877878194},"etarioRangos":[{"rango":{"min":12,"max":19},"vacunados":48724,"personasINE":56388,"porcentaje":0.8343094514656451},{"rango":{"min":20,"max":29},"vacunados":56839,"personasINE":68127,"porcentaje":0.8820207033203089},{"rango":{"min":30,"max":39},"vacunados":63917,"personasINE":81341,"porcentaje":0.8820207033203089},{"rango":{"min":40,"max":49},"vacunados":95260,"personasINE":108002,"porcentaje":0.8820207033203089},{"rango":{"min":50,"max":59},"vacunados":91873,"personasINE":96694,"porcentaje":0.9501416840755372},{"rango":{"min":60,"max":69},"vacunados":72285,"personasINE":73844,"porcentaje":0.9788879258978387},{"rango":{"min":70,"max":79},"vacunados":55895,"personasINE":55895,"porcentaje":1},{"rango":{"min":80,"max":null},"vacunados":42511,"personasINE":42511,"porcentaje":1}]},"pautaCompleta":{"etarioTotal":{"vacunados":520739,"personasINE":581354,"porcentaje":0.8957347846578849},"etarioRangos":[{"rango":{"min":12,"max":19},"vacunados":47633,"personasINE":56388,"porcentaje":0.8094588048791228},{"rango":{"min":20,"max":29},"vacunados":55146,"personasINE":68127,"porcentaje":0.874122701431455},{"rango":{"min":30,"max":39},"vacunados":62713,"personasINE":81341,"porcentaje":0.874122701431455},{"rango":{"min":40,"max":49},"vacunados":94407,"personasINE":108002,"porcentaje":0.874122701431455},{"rango":{"min":50,"max":59},"vacunados":91277,"personasINE":96694,"porcentaje":0.9439779096945001},{"rango":{"min":60,"max":69},"vacunados":71701,"personasINE":73844,"porcentaje":0.9709793618980553},{"rango":{"min":70,"max":79},"vacunados":55740,"personasINE":55792,"porcentaje":0.9990679667335819},{"rango":{"min":80,"max":null},"vacunados":42122,"personasINE":42122,"porcentaje":1}]}}},{"ccaa":"País Vasco","dosisAdministradas":3366713,"dosisEntregadas":3668820,"dosisEntregadasModerna":526100,"dosisEntregadasPfizer":2597220,"dosisEntregadasAstrazeneca":444200,"dosisEntregadasJanssen":101300,"dosisPrimeraDosis":1810047,"dosisPautaCompletada":1778298,"porcentajeEntregadas":0.9176555404735037,"porcentajePoblacionAdministradas":1.5161931705594767,"porcentajePoblacionPrimeraDosis":0.8151514250818733,"porcentajePoblacionCompletas":0.8008533197868593,"fechaUltRegistro":1635033600000,"etarios":{"unaDosis":{"etarioTotal":{"vacunados":1810047,"personasINE":1983943,"porcentaje":0.9123482882320711},"etarioRangos":[{"rango":{"min":12,"max":19},"vacunados":145079,"personasINE":168606,"porcentaje":0.8067770202546468},{"rango":{"min":20,"max":29},"vacunados":162593,"personasINE":201534,"porcentaje":0.8839790905551276},{"rango":{"min":30,"max":39},"vacunados":202166,"personasINE":260543,"porcentaje":0.8839790905551276},{"rango":{"min":40,"max":49},"vacunados":320118,"personasINE":362133,"porcentaje":0.8839790905551276},{"rango":{"min":50,"max":59},"vacunados":323695,"personasINE":339977,"porcentaje":0.9521085249884551},{"rango":{"min":60,"max":69},"vacunados":278482,"personasINE":280119,"porcentaje":0.9941560551051517},{"rango":{"min":70,"max":79},"vacunados":213736,"personasINE":213736,"porcentaje":1},{"rango":{"min":80,"max":null},"vacunados":164178,"personasINE":164178,"porcentaje":1}]},"pautaCompleta":{"etarioTotal":{"vacunados":1778298,"personasINE":1983943,"porcentaje":0.8963453083077487},"etarioRangos":[{"rango":{"min":12,"max":19},"vacunados":141372,"personasINE":168606,"porcentaje":0.7794218345291614},{"rango":{"min":20,"max":29},"vacunados":157080,"personasINE":201534,"porcentaje":0.8715057727409543},{"rango":{"min":30,"max":39},"vacunados":196481,"personasINE":260543,"porcentaje":0.8715057727409543},{"rango":{"min":40,"max":49},"vacunados":315601,"personasINE":362133,"porcentaje":0.8715057727409543},{"rango":{"min":50,"max":59},"vacunados":320430,"personasINE":339977,"porcentaje":0.9425049341573106},{"rango":{"min":60,"max":69},"vacunados":273236,"personasINE":280119,"porcentaje":0.9754283001153081},{"rango":{"min":70,"max":79},"vacunados":212190,"personasINE":213081,"porcentaje":0.9958184915595478},{"rango":{"min":80,"max":null},"vacunados":161908,"personasINE":157950,"porcentaje":1.0250585628363407}]}}},{"ccaa":"Ceuta","dosisAdministradas":114430,"dosisEntregadas":140230,"dosisEntregadasModerna":22400,"dosisEntregadasPfizer":95580,"dosisEntregadasAstrazeneca":18100,"dosisEntregadasJanssen":4150,"dosisPrimeraDosis":62460,"dosisPautaCompletada":59666,"porcentajeEntregadas":0.8160165442487343,"porcentajePoblacionAdministradas":1.3589938481271229,"porcentajePoblacionPrimeraDosis":0.741787605995107,"porcentajePoblacionCompletas":0.708605496306501,"fechaUltRegistro":1634860800000,"etarios":{"unaDosis":{"etarioTotal":{"vacunados":62460,"personasINE":70965,"porcentaje":0.8801521876981611},"etarioRangos":[{"rango":{"min":12,"max":19},"vacunados":8381,"personasINE":9126,"porcentaje":0.8358712501139783},{"rango":{"min":20,"max":29},"vacunados":9167,"personasINE":10967,"porcentaje":0.8811896851763962},{"rango":{"min":30,"max":39},"vacunados":9228,"personasINE":11894,"porcentaje":0.8811896851763962},{"rango":{"min":40,"max":49},"vacunados":11140,"personasINE":12642,"porcentaje":0.8811896851763962},{"rango":{"min":50,"max":59},"vacunados":10590,"personasINE":11556,"porcentaje":0.9164070612668743},{"rango":{"min":60,"max":69},"vacunados":7663,"personasINE":7857,"porcentaje":0.9753086419753086},{"rango":{"min":70,"max":79},"vacunados":3890,"personasINE":4318,"porcentaje":0.9008800370541917},{"rango":{"min":80,"max":null},"vacunados":2401,"personasINE":2605,"porcentaje":0.9216890595009597}]},"pautaCompleta":{"etarioTotal":{"vacunados":59666,"personasINE":70965,"porcentaje":0.8407806665257521},"etarioRangos":[{"rango":{"min":12,"max":19},"vacunados":7496,"personasINE":9126,"porcentaje":0.7630163216923498},{"rango":{"min":20,"max":29},"vacunados":8368,"personasINE":10967,"porcentaje":0.8591203923429837},{"rango":{"min":30,"max":39},"vacunados":8752,"personasINE":11894,"porcentaje":0.8591203923429837},{"rango":{"min":40,"max":49},"vacunados":10861,"personasINE":12642,"porcentaje":0.8591203923429837},{"rango":{"min":50,"max":59},"vacunados":10428,"personasINE":11556,"porcentaje":0.9023883696780893},{"rango":{"min":60,"max":69},"vacunados":7525,"personasINE":7857,"porcentaje":0.957744686267023},{"rango":{"min":70,"max":79},"vacunados":3857,"personasINE":4318,"porcentaje":0.8932376100046318},{"rango":{"min":80,"max":null},"vacunados":2379,"personasINE":2605,"porcentaje":0.9132437619961612}]}}},{"ccaa":"Melilla","dosisAdministradas":102014,"dosisEntregadas":141100,"dosisEntregadasModerna":23500,"dosisEntregadasPfizer":96750,"dosisEntregadasAstrazeneca":15100,"dosisEntregadasJanssen":5750,"dosisPrimeraDosis":57202,"dosisPautaCompletada":54706,"porcentajeEntregadas":0.7229907866761163,"porcentajePoblacionAdministradas":1.1715512885295605,"porcentajePoblacionPrimeraDosis":0.6569203913822408,"porcentajePoblacionCompletas":0.6282557765630025,"fechaUltRegistro":1634688000000,"etarios":{"unaDosis":{"etarioTotal":{"vacunados":57202,"personasINE":70927,"porcentaje":0.8064911810734982},"etarioRangos":[{"rango":{"min":12,"max":19},"vacunados":7681,"personasINE":9574,"porcentaje":0.7234681117132138},{"rango":{"min":20,"max":29},"vacunados":8678,"personasINE":11995,"porcentaje":0.837943676053991},{"rango":{"min":30,"max":39},"vacunados":8604,"personasINE":12133,"porcentaje":0.837943676053991},{"rango":{"min":40,"max":49},"vacunados":10057,"personasINE":12002,"porcentaje":0.837943676053991},{"rango":{"min":50,"max":59},"vacunados":9686,"personasINE":11299,"porcentaje":0.8572440038941499},{"rango":{"min":60,"max":69},"vacunados":7169,"personasINE":7827,"porcentaje":0.9159320301520378},{"rango":{"min":70,"max":79},"vacunados":3315,"personasINE":3748,"porcentaje":0.8844717182497331},{"rango":{"min":80,"max":null},"vacunados":2012,"personasINE":2349,"porcentaje":0.8565346956151554}]},"pautaCompleta":{"etarioTotal":{"vacunados":54706,"personasINE":70927,"porcentaje":0.7713000690851157},"etarioRangos":[{"rango":{"min":12,"max":19},"vacunados":7089,"personasINE":9574,"porcentaje":0.658774489370571},{"rango":{"min":20,"max":29},"vacunados":7902,"personasINE":11995,"porcentaje":0.8180303282786202},{"rango":{"min":30,"max":39},"vacunados":8208,"personasINE":12133,"porcentaje":0.8180303282786202},{"rango":{"min":40,"max":49},"vacunados":9818,"personasINE":12002,"porcentaje":0.8180303282786202},{"rango":{"min":50,"max":59},"vacunados":9481,"personasINE":11299,"porcentaje":0.8391008053810072},{"rango":{"min":60,"max":69},"vacunados":7002,"personasINE":7827,"porcentaje":0.8945956305097739},{"rango":{"min":70,"max":79},"vacunados":3241,"personasINE":3748,"porcentaje":0.8647278548559232},{"rango":{"min":80,"max":null},"vacunados":1965,"personasINE":2349,"porcentaje":0.8365261813537676}]}}},{"ccaa":"Fuerzas Armadas","dosisAdministradas":173037,"dosisEntregadas":212238,"dosisEntregadasModerna":58300,"dosisEntregadasPfizer":48138,"dosisEntregadasAstrazeneca":103800,"dosisEntregadasJanssen":2000,"dosisPrimeraDosis":92845,"dosisPautaCompletada":86775,"porcentajeEntregadas":0.8152969779210132,"porcentajePoblacionAdministradas":null,"porcentajePoblacionPrimeraDosis":null,"porcentajePoblacionCompletas":null,"fechaUltRegistro":1634688000000},{"ccaa":"Sanidad Exterior","dosisAdministradas":6986,"dosisEntregadas":9045,"dosisEntregadasModerna":4910,"dosisEntregadasPfizer":0,"dosisEntregadasAstrazeneca":0,"dosisEntregadasJanssen":4135,"dosisPrimeraDosis":5249,"dosisPautaCompletada":5016,"porcentajeEntregadas":0.7723604201216141,"porcentajePoblacionAdministradas":null,"porcentajePoblacionPrimeraDosis":null,"porcentajePoblacionCompletas":null,"fechaUltRegistro":1634860800000,"etarios":{"unaDosis":{"etarioTotal":{"vacunados":5249,"personasINE":"-","porcentaje":"-"},"etarioRangos":[{"rango":{"min":12,"max":19},"vacunados":171,"personasINE":null,"porcentaje":"-"},{"rango":{"min":20,"max":29},"vacunados":1277,"personasINE":null,"porcentaje":"-"},{"rango":{"min":30,"max":39},"vacunados":1522,"personasINE":null,"porcentaje":"-"},{"rango":{"min":40,"max":49},"vacunados":1310,"personasINE":null,"porcentaje":"-"},{"rango":{"min":50,"max":59},"vacunados":688,"personasINE":null,"porcentaje":"-"},{"rango":{"min":60,"max":69},"vacunados":221,"personasINE":null,"porcentaje":"-"},{"rango":{"min":70,"max":79},"vacunados":33,"personasINE":null,"porcentaje":"-"},{"rango":{"min":80,"max":null},"vacunados":27,"personasINE":null,"porcentaje":"-"}]},"pautaCompleta":{"etarioTotal":{"vacunados":5016,"personasINE":"-","porcentaje":"-"},"etarioRangos":[{"rango":{"min":12,"max":19},"vacunados":155,"personasINE":null,"porcentaje":"-"},{"rango":{"min":20,"max":29},"vacunados":1222,"personasINE":null,"porcentaje":"-"},{"rango":{"min":30,"max":39},"vacunados":1448,"personasINE":null,"porcentaje":"-"},{"rango":{"min":40,"max":49},"vacunados":1259,"personasINE":null,"porcentaje":"-"},{"rango":{"min":50,"max":59},"vacunados":663,"personasINE":null,"porcentaje":"-"},{"rango":{"min":60,"max":69},"vacunados":211,"personasINE":null,"porcentaje":"-"},{"rango":{"min":70,"max":79},"vacunados":32,"personasINE":null,"porcentaje":"-"},{"rango":{"min":80,"max":null},"vacunados":26,"personasINE":null,"porcentaje":"-"}]}}},{"ccaa":"Totales","dosisAdministradas":71344477,"dosisEntregadas":75642071,"dosisEntregadasModerna":10752860,"dosisEntregadasPfizer":53616591,"dosisEntregadasAstrazeneca":9111010,"dosisEntregadasJanssen":2161610,"dosisPrimeraDosis":37979234,"dosisPautaCompletada":37234272,"porcentajeEntregadas":0.9431851356898994,"porcentajePoblacionAdministradas":1.51990790370686,"porcentajePoblacionPrimeraDosis":0.809101704303366,"porcentajePoblacionCompletas":0.7932311887515978,"fechaUltRegistro":null,"etarios":{"unaDosis":{"etarioTotal":{"vacunados":37979234,"personasINE":42119827,"porcentaje":0.9016949191173078},"etarioRangos":[{"rango":{"min":12,"max":19},"vacunados":3313157,"personasINE":3888686.0000000005,"porcentaje":0.8038874417551126},{"rango":{"min":20,"max":29},"vacunados":3974934,"personasINE":4944640,"porcentaje":0.8829689838878311},{"rango":{"min":30,"max":39},"vacunados":4887760,"personasINE":6230403,"porcentaje":0.8829689838878311},{"rango":{"min":40,"max":49},"vacunados":6968159,"personasINE":7891737,"porcentaje":0.8829689838878311},{"rango":{"min":50,"max":59},"vacunados":6678063,"personasINE":7033306,"porcentaje":0.949491320298022},{"rango":{"min":60,"max":69},"vacunados":5277792,"personasINE":5336986,"porcentaje":0.9889087211396095},{"rango":{"min":70,"max":79},"vacunados":3942157,"personasINE":3960045,"porcentaje":0.9954828796137417},{"rango":{"min":80,"max":null},"vacunados":2937212,"personasINE":2937212,"porcentaje":1}]},"pautaCompleta":{"etarioTotal":{"vacunados":37234272,"personasINE":42119827,"porcentaje":0.884008189302392},"etarioRangos":[{"rango":{"min":12,"max":19},"vacunados":3189589,"personasINE":3888686,"porcentaje":0.769597786694279},{"rango":{"min":20,"max":29},"vacunados":3805384,"personasINE":4944640,"porcentaje":0.8692751671780243},{"rango":{"min":30,"max":39},"vacunados":4736564,"personasINE":6230403,"porcentaje":0.8692751671780243},{"rango":{"min":40,"max":49},"vacunados":6860091,"personasINE":7891737,"porcentaje":0.8692751671780243},{"rango":{"min":50,"max":59},"vacunados":6610477,"personasINE":7033306,"porcentaje":0.9398818990670958},{"rango":{"min":60,"max":69},"vacunados":5210409,"personasINE":5336986,"porcentaje":0.976283055642267},{"rango":{"min":70,"max":79},"vacunados":3917821,"personasINE":3960045,"porcentaje":0.9893374949022044},{"rango":{"min":80,"max":null},"vacunados":2903937,"personasINE":2903937,"porcentaje":1}]}}}]