[{"ccaa":"Andalucía","dosisAdministradas":3404573,"dosisEntregadas":3801930,"dosisEntregadasModerna":337000,"dosisEntregadasPfizer":2465280,"dosisEntregadasAstrazeneca":951000,"dosisEntregadasJanssen":48650,"dosisPrimeraDosis":2344108,"dosisPautaCompletada":1093444,"porcentajeEntregadas":0.8954854508105095,"porcentajePoblacionAdministradas":0.4022220801896316,"porcentajePoblacionPrimeraDosis":0.27693693040189094,"porcentajePoblacionCompletas":0.1291813452820285,"fechaUltRegistro":1620604800000,"etarios":{"unaDosis":{"etarioTotal":{"vacunados":2344108,"personasINE":7062213,"porcentaje":0.3319225857390594},"etarioRangos":[{"rango":{"min":16,"max":17},"vacunados":409,"personasINE":181921,"porcentaje":0.0022482286267115946},{"rango":{"min":18,"max":24},"vacunados":32139,"personasINE":625846,"porcentaje":0.05135288872981532},{"rango":{"min":25,"max":49},"vacunados":348553,"personasINE":3009381,"porcentaje":0.11582215744699657},{"rango":{"min":50,"max":59},"vacunados":211062,"personasINE":1265021,"porcentaje":0.16684466107677265},{"rango":{"min":60,"max":69},"vacunados":706628,"personasINE":916147,"porcentaje":0.7713041684358515},{"rango":{"min":70,"max":79},"vacunados":618253,"personasINE":650381,"porcentaje":0.9506012629520235},{"rango":{"min":80,"max":null},"vacunados":427064,"personasINE":413516,"porcentaje":1}]},"pautaCompleta":{"etarioTotal":{"vacunados":1093444,"personasINE":7062213,"porcentaje":0.15483022106526664},"etarioRangos":[{"rango":{"min":16,"max":17},"vacunados":269,"personasINE":181921,"porcentaje":0.0014786638156122714},{"rango":{"min":18,"max":24},"vacunados":14396,"personasINE":625846,"porcentaje":0.023002463864912455},{"rango":{"min":25,"max":49},"vacunados":149243,"personasINE":3009381,"porcentaje":0.04959259063574868},{"rango":{"min":50,"max":59},"vacunados":80516,"personasINE":1265021,"porcentaje":0.06364795525133575},{"rango":{"min":60,"max":69},"vacunados":56144,"personasINE":916147,"porcentaje":0.061282741743410175},{"rango":{"min":70,"max":79},"vacunados":379332,"personasINE":650381,"porcentaje":0.5832458205267375},{"rango":{"min":80,"max":null},"vacunados":413544,"personasINE":413516,"porcentaje":1.0000677120111434}]}}},{"ccaa":"Aragón","dosisAdministradas":631404,"dosisEntregadas":720695,"dosisEntregadasModerna":67300,"dosisEntregadasPfizer":496395,"dosisEntregadasAstrazeneca":149400,"dosisEntregadasJanssen":7600,"dosisPrimeraDosis":433491,"dosisPautaCompletada":205767,"porcentajeEntregadas":0.8761043159727763,"porcentajePoblacionAdministradas":0.474957330085731,"porcentajePoblacionPrimeraDosis":0.3260823941188108,"porcentajePoblacionCompletas":0.1547829043524441,"fechaUltRegistro":1620604800000,"etarios":{"unaDosis":{"etarioTotal":{"vacunados":433491,"personasINE":1132764,"porcentaje":0.38268430140788373},"etarioRangos":[{"rango":{"min":16,"max":17},"vacunados":41,"personasINE":25106,"porcentaje":0.0016330757587827611},{"rango":{"min":18,"max":24},"vacunados":6151,"personasINE":89180,"porcentaje":0.06897286387082305},{"rango":{"min":25,"max":49},"vacunados":54849,"personasINE":446083,"porcentaje":0.12295693850695946},{"rango":{"min":50,"max":59},"vacunados":36976,"personasINE":198266,"porcentaje":0.18649692836895887},{"rango":{"min":60,"max":69},"vacunados":123722,"personasINE":156367,"porcentaje":0.791228328227823},{"rango":{"min":70,"max":79},"vacunados":112102,"personasINE":118955,"porcentaje":0.9423899794039763},{"rango":{"min":80,"max":null},"vacunados":99650,"personasINE":98807,"porcentaje":1}]},"pautaCompleta":{"etarioTotal":{"vacunados":205767,"personasINE":1132764,"porcentaje":0.1816503702448171},"etarioRangos":[{"rango":{"min":16,"max":17},"vacunados":28,"personasINE":25106,"porcentaje":0.0011152712499004221},{"rango":{"min":18,"max":24},"vacunados":1527,"personasINE":89180,"porcentaje":0.017122673245122226},{"rango":{"min":25,"max":49},"vacunados":22538,"personasINE":446083,"porcentaje":0.05052422979580033},{"rango":{"min":50,"max":59},"vacunados":14753,"personasINE":198266,"porcentaje":0.0744101358780628},{"rango":{"min":60,"max":69},"vacunados":16804,"personasINE":156367,"porcentaje":0.10746513011057321},{"rango":{"min":70,"max":79},"vacunados":53537,"personasINE":118955,"porcentaje":0.4500609474170905},{"rango":{"min":80,"max":null},"vacunados":96580,"personasINE":98807,"porcentaje":0.9774611110548848}]}}},{"ccaa":"Asturias","dosisAdministradas":587765,"dosisEntregadas":647415,"dosisEntregadasModerna":60400,"dosisEntregadasPfizer":466565,"dosisEntregadasAstrazeneca":114600,"dosisEntregadasJanssen":5850,"dosisPrimeraDosis":392831,"dosisPautaCompletada":200582,"porcentajeEntregadas":0.9078643528494088,"porcentajePoblacionAdministradas":0.5769279847347426,"porcentajePoblacionPrimeraDosis":0.3855881128875208,"porcentajePoblacionCompletas":0.1968837359047649,"fechaUltRegistro":1620604800000,"etarios":{"unaDosis":{"etarioTotal":{"vacunados":392831,"personasINE":901209,"porcentaje":0.4358933388370511},"etarioRangos":[{"rango":{"min":16,"max":17},"vacunados":38,"personasINE":15563,"porcentaje":0.0024416886204459295},{"rango":{"min":18,"max":24},"vacunados":4330,"personasINE":54179,"porcentaje":0.07992026430904964},{"rango":{"min":25,"max":49},"vacunados":43217,"personasINE":322095,"porcentaje":0.13417470001086637},{"rango":{"min":50,"max":59},"vacunados":34501,"personasINE":162645,"porcentaje":0.2121245657720803},{"rango":{"min":60,"max":69},"vacunados":115264,"personasINE":149652,"porcentaje":0.7702135621308102},{"rango":{"min":70,"max":79},"vacunados":108039,"personasINE":109249,"porcentaje":0.9889243837472197},{"rango":{"min":80,"max":null},"vacunados":87442,"personasINE":87826,"porcentaje":0.9956277184432856}]},"pautaCompleta":{"etarioTotal":{"vacunados":200582,"personasINE":901209,"porcentaje":0.22256990331876403},"etarioRangos":[{"rango":{"min":16,"max":17},"vacunados":35,"personasINE":15563,"porcentaje":0.002248923729358093},{"rango":{"min":18,"max":24},"vacunados":2876,"personasINE":54179,"porcentaje":0.05308329795677292},{"rango":{"min":25,"max":49},"vacunados":24325,"personasINE":322095,"porcentaje":0.07552119716232789},{"rango":{"min":50,"max":59},"vacunados":16061,"personasINE":162645,"porcentaje":0.09874880875526454},{"rango":{"min":60,"max":69},"vacunados":12506,"personasINE":149652,"porcentaje":0.08356720925881378},{"rango":{"min":70,"max":79},"vacunados":60075,"personasINE":109249,"porcentaje":0.5498906168477514},{"rango":{"min":80,"max":null},"vacunados":84704,"personasINE":87826,"porcentaje":0.9644524400519209}]}}},{"ccaa":"Baleares","dosisAdministradas":402125,"dosisEntregadas":451940,"dosisEntregadasModerna":39600,"dosisEntregadasPfizer":274140,"dosisEntregadasAstrazeneca":131500,"dosisEntregadasJanssen":6700,"dosisPrimeraDosis":289278,"dosisPautaCompletada":119185,"porcentajeEntregadas":0.8897751913970882,"porcentajePoblacionAdministradas":0.34324390995464954,"porcentajePoblacionPrimeraDosis":0.2469205142278175,"porcentajePoblacionCompletas":0.10173335507104733,"fechaUltRegistro":1620604800000,"etarios":{"unaDosis":{"etarioTotal":{"vacunados":289278,"personasINE":986279,"porcentaje":0.29330240226142906},"etarioRangos":[{"rango":{"min":16,"max":17},"vacunados":37,"personasINE":23300,"porcentaje":0.0015879828326180257},{"rango":{"min":18,"max":24},"vacunados":3910,"personasINE":85839,"porcentaje":0.045550390847982854},{"rango":{"min":25,"max":49},"vacunados":45286,"personasINE":464054,"porcentaje":0.09758778073241477},{"rango":{"min":50,"max":59},"vacunados":31886,"personasINE":165797,"porcentaje":0.19231952327243557},{"rango":{"min":60,"max":69},"vacunados":85167,"personasINE":117231,"porcentaje":0.726488727384395},{"rango":{"min":70,"max":79},"vacunados":73204,"personasINE":80516,"porcentaje":0.9091857519002434},{"rango":{"min":80,"max":null},"vacunados":49788,"personasINE":49542,"porcentaje":1}]},"pautaCompleta":{"etarioTotal":{"vacunados":119185,"personasINE":986279,"porcentaje":0.12084308801059335},"etarioRangos":[{"rango":{"min":16,"max":17},"vacunados":32,"personasINE":23300,"porcentaje":0.0013733905579399143},{"rango":{"min":18,"max":24},"vacunados":1371,"personasINE":85839,"porcentaje":0.015971761087617515},{"rango":{"min":25,"max":49},"vacunados":18768,"personasINE":464054,"porcentaje":0.04044356906739302},{"rango":{"min":50,"max":59},"vacunados":8313,"personasINE":165797,"porcentaje":0.050139628581940564},{"rango":{"min":60,"max":69},"vacunados":5738,"personasINE":117231,"porcentaje":0.048946097875135416},{"rango":{"min":70,"max":79},"vacunados":37558,"personasINE":80516,"porcentaje":0.4664662924139302},{"rango":{"min":80,"max":null},"vacunados":47405,"personasINE":49542,"porcentaje":0.9568648823220701}]}}},{"ccaa":"Canarias","dosisAdministradas":728385,"dosisEntregadas":886980,"dosisEntregadasModerna":76600,"dosisEntregadasPfizer":553380,"dosisEntregadasAstrazeneca":244500,"dosisEntregadasJanssen":12500,"dosisPrimeraDosis":508919,"dosisPautaCompletada":230362,"porcentajeEntregadas":0.8211966447946966,"porcentajePoblacionAdministradas":0.3347431377162732,"porcentajePoblacionPrimeraDosis":0.23388337610388465,"porcentajePoblacionCompletas":0.10586722501231645,"fechaUltRegistro":1620604800000,"etarios":{"unaDosis":{"etarioTotal":{"vacunados":508919,"personasINE":1871033,"porcentaje":0.27199894389890505},"etarioRangos":[{"rango":{"min":16,"max":17},"vacunados":65,"personasINE":44352,"porcentaje":0.0014655483405483405},{"rango":{"min":18,"max":24},"vacunados":6341,"personasINE":163899,"porcentaje":0.03868846057633055},{"rango":{"min":25,"max":49},"vacunados":73716,"personasINE":832411,"porcentaje":0.08855721512570112},{"rango":{"min":50,"max":59},"vacunados":41236,"personasINE":350512,"porcentaje":0.11764504496279728},{"rango":{"min":60,"max":69},"vacunados":163289,"personasINE":235092,"porcentaje":0.6945748898303643},{"rango":{"min":70,"max":79},"vacunados":135503,"personasINE":154531,"porcentaje":0.8768661304204335},{"rango":{"min":80,"max":null},"vacunados":88769,"personasINE":90236,"porcentaje":0.9837426304357463}]},"pautaCompleta":{"etarioTotal":{"vacunados":230362,"personasINE":1871033,"porcentaje":0.1231202228929153},"etarioRangos":[{"rango":{"min":16,"max":17},"vacunados":40,"personasINE":44352,"porcentaje":0.0009018759018759019},{"rango":{"min":18,"max":24},"vacunados":2685,"personasINE":163899,"porcentaje":0.016382040158878335},{"rango":{"min":25,"max":49},"vacunados":37486,"personasINE":832411,"porcentaje":0.045033042571518155},{"rango":{"min":50,"max":59},"vacunados":19326,"personasINE":350512,"porcentaje":0.05513648605468572},{"rango":{"min":60,"max":69},"vacunados":16740,"personasINE":235092,"porcentaje":0.07120616609667704},{"rango":{"min":70,"max":79},"vacunados":73416,"personasINE":154531,"porcentaje":0.4750891406902175},{"rango":{"min":80,"max":null},"vacunados":80669,"personasINE":90236,"porcentaje":0.8939780132098054}]}}},{"ccaa":"Cantabria","dosisAdministradas":272825,"dosisEntregadas":318695,"dosisEntregadasModerna":29300,"dosisEntregadasPfizer":220695,"dosisEntregadasAstrazeneca":65400,"dosisEntregadasJanssen":3300,"dosisPrimeraDosis":185810,"dosisPautaCompletada":88648,"porcentajeEntregadas":0.8560692825428702,"porcentajePoblacionAdministradas":0.4680436777862602,"porcentajePoblacionPrimeraDosis":0.3187654935195272,"porcentajePoblacionCompletas":0.1520796699290622,"fechaUltRegistro":1620604800000,"etarios":{"unaDosis":{"etarioTotal":{"vacunados":185810,"personasINE":501384,"porcentaje":0.37059419526749954},"etarioRangos":[{"rango":{"min":16,"max":17},"vacunados":7,"personasINE":10791,"porcentaje":0.0006486887220832175},{"rango":{"min":18,"max":24},"vacunados":1642,"personasINE":34935,"porcentaje":0.04700157435236869},{"rango":{"min":25,"max":49},"vacunados":23553,"personasINE":194241,"porcentaje":0.12125658331660154},{"rango":{"min":50,"max":59},"vacunados":12224,"personasINE":89964,"porcentaje":0.13587657285136276},{"rango":{"min":60,"max":69},"vacunados":52916,"personasINE":77345,"porcentaje":0.6841554075893723},{"rango":{"min":70,"max":79},"vacunados":53821,"personasINE":53066,"porcentaje":1},{"rango":{"min":80,"max":null},"vacunados":41647,"personasINE":41042,"porcentaje":1}]},"pautaCompleta":{"etarioTotal":{"vacunados":88648,"personasINE":501384,"porcentaje":0.17680659933304613},"etarioRangos":[{"rango":{"min":16,"max":17},"vacunados":5,"personasINE":10791,"porcentaje":0.0004633490872022982},{"rango":{"min":18,"max":24},"vacunados":671,"personasINE":34935,"porcentaje":0.019207098897953342},{"rango":{"min":25,"max":49},"vacunados":11411,"personasINE":194241,"porcentaje":0.05874660859447799},{"rango":{"min":50,"max":59},"vacunados":5947,"personasINE":89964,"porcentaje":0.06610421946556401},{"rango":{"min":60,"max":69},"vacunados":4208,"personasINE":77345,"porcentaje":0.05440558536427694},{"rango":{"min":70,"max":79},"vacunados":26478,"personasINE":53066,"porcentaje":0.4989635548185279},{"rango":{"min":80,"max":null},"vacunados":39928,"personasINE":41042,"porcentaje":0.9728570732420447}]}}},{"ccaa":"Castilla y Leon","dosisAdministradas":1302889,"dosisEntregadas":1514715,"dosisEntregadasModerna":144000,"dosisEntregadasPfizer":1087815,"dosisEntregadasAstrazeneca":269100,"dosisEntregadasJanssen":13800,"dosisPrimeraDosis":876912,"dosisPautaCompletada":438362,"porcentajeEntregadas":0.8601545505260065,"porcentajePoblacionAdministradas":0.5440223840649241,"porcentajePoblacionPrimeraDosis":0.3661553339195747,"porcentajePoblacionCompletas":0.18303841718171562,"fechaUltRegistro":1620604800000,"etarios":{"unaDosis":{"etarioTotal":{"vacunados":876912,"personasINE":2092873,"porcentaje":0.41899914614981415},"etarioRangos":[{"rango":{"min":16,"max":17},"vacunados":105,"personasINE":40684,"porcentaje":0.00258086717136958},{"rango":{"min":18,"max":24},"vacunados":8189,"personasINE":144422,"porcentaje":0.05670188752406143},{"rango":{"min":25,"max":49},"vacunados":91991,"personasINE":738950,"porcentaje":0.1244888016780567},{"rango":{"min":50,"max":59},"vacunados":59246,"personasINE":381175,"porcentaje":0.15542992064012592},{"rango":{"min":60,"max":69},"vacunados":247530,"personasINE":318575,"porcentaje":0.7769912893353214},{"rango":{"min":70,"max":79},"vacunados":242833,"personasINE":245410,"porcentaje":0.9894992054113524},{"rango":{"min":80,"max":null},"vacunados":227018,"personasINE":223657,"porcentaje":1}]},"pautaCompleta":{"etarioTotal":{"vacunados":438362,"personasINE":2092873,"porcentaje":0.20945465873944571},"etarioRangos":[{"rango":{"min":16,"max":17},"vacunados":96,"personasINE":40684,"porcentaje":0.0023596499852521877},{"rango":{"min":18,"max":24},"vacunados":2861,"personasINE":144422,"porcentaje":0.01981000124634751},{"rango":{"min":25,"max":49},"vacunados":44424,"personasINE":738950,"porcentaje":0.0601177346234522},{"rango":{"min":50,"max":59},"vacunados":31867,"personasINE":381175,"porcentaje":0.08360202006952187},{"rango":{"min":60,"max":69},"vacunados":34765,"personasINE":318575,"porcentaje":0.10912657929843836},{"rango":{"min":70,"max":79},"vacunados":103724,"personasINE":245410,"porcentaje":0.4226559634896703},{"rango":{"min":80,"max":null},"vacunados":220625,"personasINE":223657,"porcentaje":0.9864435273655643}]}}},{"ccaa":"Castilla La Mancha","dosisAdministradas":867662,"dosisEntregadas":1022825,"dosisEntregadasModerna":94500,"dosisEntregadasPfizer":687825,"dosisEntregadasAstrazeneca":228800,"dosisEntregadasJanssen":11700,"dosisPrimeraDosis":602442,"dosisPautaCompletada":271684,"porcentajeEntregadas":0.8482995624862513,"porcentajePoblacionAdministradas":0.42423874974880466,"porcentajePoblacionPrimeraDosis":0.2945608323012525,"porcentajePoblacionCompletas":0.13283845608860853,"fechaUltRegistro":1620604800000},{"ccaa":"Cataluña","dosisAdministradas":3174989,"dosisEntregadas":3689220,"dosisEntregadasModerna":336200,"dosisEntregadasPfizer":2434220,"dosisEntregadasAstrazeneca":874100,"dosisEntregadasJanssen":44700,"dosisPrimeraDosis":2187429,"dosisPautaCompletada":1015798,"porcentajeEntregadas":0.8606125414044161,"porcentajePoblacionAdministradas":0.40807114831876035,"porcentajePoblacionPrimeraDosis":0.2811432303846588,"porcentajePoblacionCompletas":0.13055725746448257,"fechaUltRegistro":1620604800000,"etarios":{"unaDosis":{"etarioTotal":{"vacunados":2187429,"personasINE":6531658,"porcentaje":0.33489643823972415},"etarioRangos":[{"rango":{"min":16,"max":17},"vacunados":472,"personasINE":159864,"porcentaje":0.00295250963318821},{"rango":{"min":18,"max":24},"vacunados":41242,"personasINE":556316,"porcentaje":0.07413412520941336},{"rango":{"min":25,"max":49},"vacunados":322597,"personasINE":2803626,"porcentaje":0.11506420613876459},{"rango":{"min":50,"max":59},"vacunados":170389,"personasINE":1091780,"porcentaje":0.1560653245159281},{"rango":{"min":60,"max":69},"vacunados":639027,"personasINE":837584,"porcentaje":0.7629407916101549},{"rango":{"min":70,"max":79},"vacunados":564365,"personasINE":635292,"porcentaje":0.8883552759990682},{"rango":{"min":80,"max":null},"vacunados":449337,"personasINE":447196,"porcentaje":1}]},"pautaCompleta":{"etarioTotal":{"vacunados":1015798,"personasINE":6531658,"porcentaje":0.1555191652716661},"etarioRangos":[{"rango":{"min":16,"max":17},"vacunados":306,"personasINE":159864,"porcentaje":0.0019141270079567633},{"rango":{"min":18,"max":24},"vacunados":19226,"personasINE":556316,"porcentaje":0.034559494963294246},{"rango":{"min":25,"max":49},"vacunados":142323,"personasINE":2803626,"porcentaje":0.05076390360197829},{"rango":{"min":50,"max":59},"vacunados":77940,"personasINE":1091780,"porcentaje":0.07138800857315576},{"rango":{"min":60,"max":69},"vacunados":63485,"personasINE":837584,"porcentaje":0.07579538291084835},{"rango":{"min":70,"max":79},"vacunados":283724,"personasINE":635292,"porcentaje":0.4466040812728635},{"rango":{"min":80,"max":null},"vacunados":428794,"personasINE":447196,"porcentaje":0.9588502580523977}]}}},{"ccaa":"C. Valenciana","dosisAdministradas":2030951,"dosisEntregadas":2316030,"dosisEntregadasModerna":207100,"dosisEntregadasPfizer":1511830,"dosisEntregadasAstrazeneca":568100,"dosisEntregadasJanssen":29000,"dosisPrimeraDosis":1406410,"dosisPautaCompletada":649248,"porcentajeEntregadas":0.876910489069658,"porcentajePoblacionAdministradas":0.40158379294464913,"porcentajePoblacionPrimeraDosis":0.27809211656769856,"porcentajePoblacionCompletas":0.12837703834397163,"fechaUltRegistro":1620604800000,"etarios":{"unaDosis":{"etarioTotal":{"vacunados":1406410,"personasINE":4269305,"porcentaje":0.3294236415528991},"etarioRangos":[{"rango":{"min":16,"max":17},"vacunados":153,"personasINE":103049,"porcentaje":0.0014847305650709857},{"rango":{"min":18,"max":24},"vacunados":18258,"personasINE":352834,"porcentaje":0.05174671375207605},{"rango":{"min":25,"max":49},"vacunados":208140,"personasINE":1765967,"porcentaje":0.11786177204896807},{"rango":{"min":50,"max":59},"vacunados":99435,"personasINE":752334,"porcentaje":0.13216869103350373},{"rango":{"min":60,"max":69},"vacunados":390001,"personasINE":580728,"porcentaje":0.6715725778677798},{"rango":{"min":70,"max":79},"vacunados":399265,"personasINE":437862,"porcentaje":0.9118512225312998},{"rango":{"min":80,"max":null},"vacunados":291158,"personasINE":276531,"porcentaje":1}]},"pautaCompleta":{"etarioTotal":{"vacunados":649248,"personasINE":4269305,"porcentaje":0.1520734639478791},"etarioRangos":[{"rango":{"min":16,"max":17},"vacunados":115,"personasINE":103049,"porcentaje":0.0011159739541383225},{"rango":{"min":18,"max":24},"vacunados":5747,"personasINE":352834,"porcentaje":0.0162881128235941},{"rango":{"min":25,"max":49},"vacunados":70901,"personasINE":1765967,"porcentaje":0.04014854184704471},{"rango":{"min":50,"max":59},"vacunados":35441,"personasINE":752334,"porcentaje":0.04710806636414146},{"rango":{"min":60,"max":69},"vacunados":28308,"personasINE":580728,"porcentaje":0.04874571227838162},{"rango":{"min":70,"max":79},"vacunados":227640,"personasINE":437862,"porcentaje":0.5198898283020678},{"rango":{"min":80,"max":null},"vacunados":281096,"personasINE":276531,"porcentaje":1.0165080949332985}]}}},{"ccaa":"Extremadura","dosisAdministradas":513701,"dosisEntregadas":580375,"dosisEntregadasModerna":52900,"dosisEntregadasPfizer":401975,"dosisEntregadasAstrazeneca":119400,"dosisEntregadasJanssen":6100,"dosisPrimeraDosis":346458,"dosisPautaCompletada":171677,"porcentajeEntregadas":0.8851191040275684,"porcentajePoblacionAdministradas":0.4828075906942472,"porcentajePoblacionPrimeraDosis":0.32562239952179867,"porcentajePoblacionCompletas":0.16135253532233007,"fechaUltRegistro":1620604800000,"etarios":{"unaDosis":{"etarioTotal":{"vacunados":346458,"personasINE":911213,"porcentaje":0.38021626118152396},"etarioRangos":[{"rango":{"min":16,"max":17},"vacunados":65,"personasINE":20953,"porcentaje":0.003102181071922875},{"rango":{"min":18,"max":24},"vacunados":2415,"personasINE":76088,"porcentaje":0.031739564714541056},{"rango":{"min":25,"max":49},"vacunados":44561,"personasINE":351778,"porcentaje":0.12667364076207152},{"rango":{"min":50,"max":59},"vacunados":25367,"personasINE":169216,"porcentaje":0.14990899205748864},{"rango":{"min":60,"max":69},"vacunados":102875,"personasINE":125297,"porcentaje":0.8210491871313759},{"rango":{"min":70,"max":79},"vacunados":93589,"personasINE":91876,"porcentaje":1},{"rango":{"min":80,"max":null},"vacunados":77586,"personasINE":76005,"porcentaje":1}]},"pautaCompleta":{"etarioTotal":{"vacunados":171677,"personasINE":911213,"porcentaje":0.18840490642692762},"etarioRangos":[{"rango":{"min":16,"max":17},"vacunados":46,"personasINE":20953,"porcentaje":0.0021953896816684962},{"rango":{"min":18,"max":24},"vacunados":946,"personasINE":76088,"porcentaje":0.012432972347807802},{"rango":{"min":25,"max":49},"vacunados":20449,"personasINE":351778,"porcentaje":0.058130411793801774},{"rango":{"min":50,"max":59},"vacunados":13584,"personasINE":169216,"porcentaje":0.08027609682299545},{"rango":{"min":60,"max":69},"vacunados":9565,"personasINE":125297,"porcentaje":0.07633861944021006},{"rango":{"min":70,"max":79},"vacunados":51968,"personasINE":91876,"porcentaje":0.565631938699987},{"rango":{"min":80,"max":null},"vacunados":75119,"personasINE":76005,"porcentaje":0.9883428721794619}]}}},{"ccaa":"Galicia","dosisAdministradas":1446879,"dosisEntregadas":1601665,"dosisEntregadasModerna":147400,"dosisEntregadasPfizer":1135015,"dosisEntregadasAstrazeneca":303700,"dosisEntregadasJanssen":15550,"dosisPrimeraDosis":997150,"dosisPautaCompletada":459785,"porcentajeEntregadas":0.9033593167110475,"porcentajePoblacionAdministradas":0.535520329082,"porcentajePoblacionPrimeraDosis":0.3690661735667711,"porcentajePoblacionCompletas":0.1701760924769572,"fechaUltRegistro":1620604800000,"etarios":{"unaDosis":{"etarioTotal":{"vacunados":997150,"personasINE":2362643,"porcentaje":0.4220485278563033},"etarioRangos":[{"rango":{"min":16,"max":17},"vacunados":41,"personasINE":44014,"porcentaje":0.0009315217885218339},{"rango":{"min":18,"max":24},"vacunados":5310,"personasINE":152745,"porcentaje":0.03476382205636846},{"rango":{"min":25,"max":49},"vacunados":98905,"personasINE":889004,"porcentaje":0.11125371764356516},{"rango":{"min":50,"max":59},"vacunados":67508,"personasINE":405889,"porcentaje":0.1663213341578609},{"rango":{"min":60,"max":69},"vacunados":309926,"personasINE":346927,"porcentaje":0.8933464388761901},{"rango":{"min":70,"max":79},"vacunados":277875,"personasINE":289762,"porcentaje":0.9589766774111167},{"rango":{"min":80,"max":null},"vacunados":237585,"personasINE":234302,"porcentaje":1}]},"pautaCompleta":{"etarioTotal":{"vacunados":459785,"personasINE":2362643,"porcentaje":0.19460621007913595},"etarioRangos":[{"rango":{"min":16,"max":17},"vacunados":9,"personasINE":44014,"porcentaje":0.0002044803926023538},{"rango":{"min":18,"max":24},"vacunados":1725,"personasINE":152745,"porcentaje":0.011293332023961504},{"rango":{"min":25,"max":49},"vacunados":40523,"personasINE":889004,"porcentaje":0.04558247206986695},{"rango":{"min":50,"max":59},"vacunados":24484,"personasINE":405889,"porcentaje":0.06032191067015859},{"rango":{"min":60,"max":69},"vacunados":17655,"personasINE":346927,"porcentaje":0.05088966843168736},{"rango":{"min":70,"max":79},"vacunados":145348,"personasINE":289762,"porcentaje":0.5016116675064363},{"rango":{"min":80,"max":null},"vacunados":230041,"personasINE":234302,"porcentaje":0.9818140690220314}]}}},{"ccaa":"La Rioja","dosisAdministradas":150988,"dosisEntregadas":168795,"dosisEntregadasModerna":15300,"dosisEntregadasPfizer":115895,"dosisEntregadasAstrazeneca":35700,"dosisEntregadasJanssen":1900,"dosisPrimeraDosis":106571,"dosisPautaCompletada":46254,"porcentajeEntregadas":0.8945051689919725,"porcentajePoblacionAdministradas":0.47196434041648694,"porcentajePoblacionPrimeraDosis":0.3331239020486756,"porcentajePoblacionCompletas":0.14458260657551716,"fechaUltRegistro":1620604800000,"etarios":{"unaDosis":{"etarioTotal":{"vacunados":106571,"personasINE":270788,"porcentaje":0.3935587987650856},"etarioRangos":[{"rango":{"min":16,"max":17},"vacunados":10,"personasINE":6286,"porcentaje":0.001590836780146357},{"rango":{"min":18,"max":24},"vacunados":1360,"personasINE":21170,"porcentaje":0.06424185167690127},{"rango":{"min":25,"max":49},"vacunados":13692,"personasINE":107618,"porcentaje":0.12722778717314948},{"rango":{"min":50,"max":59},"vacunados":7141,"personasINE":47664,"porcentaje":0.14981957032561263},{"rango":{"min":60,"max":69},"vacunados":33255,"personasINE":37718,"porcentaje":0.8816745320536614},{"rango":{"min":70,"max":79},"vacunados":27990,"personasINE":28125,"porcentaje":0.9952},{"rango":{"min":80,"max":null},"vacunados":23123,"personasINE":22207,"porcentaje":1}]},"pautaCompleta":{"etarioTotal":{"vacunados":46254,"personasINE":270788,"porcentaje":0.17081259139991434},"etarioRangos":[{"rango":{"min":16,"max":17},"vacunados":9,"personasINE":6286,"porcentaje":0.0014317531021317213},{"rango":{"min":18,"max":24},"vacunados":402,"personasINE":21170,"porcentaje":0.0189891355692017},{"rango":{"min":25,"max":49},"vacunados":4839,"personasINE":107618,"porcentaje":0.044964597000501774},{"rango":{"min":50,"max":59},"vacunados":3468,"personasINE":47664,"porcentaje":0.07275931520644512},{"rango":{"min":60,"max":69},"vacunados":3900,"personasINE":37718,"porcentaje":0.10339890768333422},{"rango":{"min":70,"max":79},"vacunados":11214,"personasINE":28125,"porcentaje":0.39872},{"rango":{"min":80,"max":null},"vacunados":22422,"personasINE":22207,"porcentaje":1.0096816319178636}]}}},{"ccaa":"Madrid","dosisAdministradas":2656416,"dosisEntregadas":3069535,"dosisEntregadasModerna":276200,"dosisEntregadasPfizer":1992435,"dosisEntregadasAstrazeneca":762000,"dosisEntregadasJanssen":38900,"dosisPrimeraDosis":1911547,"dosisPautaCompletada":767401,"porcentajeEntregadas":0.8654131651862579,"porcentajePoblacionAdministradas":0.3918082422600491,"porcentajePoblacionPrimeraDosis":0.2819437430234836,"porcentajePoblacionCompletas":0.11318785797051514,"fechaUltRegistro":1620604800000,"etarios":{"unaDosis":{"etarioTotal":{"vacunados":1911547,"personasINE":5695623,"porcentaje":0.3356168412129806},"etarioRangos":[{"rango":{"min":16,"max":17},"vacunados":312,"personasINE":135861,"porcentaje":0.0022964647691390465},{"rango":{"min":18,"max":24},"vacunados":26446,"personasINE":479716,"porcentaje":0.055128451000175105},{"rango":{"min":25,"max":49},"vacunados":289843,"personasINE":2513737,"porcentaje":0.11530362961598609},{"rango":{"min":50,"max":59},"vacunados":192673,"personasINE":972783,"porcentaje":0.19806369971514717},{"rango":{"min":60,"max":69},"vacunados":564903,"personasINE":703323,"porcentaje":0.8031914212957632},{"rango":{"min":70,"max":79},"vacunados":472674,"personasINE":526081,"porcentaje":0.8984814125581422},{"rango":{"min":80,"max":null},"vacunados":364696,"personasINE":364122,"porcentaje":1}]},"pautaCompleta":{"etarioTotal":{"vacunados":767401,"personasINE":5695623,"porcentaje":0.13473521684985118},"etarioRangos":[{"rango":{"min":16,"max":17},"vacunados":156,"personasINE":135861,"porcentaje":0.0011482323845695233},{"rango":{"min":18,"max":24},"vacunados":14529,"personasINE":479716,"porcentaje":0.030286669612854273},{"rango":{"min":25,"max":49},"vacunados":115569,"personasINE":2513737,"porcentaje":0.04597497669803961},{"rango":{"min":50,"max":59},"vacunados":53878,"personasINE":972783,"porcentaje":0.055385425115364886},{"rango":{"min":60,"max":69},"vacunados":56460,"personasINE":703323,"porcentaje":0.08027606092790937},{"rango":{"min":70,"max":79},"vacunados":178370,"personasINE":526081,"porcentaje":0.33905425210186263},{"rango":{"min":80,"max":null},"vacunados":348439,"personasINE":364122,"porcentaje":0.9569292709586348}]}}},{"ccaa":"Murcia","dosisAdministradas":526801,"dosisEntregadas":660415,"dosisEntregadasModerna":57700,"dosisEntregadasPfizer":424265,"dosisEntregadasAstrazeneca":169800,"dosisEntregadasJanssen":8650,"dosisPrimeraDosis":373597,"dosisPautaCompletada":153721,"porcentajeEntregadas":0.797681760711068,"porcentajePoblacionAdministradas":0.348586038983597,"porcentajePoblacionPrimeraDosis":0.24721042368210178,"porcentajePoblacionCompletas":0.10171771598496875,"fechaUltRegistro":1620604800000,"etarios":{"unaDosis":{"etarioTotal":{"vacunados":373597,"personasINE":1237479,"porcentaje":0.30190168883673985},"etarioRangos":[{"rango":{"min":16,"max":17},"vacunados":124,"personasINE":34712,"porcentaje":0.0035722516708919104},{"rango":{"min":18,"max":24},"vacunados":7234,"personasINE":118667,"porcentaje":0.06096050291993562},{"rango":{"min":25,"max":49},"vacunados":60872,"personasINE":551265,"porcentaje":0.11042239213445439},{"rango":{"min":50,"max":59},"vacunados":41346,"personasINE":213256,"porcentaje":0.19387965637543608},{"rango":{"min":60,"max":69},"vacunados":99240,"personasINE":146909,"porcentaje":0.6755202200001361},{"rango":{"min":70,"max":79},"vacunados":92499,"personasINE":102899,"porcentaje":0.8989300187562561},{"rango":{"min":80,"max":null},"vacunados":72282,"personasINE":69771,"porcentaje":1}]},"pautaCompleta":{"etarioTotal":{"vacunados":153721,"personasINE":1237479,"porcentaje":0.12422109789337839},"etarioRangos":[{"rango":{"min":16,"max":17},"vacunados":107,"personasINE":34712,"porcentaje":0.0030825074902051165},{"rango":{"min":18,"max":24},"vacunados":2569,"personasINE":118667,"porcentaje":0.021648815593214625},{"rango":{"min":25,"max":49},"vacunados":28052,"personasINE":551265,"porcentaje":0.050886597190099137},{"rango":{"min":50,"max":59},"vacunados":14086,"personasINE":213256,"porcentaje":0.06605206887496717},{"rango":{"min":60,"max":69},"vacunados":7948,"personasINE":146909,"porcentaje":0.05410151862717737},{"rango":{"min":70,"max":79},"vacunados":33271,"personasINE":102899,"porcentaje":0.32333647557313483},{"rango":{"min":80,"max":null},"vacunados":67688,"personasINE":69771,"porcentaje":0.9701451892620143}]}}},{"ccaa":"Navarra","dosisAdministradas":300977,"dosisEntregadas":329045,"dosisEntregadasModerna":30200,"dosisEntregadasPfizer":220695,"dosisEntregadasAstrazeneca":74300,"dosisEntregadasJanssen":3850,"dosisPrimeraDosis":210661,"dosisPautaCompletada":94191,"porcentajeEntregadas":0.914698597456275,"porcentajePoblacionAdministradas":0.45520018995851463,"porcentajePoblacionPrimeraDosis":0.3186054988150279,"porcentajePoblacionCompletas":0.14245527429797775,"fechaUltRegistro":1620604800000,"etarios":{"unaDosis":{"etarioTotal":{"vacunados":210661,"personasINE":552935,"porcentaje":0.3809869152793728},"etarioRangos":[{"rango":{"min":16,"max":17},"vacunados":8,"personasINE":13906,"porcentaje":0.0005752912411908529},{"rango":{"min":18,"max":24},"vacunados":3515,"personasINE":48505,"porcentaje":0.07246675600453562},{"rango":{"min":25,"max":49},"vacunados":28529,"personasINE":223028,"porcentaje":0.12791667413956992},{"rango":{"min":50,"max":59},"vacunados":19744,"personasINE":96694,"porcentaje":0.2041905392268393},{"rango":{"min":60,"max":69},"vacunados":62619,"personasINE":73844,"porcentaje":0.8479903580521099},{"rango":{"min":70,"max":79},"vacunados":54348,"personasINE":55792,"porcentaje":0.9741181531402352},{"rango":{"min":80,"max":null},"vacunados":41898,"personasINE":41166,"porcentaje":1}]},"pautaCompleta":{"etarioTotal":{"vacunados":94191,"personasINE":552935,"porcentaje":0.17034732834781666},"etarioRangos":[{"rango":{"min":16,"max":17},"vacunados":5,"personasINE":13906,"porcentaje":0.00035955702574428305},{"rango":{"min":18,"max":24},"vacunados":950,"personasINE":48505,"porcentaje":0.01958560973095557},{"rango":{"min":25,"max":49},"vacunados":12708,"personasINE":223028,"porcentaje":0.05697939272199006},{"rango":{"min":50,"max":59},"vacunados":7936,"personasINE":96694,"porcentaje":0.08207334477837301},{"rango":{"min":60,"max":69},"vacunados":6200,"personasINE":73844,"porcentaje":0.08396078218948053},{"rango":{"min":70,"max":79},"vacunados":26395,"personasINE":55792,"porcentaje":0.4730965012905076},{"rango":{"min":80,"max":null},"vacunados":39997,"personasINE":41166,"porcentaje":0.9716027789923724}]}}},{"ccaa":"País Vasco","dosisAdministradas":1039070,"dosisEntregadas":1175600,"dosisEntregadasModerna":107400,"dosisEntregadasPfizer":805950,"dosisEntregadasAstrazeneca":249500,"dosisEntregadasJanssen":12750,"dosisPrimeraDosis":754863,"dosisPautaCompletada":296856,"porcentajeEntregadas":0.883863559033685,"porcentajePoblacionAdministradas":0.46794331377020715,"porcentajePoblacionPrimeraDosis":0.33995120026804726,"porcentajePoblacionCompletas":0.1336885680007782,"fechaUltRegistro":1620604800000,"etarios":{"unaDosis":{"etarioTotal":{"vacunados":754863,"personasINE":1898123,"porcentaje":0.3976891908480114},"etarioRangos":[{"rango":{"min":16,"max":17},"vacunados":21,"personasINE":41824,"porcentaje":0.0005021040550879877},{"rango":{"min":18,"max":24},"vacunados":12373,"personasINE":140323,"porcentaje":0.08817513878694155},{"rango":{"min":25,"max":49},"vacunados":96611,"personasINE":724849,"porcentaje":0.13328431162904275},{"rango":{"min":50,"max":59},"vacunados":55446,"personasINE":339977,"porcentaje":0.16308750297814265},{"rango":{"min":60,"max":69},"vacunados":228299,"personasINE":280119,"porcentaje":0.8150071933713886},{"rango":{"min":70,"max":79},"vacunados":202052,"personasINE":213081,"porcentaje":0.9482403405277805},{"rango":{"min":80,"max":null},"vacunados":160061,"personasINE":157950,"porcentaje":1}]},"pautaCompleta":{"etarioTotal":{"vacunados":296856,"personasINE":1898123,"porcentaje":0.15639450130470997},"etarioRangos":[{"rango":{"min":16,"max":17},"vacunados":8,"personasINE":41824,"porcentaje":0.00019127773527161438},{"rango":{"min":18,"max":24},"vacunados":3745,"personasINE":140323,"porcentaje":0.02668842598861199},{"rango":{"min":25,"max":49},"vacunados":39794,"personasINE":724849,"porcentaje":0.05489971014652707},{"rango":{"min":50,"max":59},"vacunados":24490,"personasINE":339977,"porcentaje":0.07203428467219841},{"rango":{"min":60,"max":69},"vacunados":15788,"personasINE":280119,"porcentaje":0.05636176053748585},{"rango":{"min":70,"max":79},"vacunados":61654,"personasINE":213081,"porcentaje":0.28934536631609575},{"rango":{"min":80,"max":null},"vacunados":151377,"personasINE":157950,"porcentaje":0.9583855650522317}]}}},{"ccaa":"Ceuta","dosisAdministradas":26314,"dosisEntregadas":30240,"dosisEntregadasModerna":2600,"dosisEntregadasPfizer":17190,"dosisEntregadasAstrazeneca":10000,"dosisEntregadasJanssen":450,"dosisPrimeraDosis":18530,"dosisPautaCompletada":8231,"porcentajeEntregadas":0.8701719576719577,"porcentajePoblacionAdministradas":0.31251039167715733,"porcentajePoblacionPrimeraDosis":0.22006603168570818,"porcentajePoblacionCompletas":0.09775302249352746,"fechaUltRegistro":1620604800000,"etarios":{"unaDosis":{"etarioTotal":{"vacunados":18530,"personasINE":66158,"porcentaje":0.2800870643006137},"etarioRangos":[{"rango":{"min":16,"max":17},"vacunados":6,"personasINE":2175,"porcentaje":0.002758620689655172},{"rango":{"min":18,"max":24},"vacunados":321,"personasINE":7581,"porcentaje":0.042342698852394146},{"rango":{"min":25,"max":49},"vacunados":3777,"personasINE":30066,"porcentaje":0.1256236280183596},{"rango":{"min":50,"max":59},"vacunados":2942,"personasINE":11556,"porcentaje":0.25458636206299756},{"rango":{"min":60,"max":69},"vacunados":5612,"personasINE":7857,"porcentaje":0.7142675321369479},{"rango":{"min":70,"max":79},"vacunados":3573,"personasINE":4318,"porcentaje":0.8274664196387216},{"rango":{"min":80,"max":null},"vacunados":2299,"personasINE":2605,"porcentaje":0.8825335892514395}]},"pautaCompleta":{"etarioTotal":{"vacunados":8231,"personasINE":66158,"porcentaje":0.12441428096375344},"etarioRangos":[{"rango":{"min":16,"max":17},"vacunados":0,"personasINE":2175,"porcentaje":0},{"rango":{"min":18,"max":24},"vacunados":63,"personasINE":7581,"porcentaje":0.008310249307479225},{"rango":{"min":25,"max":49},"vacunados":919,"personasINE":30066,"porcentaje":0.03056608793986563},{"rango":{"min":50,"max":59},"vacunados":661,"personasINE":11556,"porcentaje":0.057199723087573554},{"rango":{"min":60,"max":69},"vacunados":990,"personasINE":7857,"porcentaje":0.12600229095074456},{"rango":{"min":70,"max":79},"vacunados":3361,"personasINE":4318,"porcentaje":0.7783696155627605},{"rango":{"min":80,"max":null},"vacunados":2237,"personasINE":2605,"porcentaje":0.8587332053742802}]}}},{"ccaa":"Melilla","dosisAdministradas":21973,"dosisEntregadas":30140,"dosisEntregadasModerna":2500,"dosisEntregadasPfizer":17190,"dosisEntregadasAstrazeneca":10000,"dosisEntregadasJanssen":450,"dosisPrimeraDosis":15458,"dosisPautaCompletada":6766,"porcentajeEntregadas":0.7290311877903118,"porcentajePoblacionAdministradas":0.2523427810188801,"porcentajePoblacionPrimeraDosis":0.1775230832835684,"porcentajePoblacionCompletas":0.07770223712618862,"fechaUltRegistro":1620259200000,"etarios":{"unaDosis":{"etarioTotal":{"vacunados":15458,"personasINE":66178,"porcentaje":0.23358215721236664},"etarioRangos":[{"rango":{"min":16,"max":17},"vacunados":6,"personasINE":2324,"porcentaje":0.0025817555938037868},{"rango":{"min":18,"max":24},"vacunados":213,"personasINE":8536,"porcentaje":0.024953139643861293},{"rango":{"min":25,"max":49},"vacunados":3419,"personasINE":30095,"porcentaje":0.11360691144708424},{"rango":{"min":50,"max":59},"vacunados":2006,"personasINE":11299,"porcentaje":0.17753783520665545},{"rango":{"min":60,"max":69},"vacunados":5083,"personasINE":7827,"porcentaje":0.6494186789319024},{"rango":{"min":70,"max":79},"vacunados":2896,"personasINE":3748,"porcentaje":0.7726787620064034},{"rango":{"min":80,"max":null},"vacunados":1835,"personasINE":2349,"porcentaje":0.7811834823329076}]},"pautaCompleta":{"etarioTotal":{"vacunados":6766,"personasINE":66178,"porcentaje":0.10223941491129983},"etarioRangos":[{"rango":{"min":16,"max":17},"vacunados":6,"personasINE":2324,"porcentaje":0.0025817555938037868},{"rango":{"min":18,"max":24},"vacunados":74,"personasINE":8536,"porcentaje":0.008669165885660732},{"rango":{"min":25,"max":49},"vacunados":886,"personasINE":30095,"porcentaje":0.029440106329955144},{"rango":{"min":50,"max":59},"vacunados":585,"personasINE":11299,"porcentaje":0.05177449331799274},{"rango":{"min":60,"max":69},"vacunados":1154,"personasINE":7827,"porcentaje":0.14743835441420722},{"rango":{"min":70,"max":79},"vacunados":2394,"personasINE":3748,"porcentaje":0.6387406616862327},{"rango":{"min":80,"max":null},"vacunados":1667,"personasINE":2349,"porcentaje":0.709663686675181}]}}},{"ccaa":"Fuerzas Armadas","dosisAdministradas":75974,"dosisEntregadas":91340,"dosisEntregadasModerna":3400,"dosisEntregadasPfizer":21840,"dosisEntregadasAstrazeneca":66100,"dosisEntregadasJanssen":0,"dosisPrimeraDosis":66489,"dosisPautaCompletada":9485,"porcentajeEntregadas":0.8317714035471864,"porcentajePoblacionAdministradas":null,"porcentajePoblacionPrimeraDosis":null,"porcentajePoblacionCompletas":null,"fechaUltRegistro":1620604800000},{"ccaa":"Totales","dosisAdministradas":20162661,"dosisEntregadas":23107595,"dosisEntregadasModerna":2087600,"dosisEntregadasPfizer":15350595,"dosisEntregadasAstrazeneca":5397000,"dosisEntregadasJanssen":272400,"dosisPrimeraDosis":14028954,"dosisPautaCompletada":6327447,"porcentajeEntregadas":0.8725555818335919,"porcentajePoblacionAdministradas":0.4295411376224968,"porcentajePoblacionPrimeraDosis":0.2988699190455901,"porcentajePoblacionCompletas":0.13479861525351514,"fechaUltRegistro":null,"etarios":{"unaDosis":{"etarioTotal":{"vacunados":14028954,"personasINE":40129822,"porcentaje":0.3495892406400407},"etarioRangos":[{"rango":{"min":16,"max":17},"vacunados":2026,"personasINE":949049,"porcentaje":0.0021347685946668717},{"rango":{"min":18,"max":24},"vacunados":194436,"personasINE":3310299,"porcentaje":0.05873668813602638},{"rango":{"min":25,"max":49},"vacunados":1979245,"personasINE":16706113,"porcentaje":0.11847429740239396},{"rango":{"min":50,"max":59},"vacunados":1174923,"personasINE":7033306,"porcentaje":0.16705131271126267},{"rango":{"min":60,"max":69},"vacunados":4112694,"personasINE":5336986,"porcentaje":0.7706023587095788},{"rango":{"min":70,"max":79},"vacunados":3686268,"personasINE":3960045,"porcentaje":0.9308651795623535},{"rango":{"min":80,"max":null},"vacunados":2879362,"personasINE":2834024,"porcentaje":1}]},"pautaCompleta":{"etarioTotal":{"vacunados":6327447,"personasINE":40129822,"porcentaje":0.157674434738335},"etarioRangos":[{"rango":{"min":16,"max":17},"vacunados":1361,"personasINE":949049,"porcentaje":0.0014340671556473902},{"rango":{"min":18,"max":24},"vacunados":80704,"personasINE":3310299,"porcentaje":0.024379670839401516},{"rango":{"min":25,"max":49},"vacunados":828725,"personasINE":16706113,"porcentaje":0.04960609329052186},{"rango":{"min":50,"max":59},"vacunados":458849,"personasINE":7033306,"porcentaje":0.0652394478499869},{"rango":{"min":60,"max":69},"vacunados":374250,"personasINE":5336986,"porcentaje":0.07012384892896477},{"rango":{"min":70,"max":79},"vacunados":1820186,"personasINE":3960045,"porcentaje":0.45963770613717775},{"rango":{"min":80,"max":null},"vacunados":2763372,"personasINE":2834024,"porcentaje":0.9750700770353391}]}}}]