[{"ccaa":"Andalucía","dosisAdministradas":12453918,"dosisEntregadas":13392170,"dosisEntregadasModerna":2019500,"dosisEntregadasPfizer":9306270,"dosisEntregadasAstrazeneca":1603000,"dosisEntregadasJanssen":463400,"dosisPrimeraDosis":6708894,"dosisPautaCompletada":6430584,"porcentajeEntregadas":0.9299402561347414,"porcentajePoblacionAdministradas":1.4713271838997422,"porcentajePoblacionPrimeraDosis":0.7926002175461471,"porcentajePoblacionCompletas":0.7597201978968177,"fechaUltRegistro":1631577600000,"etarios":{"unaDosis":{"etarioTotal":{"vacunados":6708894,"personasINE":7451975,"porcentaje":0.9002840186661926},"etarioRangos":[{"rango":{"min":12,"max":19},"vacunados":626669,"personasINE":752907,"porcentaje":0.7850866613831363},{"rango":{"min":20,"max":29},"vacunados":729088,"personasINE":928672,"porcentaje":0.8903729223731766},{"rango":{"min":30,"max":39},"vacunados":902870,"personasINE":1140217,"porcentaje":0.8903729223731766},{"rango":{"min":40,"max":49},"vacunados":1233268,"personasINE":1385114,"porcentaje":0.8903729223731766},{"rango":{"min":50,"max":59},"vacunados":1205631,"personasINE":1265021,"porcentaje":0.9530521627704204},{"rango":{"min":60,"max":69},"vacunados":924550,"personasINE":924550,"porcentaje":1},{"rango":{"min":70,"max":79},"vacunados":653163,"personasINE":653163,"porcentaje":1},{"rango":{"min":80,"max":null},"vacunados":433655,"personasINE":433655,"porcentaje":1}]},"pautaCompleta":{"etarioTotal":{"vacunados":6430584,"personasINE":7451975,"porcentaje":0.8629368724398565},"etarioRangos":[{"rango":{"min":12,"max":19},"vacunados":512655,"personasINE":752907.0000000001,"porcentaje":0.7238196047689605},{"rango":{"min":20,"max":29},"vacunados":672191,"personasINE":928671.9999999999,"porcentaje":0.8729303147610955},{"rango":{"min":30,"max":39},"vacunados":860852,"personasINE":1140217,"porcentaje":0.8729303147610955},{"rango":{"min":40,"max":49},"vacunados":1209108,"personasINE":1385114,"porcentaje":0.8729303147610955},{"rango":{"min":50,"max":59},"vacunados":1190692,"personasINE":1265021,"porcentaje":0.9412428726479639},{"rango":{"min":60,"max":69},"vacunados":910791,"personasINE":916147,"porcentaje":0.9941537766319161},{"rango":{"min":70,"max":79},"vacunados":647305,"personasINE":650381,"porcentaje":0.9952704645430909},{"rango":{"min":80,"max":null},"vacunados":426990,"personasINE":426990,"porcentaje":1}]}}},{"ccaa":"Aragón","dosisAdministradas":1933344,"dosisEntregadas":2113445,"dosisEntregadasModerna":275200,"dosisEntregadasPfizer":1508445,"dosisEntregadasAstrazeneca":265100,"dosisEntregadasJanssen":64700,"dosisPrimeraDosis":1049503,"dosisPautaCompletada":1005575,"porcentajeEntregadas":0.9147832094045504,"porcentajePoblacionAdministradas":1.4543080252536689,"porcentajePoblacionPrimeraDosis":0.7894614902613302,"porcentajePoblacionCompletas":0.7564177882955428,"fechaUltRegistro":1631577600000,"etarios":{"unaDosis":{"etarioTotal":{"vacunados":1049503,"personasINE":1185134,"porcentaje":0.8855564012170776},"etarioRangos":[{"rango":{"min":12,"max":19},"vacunados":83845,"personasINE":103109,"porcentaje":0.7623637855537918},{"rango":{"min":20,"max":29},"vacunados":99413,"personasINE":130401,"porcentaje":0.862693830457377},{"rango":{"min":30,"max":39},"vacunados":122004,"personasINE":164286,"porcentaje":0.862693830457377},{"rango":{"min":40,"max":49},"vacunados":185430,"personasINE":214943,"porcentaje":0.862693830457377},{"rango":{"min":50,"max":59},"vacunados":184720,"personasINE":198266,"porcentaje":0.9316776451837431},{"rango":{"min":60,"max":69},"vacunados":153897,"personasINE":156367,"porcentaje":0.9842038281734637},{"rango":{"min":70,"max":79},"vacunados":119068,"personasINE":119068,"porcentaje":1},{"rango":{"min":80,"max":null},"vacunados":101126,"personasINE":101126,"porcentaje":1}]},"pautaCompleta":{"etarioTotal":{"vacunados":1005575,"personasINE":1185134,"porcentaje":0.8484905504356469},"etarioRangos":[{"rango":{"min":12,"max":19},"vacunados":65393,"personasINE":103109,"porcentaje":0.7043887700247697},{"rango":{"min":20,"max":29},"vacunados":91853,"personasINE":130401,"porcentaje":0.8445355280237086},{"rango":{"min":30,"max":39},"vacunados":115339,"personasINE":164286,"porcentaje":0.8445355280237086},{"rango":{"min":40,"max":49},"vacunados":181527,"personasINE":214943,"porcentaje":0.8445355280237086},{"rango":{"min":50,"max":59},"vacunados":182152,"personasINE":198266,"porcentaje":0.9187253487738695},{"rango":{"min":60,"max":69},"vacunados":151390,"personasINE":156367,"porcentaje":0.9681710335300927},{"rango":{"min":70,"max":79},"vacunados":118180,"personasINE":118955,"porcentaje":0.9934849312765331},{"rango":{"min":80,"max":null},"vacunados":99741,"personasINE":99741,"porcentaje":1}]}}},{"ccaa":"Asturias","dosisAdministradas":1636690,"dosisEntregadas":1632755,"dosisEntregadasModerna":162000,"dosisEntregadasPfizer":1200155,"dosisEntregadasAstrazeneca":220900,"dosisEntregadasJanssen":49700,"dosisPrimeraDosis":866927,"dosisPautaCompletada":842052,"porcentajeEntregadas":1.0024100370233133,"porcentajePoblacionAdministradas":1.6065132550177466,"porcentajePoblacionPrimeraDosis":0.8509428887772089,"porcentajePoblacionCompletas":0.8265265257404906,"fechaUltRegistro":1631577600000,"etarios":{"unaDosis":{"etarioTotal":{"vacunados":866927,"personasINE":933927,"porcentaje":0.9282599175310275},"etarioRangos":[{"rango":{"min":12,"max":19},"vacunados":58781,"personasINE":64000,"porcentaje":0.8201640732641479},{"rango":{"min":20,"max":29},"vacunados":64884,"personasINE":79111,"porcentaje":0.897396896875917},{"rango":{"min":30,"max":39},"vacunados":89723,"personasINE":114451,"porcentaje":0.897396896875917},{"rango":{"min":40,"max":49},"vacunados":149859,"personasINE":166993,"porcentaje":0.897396896875917},{"rango":{"min":50,"max":59},"vacunados":152742,"personasINE":162645,"porcentaje":0.9391127916628239},{"rango":{"min":60,"max":69},"vacunados":147837,"personasINE":149652,"porcentaje":0.987871862721514},{"rango":{"min":70,"max":79},"vacunados":114242,"personasINE":114242,"porcentaje":1},{"rango":{"min":80,"max":null},"vacunados":88859,"personasINE":88859,"porcentaje":1}]},"pautaCompleta":{"etarioTotal":{"vacunados":842052,"personasINE":933927,"porcentaje":0.9016250734800472},"etarioRangos":[{"rango":{"min":12,"max":19},"vacunados":47859,"personasINE":64000,"porcentaje":0.7646850627599197},{"rango":{"min":20,"max":29},"vacunados":60495,"personasINE":79111,"porcentaje":0.8873066535723054},{"rango":{"min":30,"max":39},"vacunados":86071,"personasINE":114450.99999999999,"porcentaje":0.8873066535723054},{"rango":{"min":40,"max":49},"vacunados":148174,"personasINE":166993,"porcentaje":0.8873066535723054},{"rango":{"min":50,"max":59},"vacunados":151469,"personasINE":162645,"porcentaje":0.9312859294783117},{"rango":{"min":60,"max":69},"vacunados":146280,"personasINE":149652,"porcentaje":0.9774677251222837},{"rango":{"min":70,"max":79},"vacunados":113690,"personasINE":113690,"porcentaje":1},{"rango":{"min":80,"max":null},"vacunados":88014,"personasINE":88014,"porcentaje":1}]}}},{"ccaa":"Baleares","dosisAdministradas":1554338,"dosisEntregadas":1896050,"dosisEntregadasModerna":305100,"dosisEntregadasPfizer":1272150,"dosisEntregadasAstrazeneca":256400,"dosisEntregadasJanssen":62400,"dosisPrimeraDosis":837269,"dosisPautaCompletada":806435,"porcentajeEntregadas":0.8197769046174943,"porcentajePoblacionAdministradas":1.326744302172434,"porcentajePoblacionPrimeraDosis":0.7146720180138502,"porcentajePoblacionCompletas":0.6883528816270508,"fechaUltRegistro":1631577600000,"etarios":{"unaDosis":{"etarioTotal":{"vacunados":837269,"personasINE":1034867,"porcentaje":0.8090595216583387},"etarioRangos":[{"rango":{"min":12,"max":19},"vacunados":71549,"personasINE":95480,"porcentaje":0.6664105203636311},{"rango":{"min":20,"max":29},"vacunados":91926,"personasINE":137942,"porcentaje":0.7965533632112993},{"rango":{"min":30,"max":39},"vacunados":120697,"personasINE":182187,"porcentaje":0.7965533632112993},{"rango":{"min":40,"max":49},"vacunados":164227,"personasINE":206172,"porcentaje":0.7965533632112993},{"rango":{"min":50,"max":59},"vacunados":148806,"personasINE":165797,"porcentaje":0.8975192554750689},{"rango":{"min":60,"max":69},"vacunados":109658,"personasINE":117231,"porcentaje":0.9354010457984663},{"rango":{"min":70,"max":79},"vacunados":79027,"personasINE":80516,"porcentaje":0.9815067812608674},{"rango":{"min":80,"max":null},"vacunados":51379,"personasINE":51379,"porcentaje":1}]},"pautaCompleta":{"etarioTotal":{"vacunados":806435,"personasINE":1034867,"porcentaje":0.7792643885639411},"etarioRangos":[{"rango":{"min":12,"max":19},"vacunados":63369,"personasINE":95480,"porcentaje":0.6194342549767293},{"rango":{"min":20,"max":29},"vacunados":85446,"personasINE":137942,"porcentaje":0.7749936945851037},{"rango":{"min":30,"max":39},"vacunados":114340,"personasINE":182187,"porcentaje":0.7749936945851037},{"rango":{"min":40,"max":49},"vacunados":159782,"personasINE":206172,"porcentaje":0.7749936945851037},{"rango":{"min":50,"max":59},"vacunados":146222,"personasINE":165797,"porcentaje":0.8819339312532796},{"rango":{"min":60,"max":69},"vacunados":108174,"personasINE":117231,"porcentaje":0.9227422780663818},{"rango":{"min":70,"max":79},"vacunados":78423,"personasINE":80516,"porcentaje":0.9740051666749466},{"rango":{"min":80,"max":null},"vacunados":50679,"personasINE":50679,"porcentaje":1}]}}},{"ccaa":"Canarias","dosisAdministradas":3070331,"dosisEntregadas":3488910,"dosisEntregadasModerna":574700,"dosisEntregadasPfizer":2324760,"dosisEntregadasAstrazeneca":455800,"dosisEntregadasJanssen":133650,"dosisPrimeraDosis":1649531,"dosisPautaCompletada":1584593,"porcentajeEntregadas":0.8800258533467472,"porcentajePoblacionAdministradas":1.4110288278417906,"porcentajePoblacionPrimeraDosis":0.7580732479392928,"porcentajePoblacionCompletas":0.7282297587446782,"fechaUltRegistro":1631577600000,"etarios":{"unaDosis":{"etarioTotal":{"vacunados":1649531,"personasINE":1960774,"porcentaje":0.8412652350551364},"etarioRangos":[{"rango":{"min":12,"max":19},"vacunados":142725,"personasINE":179797,"porcentaje":0.7198666920889143},{"rango":{"min":20,"max":29},"vacunados":181225,"personasINE":251748,"porcentaje":0.8116899186438581},{"rango":{"min":30,"max":39},"vacunados":224434,"personasINE":310934,"porcentaje":0.8116899186438581},{"rango":{"min":40,"max":49},"vacunados":314874,"personasINE":387924,"porcentaje":0.8116899186438581},{"rango":{"min":50,"max":59},"vacunados":318950,"personasINE":350512,"porcentaje":0.9099545807276213},{"rango":{"min":60,"max":69},"vacunados":223491,"personasINE":235092,"porcentaje":0.9506533612373028},{"rango":{"min":70,"max":79},"vacunados":151001,"personasINE":154531,"porcentaje":0.9771566870077848},{"rango":{"min":80,"max":null},"vacunados":92831,"personasINE":92831,"porcentaje":1}]},"pautaCompleta":{"etarioTotal":{"vacunados":1584593,"personasINE":1960774,"porcentaje":0.8081466808515413},"etarioRangos":[{"rango":{"min":12,"max":19},"vacunados":122573,"personasINE":179797,"porcentaje":0.664056914056914},{"rango":{"min":20,"max":29},"vacunados":167175,"personasINE":251748,"porcentaje":0.7953568224703808},{"rango":{"min":30,"max":39},"vacunados":213022,"personasINE":310934,"porcentaje":0.7953568224703808},{"rango":{"min":40,"max":49},"vacunados":308538,"personasINE":387924,"porcentaje":0.7953568224703808},{"rango":{"min":50,"max":59},"vacunados":315312,"personasINE":350512,"porcentaje":0.8995754781576665},{"rango":{"min":60,"max":69},"vacunados":216862,"personasINE":235092,"porcentaje":0.9224558896091742},{"rango":{"min":70,"max":79},"vacunados":149614,"personasINE":154531,"porcentaje":0.9681811416479541},{"rango":{"min":80,"max":null},"vacunados":91497,"personasINE":91497,"porcentaje":1}]}}},{"ccaa":"Cantabria","dosisAdministradas":873252,"dosisEntregadas":931515,"dosisEntregadasModerna":114900,"dosisEntregadasPfizer":666465,"dosisEntregadasAstrazeneca":125200,"dosisEntregadasJanssen":24950,"dosisPrimeraDosis":472037,"dosisPautaCompletada":441770,"porcentajeEntregadas":0.9374535031642003,"porcentajePoblacionAdministradas":1.498103464543965,"porcentajePoblacionPrimeraDosis":0.8098009109546153,"porcentajePoblacionCompletas":0.7578764978855903,"fechaUltRegistro":1631577600000,"etarios":{"unaDosis":{"etarioTotal":{"vacunados":472037,"personasINE":524127,"porcentaje":0.9006156904719658},"etarioRangos":[{"rango":{"min":12,"max":19},"vacunados":35992,"personasINE":43963,"porcentaje":0.7686169686169686},{"rango":{"min":20,"max":29},"vacunados":38819,"personasINE":50505,"porcentaje":0.885464717855353},{"rango":{"min":30,"max":39},"vacunados":52848,"personasINE":70473,"porcentaje":0.885464717855353},{"rango":{"min":40,"max":49},"vacunados":86571,"personasINE":97769,"porcentaje":0.885464717855353},{"rango":{"min":50,"max":59},"vacunados":83525,"personasINE":89964,"porcentaje":0.928426926326086},{"rango":{"min":60,"max":69},"vacunados":76244,"personasINE":77345,"porcentaje":0.9857650785441852},{"rango":{"min":70,"max":79},"vacunados":55813,"personasINE":55813,"porcentaje":1},{"rango":{"min":80,"max":null},"vacunados":42225,"personasINE":42225,"porcentaje":1}]},"pautaCompleta":{"etarioTotal":{"vacunados":441770,"personasINE":524127,"porcentaje":0.8428682361336088},"etarioRangos":[{"rango":{"min":12,"max":19},"vacunados":16691,"personasINE":43963,"porcentaje":0.678982278982279},{"rango":{"min":20,"max":29},"vacunados":34292,"personasINE":50505,"porcentaje":0.8689564176784053},{"rango":{"min":30,"max":39},"vacunados":49971,"personasINE":70473,"porcentaje":0.8689564176784053},{"rango":{"min":40,"max":49},"vacunados":84957,"personasINE":97769,"porcentaje":0.8689564176784053},{"rango":{"min":50,"max":59},"vacunados":82793,"personasINE":89964,"porcentaje":0.9202903383575652},{"rango":{"min":60,"max":69},"vacunados":75714,"personasINE":77345,"porcentaje":0.9789126640377529},{"rango":{"min":70,"max":79},"vacunados":55595,"personasINE":55595,"porcentaje":1},{"rango":{"min":80,"max":null},"vacunados":41757,"personasINE":41757,"porcentaje":1}]}}},{"ccaa":"Castilla y Leon","dosisAdministradas":3648481,"dosisEntregadas":3825865,"dosisEntregadasModerna":412400,"dosisEntregadasPfizer":2819415,"dosisEntregadasAstrazeneca":481200,"dosisEntregadasJanssen":112850,"dosisPrimeraDosis":1968511,"dosisPautaCompletada":1881226,"porcentajeEntregadas":0.953635583064222,"porcentajePoblacionAdministradas":1.5234262717971971,"porcentajePoblacionPrimeraDosis":0.8219534029975138,"porcentajePoblacionCompletas":0.785507478752926,"fechaUltRegistro":1631577600000,"etarios":{"unaDosis":{"etarioTotal":{"vacunados":1968511,"personasINE":2176253,"porcentaje":0.9045414296959039},"etarioRangos":[{"rango":{"min":12,"max":19},"vacunados":133046,"personasINE":165342,"porcentaje":0.7767314673516393},{"rango":{"min":20,"max":29},"vacunados":163895,"personasINE":211006,"porcentaje":0.8718019295082644},{"rango":{"min":30,"max":39},"vacunados":206548,"personasINE":267783,"porcentaje":0.8718019295082644},{"rango":{"min":40,"max":49},"vacunados":316730,"personasINE":363305,"porcentaje":0.8718019295082644},{"rango":{"min":50,"max":59},"vacunados":350026,"personasINE":381175,"porcentaje":0.9182816291729521},{"rango":{"min":60,"max":69},"vacunados":318973,"personasINE":318973,"porcentaje":1},{"rango":{"min":70,"max":79},"vacunados":250147,"personasINE":250147,"porcentaje":1},{"rango":{"min":80,"max":null},"vacunados":229146,"personasINE":229146,"porcentaje":1}]},"pautaCompleta":{"etarioTotal":{"vacunados":1881226,"personasINE":2176253,"porcentaje":0.8644335010681203},"etarioRangos":[{"rango":{"min":12,"max":19},"vacunados":90352,"personasINE":165342,"porcentaje":0.7092025819171018},{"rango":{"min":20,"max":29},"vacunados":149646,"personasINE":211006,"porcentaje":0.8530325759348206},{"rango":{"min":30,"max":39},"vacunados":196955,"personasINE":267783,"porcentaje":0.8530325759348206},{"rango":{"min":40,"max":49},"vacunados":309911,"personasINE":363305,"porcentaje":0.8530325759348206},{"rango":{"min":50,"max":59},"vacunados":344612,"personasINE":381175,"porcentaje":0.9040781793139634},{"rango":{"min":60,"max":69},"vacunados":314690,"personasINE":318575,"porcentaje":0.9878050694498941},{"rango":{"min":70,"max":79},"vacunados":248582,"personasINE":248582,"porcentaje":1},{"rango":{"min":80,"max":null},"vacunados":226478,"personasINE":226478,"porcentaje":1}]}}},{"ccaa":"Castilla La Mancha","dosisAdministradas":2931269,"dosisEntregadas":3216670,"dosisEntregadasModerna":446800,"dosisEntregadasPfizer":2256795,"dosisEntregadasAstrazeneca":411700,"dosisEntregadasJanssen":101375,"dosisPrimeraDosis":1592867,"dosisPautaCompletada":1500352,"porcentajeEntregadas":0.9112743924617694,"porcentajePoblacionAdministradas":1.4332284872881709,"porcentajePoblacionPrimeraDosis":0.7788239021602067,"porcentajePoblacionCompletas":0.7335891818048025,"fechaUltRegistro":1631577600000},{"ccaa":"Cataluña","dosisAdministradas":10727914,"dosisEntregadas":11863410,"dosisEntregadasModerna":1604900,"dosisEntregadasPfizer":8368460,"dosisEntregadasAstrazeneca":1514300,"dosisEntregadasJanssen":375750,"dosisPrimeraDosis":5813881,"dosisPautaCompletada":5556522,"porcentajeEntregadas":0.90428586721693,"porcentajePoblacionAdministradas":1.3788243628702037,"porcentajePoblacionPrimeraDosis":0.747239469446547,"porcentajePoblacionCompletas":0.7141619429857725,"fechaUltRegistro":1631577600000,"etarios":{"unaDosis":{"etarioTotal":{"vacunados":5813881,"personasINE":6868360,"porcentaje":0.8464729571542552},"etarioRangos":[{"rango":{"min":12,"max":19},"vacunados":485927,"personasINE":656166,"porcentaje":0.7007205564197465},{"rango":{"min":20,"max":29},"vacunados":587859,"personasINE":838935,"porcentaje":0.8435859366396938},{"rango":{"min":30,"max":39},"vacunados":741401,"personasINE":1044652,"porcentaje":0.8435859366396938},{"rango":{"min":40,"max":49},"vacunados":1110796,"personasINE":1316755,"porcentaje":0.8435859366396938},{"rango":{"min":50,"max":59},"vacunados":1017023,"personasINE":1091780,"porcentaje":0.931527413947865},{"rango":{"min":60,"max":69},"vacunados":795507,"personasINE":837584,"porcentaje":0.9497638445815584},{"rango":{"min":70,"max":79},"vacunados":617236,"personasINE":635292,"porcentaje":0.9715784237799311},{"rango":{"min":80,"max":null},"vacunados":458132,"personasINE":458132,"porcentaje":1}]},"pautaCompleta":{"etarioTotal":{"vacunados":5556522,"personasINE":6868360,"porcentaje":0.809002731365275},"etarioRangos":[{"rango":{"min":12,"max":19},"vacunados":400066,"personasINE":656166,"porcentaje":0.6393379701645538},{"rango":{"min":20,"max":29},"vacunados":536363,"personasINE":838935,"porcentaje":0.8215127339558232},{"rango":{"min":30,"max":39},"vacunados":691887,"personasINE":1044652,"porcentaje":0.8215127339558232},{"rango":{"min":40,"max":49},"vacunados":1081731,"personasINE":1316755,"porcentaje":0.8215127339558232},{"rango":{"min":50,"max":59},"vacunados":1001769,"personasINE":1091780,"porcentaje":0.9175557346718203},{"rango":{"min":60,"max":69},"vacunados":780306,"personasINE":837584,"porcentaje":0.9316152171006132},{"rango":{"min":70,"max":79},"vacunados":612514,"personasINE":635292,"porcentaje":0.9641456212261448},{"rango":{"min":80,"max":null},"vacunados":451886,"personasINE":451886,"porcentaje":1}]}}},{"ccaa":"C. Valenciana","dosisAdministradas":7418746,"dosisEntregadas":8010150,"dosisEntregadasModerna":1213650,"dosisEntregadasPfizer":5719150,"dosisEntregadasAstrazeneca":863900,"dosisEntregadasJanssen":213450,"dosisPrimeraDosis":4022615,"dosisPautaCompletada":3841785,"porcentajeEntregadas":0.9261681741290737,"porcentajePoblacionAdministradas":1.466922716290518,"porcentajePoblacionPrimeraDosis":0.7953992928711917,"porcentajePoblacionCompletas":0.7596434340256653,"fechaUltRegistro":1631577600000,"etarios":{"unaDosis":{"etarioTotal":{"vacunados":4022615,"personasINE":4488459,"porcentaje":0.8962129318770652},"etarioRangos":[{"rango":{"min":12,"max":19},"vacunados":351861,"personasINE":424531,"porcentaje":0.7976734363314385},{"rango":{"min":20,"max":29},"vacunados":411700,"personasINE":516125.99999999994,"porcentaje":0.8782216282991305},{"rango":{"min":30,"max":39},"vacunados":499522,"personasINE":648759,"porcentaje":0.8782216282991305},{"rango":{"min":40,"max":49},"vacunados":747883,"personasINE":851588,"porcentaje":0.8782216282991305},{"rango":{"min":50,"max":59},"vacunados":712605,"personasINE":752334,"porcentaje":0.9471923374458685},{"rango":{"min":60,"max":69},"vacunados":568203,"personasINE":580728,"porcentaje":0.9784322436665702},{"rango":{"min":70,"max":79},"vacunados":433892,"personasINE":437862,"porcentaje":0.9909332164015147},{"rango":{"min":80,"max":null},"vacunados":296949,"personasINE":296949,"porcentaje":1}]},"pautaCompleta":{"etarioTotal":{"vacunados":3841785,"personasINE":4488459,"porcentaje":0.8559251627340252},"etarioRangos":[{"rango":{"min":12,"max":19},"vacunados":287884,"personasINE":424531,"porcentaje":0.7185706591026222},{"rango":{"min":20,"max":29},"vacunados":370873,"personasINE":516126,"porcentaje":0.8607061161030921},{"rango":{"min":30,"max":39},"vacunados":465282,"personasINE":648759,"porcentaje":0.8607061161030921},{"rango":{"min":40,"max":49},"vacunados":732967,"personasINE":851588,"porcentaje":0.8607061161030921},{"rango":{"min":50,"max":59},"vacunados":704631,"personasINE":752334,"porcentaje":0.9365933215832329},{"rango":{"min":60,"max":69},"vacunados":556803,"personasINE":580728,"porcentaje":0.9588017109559036},{"rango":{"min":70,"max":79},"vacunados":430707,"personasINE":437862,"porcentaje":0.9836592351014704},{"rango":{"min":80,"max":null},"vacunados":292638,"personasINE":292638,"porcentaje":1}]}}},{"ccaa":"Extremadura","dosisAdministradas":1654946,"dosisEntregadas":1672245,"dosisEntregadasModerna":218200,"dosisEntregadasPfizer":1216295,"dosisEntregadasAstrazeneca":186000,"dosisEntregadasJanssen":51750,"dosisPrimeraDosis":887204,"dosisPautaCompletada":852519,"porcentajeEntregadas":0.9896552239653879,"porcentajePoblacionAdministradas":1.5554193801240053,"porcentajePoblacionPrimeraDosis":0.8338485338636656,"porcentajePoblacionCompletas":0.8012494513560786,"fechaUltRegistro":1631577600000,"etarios":{"unaDosis":{"etarioTotal":{"vacunados":887204,"personasINE":953437,"porcentaje":0.9305323791713559},"etarioRangos":[{"rango":{"min":12,"max":19},"vacunados":72728,"personasINE":84750,"porcentaje":0.7934609954112248},{"rango":{"min":20,"max":29},"vacunados":89915,"personasINE":113320,"porcentaje":0.9121847843806037},{"rango":{"min":30,"max":39},"vacunados":111537,"personasINE":133479,"porcentaje":0.9121847843806037},{"rango":{"min":40,"max":49},"vacunados":145488,"personasINE":159494,"porcentaje":0.9121847843806037},{"rango":{"min":50,"max":59},"vacunados":161004,"personasINE":169216,"porcentaje":0.9514703101361573},{"rango":{"min":60,"max":69},"vacunados":132492,"personasINE":132492,"porcentaje":1},{"rango":{"min":70,"max":79},"vacunados":95838,"personasINE":95838,"porcentaje":1},{"rango":{"min":80,"max":null},"vacunados":78202,"personasINE":78202,"porcentaje":1}]},"pautaCompleta":{"etarioTotal":{"vacunados":852519,"personasINE":953437,"porcentaje":0.894153467927089},"etarioRangos":[{"rango":{"min":12,"max":19},"vacunados":56359,"personasINE":84750,"porcentaje":0.7351129544652312},{"rango":{"min":20,"max":29},"vacunados":83303,"personasINE":113320,"porcentaje":0.8972751326068692},{"rango":{"min":30,"max":39},"vacunados":107184,"personasINE":133479,"porcentaje":0.8972751326068692},{"rango":{"min":40,"max":49},"vacunados":143110,"personasINE":159494,"porcentaje":0.8972751326068692},{"rango":{"min":50,"max":59},"vacunados":159394,"personasINE":169216,"porcentaje":0.941955843419062},{"rango":{"min":60,"max":69},"vacunados":130815,"personasINE":125297,"porcentaje":1.04403936247476},{"rango":{"min":70,"max":79},"vacunados":95165,"personasINE":95165,"porcentaje":1},{"rango":{"min":80,"max":null},"vacunados":77189,"personasINE":77189,"porcentaje":1}]}}},{"ccaa":"Galicia","dosisAdministradas":4277868,"dosisEntregadas":4321089,"dosisEntregadasModerna":507400,"dosisEntregadasPfizer":3117589,"dosisEntregadasAstrazeneca":573400,"dosisEntregadasJanssen":122700,"dosisPrimeraDosis":2289078,"dosisPautaCompletada":2194429,"porcentajeEntregadas":0.9899976603120185,"porcentajePoblacionAdministradas":1.5833288610376934,"porcentajePoblacionPrimeraDosis":0.8472358807159177,"porcentajePoblacionCompletas":0.8122042964388066,"fechaUltRegistro":1631577600000,"etarios":{"unaDosis":{"etarioTotal":{"vacunados":2289078,"personasINE":2454497,"porcentaje":0.9326057436615323},"etarioRangos":[{"rango":{"min":12,"max":19},"vacunados":163269,"personasINE":180007,"porcentaje":0.841584372740615},{"rango":{"min":20,"max":29},"vacunados":194390,"personasINE":230981,"porcentaje":0.9138217728853101},{"rango":{"min":30,"max":39},"vacunados":259747,"personasINE":323408,"porcentaje":0.9138217728853101},{"rango":{"min":40,"max":49},"vacunados":405025,"personasINE":443221,"porcentaje":0.9138217728853101},{"rango":{"min":50,"max":59},"vacunados":389201,"personasINE":405889,"porcentaje":0.9588853110086748},{"rango":{"min":60,"max":69},"vacunados":344591,"personasINE":346927,"porcentaje":0.993266594989724},{"rango":{"min":70,"max":79},"vacunados":290897,"personasINE":290897,"porcentaje":1},{"rango":{"min":80,"max":null},"vacunados":241958,"personasINE":241958,"porcentaje":1}]},"pautaCompleta":{"etarioTotal":{"vacunados":2194429,"personasINE":2454497,"porcentaje":0.8940442787259467},"etarioRangos":[{"rango":{"min":12,"max":19},"vacunados":112129,"personasINE":180007,"porcentaje":0.7762370065070288},{"rango":{"min":20,"max":29},"vacunados":179296,"personasINE":230981,"porcentaje":0.8998084477044184},{"rango":{"min":30,"max":39},"vacunados":246936,"personasINE":323408,"porcentaje":0.8998084477044184},{"rango":{"min":40,"max":49},"vacunados":398814,"personasINE":443221,"porcentaje":0.8998084477044184},{"rango":{"min":50,"max":59},"vacunados":385866,"personasINE":405889,"porcentaje":0.9506687789026064},{"rango":{"min":60,"max":69},"vacunados":341835,"personasINE":346927,"porcentaje":0.9853225606539704},{"rango":{"min":70,"max":79},"vacunados":289356,"personasINE":289762,"porcentaje":0.9985988500907641},{"rango":{"min":80,"max":null},"vacunados":240197,"personasINE":240197,"porcentaje":1}]}}},{"ccaa":"La Rioja","dosisAdministradas":464388,"dosisEntregadas":505885,"dosisEntregadasModerna":67600,"dosisEntregadasPfizer":369785,"dosisEntregadasAstrazeneca":53300,"dosisEntregadasJanssen":15200,"dosisPrimeraDosis":254200,"dosisPautaCompletada":243623,"porcentajeEntregadas":0.9179714757306503,"porcentajePoblacionAdministradas":1.4516026182036423,"porcentajePoblacionPrimeraDosis":0.7945885456716493,"porcentajePoblacionCompletas":0.7615265352563502,"fechaUltRegistro":1631577600000,"etarios":{"unaDosis":{"etarioTotal":{"vacunados":254200,"personasINE":283970,"porcentaje":0.8951649822164313},"etarioRangos":[{"rango":{"min":12,"max":19},"vacunados":19843,"personasINE":25532,"porcentaje":0.7316632740166787},{"rango":{"min":20,"max":29},"vacunados":22285,"personasINE":30458,"porcentaje":0.8878501142652087},{"rango":{"min":30,"max":39},"vacunados":30047,"personasINE":39319,"porcentaje":0.8878501142652087},{"rango":{"min":40,"max":49},"vacunados":47009,"personasINE":52947,"porcentaje":0.8878501142652087},{"rango":{"min":50,"max":59},"vacunados":45140,"personasINE":47664,"porcentaje":0.9470459885867741},{"rango":{"min":60,"max":69},"vacunados":37901,"personasINE":37901,"porcentaje":1},{"rango":{"min":70,"max":79},"vacunados":28628,"personasINE":28628,"porcentaje":1},{"rango":{"min":80,"max":null},"vacunados":23347,"personasINE":23347,"porcentaje":1}]},"pautaCompleta":{"etarioTotal":{"vacunados":243623,"personasINE":283970,"porcentaje":0.857918089939078},"etarioRangos":[{"rango":{"min":12,"max":19},"vacunados":15962,"personasINE":25532,"porcentaje":0.6668855473110513},{"rango":{"min":20,"max":29},"vacunados":20312,"personasINE":30458,"porcentaje":0.8655070164504127},{"rango":{"min":30,"max":39},"vacunados":28411,"personasINE":39319,"porcentaje":0.8655070164504127},{"rango":{"min":40,"max":49},"vacunados":45826,"personasINE":52947,"porcentaje":0.8655070164504127},{"rango":{"min":50,"max":59},"vacunados":44291,"personasINE":47664,"porcentaje":0.9292338032896945},{"rango":{"min":60,"max":69},"vacunados":37178,"personasINE":37718,"porcentaje":0.985683228166923},{"rango":{"min":70,"max":79},"vacunados":28509,"personasINE":28509,"porcentaje":1},{"rango":{"min":80,"max":null},"vacunados":23134,"personasINE":23134,"porcentaje":1}]}}},{"ccaa":"Madrid","dosisAdministradas":9434500,"dosisEntregadas":10850729,"dosisEntregadasModerna":1645800,"dosisEntregadasPfizer":7602579,"dosisEntregadasAstrazeneca":1220900,"dosisEntregadasJanssen":381450,"dosisPrimeraDosis":5217036,"dosisPautaCompletada":4897570,"porcentajeEntregadas":0.8694807510168211,"porcentajePoblacionAdministradas":1.391542161168444,"porcentajePoblacionPrimeraDosis":0.7694870475736473,"porcentajePoblacionCompletas":0.7223673901397781,"fechaUltRegistro":1631577600000,"etarios":{"unaDosis":{"etarioTotal":{"vacunados":5217036,"personasINE":5977937,"porcentaje":0.8727151189448802},"etarioRangos":[{"rango":{"min":12,"max":19},"vacunados":414479,"personasINE":553542,"porcentaje":0.7593952658338664},{"rango":{"min":20,"max":29},"vacunados":563832,"personasINE":742475,"porcentaje":0.8710122292921522},{"rango":{"min":30,"max":39},"vacunados":720328,"personasINE":949640,"porcentaje":0.8710122292921522},{"rango":{"min":40,"max":49},"vacunados":1015575,"personasINE":1165971,"porcentaje":0.8710122292921522},{"rango":{"min":50,"max":59},"vacunados":933479,"personasINE":972783,"porcentaje":0.9595963334063198},{"rango":{"min":60,"max":69},"vacunados":685699,"personasINE":703323,"porcentaje":0.9749418119413129},{"rango":{"min":70,"max":79},"vacunados":510107,"personasINE":526081,"porcentaje":0.9696358545547169},{"rango":{"min":80,"max":null},"vacunados":373537,"personasINE":373537,"porcentaje":1}]},"pautaCompleta":{"etarioTotal":{"vacunados":4897570,"personasINE":5977937,"porcentaje":0.8192742747205265},"etarioRangos":[{"rango":{"min":12,"max":19},"vacunados":297240,"personasINE":553542,"porcentaje":0.6648412404458063},{"rango":{"min":20,"max":29},"vacunados":493628,"personasINE":742475,"porcentaje":0.8393544950946464},{"rango":{"min":30,"max":39},"vacunados":661963,"personasINE":949639.9999999999,"porcentaje":0.8393544950946464},{"rango":{"min":40,"max":49},"vacunados":978663,"personasINE":1165971,"porcentaje":0.8393544950946464},{"rango":{"min":50,"max":59},"vacunados":919589,"personasINE":972783,"porcentaje":0.9453177121721905},{"rango":{"min":60,"max":69},"vacunados":669526,"personasINE":703323,"porcentaje":0.9519466873683926},{"rango":{"min":70,"max":79},"vacunados":507032,"personasINE":526081,"porcentaje":0.96379074705226},{"rango":{"min":80,"max":null},"vacunados":369929,"personasINE":369929,"porcentaje":1}]}}},{"ccaa":"Murcia","dosisAdministradas":2159083,"dosisEntregadas":2407265,"dosisEntregadasModerna":398000,"dosisEntregadasPfizer":1687865,"dosisEntregadasAstrazeneca":253100,"dosisEntregadasJanssen":68300,"dosisPrimeraDosis":1167107,"dosisPautaCompletada":1112873,"porcentajeEntregadas":0.8969029167956166,"porcentajePoblacionAdministradas":1.4286726691992264,"porcentajePoblacionPrimeraDosis":0.7722787280206928,"porcentajePoblacionCompletas":0.7363919031319086,"fechaUltRegistro":1631577600000,"etarios":{"unaDosis":{"etarioTotal":{"vacunados":1167107,"personasINE":1310137,"porcentaje":0.8908282110954808},"etarioRangos":[{"rango":{"min":12,"max":19},"vacunados":112914,"personasINE":141894,"porcentaje":0.7792253030514142},{"rango":{"min":20,"max":29},"vacunados":134220,"personasINE":172248,"porcentaje":0.8984800733404943},{"rango":{"min":30,"max":39},"vacunados":161264,"personasINE":209003,"porcentaje":0.8984800733404943},{"rango":{"min":40,"max":49},"vacunados":228355,"personasINE":254157,"porcentaje":0.8984800733404943},{"rango":{"min":50,"max":59},"vacunados":205961,"personasINE":213256,"porcentaje":0.9657922872041115},{"rango":{"min":60,"max":69},"vacunados":147496,"personasINE":147496,"porcentaje":1},{"rango":{"min":70,"max":79},"vacunados":103032,"personasINE":103032,"porcentaje":1},{"rango":{"min":80,"max":null},"vacunados":73865,"personasINE":73865,"porcentaje":1}]},"pautaCompleta":{"etarioTotal":{"vacunados":1112873,"personasINE":1310137,"porcentaje":0.8494325402610566},"etarioRangos":[{"rango":{"min":12,"max":19},"vacunados":98001,"personasINE":141894,"porcentaje":0.71228112953416},{"rango":{"min":20,"max":29},"vacunados":122689,"personasINE":172248,"porcentaje":0.8714495370971486},{"rango":{"min":30,"max":39},"vacunados":151936,"personasINE":209003,"porcentaje":0.8714495370971486},{"rango":{"min":40,"max":49},"vacunados":221485,"personasINE":254157,"porcentaje":0.8714495370971486},{"rango":{"min":50,"max":59},"vacunados":202394,"personasINE":213256,"porcentaje":0.9490659113928799},{"rango":{"min":60,"max":69},"vacunados":143153,"personasINE":146909,"porcentaje":0.9744331524957627},{"rango":{"min":70,"max":79},"vacunados":100511,"personasINE":102899,"porcentaje":0.976792777383648},{"rango":{"min":80,"max":null},"vacunados":72704,"personasINE":72704,"porcentaje":1}]}}},{"ccaa":"Navarra","dosisAdministradas":953688,"dosisEntregadas":1055175,"dosisEntregadasModerna":151500,"dosisEntregadasPfizer":734325,"dosisEntregadasAstrazeneca":136600,"dosisEntregadasJanssen":32750,"dosisPrimeraDosis":517207,"dosisPautaCompletada":499793,"porcentajeEntregadas":0.9038197455398393,"porcentajePoblacionAdministradas":1.4423658909523183,"porcentajePoblacionPrimeraDosis":0.7822282920218936,"porcentajePoblacionCompletas":0.75589120942775,"fechaUltRegistro":1631577600000,"etarios":{"unaDosis":{"etarioTotal":{"vacunados":517207,"personasINE":581354,"porcentaje":0.88965931257031},"etarioRangos":[{"rango":{"min":12,"max":19},"vacunados":45008,"personasINE":56388,"porcentaje":0.7861493974488822},{"rango":{"min":20,"max":29},"vacunados":53558,"personasINE":68127,"porcentaje":0.8750393511231274},{"rango":{"min":30,"max":39},"vacunados":62364,"personasINE":81341,"porcentaje":0.8750393511231274},{"rango":{"min":40,"max":49},"vacunados":94506,"personasINE":108002,"porcentaje":0.8750393511231274},{"rango":{"min":50,"max":59},"vacunados":91434,"personasINE":96694,"porcentaje":0.9456015885163506},{"rango":{"min":60,"max":69},"vacunados":72023,"personasINE":73844,"porcentaje":0.9753399057472509},{"rango":{"min":70,"max":79},"vacunados":55833,"personasINE":55833,"porcentaje":1},{"rango":{"min":80,"max":null},"vacunados":42481,"personasINE":42481,"porcentaje":1}]},"pautaCompleta":{"etarioTotal":{"vacunados":499793,"personasINE":581354,"porcentaje":0.8597051022268704},"etarioRangos":[{"rango":{"min":12,"max":19},"vacunados":39529,"personasINE":56388,"porcentaje":0.7259676780131226},{"rango":{"min":20,"max":29},"vacunados":49458,"personasINE":68127,"porcentaje":0.8531230903131424},{"rango":{"min":30,"max":39},"vacunados":59500,"personasINE":81341,"porcentaje":0.8531230903131424},{"rango":{"min":40,"max":49},"vacunados":92139,"personasINE":108002,"porcentaje":0.8531230903131424},{"rango":{"min":50,"max":59},"vacunados":90296,"personasINE":96694,"porcentaje":0.9338325025337663},{"rango":{"min":60,"max":69},"vacunados":71149,"personasINE":73844,"porcentaje":0.9635041438708629},{"rango":{"min":70,"max":79},"vacunados":55653,"personasINE":55792,"porcentaje":0.9975086033839977},{"rango":{"min":80,"max":null},"vacunados":42069,"personasINE":42069,"porcentaje":1}]}}},{"ccaa":"País Vasco","dosisAdministradas":3245482,"dosisEntregadas":3566050,"dosisEntregadasModerna":526100,"dosisEntregadasPfizer":2484900,"dosisEntregadasAstrazeneca":444200,"dosisEntregadasJanssen":110850,"dosisPrimeraDosis":1778863,"dosisPautaCompletada":1683330,"porcentajeEntregadas":0.910105579001977,"porcentajePoblacionAdministradas":1.461597006805662,"porcentajePoblacionPrimeraDosis":0.8011077665250772,"porcentajePoblacionCompletas":0.7580846510521936,"fechaUltRegistro":1631577600000,"etarios":{"unaDosis":{"etarioTotal":{"vacunados":1778863,"personasINE":1983943,"porcentaje":0.8966300947154228},"etarioRangos":[{"rango":{"min":12,"max":19},"vacunados":135205,"personasINE":168606,"porcentaje":0.7541853979973603},{"rango":{"min":20,"max":29},"vacunados":151994,"personasINE":201534,"porcentaje":0.8759847901185476},{"rango":{"min":30,"max":39},"vacunados":196860,"personasINE":260543,"porcentaje":0.8759847901185476},{"rango":{"min":40,"max":49},"vacunados":317223,"personasINE":362133,"porcentaje":0.8759847901185476},{"rango":{"min":50,"max":59},"vacunados":322066,"personasINE":339977,"porcentaje":0.9473170243869439},{"rango":{"min":60,"max":69},"vacunados":277918,"personasINE":280119,"porcentaje":0.9921426250986188},{"rango":{"min":70,"max":79},"vacunados":213556,"personasINE":213556,"porcentaje":1},{"rango":{"min":80,"max":null},"vacunados":164041,"personasINE":164041,"porcentaje":1}]},"pautaCompleta":{"etarioTotal":{"vacunados":1683330,"personasINE":1983943,"porcentaje":0.8484769975750311},"etarioRangos":[{"rango":{"min":12,"max":19},"vacunados":93782,"personasINE":168606,"porcentaje":0.6532942332311173},{"rango":{"min":20,"max":29},"vacunados":131661,"personasINE":201534,"porcentaje":0.8599602908323737},{"rango":{"min":30,"max":39},"vacunados":183018,"personasINE":260543,"porcentaje":0.8599602908323737},{"rango":{"min":40,"max":49},"vacunados":311420,"personasINE":362133,"porcentaje":0.8599602908323737},{"rango":{"min":50,"max":59},"vacunados":318290,"personasINE":339977,"porcentaje":0.9362103907029005},{"rango":{"min":60,"max":69},"vacunados":271666,"personasINE":280119,"porcentaje":0.9698235392815197},{"rango":{"min":70,"max":79},"vacunados":211851,"personasINE":213081,"porcentaje":0.9942275472707562},{"rango":{"min":80,"max":null},"vacunados":161642,"personasINE":157950,"porcentaje":1.0233744855967077}]}}},{"ccaa":"Ceuta","dosisAdministradas":107714,"dosisEntregadas":140230,"dosisEntregadasModerna":22400,"dosisEntregadasPfizer":95580,"dosisEntregadasAstrazeneca":18100,"dosisEntregadasJanssen":4150,"dosisPrimeraDosis":59353,"dosisPautaCompletada":55407,"porcentajeEntregadas":0.7681237966198389,"porcentajePoblacionAdministradas":1.2792332723688273,"porcentajePoblacionPrimeraDosis":0.7048882449347996,"porcentajePoblacionCompletas":0.6580247500059381,"fechaUltRegistro":1631577600000,"etarios":{"unaDosis":{"etarioTotal":{"vacunados":59353,"personasINE":70965,"porcentaje":0.8363700415697879},"etarioRangos":[{"rango":{"min":12,"max":19},"vacunados":7186,"personasINE":9126,"porcentaje":0.7524391355885839},{"rango":{"min":20,"max":29},"vacunados":8252,"personasINE":10967,"porcentaje":0.8608606233190951},{"rango":{"min":30,"max":39},"vacunados":8739,"personasINE":11894,"porcentaje":0.8608606233190951},{"rango":{"min":40,"max":49},"vacunados":10883,"personasINE":12642,"porcentaje":0.8608606233190951},{"rango":{"min":50,"max":59},"vacunados":10428,"personasINE":11556,"porcentaje":0.9023883696780893},{"rango":{"min":60,"max":69},"vacunados":7593,"personasINE":7857,"porcentaje":0.9663993890798015},{"rango":{"min":70,"max":79},"vacunados":3879,"personasINE":4318,"porcentaje":0.8983325613710051},{"rango":{"min":80,"max":null},"vacunados":2393,"personasINE":2605,"porcentaje":0.9186180422264876}]},"pautaCompleta":{"etarioTotal":{"vacunados":55407,"personasINE":70965,"porcentaje":0.7807651659268654},"etarioRangos":[{"rango":{"min":12,"max":19},"vacunados":5700,"personasINE":9126,"porcentaje":0.6684599252302361},{"rango":{"min":20,"max":29},"vacunados":7331,"personasINE":10967,"porcentaje":0.82906185730106},{"rango":{"min":30,"max":39},"vacunados":8132,"personasINE":11894,"porcentaje":0.82906185730106},{"rango":{"min":40,"max":49},"vacunados":10481,"personasINE":12642,"porcentaje":0.82906185730106},{"rango":{"min":50,"max":59},"vacunados":10172,"personasINE":11556,"porcentaje":0.8802353755624783},{"rango":{"min":60,"max":69},"vacunados":7388,"personasINE":7857,"porcentaje":0.9403080056001019},{"rango":{"min":70,"max":79},"vacunados":3836,"personasINE":4318,"porcentaje":0.88837424733673},{"rango":{"min":80,"max":null},"vacunados":2367,"personasINE":2605,"porcentaje":0.908637236084453}]}}},{"ccaa":"Melilla","dosisAdministradas":98224,"dosisEntregadas":141100,"dosisEntregadasModerna":23500,"dosisEntregadasPfizer":96750,"dosisEntregadasAstrazeneca":15100,"dosisEntregadasJanssen":5750,"dosisPrimeraDosis":55404,"dosisPautaCompletada":51977,"porcentajeEntregadas":0.6961304039688164,"porcentajePoblacionAdministradas":1.1280260921493868,"porcentajePoblacionPrimeraDosis":0.6362717625981901,"porcentajePoblacionCompletas":0.5969153383251412,"fechaUltRegistro":1631577600000,"etarios":{"unaDosis":{"etarioTotal":{"vacunados":55404,"personasINE":70927,"porcentaje":0.7811411733190463},"etarioRangos":[{"rango":{"min":12,"max":19},"vacunados":7086,"personasINE":9574,"porcentaje":0.6783659858274281},{"rango":{"min":20,"max":29},"vacunados":8137,"personasINE":11995,"porcentaje":0.8235294117647058},{"rango":{"min":30,"max":39},"vacunados":8326,"personasINE":12133,"porcentaje":0.8235294117647058},{"rango":{"min":40,"max":49},"vacunados":9884,"personasINE":12002,"porcentaje":0.8235294117647058},{"rango":{"min":50,"max":59},"vacunados":9567,"personasINE":11299,"porcentaje":0.846712098415789},{"rango":{"min":60,"max":69},"vacunados":7097,"personasINE":7827,"porcentaje":0.9067331033601636},{"rango":{"min":70,"max":79},"vacunados":3302,"personasINE":3748,"porcentaje":0.8810032017075774},{"rango":{"min":80,"max":null},"vacunados":2005,"personasINE":2349,"porcentaje":0.8535547041294168}]},"pautaCompleta":{"etarioTotal":{"vacunados":51977,"personasINE":70927,"porcentaje":0.7328238893510228},"etarioRangos":[{"rango":{"min":12,"max":19},"vacunados":5845,"personasINE":9574,"porcentaje":0.6050020842017507},{"rango":{"min":20,"max":29},"vacunados":7257,"personasINE":11995,"porcentaje":0.800366605565739},{"rango":{"min":30,"max":39},"vacunados":7848,"personasINE":12133,"porcentaje":0.800366605565739},{"rango":{"min":40,"max":49},"vacunados":9606,"personasINE":12002,"porcentaje":0.800366605565739},{"rango":{"min":50,"max":59},"vacunados":9338,"personasINE":11299,"porcentaje":0.8264448181254979},{"rango":{"min":60,"max":69},"vacunados":6908,"personasINE":7827,"porcentaje":0.8825859205314935},{"rango":{"min":70,"max":79},"vacunados":3224,"personasINE":3748,"porcentaje":0.8601921024546425},{"rango":{"min":80,"max":null},"vacunados":1951,"personasINE":2349,"porcentaje":0.8305661983822903}]}}},{"ccaa":"Fuerzas Armadas","dosisAdministradas":170940,"dosisEntregadas":212238,"dosisEntregadasModerna":58300,"dosisEntregadasPfizer":48138,"dosisEntregadasAstrazeneca":103800,"dosisEntregadasJanssen":2000,"dosisPrimeraDosis":91749,"dosisPautaCompletada":85472,"porcentajeEntregadas":0.8054165606536059,"porcentajePoblacionAdministradas":null,"porcentajePoblacionPrimeraDosis":null,"porcentajePoblacionCompletas":null,"fechaUltRegistro":1631491200000},{"ccaa":"Sanidad Exterior","dosisAdministradas":5457,"dosisEntregadas":7965,"dosisEntregadasModerna":4680,"dosisEntregadasPfizer":0,"dosisEntregadasAstrazeneca":0,"dosisEntregadasJanssen":3285,"dosisPrimeraDosis":3966,"dosisPautaCompletada":3774,"porcentajeEntregadas":0.6851224105461393,"porcentajePoblacionAdministradas":null,"porcentajePoblacionPrimeraDosis":null,"porcentajePoblacionCompletas":null,"fechaUltRegistro":1631577600000,"etarios":{"unaDosis":{"etarioTotal":{"vacunados":3966,"personasINE":"-","porcentaje":"-"},"etarioRangos":[{"rango":{"min":12,"max":19},"vacunados":159,"personasINE":null,"porcentaje":"-"},{"rango":{"min":20,"max":29},"vacunados":975,"personasINE":null,"porcentaje":"-"},{"rango":{"min":30,"max":39},"vacunados":1096,"personasINE":null,"porcentaje":"-"},{"rango":{"min":40,"max":49},"vacunados":984,"personasINE":null,"porcentaje":"-"},{"rango":{"min":50,"max":59},"vacunados":520,"personasINE":null,"porcentaje":"-"},{"rango":{"min":60,"max":69},"vacunados":188,"personasINE":null,"porcentaje":"-"},{"rango":{"min":70,"max":79},"vacunados":23,"personasINE":null,"porcentaje":"-"},{"rango":{"min":80,"max":null},"vacunados":21,"personasINE":null,"porcentaje":"-"}]},"pautaCompleta":{"etarioTotal":{"vacunados":3774,"personasINE":"-","porcentaje":"-"},"etarioRangos":[{"rango":{"min":12,"max":19},"vacunados":133,"personasINE":null,"porcentaje":"-"},{"rango":{"min":20,"max":29},"vacunados":929,"personasINE":null,"porcentaje":"-"},{"rango":{"min":30,"max":39},"vacunados":1034,"personasINE":null,"porcentaje":"-"},{"rango":{"min":40,"max":49},"vacunados":947,"personasINE":null,"porcentaje":"-"},{"rango":{"min":50,"max":59},"vacunados":512,"personasINE":null,"porcentaje":"-"},{"rango":{"min":60,"max":69},"vacunados":178,"personasINE":null,"porcentaje":"-"},{"rango":{"min":70,"max":79},"vacunados":22,"personasINE":null,"porcentaje":"-"},{"rango":{"min":80,"max":null},"vacunados":19,"personasINE":null,"porcentaje":"-"}]}}},{"ccaa":"Totales","dosisAdministradas":68820573,"dosisEntregadas":75250911,"dosisEntregadasModerna":10752630,"dosisEntregadasPfizer":52895871,"dosisEntregadasAstrazeneca":9202000,"dosisEntregadasJanssen":2400410,"dosisPrimeraDosis":37303202,"dosisPautaCompletada":35571661,"porcentajeEntregadas":0.9145480378303992,"porcentajePoblacionAdministradas":1.466139177673626,"porcentajePoblacionPrimeraDosis":0.7946996591393268,"porcentajePoblacionCompletas":0.7578112697060077,"fechaUltRegistro":null,"etarios":{"unaDosis":{"etarioTotal":{"vacunados":37303202,"personasINE":42119827,"porcentaje":0.8856447107439449},"etarioRangos":[{"rango":{"min":12,"max":19},"vacunados":3109479,"personasINE":3888685.9999999995,"porcentaje":0.7658025660108724},{"rango":{"min":20,"max":29},"vacunados":3786618,"personasINE":4944640,"porcentaje":0.873155048121852},{"rango":{"min":30,"max":39},"vacunados":4753039,"personasINE":6230403,"porcentaje":0.873155048121852},{"rango":{"min":40,"max":49},"vacunados":6890710,"personasINE":7891737,"porcentaje":0.873155048121852},{"rango":{"min":50,"max":59},"vacunados":6636972,"personasINE":7033306,"porcentaje":0.9436489753182927},{"rango":{"min":60,"max":69},"vacunados":5255951,"personasINE":5336986,"porcentaje":0.9848163364116002},{"rango":{"min":70,"max":79},"vacunados":3936581,"personasINE":3960045,"porcentaje":0.9940748148063974},{"rango":{"min":80,"max":null},"vacunados":2933852,"personasINE":2933852,"porcentaje":1}]},"pautaCompleta":{"etarioTotal":{"vacunados":35571661,"personasINE":42119827,"porcentaje":0.8445348315414496},"etarioRangos":[{"rango":{"min":12,"max":19},"vacunados":2442509,"personasINE":3888686,"porcentaje":0.6949539299119855},{"rango":{"min":20,"max":29},"vacunados":3436297,"personasINE":4944640,"porcentaje":0.8517472135728801},{"rango":{"min":30,"max":39},"vacunados":4466579,"personasINE":6230403,"porcentaje":0.8517472135728801},{"rango":{"min":40,"max":49},"vacunados":6721765,"personasINE":7891737,"porcentaje":0.8517472135728801},{"rango":{"min":50,"max":59},"vacunados":6543702,"personasINE":7033306,"porcentaje":0.9303877863411602},{"rango":{"min":60,"max":69},"vacunados":5157839,"personasINE":5336986,"porcentaje":0.9664329267492926},{"rango":{"min":70,"max":79},"vacunados":3906382,"personasINE":3960045,"porcentaje":0.9864488913636082},{"rango":{"min":80,"max":null},"vacunados":2896588,"personasINE":2896588,"porcentaje":1}]}}}]