[{"ccaa":"Andalucía","dosisAdministradas":933763,"dosisEntregadas":1021430,"dosisEntregadasModerna":73300,"dosisEntregadasPfizer":739530,"dosisEntregadasAstrazeneca":208600,"dosisPautaCompletada":255704,"porcentajeEntregadas":0.9141722878709261,"porcentajePoblacionAdministradas":0.11031635869288484,"porcentajePoblacionCompletas":0.030209308125515172,"fechaUltRegistro":1615075200000},{"ccaa":"Aragón","dosisAdministradas":153194,"dosisEntregadas":175485,"dosisEntregadasModerna":12600,"dosisEntregadasPfizer":130185,"dosisEntregadasAstrazeneca":32700,"dosisPautaCompletada":50190,"porcentajeEntregadas":0.8729748981394421,"porcentajePoblacionAdministradas":0.11523622470740362,"porcentajePoblacionCompletas":0.03775412952246555,"fechaUltRegistro":1614988800000},{"ccaa":"Asturias","dosisAdministradas":133011,"dosisEntregadas":166335,"dosisEntregadasModerna":12700,"dosisEntregadasPfizer":128435,"dosisEntregadasAstrazeneca":25200,"dosisPautaCompletada":44596,"porcentajeEntregadas":0.7996573180629453,"porcentajePoblacionAdministradas":0.13055858749254012,"porcentajePoblacionCompletas":0.04377375380846185,"fechaUltRegistro":1615075200000},{"ccaa":"Baleares","dosisAdministradas":84205,"dosisEntregadas":101180,"dosisEntregadasModerna":6500,"dosisEntregadasPfizer":65880,"dosisEntregadasAstrazeneca":28800,"dosisPautaCompletada":24425,"porcentajeEntregadas":0.8322296896619885,"porcentajePoblacionAdministradas":0.07187529608388253,"porcentajePoblacionCompletas":0.020848573206446543,"fechaUltRegistro":1615075200000},{"ccaa":"Canarias","dosisAdministradas":175271,"dosisEntregadas":216560,"dosisEntregadasModerna":14300,"dosisEntregadasPfizer":148560,"dosisEntregadasAstrazeneca":53700,"dosisPautaCompletada":54926,"porcentajeEntregadas":0.8093415219800517,"porcentajePoblacionAdministradas":0.08054911137745685,"porcentajePoblacionCompletas":0.02524228475628139,"fechaUltRegistro":1615075200000},{"ccaa":"Cantabria","dosisAdministradas":68014,"dosisEntregadas":82945,"dosisEntregadasModerna":5900,"dosisEntregadasPfizer":62745,"dosisEntregadasAstrazeneca":14300,"dosisPautaCompletada":21002,"porcentajeEntregadas":0.8199891494363735,"porcentajePoblacionAdministradas":0.11668110584057437,"porcentajePoblacionCompletas":0.0360298848011254,"fechaUltRegistro":1614902400000},{"ccaa":"Castilla y Leon","dosisAdministradas":306277,"dosisEntregadas":371495,"dosisEntregadasModerna":27300,"dosisEntregadasPfizer":285195,"dosisEntregadasAstrazeneca":59000,"dosisPautaCompletada":99651,"porcentajeEntregadas":0.8244444743536252,"porcentajePoblacionAdministradas":0.1278862157284717,"porcentajePoblacionCompletas":0.04160935781517363,"fechaUltRegistro":1615075200000},{"ccaa":"Castilla La Mancha","dosisAdministradas":201466,"dosisEntregadas":259575,"dosisEntregadasModerna":18600,"dosisEntregadasPfizer":190575,"dosisEntregadasAstrazeneca":50400,"dosisPautaCompletada":72611,"porcentajeEntregadas":0.7761379177501685,"porcentajePoblacionAdministradas":0.09850573605493,"porcentajePoblacionCompletas":0.03550276473789385,"fechaUltRegistro":1615075200000},{"ccaa":"Cataluña","dosisAdministradas":774027,"dosisEntregadas":906440,"dosisEntregadasModerna":63400,"dosisEntregadasPfizer":651140,"dosisEntregadasAstrazeneca":191900,"dosisPautaCompletada":202956,"porcentajeEntregadas":0.8539197299324831,"porcentajePoblacionAdministradas":0.09948320662519622,"porcentajePoblacionCompletas":0.02608528343820477,"fechaUltRegistro":1615075200000},{"ccaa":"C. Valenciana","dosisAdministradas":394021,"dosisEntregadas":497060,"dosisEntregadasModerna":31700,"dosisEntregadasPfizer":340660,"dosisEntregadasAstrazeneca":124700,"dosisPautaCompletada":113077,"porcentajeEntregadas":0.7927030941938599,"porcentajePoblacionAdministradas":0.07791051959394568,"porcentajePoblacionCompletas":0.02235892966142565,"fechaUltRegistro":1614816000000},{"ccaa":"Extremadura","dosisAdministradas":129802,"dosisEntregadas":152425,"dosisEntregadasModerna":10900,"dosisEntregadasPfizer":115325,"dosisEntregadasAstrazeneca":26200,"dosisPautaCompletada":45432,"porcentajeEntregadas":0.8515794653108086,"porcentajePoblacionAdministradas":0.12199585145307226,"porcentajePoblacionCompletas":0.042699769828014815,"fechaUltRegistro":1615075200000},{"ccaa":"Galicia","dosisAdministradas":270942,"dosisEntregadas":309015,"dosisEntregadasModerna":19900,"dosisEntregadasPfizer":222415,"dosisEntregadasAstrazeneca":66700,"dosisPautaCompletada":75257,"porcentajeEntregadas":0.8767923887189942,"porcentajePoblacionAdministradas":0.1002813289861386,"porcentajePoblacionCompletas":0.02785419748695231,"fechaUltRegistro":1615075200000},{"ccaa":"La Rioja","dosisAdministradas":34780,"dosisEntregadas":42155,"dosisEntregadasModerna":2700,"dosisEntregadasPfizer":31655,"dosisEntregadasAstrazeneca":7800,"dosisPautaCompletada":10988,"porcentajeEntregadas":0.8250504092041276,"porcentajePoblacionAdministradas":0.1087167176178598,"porcentajePoblacionCompletas":0.03434673068387129,"fechaUltRegistro":1615075200000},{"ccaa":"Madrid","dosisAdministradas":643424,"dosisEntregadas":748435,"dosisEntregadasModerna":51300,"dosisEntregadasPfizer":529935,"dosisEntregadasAstrazeneca":167200,"dosisPautaCompletada":179265,"porcentajeEntregadas":0.8596925584720116,"porcentajePoblacionAdministradas":0.09490186268563729,"porcentajePoblacionCompletas":0.02644070226528816,"fechaUltRegistro":1615075200000},{"ccaa":"Murcia","dosisAdministradas":147188,"dosisEntregadas":184705,"dosisEntregadasModerna":13400,"dosisEntregadasPfizer":134105,"dosisEntregadasAstrazeneca":37200,"dosisPautaCompletada":51349,"porcentajeEntregadas":0.7968815137651931,"porcentajePoblacionAdministradas":0.09739480734834915,"porcentajePoblacionCompletas":0.03397781043651915,"fechaUltRegistro":1615075200000},{"ccaa":"Navarra","dosisAdministradas":73784,"dosisEntregadas":84845,"dosisEntregadasModerna":5900,"dosisEntregadasPfizer":62745,"dosisEntregadasAstrazeneca":16200,"dosisPautaCompletada":24241,"porcentajeEntregadas":0.8696328599210325,"porcentajePoblacionAdministradas":0.11159155289573304,"porcentajePoblacionCompletas":0.03666229580593983,"fechaUltRegistro":1615075200000},{"ccaa":"País Vasco","dosisAdministradas":175424,"dosisEntregadas":248460,"dosisEntregadasModerna":16000,"dosisEntregadasPfizer":177660,"dosisEntregadasAstrazeneca":54800,"dosisPautaCompletada":54348,"porcentajeEntregadas":0.7060452386702085,"porcentajePoblacionAdministradas":0.07900188425690743,"porcentajePoblacionCompletas":0.024475524475524476,"fechaUltRegistro":1615075200000},{"ccaa":"Ceuta","dosisAdministradas":7634,"dosisEntregadas":8290,"dosisEntregadasModerna":600,"dosisEntregadasPfizer":5490,"dosisEntregadasAstrazeneca":2200,"dosisPautaCompletada":1818,"porcentajeEntregadas":0.9208685162846804,"porcentajePoblacionAdministradas":0.09066292962162419,"porcentajePoblacionCompletas":0.02159093608227833,"fechaUltRegistro":1614902400000},{"ccaa":"Melilla","dosisAdministradas":5964,"dosisEntregadas":7120,"dosisEntregadasModerna":600,"dosisEntregadasPfizer":4320,"dosisEntregadasAstrazeneca":2200,"dosisPautaCompletada":1652,"porcentajeEntregadas":0.8376404494382023,"porcentajePoblacionAdministradas":0.06849189214019936,"porcentajePoblacionCompletas":0.018971932564656162,"fechaUltRegistro":1614988800000},{"ccaa":"Totales","dosisAdministradas":4712191,"dosisEntregadas":5583955,"dosisEntregadasModerna":387600,"dosisEntregadasPfizer":4026555,"dosisEntregadasAstrazeneca":1169800,"dosisPautaCompletada":1383488,"porcentajeEntregadas":0.8438805470316291,"porcentajePoblacionAdministradas":0.10038753728163613,"porcentajePoblacionCompletas":0.029473540690242862,"fechaUltRegistro":null}]