[{"ccaa":"Andalucía","dosisAdministradas":10976990,"dosisEntregadas":11240670,"dosisEntregadasModerna":1305500,"dosisEntregadasPfizer":7603920,"dosisEntregadasAstrazeneca":1805800,"dosisEntregadasJanssen":525450,"dosisPrimeraDosis":6213689,"dosisPautaCompletada":5069083,"porcentajeEntregadas":0.9765423235447709,"porcentajePoblacionAdministradas":1.2968403826326487,"porcentajePoblacionPrimeraDosis":0.7340958514419964,"porcentajePoblacionCompletas":0.598870139930587,"fechaUltRegistro":1628726400000,"etarios":{"unaDosis":{"etarioTotal":{"vacunados":6213689,"personasINE":7451975,"porcentaje":0.8338311655634916},"etarioRangos":[{"rango":{"min":12,"max":19},"vacunados":356422,"personasINE":752907,"porcentaje":0.6875979893869957},{"rango":{"min":20,"max":29},"vacunados":638553,"personasINE":928671.9999999999,"porcentaje":0.8610034986289937},{"rango":{"min":30,"max":39},"vacunados":844425,"personasINE":1140217,"porcentaje":0.8610034986289937},{"rango":{"min":40,"max":49},"vacunados":1192588,"personasINE":1385114,"porcentaje":0.8610034986289937},{"rango":{"min":50,"max":59},"vacunados":1183849,"personasINE":1265021,"porcentaje":0.9358334762822119},{"rango":{"min":60,"max":69},"vacunados":913971,"personasINE":916147,"porcentaje":0.9976248353157299},{"rango":{"min":70,"max":79},"vacunados":650994,"personasINE":650994,"porcentaje":1},{"rango":{"min":80,"max":null},"vacunados":432887,"personasINE":432887,"porcentaje":1}]},"pautaCompleta":{"etarioTotal":{"vacunados":5069083,"personasINE":7451975,"porcentaje":0.6802334951472596},"etarioRangos":[{"rango":{"min":12,"max":19},"vacunados":8887,"personasINE":752907,"porcentaje":0.24640669687467695},{"rango":{"min":20,"max":29},"vacunados":228831,"personasINE":928672,"porcentaje":0.8059827566539649},{"rango":{"min":30,"max":39},"vacunados":663383,"personasINE":1140217,"porcentaje":0.8059827566539649},{"rango":{"min":40,"max":49},"vacunados":1116378,"personasINE":1385114,"porcentaje":0.8059827566539649},{"rango":{"min":50,"max":59},"vacunados":1120465,"personasINE":1265021,"porcentaje":0.8857283792126771},{"rango":{"min":60,"max":69},"vacunados":860226,"personasINE":916147,"porcentaje":0.938960668975612},{"rango":{"min":70,"max":79},"vacunados":644988,"personasINE":650381,"porcentaje":0.9917079373474932},{"rango":{"min":80,"max":null},"vacunados":425925,"personasINE":425925,"porcentaje":1}]}}},{"ccaa":"Aragón","dosisAdministradas":1757015,"dosisEntregadas":1797325,"dosisEntregadasModerna":179500,"dosisEntregadasPfizer":1267425,"dosisEntregadasAstrazeneca":285700,"dosisEntregadasJanssen":64700,"dosisPrimeraDosis":976605,"dosisPautaCompletada":877140,"porcentajeEntregadas":0.9775722253905109,"porcentajePoblacionAdministradas":1.3216690950969279,"porcentajePoblacionPrimeraDosis":0.7346258549967617,"porcentajePoblacionCompletas":0.6598058810387614,"fechaUltRegistro":1628726400000,"etarios":{"unaDosis":{"etarioTotal":{"vacunados":976605,"personasINE":1185134,"porcentaje":0.824046057239097},"etarioRangos":[{"rango":{"min":12,"max":19},"vacunados":45537,"personasINE":103109,"porcentaje":0.6627939969785508},{"rango":{"min":20,"max":29},"vacunados":86429,"personasINE":130401,"porcentaje":0.8337512735934643},{"rango":{"min":30,"max":39},"vacunados":112949,"personasINE":164286,"porcentaje":0.8337512735934643},{"rango":{"min":40,"max":49},"vacunados":179209,"personasINE":214943,"porcentaje":0.8337512735934643},{"rango":{"min":50,"max":59},"vacunados":180644,"personasINE":198266,"porcentaje":0.9111194052434608},{"rango":{"min":60,"max":69},"vacunados":152115,"personasINE":156367,"porcentaje":0.9728075616978007},{"rango":{"min":70,"max":79},"vacunados":118742,"personasINE":118955,"porcentaje":0.9982094069185826},{"rango":{"min":80,"max":null},"vacunados":100980,"personasINE":100980,"porcentaje":1}]},"pautaCompleta":{"etarioTotal":{"vacunados":877140,"personasINE":1185134,"porcentaje":0.7401188388823542},"etarioRangos":[{"rango":{"min":12,"max":19},"vacunados":16135,"personasINE":103109.00000000001,"porcentaje":0.39588653461246465},{"rango":{"min":20,"max":29},"vacunados":51624,"personasINE":130401,"porcentaje":0.8036037461094336},{"rango":{"min":30,"max":39},"vacunados":97181,"personasINE":164286,"porcentaje":0.8036037461094336},{"rango":{"min":40,"max":49},"vacunados":172729,"personasINE":214943,"porcentaje":0.8036037461094336},{"rango":{"min":50,"max":59},"vacunados":176432,"personasINE":198266,"porcentaje":0.8898752181412849},{"rango":{"min":60,"max":69},"vacunados":145963,"personasINE":156367,"porcentaje":0.9334642219905734},{"rango":{"min":70,"max":79},"vacunados":117759,"personasINE":118955,"porcentaje":0.9899457778151401},{"rango":{"min":80,"max":null},"vacunados":99317,"personasINE":99317,"porcentaje":1}]}}},{"ccaa":"Asturias","dosisAdministradas":1484856,"dosisEntregadas":1479195,"dosisEntregadasModerna":143200,"dosisEntregadasPfizer":1050395,"dosisEntregadasAstrazeneca":235900,"dosisEntregadasJanssen":49700,"dosisPrimeraDosis":815361,"dosisPautaCompletada":718134,"porcentajeEntregadas":1.0038270816220984,"porcentajePoblacionAdministradas":1.4574787197286176,"porcentajePoblacionPrimeraDosis":0.8003276455068002,"porcentajePoblacionCompletas":0.7048932845431416,"fechaUltRegistro":1628726400000,"etarios":{"unaDosis":{"etarioTotal":{"vacunados":815361,"personasINE":933927,"porcentaje":0.8730457519699077},"etarioRangos":[{"rango":{"min":12,"max":19},"vacunados":31404,"personasINE":64000,"porcentaje":0.6991315999039325},{"rango":{"min":20,"max":29},"vacunados":55309,"personasINE":79111,"porcentaje":0.8731563598474188},{"rango":{"min":30,"max":39},"vacunados":84048,"personasINE":114451,"porcentaje":0.8731563598474188},{"rango":{"min":40,"max":49},"vacunados":145811,"personasINE":166993,"porcentaje":0.8731563598474188},{"rango":{"min":50,"max":59},"vacunados":150088,"personasINE":162645,"porcentaje":0.9227950444219004},{"rango":{"min":60,"max":69},"vacunados":146048,"personasINE":149652,"porcentaje":0.9759174618448133},{"rango":{"min":70,"max":79},"vacunados":113945,"personasINE":113945,"porcentaje":1},{"rango":{"min":80,"max":null},"vacunados":88708,"personasINE":88708,"porcentaje":1}]},"pautaCompleta":{"etarioTotal":{"vacunados":718134,"personasINE":933927,"porcentaje":0.7689401848324333},"etarioRangos":[{"rango":{"min":12,"max":19},"vacunados":1527,"personasINE":64000.00000000001,"porcentaje":0.2436829265209642},{"rango":{"min":20,"max":29},"vacunados":19278,"personasINE":79111,"porcentaje":0.8343643146718724},{"rango":{"min":30,"max":39},"vacunados":68968,"personasINE":114451,"porcentaje":0.8343643146718724},{"rango":{"min":40,"max":49},"vacunados":139333,"personasINE":166993,"porcentaje":0.8343643146718724},{"rango":{"min":50,"max":59},"vacunados":145535,"personasINE":162645,"porcentaje":0.894801561683421},{"rango":{"min":60,"max":69},"vacunados":142350,"personasINE":149652,"porcentaje":0.9512067997754791},{"rango":{"min":70,"max":79},"vacunados":113408,"personasINE":113408,"porcentaje":1},{"rango":{"min":80,"max":null},"vacunados":87735,"personasINE":87826,"porcentaje":0.9989638603602577}]}}},{"ccaa":"Baleares","dosisAdministradas":1407686,"dosisEntregadas":1568620,"dosisEntregadasModerna":222200,"dosisEntregadasPfizer":1027620,"dosisEntregadasAstrazeneca":256400,"dosisEntregadasJanssen":62400,"dosisPrimeraDosis":794673,"dosisPautaCompletada":692975,"porcentajeEntregadas":0.8974040876694165,"porcentajePoblacionAdministradas":1.2015657982677546,"porcentajePoblacionPrimeraDosis":0.6783131306319956,"porcentajePoblacionCompletas":0.5915062443290601,"fechaUltRegistro":1628726400000,"etarios":{"unaDosis":{"etarioTotal":{"vacunados":794673,"personasINE":1034867,"porcentaje":0.767898676834801},"etarioRangos":[{"rango":{"min":12,"max":19},"vacunados":58239,"personasINE":95480,"porcentaje":0.6024488553160023},{"rango":{"min":20,"max":29},"vacunados":83103,"personasINE":137942,"porcentaje":0.7673835438371844},{"rango":{"min":30,"max":39},"vacunados":112551,"personasINE":182187,"porcentaje":0.7673835438371844},{"rango":{"min":40,"max":49},"vacunados":158213,"personasINE":206172,"porcentaje":0.7673835438371844},{"rango":{"min":50,"max":59},"vacunados":145013,"personasINE":165797,"porcentaje":0.8746418813368155},{"rango":{"min":60,"max":69},"vacunados":107917,"personasINE":117231,"porcentaje":0.9205500251639924},{"rango":{"min":70,"max":79},"vacunados":78512,"personasINE":80516,"porcentaje":0.975110537036117},{"rango":{"min":80,"max":null},"vacunados":51125,"personasINE":51125,"porcentaje":1}]},"pautaCompleta":{"etarioTotal":{"vacunados":692975,"personasINE":1034867,"porcentaje":0.6696271115032173},"etarioRangos":[{"rango":{"min":12,"max":19},"vacunados":25344,"personasINE":95479.99999999999,"porcentaje":0.42145249452668515},{"rango":{"min":20,"max":29},"vacunados":58136,"personasINE":137942,"porcentaje":0.7239974390314883},{"rango":{"min":30,"max":39},"vacunados":88121,"personasINE":182187,"porcentaje":0.7239974390314883},{"rango":{"min":40,"max":49},"vacunados":149268,"personasINE":206172,"porcentaje":0.7239974390314883},{"rango":{"min":50,"max":59},"vacunados":140479,"personasINE":165797,"porcentaje":0.8472951862820196},{"rango":{"min":60,"max":69},"vacunados":103427,"personasINE":117231,"porcentaje":0.8822495756241949},{"rango":{"min":70,"max":79},"vacunados":77830,"personasINE":80516,"porcentaje":0.9666401708977098},{"rango":{"min":80,"max":null},"vacunados":50370,"personasINE":50370,"porcentaje":1}]}}},{"ccaa":"Canarias","dosisAdministradas":2720139,"dosisEntregadas":2898440,"dosisEntregadasModerna":370400,"dosisEntregadasPfizer":1890690,"dosisEntregadasAstrazeneca":503700,"dosisEntregadasJanssen":133650,"dosisPrimeraDosis":1562869,"dosisPautaCompletada":1297864,"porcentajeEntregadas":0.9384838050813541,"porcentajePoblacionAdministradas":1.2500914542232548,"porcentajePoblacionPrimeraDosis":0.7182460826341758,"porcentajePoblacionCompletas":0.596458010103164,"fechaUltRegistro":1628726400000,"etarios":{"unaDosis":{"etarioTotal":{"vacunados":1562869,"personasINE":1960774,"porcentaje":0.7970673825744323},"etarioRangos":[{"rango":{"min":12,"max":19},"vacunados":108228,"personasINE":179797,"porcentaje":0.6546943769165992},{"rango":{"min":20,"max":29},"vacunados":164818,"personasINE":251748,"porcentaje":0.7821712500386674},{"rango":{"min":30,"max":39},"vacunados":210649,"personasINE":310934,"porcentaje":0.7821712500386674},{"rango":{"min":40,"max":49},"vacunados":303423,"personasINE":387924,"porcentaje":0.7821712500386674},{"rango":{"min":50,"max":59},"vacunados":312883,"personasINE":350512,"porcentaje":0.8926456155566714},{"rango":{"min":60,"max":69},"vacunados":220346,"personasINE":235092,"porcentaje":0.9372756197573716},{"rango":{"min":70,"max":79},"vacunados":150107,"personasINE":154531,"porcentaje":0.9713714400346856},{"rango":{"min":80,"max":null},"vacunados":92415,"personasINE":92415,"porcentaje":1}]},"pautaCompleta":{"etarioTotal":{"vacunados":1297864,"personasINE":1960774,"porcentaje":0.66191412166828},"etarioRangos":[{"rango":{"min":12,"max":19},"vacunados":12291,"personasINE":179797,"porcentaje":0.3258814369925481},{"rango":{"min":20,"max":29},"vacunados":82040,"personasINE":251747.99999999997,"porcentaje":0.7407224095441375},{"rango":{"min":30,"max":39},"vacunados":166394,"personasINE":310934,"porcentaje":0.7407224095441375},{"rango":{"min":40,"max":49},"vacunados":287344,"personasINE":387924,"porcentaje":0.7407224095441375},{"rango":{"min":50,"max":59},"vacunados":305221,"personasINE":350512,"porcentaje":0.8707861642397408},{"rango":{"min":60,"max":69},"vacunados":205751,"personasINE":235092,"porcentaje":0.8751935412519354},{"rango":{"min":70,"max":79},"vacunados":148086,"personasINE":154531,"porcentaje":0.9582931580071312},{"rango":{"min":80,"max":null},"vacunados":90737,"personasINE":90737,"porcentaje":1}]}}},{"ccaa":"Cantabria","dosisAdministradas":754602,"dosisEntregadas":792375,"dosisEntregadasModerna":78400,"dosisEntregadasPfizer":558825,"dosisEntregadasAstrazeneca":130200,"dosisEntregadasJanssen":24950,"dosisPrimeraDosis":417692,"dosisPautaCompletada":366278,"porcentajeEntregadas":0.952329389493611,"porcentajePoblacionAdministradas":1.2945540010807937,"porcentajePoblacionPrimeraDosis":0.716569595388614,"porcentajePoblacionCompletas":0.628366543433321,"fechaUltRegistro":1628726400000,"etarios":{"unaDosis":{"etarioTotal":{"vacunados":417692,"personasINE":524127,"porcentaje":0.7969289885848277},"etarioRangos":[{"rango":{"min":12,"max":19},"vacunados":3116,"personasINE":43962.99999999999,"porcentaje":0.5464211464211465},{"rango":{"min":20,"max":29},"vacunados":27597,"personasINE":50504.99999999999,"porcentaje":0.8534504802135646},{"rango":{"min":30,"max":39},"vacunados":47805,"personasINE":70473,"porcentaje":0.8534504802135646},{"rango":{"min":40,"max":49},"vacunados":83441,"personasINE":97769,"porcentaje":0.8534504802135646},{"rango":{"min":50,"max":59},"vacunados":82031,"personasINE":89964,"porcentaje":0.9118202836690231},{"rango":{"min":60,"max":69},"vacunados":75505,"personasINE":77345,"porcentaje":0.9762104854871032},{"rango":{"min":70,"max":79},"vacunados":55881,"personasINE":55881,"porcentaje":1},{"rango":{"min":80,"max":null},"vacunados":42316,"personasINE":42316,"porcentaje":1}]},"pautaCompleta":{"etarioTotal":{"vacunados":366278,"personasINE":524127,"porcentaje":0.6988344427972609},"etarioRangos":[{"rango":{"min":12,"max":19},"vacunados":650,"personasINE":43963,"porcentaje":0.14630234630234631},{"rango":{"min":20,"max":29},"vacunados":7389,"personasINE":50504.99999999999,"porcentaje":0.8132843743927012},{"rango":{"min":30,"max":39},"vacunados":26684,"personasINE":70473,"porcentaje":0.8132843743927012},{"rango":{"min":40,"max":49},"vacunados":79514,"personasINE":97769,"porcentaje":0.8132843743927012},{"rango":{"min":50,"max":59},"vacunados":80438,"personasINE":89964,"porcentaje":0.89411320083589},{"rango":{"min":60,"max":69},"vacunados":74173,"personasINE":77345,"porcentaje":0.9589889456332019},{"rango":{"min":70,"max":79},"vacunados":55585,"personasINE":55585,"porcentaje":1},{"rango":{"min":80,"max":null},"vacunados":41845,"personasINE":41845,"porcentaje":1}]}}},{"ccaa":"Castilla y Leon","dosisAdministradas":3291349,"dosisEntregadas":3433445,"dosisEntregadasModerna":344800,"dosisEntregadasPfizer":2461395,"dosisEntregadasAstrazeneca":514400,"dosisEntregadasJanssen":112850,"dosisPrimeraDosis":1843455,"dosisPautaCompletada":1619445,"porcentajeEntregadas":0.95861416157824,"porcentajePoblacionAdministradas":1.3743055085810871,"porcentajePoblacionPrimeraDosis":0.7697361663322084,"porcentajePoblacionCompletas":0.6762006047806229,"fechaUltRegistro":1628726400000,"etarios":{"unaDosis":{"etarioTotal":{"vacunados":1843455,"personasINE":2176253,"porcentaje":0.8470775226961204},"etarioRangos":[{"rango":{"min":12,"max":19},"vacunados":42688,"personasINE":165342,"porcentaje":0.7047477322919727},{"rango":{"min":20,"max":29},"vacunados":148706,"personasINE":211006,"porcentaje":0.8575962345687508},{"rango":{"min":30,"max":39},"vacunados":199414,"personasINE":267783,"porcentaje":0.8575962345687508},{"rango":{"min":40,"max":49},"vacunados":311569,"personasINE":363305,"porcentaje":0.8575962345687508},{"rango":{"min":50,"max":59},"vacunados":346007,"personasINE":381175,"porcentaje":0.9077379156555387},{"rango":{"min":60,"max":69},"vacunados":316458,"personasINE":318575,"porcentaje":0.9933547830181276},{"rango":{"min":70,"max":79},"vacunados":249675,"personasINE":249675,"porcentaje":1},{"rango":{"min":80,"max":null},"vacunados":228938,"personasINE":228938,"porcentaje":1}]},"pautaCompleta":{"etarioTotal":{"vacunados":1619445,"personasINE":2176253,"porcentaje":0.7441437185841904},"etarioRangos":[{"rango":{"min":12,"max":19},"vacunados":3559,"personasINE":165342,"porcentaje":0.21986578580703867},{"rango":{"min":20,"max":29},"vacunados":46393,"personasINE":211006,"porcentaje":0.8286536106026616},{"rango":{"min":30,"max":39},"vacunados":147665,"personasINE":267783,"porcentaje":0.8286536106026616},{"rango":{"min":40,"max":49},"vacunados":301054,"personasINE":363305,"porcentaje":0.8286536106026616},{"rango":{"min":50,"max":59},"vacunados":339349,"personasINE":381175,"porcentaje":0.8902708729586148},{"rango":{"min":60,"max":69},"vacunados":307406,"personasINE":318575,"porcentaje":0.9649407517852939},{"rango":{"min":70,"max":79},"vacunados":247973,"personasINE":247973,"porcentaje":1},{"rango":{"min":80,"max":null},"vacunados":226046,"personasINE":226046,"porcentaje":1}]}}},{"ccaa":"Castilla La Mancha","dosisAdministradas":2623850,"dosisEntregadas":2746290,"dosisEntregadasModerna":282900,"dosisEntregadasPfizer":1901115,"dosisEntregadasAstrazeneca":460900,"dosisEntregadasJanssen":101375,"dosisPrimeraDosis":1484892,"dosisPautaCompletada":1283084,"porcentajeEntregadas":0.9554162160587556,"porcentajePoblacionAdministradas":1.2829175917908138,"porcentajePoblacionPrimeraDosis":0.7260300965030185,"porcentajePoblacionCompletas":0.6273571413553841,"fechaUltRegistro":1628726400000},{"ccaa":"Cataluña","dosisAdministradas":9588955,"dosisEntregadas":10370660,"dosisEntregadasModerna":1128200,"dosisEntregadasPfizer":7104860,"dosisEntregadasAstrazeneca":1698100,"dosisEntregadasJanssen":439500,"dosisPrimeraDosis":5418946,"dosisPautaCompletada":4690994,"porcentajeEntregadas":0.9246234087319418,"porcentajePoblacionAdministradas":1.232437617272664,"porcentajePoblacionPrimeraDosis":0.6964797411573246,"porcentajePoblacionCompletas":0.6029184064374443,"fechaUltRegistro":1628726400000,"etarios":{"unaDosis":{"etarioTotal":{"vacunados":5418946,"personasINE":6868360,"porcentaje":0.7889723310950504},"etarioRangos":[{"rango":{"min":12,"max":19},"vacunados":316894,"personasINE":656166,"porcentaje":0.6152741273161806},{"rango":{"min":20,"max":29},"vacunados":516175,"personasINE":838935.0000000001,"porcentaje":0.8080576872690819},{"rango":{"min":30,"max":39},"vacunados":678667,"personasINE":1044652,"porcentaje":0.8080576872690819},{"rango":{"min":40,"max":49},"vacunados":1064014,"personasINE":1316755,"porcentaje":0.8080576872690819},{"rango":{"min":50,"max":59},"vacunados":986294,"personasINE":1091780,"porcentaje":0.9033816336624595},{"rango":{"min":60,"max":69},"vacunados":784511,"personasINE":837584,"porcentaje":0.9366356090851783},{"rango":{"min":70,"max":79},"vacunados":614967,"personasINE":635292,"porcentaje":0.9680068378005704},{"rango":{"min":80,"max":null},"vacunados":457424,"personasINE":457424,"porcentaje":1}]},"pautaCompleta":{"etarioTotal":{"vacunados":4690994,"personasINE":6868360,"porcentaje":0.6829860403356842},"etarioRangos":[{"rango":{"min":12,"max":19},"vacunados":100801,"personasINE":656166,"porcentaje":0.3736928367513574},{"rango":{"min":20,"max":29},"vacunados":313504,"personasINE":838935,"porcentaje":0.7677533026265326},{"rango":{"min":30,"max":39},"vacunados":526588,"personasINE":1044651.9999999999,"porcentaje":0.7677533026265326},{"rango":{"min":40,"max":49},"vacunados":1010943,"personasINE":1316755,"porcentaje":0.7677533026265326},{"rango":{"min":50,"max":59},"vacunados":923822,"personasINE":1091780,"porcentaje":0.8461613145505504},{"rango":{"min":60,"max":69},"vacunados":758849,"personasINE":837584,"porcentaje":0.9059974880131426},{"rango":{"min":70,"max":79},"vacunados":606751,"personasINE":635292,"porcentaje":0.9550742020991921},{"rango":{"min":80,"max":null},"vacunados":449736,"personasINE":449736,"porcentaje":1}]}}},{"ccaa":"C. Valenciana","dosisAdministradas":6331233,"dosisEntregadas":6546180,"dosisEntregadasModerna":731500,"dosisEntregadasPfizer":4600630,"dosisEntregadasAstrazeneca":906800,"dosisEntregadasJanssen":307250,"dosisPrimeraDosis":3642261,"dosisPautaCompletada":3050789,"porcentajeEntregadas":0.9671645142663354,"porcentajePoblacionAdministradas":1.2518867083235043,"porcentajePoblacionPrimeraDosis":0.7201911751068197,"porcentajePoblacionCompletas":0.6032382948154894,"fechaUltRegistro":1628726400000,"etarios":{"unaDosis":{"etarioTotal":{"vacunados":3642261,"personasINE":4488459,"porcentaje":0.8114724897787859},"etarioRangos":[{"rango":{"min":12,"max":19},"vacunados":123456,"personasINE":424531,"porcentaje":0.6641130266640316},{"rango":{"min":20,"max":29},"vacunados":342766,"personasINE":516126.00000000006,"porcentaje":0.8573230247490571},{"rango":{"min":30,"max":39},"vacunados":456095,"personasINE":648759,"porcentaje":0.8573230247490571},{"rango":{"min":40,"max":49},"vacunados":730086,"personasINE":851588,"porcentaje":0.8573230247490571},{"rango":{"min":50,"max":59},"vacunados":704771,"personasINE":752334,"porcentaje":0.9367794091454061},{"rango":{"min":60,"max":69},"vacunados":556978,"personasINE":580728,"porcentaje":0.9591030568527779},{"rango":{"min":70,"max":79},"vacunados":432039,"personasINE":437862,"porcentaje":0.9867012894473601},{"rango":{"min":80,"max":null},"vacunados":296070,"personasINE":296070,"porcentaje":1}]},"pautaCompleta":{"etarioTotal":{"vacunados":3050789,"personasINE":4488459,"porcentaje":0.6796963055694616},"etarioRangos":[{"rango":{"min":12,"max":19},"vacunados":12001,"personasINE":424531,"porcentaje":0.16912924363430634},{"rango":{"min":20,"max":29},"vacunados":87292,"personasINE":516126,"porcentaje":0.8267706919308397},{"rango":{"min":30,"max":39},"vacunados":299086,"personasINE":648759,"porcentaje":0.8267706919308397},{"rango":{"min":40,"max":49},"vacunados":704068,"personasINE":851588,"porcentaje":0.8267706919308397},{"rango":{"min":50,"max":59},"vacunados":693182,"personasINE":752334,"porcentaje":0.9213753465880845},{"rango":{"min":60,"max":69},"vacunados":534603,"personasINE":580728,"porcentaje":0.9205738314667108},{"rango":{"min":70,"max":79},"vacunados":428743,"personasINE":437862,"porcentaje":0.9791738036184917},{"rango":{"min":80,"max":null},"vacunados":291814,"personasINE":291814,"porcentaje":1}]}}},{"ccaa":"Extremadura","dosisAdministradas":1460297,"dosisEntregadas":1438845,"dosisEntregadasModerna":141700,"dosisEntregadasPfizer":1017395,"dosisEntregadasAstrazeneca":228000,"dosisEntregadasJanssen":51750,"dosisPrimeraDosis":811839,"dosisPautaCompletada":721292,"porcentajeEntregadas":1.0149091806275172,"porcentajePoblacionAdministradas":1.3724763554441926,"porcentajePoblacionPrimeraDosis":0.7630159015100748,"porcentajePoblacionCompletas":0.6779142978250674,"fechaUltRegistro":1628726400000,"etarios":{"unaDosis":{"etarioTotal":{"vacunados":811839,"personasINE":953437,"porcentaje":0.8514867788852332},"etarioRangos":[{"rango":{"min":12,"max":19},"vacunados":19590,"personasINE":84750,"porcentaje":0.677541475467702},{"rango":{"min":20,"max":29},"vacunados":76779,"personasINE":113320,"porcentaje":0.8988927483165511},{"rango":{"min":30,"max":39},"vacunados":107206,"personasINE":133479,"porcentaje":0.8988927483165511},{"rango":{"min":40,"max":49},"vacunados":143368,"personasINE":159494,"porcentaje":0.8988927483165511},{"rango":{"min":50,"max":59},"vacunados":159376,"personasINE":169216,"porcentaje":0.9418494704992436},{"rango":{"min":60,"max":69},"vacunados":131656,"personasINE":131656,"porcentaje":1},{"rango":{"min":70,"max":79},"vacunados":95741,"personasINE":95741,"porcentaje":1},{"rango":{"min":80,"max":null},"vacunados":78123,"personasINE":78123,"porcentaje":1}]},"pautaCompleta":{"etarioTotal":{"vacunados":721292,"personasINE":953437,"porcentaje":0.7565177353092024},"etarioRangos":[{"rango":{"min":12,"max":19},"vacunados":2283,"personasINE":84750,"porcentaje":0.2616131309565831},{"rango":{"min":20,"max":29},"vacunados":29646,"personasINE":113320,"porcentaje":0.8763715249476469},{"rango":{"min":30,"max":39},"vacunados":91981,"personasINE":133479,"porcentaje":0.8763715249476469},{"rango":{"min":40,"max":49},"vacunados":139776,"personasINE":159494,"porcentaje":0.8763715249476469},{"rango":{"min":50,"max":59},"vacunados":157127,"personasINE":169216,"porcentaje":0.928558765128593},{"rango":{"min":60,"max":69},"vacunados":128528,"personasINE":125297,"porcentaje":1.0257867307277908},{"rango":{"min":70,"max":79},"vacunados":94957,"personasINE":94957,"porcentaje":1},{"rango":{"min":80,"max":null},"vacunados":76994,"personasINE":76994,"porcentaje":1}]}}},{"ccaa":"Galicia","dosisAdministradas":3732493,"dosisEntregadas":3785445,"dosisEntregadasModerna":368300,"dosisEntregadasPfizer":2689945,"dosisEntregadasAstrazeneca":595400,"dosisEntregadasJanssen":131800,"dosisPrimeraDosis":2078138,"dosisPautaCompletada":1821657,"porcentajeEntregadas":0.9860116842273497,"porcentajePoblacionAdministradas":1.3814741105899395,"porcentajePoblacionPrimeraDosis":0.7691625530799806,"porcentajePoblacionCompletas":0.674233544141928,"fechaUltRegistro":1628726400000,"etarios":{"unaDosis":{"etarioTotal":{"vacunados":2078138,"personasINE":2454497,"porcentaje":0.8466655286195094},"etarioRangos":[{"rango":{"min":12,"max":19},"vacunados":34273,"personasINE":180007,"porcentaje":0.6575042968902204},{"rango":{"min":20,"max":29},"vacunados":151871,"personasINE":230981,"porcentaje":0.8926021104595676},{"rango":{"min":30,"max":39},"vacunados":239483,"personasINE":323408,"porcentaje":0.8926021104595676},{"rango":{"min":40,"max":49},"vacunados":395620,"personasINE":443221,"porcentaje":0.8926021104595676},{"rango":{"min":50,"max":59},"vacunados":384258,"personasINE":405889,"porcentaje":0.9467071046517644},{"rango":{"min":60,"max":69},"vacunados":340914,"personasINE":346927,"porcentaje":0.9826678234902444},{"rango":{"min":70,"max":79},"vacunados":290154,"personasINE":290154,"porcentaje":1},{"rango":{"min":80,"max":null},"vacunados":241565,"personasINE":241565,"porcentaje":1}]},"pautaCompleta":{"etarioTotal":{"vacunados":1821657,"personasINE":2454497,"porcentaje":0.7421712065649296},"etarioRangos":[{"rango":{"min":12,"max":19},"vacunados":2393,"personasINE":180007,"porcentaje":0.1308982124070811},{"rango":{"min":20,"max":29},"vacunados":30235,"personasINE":230981,"porcentaje":0.870168606631906},{"rango":{"min":30,"max":39},"vacunados":160675,"personasINE":323408,"porcentaje":0.870168606631906},{"rango":{"min":40,"max":49},"vacunados":385677,"personasINE":443221,"porcentaje":0.870168606631906},{"rango":{"min":50,"max":59},"vacunados":378814,"personasINE":405889,"porcentaje":0.9332945706831178},{"rango":{"min":60,"max":69},"vacunados":335583,"personasINE":346927,"porcentaje":0.9673014784090025},{"rango":{"min":70,"max":79},"vacunados":288641,"personasINE":289762,"porcentaje":0.9961313077629227},{"rango":{"min":80,"max":null},"vacunados":239639,"personasINE":239639,"porcentaje":1}]}}},{"ccaa":"La Rioja","dosisAdministradas":403574,"dosisEntregadas":427475,"dosisEntregadasModerna":43100,"dosisEntregadasPfizer":307775,"dosisEntregadasAstrazeneca":61400,"dosisEntregadasJanssen":15200,"dosisPrimeraDosis":230796,"dosisPautaCompletada":201037,"porcentajeEntregadas":0.944087958360138,"porcentajePoblacionAdministradas":1.2615077802159331,"porcentajePoblacionPrimeraDosis":0.721431384684634,"porcentajePoblacionCompletas":0.6284095100558275,"fechaUltRegistro":1628726400000,"etarios":{"unaDosis":{"etarioTotal":{"vacunados":230796,"personasINE":283970,"porcentaje":0.812747825474522},"etarioRangos":[{"rango":{"min":12,"max":19},"vacunados":6241,"personasINE":25532,"porcentaje":0.5838531748637468},{"rango":{"min":20,"max":29},"vacunados":17783,"personasINE":30458,"porcentaje":0.8595954445011049},{"rango":{"min":30,"max":39},"vacunados":27513,"personasINE":39319,"porcentaje":0.8595954445011049},{"rango":{"min":40,"max":49},"vacunados":45513,"personasINE":52947,"porcentaje":0.8595954445011049},{"rango":{"min":50,"max":59},"vacunados":44332,"personasINE":47664,"porcentaje":0.930093991272239},{"rango":{"min":60,"max":69},"vacunados":37520,"personasINE":37718,"porcentaje":0.9947505169945384},{"rango":{"min":70,"max":79},"vacunados":28574,"personasINE":28574,"porcentaje":1},{"rango":{"min":80,"max":null},"vacunados":23320,"personasINE":23320,"porcentaje":1}]},"pautaCompleta":{"etarioTotal":{"vacunados":201037,"personasINE":283970,"porcentaje":0.7079515441772019},"etarioRangos":[{"rango":{"min":12,"max":19},"vacunados":1193,"personasINE":25532,"porcentaje":0.21892442051349398},{"rango":{"min":20,"max":29},"vacunados":6668,"personasINE":30458.000000000004,"porcentaje":0.8041815400305966},{"rango":{"min":30,"max":39},"vacunados":19857,"personasINE":39319,"porcentaje":0.8041815400305966},{"rango":{"min":40,"max":49},"vacunados":42579,"personasINE":52947,"porcentaje":0.8041815400305966},{"rango":{"min":50,"max":59},"vacunados":43160,"personasINE":47664,"porcentaje":0.9055052030882846},{"rango":{"min":60,"max":69},"vacunados":36064,"personasINE":37718,"porcentaje":0.9561482581260936},{"rango":{"min":70,"max":79},"vacunados":28430,"personasINE":28430,"porcentaje":1},{"rango":{"min":80,"max":null},"vacunados":23086,"personasINE":23086,"porcentaje":1}]}}},{"ccaa":"Madrid","dosisAdministradas":8402174,"dosisEntregadas":8937139,"dosisEntregadasModerna":1067600,"dosisEntregadasPfizer":6178689,"dosisEntregadasAstrazeneca":1309400,"dosisEntregadasJanssen":381450,"dosisPrimeraDosis":4787440,"dosisPautaCompletada":4214144,"porcentajeEntregadas":0.9401413584369673,"porcentajePoblacionAdministradas":1.2392791739332567,"porcentajePoblacionPrimeraDosis":0.7061237589765494,"porcentajePoblacionCompletas":0.621565429989404,"fechaUltRegistro":1628726400000,"etarios":{"unaDosis":{"etarioTotal":{"vacunados":4787440,"personasINE":5977937,"porcentaje":0.800851531222226},"etarioRangos":[{"rango":{"min":12,"max":19},"vacunados":171948,"personasINE":553542,"porcentaje":0.658086804269504},{"rango":{"min":20,"max":29},"vacunados":488613,"personasINE":742475,"porcentaje":0.8428202759759891},{"rango":{"min":30,"max":39},"vacunados":663699,"personasINE":949640.0000000001,"porcentaje":0.8428202759759891},{"rango":{"min":40,"max":49},"vacunados":982704,"personasINE":1165971,"porcentaje":0.8428202759759891},{"rango":{"min":50,"max":59},"vacunados":919670,"personasINE":972783,"porcentaje":0.9454009784299273},{"rango":{"min":60,"max":69},"vacunados":679541,"personasINE":703323,"porcentaje":0.9661862330678792},{"rango":{"min":70,"max":79},"vacunados":508512,"personasINE":526081,"porcentaje":0.9666040020453124},{"rango":{"min":80,"max":null},"vacunados":372753,"personasINE":372753,"porcentaje":1}]},"pautaCompleta":{"etarioTotal":{"vacunados":4214144,"personasINE":5977937,"porcentaje":0.704949550321457},"etarioRangos":[{"rango":{"min":12,"max":19},"vacunados":41738,"personasINE":553542,"porcentaje":0.3531135728475706},{"rango":{"min":20,"max":29},"vacunados":262178,"personasINE":742475,"porcentaje":0.798772010624621},{"rango":{"min":30,"max":39},"vacunados":535958,"personasINE":949640,"porcentaje":0.798772010624621},{"rango":{"min":40,"max":49},"vacunados":931345,"personasINE":1165971,"porcentaje":0.798772010624621},{"rango":{"min":50,"max":59},"vacunados":904344,"personasINE":972783,"porcentaje":0.9296461800833279},{"rango":{"min":60,"max":69},"vacunados":663865,"personasINE":703323,"porcentaje":0.9438977539480438},{"rango":{"min":70,"max":79},"vacunados":505590,"personasINE":526081,"porcentaje":0.9610497242820022},{"rango":{"min":80,"max":null},"vacunados":369126,"personasINE":369126,"porcentaje":1}]}}},{"ccaa":"Murcia","dosisAdministradas":1878193,"dosisEntregadas":1971815,"dosisEntregadasModerna":246000,"dosisEntregadasPfizer":1377815,"dosisEntregadasAstrazeneca":259900,"dosisEntregadasJanssen":88100,"dosisPrimeraDosis":1092321,"dosisPautaCompletada":849379,"porcentajeEntregadas":0.9525198865005085,"porcentajePoblacionAdministradas":1.2428067872246238,"porcentajePoblacionPrimeraDosis":0.7227925738345252,"porcentajePoblacionCompletas":0.562037014367567,"fechaUltRegistro":1628726400000,"etarios":{"unaDosis":{"etarioTotal":{"vacunados":1092321,"personasINE":1310137,"porcentaje":0.8337456311820824},"etarioRangos":[{"rango":{"min":12,"max":19},"vacunados":77588,"personasINE":141894,"porcentaje":0.6886175746597929},{"rango":{"min":20,"max":29},"vacunados":118613,"personasINE":172248,"porcentaje":0.8725354800379294},{"rango":{"min":30,"max":39},"vacunados":150125,"personasINE":209003,"porcentaje":0.8725354800379294},{"rango":{"min":40,"max":49},"vacunados":221761,"personasINE":254157,"porcentaje":0.8725354800379294},{"rango":{"min":50,"max":59},"vacunados":202756,"personasINE":213256,"porcentaje":0.9507634017331282},{"rango":{"min":60,"max":69},"vacunados":145345,"personasINE":146909,"porcentaje":0.9893539538081397},{"rango":{"min":70,"max":79},"vacunados":102463,"personasINE":102899,"porcentaje":0.9957628354017046},{"rango":{"min":80,"max":null},"vacunados":73670,"personasINE":73670,"porcentaje":1}]},"pautaCompleta":{"etarioTotal":{"vacunados":849379,"personasINE":1310137,"porcentaje":0.6483131153459524},"etarioRangos":[{"rango":{"min":12,"max":19},"vacunados":1760,"personasINE":141894,"porcentaje":0.222365426594213},{"rango":{"min":20,"max":29},"vacunados":38302,"personasINE":172248,"porcentaje":0.7880011174195478},{"rango":{"min":30,"max":39},"vacunados":115359,"personasINE":209003,"porcentaje":0.7880011174195478},{"rango":{"min":40,"max":49},"vacunados":200276,"personasINE":254156.99999999997,"porcentaje":0.7880011174195478},{"rango":{"min":50,"max":59},"vacunados":189217,"personasINE":213256,"porcentaje":0.8872763251678734},{"rango":{"min":60,"max":69},"vacunados":132228,"personasINE":146909,"porcentaje":0.9000673886555622},{"rango":{"min":70,"max":79},"vacunados":99771,"personasINE":102899,"porcentaje":0.9696012594874586},{"rango":{"min":80,"max":null},"vacunados":72466,"personasINE":72466,"porcentaje":1}]}}},{"ccaa":"Navarra","dosisAdministradas":852658,"dosisEntregadas":887925,"dosisEntregadasModerna":98000,"dosisEntregadasPfizer":611475,"dosisEntregadasAstrazeneca":145700,"dosisEntregadasJanssen":32750,"dosisPrimeraDosis":476170,"dosisPautaCompletada":425386,"porcentajeEntregadas":0.9602815553115409,"porcentajePoblacionAdministradas":1.2895672545398724,"porcentajePoblacionPrimeraDosis":0.7201635821094167,"porcentajePoblacionCompletas":0.6433574260016304,"fechaUltRegistro":1628726400000,"etarios":{"unaDosis":{"etarioTotal":{"vacunados":476170,"personasINE":581354,"porcentaje":0.8190706523047919},"etarioRangos":[{"rango":{"min":12,"max":19},"vacunados":22047,"personasINE":56388,"porcentaje":0.6777342316555844},{"rango":{"min":20,"max":29},"vacunados":46172,"personasINE":68127,"porcentaje":0.8487157645228792},{"rango":{"min":30,"max":39},"vacunados":57750,"personasINE":81341,"porcentaje":0.8487157645228792},{"rango":{"min":40,"max":49},"vacunados":91663,"personasINE":108002,"porcentaje":0.8487157645228792},{"rango":{"min":50,"max":59},"vacunados":89446,"personasINE":96694,"porcentaje":0.9250418847084617},{"rango":{"min":60,"max":69},"vacunados":70916,"personasINE":73844,"porcentaje":0.9603488435079357},{"rango":{"min":70,"max":79},"vacunados":55748,"personasINE":55792,"porcentaje":0.999211356466877},{"rango":{"min":80,"max":null},"vacunados":42428,"personasINE":42428,"porcentaje":1}]},"pautaCompleta":{"etarioTotal":{"vacunados":425386,"personasINE":581354,"porcentaje":0.7317159596390496},"etarioRangos":[{"rango":{"min":12,"max":19},"vacunados":4624,"personasINE":56388,"porcentaje":0.4074595975164032},{"rango":{"min":20,"max":29},"vacunados":27759,"personasINE":68127,"porcentaje":0.8168089479824447},{"rango":{"min":30,"max":39},"vacunados":50619,"personasINE":81341,"porcentaje":0.8168089479824447},{"rango":{"min":40,"max":49},"vacunados":88217,"personasINE":108002,"porcentaje":0.8168089479824447},{"rango":{"min":50,"max":59},"vacunados":87652,"personasINE":96694,"porcentaje":0.9064885101454072},{"rango":{"min":60,"max":69},"vacunados":69047,"personasINE":73844,"porcentaje":0.9350387302963004},{"rango":{"min":70,"max":79},"vacunados":55532,"personasINE":55792,"porcentaje":0.9953398336679093},{"rango":{"min":80,"max":null},"vacunados":41936,"personasINE":41936,"porcentaje":1}]}}},{"ccaa":"País Vasco","dosisAdministradas":2891576,"dosisEntregadas":3055100,"dosisEntregadasModerna":301700,"dosisEntregadasPfizer":2092950,"dosisEntregadasAstrazeneca":549600,"dosisEntregadasJanssen":110850,"dosisPrimeraDosis":1607113,"dosisPautaCompletada":1449768,"porcentajeEntregadas":0.9464750744656476,"porcentajePoblacionAdministradas":1.3022160734680055,"porcentajePoblacionPrimeraDosis":0.7237604615889005,"porcentajePoblacionCompletas":0.6529004226067595,"fechaUltRegistro":1628726400000,"etarios":{"unaDosis":{"etarioTotal":{"vacunados":1607113,"personasINE":1983943,"porcentaje":0.810060067249916},"etarioRangos":[{"rango":{"min":12,"max":19},"vacunados":55480,"personasINE":168606,"porcentaje":0.5402363869123821},{"rango":{"min":20,"max":29},"vacunados":108876,"personasINE":201533.99999999997,"porcentaje":0.8398709866264604},{"rango":{"min":30,"max":39},"vacunados":174036,"personasINE":260543,"porcentaje":0.8398709866264604},{"rango":{"min":40,"max":49},"vacunados":304145,"personasINE":362133,"porcentaje":0.8398709866264604},{"rango":{"min":50,"max":59},"vacunados":312956,"personasINE":339977,"porcentaje":0.9205210940740108},{"rango":{"min":60,"max":69},"vacunados":274732,"personasINE":280119,"porcentaje":0.9807688875085232},{"rango":{"min":70,"max":79},"vacunados":213098,"personasINE":213098,"porcentaje":1},{"rango":{"min":80,"max":null},"vacunados":163790,"personasINE":163790,"porcentaje":1}]},"pautaCompleta":{"etarioTotal":{"vacunados":1449768,"personasINE":1983943,"porcentaje":0.7307508330632483},"etarioRangos":[{"rango":{"min":12,"max":19},"vacunados":11169,"personasINE":168606,"porcentaje":0.2509055543977691},{"rango":{"min":20,"max":29},"vacunados":50566,"personasINE":201534,"porcentaje":0.8216097400678756},{"rango":{"min":30,"max":39},"vacunados":140363,"personasINE":260543,"porcentaje":0.8216097400678756},{"rango":{"min":40,"max":49},"vacunados":297532,"personasINE":362133,"porcentaje":0.8216097400678756},{"rango":{"min":50,"max":59},"vacunados":308652,"personasINE":339977,"porcentaje":0.907861414154487},{"rango":{"min":60,"max":69},"vacunados":268649,"personasINE":280119,"porcentaje":0.959053116711112},{"rango":{"min":70,"max":79},"vacunados":211428,"personasINE":213081,"porcentaje":0.9922423866980162},{"rango":{"min":80,"max":null},"vacunados":161409,"personasINE":157950,"porcentaje":1.0218993352326686}]}}},{"ccaa":"Ceuta","dosisAdministradas":97827,"dosisEntregadas":115810,"dosisEntregadasModerna":16700,"dosisEntregadasPfizer":76860,"dosisEntregadasAstrazeneca":18100,"dosisEntregadasJanssen":4150,"dosisPrimeraDosis":54619,"dosisPautaCompletada":49100,"porcentajeEntregadas":0.8447197996718764,"porcentajePoblacionAdministradas":1.1618132585924326,"porcentajePoblacionPrimeraDosis":0.6486663024631244,"porcentajePoblacionCompletas":0.583121541056032,"fechaUltRegistro":1628726400000,"etarios":{"unaDosis":{"etarioTotal":{"vacunados":54619,"personasINE":70965,"porcentaje":0.769661100542521},"etarioRangos":[{"rango":{"min":12,"max":19},"vacunados":4757,"personasINE":9126,"porcentaje":0.6853287134129662},{"rango":{"min":20,"max":29},"vacunados":7516,"personasINE":10967,"porcentaje":0.820281601012498},{"rango":{"min":30,"max":39},"vacunados":8157,"personasINE":11894,"porcentaje":0.820281601012498},{"rango":{"min":40,"max":49},"vacunados":10370,"personasINE":12642,"porcentaje":0.820281601012498},{"rango":{"min":50,"max":59},"vacunados":10124,"personasINE":11556,"porcentaje":0.8760816891658013},{"rango":{"min":60,"max":69},"vacunados":7460,"personasINE":7857,"porcentaje":0.9494718085783378},{"rango":{"min":70,"max":79},"vacunados":3856,"personasINE":4318,"porcentaje":0.8930060213061602},{"rango":{"min":80,"max":null},"vacunados":2379,"personasINE":2605,"porcentaje":0.9132437619961612}]},"pautaCompleta":{"etarioTotal":{"vacunados":49100,"personasINE":70965,"porcentaje":0.6918903684915099},"etarioRangos":[{"rango":{"min":12,"max":19},"vacunados":2666,"personasINE":9126,"porcentaje":0.5687061183550652},{"rango":{"min":20,"max":29},"vacunados":6237,"personasINE":10967,"porcentaje":0.7774086378737541},{"rango":{"min":30,"max":39},"vacunados":7296,"personasINE":11894,"porcentaje":0.7774086378737541},{"rango":{"min":40,"max":49},"vacunados":9828,"personasINE":12642,"porcentaje":0.7774086378737541},{"rango":{"min":50,"max":59},"vacunados":9819,"personasINE":11556,"porcentaje":0.8496884735202492},{"rango":{"min":60,"max":69},"vacunados":7098,"personasINE":7857,"porcentaje":0.9033982436044292},{"rango":{"min":70,"max":79},"vacunados":3806,"personasINE":4318,"porcentaje":0.8814265863825845},{"rango":{"min":80,"max":null},"vacunados":2350,"personasINE":2605,"porcentaje":0.9021113243761996}]}}},{"ccaa":"Melilla","dosisAdministradas":90958,"dosisEntregadas":115380,"dosisEntregadasModerna":16500,"dosisEntregadasPfizer":78030,"dosisEntregadasAstrazeneca":15100,"dosisEntregadasJanssen":5750,"dosisPrimeraDosis":52143,"dosisPautaCompletada":46804,"porcentajeEntregadas":0.788334200034668,"porcentajePoblacionAdministradas":1.0445817446828058,"porcentajePoblacionPrimeraDosis":0.5988217189581515,"porcentajePoblacionCompletas":0.5375074647434425,"fechaUltRegistro":1628726400000,"etarios":{"unaDosis":{"etarioTotal":{"vacunados":52143,"personasINE":70927,"porcentaje":0.7351643238823016},"etarioRangos":[{"rango":{"min":12,"max":19},"vacunados":5547,"personasINE":9574,"porcentaje":0.6225927469779075},{"rango":{"min":20,"max":29},"vacunados":7468,"personasINE":11995,"porcentaje":0.7981169805032494},{"rango":{"min":30,"max":39},"vacunados":7914,"personasINE":12133,"porcentaje":0.7981169805032494},{"rango":{"min":40,"max":49},"vacunados":9579,"personasINE":12002,"porcentaje":0.7981169805032494},{"rango":{"min":50,"max":59},"vacunados":9376,"personasINE":11299,"porcentaje":0.8298079476059829},{"rango":{"min":60,"max":69},"vacunados":6983,"personasINE":7827,"porcentaje":0.8921681359396959},{"rango":{"min":70,"max":79},"vacunados":3280,"personasINE":3748,"porcentaje":0.8751334044823906},{"rango":{"min":80,"max":null},"vacunados":1996,"personasINE":2349,"porcentaje":0.8497232865048957}]},"pautaCompleta":{"etarioTotal":{"vacunados":46804,"personasINE":70927,"porcentaje":0.6598897457949723},"etarioRangos":[{"rango":{"min":12,"max":19},"vacunados":2944,"personasINE":9574,"porcentaje":0.5213005418924552},{"rango":{"min":20,"max":29},"vacunados":6253,"personasINE":11995,"porcentaje":0.770121646392268},{"rango":{"min":30,"max":39},"vacunados":7300,"personasINE":12133,"porcentaje":0.770121646392268},{"rango":{"min":40,"max":49},"vacunados":9243,"personasINE":12002,"porcentaje":0.770121646392268},{"rango":{"min":50,"max":59},"vacunados":9131,"personasINE":11299,"porcentaje":0.8081246127975927},{"rango":{"min":60,"max":69},"vacunados":6803,"personasINE":7827,"porcentaje":0.8691708189600102},{"rango":{"min":70,"max":79},"vacunados":3194,"personasINE":3748,"porcentaje":0.852187833511206},{"rango":{"min":80,"max":null},"vacunados":1936,"personasINE":2349,"porcentaje":0.8241805023414219}]}}},{"ccaa":"Fuerzas Armadas","dosisAdministradas":168847,"dosisEntregadas":213568,"dosisEntregadasModerna":58300,"dosisEntregadasPfizer":49368,"dosisEntregadasAstrazeneca":103900,"dosisEntregadasJanssen":2000,"dosisPrimeraDosis":91003,"dosisPautaCompletada":79027,"porcentajeEntregadas":0.7906006517830386,"porcentajePoblacionAdministradas":null,"porcentajePoblacionPrimeraDosis":null,"porcentajePoblacionCompletas":null,"fechaUltRegistro":1628726400000},{"ccaa":"Sanidad Exterior","dosisAdministradas":4595,"dosisEntregadas":6890,"dosisEntregadasModerna":4180,"dosisEntregadasPfizer":0,"dosisEntregadasAstrazeneca":0,"dosisEntregadasJanssen":2710,"dosisPrimeraDosis":3518,"dosisPautaCompletada":3000,"porcentajeEntregadas":0.6669085631349783,"porcentajePoblacionAdministradas":null,"porcentajePoblacionPrimeraDosis":null,"porcentajePoblacionCompletas":null,"fechaUltRegistro":1628726400000,"etarios":{"unaDosis":{"etarioTotal":{"vacunados":3518,"personasINE":"-","porcentaje":"-"},"etarioRangos":[{"rango":{"min":12,"max":19},"vacunados":117,"personasINE":null,"porcentaje":"-"},{"rango":{"min":20,"max":29},"vacunados":891,"personasINE":null,"porcentaje":"-"},{"rango":{"min":30,"max":39},"vacunados":974,"personasINE":null,"porcentaje":"-"},{"rango":{"min":40,"max":49},"vacunados":879,"personasINE":null,"porcentaje":"-"},{"rango":{"min":50,"max":59},"vacunados":456,"personasINE":null,"porcentaje":"-"},{"rango":{"min":60,"max":69},"vacunados":158,"personasINE":null,"porcentaje":"-"},{"rango":{"min":70,"max":79},"vacunados":22,"personasINE":null,"porcentaje":"-"},{"rango":{"min":80,"max":null},"vacunados":21,"personasINE":null,"porcentaje":"-"}]},"pautaCompleta":{"etarioTotal":{"vacunados":3000,"personasINE":"-","porcentaje":"-"},"etarioRangos":[{"rango":{"min":12,"max":19},"vacunados":59,"personasINE":null,"porcentaje":"-"},{"rango":{"min":20,"max":29},"vacunados":717,"personasINE":null,"porcentaje":"-"},{"rango":{"min":30,"max":39},"vacunados":824,"personasINE":null,"porcentaje":"-"},{"rango":{"min":40,"max":49},"vacunados":788,"personasINE":null,"porcentaje":"-"},{"rango":{"min":50,"max":59},"vacunados":434,"personasINE":null,"porcentaje":"-"},{"rango":{"min":60,"max":69},"vacunados":143,"personasINE":null,"porcentaje":"-"},{"rango":{"min":70,"max":79},"vacunados":19,"personasINE":null,"porcentaje":"-"},{"rango":{"min":80,"max":null},"vacunados":16,"personasINE":null,"porcentaje":"-"}]}}},{"ccaa":"Totales","dosisAdministradas":60919867,"dosisEntregadas":63828592,"dosisEntregadasModerna":7148680,"dosisEntregadasPfizer":43947177,"dosisEntregadasAstrazeneca":10084400,"dosisEntregadasJanssen":2648335,"dosisPrimeraDosis":34455543,"dosisPautaCompletada":29526380,"porcentajeEntregadas":0.954429121670113,"porcentajePoblacionAdministradas":1.297824179804005,"porcentajePoblacionPrimeraDosis":0.7340337239028547,"porcentajePoblacionCompletas":0.629023860247124,"fechaUltRegistro":null,"etarios":{"unaDosis":{"etarioTotal":{"vacunados":34455543,"personasINE":42119827,"porcentaje":0.8180361946880741},"etarioRangos":[{"rango":{"min":12,"max":19},"vacunados":1551274,"personasINE":3888686,"porcentaje":0.6596571236733109},{"rango":{"min":20,"max":29},"vacunados":3261767,"personasINE":4944640,"porcentaje":0.8458896944994493},{"rango":{"min":30,"max":39},"vacunados":4407196,"personasINE":6230403,"porcentaje":0.8458896944994493},{"rango":{"min":40,"max":49},"vacunados":6675539,"personasINE":7891736.999999999,"porcentaje":0.8458896944994493},{"rango":{"min":50,"max":59},"vacunados":6515212,"personasINE":7033306,"porcentaje":0.9263370596985259},{"rango":{"min":60,"max":69},"vacunados":5191843,"personasINE":5336986,"porcentaje":0.9728043131460341},{"rango":{"min":70,"max":79},"vacunados":3924143,"personasINE":3960045,"porcentaje":0.9909339414072315},{"rango":{"min":80,"max":null},"vacunados":2928569,"personasINE":2928569,"porcentaje":1}]},"pautaCompleta":{"etarioTotal":{"vacunados":29526380,"personasINE":42119827,"porcentaje":0.7010090521027069},"etarioRangos":[{"rango":{"min":12,"max":19},"vacunados":261224,"personasINE":3888685.9999999995,"porcentaje":0.2943277973725084},{"rango":{"min":20,"max":29},"vacunados":1455345,"personasINE":4944640,"porcentaje":0.8043867908928034},{"rango":{"min":30,"max":39},"vacunados":3401429,"personasINE":6230403,"porcentaje":0.8043867908928034},{"rango":{"min":40,"max":49},"vacunados":6348009,"personasINE":7891737,"porcentaje":0.8043867908928034},{"rango":{"min":50,"max":59},"vacunados":6292164,"personasINE":7033306,"porcentaje":0.8946239506712775},{"rango":{"min":60,"max":69},"vacunados":4991298,"personasINE":5336986,"porcentaje":0.9352278608188217},{"rango":{"min":70,"max":79},"vacunados":3888851,"personasINE":3960045,"porcentaje":0.9820219214680641},{"rango":{"min":80,"max":null},"vacunados":2888060,"personasINE":2888060,"porcentaje":1}]}}}]