[{"ccaa":"Andalucía","dosisAdministradas":12028505,"dosisEntregadas":13191500,"dosisEntregadasModerna":1853500,"dosisEntregadasPfizer":9006750,"dosisEntregadasAstrazeneca":1805800,"dosisEntregadasJanssen":525450,"dosisPrimeraDosis":6568538,"dosisPautaCompletada":6073649,"porcentajeEntregadas":0.9118375469052041,"porcentajePoblacionAdministradas":1.4210681641049803,"porcentajePoblacionPrimeraDosis":0.7760183195263084,"porcentajePoblacionCompletas":0.717551286202903,"fechaUltRegistro":1630454400000,"etarios":{"unaDosis":{"etarioTotal":{"vacunados":6553236,"personasINE":7451975,"porcentaje":0.8793958648546191},"etarioRangos":[{"rango":{"min":12,"max":19},"vacunados":563355,"personasINE":752907,"porcentaje":0.7470269373901658},{"rango":{"min":20,"max":29},"vacunados":693743,"personasINE":928671.9999999999,"porcentaje":0.8773205671157753},{"rango":{"min":30,"max":39},"vacunados":880587,"personasINE":1140217,"porcentaje":0.8773205671157753},{"rango":{"min":40,"max":49},"vacunados":1215189,"personasINE":1385114,"porcentaje":0.8773205671157753},{"rango":{"min":50,"max":59},"vacunados":1194483,"personasINE":1265021,"porcentaje":0.9442396608435749},{"rango":{"min":60,"max":69},"vacunados":920083,"personasINE":920083,"porcentaje":1},{"rango":{"min":70,"max":79},"vacunados":652413,"personasINE":652413,"porcentaje":1},{"rango":{"min":80,"max":null},"vacunados":433383,"personasINE":433383,"porcentaje":1}]},"pautaCompleta":{"etarioTotal":{"vacunados":6021577,"personasINE":7451975,"porcentaje":0.8080511542242157},"etarioRangos":[{"rango":{"min":12,"max":19},"vacunados":269041,"personasINE":752907,"porcentaje":0.6405318562420317},{"rango":{"min":20,"max":29},"vacunados":594844,"personasINE":928671.9999999999,"porcentaje":0.8565482696731099},{"rango":{"min":30,"max":39},"vacunados":819315,"personasINE":1140217,"porcentaje":0.8565482696731099},{"rango":{"min":40,"max":49},"vacunados":1186417,"personasINE":1385114,"porcentaje":0.8565482696731099},{"rango":{"min":50,"max":59},"vacunados":1178536,"personasINE":1265021,"porcentaje":0.9316335460043746},{"rango":{"min":60,"max":69},"vacunados":900290,"personasINE":916147,"porcentaje":0.9826916422801144},{"rango":{"min":70,"max":79},"vacunados":646620,"personasINE":650381,"porcentaje":0.9942172357433566},{"rango":{"min":80,"max":null},"vacunados":426514,"personasINE":426514,"porcentaje":1}]}}},{"ccaa":"Aragón","dosisAdministradas":1885589,"dosisEntregadas":2061445,"dosisEntregadasModerna":249400,"dosisEntregadasPfizer":1461645,"dosisEntregadasAstrazeneca":285700,"dosisEntregadasJanssen":64700,"dosisPrimeraDosis":1034716,"dosisPautaCompletada":967893,"porcentajeEntregadas":0.9146928489481893,"porcentajePoblacionAdministradas":1.4183855615089918,"porcentajePoblacionPrimeraDosis":0.7783383519220455,"porcentajePoblacionCompletas":0.7280724783002142,"fechaUltRegistro":1630454400000,"etarios":{"unaDosis":{"etarioTotal":{"vacunados":1030534,"personasINE":1185134,"porcentaje":0.8695506162172378},"etarioRangos":[{"rango":{"min":12,"max":19},"vacunados":75194,"personasINE":103109.00000000001,"porcentaje":0.733460632970606},{"rango":{"min":20,"max":29},"vacunados":95644,"personasINE":130401,"porcentaje":0.8540636354754516},{"rango":{"min":30,"max":39},"vacunados":119205,"personasINE":164286,"porcentaje":0.8540636354754516},{"rango":{"min":40,"max":49},"vacunados":183575,"personasINE":214943,"porcentaje":0.8540636354754516},{"rango":{"min":50,"max":59},"vacunados":183508,"personasINE":198266,"porcentaje":0.9255646454762794},{"rango":{"min":60,"max":69},"vacunados":153384,"personasINE":156367,"porcentaje":0.9809230847941062},{"rango":{"min":70,"max":79},"vacunados":118961,"personasINE":118961,"porcentaje":1},{"rango":{"min":80,"max":null},"vacunados":101063,"personasINE":101063,"porcentaje":1}]},"pautaCompleta":{"etarioTotal":{"vacunados":960260,"personasINE":1185134,"porcentaje":0.810254367860512},"etarioRangos":[{"rango":{"min":12,"max":19},"vacunados":39465,"personasINE":103109,"porcentaje":0.6357850016487604},{"rango":{"min":20,"max":29},"vacunados":82907,"personasINE":130401,"porcentaje":0.8320810633516793},{"rango":{"min":30,"max":39},"vacunados":110219,"personasINE":164286,"porcentaje":0.8320810633516793},{"rango":{"min":40,"max":49},"vacunados":178850,"personasINE":214943,"porcentaje":0.8320810633516793},{"rango":{"min":50,"max":59},"vacunados":180626,"personasINE":198266,"porcentaje":0.9110286181190925},{"rango":{"min":60,"max":69},"vacunados":150515,"personasINE":156367,"porcentaje":0.962575223672514},{"rango":{"min":70,"max":79},"vacunados":118059,"personasINE":118955,"porcentaje":0.9924677399016435},{"rango":{"min":80,"max":null},"vacunados":99619,"personasINE":99619,"porcentaje":1}]}}},{"ccaa":"Asturias","dosisAdministradas":1595547,"dosisEntregadas":1606985,"dosisEntregadasModerna":157500,"dosisEntregadasPfizer":1163885,"dosisEntregadasAstrazeneca":235900,"dosisEntregadasJanssen":49700,"dosisPrimeraDosis":857178,"dosisPautaCompletada":807769,"porcentajeEntregadas":0.9928823231081808,"porcentajePoblacionAdministradas":1.5661288359455978,"porcentajePoblacionPrimeraDosis":0.8413736375914816,"porcentajePoblacionCompletas":0.7928756242736439,"fechaUltRegistro":1630454400000,"etarios":{"unaDosis":{"etarioTotal":{"vacunados":855629,"personasINE":933927,"porcentaje":0.9161626122812597},"etarioRangos":[{"rango":{"min":12,"max":19},"vacunados":54229,"personasINE":64000,"porcentaje":0.7910530773217378},{"rango":{"min":20,"max":29},"vacunados":62581,"personasINE":79111,"porcentaje":0.8901870138269269},{"rango":{"min":30,"max":39},"vacunados":88239,"personasINE":114451,"porcentaje":0.8901870138269269},{"rango":{"min":40,"max":49},"vacunados":148655,"personasINE":166993,"porcentaje":0.8901870138269269},{"rango":{"min":50,"max":59},"vacunados":152008,"personasINE":162645,"porcentaje":0.9345998954778812},{"rango":{"min":60,"max":69},"vacunados":147062,"personasINE":149652,"porcentaje":0.9826931815144468},{"rango":{"min":70,"max":79},"vacunados":114082,"personasINE":114082,"porcentaje":1},{"rango":{"min":80,"max":null},"vacunados":88773,"personasINE":88773,"porcentaje":1}]},"pautaCompleta":{"etarioTotal":{"vacunados":805170,"personasINE":933927,"porcentaje":0.8621337642021272},"etarioRangos":[{"rango":{"min":12,"max":19},"vacunados":24720,"personasINE":64000,"porcentaje":0.6810430913526564},{"rango":{"min":20,"max":29},"vacunados":53878,"personasINE":79111,"porcentaje":0.8758031773786925},{"rango":{"min":30,"max":39},"vacunados":82940,"personasINE":114451,"porcentaje":0.8758031773786925},{"rango":{"min":40,"max":49},"vacunados":146253,"personasINE":166993,"porcentaje":0.8758031773786925},{"rango":{"min":50,"max":59},"vacunados":150578,"personasINE":162645,"porcentaje":0.9258077407851456},{"rango":{"min":60,"max":69},"vacunados":145314,"personasINE":149652,"porcentaje":0.9710127495790233},{"rango":{"min":70,"max":79},"vacunados":113620,"personasINE":113620,"porcentaje":1},{"rango":{"min":80,"max":null},"vacunados":87867,"personasINE":87867,"porcentaje":1}]}}},{"ccaa":"Baleares","dosisAdministradas":1520150,"dosisEntregadas":1825300,"dosisEntregadasModerna":287000,"dosisEntregadasPfizer":1219500,"dosisEntregadasAstrazeneca":256400,"dosisEntregadasJanssen":62400,"dosisPrimeraDosis":823265,"dosisPautaCompletada":782902,"porcentajeEntregadas":0.8328220018627075,"porcentajePoblacionAdministradas":1.297562274709507,"porcentajePoblacionPrimeraDosis":0.7027185515171018,"porcentajePoblacionCompletas":0.6682656974605286,"fechaUltRegistro":1630454400000,"etarios":{"unaDosis":{"etarioTotal":{"vacunados":821247,"personasINE":1034867,"porcentaje":0.7935773389237457},"etarioRangos":[{"rango":{"min":12,"max":19},"vacunados":66124,"personasINE":95480,"porcentaje":0.640936045584376},{"rango":{"min":20,"max":29},"vacunados":88412,"personasINE":137942,"porcentaje":0.784927148206352},{"rango":{"min":30,"max":39},"vacunados":117792,"personasINE":182187,"porcentaje":0.784927148206352},{"rango":{"min":40,"max":49},"vacunados":161830,"personasINE":206172,"porcentaje":0.784927148206352},{"rango":{"min":50,"max":59},"vacunados":147811,"personasINE":165797,"porcentaje":0.8915179406141245},{"rango":{"min":60,"max":69},"vacunados":109172,"personasINE":117231,"porcentaje":0.9312553846678779},{"rango":{"min":70,"max":79},"vacunados":78841,"personasINE":80516,"porcentaje":0.9791966814049381},{"rango":{"min":80,"max":null},"vacunados":51265,"personasINE":51265,"porcentaje":1}]},"pautaCompleta":{"etarioTotal":{"vacunados":780481,"personasINE":1034867,"porcentaje":0.7541848372786069},"etarioRangos":[{"rango":{"min":12,"max":19},"vacunados":56794,"personasINE":95479.99999999999,"porcentaje":0.5796059213292544},{"rango":{"min":20,"max":29},"vacunados":79952,"personasINE":137942,"porcentaje":0.7568583512795142},{"rango":{"min":30,"max":39},"vacunados":109004,"personasINE":182187,"porcentaje":0.7568583512795142},{"rango":{"min":40,"max":49},"vacunados":156043,"personasINE":206172,"porcentaje":0.7568583512795142},{"rango":{"min":50,"max":59},"vacunados":143716,"personasINE":165797,"porcentaje":0.8668190618648106},{"rango":{"min":60,"max":69},"vacunados":106287,"personasINE":117231,"porcentaje":0.9066458530593444},{"rango":{"min":70,"max":79},"vacunados":78168,"personasINE":80516,"porcentaje":0.9708380942918178},{"rango":{"min":80,"max":null},"vacunados":50517,"personasINE":50517,"porcentaje":1}]}}},{"ccaa":"Canarias","dosisAdministradas":3009406,"dosisEntregadas":3414690,"dosisEntregadasModerna":529800,"dosisEntregadasPfizer":2247540,"dosisEntregadasAstrazeneca":503700,"dosisEntregadasJanssen":133650,"dosisPrimeraDosis":1630020,"dosisPautaCompletada":1537497,"porcentajeEntregadas":0.8813116271169564,"porcentajePoblacionAdministradas":1.3830295888879902,"porcentajePoblacionPrimeraDosis":0.7491065979396604,"porcentajePoblacionCompletas":0.7065858989536534,"fechaUltRegistro":1630454400000,"etarios":{"unaDosis":{"etarioTotal":{"vacunados":1627898,"personasINE":1960774,"porcentaje":0.8302323470221453},"etarioRangos":[{"rango":{"min":12,"max":19},"vacunados":134053,"personasINE":179797,"porcentaje":0.701908257463813},{"rango":{"min":20,"max":29},"vacunados":176704,"personasINE":251748,"porcentaje":0.805157711304276},{"rango":{"min":30,"max":39},"vacunados":220866,"personasINE":310934,"porcentaje":0.805157711304276},{"rango":{"min":40,"max":49},"vacunados":312340,"personasINE":387924,"porcentaje":0.805157711304276},{"rango":{"min":50,"max":59},"vacunados":317680,"personasINE":350512,"porcentaje":0.9063313096270599},{"rango":{"min":60,"max":69},"vacunados":222839,"personasINE":235092,"porcentaje":0.9478799789018767},{"rango":{"min":70,"max":79},"vacunados":150750,"personasINE":154531,"porcentaje":0.9755324174437492},{"rango":{"min":80,"max":null},"vacunados":92666,"personasINE":92666,"porcentaje":1}]},"pautaCompleta":{"etarioTotal":{"vacunados":1529830,"personasINE":1960774,"porcentaje":0.7802174039435448},"etarioRangos":[{"rango":{"min":12,"max":19},"vacunados":98529,"personasINE":179797,"porcentaje":0.6232979010756788},{"rango":{"min":20,"max":29},"vacunados":156914,"personasINE":251748,"porcentaje":0.7835246079128901},{"rango":{"min":30,"max":39},"vacunados":204064,"personasINE":310934,"porcentaje":0.7835246079128901},{"rango":{"min":40,"max":49},"vacunados":303948,"personasINE":387924,"porcentaje":0.7835246079128901},{"rango":{"min":50,"max":59},"vacunados":313009,"personasINE":350512,"porcentaje":0.893005089697357},{"rango":{"min":60,"max":69},"vacunados":212855,"personasINE":235092,"porcentaje":0.9054114984771919},{"rango":{"min":70,"max":79},"vacunados":149257,"personasINE":154531,"porcentaje":0.9658709255748038},{"rango":{"min":80,"max":null},"vacunados":91254,"personasINE":91254,"porcentaje":1}]}}},{"ccaa":"Cantabria","dosisAdministradas":828793,"dosisEntregadas":904555,"dosisEntregadasModerna":104000,"dosisEntregadasPfizer":645405,"dosisEntregadasAstrazeneca":130200,"dosisEntregadasJanssen":24950,"dosisPrimeraDosis":455062,"dosisPautaCompletada":407702,"porcentajeEntregadas":0.9162438989337298,"porcentajePoblacionAdministradas":1.4218320309484394,"porcentajePoblacionPrimeraDosis":0.7806795275387928,"porcentajePoblacionCompletas":0.6994312966950017,"fechaUltRegistro":1630454400000,"etarios":{"unaDosis":{"etarioTotal":{"vacunados":453611,"personasINE":524127,"porcentaje":0.8654600888715903},"etarioRangos":[{"rango":{"min":12,"max":19},"vacunados":26173,"personasINE":43962.99999999999,"porcentaje":0.6842094842094842},{"rango":{"min":20,"max":29},"vacunados":34556,"personasINE":50505,"porcentaje":0.8692223506428418},{"rango":{"min":30,"max":39},"vacunados":50834,"personasINE":70473,"porcentaje":0.8692223506428418},{"rango":{"min":40,"max":49},"vacunados":84983,"personasINE":97769,"porcentaje":0.8692223506428418},{"rango":{"min":50,"max":59},"vacunados":82851,"personasINE":89964,"porcentaje":0.9209350406829399},{"rango":{"min":60,"max":69},"vacunados":75908,"personasINE":77345,"porcentaje":0.9814209063287866},{"rango":{"min":70,"max":79},"vacunados":55945,"personasINE":55945,"porcentaje":1},{"rango":{"min":80,"max":null},"vacunados":42361,"personasINE":42361,"porcentaje":1}]},"pautaCompleta":{"etarioTotal":{"vacunados":404614,"personasINE":524127,"porcentaje":0.771977020836553},"etarioRangos":[{"rango":{"min":12,"max":19},"vacunados":3346,"personasINE":43963,"porcentaje":0.43615483615483613},{"rango":{"min":20,"max":29},"vacunados":22028,"personasINE":50505,"porcentaje":0.8398060734997801},{"rango":{"min":30,"max":39},"vacunados":43559,"personasINE":70473,"porcentaje":0.8398060734997801},{"rango":{"min":40,"max":49},"vacunados":82107,"personasINE":97769,"porcentaje":0.8398060734997801},{"rango":{"min":50,"max":59},"vacunados":81271,"personasINE":89964,"porcentaje":0.9033724600951492},{"rango":{"min":60,"max":69},"vacunados":74791,"personasINE":77345,"porcentaje":0.9669791195293813},{"rango":{"min":70,"max":79},"vacunados":55636,"personasINE":55636,"porcentaje":1},{"rango":{"min":80,"max":null},"vacunados":41876,"personasINE":41876,"porcentaje":1}]}}},{"ccaa":"Castilla y Leon","dosisAdministradas":3529550,"dosisEntregadas":3746085,"dosisEntregadasModerna":386000,"dosisEntregadasPfizer":2732835,"dosisEntregadasAstrazeneca":514400,"dosisEntregadasJanssen":112850,"dosisPrimeraDosis":1942165,"dosisPautaCompletada":1775575,"porcentajeEntregadas":0.9421969869877486,"porcentajePoblacionAdministradas":1.4737665339690127,"porcentajePoblacionPrimeraDosis":0.8109526088158342,"porcentajePoblacionCompletas":0.7413928159544502,"fechaUltRegistro":1630454400000,"etarios":{"unaDosis":{"etarioTotal":{"vacunados":1938424,"personasINE":2176253,"porcentaje":0.8907162907989099},"etarioRangos":[{"rango":{"min":12,"max":19},"vacunados":118621,"personasINE":165342,"porcentaje":0.7439551481948381},{"rango":{"min":20,"max":29},"vacunados":156979,"personasINE":211006,"porcentaje":0.8653197726428208},{"rango":{"min":30,"max":39},"vacunados":203408,"personasINE":267783,"porcentaje":0.8653197726428208},{"rango":{"min":40,"max":49},"vacunados":314375,"personasINE":363305,"porcentaje":0.8653197726428208},{"rango":{"min":50,"max":59},"vacunados":348093,"personasINE":381175,"porcentaje":0.913210467632977},{"rango":{"min":60,"max":69},"vacunados":317917,"personasINE":318575,"porcentaje":0.9979345523032253},{"rango":{"min":70,"max":79},"vacunados":249952,"personasINE":249952,"porcentaje":1},{"rango":{"min":80,"max":null},"vacunados":229079,"personasINE":229079,"porcentaje":1}]},"pautaCompleta":{"etarioTotal":{"vacunados":1767571,"personasINE":2176253,"porcentaje":0.812208415106148},"etarioRangos":[{"rango":{"min":12,"max":19},"vacunados":22300,"personasINE":165342,"porcentaje":0.5725950920826895},{"rango":{"min":20,"max":29},"vacunados":120821,"personasINE":211006.00000000003,"porcentaje":0.8423060513893286},{"rango":{"min":30,"max":39},"vacunados":190920,"personasINE":267783,"porcentaje":0.8423060513893286},{"rango":{"min":40,"max":49},"vacunados":306014,"personasINE":363305,"porcentaje":0.8423060513893286},{"rango":{"min":50,"max":59},"vacunados":342046,"personasINE":381175,"porcentaje":0.8973463632189939},{"rango":{"min":60,"max":69},"vacunados":310903,"personasINE":318575,"porcentaje":0.9759177587695205},{"rango":{"min":70,"max":79},"vacunados":248326,"personasINE":248326,"porcentaje":1},{"rango":{"min":80,"max":null},"vacunados":226241,"personasINE":226241,"porcentaje":1}]}}},{"ccaa":"Castilla La Mancha","dosisAdministradas":2836770,"dosisEntregadas":3127030,"dosisEntregadasModerna":406300,"dosisEntregadasPfizer":2207655,"dosisEntregadasAstrazeneca":411700,"dosisEntregadasJanssen":101375,"dosisPrimeraDosis":1572538,"dosisPautaCompletada":1421938,"porcentajeEntregadas":0.9071770977572968,"porcentajePoblacionAdministradas":1.3870237006171948,"porcentajePoblacionPrimeraDosis":0.7688841450386046,"porcentajePoblacionCompletas":0.6952490708828043,"fechaUltRegistro":1630454400000},{"ccaa":"Cataluña","dosisAdministradas":10326449,"dosisEntregadas":12110960,"dosisEntregadasModerna":1604900,"dosisEntregadasPfizer":8368460,"dosisEntregadasAstrazeneca":1698100,"dosisEntregadasJanssen":439500,"dosisPrimeraDosis":5675025,"dosisPautaCompletada":5244843,"porcentajeEntregadas":0.8526532165905923,"porcentajePoblacionAdministradas":1.3272253546343356,"porcentajePoblacionPrimeraDosis":0.7293927533253416,"porcentajePoblacionCompletas":0.6741028412260993,"fechaUltRegistro":1630454400000,"etarios":{"unaDosis":{"etarioTotal":{"vacunados":5665987,"personasINE":6868360,"porcentaje":0.8249403059827964},"etarioRangos":[{"rango":{"min":12,"max":19},"vacunados":431335,"personasINE":656166,"porcentaje":0.6631348078218217},{"rango":{"min":20,"max":29},"vacunados":556327,"personasINE":838935.0000000001,"porcentaje":0.8298088862392776},{"rango":{"min":30,"max":39},"vacunados":716012,"personasINE":1044652,"porcentaje":0.8298088862392776},{"rango":{"min":40,"max":49},"vacunados":1092655,"personasINE":1316755,"porcentaje":0.8298088862392776},{"rango":{"min":50,"max":59},"vacunados":1003817,"personasINE":1091780,"porcentaje":0.9194315704629138},{"rango":{"min":60,"max":69},"vacunados":791873,"personasINE":837584,"porcentaje":0.9454251752660032},{"rango":{"min":70,"max":79},"vacunados":616042,"personasINE":635292,"porcentaje":0.969698973070651},{"rango":{"min":80,"max":null},"vacunados":457926,"personasINE":457926,"porcentaje":1}]},"pautaCompleta":{"etarioTotal":{"vacunados":5215105,"personasINE":6868360,"porcentaje":0.759294067288261},"etarioRangos":[{"rango":{"min":12,"max":19},"vacunados":265997,"personasINE":656166,"porcentaje":0.5748228408637142},{"rango":{"min":20,"max":29},"vacunados":482239,"personasINE":838934.9999999999,"porcentaje":0.7971687975363678},{"rango":{"min":30,"max":39},"vacunados":643444,"personasINE":1044652,"porcentaje":0.7971687975363678},{"rango":{"min":40,"max":49},"vacunados":1049676,"personasINE":1316755,"porcentaje":0.7971687975363678},{"rango":{"min":50,"max":59},"vacunados":944920,"personasINE":1091780,"porcentaje":0.8654857205664145},{"rango":{"min":60,"max":69},"vacunados":770360,"personasINE":837584,"porcentaje":0.9197405872127452},{"rango":{"min":70,"max":79},"vacunados":608075,"personasINE":635292,"porcentaje":0.957158283120203},{"rango":{"min":80,"max":null},"vacunados":450394,"personasINE":450394,"porcentaje":1}]}}},{"ccaa":"C. Valenciana","dosisAdministradas":7147233,"dosisEntregadas":7860390,"dosisEntregadasModerna":1106200,"dosisEntregadasPfizer":5540140,"dosisEntregadasAstrazeneca":906800,"dosisEntregadasJanssen":307250,"dosisPrimeraDosis":3966876,"dosisPautaCompletada":3613566,"porcentajeEntregadas":0.9092720590199723,"porcentajePoblacionAdministradas":1.4132359358739641,"porcentajePoblacionPrimeraDosis":0.784377914691737,"porcentajePoblacionCompletas":0.714517258336525,"fechaUltRegistro":1630454400000,"etarios":{"unaDosis":{"etarioTotal":{"vacunados":3953628,"personasINE":4488459,"porcentaje":0.8808430688572626},"etarioRangos":[{"rango":{"min":12,"max":19},"vacunados":321286,"personasINE":424531,"porcentaje":0.7616957874627514},{"rango":{"min":20,"max":29},"vacunados":393131,"personasINE":516126,"porcentaje":0.8734740273465572},{"rango":{"min":30,"max":39},"vacunados":487739,"personasINE":648759,"porcentaje":0.8734740273465572},{"rango":{"min":40,"max":49},"vacunados":743840,"personasINE":851588,"porcentaje":0.8734740273465572},{"rango":{"min":50,"max":59},"vacunados":710765,"personasINE":752334,"porcentaje":0.9447466152001638},{"rango":{"min":60,"max":69},"vacunados":566571,"personasINE":580728,"porcentaje":0.9756219779311485},{"rango":{"min":70,"max":79},"vacunados":433545,"personasINE":437862,"porcentaje":0.9901407292708662},{"rango":{"min":80,"max":null},"vacunados":296751,"personasINE":296751,"porcentaje":1}]},"pautaCompleta":{"etarioTotal":{"vacunados":3555747,"personasINE":4488459,"porcentaje":0.792197723093828},"etarioRangos":[{"rango":{"min":12,"max":19},"vacunados":108878,"personasINE":424531.00000000006,"porcentaje":0.6101417095825438},{"rango":{"min":20,"max":29},"vacunados":314910,"personasINE":516126,"porcentaje":0.8482928364420353},{"rango":{"min":30,"max":39},"vacunados":440554,"personasINE":648759,"porcentaje":0.8482928364420353},{"rango":{"min":40,"max":49},"vacunados":722396,"personasINE":851588,"porcentaje":0.8482928364420353},{"rango":{"min":50,"max":59},"vacunados":700956,"personasINE":752334,"porcentaje":0.9317085230761869},{"rango":{"min":60,"max":69},"vacunados":545995,"personasINE":580728,"porcentaje":0.9401905883649488},{"rango":{"min":70,"max":79},"vacunados":429795,"personasINE":437862,"porcentaje":0.9815763870808611},{"rango":{"min":80,"max":null},"vacunados":292263,"personasINE":292263,"porcentaje":1}]}}},{"ccaa":"Extremadura","dosisAdministradas":1591242,"dosisEntregadas":1650155,"dosisEntregadasModerna":197400,"dosisEntregadasPfizer":1173005,"dosisEntregadasAstrazeneca":228000,"dosisEntregadasJanssen":51750,"dosisPrimeraDosis":879440,"dosisPautaCompletada":793894,"porcentajeEntregadas":0.9642985052919272,"porcentajePoblacionAdministradas":1.4955464681429378,"porcentajePoblacionPrimeraDosis":0.82655145222639,"porcentajePoblacionCompletas":0.7461500939391177,"fechaUltRegistro":1630454400000,"etarios":{"unaDosis":{"etarioTotal":{"vacunados":878395,"personasINE":953437,"porcentaje":0.9212931740639392},"etarioRangos":[{"rango":{"min":12,"max":19},"vacunados":68340,"personasINE":84750,"porcentaje":0.7761736674902929},{"rango":{"min":20,"max":29},"vacunados":87956,"personasINE":113320,"porcentaje":0.908266141673041},{"rango":{"min":30,"max":39},"vacunados":110480,"personasINE":133479,"porcentaje":0.908266141673041},{"rango":{"min":40,"max":49},"vacunados":144863,"personasINE":159494,"porcentaje":0.908266141673041},{"rango":{"min":50,"max":59},"vacunados":160588,"personasINE":169216,"porcentaje":0.9490119137670197},{"rango":{"min":60,"max":69},"vacunados":132210,"personasINE":132210,"porcentaje":1},{"rango":{"min":70,"max":79},"vacunados":95786,"personasINE":95786,"porcentaje":1},{"rango":{"min":80,"max":null},"vacunados":78172,"personasINE":78172,"porcentaje":1}]},"pautaCompleta":{"etarioTotal":{"vacunados":788665,"personasINE":953437,"porcentaje":0.8271810303145357},"etarioRangos":[{"rango":{"min":12,"max":19},"vacunados":14453,"personasINE":84750,"porcentaje":0.598967525591246},{"rango":{"min":20,"max":29},"vacunados":67875,"personasINE":113320,"porcentaje":0.8904034007548873},{"rango":{"min":30,"max":39},"vacunados":103973,"personasINE":133479,"porcentaje":0.8904034007548873},{"rango":{"min":40,"max":49},"vacunados":142014,"personasINE":159494,"porcentaje":0.8904034007548873},{"rango":{"min":50,"max":59},"vacunados":158659,"personasINE":169216,"porcentaje":0.937612282526475},{"rango":{"min":60,"max":69},"vacunados":129590,"personasINE":125297.00000000001,"porcentaje":1.034262592081215},{"rango":{"min":70,"max":79},"vacunados":95059,"personasINE":95059,"porcentaje":1},{"rango":{"min":80,"max":null},"vacunados":77042,"personasINE":77042,"porcentaje":1}]}}},{"ccaa":"Galicia","dosisAdministradas":4119593,"dosisEntregadas":4168475,"dosisEntregadasModerna":458600,"dosisEntregadasPfizer":3004675,"dosisEntregadasAstrazeneca":573400,"dosisEntregadasJanssen":131800,"dosisPrimeraDosis":2242055,"dosisPautaCompletada":2065101,"porcentajeEntregadas":0.9882734093403462,"porcentajePoblacionAdministradas":1.5247479568394477,"porcentajePoblacionPrimeraDosis":0.8298316800644306,"porcentajePoblacionCompletas":0.7643372853621949,"fechaUltRegistro":1630454400000,"etarios":{"unaDosis":{"etarioTotal":{"vacunados":2241658,"personasINE":2454497,"porcentaje":0.9132861030182559},"etarioRangos":[{"rango":{"min":12,"max":19},"vacunados":154441,"personasINE":180007,"porcentaje":0.7761157844151684},{"rango":{"min":20,"max":29},"vacunados":179268,"personasINE":230981,"porcentaje":0.8997610672779494},{"rango":{"min":30,"max":39},"vacunados":249037,"personasINE":323408,"porcentaje":0.8997610672779494},{"rango":{"min":40,"max":49},"vacunados":398793,"personasINE":443221,"porcentaje":0.8997610672779494},{"rango":{"min":50,"max":59},"vacunados":385883,"personasINE":405889,"porcentaje":0.9507106622746613},{"rango":{"min":60,"max":69},"vacunados":342110,"personasINE":346927,"porcentaje":0.9861152346170808},{"rango":{"min":70,"max":79},"vacunados":290420,"personasINE":290420,"porcentaje":1},{"rango":{"min":80,"max":null},"vacunados":241706,"personasINE":241706,"porcentaje":1}]},"pautaCompleta":{"etarioTotal":{"vacunados":2035760,"personasINE":2454497,"porcentaje":0.8294000766755877},"etarioRangos":[{"rango":{"min":12,"max":19},"vacunados":35235,"personasINE":180007,"porcentaje":0.5291084548079712},{"rango":{"min":20,"max":29},"vacunados":122214,"personasINE":230981,"porcentaje":0.889244868812624},{"rango":{"min":30,"max":39},"vacunados":232419,"personasINE":323408,"porcentaje":0.889244868812624},{"rango":{"min":40,"max":49},"vacunados":394132,"personasINE":443221,"porcentaje":0.889244868812624},{"rango":{"min":50,"max":59},"vacunados":383303,"personasINE":405889,"porcentaje":0.944354244633385},{"rango":{"min":60,"max":69},"vacunados":339407,"personasINE":346927,"porcentaje":0.9783239701723994},{"rango":{"min":70,"max":79},"vacunados":289137,"personasINE":289762,"porcentaje":0.997843057405733},{"rango":{"min":80,"max":null},"vacunados":239913,"personasINE":239913,"porcentaje":1}]}}},{"ccaa":"La Rioja","dosisAdministradas":446418,"dosisEntregadas":496085,"dosisEntregadasModerna":61400,"dosisEntregadasPfizer":358085,"dosisEntregadasAstrazeneca":61400,"dosisEntregadasJanssen":15200,"dosisPrimeraDosis":250906,"dosisPautaCompletada":227931,"porcentajeEntregadas":0.8998820766602498,"porcentajePoblacionAdministradas":1.3954312721543916,"porcentajePoblacionPrimeraDosis":0.7842920284826547,"porcentajePoblacionCompletas":0.712475852885463,"fechaUltRegistro":1630454400000,"etarios":{"unaDosis":{"etarioTotal":{"vacunados":250204,"personasINE":283970,"porcentaje":0.881093073211959},"etarioRangos":[{"rango":{"min":12,"max":19},"vacunados":18183,"personasINE":25532,"porcentaje":0.7000131328386631},{"rango":{"min":20,"max":29},"vacunados":21321,"personasINE":30458,"porcentaje":0.8805598050881069},{"rango":{"min":30,"max":39},"vacunados":29375,"personasINE":39319,"porcentaje":0.8805598050881069},{"rango":{"min":40,"max":49},"vacunados":46623,"personasINE":52947,"porcentaje":0.8805598050881069},{"rango":{"min":50,"max":59},"vacunados":44947,"personasINE":47664,"porcentaje":0.9429968110104062},{"rango":{"min":60,"max":69},"vacunados":37806,"personasINE":37806,"porcentaje":1},{"rango":{"min":70,"max":79},"vacunados":28611,"personasINE":28611,"porcentaje":1},{"rango":{"min":80,"max":null},"vacunados":23338,"personasINE":23338,"porcentaje":1}]},"pautaCompleta":{"etarioTotal":{"vacunados":225625,"personasINE":283970,"porcentaje":0.7945381554389548},"etarioRangos":[{"rango":{"min":12,"max":19},"vacunados":4897,"personasINE":25532,"porcentaje":0.5631032897760851},{"rango":{"min":20,"max":29},"vacunados":17151,"personasINE":30457.999999999996,"porcentaje":0.847526772055074},{"rango":{"min":30,"max":39},"vacunados":26563,"personasINE":39319,"porcentaje":0.847526772055074},{"rango":{"min":40,"max":49},"vacunados":44874,"personasINE":52947,"porcentaje":0.847526772055074},{"rango":{"min":50,"max":59},"vacunados":43857,"personasINE":47664,"porcentaje":0.9201283987915407},{"rango":{"min":60,"max":69},"vacunados":36703,"personasINE":37718,"porcentaje":0.9730897714619015},{"rango":{"min":70,"max":79},"vacunados":28473,"personasINE":28473,"porcentaje":1},{"rango":{"min":80,"max":null},"vacunados":23107,"personasINE":23107,"porcentaje":1}]}}},{"ccaa":"Madrid","dosisAdministradas":9070433,"dosisEntregadas":10485779,"dosisEntregadasModerna":1514600,"dosisEntregadasPfizer":7362729,"dosisEntregadasAstrazeneca":1227000,"dosisEntregadasJanssen":381450,"dosisPrimeraDosis":5106027,"dosisPautaCompletada":4615111,"porcentajeEntregadas":0.8650223316741655,"porcentajePoblacionAdministradas":1.3378440764803194,"porcentajePoblacionPrimeraDosis":0.7531137682510389,"porcentajePoblacionCompletas":0.6807060824603592,"fechaUltRegistro":1630454400000,"etarios":{"unaDosis":{"etarioTotal":{"vacunados":5092529,"personasINE":5977937,"porcentaje":0.8518873651562403},"etarioRangos":[{"rango":{"min":12,"max":19},"vacunados":352260,"personasINE":553542,"porcentaje":0.7245294454358733},{"rango":{"min":20,"max":29},"vacunados":537945,"personasINE":742475,"porcentaje":0.8617255489201704},{"rango":{"min":30,"max":39},"vacunados":702817,"personasINE":949639.9999999999,"porcentaje":0.8617255489201704},{"rango":{"min":40,"max":49},"vacunados":1004747,"personasINE":1165971,"porcentaje":0.8617255489201704},{"rango":{"min":50,"max":59},"vacunados":928402,"personasINE":972783,"porcentaje":0.9543772866096549},{"rango":{"min":60,"max":69},"vacunados":683466,"personasINE":703323,"porcentaje":0.9717668837788612},{"rango":{"min":70,"max":79},"vacunados":509579,"personasINE":526081,"porcentaje":0.9686322068274658},{"rango":{"min":80,"max":null},"vacunados":373313,"personasINE":373313,"porcentaje":1}]},"pautaCompleta":{"etarioTotal":{"vacunados":4585975,"personasINE":5977937,"porcentaje":0.7671501054628043},"etarioRangos":[{"rango":{"min":12,"max":19},"vacunados":124355,"personasINE":553542,"porcentaje":0.5733135795818041},{"rango":{"min":20,"max":29},"vacunados":425671,"personasINE":742475,"porcentaje":0.8239681775961838},{"rango":{"min":30,"max":39},"vacunados":616316,"personasINE":949640,"porcentaje":0.8239681775961838},{"rango":{"min":40,"max":49},"vacunados":960723,"personasINE":1165971,"porcentaje":0.8239681775961838},{"rango":{"min":50,"max":59},"vacunados":912652,"personasINE":972783,"porcentaje":0.9381866253830505},{"rango":{"min":60,"max":69},"vacunados":670236,"personasINE":703323,"porcentaje":0.9529561808727995},{"rango":{"min":70,"max":79},"vacunados":506440,"personasINE":526081,"porcentaje":0.962665445055039},{"rango":{"min":80,"max":null},"vacunados":369582,"personasINE":369582,"porcentaje":1}]}}},{"ccaa":"Murcia","dosisAdministradas":2095538,"dosisEntregadas":2350045,"dosisEntregadasModerna":368000,"dosisEntregadasPfizer":1634045,"dosisEntregadasAstrazeneca":259900,"dosisEntregadasJanssen":88100,"dosisPrimeraDosis":1150395,"dosisPautaCompletada":1062443,"porcentajeEntregadas":0.8917012227425433,"porcentajePoblacionAdministradas":1.386624723490671,"porcentajePoblacionPrimeraDosis":0.7612203399699984,"porcentajePoblacionCompletas":0.7030221981656257,"fechaUltRegistro":1630454400000,"etarios":{"unaDosis":{"etarioTotal":{"vacunados":1148115,"personasINE":1310137,"porcentaje":0.876332017185989},"etarioRangos":[{"rango":{"min":12,"max":19},"vacunados":105279,"personasINE":141894,"porcentaje":0.7545980214574335},{"rango":{"min":20,"max":29},"vacunados":129978,"personasINE":172248,"porcentaje":0.8907565009029852},{"rango":{"min":30,"max":39},"vacunados":157958,"personasINE":209003,"porcentaje":0.8907565009029852},{"rango":{"min":40,"max":49},"vacunados":226392,"personasINE":254157,"porcentaje":0.8907565009029852},{"rango":{"min":50,"max":59},"vacunados":204999,"personasINE":213256,"porcentaje":0.961281276962899},{"rango":{"min":60,"max":69},"vacunados":146958,"personasINE":146958,"porcentaje":1},{"rango":{"min":70,"max":79},"vacunados":102765,"personasINE":102899,"porcentaje":0.9986977521647441},{"rango":{"min":80,"max":null},"vacunados":73786,"personasINE":73786,"porcentaje":1}]},"pautaCompleta":{"etarioTotal":{"vacunados":1049756,"personasINE":1310137,"porcentaje":0.8012566624711767},"etarioRangos":[{"rango":{"min":12,"max":19},"vacunados":62065,"personasINE":141894,"porcentaje":0.64707282522874},{"rango":{"min":20,"max":29},"vacunados":111457,"personasINE":172248,"porcentaje":0.8563328965954115},{"rango":{"min":30,"max":39},"vacunados":144761,"personasINE":209003,"porcentaje":0.8563328965954115},{"rango":{"min":40,"max":49},"vacunados":217643,"personasINE":254157,"porcentaje":0.8563328965954115},{"rango":{"min":50,"max":59},"vacunados":200691,"personasINE":213256,"porcentaje":0.9410802040739769},{"rango":{"min":60,"max":69},"vacunados":140306,"personasINE":146909,"porcentaje":0.9550538088204262},{"rango":{"min":70,"max":79},"vacunados":100240,"personasINE":102899,"porcentaje":0.9741591269108544},{"rango":{"min":80,"max":null},"vacunados":72593,"personasINE":72593,"porcentaje":1}]}}},{"ccaa":"Navarra","dosisAdministradas":920196,"dosisEntregadas":1027775,"dosisEntregadasModerna":138400,"dosisEntregadasPfizer":710925,"dosisEntregadasAstrazeneca":145700,"dosisEntregadasJanssen":32750,"dosisPrimeraDosis":508419,"dosisPautaCompletada":470527,"porcentajeEntregadas":0.8953282576439395,"porcentajePoblacionAdministradas":1.391712303594844,"porcentajePoblacionPrimeraDosis":0.768937245631786,"porcentajePoblacionCompletas":0.7116290606279218,"fechaUltRegistro":1630454400000,"etarios":{"unaDosis":{"etarioTotal":{"vacunados":507866,"personasINE":581354,"porcentaje":0.8735916498381365},"etarioRangos":[{"rango":{"min":12,"max":19},"vacunados":41106,"personasINE":56388,"porcentaje":0.7472808137742745},{"rango":{"min":20,"max":29},"vacunados":50910,"personasINE":68127,"porcentaje":0.8680672580137405},{"rango":{"min":30,"max":39},"vacunados":61106,"personasINE":81341,"porcentaje":0.8680672580137405},{"rango":{"min":40,"max":49},"vacunados":93753,"personasINE":108002,"porcentaje":0.8680672580137405},{"rango":{"min":50,"max":59},"vacunados":90968,"personasINE":96694,"porcentaje":0.9407822615674188},{"rango":{"min":60,"max":69},"vacunados":71766,"personasINE":73844,"porcentaje":0.9718595959048806},{"rango":{"min":70,"max":79},"vacunados":55801,"personasINE":55801,"porcentaje":1},{"rango":{"min":80,"max":null},"vacunados":42456,"personasINE":42456,"porcentaje":1}]},"pautaCompleta":{"etarioTotal":{"vacunados":465634,"personasINE":581354,"porcentaje":0.8009474433821734},"etarioRangos":[{"rango":{"min":12,"max":19},"vacunados":16941,"personasINE":56388,"porcentaje":0.6436508285995274},{"rango":{"min":20,"max":29},"vacunados":43850,"personasINE":68127,"porcentaje":0.8413640488139108},{"rango":{"min":30,"max":39},"vacunados":56534,"personasINE":81341,"porcentaje":0.8413640488139108},{"rango":{"min":40,"max":49},"vacunados":90869,"personasINE":108002,"porcentaje":0.8413640488139108},{"rango":{"min":50,"max":59},"vacunados":89484,"personasINE":96694,"porcentaje":0.9254348770347695},{"rango":{"min":60,"max":69},"vacunados":70317,"personasINE":73844,"porcentaje":0.9522371485835004},{"rango":{"min":70,"max":79},"vacunados":55614,"personasINE":55792,"porcentaje":0.9968095784341842},{"rango":{"min":80,"max":null},"vacunados":42025,"personasINE":42025,"porcentaje":1}]}}},{"ccaa":"País Vasco","dosisAdministradas":3137028,"dosisEntregadas":3431760,"dosisEntregadasModerna":470200,"dosisEntregadasPfizer":2406510,"dosisEntregadasAstrazeneca":444200,"dosisEntregadasJanssen":110850,"dosisPrimeraDosis":1743734,"dosisPautaCompletada":1597050,"porcentajeEntregadas":0.91411637177425,"porcentajePoblacionAdministradas":1.4127549421212482,"porcentajePoblacionPrimeraDosis":0.7852874842828474,"porcentajePoblacionCompletas":0.7192286075593649,"fechaUltRegistro":1630454400000,"etarios":{"unaDosis":{"etarioTotal":{"vacunados":1737866,"personasINE":1983943,"porcentaje":0.875965690546553},"etarioRangos":[{"rango":{"min":12,"max":19},"vacunados":115538,"personasINE":168606,"porcentaje":0.7081981204164062},{"rango":{"min":20,"max":29},"vacunados":142726,"personasINE":201534,"porcentaje":0.866253558775367},{"rango":{"min":30,"max":39},"vacunados":191782,"personasINE":260543.00000000003,"porcentaje":0.866253558775367},{"rango":{"min":40,"max":49},"vacunados":313699,"personasINE":362133,"porcentaje":0.866253558775367},{"rango":{"min":50,"max":59},"vacunados":319804,"personasINE":339977,"porcentaje":0.9406636331281234},{"rango":{"min":60,"max":69},"vacunados":277008,"personasINE":280119,"porcentaje":0.988894005761837},{"rango":{"min":70,"max":79},"vacunados":213404,"personasINE":213404,"porcentaje":1},{"rango":{"min":80,"max":null},"vacunados":163905,"personasINE":163905,"porcentaje":1}]},"pautaCompleta":{"etarioTotal":{"vacunados":1583268,"personasINE":1983943,"porcentaje":0.7980410727525942},"etarioRangos":[{"rango":{"min":12,"max":19},"vacunados":50202,"personasINE":168606.00000000003,"porcentaje":0.48668710986731767},{"rango":{"min":20,"max":29},"vacunados":98084,"personasINE":201534,"porcentaje":0.8480171649642535},{"rango":{"min":30,"max":39},"vacunados":167522,"personasINE":260543.00000000003,"porcentaje":0.8480171649642535},{"rango":{"min":40,"max":49},"vacunados":307095,"personasINE":362133,"porcentaje":0.8480171649642535},{"rango":{"min":50,"max":59},"vacunados":315698,"personasINE":339977,"porcentaje":0.9285863455469047},{"rango":{"min":60,"max":69},"vacunados":271487,"personasINE":280119,"porcentaje":0.9691845251482406},{"rango":{"min":70,"max":79},"vacunados":211657,"personasINE":213081,"porcentaje":0.9933170953768755},{"rango":{"min":80,"max":null},"vacunados":161523,"personasINE":157950,"porcentaje":1.0226210826210826}]}}},{"ccaa":"Ceuta","dosisAdministradas":104530,"dosisEntregadas":135320,"dosisEntregadasModerna":21000,"dosisEntregadasPfizer":92070,"dosisEntregadasAstrazeneca":18100,"dosisEntregadasJanssen":4150,"dosisPrimeraDosis":58018,"dosisPautaCompletada":53205,"porcentajeEntregadas":0.7724652675140408,"porcentajePoblacionAdministradas":1.2414194437186765,"porcentajePoblacionPrimeraDosis":0.6890335146433576,"porcentajePoblacionCompletas":0.6318733521769079,"fechaUltRegistro":1630454400000,"etarios":{"unaDosis":{"etarioTotal":{"vacunados":57875,"personasINE":70965,"porcentaje":0.8155428732473755},"etarioRangos":[{"rango":{"min":12,"max":19},"vacunados":6372,"personasINE":9126,"porcentaje":0.7294611106045409},{"rango":{"min":20,"max":29},"vacunados":8000,"personasINE":10967,"porcentaje":0.8512102515424774},{"rango":{"min":30,"max":39},"vacunados":8582,"personasINE":11894,"porcentaje":0.8512102515424774},{"rango":{"min":40,"max":49},"vacunados":10761,"personasINE":12642,"porcentaje":0.8512102515424774},{"rango":{"min":50,"max":59},"vacunados":10337,"personasINE":11556,"porcentaje":0.8945136725510557},{"rango":{"min":60,"max":69},"vacunados":7560,"personasINE":7857,"porcentaje":0.9621993127147767},{"rango":{"min":70,"max":79},"vacunados":3876,"personasINE":4318,"porcentaje":0.8976377952755905},{"rango":{"min":80,"max":null},"vacunados":2387,"personasINE":2605,"porcentaje":0.9163147792706334}]},"pautaCompleta":{"etarioTotal":{"vacunados":52592,"personasINE":70965,"porcentaje":0.7410977242302543},"etarioRangos":[{"rango":{"min":12,"max":19},"vacunados":4153,"personasINE":9126,"porcentaje":0.6370019148354154},{"rango":{"min":20,"max":29},"vacunados":6986,"personasINE":10967,"porcentaje":0.8028001898433792},{"rango":{"min":30,"max":39},"vacunados":7808,"personasINE":11894,"porcentaje":0.8028001898433792},{"rango":{"min":40,"max":49},"vacunados":10149,"personasINE":12642,"porcentaje":0.8028001898433792},{"rango":{"min":50,"max":59},"vacunados":10020,"personasINE":11556,"porcentaje":0.8670820353063343},{"rango":{"min":60,"max":69},"vacunados":7300,"personasINE":7857,"porcentaje":0.9291078019600356},{"rango":{"min":70,"max":79},"vacunados":3822,"personasINE":4318,"porcentaje":0.8851320055581288},{"rango":{"min":80,"max":null},"vacunados":2354,"personasINE":2605,"porcentaje":0.9036468330134357}]}}},{"ccaa":"Melilla","dosisAdministradas":95598,"dosisEntregadas":136190,"dosisEntregadasModerna":22100,"dosisEntregadasPfizer":93240,"dosisEntregadasAstrazeneca":15100,"dosisEntregadasJanssen":5750,"dosisPrimeraDosis":54026,"dosisPautaCompletada":50251,"porcentajeEntregadas":0.7019458109993392,"porcentajePoblacionAdministradas":1.0978685286416463,"porcentajePoblacionPrimeraDosis":0.6204465065000689,"porcentajePoblacionCompletas":0.577093573430107,"fechaUltRegistro":1630454400000,"etarios":{"unaDosis":{"etarioTotal":{"vacunados":53772,"personasINE":70927,"porcentaje":0.7581316000958732},"etarioRangos":[{"rango":{"min":12,"max":19},"vacunados":6332,"personasINE":9574,"porcentaje":0.6513547311379742},{"rango":{"min":20,"max":29},"vacunados":7813,"personasINE":11995,"porcentaje":0.8108648558573571},{"rango":{"min":30,"max":39},"vacunados":8109,"personasINE":12133,"porcentaje":0.8108648558573571},{"rango":{"min":40,"max":49},"vacunados":9732,"personasINE":12002,"porcentaje":0.8108648558573571},{"rango":{"min":50,"max":59},"vacunados":9457,"personasINE":11299,"porcentaje":0.8369767236038588},{"rango":{"min":60,"max":69},"vacunados":7036,"personasINE":7827,"porcentaje":0.8989395681614922},{"rango":{"min":70,"max":79},"vacunados":3291,"personasINE":3748,"porcentaje":0.878068303094984},{"rango":{"min":80,"max":null},"vacunados":2002,"personasINE":2349,"porcentaje":0.8522775649212431}]},"pautaCompleta":{"etarioTotal":{"vacunados":49900,"personasINE":70927,"porcentaje":0.703540259703639},"etarioRangos":[{"rango":{"min":12,"max":19},"vacunados":4761,"personasINE":9574,"porcentaje":0.5739057940808671},{"rango":{"min":20,"max":29},"vacunados":6884,"personasINE":11995,"porcentaje":0.7863689385102482},{"rango":{"min":30,"max":39},"vacunados":7566,"personasINE":12133,"porcentaje":0.7863689385102482},{"rango":{"min":40,"max":49},"vacunados":9438,"personasINE":12002,"porcentaje":0.7863689385102482},{"rango":{"min":50,"max":59},"vacunados":9230,"personasINE":11299,"porcentaje":0.8168864501283299},{"rango":{"min":60,"max":69},"vacunados":6869,"personasINE":7827.000000000001,"porcentaje":0.8776031685192283},{"rango":{"min":70,"max":79},"vacunados":3205,"personasINE":3747.9999999999995,"porcentaje":0.8551227321237994},{"rango":{"min":80,"max":null},"vacunados":1947,"personasINE":2349,"porcentaje":0.8288633461047255}]}}},{"ccaa":"Fuerzas Armadas","dosisAdministradas":171125,"dosisEntregadas":213568,"dosisEntregadasModerna":58300,"dosisEntregadasPfizer":49368,"dosisEntregadasAstrazeneca":103900,"dosisEntregadasJanssen":2000,"dosisPrimeraDosis":91594,"dosisPautaCompletada":85715,"porcentajeEntregadas":0.801267043751873,"porcentajePoblacionAdministradas":null,"porcentajePoblacionPrimeraDosis":null,"porcentajePoblacionCompletas":null,"fechaUltRegistro":1630454400000},{"ccaa":"Sanidad Exterior","dosisAdministradas":5037,"dosisEntregadas":6890,"dosisEntregadasModerna":4180,"dosisEntregadasPfizer":0,"dosisEntregadasAstrazeneca":0,"dosisEntregadasJanssen":2710,"dosisPrimeraDosis":3699,"dosisPautaCompletada":3379,"porcentajeEntregadas":0.7310595065312047,"porcentajePoblacionAdministradas":null,"porcentajePoblacionPrimeraDosis":null,"porcentajePoblacionCompletas":null,"fechaUltRegistro":1630454400000,"etarios":{"unaDosis":{"etarioTotal":{"vacunados":3694,"personasINE":"-","porcentaje":"-"},"etarioRangos":[{"rango":{"min":12,"max":19},"vacunados":135,"personasINE":null,"porcentaje":"-"},{"rango":{"min":20,"max":29},"vacunados":937,"personasINE":null,"porcentaje":"-"},{"rango":{"min":30,"max":39},"vacunados":1024,"personasINE":null,"porcentaje":"-"},{"rango":{"min":40,"max":49},"vacunados":917,"personasINE":null,"porcentaje":"-"},{"rango":{"min":50,"max":59},"vacunados":473,"personasINE":null,"porcentaje":"-"},{"rango":{"min":60,"max":69},"vacunados":165,"personasINE":null,"porcentaje":"-"},{"rango":{"min":70,"max":79},"vacunados":22,"personasINE":null,"porcentaje":"-"},{"rango":{"min":80,"max":null},"vacunados":21,"personasINE":null,"porcentaje":"-"}]},"pautaCompleta":{"etarioTotal":{"vacunados":3364,"personasINE":"-","porcentaje":"-"},"etarioRangos":[{"rango":{"min":12,"max":19},"vacunados":75,"personasINE":null,"porcentaje":"-"},{"rango":{"min":20,"max":29},"vacunados":844,"personasINE":null,"porcentaje":"-"},{"rango":{"min":30,"max":39},"vacunados":936,"personasINE":null,"porcentaje":"-"},{"rango":{"min":40,"max":49},"vacunados":865,"personasINE":null,"porcentaje":"-"},{"rango":{"min":50,"max":59},"vacunados":457,"personasINE":null,"porcentaje":"-"},{"rango":{"min":60,"max":69},"vacunados":151,"personasINE":null,"porcentaje":"-"},{"rango":{"min":70,"max":79},"vacunados":20,"personasINE":null,"porcentaje":"-"},{"rango":{"min":80,"max":null},"vacunados":16,"personasINE":null,"porcentaje":"-"}]}}},{"ccaa":"Totales","dosisAdministradas":66464730,"dosisEntregadas":73950982,"dosisEntregadasModerna":9998780,"dosisEntregadasPfizer":51478467,"dosisEntregadasAstrazeneca":9825400,"dosisEntregadasJanssen":2648335,"dosisPrimeraDosis":36613696,"dosisPautaCompletada":33657941,"porcentajeEntregadas":0.8987673753946905,"porcentajePoblacionAdministradas":1.4159507882403068,"porcentajePoblacionPrimeraDosis":0.7800105666808692,"porcentajePoblacionCompletas":0.717041776736259,"fechaUltRegistro":null,"etarios":{"unaDosis":{"etarioTotal":{"vacunados":36533328,"personasINE":42119827,"porcentaje":0.8673665255082837},"etarioRangos":[{"rango":{"min":12,"max":19},"vacunados":2787426,"personasINE":3888685.9999999995,"porcentaje":0.7302280853611183},{"rango":{"min":20,"max":29},"vacunados":3610715,"personasINE":4944640,"porcentaje":0.8631884210028793},{"rango":{"min":30,"max":39},"vacunados":4634650,"personasINE":6230403,"porcentaje":0.8631884210028793},{"rango":{"min":40,"max":49},"vacunados":6812056,"personasINE":7891737,"porcentaje":0.8631884210028793},{"rango":{"min":50,"max":59},"vacunados":6589980,"personasINE":7033306,"porcentaje":0.9369676223386271},{"rango":{"min":60,"max":69},"vacunados":5234744,"personasINE":5336986,"porcentaje":0.9808427453247957},{"rango":{"min":70,"max":79},"vacunados":3931815,"personasINE":3960045,"porcentaje":0.9928712931292447},{"rango":{"min":80,"max":null},"vacunados":2931942,"personasINE":2931942,"porcentaje":1}]},"pautaCompleta":{"etarioTotal":{"vacunados":33376693,"personasINE":42119827,"porcentaje":0.792422366787024},"etarioRangos":[{"rango":{"min":12,"max":19},"vacunados":1253189,"personasINE":3888686,"porcentaje":0.6002517877944603},{"rango":{"min":20,"max":29},"vacunados":2968029,"personasINE":4944640,"porcentaje":0.8362442894384341},{"rango":{"min":30,"max":39},"vacunados":4219172,"personasINE":6230402.999999999,"porcentaje":0.8362442894384341},{"rango":{"min":40,"max":49},"vacunados":6599420,"personasINE":7891737.000000001,"porcentaje":0.8362442894384341},{"rango":{"min":50,"max":59},"vacunados":6442249,"personasINE":7033306,"porcentaje":0.9159631331268681},{"rango":{"min":60,"max":69},"vacunados":5104758,"personasINE":5336986,"porcentaje":0.9564870509309936},{"rango":{"min":70,"max":79},"vacunados":3897664,"personasINE":3960045,"porcentaje":0.9842474012290264},{"rango":{"min":80,"max":null},"vacunados":2892212,"personasINE":2892212,"porcentaje":1}]}}}]