[{"ccaa":"Andalucía","dosisAdministradas":1970183,"dosisEntregadas":2252440,"dosisEntregadasModerna":219200,"dosisEntregadasPfizer":1468440,"dosisEntregadasAstrazeneca":564800,"dosisPautaCompletada":550974,"porcentajeEntregadas":0.874688337980146,"porcentajePoblacionAdministradas":0.2327607910343673,"porcentajePoblacionCompletas":0.06509301119711697,"fechaUltRegistro":1618264756000,"etarios":{"unaDosis":{"etarioTotal":{"vacunados":1419209,"personasINE":7062213,"porcentaje":0.2009581132712933},"etarioRangos":[{"rango":{"min":16,"max":17},"vacunados":247,"personasINE":181921,"porcentaje":0.0013577322024395204},{"rango":{"min":18,"max":24},"vacunados":28534,"personasINE":625846,"porcentaje":0.04559268574058155},{"rango":{"min":25,"max":49},"vacunados":328317,"personasINE":3009381,"porcentaje":0.1090978510198609},{"rango":{"min":50,"max":59},"vacunados":145229,"personasINE":1265021,"porcentaje":0.11480362776586317},{"rango":{"min":60,"max":69},"vacunados":256419,"personasINE":916147,"porcentaje":0.27988848951096273},{"rango":{"min":70,"max":79},"vacunados":245253,"personasINE":650381,"porcentaje":0.3770912741915892},{"rango":{"min":80,"max":null},"vacunados":415210,"personasINE":413516,"porcentaje":1.0040965766741794}]},"pautaCompleta":{"etarioTotal":{"vacunados":550974,"personasINE":7062213,"porcentaje":0.07801718809670566},"etarioRangos":[{"rango":{"min":16,"max":17},"vacunados":102,"personasINE":181921,"porcentaje":0.0005606829338009356},{"rango":{"min":18,"max":24},"vacunados":12146,"personasINE":625846,"porcentaje":0.01940733023779013},{"rango":{"min":25,"max":49},"vacunados":133056,"personasINE":3009381,"porcentaje":0.044213743623688725},{"rango":{"min":50,"max":59},"vacunados":71893,"personasINE":1265021,"porcentaje":0.056831467619905124},{"rango":{"min":60,"max":69},"vacunados":42932,"personasINE":916147,"porcentaje":0.04686147528726285},{"rango":{"min":70,"max":79},"vacunados":14981,"personasINE":650381,"porcentaje":0.02303419072820393},{"rango":{"min":80,"max":null},"vacunados":275864,"personasINE":413516,"porcentaje":0.6671180800742897}]}}},{"ccaa":"Aragón","dosisAdministradas":331419,"dosisEntregadas":426145,"dosisEntregadasModerna":45800,"dosisEntregadasPfizer":291645,"dosisEntregadasAstrazeneca":88700,"dosisPautaCompletada":102872,"porcentajeEntregadas":0.7777141583263912,"porcentajePoblacionAdministradas":0.2493013718311618,"porcentajePoblacionCompletas":0.07738280159862675,"fechaUltRegistro":1618264756000,"etarios":{"unaDosis":{"etarioTotal":{"vacunados":228547,"personasINE":1132764,"porcentaje":0.20176047261388957},"etarioRangos":[{"rango":{"min":16,"max":17},"vacunados":30,"personasINE":25106,"porcentaje":0.0011949334820361666},{"rango":{"min":18,"max":24},"vacunados":5749,"personasINE":89180,"porcentaje":0.06446512671002468},{"rango":{"min":25,"max":49},"vacunados":49966,"personasINE":446083,"porcentaje":0.11201054512276863},{"rango":{"min":50,"max":59},"vacunados":26386,"personasINE":198266,"porcentaje":0.13308383686562497},{"rango":{"min":60,"max":69},"vacunados":34368,"personasINE":156367,"porcentaje":0.21979062078315756},{"rango":{"min":70,"max":79},"vacunados":15413,"personasINE":118955,"porcentaje":0.12957000546425118},{"rango":{"min":80,"max":null},"vacunados":96635,"personasINE":98807,"porcentaje":0.9780177517787201}]},"pautaCompleta":{"etarioTotal":{"vacunados":102872,"personasINE":1132764,"porcentaje":0.09081503296361819},"etarioRangos":[{"rango":{"min":16,"max":17},"vacunados":25,"personasINE":25106,"porcentaje":0.0009957779016968055},{"rango":{"min":18,"max":24},"vacunados":1457,"personasINE":89180,"porcentaje":0.016337743888764297},{"rango":{"min":25,"max":49},"vacunados":21763,"personasINE":446083,"porcentaje":0.04878688495190357},{"rango":{"min":50,"max":59},"vacunados":14124,"personasINE":198266,"porcentaje":0.07123763025430482},{"rango":{"min":60,"max":69},"vacunados":9550,"personasINE":156367,"porcentaje":0.061074267588429786},{"rango":{"min":70,"max":79},"vacunados":3315,"personasINE":118955,"porcentaje":0.02786768105586146},{"rango":{"min":80,"max":null},"vacunados":52638,"personasINE":98807,"porcentaje":0.5327355349317356}]}}},{"ccaa":"Asturias","dosisAdministradas":317019,"dosisEntregadas":390735,"dosisEntregadasModerna":42200,"dosisEntregadasPfizer":280535,"dosisEntregadasAstrazeneca":68000,"dosisPautaCompletada":101013,"porcentajeEntregadas":0.8113401666090829,"porcentajePoblacionAdministradas":0.3111739092879354,"porcentajePoblacionCompletas":0.09915055595690549,"fechaUltRegistro":1618264756000,"etarios":{"unaDosis":{"etarioTotal":{"vacunados":216006,"personasINE":901209,"porcentaje":0.2396846902327873},"etarioRangos":[{"rango":{"min":16,"max":17},"vacunados":34,"personasINE":15563,"porcentaje":0.0021846687656621473},{"rango":{"min":18,"max":24},"vacunados":3054,"personasINE":54179,"porcentaje":0.05636870374130198},{"rango":{"min":25,"max":49},"vacunados":30845,"personasINE":322095,"porcentaje":0.09576367220850991},{"rango":{"min":50,"max":59},"vacunados":21117,"personasINE":162645,"porcentaje":0.129834916536014},{"rango":{"min":60,"max":69},"vacunados":37912,"personasINE":149652,"porcentaje":0.2533344024804212},{"rango":{"min":70,"max":79},"vacunados":37732,"personasINE":109249,"porcentaje":0.34537615904951074},{"rango":{"min":80,"max":null},"vacunados":85312,"personasINE":87826,"porcentaje":0.9713752191833853}]},"pautaCompleta":{"etarioTotal":{"vacunados":101013,"personasINE":901209,"porcentaje":0.11208609767545596},"etarioRangos":[{"rango":{"min":16,"max":17},"vacunados":27,"personasINE":15563,"porcentaje":0.0017348840197905287},{"rango":{"min":18,"max":24},"vacunados":2400,"personasINE":54179,"porcentaje":0.0442976060835379},{"rango":{"min":25,"max":49},"vacunados":21484,"personasINE":322095,"porcentaje":0.06670081808162188},{"rango":{"min":50,"max":59},"vacunados":13921,"personasINE":162645,"porcentaje":0.08559131851578591},{"rango":{"min":60,"max":69},"vacunados":10334,"personasINE":149652,"porcentaje":0.06905353754042712},{"rango":{"min":70,"max":79},"vacunados":3839,"personasINE":109249,"porcentaje":0.03513990974745764},{"rango":{"min":80,"max":null},"vacunados":49008,"personasINE":87826,"porcentaje":0.5580124336756769}]}}},{"ccaa":"Baleares","dosisAdministradas":233042,"dosisEntregadas":264010,"dosisEntregadasModerna":24300,"dosisEntregadasPfizer":158310,"dosisEntregadasAstrazeneca":81400,"dosisPautaCompletada":57582,"porcentajeEntregadas":0.8827014128252718,"porcentajePoblacionAdministradas":0.19891886170631382,"porcentajePoblacionCompletas":0.049150564682645025,"fechaUltRegistro":1618264756000,"etarios":{"unaDosis":{"etarioTotal":{"vacunados":175460,"personasINE":986279,"porcentaje":0.1779009793374897},"etarioRangos":[{"rango":{"min":16,"max":17},"vacunados":33,"personasINE":23300,"porcentaje":0.0014163090128755365},{"rango":{"min":18,"max":24},"vacunados":3691,"personasINE":85839,"porcentaje":0.04299910297184264},{"rango":{"min":25,"max":49},"vacunados":42441,"personasINE":464054,"porcentaje":0.0914570287078659},{"rango":{"min":50,"max":59},"vacunados":20462,"personasINE":165797,"porcentaje":0.12341598460768288},{"rango":{"min":60,"max":69},"vacunados":42756,"personasINE":117231,"porcentaje":0.36471581748854826},{"rango":{"min":70,"max":79},"vacunados":18995,"personasINE":80516,"porcentaje":0.23591584281385067},{"rango":{"min":80,"max":null},"vacunados":47082,"personasINE":49542,"porcentaje":0.9503451616809979}]},"pautaCompleta":{"etarioTotal":{"vacunados":57582,"personasINE":986279,"porcentaje":0.058383074160557005},"etarioRangos":[{"rango":{"min":16,"max":17},"vacunados":30,"personasINE":23300,"porcentaje":0.0012875536480686696},{"rango":{"min":18,"max":24},"vacunados":1261,"personasINE":85839,"porcentaje":0.014690292291382705},{"rango":{"min":25,"max":49},"vacunados":17615,"personasINE":464054,"porcentaje":0.037958944433190964},{"rango":{"min":50,"max":59},"vacunados":7672,"personasINE":165797,"porcentaje":0.04627345488760352},{"rango":{"min":60,"max":69},"vacunados":5030,"personasINE":117231,"porcentaje":0.04290673968489563},{"rango":{"min":70,"max":79},"vacunados":2231,"personasINE":80516,"porcentaje":0.027708778379452532},{"rango":{"min":80,"max":null},"vacunados":23743,"personasINE":49542,"porcentaje":0.4792499293528723}]}}},{"ccaa":"Canarias","dosisAdministradas":418843,"dosisEntregadas":512380,"dosisEntregadasModerna":47800,"dosisEntregadasPfizer":319380,"dosisEntregadasAstrazeneca":145200,"dosisPautaCompletada":116073,"porcentajeEntregadas":0.8174460361450486,"porcentajePoblacionAdministradas":0.1924872423656404,"porcentajePoblacionCompletas":0.053343548019441606,"fechaUltRegistro":1618264756000,"etarios":{"unaDosis":{"etarioTotal":{"vacunados":302770,"personasINE":1871033,"porcentaje":0.1618197006680267},"etarioRangos":[{"rango":{"min":16,"max":17},"vacunados":39,"personasINE":44352,"porcentaje":0.0008793290043290044},{"rango":{"min":18,"max":24},"vacunados":5816,"personasINE":163899,"porcentaje":0.035485268366494},{"rango":{"min":25,"max":49},"vacunados":66549,"personasINE":832411,"porcentaje":0.0799472856557638},{"rango":{"min":50,"max":59},"vacunados":28313,"personasINE":350512,"porcentaje":0.08077612178755648},{"rango":{"min":60,"max":69},"vacunados":79929,"personasINE":235092,"porcentaje":0.3399903016691338},{"rango":{"min":70,"max":79},"vacunados":42407,"personasINE":154531,"porcentaje":0.2744239020002459},{"rango":{"min":80,"max":null},"vacunados":79717,"personasINE":90236,"porcentaje":0.88342790017288}]},"pautaCompleta":{"etarioTotal":{"vacunados":116073,"personasINE":1871033,"porcentaje":0.06203685343871541},"etarioRangos":[{"rango":{"min":16,"max":17},"vacunados":21,"personasINE":44352,"porcentaje":0.0004734848484848485},{"rango":{"min":18,"max":24},"vacunados":2412,"personasINE":163899,"porcentaje":0.01471638020976333},{"rango":{"min":25,"max":49},"vacunados":34769,"personasINE":832411,"porcentaje":0.04176902996236234},{"rango":{"min":50,"max":59},"vacunados":17322,"personasINE":350512,"porcentaje":0.04941913543616196},{"rango":{"min":60,"max":69},"vacunados":9569,"personasINE":235092,"porcentaje":0.0407032140608783},{"rango":{"min":70,"max":79},"vacunados":13946,"personasINE":154531,"porcentaje":0.09024726430295539},{"rango":{"min":80,"max":null},"vacunados":38034,"personasINE":90236,"porcentaje":0.42149474710758456}]}}},{"ccaa":"Cantabria","dosisAdministradas":147960,"dosisEntregadas":193345,"dosisEntregadasModerna":19900,"dosisEntregadasPfizer":132945,"dosisEntregadasAstrazeneca":40500,"dosisPautaCompletada":46159,"porcentajeEntregadas":0.7652641650934857,"porcentajePoblacionAdministradas":0.2538320995702559,"porcentajePoblacionCompletas":0.07918786080064505,"fechaUltRegistro":1618264756000,"etarios":{"unaDosis":{"etarioTotal":{"vacunados":101801,"personasINE":501384,"porcentaje":0.2030399853206325},"etarioRangos":[{"rango":{"min":16,"max":17},"vacunados":5,"personasINE":10791,"porcentaje":0.0004633490872022982},{"rango":{"min":18,"max":24},"vacunados":1562,"personasINE":34935,"porcentaje":0.044711607270645486},{"rango":{"min":25,"max":49},"vacunados":22477,"personasINE":194241,"porcentaje":0.11571707312050494},{"rango":{"min":50,"max":59},"vacunados":11142,"personasINE":89964,"porcentaje":0.12384953981592638},{"rango":{"min":60,"max":69},"vacunados":12093,"personasINE":77345,"porcentaje":0.1563514125024242},{"rango":{"min":70,"max":79},"vacunados":15967,"personasINE":53066,"porcentaje":0.30088945841028153},{"rango":{"min":80,"max":null},"vacunados":38555,"personasINE":41042,"porcentaje":0.9394035378392865}]},"pautaCompleta":{"etarioTotal":{"vacunados":46159,"personasINE":501384,"porcentaje":0.0920631691477989},"etarioRangos":[{"rango":{"min":16,"max":17},"vacunados":3,"personasINE":10791,"porcentaje":0.00027800945232137893},{"rango":{"min":18,"max":24},"vacunados":614,"personasINE":34935,"porcentaje":0.01757549735222556},{"rango":{"min":25,"max":49},"vacunados":10616,"personasINE":194241,"porcentaje":0.05465375487152558},{"rango":{"min":50,"max":59},"vacunados":5599,"personasINE":89964,"porcentaje":0.062236005513316435},{"rango":{"min":60,"max":69},"vacunados":3768,"personasINE":77345,"porcentaje":0.04871678841554076},{"rango":{"min":70,"max":79},"vacunados":1704,"personasINE":53066,"porcentaje":0.032110956167791055},{"rango":{"min":80,"max":null},"vacunados":23855,"personasINE":41042,"porcentaje":0.5812338579991229}]}}},{"ccaa":"Castilla y Leon","dosisAdministradas":730342,"dosisEntregadas":915595,"dosisEntregadasModerna":100800,"dosisEntregadasPfizer":647895,"dosisEntregadasAstrazeneca":166900,"dosisPautaCompletada":238032,"porcentajeEntregadas":0.7976692751707906,"porcentajePoblacionAdministradas":0.3049549086858089,"porcentajePoblacionCompletas":0.09939045929756259,"fechaUltRegistro":1618264756000,"etarios":{"unaDosis":{"etarioTotal":{"vacunados":492310,"personasINE":2092873,"porcentaje":0.23523166479762508},"etarioRangos":[{"rango":{"min":16,"max":17},"vacunados":93,"personasINE":40684,"porcentaje":0.0022859109232130567},{"rango":{"min":18,"max":24},"vacunados":7396,"personasINE":144422,"porcentaje":0.05121103432994973},{"rango":{"min":25,"max":49},"vacunados":85112,"personasINE":738950,"porcentaje":0.11517964679612964},{"rango":{"min":50,"max":59},"vacunados":53068,"personasINE":381175,"porcentaje":0.13922214206073327},{"rango":{"min":60,"max":69},"vacunados":79163,"personasINE":318575,"porcentaje":0.24849093620026683},{"rango":{"min":70,"max":79},"vacunados":48495,"personasINE":245410,"porcentaje":0.19760808443013733},{"rango":{"min":80,"max":null},"vacunados":218983,"personasINE":223657,"porcentaje":0.97910192839929}]},"pautaCompleta":{"etarioTotal":{"vacunados":238032,"personasINE":2092873,"porcentaje":0.11373456487804086},"etarioRangos":[{"rango":{"min":16,"max":17},"vacunados":86,"personasINE":40684,"porcentaje":0.002113853111788418},{"rango":{"min":18,"max":24},"vacunados":2654,"personasINE":144422,"porcentaje":0.018376701610557947},{"rango":{"min":25,"max":49},"vacunados":42160,"personasINE":738950,"porcentaje":0.05705392787062724},{"rango":{"min":50,"max":59},"vacunados":30171,"personasINE":381175,"porcentaje":0.07915262018757789},{"rango":{"min":60,"max":69},"vacunados":20251,"personasINE":318575,"porcentaje":0.06356744879541709},{"rango":{"min":70,"max":79},"vacunados":9873,"personasINE":245410,"porcentaje":0.04023063444847398},{"rango":{"min":80,"max":null},"vacunados":132837,"personasINE":223657,"porcentaje":0.5939317794658786}]}}},{"ccaa":"Castilla La Mancha","dosisAdministradas":499581,"dosisEntregadas":619075,"dosisEntregadasModerna":63800,"dosisEntregadasPfizer":412875,"dosisEntregadasAstrazeneca":142400,"dosisPautaCompletada":155240,"porcentajeEntregadas":0.8069797682025602,"porcentajePoblacionAdministradas":0.24426748991918232,"porcentajePoblacionCompletas":0.0759037776357665,"fechaUltRegistro":1618264756000},{"ccaa":"Cataluña","dosisAdministradas":1843205,"dosisEntregadas":2154180,"dosisEntregadasModerna":221100,"dosisEntregadasPfizer":1413980,"dosisEntregadasAstrazeneca":519100,"dosisPautaCompletada":462140,"porcentajeEntregadas":0.8556411256255281,"porcentajePoblacionAdministradas":0.23690122420483367,"porcentajePoblacionCompletas":0.05939737129294996,"fechaUltRegistro":1618264756000,"etarios":{"unaDosis":{"etarioTotal":{"vacunados":1381065,"personasINE":6531658,"porcentaje":0.2114417196981226},"etarioRangos":[{"rango":{"min":16,"max":17},"vacunados":311,"personasINE":159864,"porcentaje":0.001945403593054096},{"rango":{"min":18,"max":24},"vacunados":35212,"personasINE":556316,"porcentaje":0.06329496185621122},{"rango":{"min":25,"max":49},"vacunados":290768,"personasINE":2803626,"porcentaje":0.1037114080123383},{"rango":{"min":50,"max":59},"vacunados":131126,"personasINE":1091780,"porcentaje":0.12010295114400336},{"rango":{"min":60,"max":69},"vacunados":346401,"personasINE":837584,"porcentaje":0.41357165370876237},{"rango":{"min":70,"max":79},"vacunados":150499,"personasINE":635292,"porcentaje":0.2368973637319532},{"rango":{"min":80,"max":null},"vacunados":426748,"personasINE":447196,"porcentaje":0.9542750829613861}]},"pautaCompleta":{"etarioTotal":{"vacunados":462140,"personasINE":6531658,"porcentaje":0.07075385759634077},"etarioRangos":[{"rango":{"min":16,"max":17},"vacunados":215,"personasINE":159864,"porcentaje":0.0013448931591853075},{"rango":{"min":18,"max":24},"vacunados":16523,"personasINE":556316,"porcentaje":0.02970074561939617},{"rango":{"min":25,"max":49},"vacunados":127964,"personasINE":2803626,"porcentaje":0.04564232176474323},{"rango":{"min":50,"max":59},"vacunados":67914,"personasINE":1091780,"porcentaje":0.06220483980289069},{"rango":{"min":60,"max":69},"vacunados":49678,"personasINE":837584,"porcentaje":0.05931106611396588},{"rango":{"min":70,"max":79},"vacunados":28724,"personasINE":635292,"porcentaje":0.045213854416551756},{"rango":{"min":80,"max":null},"vacunados":171122,"personasINE":447196,"porcentaje":0.3826554799237918}]}}},{"ccaa":"C. Valenciana","dosisAdministradas":1125277,"dosisEntregadas":1320640,"dosisEntregadasModerna":131600,"dosisEntregadasPfizer":836740,"dosisEntregadasAstrazeneca":352300,"dosisPautaCompletada":289914,"porcentajeEntregadas":0.8520694511751878,"porcentajePoblacionAdministradas":0.22250315530673853,"porcentajePoblacionCompletas":0.057325245044196046,"fechaUltRegistro":1618264756000,"etarios":{"unaDosis":{"etarioTotal":{"vacunados":835363,"personasINE":4269305,"porcentaje":0.19566721047102514},"etarioRangos":[{"rango":{"min":16,"max":17},"vacunados":114,"personasINE":103049,"porcentaje":0.0011062698327979892},{"rango":{"min":18,"max":24},"vacunados":17406,"personasINE":352834,"porcentaje":0.049331980478071843},{"rango":{"min":25,"max":49},"vacunados":199342,"personasINE":1765967,"porcentaje":0.11287979899964155},{"rango":{"min":50,"max":59},"vacunados":89850,"personasINE":752334,"porcentaje":0.11942833900900399},{"rango":{"min":60,"max":69},"vacunados":135803,"personasINE":580728,"porcentaje":0.2338495819040928},{"rango":{"min":70,"max":79},"vacunados":110681,"personasINE":437862,"porcentaje":0.25277598878185364},{"rango":{"min":80,"max":null},"vacunados":282167,"personasINE":276531,"porcentaje":1.020381078432436}]},"pautaCompleta":{"etarioTotal":{"vacunados":289914,"personasINE":4269305,"porcentaje":0.06790660306537012},"etarioRangos":[{"rango":{"min":16,"max":17},"vacunados":101,"personasINE":103049,"porcentaje":0.0009801162553736572},{"rango":{"min":18,"max":24},"vacunados":5255,"personasINE":352834,"porcentaje":0.014893689383676176},{"rango":{"min":25,"max":49},"vacunados":68494,"personasINE":1765967,"porcentaje":0.03878554922034217},{"rango":{"min":50,"max":59},"vacunados":34143,"personasINE":752334,"porcentaje":0.045382768823421515},{"rango":{"min":60,"max":69},"vacunados":23901,"personasINE":580728,"porcentaje":0.04115696160681076},{"rango":{"min":70,"max":79},"vacunados":10563,"personasINE":437862,"porcentaje":0.02412403908080628},{"rango":{"min":80,"max":null},"vacunados":147457,"personasINE":276531,"porcentaje":0.5332385880787326}]}}},{"ccaa":"Extremadura","dosisAdministradas":313754,"dosisEntregadas":351125,"dosisEntregadasModerna":36200,"dosisEntregadasPfizer":244025,"dosisEntregadasAstrazeneca":70900,"dosisPautaCompletada":90177,"porcentajeEntregadas":0.8935678177287291,"porcentajePoblacionAdministradas":0.2948851818678236,"porcentajePoblacionCompletas":0.08475385507529697,"fechaUltRegistro":1618264756000,"etarios":{"unaDosis":{"etarioTotal":{"vacunados":223577,"personasINE":911213,"porcentaje":0.24536195159638854},"etarioRangos":[{"rango":{"min":16,"max":17},"vacunados":49,"personasINE":20953,"porcentaje":0.002338567269603398},{"rango":{"min":18,"max":24},"vacunados":2196,"personasINE":76088,"porcentaje":0.02886131847334665},{"rango":{"min":25,"max":49},"vacunados":42068,"personasINE":351778,"porcentaje":0.11958678484726162},{"rango":{"min":50,"max":59},"vacunados":22924,"personasINE":169216,"porcentaje":0.13547182299546143},{"rango":{"min":60,"max":69},"vacunados":46708,"personasINE":125297,"porcentaje":0.3727782788095485},{"rango":{"min":70,"max":79},"vacunados":34282,"personasINE":91876,"porcentaje":0.3731333536505725},{"rango":{"min":80,"max":null},"vacunados":75350,"personasINE":76005,"porcentaje":0.9913821459114532}]},"pautaCompleta":{"etarioTotal":{"vacunados":90177,"personasINE":911213,"porcentaje":0.09896368906062578},"etarioRangos":[{"rango":{"min":16,"max":17},"vacunados":37,"personasINE":20953,"porcentaje":0.0017658569178637903},{"rango":{"min":18,"max":24},"vacunados":907,"personasINE":76088,"porcentaje":0.01192040794869099},{"rango":{"min":25,"max":49},"vacunados":19729,"personasINE":351778,"porcentaje":0.05608366640324296},{"rango":{"min":50,"max":59},"vacunados":12984,"personasINE":169216,"porcentaje":0.0767303328290469},{"rango":{"min":60,"max":69},"vacunados":7798,"personasINE":125297,"porcentaje":0.06223612696233748},{"rango":{"min":70,"max":79},"vacunados":3196,"personasINE":91876,"porcentaje":0.034786015934520444},{"rango":{"min":80,"max":null},"vacunados":45526,"personasINE":76005,"porcentaje":0.5989869087560029}]}}},{"ccaa":"Galicia","dosisAdministradas":776617,"dosisEntregadas":916865,"dosisEntregadasModerna":98800,"dosisEntregadasPfizer":637765,"dosisEntregadasAstrazeneca":180300,"dosisPautaCompletada":196446,"porcentajeEntregadas":0.8470352778217076,"porcentajePoblacionAdministradas":0.28744227500065694,"porcentajePoblacionCompletas":0.07270879359424151,"fechaUltRegistro":1618264756000,"etarios":{"unaDosis":{"etarioTotal":{"vacunados":580171,"personasINE":2362643,"porcentaje":0.24556016291923918},"etarioRangos":[{"rango":{"min":16,"max":17},"vacunados":10,"personasINE":44014,"porcentaje":0.00022720043622483755},{"rango":{"min":18,"max":24},"vacunados":5003,"personasINE":152745,"porcentaje":0.032753936299060524},{"rango":{"min":25,"max":49},"vacunados":93951,"personasINE":889004,"porcentaje":0.10568118928598746},{"rango":{"min":50,"max":59},"vacunados":62862,"personasINE":405889,"porcentaje":0.15487485494802766},{"rango":{"min":60,"max":69},"vacunados":87588,"personasINE":346927,"porcentaje":0.2524680984760483},{"rango":{"min":70,"max":79},"vacunados":112504,"personasINE":289762,"porcentaje":0.38826347140066675},{"rango":{"min":80,"max":null},"vacunados":218253,"personasINE":234302,"porcentaje":0.9315029321132555}]},"pautaCompleta":{"etarioTotal":{"vacunados":196446,"personasINE":2362643,"porcentaje":0.08314671323598191},"etarioRangos":[{"rango":{"min":16,"max":17},"vacunados":3,"personasINE":44014,"porcentaje":0.00006816013086745126},{"rango":{"min":18,"max":24},"vacunados":1471,"personasINE":152745,"porcentaje":0.009630429801302826},{"rango":{"min":25,"max":49},"vacunados":38492,"personasINE":889004,"porcentaje":0.04329789292286649},{"rango":{"min":50,"max":59},"vacunados":23512,"personasINE":405889,"porcentaje":0.05792716727972426},{"rango":{"min":60,"max":69},"vacunados":16647,"personasINE":346927,"porcentaje":0.04798415805054089},{"rango":{"min":70,"max":79},"vacunados":4710,"personasINE":289762,"porcentaje":0.016254719390396258},{"rango":{"min":80,"max":null},"vacunados":111611,"personasINE":234302,"porcentaje":0.47635530213143723}]}}},{"ccaa":"La Rioja","dosisAdministradas":86929,"dosisEntregadas":100595,"dosisEntregadasModerna":10200,"dosisEntregadasPfizer":69095,"dosisEntregadasAstrazeneca":21300,"dosisPautaCompletada":25236,"porcentajeEntregadas":0.8641483175108107,"porcentajePoblacionAdministradas":0.2717261514031896,"porcentajePoblacionCompletas":0.07888369999437349,"fechaUltRegistro":1618264756000,"etarios":{"unaDosis":{"etarioTotal":{"vacunados":61693,"personasINE":270788,"porcentaje":0.22782767330900927},"etarioRangos":[{"rango":{"min":16,"max":17},"vacunados":9,"personasINE":6286,"porcentaje":0.0014317531021317213},{"rango":{"min":18,"max":24},"vacunados":1268,"personasINE":21170,"porcentaje":0.05989607935758148},{"rango":{"min":25,"max":49},"vacunados":12930,"personasINE":107618,"porcentaje":0.12014718727350443},{"rango":{"min":50,"max":59},"vacunados":6633,"personasINE":47664,"porcentaje":0.13916163141993956},{"rango":{"min":60,"max":69},"vacunados":13565,"personasINE":37718,"porcentaje":0.35964261095498173},{"rango":{"min":70,"max":79},"vacunados":5135,"personasINE":28125,"porcentaje":0.18257777777777778},{"rango":{"min":80,"max":null},"vacunados":22153,"personasINE":22207,"porcentaje":0.9975683343090017}]},"pautaCompleta":{"etarioTotal":{"vacunados":25236,"personasINE":270788,"porcentaje":0.09319467627812163},"etarioRangos":[{"rango":{"min":16,"max":17},"vacunados":2,"personasINE":6286,"porcentaje":0.0003181673560292714},{"rango":{"min":18,"max":24},"vacunados":375,"personasINE":21170,"porcentaje":0.01771374586679263},{"rango":{"min":25,"max":49},"vacunados":4684,"personasINE":107618,"porcentaje":0.04352431749335613},{"rango":{"min":50,"max":59},"vacunados":3369,"personasINE":47664,"porcentaje":0.07068227593152064},{"rango":{"min":60,"max":69},"vacunados":2396,"personasINE":37718,"porcentaje":0.06352404687417149},{"rango":{"min":70,"max":79},"vacunados":679,"personasINE":28125,"porcentaje":0.02414222222222222},{"rango":{"min":80,"max":null},"vacunados":13731,"personasINE":22207,"porcentaje":0.6183185482055208}]}}},{"ccaa":"Madrid","dosisAdministradas":1516192,"dosisEntregadas":1786515,"dosisEntregadasModerna":179300,"dosisEntregadasPfizer":1154715,"dosisEntregadasAstrazeneca":452500,"dosisPautaCompletada":437879,"porcentajeEntregadas":0.8486869687632066,"porcentajePoblacionAdministradas":0.22363083283971652,"porcentajePoblacionCompletas":0.06458499019452829,"fechaUltRegistro":1618264756000,"etarios":{"unaDosis":{"etarioTotal":{"vacunados":1078313,"personasINE":5695623,"porcentaje":0.1893230995099219},"etarioRangos":[{"rango":{"min":16,"max":17},"vacunados":143,"personasINE":135861,"porcentaje":0.001052546352522063},{"rango":{"min":18,"max":24},"vacunados":22299,"personasINE":479716,"porcentaje":0.046483752887124884},{"rango":{"min":25,"max":49},"vacunados":268929,"personasINE":2513737,"porcentaje":0.10698374571405043},{"rango":{"min":50,"max":59},"vacunados":105628,"personasINE":972783,"porcentaje":0.10858331200277965},{"rango":{"min":60,"max":69},"vacunados":244894,"personasINE":703323,"porcentaje":0.3481956369975104},{"rango":{"min":70,"max":79},"vacunados":95882,"personasINE":526081,"porcentaje":0.18225710489449343},{"rango":{"min":80,"max":null},"vacunados":340538,"personasINE":364122,"porcentaje":0.9352304996676938}]},"pautaCompleta":{"etarioTotal":{"vacunados":437879,"personasINE":5695623,"porcentaje":0.07687991287344685},"etarioRangos":[{"rango":{"min":16,"max":17},"vacunados":52,"personasINE":135861,"porcentaje":0.0003827441281898411},{"rango":{"min":18,"max":24},"vacunados":13538,"personasINE":479716,"porcentaje":0.02822086401120663},{"rango":{"min":25,"max":49},"vacunados":111013,"personasINE":2513737,"porcentaje":0.044162535698842},{"rango":{"min":50,"max":59},"vacunados":51410,"personasINE":972783,"porcentaje":0.05284837420061823},{"rango":{"min":60,"max":69},"vacunados":30987,"personasINE":703323,"porcentaje":0.04405799326909542},{"rango":{"min":70,"max":79},"vacunados":8888,"personasINE":526081,"porcentaje":0.016894736742060632},{"rango":{"min":80,"max":null},"vacunados":221991,"personasINE":364122,"porcentaje":0.6096610476708356}]}}},{"ccaa":"Murcia","dosisAdministradas":293702,"dosisEntregadas":398965,"dosisEntregadasModerna":37700,"dosisEntregadasPfizer":260465,"dosisEntregadasAstrazeneca":100800,"dosisPautaCompletada":99986,"porcentajeEntregadas":0.7361598135174765,"porcentajePoblacionAdministradas":0.1943436265716284,"porcentajePoblacionCompletas":0.06616108111756419,"fechaUltRegistro":1618264756000,"etarios":{"unaDosis":{"etarioTotal":{"vacunados":193716,"personasINE":1237479,"porcentaje":0.15654083826877063},"etarioRangos":[{"rango":{"min":16,"max":17},"vacunados":104,"personasINE":34712,"porcentaje":0.0029960820465545056},{"rango":{"min":18,"max":24},"vacunados":7032,"personasINE":118667,"porcentaje":0.05925826051050418},{"rango":{"min":25,"max":49},"vacunados":58230,"personasINE":551265,"porcentaje":0.10562977878152975},{"rango":{"min":50,"max":59},"vacunados":25184,"personasINE":213256,"porcentaje":0.11809280864313314},{"rango":{"min":60,"max":69},"vacunados":23422,"personasINE":146909,"porcentaje":0.1594320293515033},{"rango":{"min":70,"max":79},"vacunados":13002,"personasINE":102899,"porcentaje":0.1263569130895344},{"rango":{"min":80,"max":null},"vacunados":66742,"personasINE":69771,"porcentaje":0.956586547419415}]},"pautaCompleta":{"etarioTotal":{"vacunados":99986,"personasINE":1237479,"porcentaje":0.08079813879669877},"etarioRangos":[{"rango":{"min":16,"max":17},"vacunados":97,"personasINE":34712,"porcentaje":0.002794422678036414},{"rango":{"min":18,"max":24},"vacunados":2509,"personasINE":118667,"porcentaje":0.021143199035957762},{"rango":{"min":25,"max":49},"vacunados":27505,"personasINE":551265,"porcentaje":0.04989433394102655},{"rango":{"min":50,"max":59},"vacunados":13844,"personasINE":213256,"porcentaje":0.06491728251491166},{"rango":{"min":60,"max":69},"vacunados":7489,"personasINE":146909,"porcentaje":0.05097713550565316},{"rango":{"min":70,"max":79},"vacunados":2744,"personasINE":102899,"porcentaje":0.02666692582046473},{"rango":{"min":80,"max":null},"vacunados":45798,"personasINE":69771,"porcentaje":0.6564045233693082}]}}},{"ccaa":"Navarra","dosisAdministradas":167043,"dosisEntregadas":194805,"dosisEntregadasModerna":20100,"dosisEntregadasPfizer":130605,"dosisEntregadasAstrazeneca":44100,"dosisPautaCompletada":50233,"porcentajeEntregadas":0.8574882574882575,"porcentajePoblacionAdministradas":0.25263726241952095,"porcentajePoblacionCompletas":0.07597281899343161,"fechaUltRegistro":1618264756000,"etarios":{"unaDosis":{"etarioTotal":{"vacunados":116810,"personasINE":552935,"porcentaje":0.21125448741714667},"etarioRangos":[{"rango":{"min":16,"max":17},"vacunados":4,"personasINE":13906,"porcentaje":0.00028764562059542645},{"rango":{"min":18,"max":24},"vacunados":3262,"personasINE":48505,"porcentaje":0.0672507988867127},{"rango":{"min":25,"max":49},"vacunados":25906,"personasINE":223028,"porcentaje":0.11615581900030489},{"rango":{"min":50,"max":59},"vacunados":13369,"personasINE":96694,"porcentaje":0.13826090553705503},{"rango":{"min":60,"max":69},"vacunados":19113,"personasINE":73844,"porcentaje":0.2588294241915389},{"rango":{"min":70,"max":79},"vacunados":15599,"personasINE":55792,"porcentaje":0.2795920562087755},{"rango":{"min":80,"max":null},"vacunados":39557,"personasINE":41166,"porcentaje":0.9609143467910412}]},"pautaCompleta":{"etarioTotal":{"vacunados":50233,"personasINE":552935,"porcentaje":0.09084792968432094},"etarioRangos":[{"rango":{"min":16,"max":17},"vacunados":4,"personasINE":13906,"porcentaje":0.00028764562059542645},{"rango":{"min":18,"max":24},"vacunados":912,"personasINE":48505,"porcentaje":0.018802185341717348},{"rango":{"min":25,"max":49},"vacunados":12352,"personasINE":223028,"porcentaje":0.05538318058719085},{"rango":{"min":50,"max":59},"vacunados":7559,"personasINE":96694,"porcentaje":0.07817444722526734},{"rango":{"min":60,"max":69},"vacunados":4057,"personasINE":73844,"porcentaje":0.054940144087535885},{"rango":{"min":70,"max":79},"vacunados":1785,"personasINE":55792,"porcentaje":0.03199383424146831},{"rango":{"min":80,"max":null},"vacunados":23564,"personasINE":41166,"porcentaje":0.5724141281640188}]}}},{"ccaa":"País Vasco","dosisAdministradas":564370,"dosisEntregadas":674050,"dosisEntregadasModerna":70900,"dosisEntregadasPfizer":454950,"dosisEntregadasAstrazeneca":148200,"dosisPautaCompletada":152335,"porcentajeEntregadas":0.8372821007343669,"porcentajePoblacionAdministradas":0.2541630188461719,"porcentajePoblacionCompletas":0.06860379445387173,"fechaUltRegistro":1618264756000,"etarios":{"unaDosis":{"etarioTotal":{"vacunados":412035,"personasINE":1898123,"porcentaje":0.21707497353964944},"etarioRangos":[{"rango":{"min":16,"max":17},"vacunados":7,"personasINE":41824,"porcentaje":0.0001673680183626626},{"rango":{"min":18,"max":24},"vacunados":11527,"personasINE":140323,"porcentaje":0.08214619128724443},{"rango":{"min":25,"max":49},"vacunados":90767,"personasINE":724849,"porcentaje":0.12522194277704735},{"rango":{"min":50,"max":59},"vacunados":49029,"personasINE":339977,"porcentaje":0.14421269674125015},{"rango":{"min":60,"max":69},"vacunados":77238,"personasINE":280119,"porcentaje":0.27573281355423945},{"rango":{"min":70,"max":79},"vacunados":35074,"personasINE":213081,"porcentaje":0.16460407075243685},{"rango":{"min":80,"max":null},"vacunados":148393,"personasINE":157950,"porcentaje":0.9394935106046217}]},"pautaCompleta":{"etarioTotal":{"vacunados":152335,"personasINE":1898123,"porcentaje":0.08025559987419151},"etarioRangos":[{"rango":{"min":16,"max":17},"vacunados":6,"personasINE":41824,"porcentaje":0.0001434583014537108},{"rango":{"min":18,"max":24},"vacunados":3120,"personasINE":140323,"porcentaje":0.02223441631093976},{"rango":{"min":25,"max":49},"vacunados":35084,"personasINE":724849,"porcentaje":0.04840180506560677},{"rango":{"min":50,"max":59},"vacunados":21982,"personasINE":339977,"porcentaje":0.0646573150536654},{"rango":{"min":60,"max":69},"vacunados":12866,"personasINE":280119,"porcentaje":0.045930479546192865},{"rango":{"min":70,"max":79},"vacunados":3730,"personasINE":213081,"porcentaje":0.017505080227706835},{"rango":{"min":80,"max":null},"vacunados":75547,"personasINE":157950,"porcentaje":0.4782969294080405}]}}},{"ccaa":"Ceuta","dosisAdministradas":16764,"dosisEntregadas":17570,"dosisEntregadasModerna":1600,"dosisEntregadasPfizer":10170,"dosisEntregadasAstrazeneca":5800,"dosisPautaCompletada":3706,"porcentajeEntregadas":0.9541263517359135,"porcentajePoblacionAdministradas":0.19909265813163582,"porcentajePoblacionCompletas":0.04401320633714163,"fechaUltRegistro":1618264756000,"etarios":{"unaDosis":{"etarioTotal":{"vacunados":13058,"personasINE":66158,"porcentaje":0.19737597871761542},"etarioRangos":[{"rango":{"min":16,"max":17},"vacunados":0,"personasINE":2175,"porcentaje":0},{"rango":{"min":18,"max":24},"vacunados":285,"personasINE":7581,"porcentaje":0.03759398496240601},{"rango":{"min":25,"max":49},"vacunados":3555,"personasINE":30066,"porcentaje":0.11823987228098184},{"rango":{"min":50,"max":59},"vacunados":1810,"personasINE":11556,"porcentaje":0.15662859120803047},{"rango":{"min":60,"max":69},"vacunados":2363,"personasINE":7857,"porcentaje":0.3007509227440499},{"rango":{"min":70,"max":79},"vacunados":2823,"personasINE":4318,"porcentaje":0.6537748957850857},{"rango":{"min":80,"max":null},"vacunados":2222,"personasINE":2605,"porcentaje":0.852975047984645}]},"pautaCompleta":{"etarioTotal":{"vacunados":3706,"personasINE":66158,"porcentaje":0.05601741286012274},"etarioRangos":[{"rango":{"min":16,"max":17},"vacunados":0,"personasINE":2175,"porcentaje":0},{"rango":{"min":18,"max":24},"vacunados":44,"personasINE":7581,"porcentaje":0.005803983643318823},{"rango":{"min":25,"max":49},"vacunados":817,"personasINE":30066,"porcentaje":0.027173551519989358},{"rango":{"min":50,"max":59},"vacunados":515,"personasINE":11556,"porcentaje":0.04456559363101419},{"rango":{"min":60,"max":69},"vacunados":315,"personasINE":7857,"porcentaje":0.04009163802978236},{"rango":{"min":70,"max":79},"vacunados":383,"personasINE":4318,"porcentaje":0.0886984715145901},{"rango":{"min":80,"max":null},"vacunados":1632,"personasINE":2605,"porcentaje":0.6264875239923224}]}}},{"ccaa":"Melilla","dosisAdministradas":14706,"dosisEntregadas":17170,"dosisEntregadasModerna":1200,"dosisEntregadasPfizer":10170,"dosisEntregadasAstrazeneca":5800,"dosisPautaCompletada":3857,"porcentajeEntregadas":0.8564938846825859,"porcentajePoblacionAdministradas":0.16888694933161835,"porcentajePoblacionCompletas":0.04429463916578621,"fechaUltRegistro":1618264756000,"etarios":{"unaDosis":{"etarioTotal":{"vacunados":10849,"personasINE":66178,"porcentaje":0.1639366556861797},"etarioRangos":[{"rango":{"min":16,"max":17},"vacunados":6,"personasINE":2324,"porcentaje":0.0025817555938037868},{"rango":{"min":18,"max":24},"vacunados":193,"personasINE":8536,"porcentaje":0.02261012183692596},{"rango":{"min":25,"max":49},"vacunados":3233,"personasINE":30095,"porcentaje":0.10742648280445256},{"rango":{"min":50,"max":59},"vacunados":1531,"personasINE":11299,"porcentaje":0.13549871670059296},{"rango":{"min":60,"max":69},"vacunados":1893,"personasINE":7827,"porcentaje":0.24185511690302797},{"rango":{"min":70,"max":79},"vacunados":2314,"personasINE":3748,"porcentaje":0.6173959445037354},{"rango":{"min":80,"max":null},"vacunados":1679,"personasINE":2349,"porcentaje":0.7147722435078757}]},"pautaCompleta":{"etarioTotal":{"vacunados":3857,"personasINE":66178,"porcentaje":0.05828220858895705},"etarioRangos":[{"rango":{"min":16,"max":17},"vacunados":6,"personasINE":2324,"porcentaje":0.0025817555938037868},{"rango":{"min":18,"max":24},"vacunados":58,"personasINE":8536,"porcentaje":0.006794751640112465},{"rango":{"min":25,"max":49},"vacunados":830,"personasINE":30095,"porcentaje":0.027579332114969265},{"rango":{"min":50,"max":59},"vacunados":534,"personasINE":11299,"porcentaje":0.04726081954155235},{"rango":{"min":60,"max":69},"vacunados":342,"personasINE":7827,"porcentaje":0.04369490226140284},{"rango":{"min":70,"max":79},"vacunados":706,"personasINE":3748,"porcentaje":0.18836712913553896},{"rango":{"min":80,"max":null},"vacunados":1381,"personasINE":2349,"porcentaje":0.587909748829289}]}}},{"ccaa":"Fuerzas Armadas","dosisAdministradas":69125,"dosisEntregadas":85600,"dosisEntregadasModerna":0,"dosisEntregadasPfizer":19500,"dosisEntregadasAstrazeneca":66100,"dosisPautaCompletada":5332,"porcentajeEntregadas":0.8075350467289719,"porcentajePoblacionAdministradas":null,"porcentajePoblacionCompletas":null,"fechaUltRegistro":1618264756000},{"ccaa":"Totales","dosisAdministradas":11436073,"dosisEntregadas":13591805,"dosisEntregadasModerna":1372500,"dosisEntregadasPfizer":8954205,"dosisEntregadasAstrazeneca":3265100,"dosisPautaCompletada":3185186,"porcentajeEntregadas":0.8413947227759668,"porcentajePoblacionAdministradas":0.24363172134639965,"porcentajePoblacionCompletas":0.06785654026416703,"fechaUltRegistro":null,"etarios":{"unaDosis":{"etarioTotal":{"vacunados":8250887,"personasINE":40129822,"porcentaje":0.20560487410086195},"etarioRangos":[{"rango":{"min":16,"max":17},"vacunados":1331,"personasINE":949049,"porcentaje":0.0014024565644134286},{"rango":{"min":18,"max":24},"vacunados":173699,"personasINE":3310299,"porcentaje":0.05247229933006052},{"rango":{"min":25,"max":49},"vacunados":1837354,"personasINE":16706113,"porcentaje":0.10998093931245408},{"rango":{"min":50,"max":59},"vacunados":868505,"personasINE":7033306,"porcentaje":0.12348460311551922},{"rango":{"min":60,"max":69},"vacunados":1609291,"personasINE":5336986,"porcentaje":0.30153554834132973},{"rango":{"min":70,"max":79},"vacunados":1025197,"personasINE":3960045,"porcentaje":0.25888518943597866},{"rango":{"min":80,"max":null},"vacunados":2735510,"personasINE":2834024,"porcentaje":0.9652388264884136}]},"pautaCompleta":{"etarioTotal":{"vacunados":3185186,"personasINE":40129822,"porcentaje":0.0793720440623933},"etarioRangos":[{"rango":{"min":16,"max":17},"vacunados":902,"personasINE":949049,"porcentaje":0.0009504251097677781},{"rango":{"min":18,"max":24},"vacunados":71380,"personasINE":3310299,"porcentaje":0.021563006846209362},{"rango":{"min":25,"max":49},"vacunados":767121,"personasINE":16706113,"porcentaje":0.045918580821283805},{"rango":{"min":50,"max":59},"vacunados":422150,"personasINE":7033306,"porcentaje":0.0600215602733622},{"rango":{"min":60,"max":69},"vacunados":272238,"personasINE":5336986,"porcentaje":0.05100968973874018},{"rango":{"min":70,"max":79},"vacunados":121810,"personasINE":3960045,"porcentaje":0.0307597514674707},{"rango":{"min":80,"max":null},"vacunados":1529585,"personasINE":2834024,"porcentaje":0.539721964245892}]}}}]