[{"ccaa":"Andalucía","dosisAdministradas":4313832,"dosisEntregadas":4523240,"dosisEntregadasModerna":447000,"dosisEntregadasPfizer":2919240,"dosisEntregadasAstrazeneca":1054200,"dosisEntregadasJanssen":102800,"dosisPrimeraDosis":2953721,"dosisPautaCompletada":1407035,"porcentajeEntregadas":0.9537039821013256,"porcentajePoblacionAdministradas":0.5096434943908088,"porcentajePoblacionPrimeraDosis":0.3489576534031724,"porcentajePoblacionCompletas":0.16622952264487156,"fechaUltRegistro":1621900800000,"etarios":{"unaDosis":{"etarioTotal":{"vacunados":2953721,"personasINE":7062213,"porcentaje":0.41824297851112674},"etarioRangos":[{"rango":{"min":16,"max":17},"vacunados":505,"personasINE":181921,"porcentaje":0.002775930211465416},{"rango":{"min":18,"max":24},"vacunados":37728,"personasINE":625846,"porcentaje":0.060283200659587186},{"rango":{"min":25,"max":49},"vacunados":381554,"personasINE":3009381,"porcentaje":0.12678819996537494},{"rango":{"min":50,"max":59},"vacunados":659023,"personasINE":1265021,"porcentaje":0.520958150101856},{"rango":{"min":60,"max":69},"vacunados":808761,"personasINE":916147,"porcentaje":0.8827851862201154},{"rango":{"min":70,"max":79},"vacunados":636895,"personasINE":650381,"porcentaje":0.9792644619077125},{"rango":{"min":80,"max":null},"vacunados":429255,"personasINE":413516,"porcentaje":1}]},"pautaCompleta":{"etarioTotal":{"vacunados":1407035,"personasINE":7062213,"porcentaje":0.19923429100764872},"etarioRangos":[{"rango":{"min":16,"max":17},"vacunados":353,"personasINE":181921,"porcentaje":0.0019404027022718652},{"rango":{"min":18,"max":24},"vacunados":15781,"personasINE":625846,"porcentaje":0.025215468342052197},{"rango":{"min":25,"max":49},"vacunados":162036,"personasINE":3009381,"porcentaje":0.05384363096596941},{"rango":{"min":50,"max":59},"vacunados":94669,"personasINE":1265021,"porcentaje":0.07483591181490268},{"rango":{"min":60,"max":69},"vacunados":129483,"personasINE":916147,"porcentaje":0.1413343055208389},{"rango":{"min":70,"max":79},"vacunados":585829,"personasINE":650381,"porcentaje":0.9007474080577385},{"rango":{"min":80,"max":null},"vacunados":418884,"personasINE":413516,"porcentaje":1}]}}},{"ccaa":"Aragón","dosisAdministradas":782323,"dosisEntregadas":833865,"dosisEntregadasModerna":84500,"dosisEntregadasPfizer":567765,"dosisEntregadasAstrazeneca":165600,"dosisEntregadasJanssen":16000,"dosisPrimeraDosis":508875,"dosisPautaCompletada":282947,"porcentajeEntregadas":0.9381890353954178,"porcentajePoblacionAdministradas":0.5884822448775416,"porcentajePoblacionPrimeraDosis":0.38278805859224263,"porcentajePoblacionCompletas":0.2128395633790209,"fechaUltRegistro":1621900800000,"etarios":{"unaDosis":{"etarioTotal":{"vacunados":508875,"personasINE":1132764,"porcentaje":0.44923302647329894},"etarioRangos":[{"rango":{"min":16,"max":17},"vacunados":56,"personasINE":25106,"porcentaje":0.0022305424998008442},{"rango":{"min":18,"max":24},"vacunados":6637,"personasINE":89180,"porcentaje":0.07442251625925095},{"rango":{"min":25,"max":49},"vacunados":60779,"personasINE":446083,"porcentaje":0.13625042873187276},{"rango":{"min":50,"max":59},"vacunados":85309,"personasINE":198266,"porcentaje":0.4302754884851664},{"rango":{"min":60,"max":69},"vacunados":139850,"personasINE":156367,"porcentaje":0.8943702955227126},{"rango":{"min":70,"max":79},"vacunados":116070,"personasINE":118955,"porcentaje":0.9757471312681266},{"rango":{"min":80,"max":null},"vacunados":100174,"personasINE":98807,"porcentaje":1}]},"pautaCompleta":{"etarioTotal":{"vacunados":282947,"personasINE":1132764,"porcentaje":0.24978459767436112},"etarioRangos":[{"rango":{"min":16,"max":17},"vacunados":31,"personasINE":25106,"porcentaje":0.001234764598104039},{"rango":{"min":18,"max":24},"vacunados":1725,"personasINE":89180,"porcentaje":0.01934290199596322},{"rango":{"min":25,"max":49},"vacunados":25258,"personasINE":446083,"porcentaje":0.056621749764057365},{"rango":{"min":50,"max":59},"vacunados":16783,"personasINE":198266,"porcentaje":0.08464890601515136},{"rango":{"min":60,"max":69},"vacunados":33459,"personasINE":156367,"porcentaje":0.21397737374254158},{"rango":{"min":70,"max":79},"vacunados":107844,"personasINE":118955,"porcentaje":0.9065949308562061},{"rango":{"min":80,"max":null},"vacunados":97847,"personasINE":98807,"porcentaje":0.9902840891839647}]}}},{"ccaa":"Asturias","dosisAdministradas":718289,"dosisEntregadas":733385,"dosisEntregadasModerna":73600,"dosisEntregadasPfizer":520385,"dosisEntregadasAstrazeneca":127000,"dosisEntregadasJanssen":12400,"dosisPrimeraDosis":465035,"dosisPautaCompletada":260964,"porcentajeEntregadas":0.9794159956912126,"porcentajePoblacionAdministradas":0.7050454267047774,"porcentajePoblacionPrimeraDosis":0.4564608395891573,"porcentajePoblacionCompletas":0.25615243270408644,"fechaUltRegistro":1621900800000,"etarios":{"unaDosis":{"etarioTotal":{"vacunados":465035,"personasINE":901209,"porcentaje":0.516012378926531},"etarioRangos":[{"rango":{"min":16,"max":17},"vacunados":43,"personasINE":15563,"porcentaje":0.002762963438925657},{"rango":{"min":18,"max":24},"vacunados":4534,"personasINE":54179,"porcentaje":0.08368556082615035},{"rango":{"min":25,"max":49},"vacunados":44949,"personasINE":322095,"porcentaje":0.1395519955292693},{"rango":{"min":50,"max":59},"vacunados":81325,"personasINE":162645,"porcentaje":0.5000153708998125},{"rango":{"min":60,"max":69},"vacunados":134066,"personasINE":149652,"porcentaje":0.8958517092989068},{"rango":{"min":70,"max":79},"vacunados":112140,"personasINE":109249,"porcentaje":1},{"rango":{"min":80,"max":null},"vacunados":87978,"personasINE":87826,"porcentaje":1}]},"pautaCompleta":{"etarioTotal":{"vacunados":260964,"personasINE":901209,"porcentaje":0.2895710096104233},"etarioRangos":[{"rango":{"min":16,"max":17},"vacunados":36,"personasINE":15563,"porcentaje":0.0023131786930540386},{"rango":{"min":18,"max":24},"vacunados":3757,"personasINE":54179,"porcentaje":0.06934421085660496},{"rango":{"min":25,"max":49},"vacunados":33956,"personasINE":322095,"porcentaje":0.1054223132926621},{"rango":{"min":50,"max":59},"vacunados":20480,"personasINE":162645,"porcentaje":0.12591841126379538},{"rango":{"min":60,"max":69},"vacunados":18605,"personasINE":149652,"porcentaje":0.1243217598161067},{"rango":{"min":70,"max":79},"vacunados":98127,"personasINE":109249,"porcentaje":0.8981958644930388},{"rango":{"min":80,"max":null},"vacunados":86003,"personasINE":87826,"porcentaje":0.9792430487554938}]}}},{"ccaa":"Baleares","dosisAdministradas":509268,"dosisEntregadas":555630,"dosisEntregadasModerna":54800,"dosisEntregadasPfizer":340830,"dosisEntregadasAstrazeneca":145800,"dosisEntregadasJanssen":14200,"dosisPrimeraDosis":367036,"dosisPautaCompletada":149997,"porcentajeEntregadas":0.9165595810161439,"porcentajePoblacionAdministradas":0.43469851298671924,"porcentajePoblacionPrimeraDosis":0.3132928112753864,"porcentajePoblacionCompletas":0.12803371280439557,"fechaUltRegistro":1621900800000,"etarios":{"unaDosis":{"etarioTotal":{"vacunados":367036,"personasINE":986279,"porcentaje":0.3721421626132159},"etarioRangos":[{"rango":{"min":16,"max":17},"vacunados":41,"personasINE":23300,"porcentaje":0.001759656652360515},{"rango":{"min":18,"max":24},"vacunados":4379,"personasINE":85839,"porcentaje":0.05101410780647491},{"rango":{"min":25,"max":49},"vacunados":50156,"personasINE":464054,"porcentaje":0.1080822490486021},{"rango":{"min":50,"max":59},"vacunados":93082,"personasINE":165797,"porcentaje":0.5614214973732938},{"rango":{"min":60,"max":69},"vacunados":93635,"personasINE":117231,"porcentaje":0.798722180993082},{"rango":{"min":70,"max":79},"vacunados":75535,"personasINE":80516,"porcentaje":0.9381365194495505},{"rango":{"min":80,"max":null},"vacunados":50208,"personasINE":49542,"porcentaje":1}]},"pautaCompleta":{"etarioTotal":{"vacunados":149997,"personasINE":986279,"porcentaje":0.15208374101040376},"etarioRangos":[{"rango":{"min":16,"max":17},"vacunados":35,"personasINE":23300,"porcentaje":0.0015021459227467812},{"rango":{"min":18,"max":24},"vacunados":1522,"personasINE":85839,"porcentaje":0.01773086825335803},{"rango":{"min":25,"max":49},"vacunados":20419,"personasINE":464054,"porcentaje":0.04400134467109431},{"rango":{"min":50,"max":59},"vacunados":10207,"personasINE":165797,"porcentaje":0.06156323697051213},{"rango":{"min":60,"max":69},"vacunados":6503,"personasINE":117231,"porcentaje":0.05547167558069111},{"rango":{"min":70,"max":79},"vacunados":62766,"personasINE":80516,"porcentaje":0.7795469223508371},{"rango":{"min":80,"max":null},"vacunados":48545,"personasINE":49542,"porcentaje":0.9798756610552662}]}}},{"ccaa":"Canarias","dosisAdministradas":976954,"dosisEntregadas":1112360,"dosisEntregadasModerna":104800,"dosisEntregadasPfizer":710160,"dosisEntregadasAstrazeneca":271000,"dosisEntregadasJanssen":26400,"dosisPrimeraDosis":695028,"dosisPautaCompletada":304895,"porcentajeEntregadas":0.8782714229206372,"porcentajePoblacionAdministradas":0.4489777348029736,"porcentajePoblacionPrimeraDosis":0.3194132958815268,"porcentajePoblacionCompletas":0.14012027838849386,"fechaUltRegistro":1621900800000,"etarios":{"unaDosis":{"etarioTotal":{"vacunados":695028,"personasINE":1871033,"porcentaje":0.37146752622749035},"etarioRangos":[{"rango":{"min":16,"max":17},"vacunados":75,"personasINE":44352,"porcentaje":0.001691017316017316},{"rango":{"min":18,"max":24},"vacunados":7778,"personasINE":163899,"porcentaje":0.04745605525354029},{"rango":{"min":25,"max":49},"vacunados":101939,"personasINE":832411,"porcentaje":0.12246234131937228},{"rango":{"min":50,"max":59},"vacunados":156219,"personasINE":350512,"porcentaje":0.4456880220933948},{"rango":{"min":60,"max":69},"vacunados":194638,"personasINE":235092,"porcentaje":0.8279226855869192},{"rango":{"min":70,"max":79},"vacunados":144187,"personasINE":154531,"porcentaje":0.9330619746199792},{"rango":{"min":80,"max":null},"vacunados":90192,"personasINE":90236,"porcentaje":0.9995123897335875}]},"pautaCompleta":{"etarioTotal":{"vacunados":304895,"personasINE":1871033,"porcentaje":0.16295543691639858},"etarioRangos":[{"rango":{"min":16,"max":17},"vacunados":56,"personasINE":44352,"porcentaje":0.0012626262626262627},{"rango":{"min":18,"max":24},"vacunados":2892,"personasINE":163899,"porcentaje":0.01764501308732817},{"rango":{"min":25,"max":49},"vacunados":39654,"personasINE":832411,"porcentaje":0.047637525212905645},{"rango":{"min":50,"max":59},"vacunados":32532,"personasINE":350512,"porcentaje":0.0928127995617839},{"rango":{"min":60,"max":69},"vacunados":19273,"personasINE":235092,"porcentaje":0.08198067139672979},{"rango":{"min":70,"max":79},"vacunados":124690,"personasINE":154531,"porcentaje":0.8068931152972543},{"rango":{"min":80,"max":null},"vacunados":85798,"personasINE":90236,"porcentaje":0.9508178554013919}]}}},{"ccaa":"Cantabria","dosisAdministradas":340603,"dosisEntregadas":368635,"dosisEntregadasModerna":36900,"dosisEntregadasPfizer":252285,"dosisEntregadasAstrazeneca":72500,"dosisEntregadasJanssen":6950,"dosisPrimeraDosis":225682,"dosisPautaCompletada":118973,"porcentajeEntregadas":0.9239573019382316,"porcentajePoblacionAdministradas":0.5843199149089474,"porcentajePoblacionPrimeraDosis":0.3871677202974756,"porcentajePoblacionCompletas":0.20410358463214417,"fechaUltRegistro":1621900800000,"etarios":{"unaDosis":{"etarioTotal":{"vacunados":225682,"personasINE":501384,"porcentaje":0.45011807317345587},"etarioRangos":[{"rango":{"min":16,"max":17},"vacunados":9,"personasINE":10791,"porcentaje":0.0008340283569641367},{"rango":{"min":18,"max":24},"vacunados":1778,"personasINE":34935,"porcentaje":0.050894518391298126},{"rango":{"min":25,"max":49},"vacunados":25326,"personasINE":194241,"porcentaje":0.13038441935533693},{"rango":{"min":50,"max":59},"vacunados":32793,"personasINE":89964,"porcentaje":0.3645124716553288},{"rango":{"min":60,"max":69},"vacunados":68720,"personasINE":77345,"porcentaje":0.8884866507207965},{"rango":{"min":70,"max":79},"vacunados":55119,"personasINE":53066,"porcentaje":1},{"rango":{"min":80,"max":null},"vacunados":41937,"personasINE":41042,"porcentaje":1}]},"pautaCompleta":{"etarioTotal":{"vacunados":118973,"personasINE":501384,"porcentaje":0.2372891835399614},"etarioRangos":[{"rango":{"min":16,"max":17},"vacunados":5,"personasINE":10791,"porcentaje":0.0004633490872022982},{"rango":{"min":18,"max":24},"vacunados":739,"personasINE":34935,"porcentaje":0.02115357091741806},{"rango":{"min":25,"max":49},"vacunados":12546,"personasINE":194241,"porcentaje":0.06458986516749811},{"rango":{"min":50,"max":59},"vacunados":7260,"personasINE":89964,"porcentaje":0.08069894624516473},{"rango":{"min":60,"max":69},"vacunados":6922,"personasINE":77345,"porcentaje":0.08949511927079966},{"rango":{"min":70,"max":79},"vacunados":50262,"personasINE":53066,"porcentaje":0.9471601402027664},{"rango":{"min":80,"max":null},"vacunados":41239,"personasINE":41042,"porcentaje":1}]}}},{"ccaa":"Castilla y Leon","dosisAdministradas":1572535,"dosisEntregadas":1726505,"dosisEntregadasModerna":180200,"dosisEntregadasPfizer":1218855,"dosisEntregadasAstrazeneca":298300,"dosisEntregadasJanssen":29150,"dosisPrimeraDosis":986612,"dosisPautaCompletada":605433,"porcentajeEntregadas":0.9108198354479136,"porcentajePoblacionAdministradas":0.6566132953195057,"porcentajePoblacionPrimeraDosis":0.4119606600309489,"porcentajePoblacionCompletas":0.25279905199259434,"fechaUltRegistro":1621900800000,"etarios":{"unaDosis":{"etarioTotal":{"vacunados":986612,"personasINE":2092873,"porcentaje":0.4714151312573673},"etarioRangos":[{"rango":{"min":16,"max":17},"vacunados":112,"personasINE":40684,"porcentaje":0.0027529249827942187},{"rango":{"min":18,"max":24},"vacunados":9017,"personasINE":144422,"porcentaje":0.062435086067219675},{"rango":{"min":25,"max":49},"vacunados":98569,"personasINE":738950,"porcentaje":0.13339062182826983},{"rango":{"min":50,"max":59},"vacunados":106161,"personasINE":381175,"porcentaje":0.2785098707942546},{"rango":{"min":60,"max":69},"vacunados":298507,"personasINE":318575,"porcentaje":0.9370069842266342},{"rango":{"min":70,"max":79},"vacunados":246575,"personasINE":245410,"porcentaje":1},{"rango":{"min":80,"max":null},"vacunados":227671,"personasINE":223657,"porcentaje":1}]},"pautaCompleta":{"etarioTotal":{"vacunados":605433,"personasINE":2092873,"porcentaje":0.28928320065288243},"etarioRangos":[{"rango":{"min":16,"max":17},"vacunados":105,"personasINE":40684,"porcentaje":0.00258086717136958},{"rango":{"min":18,"max":24},"vacunados":3039,"personasINE":144422,"porcentaje":0.021042500450069935},{"rango":{"min":25,"max":49},"vacunados":46161,"personasINE":738950,"porcentaje":0.06246836727789431},{"rango":{"min":50,"max":59},"vacunados":36295,"personasINE":381175,"porcentaje":0.09521873155374828},{"rango":{"min":60,"max":69},"vacunados":59775,"personasINE":318575,"porcentaje":0.1876324256454524},{"rango":{"min":70,"max":79},"vacunados":236426,"personasINE":245410,"porcentaje":0.963391874821727},{"rango":{"min":80,"max":null},"vacunados":223632,"personasINE":223657,"porcentaje":0.9998882216966158}]}}},{"ccaa":"Castilla La Mancha","dosisAdministradas":1127903,"dosisEntregadas":1197380,"dosisEntregadasModerna":121100,"dosisEntregadasPfizer":797805,"dosisEntregadasAstrazeneca":253800,"dosisEntregadasJanssen":24675,"dosisPrimeraDosis":761594,"dosisPautaCompletada":386322,"porcentajeEntregadas":0.9419758138602615,"porcentajePoblacionAdministradas":0.5514822114578327,"porcentajePoblacionPrimeraDosis":0.372377361664094,"porcentajePoblacionCompletas":0.18889010038523954,"fechaUltRegistro":1621900800000},{"ccaa":"Cataluña","dosisAdministradas":3934853,"dosisEntregadas":4353830,"dosisEntregadasModerna":437200,"dosisEntregadasPfizer":2853080,"dosisEntregadasAstrazeneca":969100,"dosisEntregadasJanssen":94450,"dosisPrimeraDosis":2736602,"dosisPautaCompletada":1236983,"porcentajeEntregadas":0.9037681765250366,"porcentajePoblacionAdministradas":0.5057340299999524,"porcentajePoblacionPrimeraDosis":0.35172667389758394,"porcentajePoblacionCompletas":0.1589854557797791,"fechaUltRegistro":1621900800000,"etarios":{"unaDosis":{"etarioTotal":{"vacunados":2736602,"personasINE":6531658,"porcentaje":0.4189750902450802},"etarioRangos":[{"rango":{"min":16,"max":17},"vacunados":757,"personasINE":159864,"porcentaje":0.004735274983736176},{"rango":{"min":18,"max":24},"vacunados":46600,"personasINE":556316,"porcentaje":0.08376534199987058},{"rango":{"min":25,"max":49},"vacunados":345613,"personasINE":2803626,"porcentaje":0.12327357500608141},{"rango":{"min":50,"max":59},"vacunados":602928,"personasINE":1091780,"porcentaje":0.5522431259044862},{"rango":{"min":60,"max":69},"vacunados":692634,"personasINE":837584,"porcentaje":0.8269427305201628},{"rango":{"min":70,"max":79},"vacunados":595658,"personasINE":635292,"porcentaje":0.9376129401912822},{"rango":{"min":80,"max":null},"vacunados":452412,"personasINE":447196,"porcentaje":1}]},"pautaCompleta":{"etarioTotal":{"vacunados":1236983,"personasINE":6531658,"porcentaje":0.18938269578719522},"etarioRangos":[{"rango":{"min":16,"max":17},"vacunados":380,"personasINE":159864,"porcentaje":0.0023770204673972876},{"rango":{"min":18,"max":24},"vacunados":21312,"personasINE":556316,"porcentaje":0.038309162418481583},{"rango":{"min":25,"max":49},"vacunados":156084,"personasINE":2803626,"porcentaje":0.05567219022794053},{"rango":{"min":50,"max":59},"vacunados":89281,"personasINE":1091780,"porcentaje":0.08177563245342469},{"rango":{"min":60,"max":69},"vacunados":72709,"personasINE":837584,"porcentaje":0.08680800970410132},{"rango":{"min":70,"max":79},"vacunados":458081,"personasINE":635292,"porcentaje":0.7210558294453574},{"rango":{"min":80,"max":null},"vacunados":439136,"personasINE":447196,"porcentaje":0.981976582974803}]}}},{"ccaa":"C. Valenciana","dosisAdministradas":2565940,"dosisEntregadas":2747170,"dosisEntregadasModerna":272700,"dosisEntregadasPfizer":1783270,"dosisEntregadasAstrazeneca":629800,"dosisEntregadasJanssen":61400,"dosisPrimeraDosis":1756168,"dosisPautaCompletada":854060,"porcentajeEntregadas":0.9340302929924249,"porcentajePoblacionAdministradas":0.5073681825255227,"porcentajePoblacionPrimeraDosis":0.34725042922651433,"porcentajePoblacionCompletas":0.168874903531551,"fechaUltRegistro":1621900800000,"etarios":{"unaDosis":{"etarioTotal":{"vacunados":1756168,"personasINE":4269305,"porcentaje":0.4113475144080828},"etarioRangos":[{"rango":{"min":16,"max":17},"vacunados":186,"personasINE":103049,"porcentaje":0.0018049665693019826},{"rango":{"min":18,"max":24},"vacunados":20941,"personasINE":352834,"porcentaje":0.05935085621000244},{"rango":{"min":25,"max":49},"vacunados":213663,"personasINE":1765967,"porcentaje":0.12098923705822362},{"rango":{"min":50,"max":59},"vacunados":294339,"personasINE":752334,"porcentaje":0.39123447830351943},{"rango":{"min":60,"max":69},"vacunados":510311,"personasINE":580728,"porcentaje":0.8787435770274552},{"rango":{"min":70,"max":79},"vacunados":423503,"personasINE":437862,"porcentaje":0.9672065627983246},{"rango":{"min":80,"max":null},"vacunados":293225,"personasINE":276531,"porcentaje":1}]},"pautaCompleta":{"etarioTotal":{"vacunados":854060,"personasINE":4269305,"porcentaje":0.20004661180215516},"etarioRangos":[{"rango":{"min":16,"max":17},"vacunados":135,"personasINE":103049,"porcentaje":0.0013100563809449873},{"rango":{"min":18,"max":24},"vacunados":6150,"personasINE":352834,"porcentaje":0.01743029299897402},{"rango":{"min":25,"max":49},"vacunados":74828,"personasINE":1765967,"porcentaje":0.04237225270913896},{"rango":{"min":50,"max":59},"vacunados":58330,"personasINE":752334,"porcentaje":0.07753205358258433},{"rango":{"min":60,"max":69},"vacunados":56185,"personasINE":580728,"porcentaje":0.09674925266217575},{"rango":{"min":70,"max":79},"vacunados":372069,"personasINE":437862,"porcentaje":0.849740329144799},{"rango":{"min":80,"max":null},"vacunados":286363,"personasINE":276531,"porcentaje":1}]}}},{"ccaa":"Extremadura","dosisAdministradas":635840,"dosisEntregadas":671305,"dosisEntregadasModerna":66700,"dosisEntregadasPfizer":459305,"dosisEntregadasAstrazeneca":132400,"dosisEntregadasJanssen":12900,"dosisPrimeraDosis":421742,"dosisPautaCompletada":221940,"porcentajeEntregadas":0.9471700642777873,"porcentajePoblacionAdministradas":0.5976012864818837,"porcentajePoblacionPrimeraDosis":0.39637890312569607,"porcentajePoblacionCompletas":0.20859277415983465,"fechaUltRegistro":1621900800000,"etarios":{"unaDosis":{"etarioTotal":{"vacunados":421742,"personasINE":911213,"porcentaje":0.4628358023864892},"etarioRangos":[{"rango":{"min":16,"max":17},"vacunados":71,"personasINE":20953,"porcentaje":0.003388536247792679},{"rango":{"min":18,"max":24},"vacunados":2781,"personasINE":76088,"porcentaje":0.036549784460098836},{"rango":{"min":25,"max":49},"vacunados":48648,"personasINE":351778,"porcentaje":0.13829176355542416},{"rango":{"min":50,"max":59},"vacunados":73611,"personasINE":169216,"porcentaje":0.43501205559757944},{"rango":{"min":60,"max":69},"vacunados":124023,"personasINE":125297,"porcentaje":0.9898321587907133},{"rango":{"min":70,"max":79},"vacunados":94781,"personasINE":91876,"porcentaje":1},{"rango":{"min":80,"max":null},"vacunados":77827,"personasINE":76005,"porcentaje":1}]},"pautaCompleta":{"etarioTotal":{"vacunados":221940,"personasINE":911213,"porcentaje":0.24356544518131326},"etarioRangos":[{"rango":{"min":16,"max":17},"vacunados":58,"personasINE":20953,"porcentaje":0.002768100033408104},{"rango":{"min":18,"max":24},"vacunados":1053,"personasINE":76088,"porcentaje":0.013839238776153928},{"rango":{"min":25,"max":49},"vacunados":21633,"personasINE":351778,"porcentaje":0.061496170880498496},{"rango":{"min":50,"max":59},"vacunados":17386,"personasINE":169216,"porcentaje":0.10274442133131619},{"rango":{"min":60,"max":69},"vacunados":17211,"personasINE":125297,"porcentaje":0.13736162877004238},{"rango":{"min":70,"max":79},"vacunados":88428,"personasINE":91876,"porcentaje":0.9624711567765248},{"rango":{"min":80,"max":null},"vacunados":76171,"personasINE":76005,"porcentaje":1}]}}},{"ccaa":"Galicia","dosisAdministradas":1761934,"dosisEntregadas":1832195,"dosisEntregadasModerna":182600,"dosisEntregadasPfizer":1280095,"dosisEntregadasAstrazeneca":336600,"dosisEntregadasJanssen":32900,"dosisPrimeraDosis":1170133,"dosisPautaCompletada":612386,"porcentajeEntregadas":0.961652007564697,"porcentajePoblacionAdministradas":0.6521288065558796,"porcentajePoblacionPrimeraDosis":0.4330908177046649,"porcentajePoblacionCompletas":0.22665693001640747,"fechaUltRegistro":1621900800000,"etarios":{"unaDosis":{"etarioTotal":{"vacunados":1170133,"personasINE":2362643,"porcentaje":0.49526441362491075},"etarioRangos":[{"rango":{"min":16,"max":17},"vacunados":43,"personasINE":44014,"porcentaje":0.0009769618757668015},{"rango":{"min":18,"max":24},"vacunados":6326,"personasINE":152745,"porcentaje":0.04141543094700317},{"rango":{"min":25,"max":49},"vacunados":104073,"personasINE":889004,"porcentaje":0.11706696482805477},{"rango":{"min":50,"max":59},"vacunados":212721,"personasINE":405889,"porcentaje":0.5240866345232317},{"rango":{"min":60,"max":69},"vacunados":323120,"personasINE":346927,"porcentaje":0.9313774944008394},{"rango":{"min":70,"max":79},"vacunados":284343,"personasINE":289762,"porcentaje":0.9812984449306672},{"rango":{"min":80,"max":null},"vacunados":239507,"personasINE":234302,"porcentaje":1}]},"pautaCompleta":{"etarioTotal":{"vacunados":612386,"personasINE":2362643,"porcentaje":0.25919531643164034},"etarioRangos":[{"rango":{"min":16,"max":17},"vacunados":35,"personasINE":44014,"porcentaje":0.0007952015267869314},{"rango":{"min":18,"max":24},"vacunados":1904,"personasINE":152745,"porcentaje":0.01246521981079577},{"rango":{"min":25,"max":49},"vacunados":44260,"personasINE":889004,"porcentaje":0.049786052706174554},{"rango":{"min":50,"max":59},"vacunados":28448,"personasINE":405889,"porcentaje":0.07008812754225908},{"rango":{"min":60,"max":69},"vacunados":26628,"personasINE":346927,"porcentaje":0.0767538992352858},{"rango":{"min":70,"max":79},"vacunados":274940,"personasINE":289762,"porcentaje":0.9488476749884388},{"rango":{"min":80,"max":null},"vacunados":236171,"personasINE":234302,"porcentaje":1}]}}},{"ccaa":"La Rioja","dosisAdministradas":183177,"dosisEntregadas":196445,"dosisEntregadasModerna":19500,"dosisEntregadasPfizer":133445,"dosisEntregadasAstrazeneca":39600,"dosisEntregadasJanssen":3900,"dosisPrimeraDosis":117954,"dosisPautaCompletada":68501,"porcentajeEntregadas":0.9324594670263942,"porcentajePoblacionAdministradas":0.5725820064142239,"porcentajePoblacionPrimeraDosis":0.36870533956000673,"porcentajePoblacionCompletas":0.21412317060209932,"fechaUltRegistro":1621900800000,"etarios":{"unaDosis":{"etarioTotal":{"vacunados":117954,"personasINE":270788,"porcentaje":0.4355953735025186},"etarioRangos":[{"rango":{"min":16,"max":17},"vacunados":10,"personasINE":6286,"porcentaje":0.001590836780146357},{"rango":{"min":18,"max":24},"vacunados":1457,"personasINE":21170,"porcentaje":0.06882380727444497},{"rango":{"min":25,"max":49},"vacunados":14353,"personasINE":107618,"porcentaje":0.1333698823616867},{"rango":{"min":50,"max":59},"vacunados":15498,"personasINE":47664,"porcentaje":0.3251510574018127},{"rango":{"min":60,"max":69},"vacunados":35173,"personasINE":37718,"porcentaje":0.9325255846015165},{"rango":{"min":70,"max":79},"vacunados":28250,"personasINE":28125,"porcentaje":1},{"rango":{"min":80,"max":null},"vacunados":23213,"personasINE":22207,"porcentaje":1}]},"pautaCompleta":{"etarioTotal":{"vacunados":68501,"personasINE":270788,"porcentaje":0.2529691123683472},"etarioRangos":[{"rango":{"min":16,"max":17},"vacunados":9,"personasINE":6286,"porcentaje":0.0014317531021317213},{"rango":{"min":18,"max":24},"vacunados":455,"personasINE":21170,"porcentaje":0.02149267831837506},{"rango":{"min":25,"max":49},"vacunados":5250,"personasINE":107618,"porcentaje":0.048783660725900874},{"rango":{"min":50,"max":59},"vacunados":5160,"personasINE":47664,"porcentaje":0.10825780463242698},{"rango":{"min":60,"max":69},"vacunados":7209,"personasINE":37718,"porcentaje":0.19112890397157856},{"rango":{"min":70,"max":79},"vacunados":27554,"personasINE":28125,"porcentaje":0.9796977777777778},{"rango":{"min":80,"max":null},"vacunados":22864,"personasINE":22207,"porcentaje":1}]}}},{"ccaa":"Madrid","dosisAdministradas":3362398,"dosisEntregadas":3648675,"dosisEntregadasModerna":364200,"dosisEntregadasPfizer":2357475,"dosisEntregadasAstrazeneca":844700,"dosisEntregadasJanssen":82300,"dosisPrimeraDosis":2291636,"dosisPautaCompletada":1117789,"porcentajeEntregadas":0.9215394629557305,"porcentajePoblacionAdministradas":0.49593710102585764,"porcentajePoblacionPrimeraDosis":0.3380049935928145,"porcentajePoblacionCompletas":0.16486835770738395,"fechaUltRegistro":1621900800000,"etarios":{"unaDosis":{"etarioTotal":{"vacunados":2291636,"personasINE":5695623,"porcentaje":0.4023503662373721},"etarioRangos":[{"rango":{"min":16,"max":17},"vacunados":427,"personasINE":135861,"porcentaje":0.0031429181295588872},{"rango":{"min":18,"max":24},"vacunados":31506,"personasINE":479716,"porcentaje":0.06567635851211967},{"rango":{"min":25,"max":49},"vacunados":319657,"personasINE":2513737,"porcentaje":0.12716405892899696},{"rango":{"min":50,"max":59},"vacunados":459570,"personasINE":972783,"porcentaje":0.47242807491496047},{"rango":{"min":60,"max":69},"vacunados":616571,"personasINE":703323,"porcentaje":0.8766541119798442},{"rango":{"min":70,"max":79},"vacunados":495567,"personasINE":526081,"porcentaje":0.9419975250959453},{"rango":{"min":80,"max":null},"vacunados":368338,"personasINE":364122,"porcentaje":1}]},"pautaCompleta":{"etarioTotal":{"vacunados":1117789,"personasINE":5695623,"porcentaje":0.19625403577448858},"etarioRangos":[{"rango":{"min":16,"max":17},"vacunados":257,"personasINE":135861,"porcentaje":0.0018916392489382531},{"rango":{"min":18,"max":24},"vacunados":15808,"personasINE":479716,"porcentaje":0.03295283042466793},{"rango":{"min":25,"max":49},"vacunados":126131,"personasINE":2513737,"porcentaje":0.0501766891285763},{"rango":{"min":50,"max":59},"vacunados":85380,"personasINE":972783,"porcentaje":0.08776880352555504},{"rango":{"min":60,"max":69},"vacunados":84796,"personasINE":703323,"porcentaje":0.12056480450660649},{"rango":{"min":70,"max":79},"vacunados":445946,"personasINE":526081,"porcentaje":0.8476755480619904},{"rango":{"min":80,"max":null},"vacunados":359471,"personasINE":364122,"porcentaje":0.9872268085971185}]}}},{"ccaa":"Murcia","dosisAdministradas":686702,"dosisEntregadas":788695,"dosisEntregadasModerna":77300,"dosisEntregadasPfizer":504995,"dosisEntregadasAstrazeneca":188100,"dosisEntregadasJanssen":18300,"dosisPrimeraDosis":455195,"dosisPautaCompletada":239287,"porcentajeEntregadas":0.870681315337361,"porcentajePoblacionAdministradas":0.4543930822874559,"porcentajePoblacionPrimeraDosis":0.30120410176734375,"porcentajePoblacionCompletas":0.158337033358456,"fechaUltRegistro":1621900800000,"etarios":{"unaDosis":{"etarioTotal":{"vacunados":455195,"personasINE":1237479,"porcentaje":0.36784058557761384},"etarioRangos":[{"rango":{"min":16,"max":17},"vacunados":132,"personasINE":34712,"porcentaje":0.0038027195206268728},{"rango":{"min":18,"max":24},"vacunados":7376,"personasINE":118667,"porcentaje":0.06215712877211019},{"rango":{"min":25,"max":49},"vacunados":63090,"personasINE":551265,"porcentaje":0.11444586541862807},{"rango":{"min":50,"max":59},"vacunados":89432,"personasINE":213256,"porcentaje":0.4193645196383689},{"rango":{"min":60,"max":69},"vacunados":124387,"personasINE":146909,"porcentaje":0.84669421206325},{"rango":{"min":70,"max":79},"vacunados":97993,"personasINE":102899,"porcentaje":0.9523221800017493},{"rango":{"min":80,"max":null},"vacunados":72785,"personasINE":69771,"porcentaje":1}]},"pautaCompleta":{"etarioTotal":{"vacunados":239287,"personasINE":1237479,"porcentaje":0.1933665136943738},"etarioRangos":[{"rango":{"min":16,"max":17},"vacunados":119,"personasINE":34712,"porcentaje":0.0034282092648075593},{"rango":{"min":18,"max":24},"vacunados":3019,"personasINE":118667,"porcentaje":0.02544093977264109},{"rango":{"min":25,"max":49},"vacunados":32369,"personasINE":551265,"porcentaje":0.0587176766165093},{"rango":{"min":50,"max":59},"vacunados":21796,"personasINE":213256,"porcentaje":0.10220579960235586},{"rango":{"min":60,"max":69},"vacunados":24198,"personasINE":146909,"porcentaje":0.16471421083800175},{"rango":{"min":70,"max":79},"vacunados":86784,"personasINE":102899,"porcentaje":0.8433901204093335},{"rango":{"min":80,"max":null},"vacunados":71002,"personasINE":69771,"porcentaje":1}]}}},{"ccaa":"Navarra","dosisAdministradas":373774,"dosisEntregadas":384945,"dosisEntregadasModerna":38800,"dosisEntregadasPfizer":255795,"dosisEntregadasAstrazeneca":82300,"dosisEntregadasJanssen":8050,"dosisPrimeraDosis":251369,"dosisPautaCompletada":130646,"porcentajeEntregadas":0.9709802699086882,"porcentajePoblacionAdministradas":0.5652989956094779,"porcentajePoblacionPrimeraDosis":0.3801726263125816,"porcentajePoblacionCompletas":0.1975901282068733,"fechaUltRegistro":1621900800000,"etarios":{"unaDosis":{"etarioTotal":{"vacunados":251369,"personasINE":552935,"porcentaje":0.454608588712959},"etarioRangos":[{"rango":{"min":16,"max":17},"vacunados":9,"personasINE":13906,"porcentaje":0.0006472026463397094},{"rango":{"min":18,"max":24},"vacunados":3655,"personasINE":48505,"porcentaje":0.07535305638593959},{"rango":{"min":25,"max":49},"vacunados":30024,"personasINE":223028,"porcentaje":0.1346198683573363},{"rango":{"min":50,"max":59},"vacunados":52553,"personasINE":96694,"porcentaje":0.5434980453802718},{"rango":{"min":60,"max":69},"vacunados":67660,"personasINE":73844,"porcentaje":0.9162558907968149},{"rango":{"min":70,"max":79},"vacunados":55223,"personasINE":55792,"porcentaje":0.9898014052193863},{"rango":{"min":80,"max":null},"vacunados":42245,"personasINE":41166,"porcentaje":1}]},"pautaCompleta":{"etarioTotal":{"vacunados":130646,"personasINE":552935,"porcentaje":0.23627732011900132},"etarioRangos":[{"rango":{"min":16,"max":17},"vacunados":8,"personasINE":13906,"porcentaje":0.0005752912411908529},{"rango":{"min":18,"max":24},"vacunados":1016,"personasINE":48505,"porcentaje":0.02094629419647459},{"rango":{"min":25,"max":49},"vacunados":13481,"personasINE":223028,"porcentaje":0.060445325250641176},{"rango":{"min":50,"max":59},"vacunados":12180,"personasINE":96694,"porcentaje":0.12596438248495254},{"rango":{"min":60,"max":69},"vacunados":10254,"personasINE":73844,"porcentaje":0.13886030009208603},{"rango":{"min":70,"max":79},"vacunados":52464,"personasINE":55792,"porcentaje":0.94034987094924},{"rango":{"min":80,"max":null},"vacunados":41243,"personasINE":41166,"porcentaje":1}]}}},{"ccaa":"País Vasco","dosisAdministradas":1285690,"dosisEntregadas":1364940,"dosisEntregadasModerna":136200,"dosisEntregadasPfizer":925290,"dosisEntregadasAstrazeneca":276500,"dosisEntregadasJanssen":26950,"dosisPrimeraDosis":900275,"dosisPautaCompletada":408544,"porcentajeEntregadas":0.9419388398024822,"porcentajePoblacionAdministradas":0.5790081891318367,"porcentajePoblacionPrimeraDosis":0.4054372340693824,"porcentajePoblacionCompletas":0.1839870587938594,"fechaUltRegistro":1621900800000,"etarios":{"unaDosis":{"etarioTotal":{"vacunados":900275,"personasINE":1898123,"porcentaje":0.47429750337570326},"etarioRangos":[{"rango":{"min":16,"max":17},"vacunados":37,"personasINE":41824,"porcentaje":0.0008846595256312165},{"rango":{"min":18,"max":24},"vacunados":12731,"personasINE":140323,"porcentaje":0.09072639553031221},{"rango":{"min":25,"max":49},"vacunados":99553,"personasINE":724849,"porcentaje":0.13734308800867492},{"rango":{"min":50,"max":59},"vacunados":156051,"personasINE":339977,"porcentaje":0.4590045797215694},{"rango":{"min":60,"max":69},"vacunados":261729,"personasINE":280119,"porcentaje":0.9343493301061334},{"rango":{"min":70,"max":79},"vacunados":208746,"personasINE":213081,"porcentaje":0.9796556239176651},{"rango":{"min":80,"max":null},"vacunados":161428,"personasINE":157950,"porcentaje":1}]},"pautaCompleta":{"etarioTotal":{"vacunados":408544,"personasINE":1898123,"porcentaje":0.21523578819707678},"etarioRangos":[{"rango":{"min":16,"max":17},"vacunados":15,"personasINE":41824,"porcentaje":0.000358645753634277},{"rango":{"min":18,"max":24},"vacunados":3975,"personasINE":140323,"porcentaje":0.028327501549995367},{"rango":{"min":25,"max":49},"vacunados":42386,"personasINE":724849,"porcentaje":0.05847562733755582},{"rango":{"min":50,"max":59},"vacunados":34369,"personasINE":339977,"porcentaje":0.10109213270309463},{"rango":{"min":60,"max":69},"vacunados":18746,"personasINE":280119,"porcentaje":0.06692155833770648},{"rango":{"min":70,"max":79},"vacunados":151809,"personasINE":213081,"porcentaje":0.7124473791656694},{"rango":{"min":80,"max":null},"vacunados":157244,"personasINE":157950,"porcentaje":0.9955302310857866}]}}},{"ccaa":"Ceuta","dosisAdministradas":35726,"dosisEntregadas":40060,"dosisEntregadasModerna":3800,"dosisEntregadasPfizer":24210,"dosisEntregadasAstrazeneca":11000,"dosisEntregadasJanssen":1050,"dosisPrimeraDosis":27799,"dosisPautaCompletada":8704,"porcentajeEntregadas":0.8918122815776336,"porcentajePoblacionAdministradas":0.42428920928243985,"porcentajePoblacionPrimeraDosis":0.33014655233842427,"porcentajePoblacionCompletas":0.10337046625970879,"fechaUltRegistro":1621900800000,"etarios":{"unaDosis":{"etarioTotal":{"vacunados":27799,"personasINE":66158,"porcentaje":0.42019105777079113},"etarioRangos":[{"rango":{"min":16,"max":17},"vacunados":8,"personasINE":2175,"porcentaje":0.0036781609195402297},{"rango":{"min":18,"max":24},"vacunados":435,"personasINE":7581,"porcentaje":0.05738029283735655},{"rango":{"min":25,"max":49},"vacunados":6343,"personasINE":30066,"porcentaje":0.21096920109093328},{"rango":{"min":50,"max":59},"vacunados":8725,"personasINE":11556,"porcentaje":0.7550190377293181},{"rango":{"min":60,"max":69},"vacunados":6247,"personasINE":7857,"porcentaje":0.7950871834033346},{"rango":{"min":70,"max":79},"vacunados":3706,"personasINE":4318,"porcentaje":0.8582677165354331},{"rango":{"min":80,"max":null},"vacunados":2335,"personasINE":2605,"porcentaje":0.8963531669865643}]},"pautaCompleta":{"etarioTotal":{"vacunados":8704,"personasINE":66158,"porcentaje":0.1315638320384534},"etarioRangos":[{"rango":{"min":16,"max":17},"vacunados":5,"personasINE":2175,"porcentaje":0.0022988505747126436},{"rango":{"min":18,"max":24},"vacunados":118,"personasINE":7581,"porcentaje":0.015565228861627754},{"rango":{"min":25,"max":49},"vacunados":1163,"personasINE":30066,"porcentaje":0.03868156721878534},{"rango":{"min":50,"max":59},"vacunados":707,"personasINE":11556,"porcentaje":0.061180339217722396},{"rango":{"min":60,"max":69},"vacunados":1022,"personasINE":7857,"porcentaje":0.130075092274405},{"rango":{"min":70,"max":79},"vacunados":3441,"personasINE":4318,"porcentaje":0.7968967114404817},{"rango":{"min":80,"max":null},"vacunados":2248,"personasINE":2605,"porcentaje":0.8629558541266794}]}}},{"ccaa":"Melilla","dosisAdministradas":33912,"dosisEntregadas":39960,"dosisEntregadasModerna":3700,"dosisEntregadasPfizer":24210,"dosisEntregadasAstrazeneca":11000,"dosisEntregadasJanssen":1050,"dosisPrimeraDosis":26586,"dosisPautaCompletada":8305,"porcentajeEntregadas":0.8486486486486486,"porcentajePoblacionAdministradas":0.38945289172676745,"porcentajePoblacionPrimeraDosis":0.3053194910193394,"porcentajePoblacionCompletas":0.09537645275391612,"fechaUltRegistro":1621900800000,"etarios":{"unaDosis":{"etarioTotal":{"vacunados":26586,"personasINE":66178,"porcentaje":0.4017347154643537},"etarioRangos":[{"rango":{"min":16,"max":17},"vacunados":7,"personasINE":2324,"porcentaje":0.0030120481927710845},{"rango":{"min":18,"max":24},"vacunados":299,"personasINE":8536,"porcentaje":0.03502811621368322},{"rango":{"min":25,"max":49},"vacunados":7449,"personasINE":30095,"porcentaje":0.24751619870410368},{"rango":{"min":50,"max":59},"vacunados":7757,"personasINE":11299,"porcentaje":0.6865209310558457},{"rango":{"min":60,"max":69},"vacunados":6116,"personasINE":7827,"porcentaje":0.7813977258208764},{"rango":{"min":70,"max":79},"vacunados":3063,"personasINE":3748,"porcentaje":0.8172358591248666},{"rango":{"min":80,"max":null},"vacunados":1895,"personasINE":2349,"porcentaje":0.8067262664963815}]},"pautaCompleta":{"etarioTotal":{"vacunados":8305,"personasINE":66178,"porcentaje":0.1254948774517211},"etarioRangos":[{"rango":{"min":16,"max":17},"vacunados":6,"personasINE":2324,"porcentaje":0.0025817555938037868},{"rango":{"min":18,"max":24},"vacunados":89,"personasINE":8536,"porcentaje":0.01042642924086223},{"rango":{"min":25,"max":49},"vacunados":1002,"personasINE":30095,"porcentaje":0.03329456720385446},{"rango":{"min":50,"max":59},"vacunados":688,"personasINE":11299,"porcentaje":0.06089034427825471},{"rango":{"min":60,"max":69},"vacunados":1921,"personasINE":7827,"porcentaje":0.2454324773220902},{"rango":{"min":70,"max":79},"vacunados":2807,"personasINE":3748,"porcentaje":0.7489327641408752},{"rango":{"min":80,"max":null},"vacunados":1792,"personasINE":2349,"porcentaje":0.7628778203490847}]}}},{"ccaa":"Fuerzas Armadas","dosisAdministradas":79211,"dosisEntregadas":91340,"dosisEntregadasModerna":3400,"dosisEntregadasPfizer":21840,"dosisEntregadasAstrazeneca":66100,"dosisEntregadasJanssen":0,"dosisPrimeraDosis":68689,"dosisPautaCompletada":10522,"porcentajeEntregadas":0.8672104225968907,"porcentajePoblacionAdministradas":null,"porcentajePoblacionPrimeraDosis":null,"porcentajePoblacionCompletas":null,"fechaUltRegistro":1621900800000},{"ccaa":"Totales","dosisAdministradas":25280864,"dosisEntregadas":27210560,"dosisEntregadasModerna":2709000,"dosisEntregadasPfizer":17950335,"dosisEntregadasAstrazeneca":5975400,"dosisEntregadasJanssen":575825,"dosisPrimeraDosis":17187731,"dosisPautaCompletada":8434233,"porcentajeEntregadas":0.9290828266672939,"porcentajePoblacionAdministradas":0.5385782701320835,"porcentajePoblacionPrimeraDosis":0.36616384746484876,"porcentajePoblacionCompletas":0.17968114614401365,"fechaUltRegistro":null,"etarios":{"unaDosis":{"etarioTotal":{"vacunados":17187731,"personasINE":40129822,"porcentaje":0.42830319556363844},"etarioRangos":[{"rango":{"min":16,"max":17},"vacunados":2638,"personasINE":949049,"porcentaje":0.0027796246558396877},{"rango":{"min":18,"max":24},"vacunados":220677,"personasINE":3310299,"porcentaje":0.06666376662651924},{"rango":{"min":25,"max":49},"vacunados":2152336,"personasINE":16706113,"porcentaje":0.12883523534169797},{"rango":{"min":50,"max":59},"vacunados":3368647,"personasINE":7033306,"porcentaje":0.47895641111022325},{"rango":{"min":60,"max":69},"vacunados":4711078,"personasINE":5336986,"porcentaje":0.8827225703796112},{"rango":{"min":70,"max":79},"vacunados":3832991,"personasINE":3960045,"porcentaje":0.9679160211563252},{"rango":{"min":80,"max":null},"vacunados":2899364,"personasINE":2834024,"porcentaje":1}]},"pautaCompleta":{"etarioTotal":{"vacunados":8434233,"personasINE":40129822,"porcentaje":0.21017369576172054},"etarioRangos":[{"rango":{"min":16,"max":17},"vacunados":1745,"personasINE":949049,"porcentaje":0.0018386827234420984},{"rango":{"min":18,"max":24},"vacunados":89243,"personasINE":3310299,"porcentaje":0.026959196133038134},{"rango":{"min":25,"max":49},"vacunados":905628,"personasINE":16706113,"porcentaje":0.05420937832756189},{"rango":{"min":50,"max":59},"vacunados":611341,"personasINE":7033306,"porcentaje":0.08692085912371793},{"rango":{"min":60,"max":69},"vacunados":622740,"personasINE":5336986,"porcentaje":0.11668383615771148},{"rango":{"min":70,"max":79},"vacunados":3374194,"personasINE":3960045,"porcentaje":0.8520595094247666},{"rango":{"min":80,"max":null},"vacunados":2829342,"personasINE":2834024,"porcentaje":0.9983479321276038}]}}}]