[{"ccaa":"Andalucía","dosisAdministradas":9705376,"dosisEntregadas":9712680,"dosisEntregadasModerna":1011000,"dosisEntregadasPfizer":6419880,"dosisEntregadasAstrazeneca":1805800,"dosisEntregadasJanssen":476000,"dosisPrimeraDosis":5422317,"dosisPautaCompletada":4542412,"porcentajeEntregadas":0.9992479933447823,"porcentajePoblacionAdministradas":1.1466097286627503,"porcentajePoblacionPrimeraDosis":0.6406018091512806,"porcentajePoblacionCompletas":0.5366483267412228,"fechaUltRegistro":1627171200000,"etarios":{"unaDosis":{"etarioTotal":{"vacunados":5422317,"personasINE":7451975,"porcentaje":0.7276348887375494},"etarioRangos":[{"rango":{"min":12,"max":19},"vacunados":11992,"personasINE":752906.9999999999,"porcentaje":0.3628396247544881},{"rango":{"min":20,"max":29},"vacunados":336959,"personasINE":928672,"porcentaje":0.8375375600853071},{"rango":{"min":30,"max":39},"vacunados":759391,"personasINE":1140217,"porcentaje":0.8375375600853071},{"rango":{"min":40,"max":49},"vacunados":1160085,"personasINE":1385114,"porcentaje":0.8375375600853071},{"rango":{"min":50,"max":59},"vacunados":1167417,"personasINE":1265021,"porcentaje":0.9228439685981498},{"rango":{"min":60,"max":69},"vacunados":904218,"personasINE":916147,"porcentaje":0.9869791638241461},{"rango":{"min":70,"max":79},"vacunados":649864,"personasINE":650381,"porcentaje":0.9992050813292517},{"rango":{"min":80,"max":null},"vacunados":432391,"personasINE":432391,"porcentaje":1}]},"pautaCompleta":{"etarioTotal":{"vacunados":4542412,"personasINE":7451975,"porcentaje":0.6095581372723339},"etarioRangos":[{"rango":{"min":12,"max":19},"vacunados":5789,"personasINE":752907,"porcentaje":0.11759695565280315},{"rango":{"min":20,"max":29},"vacunados":109209,"personasINE":928672,"porcentaje":0.7682595078816618},{"rango":{"min":30,"max":39},"vacunados":408534,"personasINE":1140217,"porcentaje":0.7682595078816618},{"rango":{"min":40,"max":49},"vacunados":1064127,"personasINE":1385114,"porcentaje":0.7682595078816618},{"rango":{"min":50,"max":59},"vacunados":1103568,"personasINE":1265021,"porcentaje":0.8723712886979742},{"rango":{"min":60,"max":69},"vacunados":782172,"personasINE":916147,"porcentaje":0.8537625512063021},{"rango":{"min":70,"max":79},"vacunados":643569,"personasINE":650381,"porcentaje":0.989526139293737},{"rango":{"min":80,"max":null},"vacunados":425444,"personasINE":425444,"porcentaje":1}]}}},{"ccaa":"Aragón","dosisAdministradas":1560849,"dosisEntregadas":1614735,"dosisEntregadasModerna":153300,"dosisEntregadasPfizer":1118835,"dosisEntregadasAstrazeneca":285700,"dosisEntregadasJanssen":56900,"dosisPrimeraDosis":901377,"dosisPautaCompletada":746221,"porcentajeEntregadas":0.9666285799217829,"porcentajePoblacionAdministradas":1.1741082947003554,"porcentajePoblacionPrimeraDosis":0.6780375374889706,"porcentajePoblacionCompletas":0.561325449021394,"fechaUltRegistro":1627084800000,"etarios":{"unaDosis":{"etarioTotal":{"vacunados":901377,"personasINE":1185134,"porcentaje":0.7605696908535238},"etarioRangos":[{"rango":{"min":12,"max":19},"vacunados":16185,"personasINE":103109.00000000001,"porcentaje":0.4488309138733599},{"rango":{"min":20,"max":29},"vacunados":58528,"personasINE":130401,"porcentaje":0.8132249014855101},{"rango":{"min":30,"max":39},"vacunados":103369,"personasINE":164286,"porcentaje":0.8132249014855101},{"rango":{"min":40,"max":49},"vacunados":174797,"personasINE":214943,"porcentaje":0.8132249014855101},{"rango":{"min":50,"max":59},"vacunados":178166,"personasINE":198266,"porcentaje":0.8986210444554286},{"rango":{"min":60,"max":69},"vacunados":150915,"personasINE":156367,"porcentaje":0.9651333081788357},{"rango":{"min":70,"max":79},"vacunados":118520,"personasINE":118955,"porcentaje":0.9963431549745703},{"rango":{"min":80,"max":null},"vacunados":100897,"personasINE":100897,"porcentaje":1}]},"pautaCompleta":{"etarioTotal":{"vacunados":746221,"personasINE":1185134,"porcentaje":0.6296511618095506},"etarioRangos":[{"rango":{"min":12,"max":19},"vacunados":6465,"personasINE":103109,"porcentaje":0.2126900867324637},{"rango":{"min":20,"max":29},"vacunados":27735,"personasINE":130401,"porcentaje":0.7535253532331827},{"rango":{"min":30,"max":39},"vacunados":43443,"personasINE":164286,"porcentaje":0.7535253532331827},{"rango":{"min":40,"max":49},"vacunados":161965,"personasINE":214943,"porcentaje":0.7535253532331827},{"rango":{"min":50,"max":59},"vacunados":172936,"personasINE":198266,"porcentaje":0.8722423410973137},{"rango":{"min":60,"max":69},"vacunados":117026,"personasINE":156367,"porcentaje":0.7484059935919983},{"rango":{"min":70,"max":79},"vacunados":117453,"personasINE":118955,"porcentaje":0.9873733764869068},{"rango":{"min":80,"max":null},"vacunados":99198,"personasINE":99198,"porcentaje":1}]}}},{"ccaa":"Asturias","dosisAdministradas":1360571,"dosisEntregadas":1346465,"dosisEntregadasModerna":126400,"dosisEntregadasPfizer":940415,"dosisEntregadasAstrazeneca":235900,"dosisEntregadasJanssen":43750,"dosisPrimeraDosis":740234,"dosisPautaCompletada":666577,"porcentajeEntregadas":1.0104763213302983,"porcentajePoblacionAdministradas":1.3354852451550083,"porcentajePoblacionPrimeraDosis":0.726585812105412,"porcentajePoblacionCompletas":0.6542868753337312,"fechaUltRegistro":1627171200000,"etarios":{"unaDosis":{"etarioTotal":{"vacunados":740234,"personasINE":933927,"porcentaje":0.7926037045721989},"etarioRangos":[{"rango":{"min":12,"max":19},"vacunados":1850,"personasINE":64000,"porcentaje":0.35508336388112904},{"rango":{"min":20,"max":29},"vacunados":28091,"personasINE":79111,"porcentaje":0.840196894480607},{"rango":{"min":30,"max":39},"vacunados":75108,"personasINE":114451,"porcentaje":0.840196894480607},{"rango":{"min":40,"max":49},"vacunados":140307,"personasINE":166993,"porcentaje":0.840196894480607},{"rango":{"min":50,"max":59},"vacunados":147654,"personasINE":162645,"porcentaje":0.9078299363644747},{"rango":{"min":60,"max":69},"vacunados":144821,"personasINE":149652,"porcentaje":0.9677184401143988},{"rango":{"min":70,"max":79},"vacunados":113791,"personasINE":113791,"porcentaje":1},{"rango":{"min":80,"max":null},"vacunados":88612,"personasINE":88612,"porcentaje":1}]},"pautaCompleta":{"etarioTotal":{"vacunados":666577,"personasINE":933927,"porcentaje":0.7137356559988093},"etarioRangos":[{"rango":{"min":12,"max":19},"vacunados":596,"personasINE":64000,"porcentaje":0.1308414759009493},{"rango":{"min":20,"max":29},"vacunados":10351,"personasINE":79111,"porcentaje":0.7948357116765373},{"rango":{"min":30,"max":39},"vacunados":45037,"personasINE":114451,"porcentaje":0.7948357116765373},{"rango":{"min":40,"max":49},"vacunados":132732,"personasINE":166993,"porcentaje":0.7948357116765373},{"rango":{"min":50,"max":59},"vacunados":144741,"personasINE":162645,"porcentaje":0.8899197639029789},{"rango":{"min":60,"max":69},"vacunados":132850,"personasINE":149652,"porcentaje":0.8877261914307861},{"rango":{"min":70,"max":79},"vacunados":112748,"personasINE":112748,"porcentaje":1},{"rango":{"min":80,"max":null},"vacunados":87522,"personasINE":87826,"porcentaje":0.9965386104342677}]}}},{"ccaa":"Baleares","dosisAdministradas":1257184,"dosisEntregadas":1327260,"dosisEntregadasModerna":155000,"dosisEntregadasPfizer":860310,"dosisEntregadasAstrazeneca":256400,"dosisEntregadasJanssen":55550,"dosisPrimeraDosis":723999,"dosisPautaCompletada":603196,"porcentajeEntregadas":0.9472025074213041,"porcentajePoblacionAdministradas":1.0731010300091417,"porcentajePoblacionPrimeraDosis":0.6179875599956638,"porcentajePoblacionCompletas":0.5148731203208077,"fechaUltRegistro":1627171200000,"etarios":{"unaDosis":{"etarioTotal":{"vacunados":723999,"personasINE":1034867,"porcentaje":0.6996058430696892},"etarioRangos":[{"rango":{"min":12,"max":19},"vacunados":26716,"personasINE":95480,"porcentaje":0.5107001493381276},{"rango":{"min":20,"max":29},"vacunados":70447,"personasINE":137942,"porcentaje":0.7324660962691345},{"rango":{"min":30,"max":39},"vacunados":100491,"personasINE":182186.99999999997,"porcentaje":0.7324660962691345},{"rango":{"min":40,"max":49},"vacunados":151014,"personasINE":206172,"porcentaje":0.7324660962691345},{"rango":{"min":50,"max":59},"vacunados":141166,"personasINE":165797,"porcentaje":0.8514388076985712},{"rango":{"min":60,"max":69},"vacunados":105118,"personasINE":117231,"porcentaje":0.8966740879119004},{"rango":{"min":70,"max":79},"vacunados":78093,"personasINE":80516,"porcentaje":0.9699066024144269},{"rango":{"min":80,"max":null},"vacunados":50954,"personasINE":50954,"porcentaje":1}]},"pautaCompleta":{"etarioTotal":{"vacunados":603196,"personasINE":1034867,"porcentaje":0.5828729682171718},"etarioRangos":[{"rango":{"min":12,"max":19},"vacunados":6644,"personasINE":95480,"porcentaje":0.19586492873816533},{"rango":{"min":20,"max":29},"vacunados":27018,"personasINE":137942,"porcentaje":0.6916603612517703},{"rango":{"min":30,"max":39},"vacunados":68691,"personasINE":182187,"porcentaje":0.6916603612517703},{"rango":{"min":40,"max":49},"vacunados":142601,"personasINE":206172,"porcentaje":0.6916603612517703},{"rango":{"min":50,"max":59},"vacunados":137629,"personasINE":165797,"porcentaje":0.8301054904491637},{"rango":{"min":60,"max":69},"vacunados":92869,"personasINE":117231.00000000001,"porcentaje":0.7921880731205909},{"rango":{"min":70,"max":79},"vacunados":77506,"personasINE":80516,"porcentaje":0.9626161259873814},{"rango":{"min":80,"max":null},"vacunados":50238,"personasINE":50238,"porcentaje":1}]}}},{"ccaa":"Canarias","dosisAdministradas":2397701,"dosisEntregadas":2489830,"dosisEntregadasModerna":264700,"dosisEntregadasPfizer":1600530,"dosisEntregadasAstrazeneca":503700,"dosisEntregadasJanssen":120900,"dosisPrimeraDosis":1394342,"dosisPautaCompletada":1131543,"porcentajeEntregadas":0.962997875356952,"porcentajePoblacionAdministradas":1.1019089575505343,"porcentajePoblacionPrimeraDosis":0.6407963043302426,"porcentajePoblacionCompletas":0.5200220409273734,"fechaUltRegistro":1627171200000,"etarios":{"unaDosis":{"etarioTotal":{"vacunados":1394342,"personasINE":1960774,"porcentaje":0.7111181604815241},"etarioRangos":[{"rango":{"min":12,"max":19},"vacunados":21607,"personasINE":179797,"porcentaje":0.5269436102769436},{"rango":{"min":20,"max":29},"vacunados":132657,"personasINE":251748,"porcentaje":0.7498504861777049},{"rango":{"min":30,"max":39},"vacunados":185130,"personasINE":310934,"porcentaje":0.7498504861777049},{"rango":{"min":40,"max":49},"vacunados":290885,"personasINE":387924,"porcentaje":0.7498504861777049},{"rango":{"min":50,"max":59},"vacunados":306873,"personasINE":350512,"porcentaje":0.8754992696398411},{"rango":{"min":60,"max":69},"vacunados":216091,"personasINE":235092,"porcentaje":0.919176322460994},{"rango":{"min":70,"max":79},"vacunados":149111,"personasINE":154531,"porcentaje":0.9649261313264005},{"rango":{"min":80,"max":null},"vacunados":91988,"personasINE":91988,"porcentaje":1}]},"pautaCompleta":{"etarioTotal":{"vacunados":1131543,"personasINE":1960774,"porcentaje":0.5770899654932184},"etarioRangos":[{"rango":{"min":12,"max":19},"vacunados":2760,"personasINE":179797,"porcentaje":0.1593855760522427},{"rango":{"min":20,"max":29},"vacunados":40125,"personasINE":251748,"porcentaje":0.668071581031336},{"rango":{"min":30,"max":39},"vacunados":110286,"personasINE":310934,"porcentaje":0.668071581031336},{"rango":{"min":40,"max":49},"vacunados":259161,"personasINE":387924,"porcentaje":0.668071581031336},{"rango":{"min":50,"max":59},"vacunados":294622,"personasINE":350512,"porcentaje":0.8405475418815903},{"rango":{"min":60,"max":69},"vacunados":187189,"personasINE":235092,"porcentaje":0.7962372177700645},{"rango":{"min":70,"max":79},"vacunados":147108,"personasINE":154531,"porcentaje":0.9519643307815261},{"rango":{"min":80,"max":null},"vacunados":90292,"personasINE":90292,"porcentaje":1}]}}},{"ccaa":"Cantabria","dosisAdministradas":687693,"dosisEntregadas":715755,"dosisEntregadasModerna":67300,"dosisEntregadasPfizer":493305,"dosisEntregadasAstrazeneca":130200,"dosisEntregadasJanssen":24950,"dosisPrimeraDosis":380582,"dosisPautaCompletada":327726,"porcentajeEntregadas":0.9607938470566045,"porcentajePoblacionAdministradas":1.1797685729235468,"porcentajePoblacionPrimeraDosis":0.6529057050462769,"porcentajePoblacionCompletas":0.5622288366028769,"fechaUltRegistro":1627171200000,"etarios":{"unaDosis":{"etarioTotal":{"vacunados":380582,"personasINE":524127,"porcentaje":0.7261255382760285},"etarioRangos":[{"rango":{"min":12,"max":19},"vacunados":543,"personasINE":43963,"porcentaje":0.12614592614592615},{"rango":{"min":20,"max":29},"vacunados":6371,"personasINE":50505,"porcentaje":0.8281050230645706},{"rango":{"min":30,"max":39},"vacunados":37933,"personasINE":70473,"porcentaje":0.8281050230645706},{"rango":{"min":40,"max":49},"vacunados":80963,"personasINE":97769,"porcentaje":0.8281050230645706},{"rango":{"min":50,"max":59},"vacunados":81474,"personasINE":89964,"porcentaje":0.9056289182339603},{"rango":{"min":60,"max":69},"vacunados":75193,"personasINE":77345,"porcentaje":0.9721766112870903},{"rango":{"min":70,"max":79},"vacunados":55829,"personasINE":55829,"porcentaje":1},{"rango":{"min":80,"max":null},"vacunados":42276,"personasINE":42276,"porcentaje":1}]},"pautaCompleta":{"etarioTotal":{"vacunados":327726,"personasINE":524127,"porcentaje":0.6252797509000682},"etarioRangos":[{"rango":{"min":12,"max":19},"vacunados":193,"personasINE":43963,"porcentaje":0.10406890406890407},{"rango":{"min":20,"max":29},"vacunados":5256,"personasINE":50505,"porcentaje":0.6972455481798934},{"rango":{"min":30,"max":39},"vacunados":9879,"personasINE":70473,"porcentaje":0.6972455481798934},{"rango":{"min":40,"max":49},"vacunados":68169,"personasINE":97769,"porcentaje":0.6972455481798934},{"rango":{"min":50,"max":59},"vacunados":77047,"personasINE":89964,"porcentaje":0.8564203459161442},{"rango":{"min":60,"max":69},"vacunados":70027,"personasINE":77345,"porcentaje":0.9053849634753378},{"rango":{"min":70,"max":79},"vacunados":55397,"personasINE":55397,"porcentaje":1},{"rango":{"min":80,"max":null},"vacunados":41758,"personasINE":41758,"porcentaje":1}]}}},{"ccaa":"Castilla y Leon","dosisAdministradas":2957791,"dosisEntregadas":3125075,"dosisEntregadasModerna":305000,"dosisEntregadasPfizer":2202825,"dosisEntregadasAstrazeneca":514400,"dosisEntregadasJanssen":102850,"dosisPrimeraDosis":1650386,"dosisPautaCompletada":1449369,"porcentajeEntregadas":0.946470404710287,"porcentajePoblacionAdministradas":1.2350280886443712,"porcentajePoblacionPrimeraDosis":0.6891200450286815,"porcentajePoblacionCompletas":0.6051852297239404,"fechaUltRegistro":1627171200000,"etarios":{"unaDosis":{"etarioTotal":{"vacunados":1650386,"personasINE":2176253,"porcentaje":0.7583612750907178},"etarioRangos":[{"rango":{"min":12,"max":19},"vacunados":1650,"personasINE":165342,"porcentaje":0.2149891472280409},{"rango":{"min":20,"max":29},"vacunados":45364,"personasINE":211006,"porcentaje":0.8407839143419441},{"rango":{"min":30,"max":39},"vacunados":164658,"personasINE":267783,"porcentaje":0.8407839143419441},{"rango":{"min":40,"max":49},"vacunados":305461,"personasINE":363305,"porcentaje":0.8407839143419441},{"rango":{"min":50,"max":59},"vacunados":341716,"personasINE":381175,"porcentaje":0.8964806191381911},{"rango":{"min":60,"max":69},"vacunados":313474,"personasINE":318575,"porcentaje":0.9839880718826022},{"rango":{"min":70,"max":79},"vacunados":249322,"personasINE":249322,"porcentaje":1},{"rango":{"min":80,"max":null},"vacunados":228741,"personasINE":228741,"porcentaje":1}]},"pautaCompleta":{"etarioTotal":{"vacunados":1449369,"personasINE":2176253,"porcentaje":0.6659928785853483},"etarioRangos":[{"rango":{"min":12,"max":19},"vacunados":1128,"personasINE":165342,"porcentaje":0.1219680956939613},{"rango":{"min":20,"max":29},"vacunados":25736,"personasINE":211006,"porcentaje":0.7269594417913323},{"rango":{"min":30,"max":39},"vacunados":52976,"personasINE":267783,"porcentaje":0.7269594417913323},{"rango":{"min":40,"max":49},"vacunados":264108,"personasINE":363305,"porcentaje":0.7269594417913323},{"rango":{"min":50,"max":59},"vacunados":333696,"personasINE":381175,"porcentaje":0.875440414507772},{"rango":{"min":60,"max":69},"vacunados":298504,"personasINE":318575,"porcentaje":0.9369975672918465},{"rango":{"min":70,"max":79},"vacunados":247427,"personasINE":247427,"porcentaje":1},{"rango":{"min":80,"max":null},"vacunados":225794,"personasINE":225794,"porcentaje":1}]}}},{"ccaa":"Castilla La Mancha","dosisAdministradas":2346990,"dosisEntregadas":2434540,"dosisEntregadasModerna":240500,"dosisEntregadasPfizer":1643715,"dosisEntregadasAstrazeneca":460900,"dosisEntregadasJanssen":89425,"dosisPrimeraDosis":1344046,"dosisPautaCompletada":1076160,"porcentajeEntregadas":0.9640383809672464,"porcentajePoblacionAdministradas":1.1475483578547256,"porcentajePoblacionPrimeraDosis":0.6571641891023023,"porcentajePoblacionCompletas":0.5261827450432007,"fechaUltRegistro":1627171200000},{"ccaa":"Cataluña","dosisAdministradas":8694892,"dosisEntregadas":9044440,"dosisEntregadasModerna":895800,"dosisEntregadasPfizer":6056540,"dosisEntregadasAstrazeneca":1698100,"dosisEntregadasJanssen":394000,"dosisPrimeraDosis":4886723,"dosisPautaCompletada":4261807,"porcentajeEntregadas":0.9613521677406229,"porcentajePoblacionAdministradas":1.1175265687369633,"porcentajePoblacionPrimeraDosis":0.628074826755525,"porcentajePoblacionCompletas":0.5477563784954628,"fechaUltRegistro":1627171200000,"etarios":{"unaDosis":{"etarioTotal":{"vacunados":4886723,"personasINE":6868360,"porcentaje":0.7114832361728273},"etarioRangos":[{"rango":{"min":12,"max":19},"vacunados":108157,"personasINE":656166,"porcentaje":0.4473969973835875},{"rango":{"min":20,"max":29},"vacunados":375337,"personasINE":838935,"porcentaje":0.7766980189936624},{"rango":{"min":30,"max":39},"vacunados":567803,"personasINE":1044652,"porcentaje":0.7766980189936624},{"rango":{"min":40,"max":49},"vacunados":1022721,"personasINE":1316755,"porcentaje":0.7766980189936624},{"rango":{"min":50,"max":59},"vacunados":968030,"personasINE":1091780,"porcentaje":0.8866529886973566},{"rango":{"min":60,"max":69},"vacunados":774552,"personasINE":837584,"porcentaje":0.9247454583659669},{"rango":{"min":70,"max":79},"vacunados":613446,"personasINE":635292,"porcentaje":0.9656126631533216},{"rango":{"min":80,"max":null},"vacunados":456677,"personasINE":456677,"porcentaje":1}]},"pautaCompleta":{"etarioTotal":{"vacunados":4261807,"personasINE":6868360,"porcentaje":0.6204984887221986},"etarioRangos":[{"rango":{"min":12,"max":19},"vacunados":24418,"personasINE":656166,"porcentaje":0.18868446303944883},{"rango":{"min":20,"max":29},"vacunados":158294,"personasINE":838935,"porcentaje":0.7377826550876967},{"rango":{"min":30,"max":39},"vacunados":406408,"personasINE":1044651.9999999999,"porcentaje":0.7377826550876967},{"rango":{"min":40,"max":49},"vacunados":971479,"personasINE":1316755,"porcentaje":0.7377826550876967},{"rango":{"min":50,"max":59},"vacunados":908924,"personasINE":1091780,"porcentaje":0.8325157082928795},{"rango":{"min":60,"max":69},"vacunados":738089,"personasINE":837584,"porcentaje":0.8812119142677033},{"rango":{"min":70,"max":79},"vacunados":605263,"personasINE":635292,"porcentaje":0.9527319720695365},{"rango":{"min":80,"max":null},"vacunados":448932,"personasINE":448932,"porcentaje":1}]}}},{"ccaa":"C. Valenciana","dosisAdministradas":5476746,"dosisEntregadas":5757090,"dosisEntregadasModerna":573000,"dosisEntregadasPfizer":3867040,"dosisEntregadasAstrazeneca":1009800,"dosisEntregadasJanssen":307250,"dosisPrimeraDosis":3097327,"dosisPautaCompletada":2579421,"porcentajeEntregadas":0.9513045653272747,"porcentajePoblacionAdministradas":1.0829273732721445,"porcentajePoblacionPrimeraDosis":0.6124403418151748,"porcentajePoblacionCompletas":0.510033806222346,"fechaUltRegistro":1627171200000,"etarios":{"unaDosis":{"etarioTotal":{"vacunados":3097327,"personasINE":4488459,"porcentaje":0.6900646747580851},"etarioRangos":[{"rango":{"min":12,"max":19},"vacunados":4131,"personasINE":424531.00000000006,"porcentaje":0.13674180335809472},{"rango":{"min":20,"max":29},"vacunados":70576,"personasINE":516126.00000000006,"porcentaje":0.8366087826507654},{"rango":{"min":30,"max":39},"vacunados":333270,"personasINE":648759,"porcentaje":0.8366087826507654},{"rango":{"min":40,"max":49},"vacunados":712446,"personasINE":851588,"porcentaje":0.8366087826507654},{"rango":{"min":50,"max":59},"vacunados":698026,"personasINE":752334,"porcentaje":0.9278139762392767},{"rango":{"min":60,"max":69},"vacunados":551967,"personasINE":580728,"porcentaje":0.9504742323428524},{"rango":{"min":70,"max":79},"vacunados":431301,"personasINE":437862,"porcentaje":0.9850158269043672},{"rango":{"min":80,"max":null},"vacunados":295610,"personasINE":295610,"porcentaje":1}]},"pautaCompleta":{"etarioTotal":{"vacunados":2579421,"personasINE":4488459,"porcentaje":0.5746785255251301},"etarioRangos":[{"rango":{"min":12,"max":19},"vacunados":2351,"personasINE":424530.99999999994,"porcentaje":0.09999496247040451},{"rango":{"min":20,"max":29},"vacunados":51610,"personasINE":516126,"porcentaje":0.666486610896349},{"rango":{"min":30,"max":39},"vacunados":79916,"personasINE":648759,"porcentaje":0.666486610896349},{"rango":{"min":40,"max":49},"vacunados":567572,"personasINE":851588,"porcentaje":0.666486610896349},{"rango":{"min":50,"max":59},"vacunados":654764,"personasINE":752334,"porcentaje":0.8703102611340175},{"rango":{"min":60,"max":69},"vacunados":504128,"personasINE":580728,"porcentaje":0.8680965959967489},{"rango":{"min":70,"max":79},"vacunados":427665,"personasINE":437862,"porcentaje":0.9767118407169382},{"rango":{"min":80,"max":null},"vacunados":291415,"personasINE":291415,"porcentaje":1}]}}},{"ccaa":"Extremadura","dosisAdministradas":1318615,"dosisEntregadas":1294675,"dosisEntregadasModerna":121900,"dosisEntregadasPfizer":899225,"dosisEntregadasAstrazeneca":228000,"dosisEntregadasJanssen":45550,"dosisPrimeraDosis":737161,"dosisPautaCompletada":644942,"porcentajeEntregadas":1.018491127116844,"porcentajePoblacionAdministradas":1.2393149540360926,"porcentajePoblacionPrimeraDosis":0.6928289537372168,"porcentajePoblacionCompletas":0.606155902280761,"fechaUltRegistro":1627171200000,"etarios":{"unaDosis":{"etarioTotal":{"vacunados":737161,"personasINE":953437,"porcentaje":0.7731617296161152},"etarioRangos":[{"rango":{"min":12,"max":19},"vacunados":1279,"personasINE":84750,"porcentaje":0.31703141546064245},{"rango":{"min":20,"max":29},"vacunados":35926,"personasINE":113319.99999999999,"porcentaje":0.886503567532321},{"rango":{"min":30,"max":39},"vacunados":96152,"personasINE":133479,"porcentaje":0.886503567532321},{"rango":{"min":40,"max":49},"vacunados":141392,"personasINE":159494,"porcentaje":0.886503567532321},{"rango":{"min":50,"max":59},"vacunados":157949,"personasINE":169216,"porcentaje":0.9334164618003026},{"rango":{"min":60,"max":69},"vacunados":130831,"personasINE":130831,"porcentaje":1},{"rango":{"min":70,"max":79},"vacunados":95569,"personasINE":95569,"porcentaje":1},{"rango":{"min":80,"max":null},"vacunados":78063,"personasINE":78063,"porcentaje":1}]},"pautaCompleta":{"etarioTotal":{"vacunados":644942,"personasINE":953437,"porcentaje":0.6764390305809403},"etarioRangos":[{"rango":{"min":12,"max":19},"vacunados":485,"personasINE":84750,"porcentaje":0.1040504765266502},{"rango":{"min":20,"max":29},"vacunados":11791,"personasINE":113320,"porcentaje":0.836100417570567},{"rango":{"min":30,"max":39},"vacunados":50259,"personasINE":133479,"porcentaje":0.836100417570567},{"rango":{"min":40,"max":49},"vacunados":133353,"personasINE":159494,"porcentaje":0.836100417570567},{"rango":{"min":50,"max":59},"vacunados":155254,"personasINE":169216,"porcentaje":0.917490071860817},{"rango":{"min":60,"max":69},"vacunados":122159,"personasINE":125297,"porcentaje":0.974955505718413},{"rango":{"min":70,"max":79},"vacunados":94728,"personasINE":94728,"porcentaje":1},{"rango":{"min":80,"max":null},"vacunados":76913,"personasINE":76913,"porcentaje":1}]}}},{"ccaa":"Galicia","dosisAdministradas":3397700,"dosisEntregadas":3429905,"dosisEntregadasModerna":323400,"dosisEntregadasPfizer":2395105,"dosisEntregadasAstrazeneca":595400,"dosisEntregadasJanssen":116000,"dosisPrimeraDosis":1862443,"dosisPautaCompletada":1681335,"porcentajeEntregadas":0.9906105271137248,"porcentajePoblacionAdministradas":1.2575601844535107,"porcentajePoblacionPrimeraDosis":0.6893293000012214,"porcentajePoblacionCompletas":0.6222974225882637,"fechaUltRegistro":1627171200000,"etarios":{"unaDosis":{"etarioTotal":{"vacunados":1862443,"personasINE":2454497,"porcentaje":0.7587880531123077},"etarioRangos":[{"rango":{"min":12,"max":19},"vacunados":1033,"personasINE":180007,"porcentaje":0.10512985916590542},{"rango":{"min":20,"max":29},"vacunados":24283,"personasINE":230981,"porcentaje":0.8715945318475433},{"rango":{"min":30,"max":39},"vacunados":201334,"personasINE":323408,"porcentaje":0.8715945318475433},{"rango":{"min":40,"max":49},"vacunados":386309,"personasINE":443221,"porcentaje":0.8715945318475433},{"rango":{"min":50,"max":59},"vacunados":380559,"personasINE":405889,"porcentaje":0.937593775638167},{"rango":{"min":60,"max":69},"vacunados":338037,"personasINE":346927,"porcentaje":0.9743750126107221},{"rango":{"min":70,"max":79},"vacunados":289621,"personasINE":289762,"porcentaje":0.9995133937507333},{"rango":{"min":80,"max":null},"vacunados":241267,"personasINE":241267,"porcentaje":1}]},"pautaCompleta":{"etarioTotal":{"vacunados":1681335,"personasINE":2454497,"porcentaje":0.6850018557773752},"etarioRangos":[{"rango":{"min":12,"max":19},"vacunados":432,"personasINE":180007,"porcentaje":0.08817175438672445},{"rango":{"min":20,"max":29},"vacunados":20366,"personasINE":230981,"porcentaje":0.8223030948443327},{"rango":{"min":30,"max":39},"vacunados":67168,"personasINE":323408,"porcentaje":0.8223030948443327},{"rango":{"min":40,"max":49},"vacunados":364462,"personasINE":443221,"porcentaje":0.8223030948443327},{"rango":{"min":50,"max":59},"vacunados":372999,"personasINE":405889,"porcentaje":0.9189679937125668},{"rango":{"min":60,"max":69},"vacunados":328310,"personasINE":346927,"porcentaje":0.9463374139228138},{"rango":{"min":70,"max":79},"vacunados":288203,"personasINE":289762,"porcentaje":0.9946197223928603},{"rango":{"min":80,"max":null},"vacunados":239395,"personasINE":239395,"porcentaje":1}]}}},{"ccaa":"La Rioja","dosisAdministradas":353712,"dosisEntregadas":377505,"dosisEntregadasModerna":36300,"dosisEntregadasPfizer":265655,"dosisEntregadasAstrazeneca":61400,"dosisEntregadasJanssen":14150,"dosisPrimeraDosis":205166,"dosisPautaCompletada":171283,"porcentajeEntregadas":0.9369730202248977,"porcentajePoblacionAdministradas":1.1056471426695924,"porcentajePoblacionPrimeraDosis":0.6413161037028702,"porcentajePoblacionCompletas":0.5354032646273686,"fechaUltRegistro":1626998400000,"etarios":{"unaDosis":{"etarioTotal":{"vacunados":205166,"personasINE":283970,"porcentaje":0.7224918125154065},"etarioRangos":[{"rango":{"min":12,"max":19},"vacunados":416,"personasINE":25532.000000000004,"porcentaje":0.16747652505088975},{"rango":{"min":20,"max":29},"vacunados":5101,"personasINE":30458,"porcentaje":0.8292065650556216},{"rango":{"min":30,"max":39},"vacunados":23622,"personasINE":39319,"porcentaje":0.8292065650556216},{"rango":{"min":40,"max":49},"vacunados":43904,"personasINE":52947,"porcentaje":0.8292065650556216},{"rango":{"min":50,"max":59},"vacunados":43345,"personasINE":47664,"porcentaje":0.9093865391070829},{"rango":{"min":60,"max":69},"vacunados":36887,"personasINE":37718,"porcentaje":0.9779680789013203},{"rango":{"min":70,"max":79},"vacunados":28559,"personasINE":28559,"porcentaje":1},{"rango":{"min":80,"max":null},"vacunados":23332,"personasINE":23332,"porcentaje":1}]},"pautaCompleta":{"etarioTotal":{"vacunados":171283,"personasINE":283970,"porcentaje":0.603172870373631},"etarioRangos":[{"rango":{"min":12,"max":19},"vacunados":191,"personasINE":25532,"porcentaje":0.12055945892704709},{"rango":{"min":20,"max":29},"vacunados":3672,"personasINE":30458,"porcentaje":0.6041890947551325},{"rango":{"min":30,"max":39},"vacunados":7046,"personasINE":39319,"porcentaje":0.6041890947551325},{"rango":{"min":40,"max":49},"vacunados":31990,"personasINE":52947,"porcentaje":0.6041890947551325},{"rango":{"min":50,"max":59},"vacunados":41994,"personasINE":47664,"porcentaje":0.8810422960725075},{"rango":{"min":60,"max":69},"vacunados":34927,"personasINE":37718,"porcentaje":0.926003499655337},{"rango":{"min":70,"max":79},"vacunados":28396,"personasINE":28396,"porcentaje":1},{"rango":{"min":80,"max":null},"vacunados":23067,"personasINE":23067,"porcentaje":1}]}}},{"ccaa":"Madrid","dosisAdministradas":7382545,"dosisEntregadas":7649595,"dosisEntregadasModerna":825900,"dosisEntregadasPfizer":5172495,"dosisEntregadasAstrazeneca":1309400,"dosisEntregadasJanssen":341800,"dosisPrimeraDosis":4457996,"dosisPautaCompletada":3464203,"porcentajeEntregadas":0.9650896550732424,"porcentajePoblacionAdministradas":1.0888889314985735,"porcentajePoblacionPrimeraDosis":0.6575323958153881,"porcentajePoblacionCompletas":0.5109528357990575,"fechaUltRegistro":1627171200000,"etarios":{"unaDosis":{"etarioTotal":{"vacunados":4457996,"personasINE":5977937,"porcentaje":0.745741549300369},"etarioRangos":[{"rango":{"min":12,"max":19},"vacunados":71780,"personasINE":553542,"porcentaje":0.5068009023872858},{"rango":{"min":20,"max":29},"vacunados":376287,"personasINE":742474.9999999999,"porcentaje":0.8176438350525013},{"rango":{"min":30,"max":39},"vacunados":589903,"personasINE":949640,"porcentaje":0.8176438350525013},{"rango":{"min":40,"max":49},"vacunados":953349,"personasINE":1165971,"porcentaje":0.8176438350525013},{"rango":{"min":50,"max":59},"vacunados":910498,"personasINE":972783,"porcentaje":0.9359723597143453},{"rango":{"min":60,"max":69},"vacunados":675853,"personasINE":703323,"porcentaje":0.9609425541323119},{"rango":{"min":70,"max":79},"vacunados":507874,"personasINE":526081,"porcentaje":0.9653912610415506},{"rango":{"min":80,"max":null},"vacunados":372452,"personasINE":372452,"porcentaje":1}]},"pautaCompleta":{"etarioTotal":{"vacunados":3464203,"personasINE":5977937,"porcentaje":0.5794980776813138},"etarioRangos":[{"rango":{"min":12,"max":19},"vacunados":12805,"personasINE":553542,"porcentaje":0.17616081349540388},{"rango":{"min":20,"max":29},"vacunados":130795,"personasINE":742475,"porcentaje":0.6136447647497236},{"rango":{"min":30,"max":39},"vacunados":207628,"personasINE":949640,"porcentaje":0.6136447647497236},{"rango":{"min":40,"max":49},"vacunados":715492,"personasINE":1165971,"porcentaje":0.6136447647497236},{"rango":{"min":50,"max":59},"vacunados":879421,"personasINE":972783,"porcentaje":0.9040258721626508},{"rango":{"min":60,"max":69},"vacunados":645408,"personasINE":703323,"porcentaje":0.917655188298975},{"rango":{"min":70,"max":79},"vacunados":504125,"personasINE":526081,"porcentaje":0.958264982008474},{"rango":{"min":80,"max":null},"vacunados":368529,"personasINE":368529,"porcentaje":1}]}}},{"ccaa":"Murcia","dosisAdministradas":1628010,"dosisEntregadas":1674475,"dosisEntregadasModerna":185000,"dosisEntregadasPfizer":1141475,"dosisEntregadasAstrazeneca":259900,"dosisEntregadasJanssen":88100,"dosisPrimeraDosis":936251,"dosisPautaCompletada":753594,"porcentajeEntregadas":0.9722510040460443,"porcentajePoblacionAdministradas":1.0772598330786878,"porcentajePoblacionPrimeraDosis":0.6195205164463083,"porcentajePoblacionCompletas":0.49865574944201857,"fechaUltRegistro":1627171200000,"etarios":{"unaDosis":{"etarioTotal":{"vacunados":936251,"personasINE":1310137,"porcentaje":0.7146206847070192},"etarioRangos":[{"rango":{"min":12,"max":19},"vacunados":1838,"personasINE":141894,"porcentaje":0.41235892434164695},{"rango":{"min":20,"max":29},"vacunados":71028,"personasINE":172248,"porcentaje":0.8416175828326585},{"rango":{"min":30,"max":39},"vacunados":132484,"personasINE":209002.99999999997,"porcentaje":0.8416175828326585},{"rango":{"min":40,"max":49},"vacunados":213903,"personasINE":254157,"porcentaje":0.8416175828326585},{"rango":{"min":50,"max":59},"vacunados":198960,"personasINE":213256,"porcentaje":0.9329631991596954},{"rango":{"min":60,"max":69},"vacunados":142376,"personasINE":146909,"porcentaje":0.969144164074359},{"rango":{"min":70,"max":79},"vacunados":102117,"personasINE":102899,"porcentaje":0.9924003148718646},{"rango":{"min":80,"max":null},"vacunados":73545,"personasINE":73545,"porcentaje":1}]},"pautaCompleta":{"etarioTotal":{"vacunados":753594,"personasINE":1310137,"porcentaje":0.5752024406607859},"etarioRangos":[{"rango":{"min":12,"max":19},"vacunados":1501,"personasINE":141894,"porcentaje":0.13010891273048164},{"rango":{"min":20,"max":29},"vacunados":22411,"personasINE":172248,"porcentaje":0.7472939954437612},{"rango":{"min":30,"max":39},"vacunados":58604,"personasINE":209003,"porcentaje":0.7472939954437612},{"rango":{"min":40,"max":49},"vacunados":189930,"personasINE":254156.99999999997,"porcentaje":0.7472939954437612},{"rango":{"min":50,"max":59},"vacunados":186087,"personasINE":213256,"porcentaje":0.8725991296845106},{"rango":{"min":60,"max":69},"vacunados":123520,"personasINE":146909,"porcentaje":0.840792599500371},{"rango":{"min":70,"max":79},"vacunados":99199,"personasINE":102899,"porcentaje":0.9640424105190527},{"rango":{"min":80,"max":null},"vacunados":72342,"personasINE":72342,"porcentaje":1}]}}},{"ccaa":"Navarra","dosisAdministradas":762801,"dosisEntregadas":783035,"dosisEntregadasModerna":81200,"dosisEntregadasPfizer":527235,"dosisEntregadasAstrazeneca":145700,"dosisEntregadasJanssen":28900,"dosisPrimeraDosis":432242,"dosisPautaCompletada":373026,"porcentajeEntregadas":0.9741595203279547,"porcentajePoblacionAdministradas":1.1536667589235885,"porcentajePoblacionPrimeraDosis":0.6537264990615504,"porcentajePoblacionCompletas":0.5641677140095916,"fechaUltRegistro":1627171200000,"etarios":{"unaDosis":{"etarioTotal":{"vacunados":432242,"personasINE":581354,"porcentaje":0.7435091183684984},"etarioRangos":[{"rango":{"min":12,"max":19},"vacunados":3721,"personasINE":56388.00000000001,"porcentaje":0.4345120143261849},{"rango":{"min":20,"max":29},"vacunados":29602,"personasINE":68127,"porcentaje":0.8327808744282513},{"rango":{"min":30,"max":39},"vacunados":52298,"personasINE":81341,"porcentaje":0.8327808744282513},{"rango":{"min":40,"max":49},"vacunados":89942,"personasINE":108002,"porcentaje":0.8327808744282513},{"rango":{"min":50,"max":59},"vacunados":88506,"personasINE":96694,"porcentaje":0.9153204955840073},{"rango":{"min":60,"max":69},"vacunados":70068,"personasINE":73844,"porcentaje":0.9488651752342777},{"rango":{"min":70,"max":79},"vacunados":55701,"personasINE":55792,"porcentaje":0.9983689417837682},{"rango":{"min":80,"max":null},"vacunados":42404,"personasINE":42404,"porcentaje":1}]},"pautaCompleta":{"etarioTotal":{"vacunados":373026,"personasINE":581354,"porcentaje":0.6416503541731888},"etarioRangos":[{"rango":{"min":12,"max":19},"vacunados":802,"personasINE":56388,"porcentaje":0.157353178622279},{"rango":{"min":20,"max":29},"vacunados":10720,"personasINE":68127,"porcentaje":0.7949575007870224},{"rango":{"min":30,"max":39},"vacunados":28848,"personasINE":81341,"porcentaje":0.7949575007870224},{"rango":{"min":40,"max":49},"vacunados":85857,"personasINE":108002,"porcentaje":0.7949575007870224},{"rango":{"min":50,"max":59},"vacunados":86647,"personasINE":96694,"porcentaje":0.8960948973049},{"rango":{"min":60,"max":69},"vacunados":62763,"personasINE":73844,"porcentaje":0.8499404149287687},{"rango":{"min":70,"max":79},"vacunados":55473,"personasINE":55792,"porcentaje":0.994282334384858},{"rango":{"min":80,"max":null},"vacunados":41916,"personasINE":41916,"porcentaje":1}]}}},{"ccaa":"País Vasco","dosisAdministradas":2633260,"dosisEntregadas":2737860,"dosisEntregadasModerna":251400,"dosisEntregadasPfizer":1839060,"dosisEntregadasAstrazeneca":549600,"dosisEntregadasJanssen":97800,"dosisPrimeraDosis":1465312,"dosisPautaCompletada":1310148,"porcentajeEntregadas":0.9617949785598972,"porcentajePoblacionAdministradas":1.1858839254511588,"porcentajePoblacionPrimeraDosis":0.6599006351711143,"porcentajePoblacionCompletas":0.5900228056333157,"fechaUltRegistro":1627171200000,"etarios":{"unaDosis":{"etarioTotal":{"vacunados":1465312,"personasINE":1983943,"porcentaje":0.7385857355780887},"etarioRangos":[{"rango":{"min":12,"max":19},"vacunados":7496,"personasINE":168606,"porcentaje":0.2312909980449949},{"rango":{"min":20,"max":29},"vacunados":46613,"personasINE":201534,"porcentaje":0.8216677298119751},{"rango":{"min":30,"max":39},"vacunados":154113,"personasINE":260543,"porcentaje":0.8216677298119751},{"rango":{"min":40,"max":49},"vacunados":297553,"personasINE":362133,"porcentaje":0.8216677298119751},{"rango":{"min":50,"max":59},"vacunados":309705,"personasINE":339977,"porcentaje":0.9109586824991103},{"rango":{"min":60,"max":69},"vacunados":273294,"personasINE":280119,"porcentaje":0.975635354974136},{"rango":{"min":70,"max":79},"vacunados":212881,"personasINE":213081,"porcentaje":0.9990613898001229},{"rango":{"min":80,"max":null},"vacunados":163657,"personasINE":163657,"porcentaje":1}]},"pautaCompleta":{"etarioTotal":{"vacunados":1310148,"personasINE":1983943,"porcentaje":0.6603758273297167},"etarioRangos":[{"rango":{"min":12,"max":19},"vacunados":2489,"personasINE":168606,"porcentaje":0.1543709746246291},{"rango":{"min":20,"max":29},"vacunados":31111,"personasINE":201534,"porcentaje":0.7719042451254097},{"rango":{"min":30,"max":39},"vacunados":79371,"personasINE":260543,"porcentaje":0.7719042451254097},{"rango":{"min":40,"max":49},"vacunados":279532,"personasINE":362133,"porcentaje":0.7719042451254097},{"rango":{"min":50,"max":59},"vacunados":304303,"personasINE":339977,"porcentaje":0.8950693723398936},{"rango":{"min":60,"max":69},"vacunados":240969,"personasINE":280119,"porcentaje":0.8602379702911976},{"rango":{"min":70,"max":79},"vacunados":211128,"personasINE":213081,"porcentaje":0.9908344713982007},{"rango":{"min":80,"max":null},"vacunados":161245,"personasINE":157950,"porcentaje":1.0208610319721432}]}}},{"ccaa":"Ceuta","dosisAdministradas":88505,"dosisEntregadas":97940,"dosisEntregadasModerna":11700,"dosisEntregadasPfizer":63990,"dosisEntregadasAstrazeneca":18100,"dosisEntregadasJanssen":4150,"dosisPrimeraDosis":50396,"dosisPautaCompletada":43028,"porcentajeEntregadas":0.9036655094956095,"porcentajePoblacionAdministradas":1.051103299209045,"porcentajePoblacionPrimeraDosis":0.5985130994513195,"porcentajePoblacionCompletas":0.5110092396855181,"fechaUltRegistro":1626998400000,"etarios":{"unaDosis":{"etarioTotal":{"vacunados":50396,"personasINE":70965,"porcentaje":0.7101528922708378},"etarioRangos":[{"rango":{"min":12,"max":19},"vacunados":2924,"personasINE":9126,"porcentaje":0.6088264794383149},{"rango":{"min":20,"max":29},"vacunados":6677,"personasINE":10967,"porcentaje":0.7838949533301692},{"rango":{"min":30,"max":39},"vacunados":7542,"personasINE":11894.000000000002,"porcentaje":0.7838949533301692},{"rango":{"min":40,"max":49},"vacunados":9910,"personasINE":12642,"porcentaje":0.7838949533301692},{"rango":{"min":50,"max":59},"vacunados":9824,"personasINE":11556,"porcentaje":0.8501211491865698},{"rango":{"min":60,"max":69},"vacunados":7323,"personasINE":7857.000000000001,"porcentaje":0.9320351279114165},{"rango":{"min":70,"max":79},"vacunados":3822,"personasINE":4318,"porcentaje":0.8851320055581288},{"rango":{"min":80,"max":null},"vacunados":2374,"personasINE":2605,"porcentaje":0.9113243761996161}]},"pautaCompleta":{"etarioTotal":{"vacunados":43028,"personasINE":70965,"porcentaje":0.6063270626365109},"etarioRangos":[{"rango":{"min":12,"max":19},"vacunados":347,"personasINE":9126,"porcentaje":0.3758548372389897},{"rango":{"min":20,"max":29},"vacunados":4122,"personasINE":10967,"porcentaje":0.7501186521120076},{"rango":{"min":30,"max":39},"vacunados":6597,"personasINE":11894,"porcentaje":0.7501186521120076},{"rango":{"min":40,"max":49},"vacunados":9483,"personasINE":12642,"porcentaje":0.7501186521120076},{"rango":{"min":50,"max":59},"vacunados":9572,"personasINE":11556,"porcentaje":0.8283142956040153},{"rango":{"min":60,"max":69},"vacunados":6784,"personasINE":7857,"porcentaje":0.8634338806160112},{"rango":{"min":70,"max":79},"vacunados":3778,"personasINE":4318,"porcentaje":0.8749421028253821},{"rango":{"min":80,"max":null},"vacunados":2345,"personasINE":2605,"porcentaje":0.9001919385796545}]}}},{"ccaa":"Melilla","dosisAdministradas":80380,"dosisEntregadas":95740,"dosisEntregadasModerna":11400,"dosisEntregadasPfizer":63990,"dosisEntregadasAstrazeneca":15100,"dosisEntregadasJanssen":5250,"dosisPrimeraDosis":48038,"dosisPautaCompletada":39267,"porcentajeEntregadas":0.8395654898683935,"porcentajePoblacionAdministradas":0.9231016583214663,"porcentajePoblacionPrimeraDosis":0.5516789930635307,"porcentajePoblacionCompletas":0.45095089347236894,"fechaUltRegistro":1626912000000,"etarios":{"unaDosis":{"etarioTotal":{"vacunados":48038,"personasINE":70927,"porcentaje":0.6772879157443569},"etarioRangos":[{"rango":{"min":12,"max":19},"vacunados":3028,"personasINE":9574,"porcentaje":0.5690704460191747},{"rango":{"min":20,"max":29},"vacunados":6826,"personasINE":11995,"porcentaje":0.7788701883019497},{"rango":{"min":30,"max":39},"vacunados":7470,"personasINE":12133,"porcentaje":0.7788701883019497},{"rango":{"min":40,"max":49},"vacunados":9348,"personasINE":12002,"porcentaje":0.7788701883019497},{"rango":{"min":50,"max":59},"vacunados":9220,"personasINE":11299,"porcentaje":0.8160014160545181},{"rango":{"min":60,"max":69},"vacunados":6905,"personasINE":7827,"porcentaje":0.8822026319151655},{"rango":{"min":70,"max":79},"vacunados":3258,"personasINE":3748,"porcentaje":0.8692636072572039},{"rango":{"min":80,"max":null},"vacunados":1983,"personasINE":2349,"porcentaje":0.8441890166028098}]},"pautaCompleta":{"etarioTotal":{"vacunados":39267,"personasINE":70927,"porcentaje":0.5536255586730018},"etarioRangos":[{"rango":{"min":12,"max":19},"vacunados":306,"personasINE":9574,"porcentaje":0.2527719883284702},{"rango":{"min":20,"max":29},"vacunados":3032,"personasINE":11995,"porcentaje":0.7426262289618397},{"rango":{"min":30,"max":39},"vacunados":6473,"personasINE":12133,"porcentaje":0.7426262289618397},{"rango":{"min":40,"max":49},"vacunados":8913,"personasINE":12002,"porcentaje":0.7426262289618397},{"rango":{"min":50,"max":59},"vacunados":8905,"personasINE":11299,"porcentaje":0.7881228427294451},{"rango":{"min":60,"max":69},"vacunados":6558,"personasINE":7827,"porcentaje":0.8378689152932158},{"rango":{"min":70,"max":79},"vacunados":3162,"personasINE":3748,"porcentaje":0.843649946638207},{"rango":{"min":80,"max":null},"vacunados":1918,"personasINE":2349,"porcentaje":0.8165176670923797}]}}},{"ccaa":"Fuerzas Armadas","dosisAdministradas":164555,"dosisEntregadas":215768,"dosisEntregadasModerna":58300,"dosisEntregadasPfizer":49368,"dosisEntregadasAstrazeneca":106100,"dosisEntregadasJanssen":2000,"dosisPrimeraDosis":88887,"dosisPautaCompletada":76812,"porcentajeEntregadas":0.7626478439805717,"porcentajePoblacionAdministradas":null,"porcentajePoblacionPrimeraDosis":null,"porcentajePoblacionCompletas":null,"fechaUltRegistro":1627084800000},{"ccaa":"Sanidad Exterior","dosisAdministradas":3449,"dosisEntregadas":5745,"dosisEntregadasModerna":3270,"dosisEntregadasPfizer":0,"dosisEntregadasAstrazeneca":0,"dosisEntregadasJanssen":2475,"dosisPrimeraDosis":2707,"dosisPautaCompletada":2248,"porcentajeEntregadas":0.6003481288076589,"porcentajePoblacionAdministradas":null,"porcentajePoblacionPrimeraDosis":null,"porcentajePoblacionCompletas":null,"fechaUltRegistro":1626998400000,"etarios":{"unaDosis":{"etarioTotal":{"vacunados":2707,"personasINE":"-","porcentaje":"-"},"etarioRangos":[{"rango":{"min":12,"max":19},"vacunados":68,"personasINE":null,"porcentaje":"-"},{"rango":{"min":20,"max":29},"vacunados":664,"personasINE":null,"porcentaje":"-"},{"rango":{"min":30,"max":39},"vacunados":749,"personasINE":null,"porcentaje":"-"},{"rango":{"min":40,"max":49},"vacunados":703,"personasINE":null,"porcentaje":"-"},{"rango":{"min":50,"max":59},"vacunados":370,"personasINE":null,"porcentaje":"-"},{"rango":{"min":60,"max":69},"vacunados":119,"personasINE":null,"porcentaje":"-"},{"rango":{"min":70,"max":79},"vacunados":19,"personasINE":null,"porcentaje":"-"},{"rango":{"min":80,"max":null},"vacunados":15,"personasINE":null,"porcentaje":"-"}]},"pautaCompleta":{"etarioTotal":{"vacunados":2248,"personasINE":"-","porcentaje":"-"},"etarioRangos":[{"rango":{"min":12,"max":19},"vacunados":35,"personasINE":null,"porcentaje":"-"},{"rango":{"min":20,"max":29},"vacunados":499,"personasINE":null,"porcentaje":"-"},{"rango":{"min":30,"max":39},"vacunados":605,"personasINE":null,"porcentaje":"-"},{"rango":{"min":40,"max":49},"vacunados":620,"personasINE":null,"porcentaje":"-"},{"rango":{"min":50,"max":59},"vacunados":349,"personasINE":null,"porcentaje":"-"},{"rango":{"min":60,"max":69},"vacunados":107,"personasINE":null,"porcentaje":"-"},{"rango":{"min":70,"max":79},"vacunados":19,"personasINE":null,"porcentaje":"-"},{"rango":{"min":80,"max":null},"vacunados":14,"personasINE":null,"porcentaje":"-"}]}}},{"ccaa":"Totales","dosisAdministradas":54259325,"dosisEntregadas":55930113,"dosisEntregadasModerna":5701770,"dosisEntregadasPfizer":37620993,"dosisEntregadasAstrazeneca":10189600,"dosisEntregadasJanssen":2417750,"dosisPrimeraDosis":30827932,"dosisPautaCompletada":25944318,"porcentajeEntregadas":0.9701272193031328,"porcentajePoblacionAdministradas":1.1559293779292714,"porcentajePoblacionPrimeraDosis":0.6567518534299105,"porcentajePoblacionCompletas":0.5527123561994035,"fechaUltRegistro":null,"etarios":{"unaDosis":{"etarioTotal":{"vacunados":30827932,"personasINE":42119827,"porcentaje":0.7319102236578512},"etarioRangos":[{"rango":{"min":12,"max":19},"vacunados":292598,"personasINE":3888686.0000000005,"porcentaje":0.3750285157261196},{"rango":{"min":20,"max":29},"vacunados":1854381,"personasINE":4944640,"porcentaje":0.8207655678337988},{"rango":{"min":30,"max":39},"vacunados":3796039,"personasINE":6230403,"porcentaje":0.8207655678337988},{"rango":{"min":40,"max":49},"vacunados":6477266,"personasINE":7891737,"porcentaje":0.8207655678337988},{"rango":{"min":50,"max":59},"vacunados":6427810,"personasINE":7033306,"porcentaje":0.9139101867599675},{"rango":{"min":60,"max":69},"vacunados":5138727,"personasINE":5336986,"porcentaje":0.9628518793191513},{"rango":{"min":70,"max":79},"vacunados":3916344,"personasINE":3960045,"porcentaje":0.9889645193425832},{"rango":{"min":80,"max":null},"vacunados":2924767,"personasINE":2924767,"porcentaje":1}]},"pautaCompleta":{"etarioTotal":{"vacunados":25944318,"personasINE":42119827,"porcentaje":0.6159644957706023},"etarioRangos":[{"rango":{"min":12,"max":19},"vacunados":71353,"personasINE":3888686,"porcentaje":0.14860859435671758},{"rango":{"min":20,"max":29},"vacunados":734816,"personasINE":4944640,"porcentaje":0.7231964268449392},{"rango":{"min":30,"max":39},"vacunados":1862484,"personasINE":6230403.000000001,"porcentaje":0.7231964268449392},{"rango":{"min":40,"max":49},"vacunados":5707276,"personasINE":7891737,"porcentaje":0.7231964268449392},{"rango":{"min":50,"max":59},"vacunados":6134399,"personasINE":7033306,"porcentaje":0.8721928208441379},{"rango":{"min":60,"max":69},"vacunados":4671931,"personasINE":5336986,"porcentaje":0.8753875314643883},{"rango":{"min":70,"max":79},"vacunados":3878364,"personasINE":3960045,"porcentaje":0.979373719238039},{"rango":{"min":80,"max":null},"vacunados":2883695,"personasINE":2883695,"porcentaje":1}]}}}]