[{"ccaa":"Andalucía","dosisAdministradas":13927824,"dosisEntregadas":14377000,"dosisEntregadasModerna":2019500,"dosisEntregadasPfizer":10486800,"dosisEntregadasAstrazeneca":1537200,"dosisEntregadasJanssen":333500,"dosisPrimeraDosis":6906987,"dosisPautaCompletada":6797654,"porcentajeEntregadas":0.9687573207205954,"porcentajePoblacionAdministradas":1.645456960915532,"porcentajePoblacionPrimeraDosis":0.8160032635466307,"porcentajePoblacionCompletas":0.8030864758339358,"fechaUltRegistro":1638748800000,"etarios":{"unaDosis":{"etarioTotal":{"vacunados":6906987,"personasINE":7451975,"porcentaje":0.9268666360260199},"etarioRangos":[{"rango":{"min":12,"max":19},"vacunados":682770,"personasINE":752907,"porcentaje":0.8405529616484615},{"rango":{"min":20,"max":29},"vacunados":780598,"personasINE":928672,"porcentaje":0.9094190081105238},{"rango":{"min":30,"max":39},"vacunados":942348,"personasINE":1140217,"porcentaje":0.9094190081105238},{"rango":{"min":40,"max":49},"vacunados":1259649,"personasINE":1385114,"porcentaje":0.9094190081105238},{"rango":{"min":50,"max":59},"vacunados":1220384,"personasINE":1265021,"porcentaje":0.9647144197606206},{"rango":{"min":60,"max":69},"vacunados":932157,"personasINE":932157,"porcentaje":1},{"rango":{"min":70,"max":79},"vacunados":654701,"personasINE":654701,"porcentaje":1},{"rango":{"min":80,"max":null},"vacunados":434380,"personasINE":434380,"porcentaje":1}]},"pautaCompleta":{"etarioTotal":{"vacunados":6797654,"personasINE":7451975,"porcentaje":0.9121949550287004},"etarioRangos":[{"rango":{"min":12,"max":19},"vacunados":664708,"personasINE":752907,"porcentaje":0.8135283501602288},{"rango":{"min":20,"max":29},"vacunados":755501,"personasINE":928672,"porcentaje":0.8986444437064386},{"rango":{"min":30,"max":39},"vacunados":919365,"personasINE":1140217,"porcentaje":0.8986444437064386},{"rango":{"min":40,"max":49},"vacunados":1244725,"personasINE":1385114,"porcentaje":0.8986444437064386},{"rango":{"min":50,"max":59},"vacunados":1210021,"personasINE":1265021,"porcentaje":0.9565224608919536},{"rango":{"min":60,"max":69},"vacunados":923284,"personasINE":916147.0000000001,"porcentaje":1.0077902345365972},{"rango":{"min":70,"max":79},"vacunados":650591,"personasINE":650591,"porcentaje":1},{"rango":{"min":80,"max":null},"vacunados":429459,"personasINE":429459,"porcentaje":1}]}}},{"ccaa":"Aragón","dosisAdministradas":2188580,"dosisEntregadas":2323016,"dosisEntregadasModerna":328490,"dosisEntregadasPfizer":1675761,"dosisEntregadasAstrazeneca":255200,"dosisEntregadasJanssen":63565,"dosisPrimeraDosis":1076199,"dosisPautaCompletada":1056653,"porcentajeEntregadas":0.9421286809905743,"porcentajePoblacionAdministradas":1.6463027055245598,"porcentajePoblacionPrimeraDosis":0.8095428658686572,"porcentajePoblacionCompletas":0.7948398928531937,"fechaUltRegistro":1638748800000,"etarios":{"unaDosis":{"etarioTotal":{"vacunados":1076199,"personasINE":1185134,"porcentaje":0.9080821240467323},"etarioRangos":[{"rango":{"min":12,"max":19},"vacunados":89808,"personasINE":103109,"porcentaje":0.8148863889080605},{"rango":{"min":20,"max":29},"vacunados":106262,"personasINE":130401,"porcentaje":0.8811033622867458},{"rango":{"min":30,"max":39},"vacunados":127881,"personasINE":164286,"porcentaje":0.8811033622867458},{"rango":{"min":40,"max":49},"vacunados":189387,"personasINE":214943,"porcentaje":0.8811033622867458},{"rango":{"min":50,"max":59},"vacunados":186858,"personasINE":198266,"porcentaje":0.9424611380670412},{"rango":{"min":60,"max":69},"vacunados":155024,"personasINE":156367,"porcentaje":0.991411231270025},{"rango":{"min":70,"max":79},"vacunados":119504,"personasINE":119504,"porcentaje":1},{"rango":{"min":80,"max":null},"vacunados":101475,"personasINE":101475,"porcentaje":1}]},"pautaCompleta":{"etarioTotal":{"vacunados":1056653,"personasINE":1185134,"porcentaje":0.89158947427042},"etarioRangos":[{"rango":{"min":12,"max":19},"vacunados":86860,"personasINE":103109,"porcentaje":0.7848406070505595},{"rango":{"min":20,"max":29},"vacunados":102344,"personasINE":130401,"porcentaje":0.8677509851448989},{"rango":{"min":30,"max":39},"vacunados":124163,"personasINE":164286,"porcentaje":0.8677509851448989},{"rango":{"min":40,"max":49},"vacunados":186517,"personasINE":214943,"porcentaje":0.8677509851448989},{"rango":{"min":50,"max":59},"vacunados":184673,"personasINE":198266,"porcentaje":0.9314405899145592},{"rango":{"min":60,"max":69},"vacunados":152999,"personasINE":156367,"porcentaje":0.9784609284567716},{"rango":{"min":70,"max":79},"vacunados":118828,"personasINE":118955,"porcentaje":0.9989323693833803},{"rango":{"min":80,"max":null},"vacunados":100269,"personasINE":100269,"porcentaje":1}]}}},{"ccaa":"Asturias","dosisAdministradas":1870987,"dosisEntregadas":1935965,"dosisEntregadasModerna":225040,"dosisEntregadasPfizer":1447025,"dosisEntregadasAstrazeneca":220900,"dosisEntregadasJanssen":43000,"dosisPrimeraDosis":875727,"dosisPautaCompletada":867732,"porcentajeEntregadas":0.9664363766906943,"porcentajePoblacionAdministradas":1.836490364984138,"porcentajePoblacionPrimeraDosis":0.8595806373087916,"porcentajePoblacionCompletas":0.8517330464553821,"fechaUltRegistro":1638748800000,"etarios":{"unaDosis":{"etarioTotal":{"vacunados":875727,"personasINE":933927,"porcentaje":0.9376824955269524},"etarioRangos":[{"rango":{"min":12,"max":19},"vacunados":60857,"personasINE":64000,"porcentaje":0.8477708536107494},{"rango":{"min":20,"max":29},"vacunados":67068,"personasINE":79111,"porcentaje":0.9048223578233818},{"rango":{"min":30,"max":39},"vacunados":91432,"personasINE":114451,"porcentaje":0.9048223578233818},{"rango":{"min":40,"max":49},"vacunados":151099,"personasINE":166993,"porcentaje":0.9048223578233818},{"rango":{"min":50,"max":59},"vacunados":153439,"personasINE":162645,"porcentaje":0.943398198530542},{"rango":{"min":60,"max":69},"vacunados":148376,"personasINE":149652,"porcentaje":0.9914735519739128},{"rango":{"min":70,"max":79},"vacunados":114433,"personasINE":114433,"porcentaje":1},{"rango":{"min":80,"max":null},"vacunados":89023,"personasINE":89023,"porcentaje":1}]},"pautaCompleta":{"etarioTotal":{"vacunados":867732,"personasINE":933927,"porcentaje":0.9291218692681548},"etarioRangos":[{"rango":{"min":12,"max":19},"vacunados":59881,"personasINE":64000,"porcentaje":0.8284309388074983},{"rango":{"min":20,"max":29},"vacunados":65538,"personasINE":79111,"porcentaje":0.8990257076643932},{"rango":{"min":30,"max":39},"vacunados":89898,"personasINE":114451,"porcentaje":0.8990257076643932},{"rango":{"min":40,"max":49},"vacunados":150131,"personasINE":166993,"porcentaje":0.8990257076643932},{"rango":{"min":50,"max":59},"vacunados":152651,"personasINE":162645,"porcentaje":0.9385532909096499},{"rango":{"min":60,"max":69},"vacunados":147429,"personasINE":149652,"porcentaje":0.9851455376473418},{"rango":{"min":70,"max":79},"vacunados":113982,"personasINE":113982,"porcentaje":1},{"rango":{"min":80,"max":null},"vacunados":88222,"personasINE":88222,"porcentaje":1}]}}},{"ccaa":"Baleares","dosisAdministradas":1743104,"dosisEntregadas":1935774,"dosisEntregadasModerna":335070,"dosisEntregadasPfizer":1318884,"dosisEntregadasAstrazeneca":225400,"dosisEntregadasJanssen":56420,"dosisPrimeraDosis":873435,"dosisPautaCompletada":854818,"porcentajeEntregadas":0.9004687530672486,"porcentajePoblacionAdministradas":1.4878702702333588,"porcentajePoblacionPrimeraDosis":0.7455424171370577,"porcentajePoblacionCompletas":0.7296514084416876,"fechaUltRegistro":1638748800000,"etarios":{"unaDosis":{"etarioTotal":{"vacunados":873435,"personasINE":1034867,"porcentaje":0.8440070076637868},"etarioRangos":[{"rango":{"min":12,"max":19},"vacunados":77420,"personasINE":95480,"porcentaje":0.7285888271882386},{"rango":{"min":20,"max":29},"vacunados":100503,"personasINE":137942,"porcentaje":0.8273092369477911},{"rango":{"min":30,"max":39},"vacunados":130842,"personasINE":182187,"porcentaje":0.8273092369477911},{"rango":{"min":40,"max":49},"vacunados":170568,"personasINE":206172,"porcentaje":0.8273092369477911},{"rango":{"min":50,"max":59},"vacunados":151762,"personasINE":165797,"porcentaje":0.9153482873634625},{"rango":{"min":60,"max":69},"vacunados":111146,"personasINE":117231,"porcentaje":0.9480939341982922},{"rango":{"min":70,"max":79},"vacunados":79550,"personasINE":80516,"porcentaje":0.9880023846192061},{"rango":{"min":80,"max":null},"vacunados":51644,"personasINE":51644,"porcentaje":1}]},"pautaCompleta":{"etarioTotal":{"vacunados":854818,"personasINE":1034867,"porcentaje":0.8260172563237594},"etarioRangos":[{"rango":{"min":12,"max":19},"vacunados":74578,"personasINE":95480,"porcentaje":0.699663626741674},{"rango":{"min":20,"max":29},"vacunados":96513,"personasINE":137942,"porcentaje":0.8119628271540268},{"rango":{"min":30,"max":39},"vacunados":126315,"personasINE":182187,"porcentaje":0.8119628271540268},{"rango":{"min":40,"max":49},"vacunados":167404,"personasINE":206172,"porcentaje":0.8119628271540268},{"rango":{"min":50,"max":59},"vacunados":149849,"personasINE":165797,"porcentaje":0.9038100810026719},{"rango":{"min":60,"max":69},"vacunados":109979,"personasINE":117231,"porcentaje":0.938139229384719},{"rango":{"min":70,"max":79},"vacunados":79086,"personasINE":80516,"porcentaje":0.9822395548710815},{"rango":{"min":80,"max":null},"vacunados":51094,"personasINE":51094,"porcentaje":1}]}}},{"ccaa":"Canarias","dosisAdministradas":3359493,"dosisEntregadas":3617300,"dosisEntregadasModerna":624700,"dosisEntregadasPfizer":2403150,"dosisEntregadasAstrazeneca":455800,"dosisEntregadasJanssen":133650,"dosisPrimeraDosis":1696938,"dosisPautaCompletada":1652196,"porcentajeEntregadas":0.9287294390844,"porcentajePoblacionAdministradas":1.5439187077656125,"porcentajePoblacionPrimeraDosis":0.7798600336772135,"porcentajePoblacionCompletas":0.7592979992205711,"fechaUltRegistro":1638748800000,"etarios":{"unaDosis":{"etarioTotal":{"vacunados":1696938,"personasINE":1960774,"porcentaje":0.8654429322298235},"etarioRangos":[{"rango":{"min":12,"max":19},"vacunados":157516,"personasINE":179797,"porcentaje":0.7627786516675406},{"rango":{"min":20,"max":29},"vacunados":192028,"personasINE":251748,"porcentaje":0.8255070580835422},{"rango":{"min":30,"max":39},"vacunados":232761,"personasINE":310934,"porcentaje":0.8255070580835422},{"rango":{"min":40,"max":49},"vacunados":320234,"personasINE":387924,"porcentaje":0.8255070580835422},{"rango":{"min":50,"max":59},"vacunados":322341,"personasINE":350512,"porcentaje":0.9196289998630575},{"rango":{"min":60,"max":69},"vacunados":225801,"personasINE":235092,"porcentaje":0.9604793017201776},{"rango":{"min":70,"max":79},"vacunados":152683,"personasINE":154531,"porcentaje":0.9880412344448687},{"rango":{"min":80,"max":null},"vacunados":93574,"personasINE":93574,"porcentaje":1}]},"pautaCompleta":{"etarioTotal":{"vacunados":1652196,"personasINE":1960774,"porcentaje":0.842624392204303},"etarioRangos":[{"rango":{"min":12,"max":19},"vacunados":147651,"personasINE":179797,"porcentaje":0.7193661915884139},{"rango":{"min":20,"max":29},"vacunados":181099,"personasINE":251747.99999999997,"porcentaje":0.8128215836091606},{"rango":{"min":30,"max":39},"vacunados":224702,"personasINE":310934,"porcentaje":0.8128215836091606},{"rango":{"min":40,"max":49},"vacunados":315313,"personasINE":387924,"porcentaje":0.8128215836091606},{"rango":{"min":50,"max":59},"vacunados":319255,"personasINE":350512,"porcentaje":0.9108247363856302},{"rango":{"min":60,"max":69},"vacunados":221492,"personasINE":235092,"porcentaje":0.9421503071138108},{"rango":{"min":70,"max":79},"vacunados":150549,"personasINE":154531,"porcentaje":0.9742317075538242},{"rango":{"min":80,"max":null},"vacunados":92135,"personasINE":92135,"porcentaje":1}]}}},{"ccaa":"Cantabria","dosisAdministradas":1012323,"dosisEntregadas":1114605,"dosisEntregadasModerna":122900,"dosisEntregadasPfizer":844305,"dosisEntregadasAstrazeneca":125200,"dosisEntregadasJanssen":22200,"dosisPrimeraDosis":486399,"dosisPautaCompletada":480386,"porcentajeEntregadas":0.9082347558103543,"porcentajePoblacionAdministradas":1.7366860809222773,"porcentajePoblacionPrimeraDosis":0.8344395742016281,"porcentajePoblacionCompletas":0.82412399962258,"fechaUltRegistro":1638748800000,"etarios":{"unaDosis":{"etarioTotal":{"vacunados":486399,"personasINE":524127,"porcentaje":0.9280174461533178},"etarioRangos":[{"rango":{"min":12,"max":19},"vacunados":40452,"personasINE":43963,"porcentaje":0.8313632313632313},{"rango":{"min":20,"max":29},"vacunados":41988,"personasINE":50505,"porcentaje":0.9054608311427957},{"rango":{"min":30,"max":39},"vacunados":55415,"personasINE":70473,"porcentaje":0.9054608311427957},{"rango":{"min":40,"max":49},"vacunados":88526,"personasINE":97769,"porcentaje":0.9054608311427957},{"rango":{"min":50,"max":59},"vacunados":84610,"personasINE":89964,"porcentaje":0.9404873060335245},{"rango":{"min":60,"max":69},"vacunados":76875,"personasINE":77345,"porcentaje":0.9939233305320319},{"rango":{"min":70,"max":79},"vacunados":56060,"personasINE":56060,"porcentaje":1},{"rango":{"min":80,"max":null},"vacunados":42473,"personasINE":42473,"porcentaje":1}]},"pautaCompleta":{"etarioTotal":{"vacunados":480386,"personasINE":524127,"porcentaje":0.9165450358405501},"etarioRangos":[{"rango":{"min":12,"max":19},"vacunados":39441,"personasINE":43963,"porcentaje":0.8099396099396099},{"rango":{"min":20,"max":29},"vacunados":40906,"personasINE":50505,"porcentaje":0.8917857398561916},{"rango":{"min":30,"max":39},"vacunados":54519,"personasINE":70473,"porcentaje":0.8917857398561916},{"rango":{"min":40,"max":49},"vacunados":87189,"personasINE":97769,"porcentaje":0.8917857398561916},{"rango":{"min":50,"max":59},"vacunados":83894,"personasINE":89964,"porcentaje":0.9325285669823485},{"rango":{"min":60,"max":69},"vacunados":76443,"personasINE":77345,"porcentaje":0.9883379662550908},{"rango":{"min":70,"max":79},"vacunados":55874,"personasINE":55874,"porcentaje":1},{"rango":{"min":80,"max":null},"vacunados":42120,"personasINE":42120,"porcentaje":1}]}}},{"ccaa":"Castilla y Leon","dosisAdministradas":4204450,"dosisEntregadas":4840859,"dosisEntregadasModerna":409670,"dosisEntregadasPfizer":3867399,"dosisEntregadasAstrazeneca":466170,"dosisEntregadasJanssen":97620,"dosisPrimeraDosis":2018944,"dosisPautaCompletada":1980719,"porcentajeEntregadas":0.8685338697119664,"porcentajePoblacionAdministradas":1.7555715895074486,"porcentajePoblacionPrimeraDosis":0.8430117440346601,"porcentajePoblacionCompletas":0.8270508635368726,"fechaUltRegistro":1638748800000,"etarios":{"unaDosis":{"etarioTotal":{"vacunados":2018944,"personasINE":2176253,"porcentaje":0.9277156654120637},"etarioRangos":[{"rango":{"min":12,"max":19},"vacunados":147274,"personasINE":165342,"porcentaje":0.8347250789077088},{"rango":{"min":20,"max":29},"vacunados":176132,"personasINE":211006,"porcentaje":0.8876536243652028},{"rango":{"min":30,"max":39},"vacunados":214888,"personasINE":267783,"porcentaje":0.8876536243652028},{"rango":{"min":40,"max":49},"vacunados":322489,"personasINE":363305,"porcentaje":0.8876536243652028},{"rango":{"min":50,"max":59},"vacunados":354420,"personasINE":381175,"porcentaje":0.9298091427821866},{"rango":{"min":60,"max":69},"vacunados":322270,"personasINE":322270,"porcentaje":1},{"rango":{"min":70,"max":79},"vacunados":251755,"personasINE":251755,"porcentaje":1},{"rango":{"min":80,"max":null},"vacunados":229716,"personasINE":229716,"porcentaje":1}]},"pautaCompleta":{"etarioTotal":{"vacunados":1980719,"personasINE":2176253,"porcentaje":0.9101510715895624},"etarioRangos":[{"rango":{"min":12,"max":19},"vacunados":137678,"personasINE":165342,"porcentaje":0.8022805038719278},{"rango":{"min":20,"max":29},"vacunados":169286,"personasINE":211006,"porcentaje":0.874235146777501},{"rango":{"min":30,"max":39},"vacunados":209170,"personasINE":267783,"porcentaje":0.874235146777501},{"rango":{"min":40,"max":49},"vacunados":317614,"personasINE":363305,"porcentaje":0.874235146777501},{"rango":{"min":50,"max":59},"vacunados":350113,"personasINE":381175,"porcentaje":0.9185098707942546},{"rango":{"min":60,"max":69},"vacunados":319493,"personasINE":318575,"porcentaje":1.0028815820450443},{"rango":{"min":70,"max":79},"vacunados":249851,"personasINE":249851,"porcentaje":1},{"rango":{"min":80,"max":null},"vacunados":227514,"personasINE":227514,"porcentaje":1}]}}},{"ccaa":"Castilla La Mancha","dosisAdministradas":3299024,"dosisEntregadas":3462900,"dosisEntregadasModerna":496270,"dosisEntregadasPfizer":2490795,"dosisEntregadasAstrazeneca":382100,"dosisEntregadasJanssen":93735,"dosisPrimeraDosis":1633806,"dosisPautaCompletada":1571118,"porcentajeEntregadas":0.9526766582921828,"porcentajePoblacionAdministradas":1.613040351140537,"porcentajePoblacionPrimeraDosis":0.798840809868469,"porcentajePoblacionCompletas":0.7681898435425805,"fechaUltRegistro":1638748800000},{"ccaa":"Cataluña","dosisAdministradas":12049359,"dosisEntregadas":12414030,"dosisEntregadasModerna":2054900,"dosisEntregadasPfizer":8469080,"dosisEntregadasAstrazeneca":1514300,"dosisEntregadasJanssen":375750,"dosisPrimeraDosis":6080797,"dosisPautaCompletada":5932624,"porcentajeEntregadas":0.97062428558655,"porcentajePoblacionAdministradas":1.5486654484897395,"porcentajePoblacionPrimeraDosis":0.7815453264509807,"porcentajePoblacionCompletas":0.7625011262160081,"fechaUltRegistro":1638748800000,"etarios":{"unaDosis":{"etarioTotal":{"vacunados":6080797,"personasINE":6868360,"porcentaje":0.8853346359247332},"etarioRangos":[{"rango":{"min":12,"max":19},"vacunados":551962,"personasINE":656166,"porcentaje":0.793486980516965},{"rango":{"min":20,"max":29},"vacunados":665684,"personasINE":838935,"porcentaje":0.8691783968923604},{"rango":{"min":30,"max":39},"vacunados":802176,"personasINE":1044652,"porcentaje":0.8691783968923604},{"rango":{"min":40,"max":49},"vacunados":1144495,"personasINE":1316755,"porcentaje":0.8691783968923604},{"rango":{"min":50,"max":59},"vacunados":1033436,"personasINE":1091780,"porcentaje":0.9465606624045138},{"rango":{"min":60,"max":69},"vacunados":803664,"personasINE":837584,"porcentaje":0.9595025692945424},{"rango":{"min":70,"max":79},"vacunados":619742,"personasINE":635292,"porcentaje":0.97552306655837},{"rango":{"min":80,"max":null},"vacunados":459638,"personasINE":459638,"porcentaje":1}]},"pautaCompleta":{"etarioTotal":{"vacunados":5932624,"personasINE":6868360,"porcentaje":0.8637613637025433},"etarioRangos":[{"rango":{"min":12,"max":19},"vacunados":528981,"personasINE":656166,"porcentaje":0.754332576421296},{"rango":{"min":20,"max":29},"vacunados":632836,"personasINE":838935,"porcentaje":0.8516405861378921},{"rango":{"min":30,"max":39},"vacunados":770674,"personasINE":1044652.0000000001,"porcentaje":0.8516405861378921},{"rango":{"min":40,"max":49},"vacunados":1121402,"personasINE":1316755,"porcentaje":0.8516405861378921},{"rango":{"min":50,"max":59},"vacunados":1020063,"personasINE":1091780,"porcentaje":0.9343118577002693},{"rango":{"min":60,"max":69},"vacunados":789590,"personasINE":837584,"porcentaje":0.9426994785000669},{"rango":{"min":70,"max":79},"vacunados":615264,"personasINE":635292,"porcentaje":0.9684743393589089},{"rango":{"min":80,"max":null},"vacunados":453814,"personasINE":453814,"porcentaje":1}]}}},{"ccaa":"C. Valenciana","dosisAdministradas":8168371,"dosisEntregadas":8876855,"dosisEntregadasModerna":1543650,"dosisEntregadasPfizer":6256180,"dosisEntregadasAstrazeneca":863900,"dosisEntregadasJanssen":213125,"dosisPrimeraDosis":4093220,"dosisPautaCompletada":4029904,"porcentajeEntregadas":0.920187498838271,"porcentajePoblacionAdministradas":1.6151474892102646,"porcentajePoblacionPrimeraDosis":0.8093601534241331,"porcentajePoblacionCompletas":0.7968405606648379,"fechaUltRegistro":1637798400000,"etarios":{"unaDosis":{"etarioTotal":{"vacunados":4093220,"personasINE":4488459,"porcentaje":0.9119432749636345},"etarioRangos":[{"rango":{"min":12,"max":19},"vacunados":376276,"personasINE":424531,"porcentaje":0.8309017565478197},{"rango":{"min":20,"max":29},"vacunados":428850,"personasINE":516126,"porcentaje":0.8865989187259566},{"rango":{"min":30,"max":39},"vacunados":513288,"personasINE":648759,"porcentaje":0.8865989187259566},{"rango":{"min":40,"max":49},"vacunados":755017,"personasINE":851588,"porcentaje":0.8865989187259566},{"rango":{"min":50,"max":59},"vacunados":716145,"personasINE":752334,"porcentaje":0.9518976943751046},{"rango":{"min":60,"max":69},"vacunados":571119,"personasINE":580728,"porcentaje":0.9834535272967724},{"rango":{"min":70,"max":79},"vacunados":434964,"personasINE":437862,"porcentaje":0.9933814763555641},{"rango":{"min":80,"max":null},"vacunados":297561,"personasINE":297561,"porcentaje":1}]},"pautaCompleta":{"etarioTotal":{"vacunados":4029904,"personasINE":4488459,"porcentaje":0.8978368745264244},"etarioRangos":[{"rango":{"min":12,"max":19},"vacunados":363695,"personasINE":424531,"porcentaje":0.8038986604046299},{"rango":{"min":20,"max":29},"vacunados":414913,"personasINE":516126,"porcentaje":0.8770027290191971},{"rango":{"min":30,"max":39},"vacunados":501641,"personasINE":648759,"porcentaje":0.8770027290191971},{"rango":{"min":40,"max":49},"vacunados":746845,"personasINE":851588,"porcentaje":0.8770027290191971},{"rango":{"min":50,"max":59},"vacunados":710688,"personasINE":752334,"porcentaje":0.9446442670409685},{"rango":{"min":60,"max":69},"vacunados":566263,"personasINE":580728,"porcentaje":0.9750916091526498},{"rango":{"min":70,"max":79},"vacunados":432264,"personasINE":437862,"porcentaje":0.9872151499787605},{"rango":{"min":80,"max":null},"vacunados":293595,"personasINE":293595,"porcentaje":1}]}}},{"ccaa":"Extremadura","dosisAdministradas":1875674,"dosisEntregadas":1930668,"dosisEntregadasModerna":231770,"dosisEntregadasPfizer":1464233,"dosisEntregadasAstrazeneca":185400,"dosisEntregadasJanssen":49265,"dosisPrimeraDosis":902468,"dosisPautaCompletada":888745,"porcentajeEntregadas":0.9715155583456089,"porcentajePoblacionAdministradas":1.7628730426217614,"porcentajePoblacionPrimeraDosis":0.8481945738058829,"porcentajePoblacionCompletas":0.8352968598300543,"fechaUltRegistro":1638748800000,"etarios":{"unaDosis":{"etarioTotal":{"vacunados":902468,"personasINE":953437,"porcentaje":0.9465418270950257},"etarioRangos":[{"rango":{"min":12,"max":19},"vacunados":78478,"personasINE":84750,"porcentaje":0.8323243911048359},{"rango":{"min":20,"max":29},"vacunados":94319,"personasINE":113320,"porcentaje":0.9195706421558177},{"rango":{"min":30,"max":39},"vacunados":113777,"personasINE":133479,"porcentaje":0.9195706421558177},{"rango":{"min":40,"max":49},"vacunados":146666,"personasINE":159494,"porcentaje":0.9195706421558177},{"rango":{"min":50,"max":59},"vacunados":161808,"personasINE":169216,"porcentaje":0.9562216338880484},{"rango":{"min":60,"max":69},"vacunados":133068,"personasINE":133068,"porcentaje":1},{"rango":{"min":70,"max":79},"vacunados":96024,"personasINE":96024,"porcentaje":1},{"rango":{"min":80,"max":null},"vacunados":78328,"personasINE":78328,"porcentaje":1}]},"pautaCompleta":{"etarioTotal":{"vacunados":888745,"personasINE":953437,"porcentaje":0.9321486369838804},"etarioRangos":[{"rango":{"min":12,"max":19},"vacunados":75917,"personasINE":84750,"porcentaje":0.8059301094246382},{"rango":{"min":20,"max":29},"vacunados":91328,"personasINE":113320,"porcentaje":0.9079902692264286},{"rango":{"min":30,"max":39},"vacunados":111318,"personasINE":133479,"porcentaje":0.9079902692264286},{"rango":{"min":40,"max":49},"vacunados":144819,"personasINE":159494,"porcentaje":0.9079902692264286},{"rango":{"min":50,"max":59},"vacunados":160550,"personasINE":169216,"porcentaje":0.9487873487140696},{"rango":{"min":60,"max":69},"vacunados":131676,"personasINE":125296.99999999999,"porcentaje":1.0509110353799374},{"rango":{"min":70,"max":79},"vacunados":95574,"personasINE":95574,"porcentaje":1},{"rango":{"min":80,"max":null},"vacunados":77563,"personasINE":77563,"porcentaje":1}]}}},{"ccaa":"Galicia","dosisAdministradas":4974665,"dosisEntregadas":5108079,"dosisEntregadasModerna":537400,"dosisEntregadasPfizer":3874579,"dosisEntregadasAstrazeneca":573400,"dosisEntregadasJanssen":122700,"dosisPrimeraDosis":2322822,"dosisPautaCompletada":2299382,"porcentajeEntregadas":0.973881766511442,"porcentajePoblacionAdministradas":1.8412280763441222,"porcentajePoblacionPrimeraDosis":0.8597252443631495,"porcentajePoblacionCompletas":0.8510496076902265,"fechaUltRegistro":1638748800000,"etarios":{"unaDosis":{"etarioTotal":{"vacunados":2322822,"personasINE":2454497,"porcentaje":0.9463535706093754},"etarioRangos":[{"rango":{"min":12,"max":19},"vacunados":171786,"personasINE":180007,"porcentaje":0.8717946497763885},{"rango":{"min":20,"max":29},"vacunados":201368,"personasINE":230981,"porcentaje":0.9251840503947241},{"rango":{"min":30,"max":39},"vacunados":266048,"personasINE":323408,"porcentaje":0.9251840503947241},{"rango":{"min":40,"max":49},"vacunados":410061,"personasINE":443221,"porcentaje":0.9251840503947241},{"rango":{"min":50,"max":59},"vacunados":392208,"personasINE":405889,"porcentaje":0.96629374040686},{"rango":{"min":60,"max":69},"vacunados":347049,"personasINE":347049,"porcentaje":1},{"rango":{"min":70,"max":79},"vacunados":291690,"personasINE":291690,"porcentaje":1},{"rango":{"min":80,"max":null},"vacunados":242612,"personasINE":242612,"porcentaje":1}]},"pautaCompleta":{"etarioTotal":{"vacunados":2299382,"personasINE":2454497,"porcentaje":0.9368037524592615},"etarioRangos":[{"rango":{"min":12,"max":19},"vacunados":167837,"personasINE":180007,"porcentaje":0.850507184573623},{"rango":{"min":20,"max":29},"vacunados":196451,"personasINE":230981,"porcentaje":0.9174271977185197},{"rango":{"min":30,"max":39},"vacunados":261903,"personasINE":323408,"porcentaje":0.9174271977185197},{"rango":{"min":40,"max":49},"vacunados":406623,"personasINE":443221,"porcentaje":0.9174271977185197},{"rango":{"min":50,"max":59},"vacunados":389775,"personasINE":405889,"porcentaje":0.9602994907474703},{"rango":{"min":60,"max":69},"vacunados":345565,"personasINE":346927,"porcentaje":0.9960741020445223},{"rango":{"min":70,"max":79},"vacunados":290326,"personasINE":290326,"porcentaje":1},{"rango":{"min":80,"max":null},"vacunados":240902,"personasINE":240902,"porcentaje":1}]}}},{"ccaa":"La Rioja","dosisAdministradas":535956,"dosisEntregadas":557305,"dosisEntregadasModerna":67600,"dosisEntregadasPfizer":421265,"dosisEntregadasAstrazeneca":53240,"dosisEntregadasJanssen":15200,"dosisPrimeraDosis":262436,"dosisPautaCompletada":257586,"porcentajeEntregadas":0.9616924305362414,"porcentajePoblacionAdministradas":1.6753127402989554,"porcentajePoblacionPrimeraDosis":0.8203329644842051,"porcentajePoblacionCompletas":0.8051726401470395,"fechaUltRegistro":1638489600000,"etarios":{"unaDosis":{"etarioTotal":{"vacunados":262436,"personasINE":283970,"porcentaje":0.9241680459203437},"etarioRangos":[{"rango":{"min":12,"max":19},"vacunados":22501,"personasINE":25532,"porcentaje":0.8088843653555716},{"rango":{"min":20,"max":29},"vacunados":24637,"personasINE":30458,"porcentaje":0.9034883940544318},{"rango":{"min":30,"max":39},"vacunados":31649,"personasINE":39319,"porcentaje":0.9034883940544318},{"rango":{"min":40,"max":49},"vacunados":47837,"personasINE":52947,"porcentaje":0.9034883940544318},{"rango":{"min":50,"max":59},"vacunados":45556,"personasINE":47664,"porcentaje":0.9557737495803961},{"rango":{"min":60,"max":69},"vacunados":38153,"personasINE":38153,"porcentaje":1},{"rango":{"min":70,"max":79},"vacunados":28702,"personasINE":28702,"porcentaje":1},{"rango":{"min":80,"max":null},"vacunados":23401,"personasINE":23401,"porcentaje":1}]},"pautaCompleta":{"etarioTotal":{"vacunados":257586,"personasINE":283970,"porcentaje":0.9070887769834842},"etarioRangos":[{"rango":{"min":12,"max":19},"vacunados":21750,"personasINE":25532,"porcentaje":0.7800906165867753},{"rango":{"min":20,"max":29},"vacunados":23760,"personasINE":30458,"porcentaje":0.8890210965682663},{"rango":{"min":30,"max":39},"vacunados":30845,"personasINE":39319,"porcentaje":0.8890210965682663},{"rango":{"min":40,"max":49},"vacunados":47071,"personasINE":52947,"porcentaje":0.8890210965682663},{"rango":{"min":50,"max":59},"vacunados":44904,"personasINE":47664,"porcentaje":0.9420946626384693},{"rango":{"min":60,"max":69},"vacunados":37493,"personasINE":37718,"porcentaje":0.9940346784028846},{"rango":{"min":70,"max":79},"vacunados":28577,"personasINE":28577,"porcentaje":1},{"rango":{"min":80,"max":null},"vacunados":23186,"personasINE":23186,"porcentaje":1}]}}},{"ccaa":"Madrid","dosisAdministradas":10688172,"dosisEntregadas":11464185,"dosisEntregadasModerna":1820800,"dosisEntregadasPfizer":8099835,"dosisEntregadasAstrazeneca":1222100,"dosisEntregadasJanssen":321450,"dosisPrimeraDosis":5424852,"dosisPautaCompletada":5299404,"porcentajeEntregadas":0.9323097978617756,"porcentajePoblacionAdministradas":1.5764525903672746,"porcentajePoblacionPrimeraDosis":0.8001388813502524,"porcentajePoblacionCompletas":0.7816359208293706,"fechaUltRegistro":1638748800000,"etarios":{"unaDosis":{"etarioTotal":{"vacunados":5424852,"personasINE":5977937,"porcentaje":0.9074789513506081},"etarioRangos":[{"rango":{"min":12,"max":19},"vacunados":468430,"personasINE":553542,"porcentaje":0.8343351628000942},{"rango":{"min":20,"max":29},"vacunados":619473,"personasINE":742475,"porcentaje":0.8957984375254616},{"rango":{"min":30,"max":39},"vacunados":766226,"personasINE":949640,"porcentaje":0.8957984375254616},{"rango":{"min":40,"max":49},"vacunados":1044475,"personasINE":1165971,"porcentaje":0.8957984375254616},{"rango":{"min":50,"max":59},"vacunados":947023,"personasINE":972783,"porcentaje":0.9735192740827091},{"rango":{"min":60,"max":69},"vacunados":691982,"personasINE":703323,"porcentaje":0.9838751185443957},{"rango":{"min":70,"max":79},"vacunados":512403,"personasINE":526081,"porcentaje":0.9740002014898846},{"rango":{"min":80,"max":null},"vacunados":374840,"personasINE":374840,"porcentaje":1}]},"pautaCompleta":{"etarioTotal":{"vacunados":5299404,"personasINE":5977937,"porcentaje":0.8864937853978722},"etarioRangos":[{"rango":{"min":12,"max":19},"vacunados":452333,"personasINE":553542,"porcentaje":0.7951190275766861},{"rango":{"min":20,"max":29},"vacunados":590356,"personasINE":742475,"porcentaje":0.8768863033471673},{"rango":{"min":30,"max":39},"vacunados":737495,"personasINE":949639.9999999999,"porcentaje":0.8768863033471673},{"rango":{"min":40,"max":49},"vacunados":1022424,"personasINE":1165971,"porcentaje":0.8768863033471673},{"rango":{"min":50,"max":59},"vacunados":937778,"personasINE":972783,"porcentaje":0.9640156129373149},{"rango":{"min":60,"max":69},"vacunados":676911,"personasINE":703323,"porcentaje":0.962446841636062},{"rango":{"min":70,"max":79},"vacunados":510230,"personasINE":526081,"porcentaje":0.9698696588548151},{"rango":{"min":80,"max":null},"vacunados":371877,"personasINE":371877,"porcentaje":1}]}}},{"ccaa":"Murcia","dosisAdministradas":2422334,"dosisEntregadas":2507175,"dosisEntregadasModerna":498000,"dosisEntregadasPfizer":1687865,"dosisEntregadasAstrazeneca":253010,"dosisEntregadasJanssen":68300,"dosisPrimeraDosis":1205401,"dosisPautaCompletada":1175541,"porcentajeEntregadas":0.9661607187372242,"porcentajePoblacionAdministradas":1.602866764025301,"porcentajePoblacionPrimeraDosis":0.797617999921919,"porcentajePoblacionCompletas":0.7778595349151134,"fechaUltRegistro":1638748800000,"etarios":{"unaDosis":{"etarioTotal":{"vacunados":1205401,"personasINE":1310137,"porcentaje":0.9200572153904515},"etarioRangos":[{"rango":{"min":12,"max":19},"vacunados":122974,"personasINE":141894,"porcentaje":0.8369676280711532},{"rango":{"min":20,"max":29},"vacunados":144166,"personasINE":172248,"porcentaje":0.9184834570757445},{"rango":{"min":30,"max":39},"vacunados":169914,"personasINE":209003,"porcentaje":0.9184834570757445},{"rango":{"min":40,"max":49},"vacunados":233439,"personasINE":254157,"porcentaje":0.9184834570757445},{"rango":{"min":50,"max":59},"vacunados":208321,"personasINE":213256,"porcentaje":0.9768587988145703},{"rango":{"min":60,"max":69},"vacunados":148928,"personasINE":148928,"porcentaje":1},{"rango":{"min":70,"max":79},"vacunados":103575,"personasINE":103575,"porcentaje":1},{"rango":{"min":80,"max":null},"vacunados":74084,"personasINE":74084,"porcentaje":1}]},"pautaCompleta":{"etarioTotal":{"vacunados":1175541,"personasINE":1310137,"porcentaje":0.8972657058002331},"etarioRangos":[{"rango":{"min":12,"max":19},"vacunados":118577,"personasINE":141894,"porcentaje":0.7978612233523756},{"rango":{"min":20,"max":29},"vacunados":137430,"personasINE":172248,"porcentaje":0.8985981106166661},{"rango":{"min":30,"max":39},"vacunados":163948,"personasINE":209003,"porcentaje":0.8985981106166661},{"rango":{"min":40,"max":49},"vacunados":228385,"personasINE":254157,"porcentaje":0.8985981106166661},{"rango":{"min":50,"max":59},"vacunados":205616,"personasINE":213256,"porcentaje":0.9641745132610572},{"rango":{"min":60,"max":69},"vacunados":145736,"personasINE":146909,"porcentaje":0.9920154653561049},{"rango":{"min":70,"max":79},"vacunados":102595,"personasINE":102899,"porcentaje":0.9970456467021059},{"rango":{"min":80,"max":null},"vacunados":73254,"personasINE":73254,"porcentaje":1}]}}},{"ccaa":"Navarra","dosisAdministradas":1089474,"dosisEntregadas":1116375,"dosisEntregadasModerna":151500,"dosisEntregadasPfizer":804525,"dosisEntregadasAstrazeneca":136600,"dosisEntregadasJanssen":23750,"dosisPrimeraDosis":533246,"dosisPautaCompletada":525167,"porcentajeEntregadas":0.9759032583137387,"porcentajePoblacionAdministradas":1.6477297991370197,"porcentajePoblacionPrimeraDosis":0.8064858128515404,"porcentajePoblacionCompletas":0.7942670641276351,"fechaUltRegistro":1638748800000,"etarios":{"unaDosis":{"etarioTotal":{"vacunados":533246,"personasINE":581354,"porcentaje":0.9172483547029865},"etarioRangos":[{"rango":{"min":12,"max":19},"vacunados":50424,"personasINE":56388,"porcentaje":0.8607160156766039},{"rango":{"min":20,"max":29},"vacunados":58638,"personasINE":68127,"porcentaje":0.8884372511620156},{"rango":{"min":30,"max":39},"vacunados":65062,"personasINE":81341,"porcentaje":0.8884372511620156},{"rango":{"min":40,"max":49},"vacunados":95953,"personasINE":108002,"porcentaje":0.8884372511620156},{"rango":{"min":50,"max":59},"vacunados":92224,"personasINE":96694,"porcentaje":0.9537716921422219},{"rango":{"min":60,"max":69},"vacunados":72461,"personasINE":73844,"porcentaje":0.9812713287470884},{"rango":{"min":70,"max":79},"vacunados":55942,"personasINE":55942,"porcentaje":1},{"rango":{"min":80,"max":null},"vacunados":42542,"personasINE":42542,"porcentaje":1}]},"pautaCompleta":{"etarioTotal":{"vacunados":525167,"personasINE":581354,"porcentaje":0.9033514863577098},"etarioRangos":[{"rango":{"min":12,"max":19},"vacunados":49257,"personasINE":56388,"porcentaje":0.8302875511911577},{"rango":{"min":20,"max":29},"vacunados":56565,"personasINE":68127,"porcentaje":0.8785948408362808},{"rango":{"min":30,"max":39},"vacunados":63628,"personasINE":81341,"porcentaje":0.8785948408362808},{"rango":{"min":40,"max":49},"vacunados":94890,"personasINE":108002,"porcentaje":0.8785948408362808},{"rango":{"min":50,"max":59},"vacunados":91528,"personasINE":96694,"porcentaje":0.946573727428796},{"rango":{"min":60,"max":69},"vacunados":71366,"personasINE":73844,"porcentaje":0.9664427712474947},{"rango":{"min":70,"max":79},"vacunados":55779,"personasINE":55792,"porcentaje":0.9997669916833954},{"rango":{"min":80,"max":null},"vacunados":42154,"personasINE":42154,"porcentaje":1}]}}},{"ccaa":"País Vasco","dosisAdministradas":3713060,"dosisEntregadas":3819750,"dosisEntregadasModerna":526100,"dosisEntregadasPfizer":2748150,"dosisEntregadasAstrazeneca":444200,"dosisEntregadasJanssen":101300,"dosisPrimeraDosis":1828696,"dosisPautaCompletada":1794119,"porcentajeEntregadas":0.9720688526736043,"porcentajePoblacionAdministradas":1.672169921783523,"porcentajePoblacionPrimeraDosis":0.8235499688359039,"porcentajePoblacionCompletas":0.8079782788051721,"fechaUltRegistro":1638748800000,"etarios":{"unaDosis":{"etarioTotal":{"vacunados":1828696,"personasINE":1983943,"porcentaje":0.9217482558722705},"etarioRangos":[{"rango":{"min":12,"max":19},"vacunados":150257,"personasINE":168606,"porcentaje":0.8322565919398216},{"rango":{"min":20,"max":29},"vacunados":167728,"personasINE":201534,"porcentaje":0.8904463277304195},{"rango":{"min":30,"max":39},"vacunados":205943,"personasINE":260543,"porcentaje":0.8904463277304195},{"rango":{"min":40,"max":49},"vacunados":322460,"personasINE":362133,"porcentaje":0.8904463277304195},{"rango":{"min":50,"max":59},"vacunados":324908,"personasINE":339977,"porcentaje":0.9556764134044362},{"rango":{"min":60,"max":69},"vacunados":279096,"personasINE":280119,"porcentaje":0.9963479806796397},{"rango":{"min":70,"max":79},"vacunados":213946,"personasINE":213946,"porcentaje":1},{"rango":{"min":80,"max":null},"vacunados":164358,"personasINE":164358,"porcentaje":1}]},"pautaCompleta":{"etarioTotal":{"vacunados":1794119,"personasINE":1983943,"porcentaje":0.9043198317693603},"etarioRangos":[{"rango":{"min":12,"max":19},"vacunados":146253,"personasINE":168606,"porcentaje":0.8051792749610488},{"rango":{"min":20,"max":29},"vacunados":162271,"personasINE":201534,"porcentaje":0.8766668599658136},{"rango":{"min":30,"max":39},"vacunados":200163,"personasINE":260543,"porcentaje":0.8766668599658136},{"rango":{"min":40,"max":49},"vacunados":317470,"personasINE":362133,"porcentaje":0.8766668599658136},{"rango":{"min":50,"max":59},"vacunados":321235,"personasINE":339977,"porcentaje":0.9448727413913294},{"rango":{"min":60,"max":69},"vacunados":272503,"personasINE":280119,"porcentaje":0.9728115550890871},{"rango":{"min":70,"max":79},"vacunados":212208,"personasINE":213081,"porcentaje":0.9959029664775367},{"rango":{"min":80,"max":null},"vacunados":162016,"personasINE":157950,"porcentaje":1.0257423235201013}]}}},{"ccaa":"Ceuta","dosisAdministradas":122277,"dosisEntregadas":142225,"dosisEntregadasModerna":22270,"dosisEntregadasPfizer":97920,"dosisEntregadasAstrazeneca":18100,"dosisEntregadasJanssen":3935,"dosisPrimeraDosis":63384,"dosisPautaCompletada":60797,"porcentajeEntregadas":0.8597433643874143,"porcentajePoblacionAdministradas":1.4521864088738985,"porcentajePoblacionPrimeraDosis":0.7527612170732286,"porcentajePoblacionCompletas":0.7220374812949811,"fechaUltRegistro":1638748800000,"etarios":{"unaDosis":{"etarioTotal":{"vacunados":63384,"personasINE":70965,"porcentaje":0.8931726907630522},"etarioRangos":[{"rango":{"min":12,"max":19},"vacunados":8723,"personasINE":9126,"porcentaje":0.8583021792650679},{"rango":{"min":20,"max":29},"vacunados":9413,"personasINE":10967,"porcentaje":0.8887043189368771},{"rango":{"min":30,"max":39},"vacunados":9380,"personasINE":11894,"porcentaje":0.8887043189368771},{"rango":{"min":40,"max":49},"vacunados":11235,"personasINE":12642,"porcentaje":0.8887043189368771},{"rango":{"min":50,"max":59},"vacunados":10632,"personasINE":11556,"porcentaje":0.9200415368639667},{"rango":{"min":60,"max":69},"vacunados":7688,"personasINE":7857,"porcentaje":0.9784905180094183},{"rango":{"min":70,"max":79},"vacunados":3905,"personasINE":4318,"porcentaje":0.9043538675312645},{"rango":{"min":80,"max":null},"vacunados":2408,"personasINE":2605,"porcentaje":0.9243761996161228}]},"pautaCompleta":{"etarioTotal":{"vacunados":60797,"personasINE":70965,"porcentaje":0.8567181004720636},"etarioRangos":[{"rango":{"min":12,"max":19},"vacunados":7959,"personasINE":9126,"porcentaje":0.7880915473693809},{"rango":{"min":20,"max":29},"vacunados":8643,"personasINE":10967,"porcentaje":0.8686125613035912},{"rango":{"min":30,"max":39},"vacunados":8970,"personasINE":11894,"porcentaje":0.8686125613035912},{"rango":{"min":40,"max":49},"vacunados":10981,"personasINE":12642,"porcentaje":0.8686125613035912},{"rango":{"min":50,"max":59},"vacunados":10486,"personasINE":11556,"porcentaje":0.9074074074074074},{"rango":{"min":60,"max":69},"vacunados":7540,"personasINE":7857,"porcentaje":0.9596538118874889},{"rango":{"min":70,"max":79},"vacunados":3847,"personasINE":4318,"porcentaje":0.8909217230199167},{"rango":{"min":80,"max":null},"vacunados":2371,"personasINE":2605,"porcentaje":0.9101727447216891}]}}},{"ccaa":"Melilla","dosisAdministradas":111141,"dosisEntregadas":141100,"dosisEntregadasModerna":23500,"dosisEntregadasPfizer":96750,"dosisEntregadasAstrazeneca":15100,"dosisEntregadasJanssen":5750,"dosisPrimeraDosis":60301,"dosisPautaCompletada":57830,"porcentajeEntregadas":0.7876754075124025,"porcentajePoblacionAdministradas":1.2763677706830814,"porcentajePoblacionPrimeraDosis":0.6925099912719923,"porcentajePoblacionCompletas":0.6641324819697735,"fechaUltRegistro":1638489600000,"etarios":{"unaDosis":{"etarioTotal":{"vacunados":60301,"personasINE":70927,"porcentaje":0.8501839919917662},"etarioRangos":[{"rango":{"min":12,"max":19},"vacunados":8397,"personasINE":9574,"porcentaje":0.7746561067111296},{"rango":{"min":20,"max":29},"vacunados":9292,"personasINE":11995,"porcentaje":0.8770204965839027},{"rango":{"min":30,"max":39},"vacunados":9053,"personasINE":12133,"porcentaje":0.8770204965839027},{"rango":{"min":40,"max":49},"vacunados":10526,"personasINE":12002,"porcentaje":0.8770204965839027},{"rango":{"min":50,"max":59},"vacunados":10079,"personasINE":11299,"porcentaje":0.8920258429949554},{"rango":{"min":60,"max":69},"vacunados":7456,"personasINE":7827,"porcentaje":0.9525999744474256},{"rango":{"min":70,"max":79},"vacunados":3410,"personasINE":3748,"porcentaje":0.9098185699039488},{"rango":{"min":80,"max":null},"vacunados":2088,"personasINE":2349,"porcentaje":0.8888888888888888}]},"pautaCompleta":{"etarioTotal":{"vacunados":57830,"personasINE":70927,"porcentaje":0.8153453550833956},"etarioRangos":[{"rango":{"min":12,"max":19},"vacunados":7833,"personasINE":9574,"porcentaje":0.710962901208837},{"rango":{"min":20,"max":29},"vacunados":8528,"personasINE":11995,"porcentaje":0.8569405099150141},{"rango":{"min":30,"max":39},"vacunados":8685,"personasINE":12133,"porcentaje":0.8569405099150141},{"rango":{"min":40,"max":49},"vacunados":10285,"personasINE":12002,"porcentaje":0.8569405099150141},{"rango":{"min":50,"max":59},"vacunados":9856,"personasINE":11299,"porcentaje":0.8722895831489512},{"rango":{"min":60,"max":69},"vacunados":7264,"personasINE":7827,"porcentaje":0.9280695030024275},{"rango":{"min":70,"max":79},"vacunados":3343,"personasINE":3748,"porcentaje":0.8919423692636073},{"rango":{"min":80,"max":null},"vacunados":2036,"personasINE":2349,"porcentaje":0.866751809280545}]}}},{"ccaa":"Fuerzas Armadas","dosisAdministradas":177746,"dosisEntregadas":212238,"dosisEntregadasModerna":58300,"dosisEntregadasPfizer":48138,"dosisEntregadasAstrazeneca":103800,"dosisEntregadasJanssen":2000,"dosisPrimeraDosis":95248,"dosisPautaCompletada":89105,"porcentajeEntregadas":0.8374843336254583,"porcentajePoblacionAdministradas":null,"porcentajePoblacionPrimeraDosis":null,"porcentajePoblacionCompletas":null,"fechaUltRegistro":1638144000000},{"ccaa":"Sanidad Exterior","dosisAdministradas":7829,"dosisEntregadas":9940,"dosisEntregadasModerna":5540,"dosisEntregadasPfizer":0,"dosisEntregadasAstrazeneca":0,"dosisEntregadasJanssen":4400,"dosisPrimeraDosis":5995,"dosisPautaCompletada":5688,"porcentajeEntregadas":0.787625754527163,"porcentajePoblacionAdministradas":null,"porcentajePoblacionPrimeraDosis":null,"porcentajePoblacionCompletas":null,"fechaUltRegistro":1638489600000,"etarios":{"unaDosis":{"etarioTotal":{"vacunados":5995,"personasINE":"-","porcentaje":"-"},"etarioRangos":[{"rango":{"min":12,"max":19},"vacunados":185,"personasINE":null,"porcentaje":"-"},{"rango":{"min":20,"max":29},"vacunados":1476,"personasINE":null,"porcentaje":"-"},{"rango":{"min":30,"max":39},"vacunados":1763,"personasINE":null,"porcentaje":"-"},{"rango":{"min":40,"max":49},"vacunados":1484,"personasINE":null,"porcentaje":"-"},{"rango":{"min":50,"max":59},"vacunados":761,"personasINE":null,"porcentaje":"-"},{"rango":{"min":60,"max":69},"vacunados":254,"personasINE":null,"porcentaje":"-"},{"rango":{"min":70,"max":79},"vacunados":43,"personasINE":null,"porcentaje":"-"},{"rango":{"min":80,"max":null},"vacunados":29,"personasINE":null,"porcentaje":"-"}]},"pautaCompleta":{"etarioTotal":{"vacunados":5688,"personasINE":"-","porcentaje":"-"},"etarioRangos":[{"rango":{"min":12,"max":19},"vacunados":168,"personasINE":null,"porcentaje":"-"},{"rango":{"min":20,"max":29},"vacunados":1403,"personasINE":null,"porcentaje":"-"},{"rango":{"min":30,"max":39},"vacunados":1675,"personasINE":null,"porcentaje":"-"},{"rango":{"min":40,"max":49},"vacunados":1412,"personasINE":null,"porcentaje":"-"},{"rango":{"min":50,"max":59},"vacunados":730,"personasINE":null,"porcentaje":"-"},{"rango":{"min":60,"max":69},"vacunados":232,"personasINE":null,"porcentaje":"-"},{"rango":{"min":70,"max":79},"vacunados":41,"personasINE":null,"porcentaje":"-"},{"rango":{"min":80,"max":null},"vacunados":27,"personasINE":null,"porcentaje":"-"}]}}},{"ccaa":"Totales","dosisAdministradas":77541843,"dosisEntregadas":81907344,"dosisEntregadasModerna":12102970,"dosisEntregadasPfizer":58602639,"dosisEntregadasAstrazeneca":9051120,"dosisEntregadasJanssen":2150615,"dosisPrimeraDosis":38447301,"dosisPautaCompletada":37677168,"porcentajeEntregadas":0.9467019587401101,"porcentajePoblacionAdministradas":1.6519353003834683,"porcentajePoblacionPrimeraDosis":0.81907330634853,"porcentajePoblacionCompletas":0.8026665530464423,"fechaUltRegistro":null,"etarios":{"unaDosis":{"etarioTotal":{"vacunados":38447301,"personasINE":42119827,"porcentaje":0.9128076665652022},"etarioRangos":[{"rango":{"min":12,"max":19},"vacunados":3420073,"personasINE":3888686,"porcentaje":0.8271829698420916},{"rango":{"min":20,"max":29},"vacunados":4090122,"personasINE":4944640,"porcentaje":0.8917126863198812},{"rango":{"min":30,"max":39},"vacunados":4990601,"personasINE":6230403,"porcentaje":0.8917126863198812},{"rango":{"min":40,"max":49},"vacunados":7037162,"personasINE":7891737,"porcentaje":0.8917126863198812},{"rango":{"min":50,"max":59},"vacunados":6714183,"personasINE":7033306,"porcentaje":0.9546268852798385},{"rango":{"min":60,"max":69},"vacunados":5300065,"personasINE":5336986,"porcentaje":0.9930820504307113},{"rango":{"min":70,"max":79},"vacunados":3952120,"personasINE":3960045,"porcentaje":0.9979987601150997},{"rango":{"min":80,"max":null},"vacunados":2942975,"personasINE":2942975,"porcentaje":1}]},"pautaCompleta":{"etarioTotal":{"vacunados":37677168,"personasINE":42119827,"porcentaje":0.894523332206469},"etarioRangos":[{"rango":{"min":12,"max":19},"vacunados":3297150,"personasINE":3888686,"porcentaje":0.7933135678229355},{"rango":{"min":20,"max":29},"vacunados":3922650,"personasINE":4944640,"porcentaje":0.8768381409568008},{"rango":{"min":30,"max":39},"vacunados":4836579,"personasINE":6230403,"porcentaje":0.8768381409568008},{"rango":{"min":40,"max":49},"vacunados":6919776,"personasINE":7891737,"porcentaje":0.8768381409568008},{"rango":{"min":50,"max":59},"vacunados":6640901,"personasINE":7033306,"porcentaje":0.9442076030816802},{"rango":{"min":60,"max":69},"vacunados":5223259,"personasINE":5336986,"porcentaje":0.9786907816509168},{"rango":{"min":70,"max":79},"vacunados":3926425,"personasINE":3960045,"porcentaje":0.9915101974851296},{"rango":{"min":80,"max":null},"vacunados":2910428,"personasINE":2910428,"porcentaje":1}]}}}]