[{"ccaa":"Andalucía","dosisAdministradas":12102296,"dosisEntregadas":13191500,"dosisEntregadasModerna":1853500,"dosisEntregadasPfizer":9006750,"dosisEntregadasAstrazeneca":1805800,"dosisEntregadasJanssen":525450,"dosisPrimeraDosis":6592291,"dosisPautaCompletada":6134268,"porcentajeEntregadas":0.9174313762650191,"porcentajePoblacionAdministradas":1.4297859591175335,"porcentajePoblacionPrimeraDosis":0.7788245395928908,"porcentajePoblacionCompletas":0.7247129185952809,"fechaUltRegistro":1630540800000,"etarios":{"unaDosis":{"etarioTotal":{"vacunados":6592291,"personasINE":7451975,"porcentaje":0.8846367573696906},"etarioRangos":[{"rango":{"min":12,"max":19},"vacunados":579711,"personasINE":752907,"porcentaje":0.756310085799938},{"rango":{"min":20,"max":29},"vacunados":702364,"personasINE":928672,"porcentaje":0.8805766167983285},{"rango":{"min":30,"max":39},"vacunados":886000,"personasINE":1140217,"porcentaje":0.8805766167983285},{"rango":{"min":40,"max":49},"vacunados":1219699,"personasINE":1385114,"porcentaje":0.8805766167983285},{"rango":{"min":50,"max":59},"vacunados":1197288,"personasINE":1265021,"porcentaje":0.9464570153380854},{"rango":{"min":60,"max":69},"vacunados":921234,"personasINE":921234,"porcentaje":1},{"rango":{"min":70,"max":79},"vacunados":652564,"personasINE":652564,"porcentaje":1},{"rango":{"min":80,"max":null},"vacunados":433431,"personasINE":433431,"porcentaje":1}]},"pautaCompleta":{"etarioTotal":{"vacunados":6134268,"personasINE":7451975,"porcentaje":0.8231734540172236},"etarioRangos":[{"rango":{"min":12,"max":19},"vacunados":336477,"personasINE":752907,"porcentaje":0.6666239533441302},{"rango":{"min":20,"max":29},"vacunados":619075,"personasINE":928671.9999999999,"porcentaje":0.8598230903737887},{"rango":{"min":30,"max":39},"vacunados":830561,"personasINE":1140217,"porcentaje":0.8598230903737887},{"rango":{"min":40,"max":49},"vacunados":1190953,"personasINE":1385114,"porcentaje":0.8598230903737887},{"rango":{"min":50,"max":59},"vacunados":1181278,"personasINE":1265021,"porcentaje":0.9338010989540885},{"rango":{"min":60,"max":69},"vacunados":902572,"personasINE":916147,"porcentaje":0.9851825089205116},{"rango":{"min":70,"max":79},"vacunados":646761,"personasINE":650381,"porcentaje":0.9944340317444698},{"rango":{"min":80,"max":null},"vacunados":426591,"personasINE":426591,"porcentaje":1}]}}},{"ccaa":"Aragón","dosisAdministradas":1895905,"dosisEntregadas":2040845,"dosisEntregadasModerna":249400,"dosisEntregadasPfizer":1461645,"dosisEntregadasAstrazeneca":265100,"dosisEntregadasJanssen":64700,"dosisPrimeraDosis":1038774,"dosisPautaCompletada":975217,"porcentajeEntregadas":0.9289803978254105,"porcentajePoblacionAdministradas":1.4261455057240495,"porcentajePoblacionPrimeraDosis":0.7813908774769801,"porcentajePoblacionCompletas":0.7335817678922153,"fechaUltRegistro":1630540800000,"etarios":{"unaDosis":{"etarioTotal":{"vacunados":1038774,"personasINE":1185134,"porcentaje":0.8765034164912997},"etarioRangos":[{"rango":{"min":12,"max":19},"vacunados":79538,"personasINE":103109,"porcentaje":0.7450633047292582},{"rango":{"min":20,"max":29},"vacunados":97157,"personasINE":130401,"porcentaje":0.8572040029217048},{"rango":{"min":30,"max":39},"vacunados":120237,"personasINE":164286,"porcentaje":0.8572040029217048},{"rango":{"min":40,"max":49},"vacunados":184250,"personasINE":214943,"porcentaje":0.8572040029217048},{"rango":{"min":50,"max":59},"vacunados":183964,"personasINE":198266,"porcentaje":0.9278645859602755},{"rango":{"min":60,"max":69},"vacunados":153558,"personasINE":156367,"porcentaje":0.9820358515543561},{"rango":{"min":70,"max":79},"vacunados":118996,"personasINE":118996,"porcentaje":1},{"rango":{"min":80,"max":null},"vacunados":101074,"personasINE":101074,"porcentaje":1}]},"pautaCompleta":{"etarioTotal":{"vacunados":975217,"personasINE":1185134,"porcentaje":0.8228748816589516},"etarioRangos":[{"rango":{"min":12,"max":19},"vacunados":47261,"personasINE":103109,"porcentaje":0.6646574796205551},{"rango":{"min":20,"max":29},"vacunados":86672,"personasINE":130400.99999999999,"porcentaje":0.8361891292110001},{"rango":{"min":30,"max":39},"vacunados":111916,"personasINE":164286,"porcentaje":0.8361891292110001},{"rango":{"min":40,"max":49},"vacunados":179733,"personasINE":214943,"porcentaje":0.8361891292110001},{"rango":{"min":50,"max":59},"vacunados":181146,"personasINE":198266,"porcentaje":0.9136513572675093},{"rango":{"min":60,"max":69},"vacunados":150748,"personasINE":156367,"porcentaje":0.9640653078974464},{"rango":{"min":70,"max":79},"vacunados":118103,"personasINE":118955,"porcentaje":0.9928376276743306},{"rango":{"min":80,"max":null},"vacunados":99638,"personasINE":99638,"porcentaje":1}]}}},{"ccaa":"Asturias","dosisAdministradas":1606231,"dosisEntregadas":1606985,"dosisEntregadasModerna":157500,"dosisEntregadasPfizer":1163885,"dosisEntregadasAstrazeneca":235900,"dosisEntregadasJanssen":49700,"dosisPrimeraDosis":860325,"dosisPautaCompletada":816015,"porcentajeEntregadas":0.9995307983584165,"porcentajePoblacionAdministradas":1.5766158479128058,"porcentajePoblacionPrimeraDosis":0.8444626142538556,"porcentajePoblacionCompletas":0.8009695872726702,"fechaUltRegistro":1630540800000,"etarios":{"unaDosis":{"etarioTotal":{"vacunados":860325,"personasINE":933927,"porcentaje":0.921190842539085},"etarioRangos":[{"rango":{"min":12,"max":19},"vacunados":56144,"personasINE":64000,"porcentaje":0.8034028137679968},{"rango":{"min":20,"max":29},"vacunados":63558,"personasINE":79111,"porcentaje":0.8930314444318025},{"rango":{"min":30,"max":39},"vacunados":88843,"personasINE":114451.00000000001,"porcentaje":0.8930314444318025},{"rango":{"min":40,"max":49},"vacunados":149130,"personasINE":166993,"porcentaje":0.8930314444318025},{"rango":{"min":50,"max":59},"vacunados":152283,"personasINE":162645,"porcentaje":0.9362906944572535},{"rango":{"min":60,"max":69},"vacunados":147408,"personasINE":149652,"porcentaje":0.9850052120920536},{"rango":{"min":70,"max":79},"vacunados":114152,"personasINE":114152,"porcentaje":1},{"rango":{"min":80,"max":null},"vacunados":88807,"personasINE":88807,"porcentaje":1}]},"pautaCompleta":{"etarioTotal":{"vacunados":816015,"personasINE":933927,"porcentaje":0.8737460208346048},"etarioRangos":[{"rango":{"min":12,"max":19},"vacunados":31576,"personasINE":64000,"porcentaje":0.7091807713213081},{"rango":{"min":20,"max":29},"vacunados":56104,"personasINE":79111,"porcentaje":0.878976963106238},{"rango":{"min":30,"max":39},"vacunados":83603,"personasINE":114451,"porcentaje":0.878976963106238},{"rango":{"min":40,"max":49},"vacunados":146783,"personasINE":166993,"porcentaje":0.878976963106238},{"rango":{"min":50,"max":59},"vacunados":150903,"personasINE":162645,"porcentaje":0.9278059577607674},{"rango":{"min":60,"max":69},"vacunados":145508,"personasINE":149652,"porcentaje":0.972309090423115},{"rango":{"min":70,"max":79},"vacunados":113651,"personasINE":113651,"porcentaje":1},{"rango":{"min":80,"max":null},"vacunados":87887,"personasINE":87887,"porcentaje":1}]}}},{"ccaa":"Baleares","dosisAdministradas":1525417,"dosisEntregadas":1837000,"dosisEntregadasModerna":287000,"dosisEntregadasPfizer":1231200,"dosisEntregadasAstrazeneca":256400,"dosisEntregadasJanssen":62400,"dosisPrimeraDosis":825990,"dosisPautaCompletada":785961,"porcentajeEntregadas":0.8303848666303756,"porcentajePoblacionAdministradas":1.302058055060719,"porcentajePoblacionPrimeraDosis":0.705044543819561,"porcentajePoblacionCompletas":0.670876783865381,"fechaUltRegistro":1630540800000,"etarios":{"unaDosis":{"etarioTotal":{"vacunados":825990,"personasINE":1034867,"porcentaje":0.7981605365713662},"etarioRangos":[{"rango":{"min":12,"max":19},"vacunados":67820,"personasINE":95480,"porcentaje":0.6467935799103971},{"rango":{"min":20,"max":29},"vacunados":89220,"personasINE":137942,"porcentaje":0.788647342995169},{"rango":{"min":30,"max":39},"vacunados":118598,"personasINE":182187,"porcentaje":0.788647342995169},{"rango":{"min":40,"max":49},"vacunados":162597,"personasINE":206172,"porcentaje":0.788647342995169},{"rango":{"min":50,"max":59},"vacunados":148148,"personasINE":165797,"porcentaje":0.893550546752957},{"rango":{"min":60,"max":69},"vacunados":109336,"personasINE":117231,"porcentaje":0.9326543320452781},{"rango":{"min":70,"max":79},"vacunados":78939,"personasINE":80516,"porcentaje":0.9804138307913955},{"rango":{"min":80,"max":null},"vacunados":51332,"personasINE":51332,"porcentaje":1}]},"pautaCompleta":{"etarioTotal":{"vacunados":785961,"personasINE":1034867,"porcentaje":0.7594802037363255},"etarioRangos":[{"rango":{"min":12,"max":19},"vacunados":58070,"personasINE":95480,"porcentaje":0.5884647170549941},{"rango":{"min":20,"max":29},"vacunados":81174,"personasINE":137942,"porcentaje":0.7609083677705993},{"rango":{"min":30,"max":39},"vacunados":110151,"personasINE":182187,"porcentaje":0.7609083677705993},{"rango":{"min":40,"max":49},"vacunados":156878,"personasINE":206172,"porcentaje":0.7609083677705993},{"rango":{"min":50,"max":59},"vacunados":144221,"personasINE":165797,"porcentaje":0.8698649553369482},{"rango":{"min":60,"max":69},"vacunados":106645,"personasINE":117231,"porcentaje":0.9096996528222058},{"rango":{"min":70,"max":79},"vacunados":78256,"personasINE":80516,"porcentaje":0.9719310447612897},{"rango":{"min":80,"max":null},"vacunados":50566,"personasINE":50566,"porcentaje":1}]}}},{"ccaa":"Canarias","dosisAdministradas":3017355,"dosisEntregadas":3414690,"dosisEntregadasModerna":529800,"dosisEntregadasPfizer":2247540,"dosisEntregadasAstrazeneca":503700,"dosisEntregadasJanssen":133650,"dosisPrimeraDosis":1632809,"dosisPautaCompletada":1543292,"porcentajeEntregadas":0.8836395104680074,"porcentajePoblacionAdministradas":1.3866827025596153,"porcentajePoblacionPrimeraDosis":0.7503883357721126,"porcentajePoblacionCompletas":0.7092491010831121,"fechaUltRegistro":1630540800000,"etarios":{"unaDosis":{"etarioTotal":{"vacunados":1632809,"personasINE":1960774,"porcentaje":0.8327369701964632},"etarioRangos":[{"rango":{"min":12,"max":19},"vacunados":136274,"personasINE":179797,"porcentaje":0.7055944833722612},{"rango":{"min":20,"max":29},"vacunados":177632,"personasINE":251748,"porcentaje":0.8064698239861416},{"rango":{"min":30,"max":39},"vacunados":221638,"personasINE":310934,"porcentaje":0.8064698239861416},{"rango":{"min":40,"max":49},"vacunados":312849,"personasINE":387924,"porcentaje":0.8064698239861416},{"rango":{"min":50,"max":59},"vacunados":317945,"personasINE":350512,"porcentaje":0.9070873465102479},{"rango":{"min":60,"max":69},"vacunados":222981,"personasINE":235092,"porcentaje":0.9484839977540708},{"rango":{"min":70,"max":79},"vacunados":150802,"personasINE":154531,"porcentaje":0.9758689195048242},{"rango":{"min":80,"max":null},"vacunados":92688,"personasINE":92688,"porcentaje":1}]},"pautaCompleta":{"etarioTotal":{"vacunados":1543292,"personasINE":1960774,"porcentaje":0.7870830600568959},"etarioRangos":[{"rango":{"min":12,"max":19},"vacunados":104872,"personasINE":179797,"porcentaje":0.6335899391454947},{"rango":{"min":20,"max":29},"vacunados":159505,"personasINE":251748.00000000003,"porcentaje":0.786241634959425},{"rango":{"min":30,"max":39},"vacunados":206170,"personasINE":310934,"porcentaje":0.786241634959425},{"rango":{"min":40,"max":49},"vacunados":305002,"personasINE":387924,"porcentaje":0.786241634959425},{"rango":{"min":50,"max":59},"vacunados":313566,"personasINE":350512,"porcentaje":0.8945941936367371},{"rango":{"min":60,"max":69},"vacunados":213536,"personasINE":235092,"porcentaje":0.9083082367753901},{"rango":{"min":70,"max":79},"vacunados":149340,"personasINE":154531,"porcentaje":0.9664080346338275},{"rango":{"min":80,"max":null},"vacunados":91301,"personasINE":91301,"porcentaje":1}]}}},{"ccaa":"Cantabria","dosisAdministradas":835371,"dosisEntregadas":899555,"dosisEntregadasModerna":104000,"dosisEntregadasPfizer":645405,"dosisEntregadasAstrazeneca":125200,"dosisEntregadasJanssen":24950,"dosisPrimeraDosis":458903,"dosisPautaCompletada":411571,"porcentajeEntregadas":0.9286491654206802,"porcentajePoblacionAdministradas":1.4331168886868357,"porcentajePoblacionPrimeraDosis":0.7872689374769474,"porcentajePoblacionCompletas":0.7060687419047701,"fechaUltRegistro":1630540800000,"etarios":{"unaDosis":{"etarioTotal":{"vacunados":458903,"personasINE":524127,"porcentaje":0.8755568783901612},"etarioRangos":[{"rango":{"min":12,"max":19},"vacunados":29724,"personasINE":43963,"porcentaje":0.6988416988416989},{"rango":{"min":20,"max":29},"vacunados":35295,"personasINE":50505,"porcentaje":0.872628338225818},{"rango":{"min":30,"max":39},"vacunados":51135,"personasINE":70473,"porcentaje":0.872628338225818},{"rango":{"min":40,"max":49},"vacunados":85316,"personasINE":97769,"porcentaje":0.872628338225818},{"rango":{"min":50,"max":59},"vacunados":83091,"personasINE":89964,"porcentaje":0.9236027744431106},{"rango":{"min":60,"max":69},"vacunados":76030,"personasINE":77345,"porcentaje":0.9829982545736634},{"rango":{"min":70,"max":79},"vacunados":55948,"personasINE":55948,"porcentaje":1},{"rango":{"min":80,"max":null},"vacunados":42364,"personasINE":42364,"porcentaje":1}]},"pautaCompleta":{"etarioTotal":{"vacunados":411571,"personasINE":524127,"porcentaje":0.7852505213431096},"etarioRangos":[{"rango":{"min":12,"max":19},"vacunados":4452,"personasINE":43963,"porcentaje":0.5088011088011088},{"rango":{"min":20,"max":29},"vacunados":25697,"personasINE":50504.99999999999,"porcentaje":0.8472215119311848},{"rango":{"min":30,"max":39},"vacunados":44533,"personasINE":70473,"porcentaje":0.8472215119311848},{"rango":{"min":40,"max":49},"vacunados":82832,"personasINE":97769,"porcentaje":0.8472215119311848},{"rango":{"min":50,"max":59},"vacunados":81594,"personasINE":89964,"porcentaje":0.9069627851140456},{"rango":{"min":60,"max":69},"vacunados":74937,"personasINE":77345,"porcentaje":0.9688667657896438},{"rango":{"min":70,"max":79},"vacunados":55645,"personasINE":55645,"porcentaje":1},{"rango":{"min":80,"max":null},"vacunados":41881,"personasINE":41881,"porcentaje":1}]}}},{"ccaa":"Castilla y Leon","dosisAdministradas":3546678,"dosisEntregadas":3746085,"dosisEntregadasModerna":386000,"dosisEntregadasPfizer":2732835,"dosisEntregadasAstrazeneca":514400,"dosisEntregadasJanssen":112850,"dosisPrimeraDosis":1943844,"dosisPautaCompletada":1791464,"porcentajeEntregadas":0.9467692270730643,"porcentajePoblacionAdministradas":1.4809183445946792,"porcentajePoblacionPrimeraDosis":0.8116536766603283,"porcentajePoblacionCompletas":0.7480272811010649,"fechaUltRegistro":1630540800000,"etarios":{"unaDosis":{"etarioTotal":{"vacunados":1943844,"personasINE":2176253,"porcentaje":0.8932068100537943},"etarioRangos":[{"rango":{"min":12,"max":19},"vacunados":121937,"personasINE":165342,"porcentaje":0.7480640360937604},{"rango":{"min":20,"max":29},"vacunados":157846,"personasINE":211006,"porcentaje":0.8661124950110789},{"rango":{"min":30,"max":39},"vacunados":203860,"personasINE":267783,"porcentaje":0.8661124950110789},{"rango":{"min":40,"max":49},"vacunados":314663,"personasINE":363305,"porcentaje":0.8661124950110789},{"rango":{"min":50,"max":59},"vacunados":348334,"personasINE":381175,"porcentaje":0.9138427231586541},{"rango":{"min":60,"max":69},"vacunados":318098,"personasINE":318575,"porcentaje":0.9985027073687515},{"rango":{"min":70,"max":79},"vacunados":250003,"personasINE":250003,"porcentaje":1},{"rango":{"min":80,"max":null},"vacunados":229103,"personasINE":229103,"porcentaje":1}]},"pautaCompleta":{"etarioTotal":{"vacunados":1791464,"personasINE":2176253,"porcentaje":0.8231873775705306},"etarioRangos":[{"rango":{"min":12,"max":19},"vacunados":29086,"personasINE":165342,"porcentaje":0.640394112015772},{"rango":{"min":20,"max":29},"vacunados":135127,"personasINE":211006.00000000003,"porcentaje":0.8436630379433259},{"rango":{"min":30,"max":39},"vacunados":192424,"personasINE":267783,"porcentaje":0.8436630379433259},{"rango":{"min":40,"max":49},"vacunados":306507,"personasINE":363305,"porcentaje":0.8436630379433259},{"rango":{"min":50,"max":59},"vacunados":342406,"personasINE":381175,"porcentaje":0.8982908113071424},{"rango":{"min":60,"max":69},"vacunados":311228,"personasINE":318575,"porcentaje":0.9769379267048576},{"rango":{"min":70,"max":79},"vacunados":248411,"personasINE":248411,"porcentaje":1},{"rango":{"min":80,"max":null},"vacunados":226275,"personasINE":226275,"porcentaje":1}]}}},{"ccaa":"Castilla La Mancha","dosisAdministradas":2855464,"dosisEntregadas":3127030,"dosisEntregadasModerna":406300,"dosisEntregadasPfizer":2207655,"dosisEntregadasAstrazeneca":411700,"dosisEntregadasJanssen":101375,"dosisPrimeraDosis":1576250,"dosisPautaCompletada":1437499,"porcentajeEntregadas":0.9131552943208092,"porcentajePoblacionAdministradas":1.3961640331289382,"porcentajePoblacionPrimeraDosis":0.7706991078225776,"porcentajePoblacionCompletas":0.7028575396008548,"fechaUltRegistro":1630540800000},{"ccaa":"Cataluña","dosisAdministradas":10373292,"dosisEntregadas":11927160,"dosisEntregadasModerna":1604900,"dosisEntregadasPfizer":8368460,"dosisEntregadasAstrazeneca":1514300,"dosisEntregadasJanssen":439500,"dosisPrimeraDosis":5672345,"dosisPautaCompletada":5307685,"porcentajeEntregadas":0.8697202016238568,"porcentajePoblacionAdministradas":1.3332459351153059,"porcentajePoblacionPrimeraDosis":0.7290483015248804,"porcentajePoblacionCompletas":0.682179721839748,"fechaUltRegistro":1630540800000,"etarios":{"unaDosis":{"etarioTotal":{"vacunados":5672345,"personasINE":6868360,"porcentaje":0.8258660000349428},"etarioRangos":[{"rango":{"min":12,"max":19},"vacunados":443323,"personasINE":656166,"porcentaje":0.6665260121463522},{"rango":{"min":20,"max":29},"vacunados":559172,"personasINE":838935,"porcentaje":0.8295119441353934},{"rango":{"min":30,"max":39},"vacunados":718937,"personasINE":1044652,"porcentaje":0.8295119441353934},{"rango":{"min":40,"max":49},"vacunados":1092264,"personasINE":1316755,"porcentaje":0.8295119441353934},{"rango":{"min":50,"max":59},"vacunados":1001817,"personasINE":1091780,"porcentaje":0.9175996995731741},{"rango":{"min":60,"max":69},"vacunados":787665,"personasINE":837584,"porcentaje":0.940401201551128},{"rango":{"min":70,"max":79},"vacunados":614735,"personasINE":635292,"porcentaje":0.9676416513980972},{"rango":{"min":80,"max":null},"vacunados":454432,"personasINE":454432,"porcentaje":1}]},"pautaCompleta":{"etarioTotal":{"vacunados":5307685,"personasINE":6868360,"porcentaje":0.7727732675631446},"etarioRangos":[{"rango":{"min":12,"max":19},"vacunados":302977,"personasINE":656166,"porcentaje":0.5886749271397664},{"rango":{"min":20,"max":29},"vacunados":493860,"personasINE":838935.0000000001,"porcentaje":0.8011611879203041},{"rango":{"min":30,"max":39},"vacunados":654367,"personasINE":1044652,"porcentaje":0.8011611879203041},{"rango":{"min":40,"max":49},"vacunados":1054933,"personasINE":1316755,"porcentaje":0.8011611879203041},{"rango":{"min":50,"max":59},"vacunados":975995,"personasINE":1091780,"porcentaje":0.8939484145157449},{"rango":{"min":60,"max":69},"vacunados":768410,"personasINE":837584,"porcentaje":0.9174124625112228},{"rango":{"min":70,"max":79},"vacunados":609636,"personasINE":635292,"porcentaje":0.9596154209402921},{"rango":{"min":80,"max":null},"vacunados":447507,"personasINE":447507,"porcentaje":1}]}}},{"ccaa":"C. Valenciana","dosisAdministradas":7171825,"dosisEntregadas":7860390,"dosisEntregadasModerna":1106200,"dosisEntregadasPfizer":5540140,"dosisEntregadasAstrazeneca":906800,"dosisEntregadasJanssen":307250,"dosisPrimeraDosis":3979856,"dosisPautaCompletada":3630720,"porcentajeEntregadas":0.912400656964858,"porcentajePoblacionAdministradas":1.4180985586728867,"porcentajePoblacionPrimeraDosis":0.7869444747084097,"porcentajePoblacionCompletas":0.7179091512892218,"fechaUltRegistro":1630540800000,"etarios":{"unaDosis":{"etarioTotal":{"vacunados":3979856,"personasINE":4488459,"porcentaje":0.8866864997541473},"etarioRangos":[{"rango":{"min":12,"max":19},"vacunados":334595,"personasINE":424531,"porcentaje":0.7763918113018914},{"rango":{"min":20,"max":29},"vacunados":400716,"personasINE":516126,"porcentaje":0.8744075773730959},{"rango":{"min":30,"max":39},"vacunados":491617,"personasINE":648759,"porcentaje":0.8744075773730959},{"rango":{"min":40,"max":49},"vacunados":744635,"personasINE":851588,"porcentaje":0.8744075773730959},{"rango":{"min":50,"max":59},"vacunados":711074,"personasINE":752334,"porcentaje":0.9451573370338174},{"rango":{"min":60,"max":69},"vacunados":566830,"personasINE":580728,"porcentaje":0.9760679698585224},{"rango":{"min":70,"max":79},"vacunados":433593,"personasINE":437862,"porcentaje":0.9902503528508982},{"rango":{"min":80,"max":null},"vacunados":296796,"personasINE":296796,"porcentaje":1}]},"pautaCompleta":{"etarioTotal":{"vacunados":3630720,"personasINE":4488459,"porcentaje":0.8089012286844995},"etarioRangos":[{"rango":{"min":12,"max":19},"vacunados":153268,"personasINE":424530.99999999994,"porcentaje":0.6477468680128495},{"rango":{"min":20,"max":29},"vacunados":334319,"personasINE":516126.00000000006,"porcentaje":0.851503309111918},{"rango":{"min":30,"max":39},"vacunados":446597,"personasINE":648759,"porcentaje":0.851503309111918},{"rango":{"min":40,"max":49},"vacunados":725130,"personasINE":851588,"porcentaje":0.851503309111918},{"rango":{"min":50,"max":59},"vacunados":702074,"personasINE":752334,"porcentaje":0.933194565179827},{"rango":{"min":60,"max":69},"vacunados":547113,"personasINE":580728,"porcentaje":0.942115758151837},{"rango":{"min":70,"max":79},"vacunados":429908,"personasINE":437862,"porcentaje":0.9818344592588533},{"rango":{"min":80,"max":null},"vacunados":292311,"personasINE":292311,"porcentaje":1}]}}},{"ccaa":"Extremadura","dosisAdministradas":1605476,"dosisEntregadas":1608155,"dosisEntregadasModerna":197400,"dosisEntregadasPfizer":1173005,"dosisEntregadasAstrazeneca":186000,"dosisEntregadasJanssen":51750,"dosisPrimeraDosis":881997,"dosisPautaCompletada":806295,"porcentajeEntregadas":0.9983341158035139,"porcentajePoblacionAdministradas":1.5089244511446098,"porcentajePoblacionPrimeraDosis":0.8289546770778214,"porcentajePoblacionCompletas":0.7578053115310619,"fechaUltRegistro":1630540800000,"etarios":{"unaDosis":{"etarioTotal":{"vacunados":881997,"personasINE":953437,"porcentaje":0.9250710849274781},"etarioRangos":[{"rango":{"min":12,"max":19},"vacunados":70286,"personasINE":84750,"porcentaje":0.7828185668902223},{"rango":{"min":20,"max":29},"vacunados":88709,"personasINE":113320,"porcentaje":0.9097395513310845},{"rango":{"min":30,"max":39},"vacunados":110852,"personasINE":133479,"porcentaje":0.9097395513310845},{"rango":{"min":40,"max":49},"vacunados":145098,"personasINE":159494,"porcentaje":0.9097395513310845},{"rango":{"min":50,"max":59},"vacunados":160756,"personasINE":169216,"porcentaje":0.9500047276853253},{"rango":{"min":60,"max":69},"vacunados":132313,"personasINE":132313,"porcentaje":1},{"rango":{"min":70,"max":79},"vacunados":95798,"personasINE":95798,"porcentaje":1},{"rango":{"min":80,"max":null},"vacunados":78185,"personasINE":78185,"porcentaje":1}]},"pautaCompleta":{"etarioTotal":{"vacunados":806295,"personasINE":953437,"porcentaje":0.8456720265733342},"etarioRangos":[{"rango":{"min":12,"max":19},"vacunados":22454,"personasINE":84750,"porcentaje":0.6660960112954465},{"rango":{"min":20,"max":29},"vacunados":75482,"personasINE":113320,"porcentaje":0.892196571657868},{"rango":{"min":30,"max":39},"vacunados":105260,"personasINE":133479,"porcentaje":0.892196571657868},{"rango":{"min":40,"max":49},"vacunados":142300,"personasINE":159494,"porcentaje":0.892196571657868},{"rango":{"min":50,"max":59},"vacunados":158862,"personasINE":169216,"porcentaje":0.938811932677761},{"rango":{"min":60,"max":69},"vacunados":129747,"personasINE":125297.00000000001,"porcentaje":1.035515614899},{"rango":{"min":70,"max":79},"vacunados":95088,"personasINE":95088,"porcentaje":1},{"rango":{"min":80,"max":null},"vacunados":77102,"personasINE":77102,"porcentaje":1}]}}},{"ccaa":"Galicia","dosisAdministradas":4127117,"dosisEntregadas":4168475,"dosisEntregadasModerna":458600,"dosisEntregadasPfizer":3004675,"dosisEntregadasAstrazeneca":573400,"dosisEntregadasJanssen":131800,"dosisPrimeraDosis":2243769,"dosisPautaCompletada":2071661,"porcentajeEntregadas":0.9900783859804845,"porcentajePoblacionAdministradas":1.5275327473824116,"porcentajePoblacionPrimeraDosis":0.8304660674900872,"porcentajePoblacionCompletas":0.7667652792433542,"fechaUltRegistro":1630540800000,"etarios":{"unaDosis":{"etarioTotal":{"vacunados":2243769,"personasINE":2454497,"porcentaje":0.9141461570333963},"etarioRangos":[{"rango":{"min":12,"max":19},"vacunados":154553,"personasINE":180007,"porcentaje":0.7786138253795767},{"rango":{"min":20,"max":29},"vacunados":179845,"personasINE":230981,"porcentaje":0.9001626727975435},{"rango":{"min":30,"max":39},"vacunados":250064,"personasINE":323408,"porcentaje":0.9001626727975435},{"rango":{"min":40,"max":49},"vacunados":398971,"personasINE":443221,"porcentaje":0.9001626727975435},{"rango":{"min":50,"max":59},"vacunados":386000,"personasINE":405889,"porcentaje":0.9509989184235099},{"rango":{"min":60,"max":69},"vacunados":342186,"personasINE":346927,"porcentaje":0.9863343008759768},{"rango":{"min":70,"max":79},"vacunados":290435,"personasINE":290435,"porcentaje":1},{"rango":{"min":80,"max":null},"vacunados":241715,"personasINE":241715,"porcentaje":1}]},"pautaCompleta":{"etarioTotal":{"vacunados":2071661,"personasINE":2454497,"porcentaje":0.8440266987492753},"etarioRangos":[{"rango":{"min":12,"max":19},"vacunados":43181,"personasINE":180007,"porcentaje":0.6315844160342192},{"rango":{"min":20,"max":29},"vacunados":145884,"personasINE":230981.00000000003,"porcentaje":0.8907497614057096},{"rango":{"min":30,"max":39},"vacunados":234947,"personasINE":323408,"porcentaje":0.8907497614057096},{"rango":{"min":40,"max":49},"vacunados":394799,"personasINE":443221,"porcentaje":0.8907497614057096},{"rango":{"min":50,"max":59},"vacunados":383655,"personasINE":405889,"porcentaje":0.9452214768076986},{"rango":{"min":60,"max":69},"vacunados":340048,"personasINE":346927,"porcentaje":0.9801716211191404},{"rango":{"min":70,"max":79},"vacunados":289200,"personasINE":289762,"porcentaje":0.9980604772192351},{"rango":{"min":80,"max":null},"vacunados":239947,"personasINE":239947,"porcentaje":1}]}}},{"ccaa":"La Rioja","dosisAdministradas":448331,"dosisEntregadas":487985,"dosisEntregadasModerna":61400,"dosisEntregadasPfizer":358085,"dosisEntregadasAstrazeneca":53300,"dosisEntregadasJanssen":15200,"dosisPrimeraDosis":251499,"dosisPautaCompletada":229414,"porcentajeEntregadas":0.9187393055114399,"porcentajePoblacionAdministradas":1.4014110042073806,"porcentajePoblacionPrimeraDosis":0.7861456516438793,"porcentajePoblacionCompletas":0.7171114737085592,"fechaUltRegistro":1630540800000,"etarios":{"unaDosis":{"etarioTotal":{"vacunados":251499,"personasINE":283970,"porcentaje":0.885653414093038},"etarioRangos":[{"rango":{"min":12,"max":19},"vacunados":18794,"personasINE":25532,"porcentaje":0.7089106310328978},{"rango":{"min":20,"max":29},"vacunados":21592,"personasINE":30458,"porcentaje":0.8829395433169018},{"rango":{"min":30,"max":39},"vacunados":29571,"personasINE":39319,"porcentaje":0.8829395433169018},{"rango":{"min":40,"max":49},"vacunados":46749,"personasINE":52947,"porcentaje":0.8829395433169018},{"rango":{"min":50,"max":59},"vacunados":45001,"personasINE":47664,"porcentaje":0.9441297415240013},{"rango":{"min":60,"max":69},"vacunados":37834,"personasINE":37834,"porcentaje":1},{"rango":{"min":70,"max":79},"vacunados":28617,"personasINE":28617,"porcentaje":1},{"rango":{"min":80,"max":null},"vacunados":23341,"personasINE":23341,"porcentaje":1}]},"pautaCompleta":{"etarioTotal":{"vacunados":229414,"personasINE":283970,"porcentaje":0.8078811142022044},"etarioRangos":[{"rango":{"min":12,"max":19},"vacunados":7260,"personasINE":25532,"porcentaje":0.5865125746930199},{"rango":{"min":20,"max":29},"vacunados":17864,"personasINE":30458,"porcentaje":0.8510774925869266},{"rango":{"min":30,"max":39},"vacunados":26931,"personasINE":39319,"porcentaje":0.8510774925869266},{"rango":{"min":40,"max":49},"vacunados":45062,"personasINE":52947,"porcentaje":0.8510774925869266},{"rango":{"min":50,"max":59},"vacunados":43942,"personasINE":47664,"porcentaje":0.9219117153407184},{"rango":{"min":60,"max":69},"vacunados":36759,"personasINE":37718,"porcentaje":0.9745744737260724},{"rango":{"min":70,"max":79},"vacunados":28482,"personasINE":28482,"porcentaje":1},{"rango":{"min":80,"max":null},"vacunados":23114,"personasINE":23114,"porcentaje":1}]}}},{"ccaa":"Madrid","dosisAdministradas":9115307,"dosisEntregadas":10485779,"dosisEntregadasModerna":1514600,"dosisEntregadasPfizer":7362729,"dosisEntregadasAstrazeneca":1227000,"dosisEntregadasJanssen":381450,"dosisPrimeraDosis":5119871,"dosisPautaCompletada":4649698,"porcentajeEntregadas":0.8693018420472146,"porcentajePoblacionAdministradas":1.3444627698864642,"porcentajePoblacionPrimeraDosis":0.7551556898875026,"porcentajePoblacionCompletas":0.6858074941650953,"fechaUltRegistro":1630540800000,"etarios":{"unaDosis":{"etarioTotal":{"vacunados":5119871,"personasINE":5977937,"porcentaje":0.85646118384988},"etarioRangos":[{"rango":{"min":12,"max":19},"vacunados":368553,"personasINE":553542,"porcentaje":0.7309727600255901},{"rango":{"min":20,"max":29},"vacunados":542729,"personasINE":742475,"porcentaje":0.863293340914997},{"rango":{"min":30,"max":39},"vacunados":705845,"personasINE":949639.9999999999,"porcentaje":0.863293340914997},{"rango":{"min":40,"max":49},"vacunados":1006575,"personasINE":1165971,"porcentaje":0.863293340914997},{"rango":{"min":50,"max":59},"vacunados":929277,"personasINE":972783,"porcentaje":0.9552767677889108},{"rango":{"min":60,"max":69},"vacunados":683848,"personasINE":703323,"porcentaje":0.9723100197206689},{"rango":{"min":70,"max":79},"vacunados":509676,"personasINE":526081,"porcentaje":0.9688165890803888},{"rango":{"min":80,"max":null},"vacunados":373368,"personasINE":373368,"porcentaje":1}]},"pautaCompleta":{"etarioTotal":{"vacunados":4649698,"personasINE":5977937,"porcentaje":0.7778098029470703},"etarioRangos":[{"rango":{"min":12,"max":19},"vacunados":157650,"personasINE":553542,"porcentaje":0.5919647126165865},{"rango":{"min":20,"max":29},"vacunados":439519,"personasINE":742475,"porcentaje":0.8276629521660487},{"rango":{"min":30,"max":39},"vacunados":626348,"personasINE":949640,"porcentaje":0.8276629521660487},{"rango":{"min":40,"max":49},"vacunados":965031,"personasINE":1165971,"porcentaje":0.8276629521660487},{"rango":{"min":50,"max":59},"vacunados":914040,"personasINE":972783,"porcentaje":0.9396134595279728},{"rango":{"min":60,"max":69},"vacunados":670858,"personasINE":703323,"porcentaje":0.9538405540555335},{"rango":{"min":70,"max":79},"vacunados":506578,"personasINE":526081,"porcentaje":0.9629277620746615},{"rango":{"min":80,"max":null},"vacunados":369674,"personasINE":369674,"porcentaje":1}]}}},{"ccaa":"Murcia","dosisAdministradas":2103109,"dosisEntregadas":2343245,"dosisEntregadasModerna":368000,"dosisEntregadasPfizer":1634045,"dosisEntregadasAstrazeneca":253100,"dosisEntregadasJanssen":88100,"dosisPrimeraDosis":1152167,"dosisPautaCompletada":1068563,"porcentajeEntregadas":0.8975198922861246,"porcentajePoblacionAdministradas":1.3916344803080363,"porcentajePoblacionPrimeraDosis":0.7623928784827934,"porcentajePoblacionCompletas":0.7070718232775363,"fechaUltRegistro":1630540800000,"etarios":{"unaDosis":{"etarioTotal":{"vacunados":1152167,"personasINE":1310137,"porcentaje":0.8794248235108236},"etarioRangos":[{"rango":{"min":12,"max":19},"vacunados":107281,"personasINE":141894,"porcentaje":0.7604326320189494},{"rango":{"min":20,"max":29},"vacunados":130983,"personasINE":172248,"porcentaje":0.8922713126138568},{"rango":{"min":30,"max":39},"vacunados":158648,"personasINE":209003,"porcentaje":0.8922713126138568},{"rango":{"min":40,"max":49},"vacunados":226777,"personasINE":254157,"porcentaje":0.8922713126138568},{"rango":{"min":50,"max":59},"vacunados":205097,"personasINE":213256,"porcentaje":0.9617408185467232},{"rango":{"min":60,"max":69},"vacunados":146944,"personasINE":146944,"porcentaje":1},{"rango":{"min":70,"max":79},"vacunados":102667,"personasINE":102899,"porcentaje":0.9977453619568704},{"rango":{"min":80,"max":null},"vacunados":73770,"personasINE":73770,"porcentaje":1}]},"pautaCompleta":{"etarioTotal":{"vacunados":1068563,"personasINE":1310137,"porcentaje":0.8156116497740312},"etarioRangos":[{"rango":{"min":12,"max":19},"vacunados":74360,"personasINE":141894,"porcentaje":0.6645127955041568},{"rango":{"min":20,"max":29},"vacunados":114461,"personasINE":172248,"porcentaje":0.8597008935421806},{"rango":{"min":30,"max":39},"vacunados":146500,"personasINE":209003,"porcentaje":0.8597008935421806},{"rango":{"min":40,"max":49},"vacunados":218499,"personasINE":254157,"porcentaje":0.8597008935421806},{"rango":{"min":50,"max":59},"vacunados":201006,"personasINE":213256,"porcentaje":0.942557302021983},{"rango":{"min":60,"max":69},"vacunados":140897,"personasINE":146909,"porcentaje":0.9590767073494476},{"rango":{"min":70,"max":79},"vacunados":100242,"personasINE":102899,"porcentaje":0.9741785634457089},{"rango":{"min":80,"max":null},"vacunados":72598,"personasINE":72598,"porcentaje":1}]}}},{"ccaa":"Navarra","dosisAdministradas":924722,"dosisEntregadas":1018675,"dosisEntregadasModerna":138400,"dosisEntregadasPfizer":710925,"dosisEntregadasAstrazeneca":136600,"dosisEntregadasJanssen":32750,"dosisPrimeraDosis":509376,"dosisPautaCompletada":474366,"porcentajeEntregadas":0.9077694063366628,"porcentajePoblacionAdministradas":1.3985574647192893,"porcentajePoblacionPrimeraDosis":0.7703846206198758,"porcentajePoblacionCompletas":0.7174351970743968,"fechaUltRegistro":1630540800000,"etarios":{"unaDosis":{"etarioTotal":{"vacunados":509376,"personasINE":581354,"porcentaje":0.8761890345641382},"etarioRangos":[{"rango":{"min":12,"max":19},"vacunados":41728,"personasINE":56388,"porcentaje":0.7520806728609802},{"rango":{"min":20,"max":29},"vacunados":51237,"personasINE":68127,"porcentaje":0.8694746393585304},{"rango":{"min":30,"max":39},"vacunados":61358,"personasINE":81341,"porcentaje":0.8694746393585304},{"rango":{"min":40,"max":49},"vacunados":93905,"personasINE":108002,"porcentaje":0.8694746393585304},{"rango":{"min":50,"max":59},"vacunados":91068,"personasINE":96694,"porcentaje":0.9418164518998077},{"rango":{"min":60,"max":69},"vacunados":71813,"personasINE":73844,"porcentaje":0.9724960728021234},{"rango":{"min":70,"max":79},"vacunados":55805,"personasINE":55805,"porcentaje":1},{"rango":{"min":80,"max":null},"vacunados":42462,"personasINE":42462,"porcentaje":1}]},"pautaCompleta":{"etarioTotal":{"vacunados":474366,"personasINE":581354,"porcentaje":0.8159675516122706},"etarioRangos":[{"rango":{"min":12,"max":19},"vacunados":22735,"personasINE":56388,"porcentaje":0.6648758935517489},{"rango":{"min":20,"max":29},"vacunados":45296,"personasINE":68127,"porcentaje":0.84419732967908},{"rango":{"min":30,"max":39},"vacunados":57235,"personasINE":81341,"porcentaje":0.84419732967908},{"rango":{"min":40,"max":49},"vacunados":91175,"personasINE":108002,"porcentaje":0.84419732967908},{"rango":{"min":50,"max":59},"vacunados":89725,"personasINE":96694,"porcentaje":0.9279272757358265},{"rango":{"min":60,"max":69},"vacunados":70537,"personasINE":73844,"porcentaje":0.9552164021450625},{"rango":{"min":70,"max":79},"vacunados":55624,"personasINE":55792,"porcentaje":0.996988815600803},{"rango":{"min":80,"max":null},"vacunados":42039,"personasINE":42039,"porcentaje":1}]}}},{"ccaa":"País Vasco","dosisAdministradas":3156686,"dosisEntregadas":3431760,"dosisEntregadasModerna":470200,"dosisEntregadasPfizer":2406510,"dosisEntregadasAstrazeneca":444200,"dosisEntregadasJanssen":110850,"dosisPrimeraDosis":1748723,"dosisPautaCompletada":1612942,"porcentajeEntregadas":0.919844627829452,"porcentajePoblacionAdministradas":1.4216078872183973,"porcentajePoblacionPrimeraDosis":0.7875342714987228,"porcentajePoblacionCompletas":0.7263855413005336,"fechaUltRegistro":1630540800000,"etarios":{"unaDosis":{"etarioTotal":{"vacunados":1748723,"personasINE":1983943,"porcentaje":0.8814381259945472},"etarioRangos":[{"rango":{"min":12,"max":19},"vacunados":122190,"personasINE":168606,"porcentaje":0.7194716524258934},{"rango":{"min":20,"max":29},"vacunados":144998,"personasINE":201534,"porcentaje":0.8677253937089412},{"rango":{"min":30,"max":39},"vacunados":192705,"personasINE":260543,"porcentaje":0.8677253937089412},{"rango":{"min":40,"max":49},"vacunados":314232,"personasINE":362133,"porcentaje":0.8677253937089412},{"rango":{"min":50,"max":59},"vacunados":320167,"personasINE":339977,"porcentaje":0.9417313524150163},{"rango":{"min":60,"max":69},"vacunados":277113,"personasINE":280119,"porcentaje":0.9892688464545425},{"rango":{"min":70,"max":79},"vacunados":213404,"personasINE":213404,"porcentaje":1},{"rango":{"min":80,"max":null},"vacunados":163914,"personasINE":163914,"porcentaje":1}]},"pautaCompleta":{"etarioTotal":{"vacunados":1612942,"personasINE":1983943,"porcentaje":0.8129981556929811},"etarioRangos":[{"rango":{"min":12,"max":19},"vacunados":61675,"personasINE":168606,"porcentaje":0.544270445681622},{"rango":{"min":20,"max":29},"vacunados":109689,"personasINE":201534,"porcentaje":0.8504334043017344},{"rango":{"min":30,"max":39},"vacunados":172352,"personasINE":260543,"porcentaje":0.8504334043017344},{"rango":{"min":40,"max":49},"vacunados":307970,"personasINE":362133,"porcentaje":0.8504334043017344},{"rango":{"min":50,"max":59},"vacunados":316234,"personasINE":339977,"porcentaje":0.9301629227859531},{"rango":{"min":60,"max":69},"vacunados":271787,"personasINE":280119,"porcentaje":0.9702554985559708},{"rango":{"min":70,"max":79},"vacunados":211700,"personasINE":213081,"porcentaje":0.993518896569849},{"rango":{"min":80,"max":null},"vacunados":161535,"personasINE":157950,"porcentaje":1.0226970560303894}]}}},{"ccaa":"Ceuta","dosisAdministradas":104608,"dosisEntregadas":135320,"dosisEntregadasModerna":21000,"dosisEntregadasPfizer":92070,"dosisEntregadasAstrazeneca":18100,"dosisEntregadasJanssen":4150,"dosisPrimeraDosis":58046,"dosisPautaCompletada":53265,"porcentajeEntregadas":0.773041678983151,"porcentajePoblacionAdministradas":1.2423457875109856,"porcentajePoblacionPrimeraDosis":0.6893660483123917,"porcentajePoblacionCompletas":0.6325859243248378,"fechaUltRegistro":1630540800000,"etarios":{"unaDosis":{"etarioTotal":{"vacunados":58046,"personasINE":70965,"porcentaje":0.8179525118015923},"etarioRangos":[{"rango":{"min":12,"max":19},"vacunados":6456,"personasINE":9126,"porcentaje":0.7325613203246102},{"rango":{"min":20,"max":29},"vacunados":8034,"personasINE":10967,"porcentaje":0.8527131782945736},{"rango":{"min":30,"max":39},"vacunados":8597,"personasINE":11894,"porcentaje":0.8527131782945736},{"rango":{"min":40,"max":49},"vacunados":10780,"personasINE":12642,"porcentaje":0.8527131782945736},{"rango":{"min":50,"max":59},"vacunados":10352,"personasINE":11556,"porcentaje":0.8958116995500173},{"rango":{"min":60,"max":69},"vacunados":7562,"personasINE":7857,"porcentaje":0.9624538627975054},{"rango":{"min":70,"max":79},"vacunados":3876,"personasINE":4318,"porcentaje":0.8976377952755905},{"rango":{"min":80,"max":null},"vacunados":2389,"personasINE":2605,"porcentaje":0.9170825335892514}]},"pautaCompleta":{"etarioTotal":{"vacunados":53265,"personasINE":70965,"porcentaje":0.7505812724582541},"etarioRangos":[{"rango":{"min":12,"max":19},"vacunados":4544,"personasINE":9126,"porcentaje":0.6443877085802863},{"rango":{"min":20,"max":29},"vacunados":7067,"personasINE":10967,"porcentaje":0.8084163898117387},{"rango":{"min":30,"max":39},"vacunados":7867,"personasINE":11894,"porcentaje":0.8084163898117387},{"rango":{"min":40,"max":49},"vacunados":10220,"personasINE":12642,"porcentaje":0.8084163898117387},{"rango":{"min":50,"max":59},"vacunados":10062,"personasINE":11556,"porcentaje":0.8707165109034268},{"rango":{"min":60,"max":69},"vacunados":7320,"personasINE":7857,"porcentaje":0.9316533027873234},{"rango":{"min":70,"max":79},"vacunados":3830,"personasINE":4318,"porcentaje":0.8869847151459008},{"rango":{"min":80,"max":null},"vacunados":2355,"personasINE":2605,"porcentaje":0.9040307101727447}]}}},{"ccaa":"Melilla","dosisAdministradas":96593,"dosisEntregadas":136190,"dosisEntregadasModerna":22100,"dosisEntregadasPfizer":93240,"dosisEntregadasAstrazeneca":15100,"dosisEntregadasJanssen":5750,"dosisPrimeraDosis":54529,"dosisPautaCompletada":50873,"porcentajeEntregadas":0.7092517806006314,"porcentajePoblacionAdministradas":1.109295328219027,"porcentajePoblacionPrimeraDosis":0.6262230695025036,"porcentajePoblacionCompletas":0.5842367586935551,"fechaUltRegistro":1630540800000,"etarios":{"unaDosis":{"etarioTotal":{"vacunados":54529,"personasINE":70927,"porcentaje":0.7688045455186319},"etarioRangos":[{"rango":{"min":12,"max":19},"vacunados":6689,"personasINE":9574,"porcentaje":0.6634431012922051},{"rango":{"min":20,"max":29},"vacunados":7958,"personasINE":11995,"porcentaje":0.8164472587902016},{"rango":{"min":30,"max":39},"vacunados":8210,"personasINE":12133,"porcentaje":0.8164472587902016},{"rango":{"min":40,"max":49},"vacunados":9799,"personasINE":12002,"porcentaje":0.8164472587902016},{"rango":{"min":50,"max":59},"vacunados":9511,"personasINE":11299,"porcentaje":0.8417559076024427},{"rango":{"min":60,"max":69},"vacunados":7067,"personasINE":7827,"porcentaje":0.9029002171968826},{"rango":{"min":70,"max":79},"vacunados":3292,"personasINE":3748,"porcentaje":0.8783351120597652},{"rango":{"min":80,"max":null},"vacunados":2003,"personasINE":2349,"porcentaje":0.8527032779906343}]},"pautaCompleta":{"etarioTotal":{"vacunados":50873,"personasINE":70927,"porcentaje":0.7172585898176999},"etarioRangos":[{"rango":{"min":12,"max":19},"vacunados":5297,"personasINE":9574,"porcentaje":0.5889120466861192},{"rango":{"min":20,"max":29},"vacunados":7064,"personasINE":11995,"porcentaje":0.791201466422263},{"rango":{"min":30,"max":39},"vacunados":7683,"personasINE":12133,"porcentaje":0.791201466422263},{"rango":{"min":40,"max":49},"vacunados":9496,"personasINE":12002,"porcentaje":0.791201466422263},{"rango":{"min":50,"max":59},"vacunados":9280,"personasINE":11299,"porcentaje":0.8213116204973891},{"rango":{"min":60,"max":69},"vacunados":6896,"personasINE":7827,"porcentaje":0.8810527660661812},{"rango":{"min":70,"max":79},"vacunados":3209,"personasINE":3748,"porcentaje":0.8561899679829242},{"rango":{"min":80,"max":null},"vacunados":1948,"personasINE":2349,"porcentaje":0.8292890591741167}]}}},{"ccaa":"Fuerzas Armadas","dosisAdministradas":171468,"dosisEntregadas":213468,"dosisEntregadasModerna":58300,"dosisEntregadasPfizer":49368,"dosisEntregadasAstrazeneca":103800,"dosisEntregadasJanssen":2000,"dosisPrimeraDosis":91792,"dosisPautaCompletada":85876,"porcentajeEntregadas":0.8032491989431672,"porcentajePoblacionAdministradas":null,"porcentajePoblacionPrimeraDosis":null,"porcentajePoblacionCompletas":null,"fechaUltRegistro":1630540800000},{"ccaa":"Sanidad Exterior","dosisAdministradas":5066,"dosisEntregadas":6890,"dosisEntregadasModerna":4180,"dosisEntregadasPfizer":0,"dosisEntregadasAstrazeneca":0,"dosisEntregadasJanssen":2710,"dosisPrimeraDosis":3721,"dosisPautaCompletada":3408,"porcentajeEntregadas":0.7352685050798259,"porcentajePoblacionAdministradas":null,"porcentajePoblacionPrimeraDosis":null,"porcentajePoblacionCompletas":null,"fechaUltRegistro":1630540800000,"etarios":{"unaDosis":{"etarioTotal":{"vacunados":3721,"personasINE":"-","porcentaje":"-"},"etarioRangos":[{"rango":{"min":12,"max":19},"vacunados":135,"personasINE":null,"porcentaje":"-"},{"rango":{"min":20,"max":29},"vacunados":946,"personasINE":null,"porcentaje":"-"},{"rango":{"min":30,"max":39},"vacunados":1028,"personasINE":null,"porcentaje":"-"},{"rango":{"min":40,"max":49},"vacunados":921,"personasINE":null,"porcentaje":"-"},{"rango":{"min":50,"max":59},"vacunados":480,"personasINE":null,"porcentaje":"-"},{"rango":{"min":60,"max":69},"vacunados":168,"personasINE":null,"porcentaje":"-"},{"rango":{"min":70,"max":79},"vacunados":22,"personasINE":null,"porcentaje":"-"},{"rango":{"min":80,"max":null},"vacunados":21,"personasINE":null,"porcentaje":"-"}]},"pautaCompleta":{"etarioTotal":{"vacunados":3408,"personasINE":"-","porcentaje":"-"},"etarioRangos":[{"rango":{"min":12,"max":19},"vacunados":78,"personasINE":null,"porcentaje":"-"},{"rango":{"min":20,"max":29},"vacunados":858,"personasINE":null,"porcentaje":"-"},{"rango":{"min":30,"max":39},"vacunados":946,"personasINE":null,"porcentaje":"-"},{"rango":{"min":40,"max":49},"vacunados":870,"personasINE":null,"porcentaje":"-"},{"rango":{"min":50,"max":59},"vacunados":465,"personasINE":null,"porcentaje":"-"},{"rango":{"min":60,"max":69},"vacunados":154,"personasINE":null,"porcentaje":"-"},{"rango":{"min":70,"max":79},"vacunados":20,"personasINE":null,"porcentaje":"-"},{"rango":{"min":80,"max":null},"vacunados":17,"personasINE":null,"porcentaje":"-"}]}}},{"ccaa":"Totales","dosisAdministradas":66788317,"dosisEntregadas":73687182,"dosisEntregadasModerna":9998780,"dosisEntregadasPfizer":51490167,"dosisEntregadasAstrazeneca":9549900,"dosisEntregadasJanssen":2648335,"dosisPrimeraDosis":36696877,"dosisPautaCompletada":33940053,"porcentajeEntregadas":0.9063763220040087,"porcentajePoblacionAdministradas":1.4228444184064764,"porcentajePoblacionPrimeraDosis":0.7817826374094589,"porcentajePoblacionCompletas":0.7230518321261185,"fechaUltRegistro":null,"etarios":{"unaDosis":{"etarioTotal":{"vacunados":36696877,"personasINE":42119827,"porcentaje":0.8712494711813512},"etarioRangos":[{"rango":{"min":12,"max":19},"vacunados":2878748,"personasINE":3888686,"porcentaje":0.7375574359306238},{"rango":{"min":20,"max":29},"vacunados":3646956,"personasINE":4944640,"porcentaje":0.8647065912105282},{"rango":{"min":30,"max":39},"vacunados":4658203,"personasINE":6230403,"porcentaje":0.8647065912105282},{"rango":{"min":40,"max":49},"vacunados":6824037,"personasINE":7891737,"porcentaje":0.8647065912105282},{"rango":{"min":50,"max":59},"vacunados":6595052,"personasINE":7033306,"porcentaje":0.9376887625819209},{"rango":{"min":60,"max":69},"vacunados":5234006,"personasINE":5336986,"porcentaje":0.9807044650295129},{"rango":{"min":70,"max":79},"vacunados":3931078,"personasINE":3960045,"porcentaje":0.9926851841330085},{"rango":{"min":80,"max":null},"vacunados":2928797,"personasINE":2928797,"porcentaje":1}]},"pautaCompleta":{"etarioTotal":{"vacunados":33940053,"personasINE":42119827,"porcentaje":0.8057975404314932},"etarioRangos":[{"rango":{"min":12,"max":19},"vacunados":1533500,"personasINE":3888686,"porcentaje":0.6305603643541289},{"rango":{"min":20,"max":29},"vacunados":3117894,"personasINE":4944640,"porcentaje":0.8394769111033478},{"rango":{"min":30,"max":39},"vacunados":4279098,"personasINE":6230403,"porcentaje":0.8394769111033478},{"rango":{"min":40,"max":49},"vacunados":6624931,"personasINE":7891736.999999999,"porcentaje":0.8394769111033478},{"rango":{"min":50,"max":59},"vacunados":6483442,"personasINE":7033306,"porcentaje":0.9218199805326258},{"rango":{"min":60,"max":69},"vacunados":5111160,"personasINE":5336986,"porcentaje":0.9576866043868206},{"rango":{"min":70,"max":79},"vacunados":3900157,"personasINE":3960045,"porcentaje":0.9848769395297275},{"rango":{"min":80,"max":null},"vacunados":2889871,"personasINE":2889871,"porcentaje":1}]}}}]