[{"ccaa":"Andalucía","dosisAdministradas":6567073,"dosisEntregadas":6996330,"dosisEntregadasModerna":673500,"dosisEntregadasPfizer":4682430,"dosisEntregadasAstrazeneca":1364600,"dosisEntregadasJanssen":275800,"dosisPrimeraDosis":4216025,"dosisPautaCompletada":2466921,"porcentajeEntregadas":0.9386454040904303,"porcentajePoblacionAdministradas":0.7758452419193728,"porcentajePoblacionPrimeraDosis":0.49808840804162274,"porcentajePoblacionCompletas":0.29144626838181653,"fechaUltRegistro":1624226356000,"etarios":{"unaDosis":{"etarioTotal":{"vacunados":4216025,"personasINE":7451975,"porcentaje":0.5657594127731239},"etarioRangos":[{"rango":{"min":12,"max":19},"vacunados":4902,"personasINE":752907,"porcentaje":0.10793369456600393},{"rango":{"min":20,"max":29},"vacunados":100235,"personasINE":928672,"porcentaje":0.6205922400611069},{"rango":{"min":30,"max":39},"vacunados":196582,"personasINE":1140217,"porcentaje":0.6205922400611069},{"rango":{"min":40,"max":49},"vacunados":859591,"personasINE":1385114,"porcentaje":0.6205922400611069},{"rango":{"min":50,"max":59},"vacunados":1113118,"personasINE":1265021,"porcentaje":0.8799205704885531},{"rango":{"min":60,"max":69},"vacunados":867504,"personasINE":916147,"porcentaje":0.9469048089444161},{"rango":{"min":70,"max":79},"vacunados":643154,"personasINE":650381,"porcentaje":0.9888880517727301},{"rango":{"min":80,"max":null},"vacunados":430939,"personasINE":430939,"porcentaje":1}]},"pautaCompleta":{"etarioTotal":{"vacunados":2466921,"personasINE":7451975,"porcentaje":0.3310425759614062},"etarioRangos":[{"rango":{"min":12,"max":19},"vacunados":3405,"personasINE":752907,"porcentaje":0.08653216636228937},{"rango":{"min":20,"max":29},"vacunados":80360,"personasINE":928672,"porcentaje":0.1385330016157515},{"rango":{"min":30,"max":39},"vacunados":126037,"personasINE":1140217,"porcentaje":0.1385330016157515},{"rango":{"min":40,"max":49},"vacunados":191884,"personasINE":1385114,"porcentaje":0.1385330016157515},{"rango":{"min":50,"max":59},"vacunados":751330,"personasINE":1265021,"porcentaje":0.5939268992372458},{"rango":{"min":60,"max":69},"vacunados":258633,"personasINE":916147,"porcentaje":0.28230513225497655},{"rango":{"min":70,"max":79},"vacunados":632412,"personasINE":650381,"porcentaje":0.9723715791205463},{"rango":{"min":80,"max":null},"vacunados":422860,"personasINE":422860,"porcentaje":1}]}}},{"ccaa":"Aragón","dosisAdministradas":1098650,"dosisEntregadas":1223795,"dosisEntregadasModerna":118900,"dosisEntregadasPfizer":847395,"dosisEntregadasAstrazeneca":214400,"dosisEntregadasJanssen":43100,"dosisPrimeraDosis":693620,"dosisPautaCompletada":450448,"porcentajeEntregadas":0.8977402260999595,"porcentajePoblacionAdministradas":0.8264310500071085,"porcentajePoblacionPrimeraDosis":0.5217577071004693,"porcentajePoblacionCompletas":0.3388378588391226,"fechaUltRegistro":1624226356000,"etarios":{"unaDosis":{"etarioTotal":{"vacunados":693620,"personasINE":1185134,"porcentaje":0.5852671512250935},"etarioRangos":[{"rango":{"min":12,"max":19},"vacunados":1276,"personasINE":103109,"porcentaje":0.12848060981127446},{"rango":{"min":20,"max":29},"vacunados":16754,"personasINE":130401,"porcentaje":0.5329785105818752},{"rango":{"min":30,"max":39},"vacunados":25553,"personasINE":164286,"porcentaje":0.5329785105818752},{"rango":{"min":40,"max":49},"vacunados":114560,"personasINE":214943,"porcentaje":0.5329785105818752},{"rango":{"min":50,"max":59},"vacunados":169863,"personasINE":198266,"porcentaje":0.8567429614759969},{"rango":{"min":60,"max":69},"vacunados":147129,"personasINE":156367,"porcentaje":0.9409210383265011},{"rango":{"min":70,"max":79},"vacunados":117841,"personasINE":118955,"porcentaje":0.9906351141187845},{"rango":{"min":80,"max":null},"vacunados":100644,"personasINE":100644,"porcentaje":1}]},"pautaCompleta":{"etarioTotal":{"vacunados":450448,"personasINE":1185134,"porcentaje":0.3800819147876949},"etarioRangos":[{"rango":{"min":12,"max":19},"vacunados":1016,"personasINE":103109,"porcentaje":0.10673231033504345},{"rango":{"min":20,"max":29},"vacunados":13918,"personasINE":130401,"porcentaje":0.1930046570486129},{"rango":{"min":30,"max":39},"vacunados":20576,"personasINE":164286.00000000003,"porcentaje":0.1930046570486129},{"rango":{"min":40,"max":49},"vacunados":41485,"personasINE":214943,"porcentaje":0.1930046570486129},{"rango":{"min":50,"max":59},"vacunados":110171,"personasINE":198266,"porcentaje":0.5556726821542776},{"rango":{"min":60,"max":69},"vacunados":48650,"personasINE":156367,"porcentaje":0.31112702808137266},{"rango":{"min":70,"max":79},"vacunados":115866,"personasINE":118955,"porcentaje":0.9740321970493043},{"rango":{"min":80,"max":null},"vacunados":98766,"personasINE":98807,"porcentaje":0.9995850496422318}]}}},{"ccaa":"Asturias","dosisAdministradas":995047,"dosisEntregadas":1031025,"dosisEntregadasModerna":100000,"dosisEntregadasPfizer":733325,"dosisEntregadasAstrazeneca":164400,"dosisEntregadasJanssen":33300,"dosisPrimeraDosis":631767,"dosisPautaCompletada":398501,"porcentajeEntregadas":0.9651046288887273,"porcentajePoblacionAdministradas":0.9767006548983886,"porcentajePoblacionPrimeraDosis":0.6201186905173226,"porcentajePoblacionCompletas":0.3911535713163929,"fechaUltRegistro":1624226356000,"etarios":{"unaDosis":{"etarioTotal":{"vacunados":631767,"personasINE":933927,"porcentaje":0.6764629355399298},"etarioRangos":[{"rango":{"min":12,"max":19},"vacunados":556,"personasINE":63999.99999999999,"porcentaje":0.12807321358597415},{"rango":{"min":20,"max":29},"vacunados":10132,"personasINE":79110.99999999999,"porcentaje":0.7006521231428863},{"rango":{"min":30,"max":39},"vacunados":17894,"personasINE":114451,"porcentaje":0.7006521231428863},{"rango":{"min":40,"max":49},"vacunados":117004,"personasINE":166993,"porcentaje":0.7006521231428863},{"rango":{"min":50,"max":59},"vacunados":142917,"personasINE":162645,"porcentaje":0.8787051553997971},{"rango":{"min":60,"max":69},"vacunados":141530,"personasINE":149652,"porcentaje":0.9457274209499372},{"rango":{"min":70,"max":79},"vacunados":113329,"personasINE":113329,"porcentaje":1},{"rango":{"min":80,"max":null},"vacunados":88405,"personasINE":88405,"porcentaje":1}]},"pautaCompleta":{"etarioTotal":{"vacunados":398501,"personasINE":933927,"porcentaje":0.42669394931295485},"etarioRangos":[{"rango":{"min":12,"max":19},"vacunados":494,"personasINE":64000,"porcentaje":0.12009707878803201},{"rango":{"min":20,"max":29},"vacunados":9501,"personasINE":79111,"porcentaje":0.20925428011952596},{"rango":{"min":30,"max":39},"vacunados":15147,"personasINE":114451,"porcentaje":0.20925428011952596},{"rango":{"min":40,"max":49},"vacunados":34944,"personasINE":166993,"porcentaje":0.20925428011952596},{"rango":{"min":50,"max":59},"vacunados":102179,"personasINE":162645,"porcentaje":0.6282332687755541},{"rango":{"min":60,"max":69},"vacunados":37680,"personasINE":149652,"porcentaje":0.25178413920295084},{"rango":{"min":70,"max":79},"vacunados":111469,"personasINE":111469,"porcentaje":1},{"rango":{"min":80,"max":null},"vacunados":87087,"personasINE":87826,"porcentaje":0.9915856352333022}]}}},{"ccaa":"Baleares","dosisAdministradas":810298,"dosisEntregadas":924600,"dosisEntregadasModerna":86600,"dosisEntregadasPfizer":611100,"dosisEntregadasAstrazeneca":188800,"dosisEntregadasJanssen":38100,"dosisPrimeraDosis":519992,"dosisPautaCompletada":328231,"porcentajeEntregadas":0.8763768115942029,"porcentajePoblacionAdministradas":0.6916502424580233,"porcentajePoblacionPrimeraDosis":0.4438522529689478,"porcentajePoblacionCompletas":0.28016982731321,"fechaUltRegistro":1624226356000,"etarios":{"unaDosis":{"etarioTotal":{"vacunados":519992,"personasINE":1034867,"porcentaje":0.5024722983726411},"etarioRangos":[{"rango":{"min":12,"max":19},"vacunados":559,"personasINE":95480,"porcentaje":0.08697858520247641},{"rango":{"min":20,"max":29},"vacunados":11998,"personasINE":137942,"porcentaje":0.5719399336476341},{"rango":{"min":30,"max":39},"vacunados":33152,"personasINE":182187,"porcentaje":0.5719399336476341},{"rango":{"min":40,"max":49},"vacunados":117918,"personasINE":206171.99999999997,"porcentaje":0.5719399336476341},{"rango":{"min":50,"max":59},"vacunados":129601,"personasINE":165797,"porcentaje":0.7816848314505087},{"rango":{"min":60,"max":69},"vacunados":98949,"personasINE":117231,"porcentaje":0.8440514880876219},{"rango":{"min":70,"max":79},"vacunados":77157,"personasINE":80516,"porcentaje":0.9582815837845894},{"rango":{"min":80,"max":null},"vacunados":50658,"personasINE":50658,"porcentaje":1}]},"pautaCompleta":{"etarioTotal":{"vacunados":328231,"personasINE":1034867,"porcentaje":0.31717215835464846},"etarioRangos":[{"rango":{"min":12,"max":19},"vacunados":468,"personasINE":95479.99999999999,"porcentaje":0.07718461382320106},{"rango":{"min":20,"max":29},"vacunados":10647,"personasINE":137942,"porcentaje":0.20633257668354577},{"rango":{"min":30,"max":39},"vacunados":18245,"personasINE":182187,"porcentaje":0.20633257668354577},{"rango":{"min":40,"max":49},"vacunados":42540,"personasINE":206172,"porcentaje":0.20633257668354577},{"rango":{"min":50,"max":59},"vacunados":110233,"personasINE":165797,"porcentaje":0.6648672774537537},{"rango":{"min":60,"max":69},"vacunados":20343,"personasINE":117230.99999999999,"porcentaje":0.17352918596616937},{"rango":{"min":70,"max":79},"vacunados":75942,"personasINE":80516,"porcentaje":0.9431914153708579},{"rango":{"min":80,"max":null},"vacunados":49813,"personasINE":49813,"porcentaje":1}]}}},{"ccaa":"Canarias","dosisAdministradas":1552850,"dosisEntregadas":1779840,"dosisEntregadasModerna":163500,"dosisEntregadasPfizer":1194540,"dosisEntregadasAstrazeneca":350900,"dosisEntregadasJanssen":70900,"dosisPrimeraDosis":1000663,"dosisPautaCompletada":626779,"porcentajeEntregadas":0.8724660643653362,"porcentajePoblacionAdministradas":0.713641661213115,"porcentajePoblacionPrimeraDosis":0.4598736553012199,"porcentajePoblacionCompletas":0.2880481738567763,"fechaUltRegistro":1624226356000,"etarios":{"unaDosis":{"etarioTotal":{"vacunados":1000663,"personasINE":1960774,"porcentaje":0.5103408143926838},"etarioRangos":[{"rango":{"min":12,"max":19},"vacunados":1051,"personasINE":179797,"porcentaje":0.09502359502359502},{"rango":{"min":20,"max":29},"vacunados":23922,"personasINE":251748.00000000003,"porcentaje":0.5164258978562811},{"rango":{"min":30,"max":39},"vacunados":55070,"personasINE":310934,"porcentaje":0.5164258978562811},{"rango":{"min":40,"max":49},"vacunados":200334,"personasINE":387924,"porcentaje":0.5164258978562811},{"rango":{"min":50,"max":59},"vacunados":274285,"personasINE":350512,"porcentaje":0.782526703793308},{"rango":{"min":60,"max":69},"vacunados":207408,"personasINE":235092,"porcentaje":0.8822418457454954},{"rango":{"min":70,"max":79},"vacunados":147305,"personasINE":154531,"porcentaje":0.9532391558975222},{"rango":{"min":80,"max":null},"vacunados":91288,"personasINE":91288,"porcentaje":1}]},"pautaCompleta":{"etarioTotal":{"vacunados":626779,"personasINE":1960774,"porcentaje":0.3196589714061896},"etarioRangos":[{"rango":{"min":12,"max":19},"vacunados":613,"personasINE":179797,"porcentaje":0.06867979090201312},{"rango":{"min":20,"max":29},"vacunados":17290,"personasINE":251748,"porcentaje":0.21117280704467886},{"rango":{"min":30,"max":39},"vacunados":28363,"personasINE":310934,"porcentaje":0.21117280704467886},{"rango":{"min":40,"max":49},"vacunados":81919,"personasINE":387924,"porcentaje":0.21117280704467886},{"rango":{"min":50,"max":59},"vacunados":195522,"personasINE":350512,"porcentaje":0.5578182772629753},{"rango":{"min":60,"max":69},"vacunados":72043,"personasINE":235092,"porcentaje":0.3064459871029214},{"rango":{"min":70,"max":79},"vacunados":142547,"personasINE":154531,"porcentaje":0.9224492173091483},{"rango":{"min":80,"max":null},"vacunados":88482,"personasINE":90236,"porcentaje":0.9805620816525555}]}}},{"ccaa":"Cantabria","dosisAdministradas":473978,"dosisEntregadas":538915,"dosisEntregadasModerna":52100,"dosisEntregadasPfizer":373965,"dosisEntregadasAstrazeneca":93900,"dosisEntregadasJanssen":18950,"dosisPrimeraDosis":305021,"dosisPautaCompletada":182038,"porcentajeEntregadas":0.8795041889722869,"porcentajePoblacionAdministradas":0.8131307846046955,"porcentajePoblacionPrimeraDosis":0.5232773779603881,"porcentajePoblacionCompletas":0.31229445621499213,"fechaUltRegistro":1624139956000,"etarios":{"unaDosis":{"etarioTotal":{"vacunados":305021,"personasINE":524127,"porcentaje":0.5819600974572957},"etarioRangos":[{"rango":{"min":12,"max":19},"vacunados":180,"personasINE":43963,"porcentaje":0.1068013068013068},{"rango":{"min":20,"max":29},"vacunados":5394,"personasINE":50505,"porcentaje":0.43120007364297475},{"rango":{"min":30,"max":39},"vacunados":9591,"personasINE":70473,"porcentaje":0.43120007364297475},{"rango":{"min":40,"max":49},"vacunados":42158,"personasINE":97769,"porcentaje":0.43120007364297475},{"rango":{"min":50,"max":59},"vacunados":76528,"personasINE":89964,"porcentaje":0.850651371659775},{"rango":{"min":60,"max":69},"vacunados":73459,"personasINE":77345,"porcentaje":0.94975757967548},{"rango":{"min":70,"max":79},"vacunados":55568,"personasINE":55568,"porcentaje":1},{"rango":{"min":80,"max":null},"vacunados":42143,"personasINE":42143,"porcentaje":1}]},"pautaCompleta":{"etarioTotal":{"vacunados":182038,"personasINE":524127,"porcentaje":0.34731658548405253},"etarioRangos":[{"rango":{"min":12,"max":19},"vacunados":87,"personasINE":43963,"porcentaje":0.0720918720918721},{"rango":{"min":20,"max":29},"vacunados":3641,"personasINE":50505,"porcentaje":0.11066902596937679},{"rango":{"min":30,"max":39},"vacunados":5764,"personasINE":70473,"porcentaje":0.11066902596937679},{"rango":{"min":40,"max":49},"vacunados":10820,"personasINE":97769,"porcentaje":0.11066902596937679},{"rango":{"min":50,"max":59},"vacunados":38141,"personasINE":89964,"porcentaje":0.42395847227780004},{"rango":{"min":60,"max":69},"vacunados":27074,"personasINE":77345,"porcentaje":0.3500420195229168},{"rango":{"min":70,"max":79},"vacunados":54938,"personasINE":54938,"porcentaje":1},{"rango":{"min":80,"max":null},"vacunados":41573,"personasINE":41573,"porcentaje":1}]}}},{"ccaa":"Castilla y Leon","dosisAdministradas":2131180,"dosisEntregadas":2425195,"dosisEntregadasModerna":242600,"dosisEntregadasPfizer":1718445,"dosisEntregadasAstrazeneca":386100,"dosisEntregadasJanssen":78050,"dosisPrimeraDosis":1335576,"dosisPautaCompletada":865671,"porcentajeEntregadas":0.8787664497081678,"porcentajePoblacionAdministradas":0.88987597905231,"porcentajePoblacionPrimeraDosis":0.5576708680631237,"porcentajePoblacionCompletas":0.36146164503335815,"fechaUltRegistro":1624226356000,"etarios":{"unaDosis":{"etarioTotal":{"vacunados":1335576,"personasINE":2176253,"porcentaje":0.61370438087851},"etarioRangos":[{"rango":{"min":12,"max":19},"vacunados":904,"personasINE":165342,"porcentaje":0.11312000606617821},{"rango":{"min":20,"max":29},"vacunados":23869,"personasINE":211006,"porcentaje":0.4343705701820784},{"rango":{"min":30,"max":39},"vacunados":36562,"personasINE":267783,"porcentaje":0.4343705701820784},{"rango":{"min":40,"max":49},"vacunados":157809,"personasINE":363305,"porcentaje":0.4343705701820784},{"rango":{"min":50,"max":59},"vacunados":332827,"personasINE":381175,"porcentaje":0.873160621761658},{"rango":{"min":60,"max":69},"vacunados":306858,"personasINE":318575,"porcentaje":0.9632205916974025},{"rango":{"min":70,"max":79},"vacunados":248398,"personasINE":248398,"porcentaje":1},{"rango":{"min":80,"max":null},"vacunados":228349,"personasINE":228349,"porcentaje":1}]},"pautaCompleta":{"etarioTotal":{"vacunados":865671,"personasINE":2176253,"porcentaje":0.39778049702860835},"etarioRangos":[{"rango":{"min":12,"max":19},"vacunados":747,"personasINE":165341.99999999997,"porcentaje":0.0962010558941452},{"rango":{"min":20,"max":29},"vacunados":20299,"personasINE":211006,"porcentaje":0.15659845033787037},{"rango":{"min":30,"max":39},"vacunados":30940,"personasINE":267783,"porcentaje":0.15659845033787037},{"rango":{"min":40,"max":49},"vacunados":56893,"personasINE":363305.00000000006,"porcentaje":0.15659845033787037},{"rango":{"min":50,"max":59},"vacunados":158303,"personasINE":381175,"porcentaje":0.41530268249491703},{"rango":{"min":60,"max":69},"vacunados":127383,"personasINE":318575,"porcentaje":0.39985246802165897},{"rango":{"min":70,"max":79},"vacunados":245918,"personasINE":245918,"porcentaje":1},{"rango":{"min":80,"max":null},"vacunados":225188,"personasINE":225188,"porcentaje":1}]}}},{"ccaa":"Castilla La Mancha","dosisAdministradas":1621174,"dosisEntregadas":1795900,"dosisEntregadasModerna":174300,"dosisEntregadasPfizer":1226025,"dosisEntregadasAstrazeneca":328900,"dosisEntregadasJanssen":66675,"dosisPrimeraDosis":1044943,"dosisPautaCompletada":636418,"porcentajeEntregadas":0.9027083913358205,"porcentajePoblacionAdministradas":0.7926644602221471,"porcentajePoblacionPrimeraDosis":0.5109193578591262,"porcentajePoblacionCompletas":0.311173217955419,"fechaUltRegistro":1624226356000},{"ccaa":"Cataluña","dosisAdministradas":5917441,"dosisEntregadas":6627520,"dosisEntregadasModerna":644000,"dosisEntregadasPfizer":4475870,"dosisEntregadasAstrazeneca":1254300,"dosisEntregadasJanssen":253350,"dosisPrimeraDosis":3776768,"dosisPautaCompletada":2274408,"porcentajeEntregadas":0.8928590181546038,"porcentajePoblacionAdministradas":0.7605497039449628,"porcentajePoblacionPrimeraDosis":0.48541587221043847,"porcentajePoblacionCompletas":0.2923223621579083,"fechaUltRegistro":1624226356000,"etarios":{"unaDosis":{"etarioTotal":{"vacunados":3776768,"personasINE":6868360,"porcentaje":0.5498791560139539},"etarioRangos":[{"rango":{"min":12,"max":19},"vacunados":9204,"personasINE":656166,"porcentaje":0.13343346027999786},{"rango":{"min":20,"max":29},"vacunados":111942,"personasINE":838935,"porcentaje":0.5955496656553421},{"rango":{"min":30,"max":39},"vacunados":150810,"personasINE":1044651.9999999999,"porcentaje":0.5955496656553421},{"rango":{"min":40,"max":49},"vacunados":784193,"personasINE":1316755,"porcentaje":0.5955496656553421},{"rango":{"min":50,"max":59},"vacunados":914040,"personasINE":1091780,"porcentaje":0.8372016340288336},{"rango":{"min":60,"max":69},"vacunados":742029,"personasINE":837584,"porcentaje":0.8859159200748821},{"rango":{"min":70,"max":79},"vacunados":609562,"personasINE":635292,"porcentaje":0.9594989390705376},{"rango":{"min":80,"max":null},"vacunados":454988,"personasINE":454988,"porcentaje":1}]},"pautaCompleta":{"etarioTotal":{"vacunados":2274408,"personasINE":6868360,"porcentaje":0.3311428055605705},"etarioRangos":[{"rango":{"min":12,"max":19},"vacunados":5995,"personasINE":656166.0000000001,"porcentaje":0.10272547932795748},{"rango":{"min":20,"max":29},"vacunados":86180,"personasINE":838935,"porcentaje":0.15523161104381605},{"rango":{"min":30,"max":39},"vacunados":110447,"personasINE":1044652,"porcentaje":0.15523161104381605},{"rango":{"min":40,"max":49},"vacunados":204402,"personasINE":1316755,"porcentaje":0.15523161104381605},{"rango":{"min":50,"max":59},"vacunados":617569,"personasINE":1091780,"porcentaje":0.5656533367528257},{"rango":{"min":60,"max":69},"vacunados":208972,"personasINE":837584,"porcentaje":0.24949378211618178},{"rango":{"min":70,"max":79},"vacunados":594593,"personasINE":635292,"porcentaje":0.9359365457144116},{"rango":{"min":80,"max":null},"vacunados":446250,"personasINE":447196,"porcentaje":0.9978845964632957}]}}},{"ccaa":"C. Valenciana","dosisAdministradas":3632418,"dosisEntregadas":4226310,"dosisEntregadasModerna":407600,"dosisEntregadasPfizer":2838610,"dosisEntregadasAstrazeneca":815300,"dosisEntregadasJanssen":164800,"dosisPrimeraDosis":2344812,"dosisPautaCompletada":1419161,"porcentajeEntregadas":0.8594774164696863,"porcentajePoblacionAdministradas":0.7182449000494923,"porcentajePoblacionPrimeraDosis":0.46364412371452024,"porcentajePoblacionCompletas":0.280613395980071,"fechaUltRegistro":1624226356000,"etarios":{"unaDosis":{"etarioTotal":{"vacunados":2344812,"personasINE":4488459,"porcentaje":0.5224091386375591},"etarioRangos":[{"rango":{"min":12,"max":19},"vacunados":2343,"personasINE":424531,"porcentaje":0.10513130514641773},{"rango":{"min":20,"max":29},"vacunados":54261,"personasINE":516126,"porcentaje":0.38462378521068874},{"rango":{"min":30,"max":39},"vacunados":78552,"personasINE":648759,"porcentaje":0.38462378521068874},{"rango":{"min":40,"max":49},"vacunados":327541,"personasINE":851588,"porcentaje":0.38462378521068874},{"rango":{"min":50,"max":59},"vacunados":623908,"personasINE":752334,"porcentaje":0.8292965624310479},{"rango":{"min":60,"max":69},"vacunados":535002,"personasINE":580728,"porcentaje":0.9212609001115841},{"rango":{"min":70,"max":79},"vacunados":428624,"personasINE":437862,"porcentaje":0.9789020284929955},{"rango":{"min":80,"max":null},"vacunados":294581,"personasINE":294581,"porcentaje":1}]},"pautaCompleta":{"etarioTotal":{"vacunados":1419161,"personasINE":4488459,"porcentaje":0.3161800074368508},"etarioRangos":[{"rango":{"min":12,"max":19},"vacunados":1186,"personasINE":424531,"porcentaje":0.05651914454997423},{"rango":{"min":20,"max":29},"vacunados":29171,"personasINE":516126,"porcentaje":0.10685213976711744},{"rango":{"min":30,"max":39},"vacunados":45091,"personasINE":648759,"porcentaje":0.10685213976711744},{"rango":{"min":40,"max":49},"vacunados":90994,"personasINE":851588,"porcentaje":0.10685213976711744},{"rango":{"min":50,"max":59},"vacunados":329613,"personasINE":752334,"porcentaje":0.4381205687899257},{"rango":{"min":60,"max":69},"vacunados":217313,"personasINE":580728,"porcentaje":0.37420789078535904},{"rango":{"min":70,"max":79},"vacunados":416603,"personasINE":437862,"porcentaje":0.9514481731687152},{"rango":{"min":80,"max":null},"vacunados":289190,"personasINE":289190,"porcentaje":1}]}}},{"ccaa":"Extremadura","dosisAdministradas":917794,"dosisEntregadas":982005,"dosisEntregadasModerna":94300,"dosisEntregadasPfizer":681605,"dosisEntregadasAstrazeneca":171500,"dosisEntregadasJanssen":34600,"dosisPrimeraDosis":576301,"dosisPautaCompletada":383166,"porcentajeEntregadas":0.9346123492242912,"porcentajePoblacionAdministradas":0.8625988851367545,"porcentajePoblacionPrimeraDosis":0.5416428960128272,"porcentajePoblacionCompletas":0.3601228210495053,"fechaUltRegistro":1624226356000,"etarios":{"unaDosis":{"etarioTotal":{"vacunados":576301,"personasINE":953437,"porcentaje":0.6044458102632896},"etarioRangos":[{"rango":{"min":12,"max":19},"vacunados":348,"personasINE":84750,"porcentaje":0.07893575714789976},{"rango":{"min":20,"max":29},"vacunados":8945,"personasINE":113320,"porcentaje":0.6047876409143917},{"rango":{"min":30,"max":39},"vacunados":17847,"personasINE":133479,"porcentaje":0.6047876409143917},{"rango":{"min":40,"max":49},"vacunados":96460,"personasINE":159494,"porcentaje":0.6047876409143917},{"rango":{"min":50,"max":59},"vacunados":152752,"personasINE":169216,"porcentaje":0.9027042360060514},{"rango":{"min":60,"max":69},"vacunados":126662,"personasINE":126662,"porcentaje":1},{"rango":{"min":70,"max":79},"vacunados":95296,"personasINE":95296,"porcentaje":1},{"rango":{"min":80,"max":null},"vacunados":77991,"personasINE":77991,"porcentaje":1}]},"pautaCompleta":{"etarioTotal":{"vacunados":383166,"personasINE":953437,"porcentaje":0.4018786768291979},"etarioRangos":[{"rango":{"min":12,"max":19},"vacunados":259,"personasINE":84750,"porcentaje":0.06447229085774797},{"rango":{"min":20,"max":29},"vacunados":7306,"personasINE":113320,"porcentaje":0.2021267257702484},{"rango":{"min":30,"max":39},"vacunados":14244,"personasINE":133479,"porcentaje":0.2021267257702484},{"rango":{"min":40,"max":49},"vacunados":32238,"personasINE":159494,"porcentaje":0.2021267257702484},{"rango":{"min":50,"max":59},"vacunados":99294,"personasINE":169216,"porcentaje":0.5867884833585476},{"rango":{"min":60,"max":69},"vacunados":62450,"personasINE":125297,"porcentaje":0.4984157641443929},{"rango":{"min":70,"max":79},"vacunados":90791,"personasINE":91876,"porcentaje":0.9881906047281118},{"rango":{"min":80,"max":null},"vacunados":76584,"personasINE":76584,"porcentaje":1}]}}},{"ccaa":"Galicia","dosisAdministradas":2469974,"dosisEntregadas":2620935,"dosisEntregadasModerna":253000,"dosisEntregadasPfizer":1844035,"dosisEntregadasAstrazeneca":435700,"dosisEntregadasJanssen":88200,"dosisPrimeraDosis":1518927,"dosisPautaCompletada":1054047,"porcentajeEntregadas":0.9424018527739146,"porcentajePoblacionAdministradas":0.9141892924729599,"porcentajePoblacionPrimeraDosis":0.5621868082206839,"porcentajePoblacionCompletas":0.3901249491546251,"fechaUltRegistro":1624226356000,"etarios":{"unaDosis":{"etarioTotal":{"vacunados":1518927,"personasINE":2454497,"porcentaje":0.618834327359129},"etarioRangos":[{"rango":{"min":12,"max":19},"vacunados":370,"personasINE":180006.99999999997,"porcentaje":0.08625384771907646},{"rango":{"min":20,"max":29},"vacunados":19923,"personasINE":230981,"porcentaje":0.5207560111095819},{"rango":{"min":30,"max":39},"vacunados":38202,"personasINE":323408,"porcentaje":0.5207560111095819},{"rango":{"min":40,"max":49},"vacunados":230810,"personasINE":443221,"porcentaje":0.5207560111095819},{"rango":{"min":50,"max":59},"vacunados":368481,"personasINE":405889,"porcentaje":0.9078368716570294},{"rango":{"min":60,"max":69},"vacunados":331937,"personasINE":346927,"porcentaje":0.9567920628835461},{"rango":{"min":70,"max":79},"vacunados":288452,"personasINE":289762,"porcentaje":0.9954790483224163},{"rango":{"min":80,"max":null},"vacunados":240752,"personasINE":240752,"porcentaje":1}]},"pautaCompleta":{"etarioTotal":{"vacunados":1054047,"personasINE":2454497,"porcentaje":0.42943503292120544},"etarioRangos":[{"rango":{"min":12,"max":19},"vacunados":243,"personasINE":180007,"porcentaje":0.07027417839562561},{"rango":{"min":20,"max":29},"vacunados":16232,"personasINE":230981.00000000003,"porcentaje":0.13543807716692124},{"rango":{"min":30,"max":39},"vacunados":31623,"personasINE":323408,"porcentaje":0.13543807716692124},{"rango":{"min":40,"max":49},"vacunados":60029,"personasINE":443221,"porcentaje":0.13543807716692124},{"rango":{"min":50,"max":59},"vacunados":265945,"personasINE":405889,"porcentaje":0.6552160812438869},{"rango":{"min":60,"max":69},"vacunados":155888,"personasINE":346927,"porcentaje":0.44933948640492094},{"rango":{"min":70,"max":79},"vacunados":285466,"personasINE":289762,"porcentaje":0.9851740393840462},{"rango":{"min":80,"max":null},"vacunados":238621,"personasINE":238621,"porcentaje":1}]}}},{"ccaa":"La Rioja","dosisAdministradas":257255,"dosisEntregadas":291005,"dosisEntregadasModerna":27900,"dosisEntregadasPfizer":201305,"dosisEntregadasAstrazeneca":51400,"dosisEntregadasJanssen":10400,"dosisPrimeraDosis":158783,"dosisPautaCompletada":111658,"porcentajeEntregadas":0.8840226112953385,"porcentajePoblacionAdministradas":0.8041379870840288,"porcentajePoblacionPrimeraDosis":0.49633026375838507,"porcentajePoblacionCompletas":0.34902505048231713,"fechaUltRegistro":1624226356000,"etarios":{"unaDosis":{"etarioTotal":{"vacunados":158783,"personasINE":283970,"porcentaje":0.5591541360002817},"etarioRangos":[{"rango":{"min":12,"max":19},"vacunados":151,"personasINE":25532,"porcentaje":0.11668527152143936},{"rango":{"min":20,"max":29},"vacunados":3554,"personasINE":30458,"porcentaje":0.3873118401420288},{"rango":{"min":30,"max":39},"vacunados":5289,"personasINE":39319,"porcentaje":0.3873118401420288},{"rango":{"min":40,"max":49},"vacunados":20507,"personasINE":52947,"porcentaje":0.3873118401420288},{"rango":{"min":50,"max":59},"vacunados":41449,"personasINE":47664,"porcentaje":0.8696080899630748},{"rango":{"min":60,"max":69},"vacunados":36070,"personasINE":37718,"porcentaje":0.9563073333686833},{"rango":{"min":70,"max":79},"vacunados":28465,"personasINE":28465,"porcentaje":1},{"rango":{"min":80,"max":null},"vacunados":23298,"personasINE":23298,"porcentaje":1}]},"pautaCompleta":{"etarioTotal":{"vacunados":111658,"personasINE":283970,"porcentaje":0.3932035074127549},"etarioRangos":[{"rango":{"min":12,"max":19},"vacunados":114,"personasINE":25532,"porcentaje":0.08582310066320835},{"rango":{"min":20,"max":29},"vacunados":2614,"personasINE":30458,"porcentaje":0.1611422743498215},{"rango":{"min":30,"max":39},"vacunados":4065,"personasINE":39319,"porcentaje":0.1611422743498215},{"rango":{"min":40,"max":49},"vacunados":8532,"personasINE":52947.00000000001,"porcentaje":0.1611422743498215},{"rango":{"min":50,"max":59},"vacunados":25758,"personasINE":47664,"porcentaje":0.5404078549848943},{"rango":{"min":60,"max":69},"vacunados":19340,"personasINE":37718.00000000001,"porcentaje":0.5127525319476112},{"rango":{"min":70,"max":79},"vacunados":28230,"personasINE":28230,"porcentaje":1},{"rango":{"min":80,"max":null},"vacunados":23005,"personasINE":23005,"porcentaje":1}]}}},{"ccaa":"Madrid","dosisAdministradas":4742962,"dosisEntregadas":5627995,"dosisEntregadasModerna":545400,"dosisEntregadasPfizer":3768495,"dosisEntregadasAstrazeneca":1093300,"dosisEntregadasJanssen":220800,"dosisPrimeraDosis":2957163,"dosisPautaCompletada":2038658,"porcentajeEntregadas":0.8427445298014657,"porcentajePoblacionAdministradas":0.6995634736149033,"porcentajePoblacionPrimeraDosis":0.4361669396308612,"porcentajePoblacionCompletas":0.3006919878322474,"fechaUltRegistro":1624226356000,"etarios":{"unaDosis":{"etarioTotal":{"vacunados":2957163,"personasINE":5977937,"porcentaje":0.49467951903808954},"etarioRangos":[{"rango":{"min":12,"max":19},"vacunados":4163,"personasINE":553542,"porcentaje":0.11393784302501768},{"rango":{"min":20,"max":29},"vacunados":84596,"personasINE":742475,"porcentaje":0.32173270175673324},{"rango":{"min":30,"max":39},"vacunados":124546,"personasINE":949639.9999999999,"porcentaje":0.32173270175673324},{"rango":{"min":40,"max":49},"vacunados":375131,"personasINE":1165971,"porcentaje":0.32173270175673324},{"rango":{"min":50,"max":59},"vacunados":839987,"personasINE":972783,"porcentaje":0.8634885683651955},{"rango":{"min":60,"max":69},"vacunados":653608,"personasINE":703323,"porcentaje":0.9293141273639566},{"rango":{"min":70,"max":79},"vacunados":504343,"personasINE":526081,"porcentaje":0.9586793668655588},{"rango":{"min":80,"max":null},"vacunados":370789,"personasINE":370789,"porcentaje":1}]},"pautaCompleta":{"etarioTotal":{"vacunados":2038658,"personasINE":5977937,"porcentaje":0.3410303588010379},"etarioRangos":[{"rango":{"min":12,"max":19},"vacunados":3018,"personasINE":553542,"porcentaje":0.09422539479443752},{"rango":{"min":20,"max":29},"vacunados":69960,"personasINE":742475,"porcentaje":0.14429775697680303},{"rango":{"min":30,"max":39},"vacunados":102815,"personasINE":949640,"porcentaje":0.14429775697680303},{"rango":{"min":40,"max":49},"vacunados":168247,"personasINE":1165971,"porcentaje":0.14429775697680303},{"rango":{"min":50,"max":59},"vacunados":575006,"personasINE":972783,"porcentaje":0.5910937999533298},{"rango":{"min":60,"max":69},"vacunados":256093,"personasINE":703323,"porcentaje":0.3641186197522333},{"rango":{"min":70,"max":79},"vacunados":497584,"personasINE":526081,"porcentaje":0.9458315354479634},{"rango":{"min":80,"max":null},"vacunados":365935,"personasINE":365935,"porcentaje":1}]}}},{"ccaa":"Murcia","dosisAdministradas":1077570,"dosisEntregadas":1229155,"dosisEntregadasModerna":117800,"dosisEntregadasPfizer":818555,"dosisEntregadasAstrazeneca":243600,"dosisEntregadasJanssen":49200,"dosisPrimeraDosis":702094,"dosisPautaCompletada":418282,"porcentajeEntregadas":0.8766754396312915,"porcentajePoblacionAdministradas":0.7130317862486113,"porcentajePoblacionPrimeraDosis":0.46457802178460095,"porcentajePoblacionCompletas":0.2767786423300961,"fechaUltRegistro":1624226356000,"etarios":{"unaDosis":{"etarioTotal":{"vacunados":702094,"personasINE":1310137,"porcentaje":0.5358935744887748},"etarioRangos":[{"rango":{"min":12,"max":19},"vacunados":883,"personasINE":141894,"porcentaje":0.10021596767451582},{"rango":{"min":20,"max":29},"vacunados":17262,"personasINE":172248,"porcentaje":0.6486266362917409},{"rango":{"min":30,"max":39},"vacunados":23612,"personasINE":209003,"porcentaje":0.6486266362917409},{"rango":{"min":40,"max":49},"vacunados":164853,"personasINE":254157.00000000003,"porcentaje":0.6486266362917409},{"rango":{"min":50,"max":59},"vacunados":186677,"personasINE":213256,"porcentaje":0.8753657575871253},{"rango":{"min":60,"max":69},"vacunados":134546,"personasINE":146909,"porcentaje":0.9158458637660049},{"rango":{"min":70,"max":79},"vacunados":101013,"personasINE":102899,"porcentaje":0.9816713476321441},{"rango":{"min":80,"max":null},"vacunados":73248,"personasINE":73248,"porcentaje":1}]},"pautaCompleta":{"etarioTotal":{"vacunados":418282,"personasINE":1310137,"porcentaje":0.3192658477701187},"etarioRangos":[{"rango":{"min":12,"max":19},"vacunados":717,"personasINE":141894,"porcentaje":0.08925502763457341},{"rango":{"min":20,"max":29},"vacunados":15374,"personasINE":172248,"porcentaje":0.2116487053278092},{"rango":{"min":30,"max":39},"vacunados":20923,"personasINE":209003,"porcentaje":0.2116487053278092},{"rango":{"min":40,"max":49},"vacunados":53792,"personasINE":254157,"porcentaje":0.2116487053278092},{"rango":{"min":50,"max":59},"vacunados":111128,"personasINE":213256,"porcentaje":0.5211013992572308},{"rango":{"min":60,"max":69},"vacunados":48056,"personasINE":146909,"porcentaje":0.3271140638082078},{"rango":{"min":70,"max":79},"vacunados":96433,"personasINE":102899,"porcentaje":0.9371616828151877},{"rango":{"min":80,"max":null},"vacunados":71859,"personasINE":71859,"porcentaje":1}]}}},{"ccaa":"Navarra","dosisAdministradas":536088,"dosisEntregadas":578005,"dosisEntregadasModerna":56000,"dosisEntregadasPfizer":393855,"dosisEntregadasAstrazeneca":106600,"dosisEntregadasJanssen":21550,"dosisPrimeraDosis":346858,"dosisPautaCompletada":219324,"porcentajeEntregadas":0.9274798660911238,"porcentajePoblacionAdministradas":0.8107840779676859,"porcentajePoblacionPrimeraDosis":0.5245910069162443,"porcentajePoblacionCompletas":0.3317074941356358,"fechaUltRegistro":1624226356000,"etarios":{"unaDosis":{"etarioTotal":{"vacunados":346858,"personasINE":581354,"porcentaje":0.5966381929082797},"etarioRangos":[{"rango":{"min":12,"max":19},"vacunados":434,"personasINE":56388,"porcentaje":0.12764395907643078},{"rango":{"min":20,"max":29},"vacunados":8696,"personasINE":68127,"porcentaje":0.6796911168311698},{"rango":{"min":30,"max":39},"vacunados":10980,"personasINE":81341.00000000001,"porcentaje":0.6796911168311698},{"rango":{"min":40,"max":49},"vacunados":73408,"personasINE":108002,"porcentaje":0.6796911168311698},{"rango":{"min":50,"max":59},"vacunados":86453,"personasINE":96694,"porcentaje":0.8940885680600658},{"rango":{"min":60,"max":69},"vacunados":68922,"personasINE":73844,"porcentaje":0.9333459725908673},{"rango":{"min":70,"max":79},"vacunados":55597,"personasINE":55792,"porcentaje":0.996504875250932},{"rango":{"min":80,"max":null},"vacunados":42368,"personasINE":42368,"porcentaje":1}]},"pautaCompleta":{"etarioTotal":{"vacunados":219324,"personasINE":581354,"porcentaje":0.377264111023576},"etarioRangos":[{"rango":{"min":12,"max":19},"vacunados":242,"personasINE":56388,"porcentaje":0.09910901698298766},{"rango":{"min":20,"max":29},"vacunados":6752,"personasINE":68127,"porcentaje":0.20269995000092592},{"rango":{"min":30,"max":39},"vacunados":9297,"personasINE":81341,"porcentaje":0.20269995000092592},{"rango":{"min":40,"max":49},"vacunados":21892,"personasINE":108002,"porcentaje":0.20269995000092592},{"rango":{"min":50,"max":59},"vacunados":62986,"personasINE":96693.99999999999,"porcentaje":0.6513951227583925},{"rango":{"min":60,"max":69},"vacunados":21249,"personasINE":73844,"porcentaje":0.2877552678619793},{"rango":{"min":70,"max":79},"vacunados":55109,"personasINE":55792,"porcentaje":0.9877581015199312},{"rango":{"min":80,"max":null},"vacunados":41797,"personasINE":41797,"porcentaje":1}]}}},{"ccaa":"País Vasco","dosisAdministradas":1843762,"dosisEntregadas":2011660,"dosisEntregadasModerna":193800,"dosisEntregadasPfizer":1388610,"dosisEntregadasAstrazeneca":356900,"dosisEntregadasJanssen":72350,"dosisPrimeraDosis":1162729,"dosisPautaCompletada":780325,"porcentajeEntregadas":0.9165375858743525,"porcentajePoblacionAdministradas":0.8303349149562441,"porcentajePoblacionPrimeraDosis":0.523632922976045,"porcentajePoblacionCompletas":0.3514179663715985,"fechaUltRegistro":1624226356000,"etarios":{"unaDosis":{"etarioTotal":{"vacunados":1162729,"personasINE":1983943,"porcentaje":0.5860697610768051},"etarioRangos":[{"rango":{"min":12,"max":19},"vacunados":1438,"personasINE":168606,"porcentaje":0.13989202814413448},{"rango":{"min":20,"max":29},"vacunados":28193,"personasINE":201534,"porcentaje":0.44715063250242315},{"rango":{"min":30,"max":39},"vacunados":36305,"personasINE":260543,"porcentaje":0.44715063250242315},{"rango":{"min":40,"max":49},"vacunados":161928,"personasINE":362133,"porcentaje":0.44715063250242315},{"rango":{"min":50,"max":59},"vacunados":296323,"personasINE":339977,"porcentaje":0.8715971962809249},{"rango":{"min":60,"max":69},"vacunados":266552,"personasINE":280119,"porcentaje":0.9515670125910773},{"rango":{"min":70,"max":79},"vacunados":210100,"personasINE":213081,"porcentaje":0.9860100149708327},{"rango":{"min":80,"max":null},"vacunados":161890,"personasINE":161890,"porcentaje":1}]},"pautaCompleta":{"etarioTotal":{"vacunados":780325,"personasINE":1983943,"porcentaje":0.39332027180216367},"etarioRangos":[{"rango":{"min":12,"max":19},"vacunados":883,"personasINE":168606,"porcentaje":0.11207538182142963},{"rango":{"min":20,"max":29},"vacunados":22587,"personasINE":201534,"porcentaje":0.16743848254646773},{"rango":{"min":30,"max":39},"vacunados":30589,"personasINE":260543.00000000003,"porcentaje":0.16743848254646773},{"rango":{"min":40,"max":49},"vacunados":60635,"personasINE":362133,"porcentaje":0.16743848254646773},{"rango":{"min":50,"max":59},"vacunados":199440,"personasINE":339977,"porcentaje":0.5866279189474582},{"rango":{"min":60,"max":69},"vacunados":99689,"personasINE":280119,"porcentaje":0.355880893477415},{"rango":{"min":70,"max":79},"vacunados":207554,"personasINE":213081,"porcentaje":0.9740615071263979},{"rango":{"min":80,"max":null},"vacunados":158948,"personasINE":157950,"porcentaje":1.006318455207344}]}}},{"ccaa":"Ceuta","dosisAdministradas":61032,"dosisEntregadas":67350,"dosisEntregadasModerna":6300,"dosisEntregadasPfizer":44100,"dosisEntregadasAstrazeneca":14200,"dosisEntregadasJanssen":2750,"dosisPrimeraDosis":38215,"dosisPautaCompletada":26409,"porcentajeEntregadas":0.9061915367483296,"porcentajePoblacionAdministradas":0.7248283888743735,"porcentajePoblacionPrimeraDosis":0.4538490772190684,"porcentajePoblacionCompletas":0.3136386309113798,"fechaUltRegistro":1624226356000,"etarios":{"unaDosis":{"etarioTotal":{"vacunados":38215,"personasINE":70965,"porcentaje":0.5385048967801028},"etarioRangos":[{"rango":{"min":12,"max":19},"vacunados":110,"personasINE":9126,"porcentaje":0.10668368742591411},{"rango":{"min":20,"max":29},"vacunados":1170,"personasINE":10967,"porcentaje":0.7199810156620788},{"rango":{"min":30,"max":39},"vacunados":5210,"personasINE":11894,"porcentaje":0.7199810156620788},{"rango":{"min":40,"max":49},"vacunados":9102,"personasINE":12641.999999999998,"porcentaje":0.7199810156620788},{"rango":{"min":50,"max":59},"vacunados":9469,"personasINE":11556,"porcentaje":0.8194011768778124},{"rango":{"min":60,"max":69},"vacunados":7017,"personasINE":7857,"porcentaje":0.8930889652539137},{"rango":{"min":70,"max":79},"vacunados":3777,"personasINE":4318,"porcentaje":0.8747105141269106},{"rango":{"min":80,"max":null},"vacunados":2360,"personasINE":2605,"porcentaje":0.9059500959692899}]},"pautaCompleta":{"etarioTotal":{"vacunados":26409,"personasINE":70965,"porcentaje":0.372141196364405},"etarioRangos":[{"rango":{"min":12,"max":19},"vacunados":97,"personasINE":9126,"porcentaje":0.08908543813257956},{"rango":{"min":20,"max":29},"vacunados":977,"personasINE":10967,"porcentaje":0.4664610030058535},{"rango":{"min":30,"max":39},"vacunados":1585,"personasINE":11894,"porcentaje":0.4664610030058535},{"rango":{"min":40,"max":49},"vacunados":5897,"personasINE":12642,"porcentaje":0.4664610030058535},{"rango":{"min":50,"max":59},"vacunados":8587,"personasINE":11556,"porcentaje":0.7430771893388716},{"rango":{"min":60,"max":69},"vacunados":3256,"personasINE":7857,"porcentaje":0.4144075346824488},{"rango":{"min":70,"max":79},"vacunados":3695,"personasINE":4318,"porcentaje":0.8557202408522464},{"rango":{"min":80,"max":null},"vacunados":2315,"personasINE":2605,"porcentaje":0.8886756238003839}]}}},{"ccaa":"Melilla","dosisAdministradas":55986,"dosisEntregadas":67250,"dosisEntregadasModerna":6200,"dosisEntregadasPfizer":44100,"dosisEntregadasAstrazeneca":14200,"dosisEntregadasJanssen":2750,"dosisPrimeraDosis":34499,"dosisPautaCompletada":25845,"porcentajeEntregadas":0.8325055762081784,"porcentajePoblacionAdministradas":0.6429555790344067,"porcentajePoblacionPrimeraDosis":0.396194129266388,"porcentajePoblacionCompletas":0.296809683494878,"fechaUltRegistro":1624226356000,"etarios":{"unaDosis":{"etarioTotal":{"vacunados":34499,"personasINE":70927,"porcentaje":0.4864015114131431},"etarioRangos":[{"rango":{"min":12,"max":19},"vacunados":24,"personasINE":9574,"porcentaje":0.07444768653605668},{"rango":{"min":20,"max":29},"vacunados":893,"personasINE":11995.000000000002,"porcentaje":0.7088818530244959},{"rango":{"min":30,"max":39},"vacunados":4509,"personasINE":12133,"porcentaje":0.7088818530244959},{"rango":{"min":40,"max":49},"vacunados":8508,"personasINE":12002,"porcentaje":0.7088818530244959},{"rango":{"min":50,"max":59},"vacunados":8801,"personasINE":11299,"porcentaje":0.7789184883618019},{"rango":{"min":60,"max":69},"vacunados":6635,"personasINE":7827,"porcentaje":0.8477066564456369},{"rango":{"min":70,"max":79},"vacunados":3179,"personasINE":3748,"porcentaje":0.8481856990394877},{"rango":{"min":80,"max":null},"vacunados":1950,"personasINE":2349,"porcentaje":0.8301404853128991}]},"pautaCompleta":{"etarioTotal":{"vacunados":25845,"personasINE":70927,"porcentaje":0.36438873771624347},"etarioRangos":[{"rango":{"min":12,"max":19},"vacunados":22,"personasINE":9574,"porcentaje":0.06786160900375156},{"rango":{"min":20,"max":29},"vacunados":814,"personasINE":11995.000000000002,"porcentaje":0.5982336277287119},{"rango":{"min":30,"max":39},"vacunados":1738,"personasINE":12133,"porcentaje":0.5982336277287119},{"rango":{"min":40,"max":49},"vacunados":7180,"personasINE":12002,"porcentaje":0.5982336277287119},{"rango":{"min":50,"max":59},"vacunados":8107,"personasINE":11299,"porcentaje":0.7174971236392601},{"rango":{"min":60,"max":69},"vacunados":3119,"personasINE":7827.000000000001,"porcentaje":0.39849239810910947},{"rango":{"min":70,"max":79},"vacunados":2999,"personasINE":3748,"porcentaje":0.8001600853788687},{"rango":{"min":80,"max":null},"vacunados":1866,"personasINE":2349,"porcentaje":0.7943805874840357}]}}},{"ccaa":"Fuerzas Armadas","dosisAdministradas":116918,"dosisEntregadas":170792,"dosisEntregadasModerna":16300,"dosisEntregadasPfizer":46392,"dosisEntregadasAstrazeneca":106100,"dosisEntregadasJanssen":2000,"dosisPrimeraDosis":78052,"dosisPautaCompletada":39446,"porcentajeEntregadas":0.6845636797976486,"porcentajePoblacionAdministradas":null,"porcentajePoblacionPrimeraDosis":null,"porcentajePoblacionCompletas":null,"fechaUltRegistro":1624226356000},{"ccaa":"Sanidad Exterior","dosisAdministradas":636,"dosisEntregadas":3020,"dosisEntregadasModerna":1900,"dosisEntregadasPfizer":0,"dosisEntregadasAstrazeneca":0,"dosisEntregadasJanssen":1120,"dosisPrimeraDosis":636,"dosisPautaCompletada":0,"porcentajeEntregadas":0.21059602649006623,"porcentajePoblacionAdministradas":null,"porcentajePoblacionPrimeraDosis":null,"porcentajePoblacionCompletas":null,"fechaUltRegistro":1623967156000,"etarios":{"unaDosis":{"etarioTotal":{"vacunados":636,"personasINE":"-","porcentaje":"-"},"etarioRangos":[{"rango":{"min":12,"max":19},"vacunados":11,"personasINE":null,"porcentaje":"-"},{"rango":{"min":20,"max":29},"vacunados":169,"personasINE":null,"porcentaje":"-"},{"rango":{"min":30,"max":39},"vacunados":185,"personasINE":null,"porcentaje":"-"},{"rango":{"min":40,"max":49},"vacunados":205,"personasINE":null,"porcentaje":"-"},{"rango":{"min":50,"max":59},"vacunados":54,"personasINE":null,"porcentaje":"-"},{"rango":{"min":60,"max":69},"vacunados":11,"personasINE":null,"porcentaje":"-"},{"rango":{"min":70,"max":79},"vacunados":0,"personasINE":null,"porcentaje":"-"},{"rango":{"min":80,"max":null},"vacunados":1,"personasINE":null,"porcentaje":"-"}]},"pautaCompleta":{"etarioTotal":{"vacunados":0,"personasINE":"-","porcentaje":"-"},"etarioRangos":[{"rango":{"min":12,"max":19},"vacunados":0,"personasINE":null,"porcentaje":"-"},{"rango":{"min":20,"max":29},"vacunados":0,"personasINE":null,"porcentaje":"-"},{"rango":{"min":30,"max":39},"vacunados":0,"personasINE":null,"porcentaje":"-"},{"rango":{"min":40,"max":49},"vacunados":0,"personasINE":null,"porcentaje":"-"},{"rango":{"min":50,"max":59},"vacunados":0,"personasINE":null,"porcentaje":"-"},{"rango":{"min":60,"max":69},"vacunados":0,"personasINE":null,"porcentaje":"-"},{"rango":{"min":70,"max":79},"vacunados":0,"personasINE":null,"porcentaje":"-"},{"rango":{"min":80,"max":null},"vacunados":0,"personasINE":null,"porcentaje":"-"}]}}},{"ccaa":"Totales","dosisAdministradas":36880086,"dosisEntregadas":41218602,"dosisEntregadasModerna":3982000,"dosisEntregadasPfizer":27932757,"dosisEntregadasAstrazeneca":7755100,"dosisEntregadasJanssen":1548745,"dosisPrimeraDosis":23443444,"dosisPautaCompletada":14745736,"porcentajeEntregadas":0.8947437373057922,"porcentajePoblacionAdministradas":0.7856856838517257,"porcentajePoblacionPrimeraDosis":0.4994342564976566,"porcentajePoblacionCompletas":0.3141400937366851,"fechaUltRegistro":null,"etarios":{"unaDosis":{"etarioTotal":{"vacunados":23443444,"personasINE":42119827,"porcentaje":0.5565892756397124},"etarioRangos":[{"rango":{"min":12,"max":19},"vacunados":30489,"personasINE":3888686.0000000005,"porcentaje":0.11555846330572095},{"rango":{"min":20,"max":29},"vacunados":571395,"personasINE":4944640,"porcentaje":0.5186493163672332},{"rango":{"min":30,"max":39},"vacunados":933825,"personasINE":6230403,"porcentaje":0.5186493163672332},{"rango":{"min":40,"max":49},"vacunados":4093044,"personasINE":7891737,"porcentaje":0.5186493163672332},{"rango":{"min":50,"max":59},"vacunados":6046635,"personasINE":7033306,"porcentaje":0.8597144785112435},{"rango":{"min":60,"max":69},"vacunados":4965836,"personasINE":5336986,"porcentaje":0.9304570032598923},{"rango":{"min":70,"max":79},"vacunados":3888252,"personasINE":3960045,"porcentaje":0.9818706605606754},{"rango":{"min":80,"max":null},"vacunados":2913968,"personasINE":2913968,"porcentaje":1}]},"pautaCompleta":{"etarioTotal":{"vacunados":14745736,"personasINE":42119827,"porcentaje":0.3500901368849402},"etarioRangos":[{"rango":{"min":12,"max":19},"vacunados":20285,"personasINE":3888686,"porcentaje":0.08815019900336526},{"rango":{"min":20,"max":29},"vacunados":435871,"personasINE":4944640,"porcentaje":0.15744049757360135},{"rango":{"min":30,"max":39},"vacunados":652433,"personasINE":6230403,"porcentaje":0.15744049757360135},{"rango":{"min":40,"max":49},"vacunados":1242479,"personasINE":7891737,"porcentaje":0.15744049757360135},{"rango":{"min":50,"max":59},"vacunados":3968784,"personasINE":7033305.999999999,"porcentaje":0.5642842782611762},{"rango":{"min":60,"max":69},"vacunados":1747532,"personasINE":5336986,"porcentaje":0.32743799590255623},{"rango":{"min":70,"max":79},"vacunados":3813160,"personasINE":3960045,"porcentaje":0.9629082497799899},{"rango":{"min":80,"max":null},"vacunados":2865192,"personasINE":2865192,"porcentaje":1}]}}}]