[{"ccaa":"Andalucía","dosisAdministradas":313286,"dosisEntregadas":330980,"dosisEntregadasModerna":6800,"dosisEntregadasPfizer":324180,"dosisPautaCompletada":90764,"porcentajeEntregadas":0.9465405764698773,"porcentajePoblacionAdministradas":0.03701214414092132,"porcentajePoblacionCompletas":0.010723014277071376},{"ccaa":"Aragón","dosisAdministradas":56482,"dosisEntregadas":56505,"dosisEntregadasModerna":1200,"dosisEntregadasPfizer":55305,"dosisPautaCompletada":11119,"porcentajeEntregadas":0.999592956375542,"porcentajePoblacionAdministradas":0.042487123803305424,"porcentajePoblacionCompletas":0.008363980198451772},{"ccaa":"Asturias","dosisAdministradas":58177,"dosisEntregadas":59435,"dosisEntregadasModerna":1200,"dosisEntregadasPfizer":58235,"dosisPautaCompletada":19503,"porcentajeEntregadas":0.9788340203583747,"porcentajePoblacionAdministradas":0.057104351854760184,"porcentajePoblacionCompletas":0.01914341018312027},{"ccaa":"Baleares","dosisAdministradas":25963,"dosisEntregadas":30210,"dosisEntregadasModerna":600,"dosisEntregadasPfizer":29610,"dosisPautaCompletada":5026,"porcentajeEntregadas":0.8594174114531612,"porcentajePoblacionAdministradas":0.0221613717977061,"porcentajePoblacionCompletas":0.004290068738407382},{"ccaa":"Canarias","dosisAdministradas":67783,"dosisEntregadas":65620,"dosisEntregadasModerna":1300,"dosisEntregadasPfizer":64320,"dosisPautaCompletada":14647,"porcentajeEntregadas":1.0329625114294423,"porcentajePoblacionAdministradas":0.031150962888887256,"porcentajePoblacionCompletas":0.006731306572939109},{"ccaa":"Cantabria","dosisAdministradas":25067,"dosisEntregadas":28145,"dosisEntregadasModerna":500,"dosisEntregadasPfizer":27645,"dosisPautaCompletada":4261,"porcentajeEntregadas":0.8906377686978149,"porcentajePoblacionAdministradas":0.043003576912189805,"porcentajePoblacionCompletas":0.007309939012360505},{"ccaa":"Castilla y Leon","dosisAdministradas":126362,"dosisEntregadas":123895,"dosisEntregadasModerna":2500,"dosisEntregadasPfizer":121395,"dosisPautaCompletada":35051,"porcentajeEntregadas":1.019912022276928,"porcentajePoblacionAdministradas":0.05276255805000422,"porcentajePoblacionCompletas":0.014635574161620564},{"ccaa":"Castilla La Mancha","dosisAdministradas":88888,"dosisEntregadas":84635,"dosisEntregadasModerna":1700,"dosisEntregadasPfizer":82935,"dosisPautaCompletada":21360,"porcentajeEntregadas":1.050251078159154,"porcentajePoblacionAdministradas":0.0434613178722495,"porcentajePoblacionCompletas":0.010443859123292789},{"ccaa":"Cataluña","dosisAdministradas":261562,"dosisEntregadas":286050,"dosisEntregadasModerna":5800,"dosisEntregadasPfizer":280250,"dosisPautaCompletada":69431,"porcentajeEntregadas":0.9143925887082678,"porcentajePoblacionAdministradas":0.033617724564258836,"porcentajePoblacionCompletas":0.008923743640976346},{"ccaa":"C. Valenciana","dosisAdministradas":147945,"dosisEntregadas":145830,"dosisEntregadasModerna":2900,"dosisEntregadasPfizer":142930,"dosisPautaCompletada":44979,"porcentajeEntregadas":1.0145031886443119,"porcentajePoblacionAdministradas":0.029253445428863677,"porcentajePoblacionCompletas":0.008893782973029568},{"ccaa":"Extremadura","dosisAdministradas":49703,"dosisEntregadas":51975,"dosisEntregadasModerna":1000,"dosisEntregadasPfizer":50975,"dosisPautaCompletada":10776,"porcentajeEntregadas":0.9562866762866763,"porcentajePoblacionAdministradas":0.04671391661740228,"porcentajePoblacionCompletas":0.010127943292540229},{"ccaa":"Galicia","dosisAdministradas":87736,"dosisEntregadas":89665,"dosisEntregadasModerna":1800,"dosisEntregadasPfizer":87865,"dosisPautaCompletada":29065,"porcentajeEntregadas":0.9784865889700552,"porcentajePoblacionAdministradas":0.032472937676432063,"porcentajePoblacionCompletas":0.010757567401813372},{"ccaa":"La Rioja","dosisAdministradas":13215,"dosisEntregadas":14305,"dosisEntregadasModerna":200,"dosisEntregadasPfizer":14105,"dosisPautaCompletada":3478,"porcentajeEntregadas":0.9238028661307235,"porcentajePoblacionAdministradas":0.0413079765186894,"porcentajePoblacionCompletas":0.01087167176178598},{"ccaa":"Madrid","dosisAdministradas":199495,"dosisEntregadas":232775,"dosisEntregadasModerna":4700,"dosisEntregadasPfizer":228075,"dosisPautaCompletada":24312,"porcentajeEntregadas":0.8570293201589517,"porcentajePoblacionAdministradas":0.029424527366823758,"porcentajePoblacionCompletas":0.0035858999440698727},{"ccaa":"Murcia","dosisAdministradas":60731,"dosisEntregadas":60425,"dosisEntregadasModerna":1200,"dosisEntregadasPfizer":59225,"dosisPautaCompletada":12580,"porcentajeEntregadas":1.0050641290856435,"porcentajePoblacionAdministradas":0.040185912201216076,"porcentajePoblacionCompletas":0.008324229396705114},{"ccaa":"Navarra","dosisAdministradas":26779,"dosisEntregadas":28145,"dosisEntregadasModerna":500,"dosisEntregadasPfizer":27645,"dosisPautaCompletada":6320,"porcentajeEntregadas":0.9514656244448392,"porcentajePoblacionAdministradas":0.040500788721061956,"porcentajePoblacionCompletas":0.009558422073905356},{"ccaa":"País Vasco","dosisAdministradas":59582,"dosisEntregadas":76100,"dosisEntregadasModerna":1400,"dosisEntregadasPfizer":74700,"dosisPautaCompletada":14059,"porcentajeEntregadas":0.7829434954007884,"porcentajePoblacionAdministradas":0.026832647002662458,"porcentajePoblacionCompletas":0.006331445473640219},{"ccaa":"Ceuta","dosisAdministradas":1950,"dosisEntregadas":2180,"dosisEntregadasModerna":200,"dosisEntregadasPfizer":1980,"dosisPautaCompletada":748,"porcentajeEntregadas":0.8944954128440367,"porcentajePoblacionAdministradas":0.02315859480772428,"porcentajePoblacionCompletas":0.008883399444193725},{"ccaa":"Melilla","dosisAdministradas":2348,"dosisEntregadas":2180,"dosisEntregadasModerna":200,"dosisEntregadasPfizer":1980,"dosisPautaCompletada":1040,"porcentajeEntregadas":1.0770642201834861,"porcentajePoblacionAdministradas":0.026964950158482246,"porcentajePoblacionCompletas":0.011943589508015986},{"ccaa":"Totales","dosisAdministradas":1673054,"dosisEntregadas":1769055,"dosisEntregadasModerna":35700,"dosisEntregadasPfizer":1733355,"dosisPautaCompletada":418519,"porcentajeEntregadas":0.9457331739261923,"porcentajePoblacionAdministradas":0.03564239454622923,"porcentajePoblacionCompletas":0.008916041755432466}]
