[{"ccaa":"Andalucía","dosisAdministradas":1699464,"dosisEntregadas":2016380,"dosisEntregadasModerna":168000,"dosisEntregadasPfizer":1283580,"dosisEntregadasAstrazeneca":564800,"dosisPautaCompletada":531513,"porcentajeEntregadas":0.8428292286176217,"porcentajePoblacionAdministradas":0.2007775851149005,"porcentajePoblacionCompletas":0.06279385535508614,"fechaUltRegistro":1617746356000,"etarios":{"unaDosis":{"etarioTotal":{"vacunados":1167951,"personasINE":7062213,"porcentaje":0.1653803135079613},"etarioRangos":[{"rango":{"min":16,"max":17},"vacunados":188,"personasINE":181921,"porcentaje":0.0010334156034762342},{"rango":{"min":18,"max":24},"vacunados":27991,"personasINE":625846,"porcentaje":0.04472506015856936},{"rango":{"min":25,"max":49},"vacunados":324650,"personasINE":3009381,"porcentaje":0.10787932800798569},{"rango":{"min":50,"max":59},"vacunados":141864,"personasINE":1265021,"porcentaje":0.1121435928731618},{"rango":{"min":60,"max":69},"vacunados":151927,"personasINE":916147,"porcentaje":0.16583255743892628},{"rango":{"min":70,"max":79},"vacunados":115348,"personasINE":650381,"porcentaje":0.17735450451350823},{"rango":{"min":80,"max":null},"vacunados":405983,"personasINE":413516,"porcentaje":0.9817830507162963}]},"pautaCompleta":{"etarioTotal":{"vacunados":531513,"personasINE":7062213,"porcentaje":0.07526153629181108},"etarioRangos":[{"rango":{"min":16,"max":17},"vacunados":87,"personasINE":181921,"porcentaje":0.00047822956118315094},{"rango":{"min":18,"max":24},"vacunados":11971,"personasINE":625846,"porcentaje":0.01912770873345839},{"rango":{"min":25,"max":49},"vacunados":131966,"personasINE":3009381,"porcentaje":0.043851542892043245},{"rango":{"min":50,"max":59},"vacunados":71345,"personasINE":1265021,"porcentaje":0.05639827323024677},{"rango":{"min":60,"max":69},"vacunados":42363,"personasINE":916147,"porcentaje":0.04624039591899553},{"rango":{"min":70,"max":79},"vacunados":14063,"personasINE":650381,"porcentaje":0.021622710380530798},{"rango":{"min":80,"max":null},"vacunados":259718,"personasINE":413516,"porcentaje":0.6280724325056346}]}}},{"ccaa":"Aragón","dosisAdministradas":290838,"dosisEntregadas":374695,"dosisEntregadasModerna":35300,"dosisEntregadasPfizer":250695,"dosisEntregadasAstrazeneca":88700,"dosisPautaCompletada":100046,"porcentajeEntregadas":0.7761993087711339,"porcentajePoblacionAdministradas":0.21877536405767753,"porcentajePoblacionCompletas":0.07525701618259789,"fechaUltRegistro":1617746356000,"etarios":{"unaDosis":{"etarioTotal":{"vacunados":190792,"personasINE":1132764,"porcentaje":0.16843049390693912},"etarioRangos":[{"rango":{"min":16,"max":17},"vacunados":29,"personasINE":25106,"porcentaje":0.0011551023659682944},{"rango":{"min":18,"max":24},"vacunados":5728,"personasINE":89180,"porcentaje":0.06422964790311729},{"rango":{"min":25,"max":49},"vacunados":49734,"personasINE":446083,"porcentaje":0.11149046253724083},{"rango":{"min":50,"max":59},"vacunados":26223,"personasINE":198266,"porcentaje":0.13226170901717893},{"rango":{"min":60,"max":69},"vacunados":17813,"personasINE":156367,"porcentaje":0.1139178982777696},{"rango":{"min":70,"max":79},"vacunados":4736,"personasINE":118955,"porcentaje":0.03981337480559875},{"rango":{"min":80,"max":null},"vacunados":86529,"personasINE":98807,"porcentaje":0.8757375489590818}]},"pautaCompleta":{"etarioTotal":{"vacunados":100046,"personasINE":1132764,"porcentaje":0.08832025029044002},"etarioRangos":[{"rango":{"min":16,"max":17},"vacunados":25,"personasINE":25106,"porcentaje":0.0009957779016968055},{"rango":{"min":18,"max":24},"vacunados":1450,"personasINE":89180,"porcentaje":0.016259250953128503},{"rango":{"min":25,"max":49},"vacunados":21680,"personasINE":446083,"porcentaje":0.04860082092346043},{"rango":{"min":50,"max":59},"vacunados":14067,"personasINE":198266,"porcentaje":0.07095013769380529},{"rango":{"min":60,"max":69},"vacunados":9498,"personasINE":156367,"porcentaje":0.060741716602607965},{"rango":{"min":70,"max":79},"vacunados":3250,"personasINE":118955,"porcentaje":0.02732125593711908},{"rango":{"min":80,"max":null},"vacunados":50076,"personasINE":98807,"porcentaje":0.5068061979414414}]}}},{"ccaa":"Asturias","dosisAdministradas":272976,"dosisEntregadas":342625,"dosisEntregadasModerna":32700,"dosisEntregadasPfizer":241925,"dosisEntregadasAstrazeneca":68000,"dosisPautaCompletada":95081,"porcentajeEntregadas":0.7967194454578621,"porcentajePoblacionAdministradas":0.26794295944969687,"porcentajePoblacionCompletas":0.0933279281967522,"fechaUltRegistro":1617746356000,"etarios":{"unaDosis":{"etarioTotal":{"vacunados":177895,"personasINE":901209,"porcentaje":0.19739594256160337},"etarioRangos":[{"rango":{"min":16,"max":17},"vacunados":30,"personasINE":15563,"porcentaje":0.0019276489108783653},{"rango":{"min":18,"max":24},"vacunados":2896,"personasINE":54179,"porcentaje":0.053452444674135735},{"rango":{"min":25,"max":49},"vacunados":30041,"personasINE":322095,"porcentaje":0.09326751424269238},{"rango":{"min":50,"max":59},"vacunados":20480,"personasINE":162645,"porcentaje":0.12591841126379538},{"rango":{"min":60,"max":69},"vacunados":31463,"personasINE":149652,"porcentaje":0.21024109266832383},{"rango":{"min":70,"max":79},"vacunados":9818,"personasINE":109249,"porcentaje":0.08986809947917143},{"rango":{"min":80,"max":null},"vacunados":83167,"personasINE":87826,"porcentaje":0.9469519276751759}]},"pautaCompleta":{"etarioTotal":{"vacunados":95081,"personasINE":901209,"porcentaje":0.10550382874560729},"etarioRangos":[{"rango":{"min":16,"max":17},"vacunados":25,"personasINE":15563,"porcentaje":0.0016063740923986378},{"rango":{"min":18,"max":24},"vacunados":2341,"personasINE":54179,"porcentaje":0.04320862326731759},{"rango":{"min":25,"max":49},"vacunados":21091,"personasINE":322095,"porcentaje":0.06548068116549466},{"rango":{"min":50,"max":59},"vacunados":13651,"personasINE":162645,"porcentaje":0.0839312613360386},{"rango":{"min":60,"max":69},"vacunados":9987,"personasINE":149652,"porcentaje":0.06673482479352097},{"rango":{"min":70,"max":79},"vacunados":3653,"personasINE":109249,"porcentaje":0.033437377001162484},{"rango":{"min":80,"max":null},"vacunados":44333,"personasINE":87826,"porcentaje":0.5047821829526564}]}}},{"ccaa":"Baleares","dosisAdministradas":190732,"dosisEntregadas":236760,"dosisEntregadasModerna":18000,"dosisEntregadasPfizer":140760,"dosisEntregadasAstrazeneca":78000,"dosisPautaCompletada":53422,"porcentajeEntregadas":0.8055921608379794,"porcentajePoblacionAdministradas":0.1628040968193229,"porcentajePoblacionCompletas":0.045599692030083405,"fechaUltRegistro":1617746356000,"etarios":{"unaDosis":{"etarioTotal":{"vacunados":137310,"personasINE":986279,"porcentaje":0.13922024092574212},"etarioRangos":[{"rango":{"min":16,"max":17},"vacunados":33,"personasINE":23300,"porcentaje":0.0014163090128755365},{"rango":{"min":18,"max":24},"vacunados":3673,"personasINE":85839,"porcentaje":0.0427894080779133},{"rango":{"min":25,"max":49},"vacunados":42250,"personasINE":464054,"porcentaje":0.0910454386773953},{"rango":{"min":50,"max":59},"vacunados":20396,"personasINE":165797,"porcentaje":0.12301790744102728},{"rango":{"min":60,"max":69},"vacunados":23135,"personasINE":117231,"porcentaje":0.19734541204971381},{"rango":{"min":70,"max":79},"vacunados":4466,"personasINE":80516,"porcentaje":0.05546723632569924},{"rango":{"min":80,"max":null},"vacunados":43357,"personasINE":49542,"porcentaje":0.8751564329255985}]},"pautaCompleta":{"etarioTotal":{"vacunados":53422,"personasINE":986279,"porcentaje":0.05416520071906631},"etarioRangos":[{"rango":{"min":16,"max":17},"vacunados":30,"personasINE":23300,"porcentaje":0.0012875536480686696},{"rango":{"min":18,"max":24},"vacunados":1240,"personasINE":85839,"porcentaje":0.01444564824846515},{"rango":{"min":25,"max":49},"vacunados":17474,"personasINE":464054,"porcentaje":0.037655100483995396},{"rango":{"min":50,"max":59},"vacunados":7626,"personasINE":165797,"porcentaje":0.045996007165389},{"rango":{"min":60,"max":69},"vacunados":4976,"personasINE":117231,"porcentaje":0.04244611067038582},{"rango":{"min":70,"max":79},"vacunados":2198,"personasINE":80516,"porcentaje":0.027298921953400567},{"rango":{"min":80,"max":null},"vacunados":19878,"personasINE":49542,"porcentaje":0.4012353154898874}]}}},{"ccaa":"Canarias","dosisAdministradas":355871,"dosisEntregadas":457090,"dosisEntregadasModerna":35800,"dosisEntregadasPfizer":276090,"dosisEntregadasAstrazeneca":145200,"dosisPautaCompletada":113498,"porcentajeEntregadas":0.7785578332494695,"porcentajePoblacionAdministradas":0.16354726574850917,"porcentajePoblacionCompletas":0.05216015794466054,"fechaUltRegistro":1617746356000,"etarios":{"unaDosis":{"etarioTotal":{"vacunados":242373,"personasINE":1871033,"porcentaje":0.12953967140077166},"etarioRangos":[{"rango":{"min":16,"max":17},"vacunados":37,"personasINE":44352,"porcentaje":0.0008342352092352092},{"rango":{"min":18,"max":24},"vacunados":5720,"personasINE":163899,"porcentaje":0.03489954179098103},{"rango":{"min":25,"max":49},"vacunados":65821,"personasINE":832411,"porcentaje":0.07907271768393258},{"rango":{"min":50,"max":59},"vacunados":27667,"personasINE":350512,"porcentaje":0.07893310357420003},{"rango":{"min":60,"max":69},"vacunados":52700,"personasINE":235092,"porcentaje":0.2241675599339833},{"rango":{"min":70,"max":79},"vacunados":22251,"personasINE":154531,"porcentaje":0.14399052617274205},{"rango":{"min":80,"max":null},"vacunados":68177,"personasINE":90236,"porcentaje":0.7555410257546877}]},"pautaCompleta":{"etarioTotal":{"vacunados":113498,"personasINE":1871033,"porcentaje":0.06066060833774711},"etarioRangos":[{"rango":{"min":16,"max":17},"vacunados":20,"personasINE":44352,"porcentaje":0.00045093795093795094},{"rango":{"min":18,"max":24},"vacunados":2387,"personasINE":163899,"porcentaje":0.014563847247390162},{"rango":{"min":25,"max":49},"vacunados":34513,"personasINE":832411,"porcentaje":0.04146148957666345},{"rango":{"min":50,"max":59},"vacunados":17120,"personasINE":350512,"porcentaje":0.04884283562331675},{"rango":{"min":60,"max":69},"vacunados":9360,"personasINE":235092,"porcentaje":0.039814200398142006},{"rango":{"min":70,"max":79},"vacunados":13594,"personasINE":154531,"porcentaje":0.08796940419721609},{"rango":{"min":80,"max":null},"vacunados":36504,"personasINE":90236,"porcentaje":0.4045392082982402}]}}},{"ccaa":"Cantabria","dosisAdministradas":128539,"dosisEntregadas":169495,"dosisEntregadasModerna":15300,"dosisEntregadasPfizer":115395,"dosisEntregadasAstrazeneca":38800,"dosisPautaCompletada":44962,"porcentajeEntregadas":0.7583645535266527,"porcentajePoblacionAdministradas":0.22051449206989132,"porcentajePoblacionCompletas":0.07713435293915819,"fechaUltRegistro":1617746356000,"etarios":{"unaDosis":{"etarioTotal":{"vacunados":83577,"personasINE":501384,"porcentaje":0.16669259489732421},"etarioRangos":[{"rango":{"min":16,"max":17},"vacunados":5,"personasINE":10791,"porcentaje":0.0004633490872022982},{"rango":{"min":18,"max":24},"vacunados":1551,"personasINE":34935,"porcentaje":0.044396736796908545},{"rango":{"min":25,"max":49},"vacunados":22376,"personasINE":194241,"porcentaje":0.1151971005091613},{"rango":{"min":50,"max":59},"vacunados":11082,"personasINE":89964,"porcentaje":0.12318260637588369},{"rango":{"min":60,"max":69},"vacunados":6142,"personasINE":77345,"porcentaje":0.07941043377076734},{"rango":{"min":70,"max":79},"vacunados":5336,"personasINE":53066,"porcentaje":0.10055402706064147},{"rango":{"min":80,"max":null},"vacunados":37085,"personasINE":41042,"porcentaje":0.9035865698552702}]},"pautaCompleta":{"etarioTotal":{"vacunados":44962,"personasINE":501384,"porcentaje":0.08967577744802387},"etarioRangos":[{"rango":{"min":16,"max":17},"vacunados":3,"personasINE":10791,"porcentaje":0.00027800945232137893},{"rango":{"min":18,"max":24},"vacunados":596,"personasINE":34935,"porcentaje":0.01706025475883784},{"rango":{"min":25,"max":49},"vacunados":10420,"personasINE":194241,"porcentaje":0.053644699110898315},{"rango":{"min":50,"max":59},"vacunados":5530,"personasINE":89964,"porcentaje":0.06146903205726735},{"rango":{"min":60,"max":69},"vacunados":3719,"personasINE":77345,"porcentaje":0.04808326330079514},{"rango":{"min":70,"max":79},"vacunados":1673,"personasINE":53066,"porcentaje":0.03152677797459767},{"rango":{"min":80,"max":null},"vacunados":23021,"personasINE":41042,"porcentaje":0.5609132108571707}]}}},{"ccaa":"Castilla y Leon","dosisAdministradas":629472,"dosisEntregadas":793665,"dosisEntregadasModerna":78300,"dosisEntregadasPfizer":555465,"dosisEntregadasAstrazeneca":159900,"dosisPautaCompletada":225202,"porcentajeEntregadas":0.7931205231426357,"porcentajePoblacionAdministradas":0.26283655640819437,"porcentajePoblacionCompletas":0.0940332821416015,"fechaUltRegistro":1617746356000,"etarios":{"unaDosis":{"etarioTotal":{"vacunados":404270,"personasINE":2092873,"porcentaje":0.1931650893293573},"etarioRangos":[{"rango":{"min":16,"max":17},"vacunados":93,"personasINE":40684,"porcentaje":0.0022859109232130567},{"rango":{"min":18,"max":24},"vacunados":7282,"personasINE":144422,"porcentaje":0.050421680907340984},{"rango":{"min":25,"max":49},"vacunados":84450,"personasINE":738950,"porcentaje":0.1142837810406658},{"rango":{"min":50,"max":59},"vacunados":52359,"personasINE":381175,"porcentaje":0.13736210402046303},{"rango":{"min":60,"max":69},"vacunados":46317,"personasINE":318575,"porcentaje":0.1453880561877109},{"rango":{"min":70,"max":79},"vacunados":22620,"personasINE":245410,"porcentaje":0.09217228311804734},{"rango":{"min":80,"max":null},"vacunados":191149,"personasINE":223657,"porcentaje":0.8546524365434571}]},"pautaCompleta":{"etarioTotal":{"vacunados":225202,"personasINE":2092873,"porcentaje":0.10760423589964609},"etarioRangos":[{"rango":{"min":16,"max":17},"vacunados":83,"personasINE":40684,"porcentaje":0.002040114049749287},{"rango":{"min":18,"max":24},"vacunados":2618,"personasINE":144422,"porcentaje":0.018127432108681504},{"rango":{"min":25,"max":49},"vacunados":41697,"personasINE":738950,"porcentaje":0.05642736315041613},{"rango":{"min":50,"max":59},"vacunados":29931,"personasINE":381175,"porcentaje":0.07852298812881223},{"rango":{"min":60,"max":69},"vacunados":20063,"personasINE":318575,"porcentaje":0.06297732088205289},{"rango":{"min":70,"max":79},"vacunados":9480,"personasINE":245410,"porcentaje":0.0386292327126034},{"rango":{"min":80,"max":null},"vacunados":121330,"personasINE":223657,"porcentaje":0.542482461984199}]}}},{"ccaa":"Castilla La Mancha","dosisAdministradas":444254,"dosisEntregadas":542715,"dosisEntregadasModerna":49600,"dosisEntregadasPfizer":356715,"dosisEntregadasAstrazeneca":136400,"dosisPautaCompletada":145499,"porcentajeEntregadas":0.8185769694959601,"porcentajePoblacionAdministradas":0.21721564564416265,"porcentajePoblacionCompletas":0.07114096716198397,"fechaUltRegistro":1617746356000},{"ccaa":"Cataluña","dosisAdministradas":1592571,"dosisEntregadas":1908430,"dosisEntregadasModerna":168400,"dosisEntregadasPfizer":1220930,"dosisEntregadasAstrazeneca":519100,"dosisPautaCompletada":448496,"porcentajeEntregadas":0.8344927505855598,"porcentajePoblacionAdministradas":0.20468804041499244,"porcentajePoblacionCompletas":0.05764375175358741,"fechaUltRegistro":1617746356000,"etarios":{"unaDosis":{"etarioTotal":{"vacunados":1144075,"personasINE":6531658,"porcentaje":0.17515843603568956},"etarioRangos":[{"rango":{"min":16,"max":17},"vacunados":293,"personasINE":159864,"porcentaje":0.0018328078867036982},{"rango":{"min":18,"max":24},"vacunados":34603,"personasINE":556316,"porcentaje":0.06220026028372364},{"rango":{"min":25,"max":49},"vacunados":286495,"personasINE":2803626,"porcentaje":0.1021873102903169},{"rango":{"min":50,"max":59},"vacunados":127934,"personasINE":1091780,"porcentaje":0.11717928520397883},{"rango":{"min":60,"max":69},"vacunados":255485,"personasINE":837584,"porcentaje":0.3050261227530612},{"rango":{"min":70,"max":79},"vacunados":59602,"personasINE":635292,"porcentaje":0.0938182756905486},{"rango":{"min":80,"max":null},"vacunados":379663,"personasINE":447196,"porcentaje":0.848985679657242}]},"pautaCompleta":{"etarioTotal":{"vacunados":448496,"personasINE":6531658,"porcentaje":0.06866495459498952},"etarioRangos":[{"rango":{"min":16,"max":17},"vacunados":196,"personasINE":159864,"porcentaje":0.0012260421358154432},{"rango":{"min":18,"max":24},"vacunados":16085,"personasINE":556316,"porcentaje":0.028913423306178503},{"rango":{"min":25,"max":49},"vacunados":126644,"personasINE":2803626,"porcentaje":0.045171502903739655},{"rango":{"min":50,"max":59},"vacunados":66899,"personasINE":1091780,"porcentaje":0.0612751653263478},{"rango":{"min":60,"max":69},"vacunados":48232,"personasINE":837584,"porcentaje":0.057584672104529215},{"rango":{"min":70,"max":79},"vacunados":27358,"personasINE":635292,"porcentaje":0.04306366206405873},{"rango":{"min":80,"max":null},"vacunados":163082,"personasINE":447196,"porcentaje":0.36467678601776404}]}}},{"ccaa":"C. Valenciana","dosisAdministradas":991439,"dosisEntregadas":1145850,"dosisEntregadasModerna":96800,"dosisEntregadasPfizer":711550,"dosisEntregadasAstrazeneca":337500,"dosisPautaCompletada":277761,"porcentajeEntregadas":0.8652432691888118,"porcentajePoblacionAdministradas":0.19603911374191202,"porcentajePoblacionCompletas":0.05492220930593534,"fechaUltRegistro":1617746356000,"etarios":{"unaDosis":{"etarioTotal":{"vacunados":713678,"personasINE":4269305,"porcentaje":0.1671649132587154},"etarioRangos":[{"rango":{"min":16,"max":17},"vacunados":111,"personasINE":103049,"porcentaje":0.0010771574687769897},{"rango":{"min":18,"max":24},"vacunados":17299,"personasINE":352834,"porcentaje":0.04902872172182953},{"rango":{"min":25,"max":49},"vacunados":198791,"personasINE":1765967,"porcentaje":0.11256778863931206},{"rango":{"min":50,"max":59},"vacunados":89579,"personasINE":752334,"porcentaje":0.1190681266565116},{"rango":{"min":60,"max":69},"vacunados":107311,"personasINE":580728,"porcentaje":0.1847870259398548},{"rango":{"min":70,"max":79},"vacunados":32867,"personasINE":437862,"porcentaje":0.07506246260237244},{"rango":{"min":80,"max":null},"vacunados":267720,"personasINE":276531,"porcentaje":0.9681373878516333}]},"pautaCompleta":{"etarioTotal":{"vacunados":277761,"personasINE":4269305,"porcentaje":0.0650600039116437},"etarioRangos":[{"rango":{"min":16,"max":17},"vacunados":92,"personasINE":103049,"porcentaje":0.0008927791633106581},{"rango":{"min":18,"max":24},"vacunados":5145,"personasINE":352834,"porcentaje":0.014581928045483144},{"rango":{"min":25,"max":49},"vacunados":67726,"personasINE":1765967,"porcentaje":0.03835066000667057},{"rango":{"min":50,"max":59},"vacunados":33529,"personasINE":752334,"porcentaje":0.04456664194360484},{"rango":{"min":60,"max":69},"vacunados":23264,"personasINE":580728,"porcentaje":0.04006006254218843},{"rango":{"min":70,"max":79},"vacunados":10229,"personasINE":437862,"porcentaje":0.02336124166974983},{"rango":{"min":80,"max":null},"vacunados":137776,"personasINE":276531,"porcentaje":0.4982298548806463}]}}},{"ccaa":"Extremadura","dosisAdministradas":268347,"dosisEntregadas":310265,"dosisEntregadasModerna":28100,"dosisEntregadasPfizer":211265,"dosisEntregadasAstrazeneca":70900,"dosisPautaCompletada":82947,"porcentajeEntregadas":0.8648961371730617,"porcentajePoblacionAdministradas":0.2522089085674919,"porcentajePoblacionCompletas":0.07795865926933318,"fechaUltRegistro":1617746356000,"etarios":{"unaDosis":{"etarioTotal":{"vacunados":185400,"personasINE":911213,"porcentaje":0.20346505153021302},"etarioRangos":[{"rango":{"min":16,"max":17},"vacunados":42,"personasINE":20953,"porcentaje":0.0020044862310886267},{"rango":{"min":18,"max":24},"vacunados":2149,"personasINE":76088,"porcentaje":0.02824361265902639},{"rango":{"min":25,"max":49},"vacunados":41211,"personasINE":351778,"porcentaje":0.11715058929211036},{"rango":{"min":50,"max":59},"vacunados":22099,"personasINE":169216,"porcentaje":0.13059639750378216},{"rango":{"min":60,"max":69},"vacunados":32873,"personasINE":125297,"porcentaje":0.26236063114041036},{"rango":{"min":70,"max":79},"vacunados":14757,"personasINE":91876,"porcentaje":0.1606186599329531},{"rango":{"min":80,"max":null},"vacunados":72269,"personasINE":76005,"porcentaje":0.9508453391224262}]},"pautaCompleta":{"etarioTotal":{"vacunados":82947,"personasINE":911213,"porcentaje":0.09102921051389741},"etarioRangos":[{"rango":{"min":16,"max":17},"vacunados":35,"personasINE":20953,"porcentaje":0.0016704051925738558},{"rango":{"min":18,"max":24},"vacunados":894,"personasINE":76088,"porcentaje":0.011749553148985386},{"rango":{"min":25,"max":49},"vacunados":19345,"personasINE":351778,"porcentaje":0.054992068861611586},{"rango":{"min":50,"max":59},"vacunados":12613,"personasINE":169216,"porcentaje":0.07453786875945537},{"rango":{"min":60,"max":69},"vacunados":7558,"personasINE":125297,"porcentaje":0.06032067806890827},{"rango":{"min":70,"max":79},"vacunados":3074,"personasINE":91876,"porcentaje":0.03345813923113762},{"rango":{"min":80,"max":null},"vacunados":39428,"personasINE":76005,"porcentaje":0.5187553450430893}]}}},{"ccaa":"Galicia","dosisAdministradas":624745,"dosisEntregadas":786365,"dosisEntregadasModerna":73600,"dosisEntregadasPfizer":532465,"dosisEntregadasAstrazeneca":180300,"dosisPautaCompletada":182845,"porcentajeEntregadas":0.7944720327074577,"porcentajePoblacionAdministradas":0.2312312556836709,"porcentajePoblacionCompletas":0.06767477762203908,"fechaUltRegistro":1617746356000,"etarios":{"unaDosis":{"etarioTotal":{"vacunados":441900,"personasINE":2362643,"porcentaje":0.18703629790874035},"etarioRangos":[{"rango":{"min":16,"max":17},"vacunados":9,"personasINE":44014,"porcentaje":0.0002044803926023538},{"rango":{"min":18,"max":24},"vacunados":4962,"personasINE":152745,"porcentaje":0.03248551507414318},{"rango":{"min":25,"max":49},"vacunados":93672,"personasINE":889004,"porcentaje":0.10536735492753688},{"rango":{"min":50,"max":59},"vacunados":62695,"personasINE":405889,"porcentaje":0.15446341241078226},{"rango":{"min":60,"max":69},"vacunados":63179,"personasINE":346927,"porcentaje":0.1821103575103696},{"rango":{"min":70,"max":79},"vacunados":5421,"personasINE":289762,"porcentaje":0.018708457285634417},{"rango":{"min":80,"max":null},"vacunados":211962,"personasINE":234302,"porcentaje":0.9046529692448207}]},"pautaCompleta":{"etarioTotal":{"vacunados":182845,"personasINE":2362643,"porcentaje":0.07739002464612724},"etarioRangos":[{"rango":{"min":16,"max":17},"vacunados":3,"personasINE":44014,"porcentaje":0.00006816013086745126},{"rango":{"min":18,"max":24},"vacunados":1456,"personasINE":152745,"porcentaje":0.009532226914137942},{"rango":{"min":25,"max":49},"vacunados":38212,"personasINE":889004,"porcentaje":0.04298293371008454},{"rango":{"min":50,"max":59},"vacunados":23346,"personasINE":405889,"porcentaje":0.05751818847024679},{"rango":{"min":60,"max":69},"vacunados":16503,"personasINE":346927,"porcentaje":0.04756908513894854},{"rango":{"min":70,"max":79},"vacunados":4567,"personasINE":289762,"porcentaje":0.015761210924827962},{"rango":{"min":80,"max":null},"vacunados":98758,"personasINE":234302,"porcentaje":0.4214987494771705}]}}},{"ccaa":"La Rioja","dosisAdministradas":73374,"dosisEntregadas":88835,"dosisEntregadasModerna":7800,"dosisEntregadasPfizer":59735,"dosisEntregadasAstrazeneca":21300,"dosisPautaCompletada":24479,"porcentajeEntregadas":0.8259582371812911,"porcentajePoblacionAdministradas":0.22935538926086385,"porcentajePoblacionCompletas":0.07651743906174785,"fechaUltRegistro":1617746356000,"etarios":{"unaDosis":{"etarioTotal":{"vacunados":48895,"personasINE":270788,"porcentaje":0.18056560852031847},"etarioRangos":[{"rango":{"min":16,"max":17},"vacunados":8,"personasINE":6286,"porcentaje":0.0012726694241170856},{"rango":{"min":18,"max":24},"vacunados":1262,"personasINE":21170,"porcentaje":0.0596126594237128},{"rango":{"min":25,"max":49},"vacunados":12801,"personasINE":107618,"porcentaje":0.11894850303852515},{"rango":{"min":50,"max":59},"vacunados":6530,"personasINE":47664,"porcentaje":0.1370006713662303},{"rango":{"min":60,"max":69},"vacunados":10215,"personasINE":37718,"porcentaje":0.27082560050904075},{"rango":{"min":70,"max":79},"vacunados":741,"personasINE":28125,"porcentaje":0.026346666666666668},{"rango":{"min":80,"max":null},"vacunados":17338,"personasINE":22207,"porcentaje":0.7807448101949835}]},"pautaCompleta":{"etarioTotal":{"vacunados":24479,"personasINE":270788,"porcentaje":0.09039913142384448},"etarioRangos":[{"rango":{"min":16,"max":17},"vacunados":2,"personasINE":6286,"porcentaje":0.0003181673560292714},{"rango":{"min":18,"max":24},"vacunados":374,"personasINE":21170,"porcentaje":0.01766650921114785},{"rango":{"min":25,"max":49},"vacunados":4675,"personasINE":107618,"porcentaje":0.043440688360683155},{"rango":{"min":50,"max":59},"vacunados":3326,"personasINE":47664,"porcentaje":0.06978012755958375},{"rango":{"min":60,"max":69},"vacunados":2333,"personasINE":37718,"porcentaje":0.06185375682697916},{"rango":{"min":70,"max":79},"vacunados":658,"personasINE":28125,"porcentaje":0.023395555555555555},{"rango":{"min":80,"max":null},"vacunados":13111,"personasINE":22207,"porcentaje":0.5903994236051695}]}}},{"ccaa":"Madrid","dosisAdministradas":1287142,"dosisEntregadas":1585365,"dosisEntregadasModerna":136100,"dosisEntregadasPfizer":996765,"dosisEntregadasAstrazeneca":452500,"dosisPautaCompletada":418706,"porcentajeEntregadas":0.8118900064023111,"porcentajePoblacionAdministradas":0.18984708891946298,"porcentajePoblacionCompletas":0.061757067373384336,"fechaUltRegistro":1617746356000,"etarios":{"unaDosis":{"etarioTotal":{"vacunados":868436,"personasINE":5695623,"porcentaje":0.15247427717740447},"etarioRangos":[{"rango":{"min":16,"max":17},"vacunados":102,"personasINE":135861,"porcentaje":0.0007507673283723806},{"rango":{"min":18,"max":24},"vacunados":22098,"personasINE":479716,"porcentaje":0.04606475498002985},{"rango":{"min":25,"max":49},"vacunados":267211,"personasINE":2513737,"porcentaje":0.10630030110548558},{"rango":{"min":50,"max":59},"vacunados":104660,"personasINE":972783,"porcentaje":0.1075882288239001},{"rango":{"min":60,"max":69},"vacunados":157438,"personasINE":703323,"porcentaje":0.22384878640397085},{"rango":{"min":70,"max":79},"vacunados":35846,"personasINE":526081,"porcentaje":0.06813779627091646},{"rango":{"min":80,"max":null},"vacunados":281081,"personasINE":364122,"porcentaje":0.7719418216971234}]},"pautaCompleta":{"etarioTotal":{"vacunados":418706,"personasINE":5695623,"porcentaje":0.07351364372255678},"etarioRangos":[{"rango":{"min":16,"max":17},"vacunados":37,"personasINE":135861,"porcentaje":0.00027233716813507926},{"rango":{"min":18,"max":24},"vacunados":13035,"personasINE":479716,"porcentaje":0.02717232696011807},{"rango":{"min":25,"max":49},"vacunados":109901,"personasINE":2513737,"porcentaje":0.04372016642950317},{"rango":{"min":50,"max":59},"vacunados":50727,"personasINE":972783,"porcentaje":0.05214626489155341},{"rango":{"min":60,"max":69},"vacunados":30125,"personasINE":703323,"porcentaje":0.04283238284543517},{"rango":{"min":70,"max":79},"vacunados":8169,"personasINE":526081,"porcentaje":0.015528027052868284},{"rango":{"min":80,"max":null},"vacunados":206712,"personasINE":364122,"porcentaje":0.567699836867863}]}}},{"ccaa":"Murcia","dosisAdministradas":270112,"dosisEntregadas":359075,"dosisEntregadasModerna":29400,"dosisEntregadasPfizer":228875,"dosisEntregadasAstrazeneca":100800,"dosisPautaCompletada":94507,"porcentajeEntregadas":0.7522439601754508,"porcentajePoblacionAdministradas":0.17873404219418218,"porcentajePoblacionCompletas":0.06253560791688476,"fechaUltRegistro":1617746356000,"etarios":{"unaDosis":{"etarioTotal":{"vacunados":175605,"personasINE":1237479,"porcentaje":0.14190543839531822},"etarioRangos":[{"rango":{"min":16,"max":17},"vacunados":103,"personasINE":34712,"porcentaje":0.0029672735653376355},{"rango":{"min":18,"max":24},"vacunados":7014,"personasINE":118667,"porcentaje":0.05910657554332713},{"rango":{"min":25,"max":49},"vacunados":58079,"personasINE":551265,"porcentaje":0.10535586333251704},{"rango":{"min":50,"max":59},"vacunados":25097,"personasINE":213256,"porcentaje":0.11768484825749334},{"rango":{"min":60,"max":69},"vacunados":19265,"personasINE":146909,"porcentaje":0.13113560095024812},{"rango":{"min":70,"max":79},"vacunados":4191,"personasINE":102899,"porcentaje":0.04072925878774332},{"rango":{"min":80,"max":null},"vacunados":61856,"personasINE":69771,"porcentaje":0.8865574522366026}]},"pautaCompleta":{"etarioTotal":{"vacunados":94507,"personasINE":1237479,"porcentaje":0.07637058891504421},"etarioRangos":[{"rango":{"min":16,"max":17},"vacunados":95,"personasINE":34712,"porcentaje":0.0027368057156026736},{"rango":{"min":18,"max":24},"vacunados":2496,"personasINE":118667,"porcentaje":0.021033648781885444},{"rango":{"min":25,"max":49},"vacunados":27422,"personasINE":551265,"porcentaje":0.04974377114454936},{"rango":{"min":50,"max":59},"vacunados":13783,"personasINE":213256,"porcentaje":0.0646312413249803},{"rango":{"min":60,"max":69},"vacunados":7453,"personasINE":146909,"porcentaje":0.050732085849063024},{"rango":{"min":70,"max":79},"vacunados":2512,"personasINE":102899,"porcentaje":0.024412287777335055},{"rango":{"min":80,"max":null},"vacunados":40746,"personasINE":69771,"porcentaje":0.5839962161929741}]}}},{"ccaa":"Navarra","dosisAdministradas":141125,"dosisEntregadas":172555,"dosisEntregadasModerna":15400,"dosisEntregadasPfizer":113055,"dosisEntregadasAstrazeneca":44100,"dosisPautaCompletada":45497,"porcentajeEntregadas":0.8178551766103561,"porcentajePoblacionAdministradas":0.21343865746517302,"porcentajePoblacionCompletas":0.06881005207222658,"fechaUltRegistro":1617746356000,"etarios":{"unaDosis":{"etarioTotal":{"vacunados":95628,"personasINE":552935,"porcentaje":0.17294618716485663},"etarioRangos":[{"rango":{"min":16,"max":17},"vacunados":4,"personasINE":13906,"porcentaje":0.00028764562059542645},{"rango":{"min":18,"max":24},"vacunados":3243,"personasINE":48505,"porcentaje":0.0668590866920936},{"rango":{"min":25,"max":49},"vacunados":25772,"personasINE":223028,"porcentaje":0.11555499757877935},{"rango":{"min":50,"max":59},"vacunados":13238,"personasINE":96694,"porcentaje":0.13690611620162574},{"rango":{"min":60,"max":69},"vacunados":10207,"personasINE":73844,"porcentaje":0.1382238231948432},{"rango":{"min":70,"max":79},"vacunados":4755,"personasINE":55792,"porcentaje":0.08522727272727272},{"rango":{"min":80,"max":null},"vacunados":38409,"personasINE":41166,"porcentaje":0.9330272555021134}]},"pautaCompleta":{"etarioTotal":{"vacunados":45497,"personasINE":552935,"porcentaje":0.08228272762621285},"etarioRangos":[{"rango":{"min":16,"max":17},"vacunados":4,"personasINE":13906,"porcentaje":0.00028764562059542645},{"rango":{"min":18,"max":24},"vacunados":897,"personasINE":48505,"porcentaje":0.01849293887228121},{"rango":{"min":25,"max":49},"vacunados":12195,"personasINE":223028,"porcentaje":0.05467923310077658},{"rango":{"min":50,"max":59},"vacunados":7488,"personasINE":96694,"porcentaje":0.07744017208927131},{"rango":{"min":60,"max":69},"vacunados":4014,"personasINE":73844,"porcentaje":0.05435783543686691},{"rango":{"min":70,"max":79},"vacunados":1750,"personasINE":55792,"porcentaje":0.031366504158302264},{"rango":{"min":80,"max":null},"vacunados":19149,"personasINE":41166,"porcentaje":0.465165427780207}]}}},{"ccaa":"País Vasco","dosisAdministradas":460502,"dosisEntregadas":585850,"dosisEntregadasModerna":52900,"dosisEntregadasPfizer":384750,"dosisEntregadasAstrazeneca":148200,"dosisPautaCompletada":124458,"porcentajeEntregadas":0.7860407954254502,"porcentajePoblacionAdministradas":0.20738625104931133,"porcentajePoblacionCompletas":0.05604943742501702,"fechaUltRegistro":1617746356000,"etarios":{"unaDosis":{"etarioTotal":{"vacunados":336044,"personasINE":1898123,"porcentaje":0.17704016020036636},"etarioRangos":[{"rango":{"min":16,"max":17},"vacunados":6,"personasINE":41824,"porcentaje":0.0001434583014537108},{"rango":{"min":18,"max":24},"vacunados":11189,"personasINE":140323,"porcentaje":0.07973746285355929},{"rango":{"min":25,"max":49},"vacunados":88435,"personasINE":724849,"porcentaje":0.12200472098326685},{"rango":{"min":50,"max":59},"vacunados":47803,"personasINE":339977,"porcentaje":0.14060657044447125},{"rango":{"min":60,"max":69},"vacunados":75340,"personasINE":280119,"porcentaje":0.26895712179466585},{"rango":{"min":70,"max":79},"vacunados":4504,"personasINE":213081,"porcentaje":0.021137501701230986},{"rango":{"min":80,"max":null},"vacunados":108767,"personasINE":157950,"porcentaje":0.688616650838873}]},"pautaCompleta":{"etarioTotal":{"vacunados":124458,"personasINE":1898123,"porcentaje":0.06556898578227018},"etarioRangos":[{"rango":{"min":16,"max":17},"vacunados":4,"personasINE":41824,"porcentaje":0.00009563886763580719},{"rango":{"min":18,"max":24},"vacunados":2933,"personasINE":140323,"porcentaje":0.02090177661538023},{"rango":{"min":25,"max":49},"vacunados":32857,"personasINE":724849,"porcentaje":0.045329441028407295},{"rango":{"min":50,"max":59},"vacunados":20969,"personasINE":339977,"porcentaje":0.06167770172688152},{"rango":{"min":60,"max":69},"vacunados":12270,"personasINE":280119,"porcentaje":0.0438028123761687},{"rango":{"min":70,"max":79},"vacunados":3582,"personasINE":213081,"porcentaje":0.016810508679797824},{"rango":{"min":80,"max":null},"vacunados":51843,"personasINE":157950,"porcentaje":0.3282241215574549}]}}},{"ccaa":"Ceuta","dosisAdministradas":15133,"dosisEntregadas":16100,"dosisEntregadasModerna":1300,"dosisEntregadasPfizer":9000,"dosisEntregadasAstrazeneca":5800,"dosisPautaCompletada":3640,"porcentajeEntregadas":0.9399378881987578,"porcentajePoblacionAdministradas":0.17972257191040591,"porcentajePoblacionCompletas":0.04322937697441866,"fechaUltRegistro":1617746356000,"etarios":{"unaDosis":{"etarioTotal":{"vacunados":11493,"personasINE":66158,"porcentaje":0.17372048731823816},"etarioRangos":[{"rango":{"min":16,"max":17},"vacunados":0,"personasINE":2175,"porcentaje":0},{"rango":{"min":18,"max":24},"vacunados":280,"personasINE":7581,"porcentaje":0.03693444136657433},{"rango":{"min":25,"max":49},"vacunados":3528,"personasINE":30066,"porcentaje":0.117341847934544},{"rango":{"min":50,"max":59},"vacunados":1776,"personasINE":11556,"porcentaje":0.1536863966770509},{"rango":{"min":60,"max":69},"vacunados":2254,"personasINE":7857,"porcentaje":0.28687794323533156},{"rango":{"min":70,"max":79},"vacunados":1540,"personasINE":4318,"porcentaje":0.3566465956461325},{"rango":{"min":80,"max":null},"vacunados":2115,"personasINE":2605,"porcentaje":0.8119001919385797}]},"pautaCompleta":{"etarioTotal":{"vacunados":3640,"personasINE":66158,"porcentaje":0.055019801082257624},"etarioRangos":[{"rango":{"min":16,"max":17},"vacunados":0,"personasINE":2175,"porcentaje":0},{"rango":{"min":18,"max":24},"vacunados":44,"personasINE":7581,"porcentaje":0.005803983643318823},{"rango":{"min":25,"max":49},"vacunados":814,"personasINE":30066,"porcentaje":0.02707377103705182},{"rango":{"min":50,"max":59},"vacunados":513,"personasINE":11556,"porcentaje":0.04439252336448598},{"rango":{"min":60,"max":69},"vacunados":313,"personasINE":7857,"porcentaje":0.03983708794705358},{"rango":{"min":70,"max":79},"vacunados":373,"personasINE":4318,"porcentaje":0.08638258452987495},{"rango":{"min":80,"max":null},"vacunados":1583,"personasINE":2605,"porcentaje":0.6076775431861804}]}}},{"ccaa":"Melilla","dosisAdministradas":12597,"dosisEntregadas":16000,"dosisEntregadasModerna":1200,"dosisEntregadasPfizer":9000,"dosisEntregadasAstrazeneca":5800,"dosisPautaCompletada":2637,"porcentajeEntregadas":0.7873125,"porcentajePoblacionAdministradas":0.14466672791584362,"porcentajePoblacionCompletas":0.030283889935228996,"fechaUltRegistro":1617746356000,"etarios":{"unaDosis":{"etarioTotal":{"vacunados":9960,"personasINE":66178,"porcentaje":0.15050318837075766},"etarioRangos":[{"rango":{"min":16,"max":17},"vacunados":6,"personasINE":2324,"porcentaje":0.0025817555938037868},{"rango":{"min":18,"max":24},"vacunados":191,"personasINE":8536,"porcentaje":0.022375820056232426},{"rango":{"min":25,"max":49},"vacunados":3227,"personasINE":30095,"porcentaje":0.10722711413856122},{"rango":{"min":50,"max":59},"vacunados":1518,"personasINE":11299,"porcentaje":0.1343481724046376},{"rango":{"min":60,"max":69},"vacunados":1346,"personasINE":7827,"porcentaje":0.1719688258592053},{"rango":{"min":70,"max":79},"vacunados":2081,"personasINE":3748,"porcentaje":0.5552294557097118},{"rango":{"min":80,"max":null},"vacunados":1591,"personasINE":2349,"porcentaje":0.6773094934014474}]},"pautaCompleta":{"etarioTotal":{"vacunados":2637,"personasINE":66178,"porcentaje":0.039847079089727705},"etarioRangos":[{"rango":{"min":16,"max":17},"vacunados":6,"personasINE":2324,"porcentaje":0.0025817555938037868},{"rango":{"min":18,"max":24},"vacunados":55,"personasINE":8536,"porcentaje":0.006443298969072165},{"rango":{"min":25,"max":49},"vacunados":795,"personasINE":30095,"porcentaje":0.02641634823060309},{"rango":{"min":50,"max":59},"vacunados":449,"personasINE":11299,"porcentaje":0.03973802991415169},{"rango":{"min":60,"max":69},"vacunados":269,"personasINE":7827,"porcentaje":0.03436821259741919},{"rango":{"min":70,"max":79},"vacunados":57,"personasINE":3748,"porcentaje":0.015208110992529349},{"rango":{"min":80,"max":null},"vacunados":1006,"personasINE":2349,"porcentaje":0.4282673478075777}]}}},{"ccaa":"Fuerzas Armadas","dosisAdministradas":62296,"dosisEntregadas":85600,"dosisEntregadasModerna":0,"dosisEntregadasPfizer":19500,"dosisEntregadasAstrazeneca":66100,"dosisPautaCompletada":5254,"porcentajeEntregadas":0.7277570093457943,"porcentajePoblacionAdministradas":null,"porcentajePoblacionCompletas":null,"fechaUltRegistro":1617746356000},{"ccaa":"Totales","dosisAdministradas":9811529,"dosisEntregadas":11993715,"dosisEntregadasModerna":1044000,"dosisEntregadasPfizer":7717515,"dosisEntregadasAstrazeneca":3232200,"dosisPautaCompletada":3020450,"porcentajeEntregadas":0.8180558734303758,"porcentajePoblacionAdministradas":0.20902277375372816,"porcentajePoblacionCompletas":0.06434703877290157,"fechaUltRegistro":null,"etarios":{"unaDosis":{"etarioTotal":{"vacunados":6791079,"personasINE":40129822,"porcentaje":0.1692277379152093},"etarioRangos":[{"rango":{"min":16,"max":17},"vacunados":1190,"personasINE":949049,"porcentaje":0.001253886785613809},{"rango":{"min":18,"max":24},"vacunados":170100,"personasINE":3310299,"porcentaje":0.05138508636228933},{"rango":{"min":25,"max":49},"vacunados":1816040,"personasINE":16706113,"porcentaje":0.10870511889869296},{"rango":{"min":50,"max":59},"vacunados":854789,"personasINE":7033306,"porcentaje":0.12153445335664338},{"rango":{"min":60,"max":69},"vacunados":1112458,"personasINE":5336986,"porcentaje":0.20844311751988856},{"rango":{"min":70,"max":79},"vacunados":360449,"personasINE":3960045,"porcentaje":0.0910214404129246},{"rango":{"min":80,"max":null},"vacunados":2476053,"personasINE":2834024,"porcentaje":0.8736880845045772}]},"pautaCompleta":{"etarioTotal":{"vacunados":3020450,"personasINE":40129822,"porcentaje":0.07526696729429799},"etarioRangos":[{"rango":{"min":16,"max":17},"vacunados":832,"personasINE":949049,"porcentaje":0.0008766670635552011},{"rango":{"min":18,"max":24},"vacunados":69691,"personasINE":3310299,"porcentaje":0.021052781032770754},{"rango":{"min":25,"max":49},"vacunados":757561,"personasINE":16706113,"porcentaje":0.04534633520077351},{"rango":{"min":50,"max":59},"vacunados":416232,"personasINE":7033306,"porcentaje":0.059180135202421165},{"rango":{"min":60,"max":69},"vacunados":266383,"personasINE":5336986,"porcentaje":0.049912628588495454},{"rango":{"min":70,"max":79},"vacunados":115878,"personasINE":3960045,"porcentaje":0.02926178869179517},{"rango":{"min":80,"max":null},"vacunados":1393873,"personasINE":2834024,"porcentaje":0.491835284387147}]}}}]