[{"ccaa":"Andalucía","dosisAdministradas":11077111,"dosisEntregadas":11240670,"dosisEntregadasModerna":1305500,"dosisEntregadasPfizer":7603920,"dosisEntregadasAstrazeneca":1805800,"dosisEntregadasJanssen":525450,"dosisPrimeraDosis":6267416,"dosisPautaCompletada":5116571,"porcentajeEntregadas":0.9854493548872086,"porcentajePoblacionAdministradas":1.3086688489015952,"porcentajePoblacionPrimeraDosis":0.7404432511606537,"porcentajePoblacionCompletas":0.6044804535129497,"fechaUltRegistro":1628985600000,"etarios":{"unaDosis":{"etarioTotal":{"vacunados":6267416,"personasINE":7451975,"porcentaje":0.8410409321018925},"etarioRangos":[{"rango":{"min":12,"max":19},"vacunados":391898,"personasINE":752907,"porcentaje":0.6975186072154647},{"rango":{"min":20,"max":29},"vacunados":647766,"personasINE":928672,"porcentaje":0.8624445352512501},{"rango":{"min":30,"max":39},"vacunados":849695,"personasINE":1140217,"porcentaje":0.8624445352512501},{"rango":{"min":40,"max":49},"vacunados":1194584,"personasINE":1385114,"porcentaje":0.8624445352512501},{"rango":{"min":50,"max":59},"vacunados":1184769,"personasINE":1265021,"porcentaje":0.9365607369363829},{"rango":{"min":60,"max":69},"vacunados":914700,"personasINE":916147,"porcentaje":0.9984205591460759},{"rango":{"min":70,"max":79},"vacunados":651074,"personasINE":651074,"porcentaje":1},{"rango":{"min":80,"max":null},"vacunados":432930,"personasINE":432930,"porcentaje":1}]},"pautaCompleta":{"etarioTotal":{"vacunados":5116571,"personasINE":7451975,"porcentaje":0.6866060339708601},"etarioRangos":[{"rango":{"min":12,"max":19},"vacunados":10394,"personasINE":752907,"porcentaje":0.2795874108404259},{"rango":{"min":20,"max":29},"vacunados":259645,"personasINE":928672.0000000001,"porcentaje":0.8067906323956007},{"rango":{"min":30,"max":39},"vacunados":674818,"personasINE":1140217,"porcentaje":0.8067906323956007},{"rango":{"min":40,"max":49},"vacunados":1117497,"personasINE":1385114,"porcentaje":0.8067906323956007},{"rango":{"min":50,"max":59},"vacunados":1120899,"personasINE":1265021,"porcentaje":0.8860714565212752},{"rango":{"min":60,"max":69},"vacunados":862297,"personasINE":916147,"porcentaje":0.9412212232316429},{"rango":{"min":70,"max":79},"vacunados":645062,"personasINE":650381,"porcentaje":0.9918217168090704},{"rango":{"min":80,"max":null},"vacunados":425959,"personasINE":425959,"porcentaje":1}]}}},{"ccaa":"Aragón","dosisAdministradas":1768119,"dosisEntregadas":1797325,"dosisEntregadasModerna":179500,"dosisEntregadasPfizer":1267425,"dosisEntregadasAstrazeneca":285700,"dosisEntregadasJanssen":64700,"dosisPrimeraDosis":980325,"dosisPautaCompletada":885056,"porcentajeEntregadas":0.9837502955781509,"porcentajePoblacionAdministradas":1.3300217919332988,"porcentajePoblacionPrimeraDosis":0.7374241287928082,"porcentajePoblacionCompletas":0.665760487320886,"fechaUltRegistro":1628899200000,"etarios":{"unaDosis":{"etarioTotal":{"vacunados":980325,"personasINE":1185134,"porcentaje":0.8271849427997172},"etarioRangos":[{"rango":{"min":12,"max":19},"vacunados":47713,"personasINE":103109,"porcentaje":0.6677479467182},{"rango":{"min":20,"max":29},"vacunados":87075,"personasINE":130401,"porcentaje":0.8350260301568323},{"rango":{"min":30,"max":39},"vacunados":113335,"personasINE":164286,"porcentaje":0.8350260301568323},{"rango":{"min":40,"max":49},"vacunados":179483,"personasINE":214943,"porcentaje":0.8350260301568323},{"rango":{"min":50,"max":59},"vacunados":180787,"personasINE":198266,"porcentaje":0.9118406585092754},{"rango":{"min":60,"max":69},"vacunados":152190,"personasINE":156367,"porcentaje":0.973287202542736},{"rango":{"min":70,"max":79},"vacunados":118753,"personasINE":118955,"porcentaje":0.9983018788617545},{"rango":{"min":80,"max":null},"vacunados":100989,"personasINE":100989,"porcentaje":1}]},"pautaCompleta":{"etarioTotal":{"vacunados":885056,"personasINE":1185134,"porcentaje":0.7467982523495234},"etarioRangos":[{"rango":{"min":12,"max":19},"vacunados":17134,"personasINE":103109,"porcentaje":0.42524213771366787},{"rango":{"min":20,"max":29},"vacunados":55452,"personasINE":130400.99999999999,"porcentaje":0.8058973774442527},{"rango":{"min":30,"max":39},"vacunados":99270,"personasINE":164286,"porcentaje":0.8058973774442527},{"rango":{"min":40,"max":49},"vacunados":173222,"personasINE":214943,"porcentaje":0.8058973774442527},{"rango":{"min":50,"max":59},"vacunados":176656,"personasINE":198266,"porcentaje":0.8910050134667568},{"rango":{"min":60,"max":69},"vacunados":146210,"personasINE":156367,"porcentaje":0.9350438391732271},{"rango":{"min":70,"max":79},"vacunados":117784,"personasINE":118955,"porcentaje":0.9901559413223487},{"rango":{"min":80,"max":null},"vacunados":99328,"personasINE":99328,"porcentaje":1}]}}},{"ccaa":"Asturias","dosisAdministradas":1484870,"dosisEntregadas":1479195,"dosisEntregadasModerna":143200,"dosisEntregadasPfizer":1050395,"dosisEntregadasAstrazeneca":235900,"dosisEntregadasJanssen":49700,"dosisPrimeraDosis":815361,"dosisPautaCompletada":718148,"porcentajeEntregadas":1.003836546229537,"porcentajePoblacionAdministradas":1.4574924616012814,"porcentajePoblacionPrimeraDosis":0.8003276455068002,"porcentajePoblacionCompletas":0.7049070264158055,"fechaUltRegistro":1628726400000,"etarios":{"unaDosis":{"etarioTotal":{"vacunados":815361,"personasINE":933927,"porcentaje":0.8730457519699077},"etarioRangos":[{"rango":{"min":12,"max":19},"vacunados":31404,"personasINE":64000,"porcentaje":0.6991315999039325},{"rango":{"min":20,"max":29},"vacunados":55309,"personasINE":79111,"porcentaje":0.8731563598474188},{"rango":{"min":30,"max":39},"vacunados":84048,"personasINE":114451,"porcentaje":0.8731563598474188},{"rango":{"min":40,"max":49},"vacunados":145811,"personasINE":166993,"porcentaje":0.8731563598474188},{"rango":{"min":50,"max":59},"vacunados":150088,"personasINE":162645,"porcentaje":0.9227950444219004},{"rango":{"min":60,"max":69},"vacunados":146048,"personasINE":149652,"porcentaje":0.9759174618448133},{"rango":{"min":70,"max":79},"vacunados":113945,"personasINE":113945,"porcentaje":1},{"rango":{"min":80,"max":null},"vacunados":88708,"personasINE":88708,"porcentaje":1}]},"pautaCompleta":{"etarioTotal":{"vacunados":718148,"personasINE":933927,"porcentaje":0.7689551752974269},"etarioRangos":[{"rango":{"min":12,"max":19},"vacunados":1527,"personasINE":64000.00000000001,"porcentaje":0.24377140979130588},{"rango":{"min":20,"max":29},"vacunados":19285,"personasINE":79111,"porcentaje":0.8343762912217877},{"rango":{"min":30,"max":39},"vacunados":68973,"personasINE":114451,"porcentaje":0.8343762912217877},{"rango":{"min":40,"max":49},"vacunados":139335,"personasINE":166993,"porcentaje":0.8343762912217877},{"rango":{"min":50,"max":59},"vacunados":145535,"personasINE":162645,"porcentaje":0.894801561683421},{"rango":{"min":60,"max":69},"vacunados":142350,"personasINE":149652,"porcentaje":0.9512067997754791},{"rango":{"min":70,"max":79},"vacunados":113408,"personasINE":113408,"porcentaje":1},{"rango":{"min":80,"max":null},"vacunados":87735,"personasINE":87826,"porcentaje":0.9989638603602577}]}}},{"ccaa":"Baleares","dosisAdministradas":1421257,"dosisEntregadas":1568620,"dosisEntregadasModerna":222200,"dosisEntregadasPfizer":1027620,"dosisEntregadasAstrazeneca":256400,"dosisEntregadasJanssen":62400,"dosisPrimeraDosis":798548,"dosisPautaCompletada":703192,"porcentajeEntregadas":0.906055641264296,"porcentajePoblacionAdministradas":1.21314966672158,"porcentajePoblacionPrimeraDosis":0.6816207343648505,"porcentajePoblacionCompletas":0.6002272217067577,"fechaUltRegistro":1628985600000,"etarios":{"unaDosis":{"etarioTotal":{"vacunados":798548,"personasINE":1034867,"porcentaje":0.7716431193573667},"etarioRangos":[{"rango":{"min":12,"max":19},"vacunados":59402,"personasINE":95480,"porcentaje":0.6078714242217743},{"rango":{"min":20,"max":29},"vacunados":83851,"personasINE":137942,"porcentaje":0.7699299613914595},{"rango":{"min":30,"max":39},"vacunados":113343,"personasINE":182187,"porcentaje":0.7699299613914595},{"rango":{"min":40,"max":49},"vacunados":158738,"personasINE":206172,"porcentaje":0.7699299613914595},{"rango":{"min":50,"max":59},"vacunados":145332,"personasINE":165797,"porcentaje":0.8765659209756509},{"rango":{"min":60,"max":69},"vacunados":108193,"personasINE":117231,"porcentaje":0.9229043512381537},{"rango":{"min":70,"max":79},"vacunados":78551,"personasINE":80516,"porcentaje":0.9755949128123603},{"rango":{"min":80,"max":null},"vacunados":51138,"personasINE":51138,"porcentaje":1}]},"pautaCompleta":{"etarioTotal":{"vacunados":703192,"personasINE":1034867,"porcentaje":0.6794998777620699},"etarioRangos":[{"rango":{"min":12,"max":19},"vacunados":27198,"personasINE":95479.99999999999,"porcentaje":0.4498557364689507},{"rango":{"min":20,"max":29},"vacunados":62054,"personasINE":137942,"porcentaje":0.7260539743515123},{"rango":{"min":30,"max":39},"vacunados":91671,"personasINE":182187,"porcentaje":0.7260539743515123},{"rango":{"min":40,"max":49},"vacunados":149692,"personasINE":206172,"porcentaje":0.7260539743515123},{"rango":{"min":50,"max":59},"vacunados":140708,"personasINE":165797,"porcentaje":0.8486763934208701},{"rango":{"min":60,"max":69},"vacunados":103646,"personasINE":117231,"porcentaje":0.8841176821830403},{"rango":{"min":70,"max":79},"vacunados":77849,"personasINE":80516,"porcentaje":0.9668761488399821},{"rango":{"min":80,"max":null},"vacunados":50374,"personasINE":50374,"porcentaje":1}]}}},{"ccaa":"Canarias","dosisAdministradas":2720186,"dosisEntregadas":2898440,"dosisEntregadasModerna":370400,"dosisEntregadasPfizer":1890690,"dosisEntregadasAstrazeneca":503700,"dosisEntregadasJanssen":133650,"dosisPrimeraDosis":1562869,"dosisPautaCompletada":1297911,"porcentajeEntregadas":0.9385000207007907,"porcentajePoblacionAdministradas":1.2501130539644256,"porcentajePoblacionPrimeraDosis":0.7182460826341758,"porcentajePoblacionCompletas":0.5964796098443348,"fechaUltRegistro":1628726400000,"etarios":{"unaDosis":{"etarioTotal":{"vacunados":1562869,"personasINE":1960774,"porcentaje":0.7970673825744323},"etarioRangos":[{"rango":{"min":12,"max":19},"vacunados":108228,"personasINE":179797,"porcentaje":0.6546943769165992},{"rango":{"min":20,"max":29},"vacunados":164818,"personasINE":251748,"porcentaje":0.7821712500386674},{"rango":{"min":30,"max":39},"vacunados":210649,"personasINE":310934,"porcentaje":0.7821712500386674},{"rango":{"min":40,"max":49},"vacunados":303423,"personasINE":387924,"porcentaje":0.7821712500386674},{"rango":{"min":50,"max":59},"vacunados":312883,"personasINE":350512,"porcentaje":0.8926456155566714},{"rango":{"min":60,"max":69},"vacunados":220346,"personasINE":235092,"porcentaje":0.9372756197573716},{"rango":{"min":70,"max":79},"vacunados":150107,"personasINE":154531,"porcentaje":0.9713714400346856},{"rango":{"min":80,"max":null},"vacunados":92415,"personasINE":92415,"porcentaje":1}]},"pautaCompleta":{"etarioTotal":{"vacunados":1297911,"personasINE":1960774,"porcentaje":0.6619380917943628},"etarioRangos":[{"rango":{"min":12,"max":19},"vacunados":12293,"personasINE":179797,"porcentaje":0.32598074264740934},{"rango":{"min":20,"max":29},"vacunados":82065,"personasINE":251747.99999999997,"porcentaje":0.7407301430177045},{"rango":{"min":30,"max":39},"vacunados":166401,"personasINE":310934,"porcentaje":0.7407301430177045},{"rango":{"min":40,"max":49},"vacunados":287347,"personasINE":387924,"porcentaje":0.7407301430177045},{"rango":{"min":50,"max":59},"vacunados":305224,"personasINE":350512,"porcentaje":0.8707947231478523},{"rango":{"min":60,"max":69},"vacunados":205758,"personasINE":235092,"porcentaje":0.8752233168291562},{"rango":{"min":70,"max":79},"vacunados":148086,"personasINE":154531,"porcentaje":0.9582931580071312},{"rango":{"min":80,"max":null},"vacunados":90737,"personasINE":90737,"porcentaje":1}]}}},{"ccaa":"Cantabria","dosisAdministradas":762153,"dosisEntregadas":792375,"dosisEntregadasModerna":78400,"dosisEntregadasPfizer":558825,"dosisEntregadasAstrazeneca":130200,"dosisEntregadasJanssen":24950,"dosisPrimeraDosis":419960,"dosisPautaCompletada":371761,"porcentajeEntregadas":0.9618589682915286,"porcentajePoblacionAdministradas":1.3075080845077671,"porcentajePoblacionPrimeraDosis":0.7204604523893259,"porcentajePoblacionCompletas":0.6377728789425378,"fechaUltRegistro":1628985600000,"etarios":{"unaDosis":{"etarioTotal":{"vacunados":419960,"personasINE":524127,"porcentaje":0.8012561840927866},"etarioRangos":[{"rango":{"min":12,"max":19},"vacunados":3747,"personasINE":43963,"porcentaje":0.5670527670527671},{"rango":{"min":20,"max":29},"vacunados":28639,"personasINE":50505,"porcentaje":0.8548619705632665},{"rango":{"min":30,"max":39},"vacunados":48173,"personasINE":70473,"porcentaje":0.8548619705632665},{"rango":{"min":40,"max":49},"vacunados":83579,"personasINE":97769,"porcentaje":0.8548619705632665},{"rango":{"min":50,"max":59},"vacunados":82079,"personasINE":89964,"porcentaje":0.9123538304210573},{"rango":{"min":60,"max":69},"vacunados":75539,"personasINE":77345,"porcentaje":0.9766500743422328},{"rango":{"min":70,"max":79},"vacunados":55887,"personasINE":55887,"porcentaje":1},{"rango":{"min":80,"max":null},"vacunados":42317,"personasINE":42317,"porcentaje":1}]},"pautaCompleta":{"etarioTotal":{"vacunados":371761,"personasINE":524127,"porcentaje":0.7092956478105498},"etarioRangos":[{"rango":{"min":12,"max":19},"vacunados":677,"personasINE":43963,"porcentaje":0.14881694881694882},{"rango":{"min":20,"max":29},"vacunados":7516,"personasINE":50505,"porcentaje":0.8148697439883807},{"rango":{"min":30,"max":39},"vacunados":31673,"personasINE":70473,"porcentaje":0.8148697439883807},{"rango":{"min":40,"max":49},"vacunados":79669,"personasINE":97769,"porcentaje":0.8148697439883807},{"rango":{"min":50,"max":59},"vacunados":80474,"personasINE":89964,"porcentaje":0.8945133608999155},{"rango":{"min":60,"max":69},"vacunados":74316,"personasINE":77345,"porcentaje":0.9608378046415411},{"rango":{"min":70,"max":79},"vacunados":55588,"personasINE":55588,"porcentaje":1},{"rango":{"min":80,"max":null},"vacunados":41848,"personasINE":41848,"porcentaje":1}]}}},{"ccaa":"Castilla y Leon","dosisAdministradas":3291387,"dosisEntregadas":3433445,"dosisEntregadasModerna":344800,"dosisEntregadasPfizer":2461395,"dosisEntregadasAstrazeneca":514400,"dosisEntregadasJanssen":112850,"dosisPrimeraDosis":1843455,"dosisPautaCompletada":1619483,"porcentajeEntregadas":0.9586252291794393,"porcentajePoblacionAdministradas":1.374321375512648,"porcentajePoblacionPrimeraDosis":0.7697361663322084,"porcentajePoblacionCompletas":0.6762164717121839,"fechaUltRegistro":1628726400000,"etarios":{"unaDosis":{"etarioTotal":{"vacunados":1843455,"personasINE":2176253,"porcentaje":0.8470775226961204},"etarioRangos":[{"rango":{"min":12,"max":19},"vacunados":42688,"personasINE":165342,"porcentaje":0.7047477322919727},{"rango":{"min":20,"max":29},"vacunados":148706,"personasINE":211006,"porcentaje":0.8575962345687508},{"rango":{"min":30,"max":39},"vacunados":199414,"personasINE":267783,"porcentaje":0.8575962345687508},{"rango":{"min":40,"max":49},"vacunados":311569,"personasINE":363305,"porcentaje":0.8575962345687508},{"rango":{"min":50,"max":59},"vacunados":346007,"personasINE":381175,"porcentaje":0.9077379156555387},{"rango":{"min":60,"max":69},"vacunados":316458,"personasINE":318575,"porcentaje":0.9933547830181276},{"rango":{"min":70,"max":79},"vacunados":249675,"personasINE":249675,"porcentaje":1},{"rango":{"min":80,"max":null},"vacunados":228938,"personasINE":228938,"porcentaje":1}]},"pautaCompleta":{"etarioTotal":{"vacunados":1619483,"personasINE":2176253,"porcentaje":0.7441611797892984},"etarioRangos":[{"rango":{"min":12,"max":19},"vacunados":3559,"personasINE":165342,"porcentaje":0.2198847426139541},{"rango":{"min":20,"max":29},"vacunados":46397,"personasINE":211006,"porcentaje":0.8286591156191079},{"rango":{"min":30,"max":39},"vacunados":147688,"personasINE":267783,"porcentaje":0.8286591156191079},{"rango":{"min":40,"max":49},"vacunados":301056,"personasINE":363305,"porcentaje":0.8286591156191079},{"rango":{"min":50,"max":59},"vacunados":339349,"personasINE":381175,"porcentaje":0.8902708729586148},{"rango":{"min":60,"max":69},"vacunados":307415,"personasINE":318575,"porcentaje":0.9649690025896571},{"rango":{"min":70,"max":79},"vacunados":247973,"personasINE":247973,"porcentaje":1},{"rango":{"min":80,"max":null},"vacunados":226046,"personasINE":226046,"porcentaje":1}]}}},{"ccaa":"Castilla La Mancha","dosisAdministradas":2649358,"dosisEntregadas":2746290,"dosisEntregadasModerna":282900,"dosisEntregadasPfizer":1901115,"dosisEntregadasAstrazeneca":460900,"dosisEntregadasJanssen":101375,"dosisPrimeraDosis":1500113,"dosisPautaCompletada":1294688,"porcentajeEntregadas":0.9647043830039799,"porcentajePoblacionAdministradas":1.2953895935940418,"porcentajePoblacionPrimeraDosis":0.7334723240177956,"porcentajePoblacionCompletas":0.6330308558341616,"fechaUltRegistro":1628985600000},{"ccaa":"Cataluña","dosisAdministradas":9682820,"dosisEntregadas":10370660,"dosisEntregadasModerna":1128200,"dosisEntregadasPfizer":7104860,"dosisEntregadasAstrazeneca":1698100,"dosisEntregadasJanssen":439500,"dosisPrimeraDosis":5470008,"dosisPautaCompletada":4742781,"porcentajeEntregadas":0.9336744238071637,"porcentajePoblacionAdministradas":1.2445017845302326,"porcentajePoblacionPrimeraDosis":0.7030425761704389,"porcentajePoblacionCompletas":0.6095744233741908,"fechaUltRegistro":1628985600000,"etarios":{"unaDosis":{"etarioTotal":{"vacunados":5470008,"personasINE":6868360,"porcentaje":0.7964067113546757},"etarioRangos":[{"rango":{"min":12,"max":19},"vacunados":340744,"personasINE":656166,"porcentaje":0.6251008719388272},{"rango":{"min":20,"max":29},"vacunados":524419,"personasINE":838935,"porcentaje":0.8125604231614841},{"rango":{"min":30,"max":39},"vacunados":686365,"personasINE":1044652.0000000001,"porcentaje":0.8125604231614841},{"rango":{"min":40,"max":49},"vacunados":1069943,"personasINE":1316755,"porcentaje":0.8125604231614841},{"rango":{"min":50,"max":59},"vacunados":989926,"personasINE":1091780,"porcentaje":0.9067083111982267},{"rango":{"min":60,"max":69},"vacunados":785970,"personasINE":837584,"porcentaje":0.9383775239259585},{"rango":{"min":70,"max":79},"vacunados":615132,"personasINE":635292,"porcentaje":0.9682665608885362},{"rango":{"min":80,"max":null},"vacunados":457509,"personasINE":457509,"porcentaje":1}]},"pautaCompleta":{"etarioTotal":{"vacunados":4742781,"personasINE":6868360,"porcentaje":0.690525977089145},"etarioRangos":[{"rango":{"min":12,"max":19},"vacunados":112053,"personasINE":656166,"porcentaje":0.40019548594348786},{"rango":{"min":20,"max":29},"vacunados":335738,"personasINE":838935,"porcentaje":0.7701584577237224},{"rango":{"min":30,"max":39},"vacunados":538432,"personasINE":1044652.0000000001,"porcentaje":0.7701584577237224},{"rango":{"min":40,"max":49},"vacunados":1014110,"personasINE":1316755,"porcentaje":0.7701584577237224},{"rango":{"min":50,"max":59},"vacunados":925624,"personasINE":1091780,"porcentaje":0.847811830222206},{"rango":{"min":60,"max":69},"vacunados":760097,"personasINE":837584,"porcentaje":0.907487487822117},{"rango":{"min":70,"max":79},"vacunados":606894,"personasINE":635292,"porcentaje":0.9552992954420959},{"rango":{"min":80,"max":null},"vacunados":449833,"personasINE":449833,"porcentaje":1}]}}},{"ccaa":"C. Valenciana","dosisAdministradas":6358785,"dosisEntregadas":6546180,"dosisEntregadasModerna":731500,"dosisEntregadasPfizer":4600630,"dosisEntregadasAstrazeneca":906800,"dosisEntregadasJanssen":307250,"dosisPrimeraDosis":3666095,"dosisPautaCompletada":3057838,"porcentajeEntregadas":0.9713733811169262,"porcentajePoblacionAdministradas":1.2573346175360904,"porcentajePoblacionPrimeraDosis":0.7249039171281894,"porcentajePoblacionCompletas":0.6046321069539737,"fechaUltRegistro":1628985600000,"etarios":{"unaDosis":{"etarioTotal":{"vacunados":3666095,"personasINE":4488459,"porcentaje":0.8167825527647685},"etarioRangos":[{"rango":{"min":12,"max":19},"vacunados":140503,"personasINE":424530.99999999994,"porcentaje":0.673616519997055},{"rango":{"min":20,"max":29},"vacunados":347671,"personasINE":516126,"porcentaje":0.8579923625039338},{"rango":{"min":30,"max":39},"vacunados":456755,"personasINE":648759,"porcentaje":0.8579923625039338},{"rango":{"min":40,"max":49},"vacunados":730656,"personasINE":851588,"porcentaje":0.8579923625039338},{"rango":{"min":50,"max":59},"vacunados":705019,"personasINE":752334,"porcentaje":0.9371090499698272},{"rango":{"min":60,"max":69},"vacunados":557308,"personasINE":580728,"porcentaje":0.9596713091154551},{"rango":{"min":70,"max":79},"vacunados":432083,"personasINE":437862,"porcentaje":0.9868017777290562},{"rango":{"min":80,"max":null},"vacunados":296100,"personasINE":296100,"porcentaje":1}]},"pautaCompleta":{"etarioTotal":{"vacunados":3057838,"personasINE":4488459,"porcentaje":0.6812667777515624},"etarioRangos":[{"rango":{"min":12,"max":19},"vacunados":13883,"personasINE":424531,"porcentaje":0.1720277606630939},{"rango":{"min":20,"max":29},"vacunados":88788,"personasINE":516126,"porcentaje":0.8276690136544902},{"rango":{"min":30,"max":39},"vacunados":300602,"personasINE":648759,"porcentaje":0.8276690136544902},{"rango":{"min":40,"max":49},"vacunados":704833,"personasINE":851588,"porcentaje":0.8276690136544902},{"rango":{"min":50,"max":59},"vacunados":693509,"personasINE":752334,"porcentaje":0.9218099939654462},{"rango":{"min":60,"max":69},"vacunados":535595,"personasINE":580728,"porcentaje":0.9222820322078494},{"rango":{"min":70,"max":79},"vacunados":428790,"personasINE":437862,"porcentaje":0.9792811433739398},{"rango":{"min":80,"max":null},"vacunados":291838,"personasINE":291838,"porcentaje":1}]}}},{"ccaa":"Extremadura","dosisAdministradas":1472635,"dosisEntregadas":1438845,"dosisEntregadasModerna":141700,"dosisEntregadasPfizer":1017395,"dosisEntregadasAstrazeneca":228000,"dosisEntregadasJanssen":51750,"dosisPrimeraDosis":818999,"dosisPautaCompletada":727110,"porcentajeEntregadas":1.0234841139942106,"porcentajePoblacionAdministradas":1.3840723617863753,"porcentajePoblacionPrimeraDosis":0.7697453070385258,"porcentajePoblacionCompletas":0.6833824097474875,"fechaUltRegistro":1628985600000,"etarios":{"unaDosis":{"etarioTotal":{"vacunados":818999,"personasINE":953437,"porcentaje":0.8589964517844388},"etarioRangos":[{"rango":{"min":12,"max":19},"vacunados":24372,"personasINE":84750.00000000001,"porcentaje":0.6945199435227674},{"rango":{"min":20,"max":29},"vacunados":78703,"personasINE":113320,"porcentaje":0.8994570328664401},{"rango":{"min":30,"max":39},"vacunados":107429,"personasINE":133479,"porcentaje":0.8994570328664401},{"rango":{"min":40,"max":49},"vacunados":143458,"personasINE":159494,"porcentaje":0.8994570328664401},{"rango":{"min":50,"max":59},"vacunados":159447,"personasINE":169216,"porcentaje":0.9422690525718608},{"rango":{"min":60,"max":69},"vacunados":131714,"personasINE":131714,"porcentaje":1},{"rango":{"min":70,"max":79},"vacunados":95747,"personasINE":95747,"porcentaje":1},{"rango":{"min":80,"max":null},"vacunados":78129,"personasINE":78129,"porcentaje":1}]},"pautaCompleta":{"etarioTotal":{"vacunados":727110,"personasINE":953437,"porcentaje":0.7626198689583056},"etarioRangos":[{"rango":{"min":12,"max":19},"vacunados":2574,"personasINE":84750,"porcentaje":0.2942375573596894},{"rango":{"min":20,"max":29},"vacunados":33343,"personasINE":113320,"porcentaje":0.8782838225889376},{"rango":{"min":30,"max":39},"vacunados":93211,"personasINE":133479,"porcentaje":0.8782838225889376},{"rango":{"min":40,"max":49},"vacunados":140081,"personasINE":159494,"porcentaje":0.8782838225889376},{"rango":{"min":50,"max":59},"vacunados":157275,"personasINE":169216,"porcentaje":0.929433386913767},{"rango":{"min":60,"max":69},"vacunados":128658,"personasINE":125296.99999999999,"porcentaje":1.026824265545065},{"rango":{"min":70,"max":79},"vacunados":94971,"personasINE":94971,"porcentaje":1},{"rango":{"min":80,"max":null},"vacunados":76997,"personasINE":76997,"porcentaje":1}]}}},{"ccaa":"Galicia","dosisAdministradas":3776382,"dosisEntregadas":3785445,"dosisEntregadasModerna":368300,"dosisEntregadasPfizer":2689945,"dosisEntregadasAstrazeneca":595400,"dosisEntregadasJanssen":131800,"dosisPrimeraDosis":2094398,"dosisPautaCompletada":1850964,"porcentajeEntregadas":0.9976058296976974,"porcentajePoblacionAdministradas":1.3977183519695435,"porcentajePoblacionPrimeraDosis":0.7751807208402931,"porcentajePoblacionCompletas":0.685080680830211,"fechaUltRegistro":1628985600000,"etarios":{"unaDosis":{"etarioTotal":{"vacunados":2094398,"personasINE":2454497,"porcentaje":0.8532901038379758},"etarioRangos":[{"rango":{"min":12,"max":19},"vacunados":34356,"personasINE":180007,"porcentaje":0.7097207129590746},{"rango":{"min":20,"max":29},"vacunados":163932,"personasINE":230981,"porcentaje":0.8936061242585527},{"rango":{"min":30,"max":39},"vacunados":242702,"personasINE":323408,"porcentaje":0.8936061242585527},{"rango":{"min":40,"max":49},"vacunados":396065,"personasINE":443221,"porcentaje":0.8936061242585527},{"rango":{"min":50,"max":59},"vacunados":384488,"personasINE":405889,"porcentaje":0.9472737620383898},{"rango":{"min":60,"max":69},"vacunados":341088,"personasINE":346927,"porcentaje":0.9831693699250851},{"rango":{"min":70,"max":79},"vacunados":290190,"personasINE":290190,"porcentaje":1},{"rango":{"min":80,"max":null},"vacunados":241577,"personasINE":241577,"porcentaje":1}]},"pautaCompleta":{"etarioTotal":{"vacunados":1850964,"personasINE":2454497,"porcentaje":0.7541113311607226},"etarioRangos":[{"rango":{"min":12,"max":19},"vacunados":2550,"personasINE":180007,"porcentaje":0.135881306254627},{"rango":{"min":20,"max":29},"vacunados":31386,"personasINE":230981.00000000003,"porcentaje":0.8722240146563452},{"rango":{"min":30,"max":39},"vacunados":185110,"personasINE":323408,"porcentaje":0.8722240146563452},{"rango":{"min":40,"max":49},"vacunados":386588,"personasINE":443221,"porcentaje":0.8722240146563452},{"rango":{"min":50,"max":59},"vacunados":380159,"personasINE":405889,"porcentaje":0.9366082845309924},{"rango":{"min":60,"max":69},"vacunados":336797,"personasINE":346927,"porcentaje":0.970800773649788},{"rango":{"min":70,"max":79},"vacunados":288705,"personasINE":289762,"porcentaje":0.9963521786845756},{"rango":{"min":80,"max":null},"vacunados":239669,"personasINE":239669,"porcentaje":1}]}}},{"ccaa":"La Rioja","dosisAdministradas":406631,"dosisEntregadas":427475,"dosisEntregadasModerna":43100,"dosisEntregadasPfizer":307775,"dosisEntregadasAstrazeneca":61400,"dosisEntregadasJanssen":15200,"dosisPrimeraDosis":232824,"dosisPautaCompletada":202413,"porcentajeEntregadas":0.9512392537575297,"porcentajePoblacionAdministradas":1.2710634733084516,"porcentajePoblacionPrimeraDosis":0.7277705883456179,"porcentajePoblacionCompletas":0.6327106659914852,"fechaUltRegistro":1628812800000,"etarios":{"unaDosis":{"etarioTotal":{"vacunados":232824,"personasINE":283970,"porcentaje":0.8198894249392541},"etarioRangos":[{"rango":{"min":12,"max":19},"vacunados":7427,"personasINE":25532,"porcentaje":0.6003677194825662},{"rango":{"min":20,"max":29},"vacunados":18286,"personasINE":30458,"porcentaje":0.8611819366536347},{"rango":{"min":30,"max":39},"vacunados":27678,"personasINE":39319,"porcentaje":0.8611819366536347},{"rango":{"min":40,"max":49},"vacunados":45597,"personasINE":52947,"porcentaje":0.8611819366536347},{"rango":{"min":50,"max":59},"vacunados":44391,"personasINE":47664,"porcentaje":0.9313318227593153},{"rango":{"min":60,"max":69},"vacunados":37540,"personasINE":37718,"porcentaje":0.9952807678031709},{"rango":{"min":70,"max":79},"vacunados":28578,"personasINE":28578,"porcentaje":1},{"rango":{"min":80,"max":null},"vacunados":23327,"personasINE":23327,"porcentaje":1}]},"pautaCompleta":{"etarioTotal":{"vacunados":202413,"personasINE":283970,"porcentaje":0.7127971264570201},"etarioRangos":[{"rango":{"min":12,"max":19},"vacunados":1336,"personasINE":25532,"porcentaje":0.22381640291549018},{"rango":{"min":20,"max":29},"vacunados":6817,"personasINE":30458,"porcentaje":0.8119251326798497},{"rango":{"min":30,"max":39},"vacunados":20441,"personasINE":39319,"porcentaje":0.8119251326798497},{"rango":{"min":40,"max":49},"vacunados":42989,"personasINE":52947,"porcentaje":0.8119251326798497},{"rango":{"min":50,"max":59},"vacunados":43214,"personasINE":47664,"porcentaje":0.9066381336018798},{"rango":{"min":60,"max":69},"vacunados":36091,"personasINE":37718,"porcentaje":0.9568640967177475},{"rango":{"min":70,"max":79},"vacunados":28433,"personasINE":28433,"porcentaje":1},{"rango":{"min":80,"max":null},"vacunados":23092,"personasINE":23092,"porcentaje":1}]}}},{"ccaa":"Madrid","dosisAdministradas":8510015,"dosisEntregadas":8937139,"dosisEntregadasModerna":1067600,"dosisEntregadasPfizer":6178689,"dosisEntregadasAstrazeneca":1309400,"dosisEntregadasJanssen":381450,"dosisPrimeraDosis":4833822,"dosisPautaCompletada":4282533,"porcentajeEntregadas":0.9522079717010108,"porcentajePoblacionAdministradas":1.2551851888998757,"porcentajePoblacionPrimeraDosis":0.7129648749359871,"porcentajePoblacionCompletas":0.631652469775312,"fechaUltRegistro":1628985600000,"etarios":{"unaDosis":{"etarioTotal":{"vacunados":4833822,"personasINE":5977937,"porcentaje":0.8086103951915184},"etarioRangos":[{"rango":{"min":12,"max":19},"vacunados":199760,"personasINE":553542,"porcentaje":0.6682312535775615},{"rango":{"min":20,"max":29},"vacunados":496145,"personasINE":742475,"porcentaje":0.845592214557652},{"rango":{"min":30,"max":39},"vacunados":669766,"personasINE":949640,"porcentaje":0.845592214557652},{"rango":{"min":40,"max":49},"vacunados":985936,"personasINE":1165971,"porcentaje":0.845592214557652},{"rango":{"min":50,"max":59},"vacunados":920768,"personasINE":972783,"porcentaje":0.9465296988125821},{"rango":{"min":60,"max":69},"vacunados":680039,"personasINE":703323,"porcentaje":0.9668943003428012},{"rango":{"min":70,"max":79},"vacunados":508616,"personasINE":526081,"porcentaje":0.9668016902340134},{"rango":{"min":80,"max":null},"vacunados":372792,"personasINE":372792,"porcentaje":1}]},"pautaCompleta":{"etarioTotal":{"vacunados":4282533,"personasINE":5977937,"porcentaje":0.7163897846364055},"etarioRangos":[{"rango":{"min":12,"max":19},"vacunados":55836,"personasINE":553542,"porcentaje":0.3942570456917741},{"rango":{"min":20,"max":29},"vacunados":292726,"personasINE":742475,"porcentaje":0.8038716228791282},{"rango":{"min":30,"max":39},"vacunados":551981,"personasINE":949639.9999999999,"porcentaje":0.8038716228791282},{"rango":{"min":40,"max":49},"vacunados":937291,"personasINE":1165971,"porcentaje":0.8038716228791282},{"rango":{"min":50,"max":59},"vacunados":905499,"personasINE":972783,"porcentaje":0.9308334952399456},{"rango":{"min":60,"max":69},"vacunados":664398,"personasINE":703323,"porcentaje":0.9446555849872675},{"rango":{"min":70,"max":79},"vacunados":505644,"personasINE":526081,"porcentaje":0.9611523700722893},{"rango":{"min":80,"max":null},"vacunados":369158,"personasINE":369158,"porcentaje":1}]}}},{"ccaa":"Murcia","dosisAdministradas":1896815,"dosisEntregadas":1971815,"dosisEntregadasModerna":246000,"dosisEntregadasPfizer":1377815,"dosisEntregadasAstrazeneca":259900,"dosisEntregadasJanssen":88100,"dosisPrimeraDosis":1101609,"dosisPautaCompletada":858935,"porcentajeEntregadas":0.9619639773508164,"porcentajePoblacionAdministradas":1.255129028864166,"porcentajePoblacionPrimeraDosis":0.7289384754749542,"porcentajePoblacionCompletas":0.5683602525325046,"fechaUltRegistro":1628985600000,"etarios":{"unaDosis":{"etarioTotal":{"vacunados":1101609,"personasINE":1310137,"porcentaje":0.8408349661142308},"etarioRangos":[{"rango":{"min":12,"max":19},"vacunados":83247,"personasINE":141894,"porcentaje":0.6986554270586596},{"rango":{"min":20,"max":29},"vacunados":120342,"personasINE":172248,"porcentaje":0.8746404781296601},{"rango":{"min":30,"max":39},"vacunados":151091,"personasINE":209003,"porcentaje":0.8746404781296601},{"rango":{"min":40,"max":49},"vacunados":222296,"personasINE":254157,"porcentaje":0.8746404781296601},{"rango":{"min":50,"max":59},"vacunados":202968,"personasINE":213256,"porcentaje":0.9517575120981355},{"rango":{"min":60,"max":69},"vacunados":145489,"personasINE":146909,"porcentaje":0.9903341524345003},{"rango":{"min":70,"max":79},"vacunados":102492,"personasINE":102899,"porcentaje":0.9960446651570958},{"rango":{"min":80,"max":null},"vacunados":73684,"personasINE":73684,"porcentaje":1}]},"pautaCompleta":{"etarioTotal":{"vacunados":858935,"personasINE":1310137,"porcentaje":0.6556070090379861},"etarioRangos":[{"rango":{"min":12,"max":19},"vacunados":1798,"personasINE":141894,"porcentaje":0.26162858204449396},{"rango":{"min":20,"max":29},"vacunados":45065,"personasINE":172248.00000000003,"porcentaje":0.7893231349126721},{"rango":{"min":30,"max":39},"vacunados":117333,"personasINE":209003,"porcentaje":0.7893231349126721},{"rango":{"min":40,"max":49},"vacunados":200612,"personasINE":254156.99999999997,"porcentaje":0.7893231349126721},{"rango":{"min":50,"max":59},"vacunados":189326,"personasINE":213256,"porcentaje":0.8877874479498818},{"rango":{"min":60,"max":69},"vacunados":132515,"personasINE":146909,"porcentaje":0.9020209789733781},{"rango":{"min":70,"max":79},"vacunados":99807,"personasINE":102899,"porcentaje":0.9699511171148407},{"rango":{"min":80,"max":null},"vacunados":72479,"personasINE":72479,"porcentaje":1}]}}},{"ccaa":"Navarra","dosisAdministradas":863675,"dosisEntregadas":887925,"dosisEntregadasModerna":98000,"dosisEntregadasPfizer":611475,"dosisEntregadasAstrazeneca":145700,"dosisEntregadasJanssen":32750,"dosisPrimeraDosis":486089,"dosisPautaCompletada":427459,"porcentajeEntregadas":0.9726891347805277,"porcentajePoblacionAdministradas":1.3062294596012989,"porcentajePoblacionPrimeraDosis":0.7351651625763578,"porcentajePoblacionCompletas":0.6464926489382136,"fechaUltRegistro":1628985600000,"etarios":{"unaDosis":{"etarioTotal":{"vacunados":486089,"personasINE":581354,"porcentaje":0.8361325457466535},"etarioRangos":[{"rango":{"min":12,"max":19},"vacunados":29791,"personasINE":56388,"porcentaje":0.6916640979347395},{"rango":{"min":20,"max":29},"vacunados":47121,"personasINE":68127,"porcentaje":0.851363863632155},{"rango":{"min":30,"max":39},"vacunados":58434,"personasINE":81341,"porcentaje":0.851363863632155},{"rango":{"min":40,"max":49},"vacunados":91949,"personasINE":108002,"porcentaje":0.851363863632155},{"rango":{"min":50,"max":59},"vacunados":89576,"personasINE":96694,"porcentaje":0.9263863321405672},{"rango":{"min":60,"max":69},"vacunados":71031,"personasINE":73844,"porcentaje":0.9619061805969341},{"rango":{"min":70,"max":79},"vacunados":55757,"personasINE":55792,"porcentaje":0.9993726699168339},{"rango":{"min":80,"max":null},"vacunados":42430,"personasINE":42430,"porcentaje":1}]},"pautaCompleta":{"etarioTotal":{"vacunados":427459,"personasINE":581354,"porcentaje":0.7352817732397128},"etarioRangos":[{"rango":{"min":12,"max":19},"vacunados":5400,"personasINE":56388,"porcentaje":0.41821891467406463},{"rango":{"min":20,"max":29},"vacunados":28492,"personasINE":68127,"porcentaje":0.818095961185904},{"rango":{"min":30,"max":39},"vacunados":50915,"personasINE":81341,"porcentaje":0.818095961185904},{"rango":{"min":40,"max":49},"vacunados":88356,"personasINE":108002,"porcentaje":0.818095961185904},{"rango":{"min":50,"max":59},"vacunados":87724,"personasINE":96694,"porcentaje":0.907233127184727},{"rango":{"min":60,"max":69},"vacunados":69100,"personasINE":73844,"porcentaje":0.9357564595634039},{"rango":{"min":70,"max":79},"vacunados":55534,"personasINE":55792,"porcentaje":0.9953756811012332},{"rango":{"min":80,"max":null},"vacunados":41938,"personasINE":41938,"porcentaje":1}]}}},{"ccaa":"País Vasco","dosisAdministradas":2913076,"dosisEntregadas":3055100,"dosisEntregadasModerna":301700,"dosisEntregadasPfizer":2092950,"dosisEntregadasAstrazeneca":549600,"dosisEntregadasJanssen":110850,"dosisPrimeraDosis":1622516,"dosisPautaCompletada":1458925,"porcentajeEntregadas":0.9535124873162908,"porcentajePoblacionAdministradas":1.3118985599665662,"porcentajePoblacionPrimeraDosis":0.7306971750557532,"porcentajePoblacionCompletas":0.6570242611587279,"fechaUltRegistro":1628985600000,"etarios":{"unaDosis":{"etarioTotal":{"vacunados":1622516,"personasINE":1983943,"porcentaje":0.8178238991745227},"etarioRangos":[{"rango":{"min":12,"max":19},"vacunados":61592,"personasINE":168606,"porcentaje":0.5645945597268948},{"rango":{"min":20,"max":29},"vacunados":113785,"personasINE":201533.99999999997,"porcentaje":0.8423424542916553},{"rango":{"min":30,"max":39},"vacunados":176769,"personasINE":260543,"porcentaje":0.8423424542916553},{"rango":{"min":40,"max":49},"vacunados":305040,"personasINE":362133,"porcentaje":0.8423424542916553},{"rango":{"min":50,"max":59},"vacunados":313432,"personasINE":339977,"porcentaje":0.9219211887863002},{"rango":{"min":60,"max":69},"vacunados":274956,"personasINE":280119,"porcentaje":0.9815685476529618},{"rango":{"min":70,"max":79},"vacunados":213133,"personasINE":213133,"porcentaje":1},{"rango":{"min":80,"max":null},"vacunados":163809,"personasINE":163809,"porcentaje":1}]},"pautaCompleta":{"etarioTotal":{"vacunados":1458925,"personasINE":1983943,"porcentaje":0.7353663890545242},"etarioRangos":[{"rango":{"min":12,"max":19},"vacunados":11972,"personasINE":168606,"porcentaje":0.25602627844433196},{"rango":{"min":20,"max":29},"vacunados":51598,"personasINE":201534,"porcentaje":0.8238105889272725},{"rango":{"min":30,"max":39},"vacunados":146272,"personasINE":260543,"porcentaje":0.8238105889272725},{"rango":{"min":40,"max":49},"vacunados":298329,"personasINE":362133,"porcentaje":0.8238105889272725},{"rango":{"min":50,"max":59},"vacunados":309077,"personasINE":339977,"porcentaje":0.909111498719031},{"rango":{"min":60,"max":69},"vacunados":268826,"personasINE":280119,"porcentaje":0.9596849910216729},{"rango":{"min":70,"max":79},"vacunados":211439,"personasINE":213081,"porcentaje":0.9922940102590094},{"rango":{"min":80,"max":null},"vacunados":161412,"personasINE":157950,"porcentaje":1.0219183285849953}]}}},{"ccaa":"Ceuta","dosisAdministradas":98193,"dosisEntregadas":115810,"dosisEntregadasModerna":16700,"dosisEntregadasPfizer":76860,"dosisEntregadasAstrazeneca":18100,"dosisEntregadasJanssen":4150,"dosisPrimeraDosis":54912,"dosisPautaCompletada":49189,"porcentajeEntregadas":0.8478801485191262,"porcentajePoblacionAdministradas":1.1661599486948053,"porcentajePoblacionPrimeraDosis":0.6521460297855158,"porcentajePoblacionCompletas":0.5841785230754614,"fechaUltRegistro":1628812800000,"etarios":{"unaDosis":{"etarioTotal":{"vacunados":54912,"personasINE":70965,"porcentaje":0.7737898964278165},"etarioRangos":[{"rango":{"min":12,"max":19},"vacunados":4995,"personasINE":9126,"porcentaje":0.6863317224400474},{"rango":{"min":20,"max":29},"vacunados":7527,"personasINE":10967,"porcentaje":0.8218636291725993},{"rango":{"min":30,"max":39},"vacunados":8169,"personasINE":11894,"porcentaje":0.8218636291725993},{"rango":{"min":40,"max":49},"vacunados":10390,"personasINE":12642,"porcentaje":0.8218636291725993},{"rango":{"min":50,"max":59},"vacunados":10130,"personasINE":11556,"porcentaje":0.8766008999653859},{"rango":{"min":60,"max":69},"vacunados":7465,"personasINE":7857,"porcentaje":0.9501081837851597},{"rango":{"min":70,"max":79},"vacunados":3857,"personasINE":4318,"porcentaje":0.8932376100046318},{"rango":{"min":80,"max":null},"vacunados":2379,"personasINE":2605,"porcentaje":0.9132437619961612}]},"pautaCompleta":{"etarioTotal":{"vacunados":49189,"personasINE":70965,"porcentaje":0.6931445078559854},"etarioRangos":[{"rango":{"min":12,"max":19},"vacunados":2700,"personasINE":9126,"porcentaje":0.5708945016868788},{"rango":{"min":20,"max":29},"vacunados":6261,"personasINE":10967,"porcentaje":0.7779623477297896},{"rango":{"min":30,"max":39},"vacunados":7308,"personasINE":11894,"porcentaje":0.7779623477297896},{"rango":{"min":40,"max":49},"vacunados":9835,"personasINE":12642,"porcentaje":0.7779623477297896},{"rango":{"min":50,"max":59},"vacunados":9823,"personasINE":11556,"porcentaje":0.8500346140533056},{"rango":{"min":60,"max":69},"vacunados":7106,"personasINE":7857,"porcentaje":0.9044164439353443},{"rango":{"min":70,"max":79},"vacunados":3806,"personasINE":4318,"porcentaje":0.8814265863825845},{"rango":{"min":80,"max":null},"vacunados":2350,"personasINE":2605,"porcentaje":0.9021113243761996}]}}},{"ccaa":"Melilla","dosisAdministradas":91043,"dosisEntregadas":115380,"dosisEntregadasModerna":16500,"dosisEntregadasPfizer":78030,"dosisEntregadasAstrazeneca":15100,"dosisEntregadasJanssen":5750,"dosisPrimeraDosis":52226,"dosisPautaCompletada":46834,"porcentajeEntregadas":0.7890708961691801,"porcentajePoblacionAdministradas":1.0455579034406726,"porcentajePoblacionPrimeraDosis":0.5997749092746566,"porcentajePoblacionCompletas":0.5378519913638661,"fechaUltRegistro":1628726400000,"etarios":{"unaDosis":{"etarioTotal":{"vacunados":52226,"personasINE":70927,"porcentaje":0.7363345411479408},"etarioRangos":[{"rango":{"min":12,"max":19},"vacunados":5601,"personasINE":9574,"porcentaje":0.6240933722384326},{"rango":{"min":20,"max":29},"vacunados":7486,"personasINE":11995,"porcentaje":0.7984502582902849},{"rango":{"min":30,"max":39},"vacunados":7917,"personasINE":12133,"porcentaje":0.7984502582902849},{"rango":{"min":40,"max":49},"vacunados":9583,"personasINE":12002,"porcentaje":0.7984502582902849},{"rango":{"min":50,"max":59},"vacunados":9378,"personasINE":11299,"porcentaje":0.8299849544207452},{"rango":{"min":60,"max":69},"vacunados":6984,"personasINE":7827,"porcentaje":0.8922958988118053},{"rango":{"min":70,"max":79},"vacunados":3281,"personasINE":3748,"porcentaje":0.8754002134471718},{"rango":{"min":80,"max":null},"vacunados":1996,"personasINE":2349,"porcentaje":0.8497232865048957}]},"pautaCompleta":{"etarioTotal":{"vacunados":46834,"personasINE":70927,"porcentaje":0.6603127158909865},"etarioRangos":[{"rango":{"min":12,"max":19},"vacunados":2950,"personasINE":9574,"porcentaje":0.5224676948728637},{"rango":{"min":20,"max":29},"vacunados":6267,"personasINE":11995,"porcentaje":0.7703716047325446},{"rango":{"min":30,"max":39},"vacunados":7302,"personasINE":12133,"porcentaje":0.7703716047325446},{"rango":{"min":40,"max":49},"vacunados":9246,"personasINE":12002,"porcentaje":0.7703716047325446},{"rango":{"min":50,"max":59},"vacunados":9133,"personasINE":11299,"porcentaje":0.808301619612355},{"rango":{"min":60,"max":69},"vacunados":6804,"personasINE":7827,"porcentaje":0.8692985818321196},{"rango":{"min":70,"max":79},"vacunados":3195,"personasINE":3748,"porcentaje":0.8524546424759872},{"rango":{"min":80,"max":null},"vacunados":1937,"personasINE":2349,"porcentaje":0.8246062154108131}]}}},{"ccaa":"Fuerzas Armadas","dosisAdministradas":169188,"dosisEntregadas":213568,"dosisEntregadasModerna":58300,"dosisEntregadasPfizer":49368,"dosisEntregadasAstrazeneca":103900,"dosisEntregadasJanssen":2000,"dosisPrimeraDosis":91158,"dosisPautaCompletada":79213,"porcentajeEntregadas":0.7921973329337728,"porcentajePoblacionAdministradas":null,"porcentajePoblacionPrimeraDosis":null,"porcentajePoblacionCompletas":null,"fechaUltRegistro":1628812800000},{"ccaa":"Sanidad Exterior","dosisAdministradas":4604,"dosisEntregadas":6890,"dosisEntregadasModerna":4180,"dosisEntregadasPfizer":0,"dosisEntregadasAstrazeneca":0,"dosisEntregadasJanssen":2710,"dosisPrimeraDosis":3524,"dosisPautaCompletada":3004,"porcentajeEntregadas":0.6682148040638607,"porcentajePoblacionAdministradas":null,"porcentajePoblacionPrimeraDosis":null,"porcentajePoblacionCompletas":null,"fechaUltRegistro":1628812800000,"etarios":{"unaDosis":{"etarioTotal":{"vacunados":3524,"personasINE":"-","porcentaje":"-"},"etarioRangos":[{"rango":{"min":12,"max":19},"vacunados":125,"personasINE":null,"porcentaje":"-"},{"rango":{"min":20,"max":29},"vacunados":890,"personasINE":null,"porcentaje":"-"},{"rango":{"min":30,"max":39},"vacunados":975,"personasINE":null,"porcentaje":"-"},{"rango":{"min":40,"max":49},"vacunados":877,"personasINE":null,"porcentaje":"-"},{"rango":{"min":50,"max":59},"vacunados":456,"personasINE":null,"porcentaje":"-"},{"rango":{"min":60,"max":69},"vacunados":158,"personasINE":null,"porcentaje":"-"},{"rango":{"min":70,"max":79},"vacunados":22,"personasINE":null,"porcentaje":"-"},{"rango":{"min":80,"max":null},"vacunados":21,"personasINE":null,"porcentaje":"-"}]},"pautaCompleta":{"etarioTotal":{"vacunados":3004,"personasINE":"-","porcentaje":"-"},"etarioRangos":[{"rango":{"min":12,"max":19},"vacunados":59,"personasINE":null,"porcentaje":"-"},{"rango":{"min":20,"max":29},"vacunados":718,"personasINE":null,"porcentaje":"-"},{"rango":{"min":30,"max":39},"vacunados":824,"personasINE":null,"porcentaje":"-"},{"rango":{"min":40,"max":49},"vacunados":790,"personasINE":null,"porcentaje":"-"},{"rango":{"min":50,"max":59},"vacunados":434,"personasINE":null,"porcentaje":"-"},{"rango":{"min":60,"max":69},"vacunados":144,"personasINE":null,"porcentaje":"-"},{"rango":{"min":70,"max":79},"vacunados":19,"personasINE":null,"porcentaje":"-"},{"rango":{"min":80,"max":null},"vacunados":16,"personasINE":null,"porcentaje":"-"}]}}},{"ccaa":"Totales","dosisAdministradas":61418303,"dosisEntregadas":63828592,"dosisEntregadasModerna":7148680,"dosisEntregadasPfizer":43947177,"dosisEntregadasAstrazeneca":10084400,"dosisEntregadasJanssen":2648335,"dosisPrimeraDosis":34716227,"dosisPautaCompletada":29794008,"porcentajeEntregadas":0.962238098562475,"porcentajePoblacionAdministradas":1.3084427567106944,"porcentajePoblacionPrimeraDosis":0.7395872816361312,"porcentajePoblacionCompletas":0.6347253515125693,"fechaUltRegistro":null,"etarios":{"unaDosis":{"etarioTotal":{"vacunados":34716227,"personasINE":42119827,"porcentaje":0.8242252989310711},"etarioRangos":[{"rango":{"min":12,"max":19},"vacunados":1696444,"personasINE":3888686,"porcentaje":0.671206397230132},{"rango":{"min":20,"max":29},"vacunados":3318874,"personasINE":4944640,"porcentaje":0.8478428766696102},{"rango":{"min":30,"max":39},"vacunados":4437309,"personasINE":6230403,"porcentaje":0.8478428766696102},{"rango":{"min":40,"max":49},"vacunados":6690953,"personasINE":7891737,"porcentaje":0.8478428766696102},{"rango":{"min":50,"max":59},"vacunados":6522946,"personasINE":7033306,"porcentaje":0.927436684825031},{"rango":{"min":60,"max":69},"vacunados":5196121,"personasINE":5336986,"porcentaje":0.973605889166657},{"rango":{"min":70,"max":79},"vacunados":3924725,"personasINE":3960045,"porcentaje":0.99108090943411},{"rango":{"min":80,"max":null},"vacunados":2928855,"personasINE":2928855,"porcentaje":1}]},"pautaCompleta":{"etarioTotal":{"vacunados":29794008,"personasINE":42119827,"porcentaje":0.7073630193210433},"etarioRangos":[{"rango":{"min":12,"max":19},"vacunados":296515,"personasINE":3888686.0000000005,"porcentaje":0.3172692046337044},{"rango":{"min":20,"max":29},"vacunados":1568782,"personasINE":4944640,"porcentaje":0.8063490965296993},{"rango":{"min":30,"max":39},"vacunados":3489451,"personasINE":6230403,"porcentaje":0.8063490965296993},{"rango":{"min":40,"max":49},"vacunados":6363495,"personasINE":7891737,"porcentaje":0.8063490965296993},{"rango":{"min":50,"max":59},"vacunados":6298705,"personasINE":7033306,"porcentaje":0.8955539542855095},{"rango":{"min":60,"max":69},"vacunados":4999369,"personasINE":5336986,"porcentaje":0.9367401375982624},{"rango":{"min":70,"max":79},"vacunados":3889360,"personasINE":3960045,"porcentaje":0.9821504553609871},{"rango":{"min":80,"max":null},"vacunados":2888331,"personasINE":2888331,"porcentaje":1}]}}}]