[{"ccaa":"Andalucía","dosisAdministradas":7301572,"dosisEntregadas":7718570,"dosisEntregadasModerna":740500,"dosisEntregadasPfizer":5222970,"dosisEntregadasAstrazeneca":1455800,"dosisEntregadasJanssen":299300,"dosisPrimeraDosis":4529585,"dosisPautaCompletada":2911303,"porcentajeEntregadas":0.9459747077502698,"porcentajePoblacionAdministradas":0.8626202106679366,"porcentajePoblacionPrimeraDosis":0.535132923011418,"porcentajePoblacionCompletas":0.34394631829668953,"fechaUltRegistro":1624838400000,"etarios":{"unaDosis":{"etarioTotal":{"vacunados":4529585,"personasINE":7451975,"porcentaje":0.6078368486206677},"etarioRangos":[{"rango":{"min":12,"max":19},"vacunados":5383,"personasINE":752907,"porcentaje":0.1144031477206161},{"rango":{"min":20,"max":29},"vacunados":106243,"personasINE":928672,"porcentaje":0.7250247994027929},{"rango":{"min":30,"max":39},"vacunados":325210,"personasINE":1140217,"porcentaje":0.7250247994027929},{"rango":{"min":40,"max":49},"vacunados":1004242,"personasINE":1385114,"porcentaje":0.7250247994027929},{"rango":{"min":50,"max":59},"vacunados":1130550,"personasINE":1265021,"porcentaje":0.8937005788836707},{"rango":{"min":60,"max":69},"vacunados":878921,"personasINE":916147,"porcentaje":0.9593667828416182},{"rango":{"min":70,"max":79},"vacunados":647423,"personasINE":650381,"porcentaje":0.9954518966574977},{"rango":{"min":80,"max":null},"vacunados":431613,"personasINE":431613,"porcentaje":1}]},"pautaCompleta":{"etarioTotal":{"vacunados":2911303,"personasINE":7451975,"porcentaje":0.3906753578749258},"etarioRangos":[{"rango":{"min":12,"max":19},"vacunados":4018,"personasINE":752907,"porcentaje":0.09745421418972468},{"rango":{"min":20,"max":29},"vacunados":90503,"personasINE":928672,"porcentaje":0.2052603612410242},{"rango":{"min":30,"max":39},"vacunados":134698,"personasINE":1140217,"porcentaje":0.2052603612410242},{"rango":{"min":40,"max":49},"vacunados":284309,"personasINE":1385114,"porcentaje":0.2052603612410242},{"rango":{"min":50,"max":59},"vacunados":935533,"personasINE":1265021,"porcentaje":0.7395395017157818},{"rango":{"min":60,"max":69},"vacunados":404333,"personasINE":916147,"porcentaje":0.44134074553537805},{"rango":{"min":70,"max":79},"vacunados":634535,"personasINE":650381,"porcentaje":0.9756358196195768},{"rango":{"min":80,"max":null},"vacunados":423374,"personasINE":423374,"porcentaje":1}]}}},{"ccaa":"Aragón","dosisAdministradas":1193474,"dosisEntregadas":1335805,"dosisEntregadasModerna":127500,"dosisEntregadasPfizer":932805,"dosisEntregadasAstrazeneca":228700,"dosisEntregadasJanssen":46800,"dosisPrimeraDosis":729957,"dosisPautaCompletada":516781,"porcentajeEntregadas":0.8934492684186689,"porcentajePoblacionAdministradas":0.8977599517372993,"porcentajePoblacionPrimeraDosis":0.5490912756292167,"porcentajePoblacionCompletas":0.3887351426329801,"fechaUltRegistro":1624838400000,"etarios":{"unaDosis":{"etarioTotal":{"vacunados":729957,"personasINE":1185134,"porcentaje":0.6159278191326888},"etarioRangos":[{"rango":{"min":12,"max":19},"vacunados":1426,"personasINE":103109,"porcentaje":0.1336876250948996},{"rango":{"min":20,"max":29},"vacunados":17433,"personasINE":130400.99999999999,"porcentaje":0.6682608877702461},{"rango":{"min":30,"max":39},"vacunados":28310,"personasINE":164286,"porcentaje":0.6682608877702461},{"rango":{"min":40,"max":49},"vacunados":143638,"personasINE":214943,"porcentaje":0.6682608877702461},{"rango":{"min":50,"max":59},"vacunados":172225,"personasINE":198266,"porcentaje":0.868656249684767},{"rango":{"min":60,"max":69},"vacunados":148205,"personasINE":156367,"porcentaje":0.9478022856485064},{"rango":{"min":70,"max":79},"vacunados":118013,"personasINE":118955,"porcentaje":0.9920810390483796},{"rango":{"min":80,"max":null},"vacunados":100707,"personasINE":100707,"porcentaje":1}]},"pautaCompleta":{"etarioTotal":{"vacunados":516781,"personasINE":1185134,"porcentaje":0.4360528007803337},"etarioRangos":[{"rango":{"min":12,"max":19},"vacunados":1176,"personasINE":103109,"porcentaje":0.11988404996894196},{"rango":{"min":20,"max":29},"vacunados":15633,"personasINE":130401,"porcentaje":0.27992072316846794},{"rango":{"min":30,"max":39},"vacunados":23586,"personasINE":164286,"porcentaje":0.27992072316846794},{"rango":{"min":40,"max":49},"vacunados":60167,"personasINE":214942.99999999997,"porcentaje":0.27992072316846794},{"rango":{"min":50,"max":59},"vacunados":146997,"personasINE":198266,"porcentaje":0.7414130511535009},{"rango":{"min":60,"max":69},"vacunados":53816,"personasINE":156367,"porcentaje":0.344164689480517},{"rango":{"min":70,"max":79},"vacunados":116492,"personasINE":118955,"porcentaje":0.979294691269808},{"rango":{"min":80,"max":null},"vacunados":98914,"personasINE":98914,"porcentaje":1}]}}},{"ccaa":"Asturias","dosisAdministradas":1074504,"dosisEntregadas":1116945,"dosisEntregadasModerna":106600,"dosisEntregadasPfizer":798845,"dosisEntregadasAstrazeneca":175400,"dosisEntregadasJanssen":36100,"dosisPrimeraDosis":665765,"dosisPautaCompletada":447626,"porcentajeEntregadas":0.9620026053207633,"porcentajePoblacionAdministradas":1.054692653202249,"porcentajePoblacionPrimeraDosis":0.653489846719226,"porcentajePoblacionCompletas":0.43937282093162044,"fechaUltRegistro":1624838400000,"etarios":{"unaDosis":{"etarioTotal":{"vacunados":665765,"personasINE":933927,"porcentaje":0.7128662090291854},"etarioRangos":[{"rango":{"min":12,"max":19},"vacunados":576,"personasINE":64000.00000000001,"porcentaje":0.1299187217959576},{"rango":{"min":20,"max":29},"vacunados":10278,"personasINE":79110.99999999999,"porcentaje":0.7740923272232968},{"rango":{"min":30,"max":39},"vacunados":37789,"personasINE":114451,"porcentaje":0.7740923272232968},{"rango":{"min":40,"max":49},"vacunados":129268,"personasINE":166993,"porcentaje":0.7740923272232968},{"rango":{"min":50,"max":59},"vacunados":144007,"personasINE":162645,"porcentaje":0.8854068677180362},{"rango":{"min":60,"max":69},"vacunados":141988,"personasINE":149652,"porcentaje":0.9487878544890813},{"rango":{"min":70,"max":79},"vacunados":113417,"personasINE":113417,"porcentaje":1},{"rango":{"min":80,"max":null},"vacunados":88442,"personasINE":88442,"porcentaje":1}]},"pautaCompleta":{"etarioTotal":{"vacunados":447626,"personasINE":933927,"porcentaje":0.4792944202277052},"etarioRangos":[{"rango":{"min":12,"max":19},"vacunados":512,"personasINE":64000,"porcentaje":0.12271365549670715},{"rango":{"min":20,"max":29},"vacunados":9708,"personasINE":79111,"porcentaje":0.27272400639547767},{"rango":{"min":30,"max":39},"vacunados":15452,"personasINE":114451,"porcentaje":0.27272400639547767},{"rango":{"min":40,"max":49},"vacunados":45543,"personasINE":166993,"porcentaje":0.27272400639547767},{"rango":{"min":50,"max":59},"vacunados":125700,"personasINE":162645,"porcentaje":0.7728488425712441},{"rango":{"min":60,"max":69},"vacunados":51726,"personasINE":149652,"porcentaje":0.34564188918290434},{"rango":{"min":70,"max":79},"vacunados":111806,"personasINE":111806,"porcentaje":1},{"rango":{"min":80,"max":null},"vacunados":87179,"personasINE":87826,"porcentaje":0.9926331610229318}]}}},{"ccaa":"Baleares","dosisAdministradas":895534,"dosisEntregadas":1025280,"dosisEntregadasModerna":96600,"dosisEntregadasPfizer":685980,"dosisEntregadasAstrazeneca":201400,"dosisEntregadasJanssen":41300,"dosisPrimeraDosis":560299,"dosisPautaCompletada":378529,"porcentajeEntregadas":0.8734531054931336,"porcentajePoblacionAdministradas":0.7644055745286344,"porcentajePoblacionPrimeraDosis":0.47825730681673656,"porcentajePoblacionCompletas":0.3231029505532447,"fechaUltRegistro":1624838400000,"etarios":{"unaDosis":{"etarioTotal":{"vacunados":560299,"personasINE":1034867,"porcentaje":0.5414212647615587},"etarioRangos":[{"rango":{"min":12,"max":19},"vacunados":1391,"personasINE":95480,"porcentaje":0.10012903974134056},{"rango":{"min":20,"max":29},"vacunados":13812,"personasINE":137942,"porcentaje":0.6364443280367849},{"rango":{"min":30,"max":39},"vacunados":52077,"personasINE":182187,"porcentaje":0.6364443280367849},{"rango":{"min":40,"max":49},"vacunados":131217,"personasINE":206172,"porcentaje":0.6364443280367849},{"rango":{"min":50,"max":59},"vacunados":133033,"personasINE":165797,"porcentaje":0.8023848441166004},{"rango":{"min":60,"max":69},"vacunados":100629,"personasINE":117231,"porcentaje":0.8583821685390383},{"rango":{"min":70,"max":79},"vacunados":77418,"personasINE":80516,"porcentaje":0.9615231755179094},{"rango":{"min":80,"max":null},"vacunados":50722,"personasINE":50722,"porcentaje":1}]},"pautaCompleta":{"etarioTotal":{"vacunados":378529,"personasINE":1034867,"porcentaje":0.3657755054514252},"etarioRangos":[{"rango":{"min":12,"max":19},"vacunados":542,"personasINE":95480,"porcentaje":0.08179524727784142},{"rango":{"min":20,"max":29},"vacunados":11283,"personasINE":137942,"porcentaje":0.3532826960013969},{"rango":{"min":30,"max":39},"vacunados":19842,"personasINE":182187,"porcentaje":0.3532826960013969},{"rango":{"min":40,"max":49},"vacunados":72837,"personasINE":206172,"porcentaje":0.3532826960013969},{"rango":{"min":50,"max":59},"vacunados":119832,"personasINE":165797,"porcentaje":0.7227633793132566},{"rango":{"min":60,"max":69},"vacunados":28015,"personasINE":117231,"porcentaje":0.2389726266943044},{"rango":{"min":70,"max":79},"vacunados":76276,"personasINE":80516,"porcentaje":0.9473396591981718},{"rango":{"min":80,"max":null},"vacunados":49902,"personasINE":49902,"porcentaje":1}]}}},{"ccaa":"Canarias","dosisAdministradas":1734557,"dosisEntregadas":1966770,"dosisEntregadasModerna":181700,"dosisEntregadasPfizer":1333770,"dosisEntregadasAstrazeneca":374400,"dosisEntregadasJanssen":76900,"dosisPrimeraDosis":1084474,"dosisPautaCompletada":730889,"porcentajeEntregadas":0.8819317968038968,"porcentajePoblacionAdministradas":0.7971485584240828,"porcentajePoblacionPrimeraDosis":0.49839058949829773,"porcentajePoblacionCompletas":0.33589389839481754,"fechaUltRegistro":1624838400000,"etarios":{"unaDosis":{"etarioTotal":{"vacunados":1084474,"personasINE":1960774,"porcentaje":0.5530846492252549},"etarioRangos":[{"rango":{"min":12,"max":19},"vacunados":1329,"personasINE":179797,"porcentaje":0.12021545354878688},{"rango":{"min":20,"max":29},"vacunados":30264,"personasINE":251748,"porcentaje":0.5923015848465163},{"rango":{"min":30,"max":39},"vacunados":91414,"personasINE":310934,"porcentaje":0.5923015848465163},{"rango":{"min":40,"max":49},"vacunados":229768,"personasINE":387924,"porcentaje":0.5923015848465163},{"rango":{"min":50,"max":59},"vacunados":283640,"personasINE":350512,"porcentaje":0.8092162322545305},{"rango":{"min":60,"max":69},"vacunados":208837,"personasINE":235092,"porcentaje":0.888320317152434},{"rango":{"min":70,"max":79},"vacunados":147780,"personasINE":154531,"porcentaje":0.9563129728015738},{"rango":{"min":80,"max":null},"vacunados":91442,"personasINE":91442,"porcentaje":1}]},"pautaCompleta":{"etarioTotal":{"vacunados":730889,"personasINE":1960774,"porcentaje":0.37275535069314464},"etarioRangos":[{"rango":{"min":12,"max":19},"vacunados":664,"personasINE":179797,"porcentaje":0.07600854823077045},{"rango":{"min":20,"max":29},"vacunados":19135,"personasINE":251748,"porcentaje":0.2857312257040039},{"rango":{"min":30,"max":39},"vacunados":35123,"personasINE":310934,"porcentaje":0.2857312257040039},{"rango":{"min":40,"max":49},"vacunados":110842,"personasINE":387924,"porcentaje":0.2857312257040039},{"rango":{"min":50,"max":59},"vacunados":228276,"personasINE":350512,"porcentaje":0.6512644360250148},{"rango":{"min":60,"max":69},"vacunados":104706,"personasINE":235092,"porcentaje":0.44538308406921545},{"rango":{"min":70,"max":79},"vacunados":143350,"personasINE":154531,"porcentaje":0.9276455856753661},{"rango":{"min":80,"max":null},"vacunados":88793,"personasINE":90236,"porcentaje":0.9840085996719713}]}}},{"ccaa":"Cantabria","dosisAdministradas":522023,"dosisEntregadas":588055,"dosisEntregadasModerna":55900,"dosisEntregadasPfizer":411405,"dosisEntregadasAstrazeneca":100200,"dosisEntregadasJanssen":20550,"dosisPrimeraDosis":321412,"dosisPautaCompletada":214780,"porcentajeEntregadas":0.8877111834777359,"porcentajePoblacionAdministradas":0.895554164057608,"porcentajePoblacionPrimeraDosis":0.5513968828539814,"porcentajePoblacionCompletas":0.3684648441855877,"fechaUltRegistro":1624838400000,"etarios":{"unaDosis":{"etarioTotal":{"vacunados":321412,"personasINE":524127,"porcentaje":0.6132330522945775},"etarioRangos":[{"rango":{"min":12,"max":19},"vacunados":185,"personasINE":43963.00000000001,"porcentaje":0.10787050787050786},{"rango":{"min":20,"max":29},"vacunados":5448,"personasINE":50505,"porcentaje":0.5749368409209463},{"rango":{"min":30,"max":39},"vacunados":9712,"personasINE":70473,"porcentaje":0.5749368409209463},{"rango":{"min":40,"max":49},"vacunados":56211,"personasINE":97769,"porcentaje":0.5749368409209463},{"rango":{"min":50,"max":59},"vacunados":78145,"personasINE":89964,"porcentaje":0.8686252278689254},{"rango":{"min":60,"max":69},"vacunados":73893,"personasINE":77345,"porcentaje":0.9553688021203698},{"rango":{"min":70,"max":79},"vacunados":55638,"personasINE":55638,"porcentaje":1},{"rango":{"min":80,"max":null},"vacunados":42180,"personasINE":42180,"porcentaje":1}]},"pautaCompleta":{"etarioTotal":{"vacunados":214780,"personasINE":524127,"porcentaje":0.4097861777775234},"etarioRangos":[{"rango":{"min":12,"max":19},"vacunados":98,"personasINE":43963,"porcentaje":0.0891990891990892},{"rango":{"min":20,"max":29},"vacunados":4505,"personasINE":50505,"porcentaje":0.1817651811924025},{"rango":{"min":30,"max":39},"vacunados":7781,"personasINE":70473,"porcentaje":0.1817651811924025},{"rango":{"min":40,"max":49},"vacunados":17771,"personasINE":97769,"porcentaje":0.1817651811924025},{"rango":{"min":50,"max":59},"vacunados":58731,"personasINE":89964,"porcentaje":0.6528277977857809},{"rango":{"min":60,"max":69},"vacunados":29205,"personasINE":77345,"porcentaje":0.3775938974723641},{"rango":{"min":70,"max":79},"vacunados":55061,"personasINE":55061,"porcentaje":1},{"rango":{"min":80,"max":null},"vacunados":41628,"personasINE":41628,"porcentaje":1}]}}},{"ccaa":"Castilla y Leon","dosisAdministradas":2311682,"dosisEntregadas":2626465,"dosisEntregadasModerna":258200,"dosisEntregadasPfizer":1871715,"dosisEntregadasAstrazeneca":411900,"dosisEntregadasJanssen":84650,"dosisPrimeraDosis":1413639,"dosisPautaCompletada":995888,"porcentajeEntregadas":0.8801495546295115,"porcentajePoblacionAdministradas":0.9652447390683104,"porcentajePoblacionPrimeraDosis":0.5902661385483762,"porcentajePoblacionCompletas":0.41583386153513396,"fechaUltRegistro":1624838400000,"etarios":{"unaDosis":{"etarioTotal":{"vacunados":1413639,"personasINE":2176253,"porcentaje":0.6495747507298094},"etarioRangos":[{"rango":{"min":12,"max":19},"vacunados":966,"personasINE":165342,"porcentaje":0.11793977422442964},{"rango":{"min":20,"max":29},"vacunados":24886,"personasINE":211006,"porcentaje":0.6175252198565944},{"rango":{"min":30,"max":39},"vacunados":43665,"personasINE":267783,"porcentaje":0.6175252198565944},{"rango":{"min":40,"max":49},"vacunados":224350,"personasINE":363305,"porcentaje":0.6175252198565944},{"rango":{"min":50,"max":59},"vacunados":334712,"personasINE":381175,"porcentaje":0.87810585688988},{"rango":{"min":60,"max":69},"vacunados":308031,"personasINE":318575,"porcentaje":0.9669026131994036},{"rango":{"min":70,"max":79},"vacunados":248602,"personasINE":248602,"porcentaje":1},{"rango":{"min":80,"max":null},"vacunados":228427,"personasINE":228427,"porcentaje":1}]},"pautaCompleta":{"etarioTotal":{"vacunados":995888,"personasINE":2176253,"porcentaje":0.4576159113853031},"etarioRangos":[{"rango":{"min":12,"max":19},"vacunados":811,"personasINE":165342,"porcentaje":0.10636664360255159},{"rango":{"min":20,"max":29},"vacunados":22444,"personasINE":211006,"porcentaje":0.1952354082657822},{"rango":{"min":30,"max":39},"vacunados":33802,"personasINE":267783,"porcentaje":0.1952354082657822},{"rango":{"min":40,"max":49},"vacunados":70930,"personasINE":363305,"porcentaje":0.1952354082657822},{"rango":{"min":50,"max":59},"vacunados":246185,"personasINE":381175,"porcentaje":0.6458582016134321},{"rango":{"min":60,"max":69},"vacunados":149925,"personasINE":318575,"porcentaje":0.4706113160166366},{"rango":{"min":70,"max":79},"vacunados":246392,"personasINE":246392,"porcentaje":1},{"rango":{"min":80,"max":null},"vacunados":225399,"personasINE":225399,"porcentaje":1}]}}},{"ccaa":"Castilla La Mancha","dosisAdministradas":1786865,"dosisEntregadas":1967940,"dosisEntregadasModerna":187600,"dosisEntregadasPfizer":1357065,"dosisEntregadasAstrazeneca":350900,"dosisEntregadasJanssen":72375,"dosisPrimeraDosis":1121066,"dosisPautaCompletada":732081,"porcentajeEntregadas":0.9079875402705367,"porcentajePoblacionAdministradas":0.8736781990797082,"porcentajePoblacionPrimeraDosis":0.548139296437891,"porcentajePoblacionCompletas":0.3579471362752485,"fechaUltRegistro":1624838400000},{"ccaa":"Cataluña","dosisAdministradas":6482150,"dosisEntregadas":7289170,"dosisEntregadasModerna":703100,"dosisEntregadasPfizer":4973120,"dosisEntregadasAstrazeneca":1338100,"dosisEntregadasJanssen":274850,"dosisPrimeraDosis":4050623,"dosisPautaCompletada":2594546,"porcentajeEntregadas":0.8892850626340173,"porcentajePoblacionAdministradas":0.8331299396862327,"porcentajePoblacionPrimeraDosis":0.5206135766191259,"porcentajePoblacionCompletas":0.33346867204448466,"fechaUltRegistro":1624838400000,"etarios":{"unaDosis":{"etarioTotal":{"vacunados":4050623,"personasINE":6868360,"porcentaje":0.5897511196268105},"etarioRangos":[{"rango":{"min":12,"max":19},"vacunados":10160,"personasINE":656166,"porcentaje":0.13762448819038423},{"rango":{"min":20,"max":29},"vacunados":115458,"personasINE":838935.0000000001,"porcentaje":0.6757316281312773},{"rango":{"min":30,"max":39},"vacunados":289032,"personasINE":1044652,"porcentaje":0.6757316281312773},{"rango":{"min":40,"max":49},"vacunados":889773,"personasINE":1316755,"porcentaje":0.6757316281312773},{"rango":{"min":50,"max":59},"vacunados":929160,"personasINE":1091780,"porcentaje":0.8510505779552657},{"rango":{"min":60,"max":69},"vacunados":751408,"personasINE":837584,"porcentaje":0.8971136029341534},{"rango":{"min":70,"max":79},"vacunados":610371,"personasINE":635292,"porcentaje":0.9607723692412308},{"rango":{"min":80,"max":null},"vacunados":455261,"personasINE":455261,"porcentaje":1}]},"pautaCompleta":{"etarioTotal":{"vacunados":2594546,"personasINE":6868360,"porcentaje":0.3777533501447216},"etarioRangos":[{"rango":{"min":12,"max":19},"vacunados":6575,"personasINE":656166,"porcentaje":0.10879507947576392},{"rango":{"min":20,"max":29},"vacunados":91272,"personasINE":838935,"porcentaje":0.2016867222831886},{"rango":{"min":30,"max":39},"vacunados":116715,"personasINE":1044652,"porcentaje":0.2016867222831886},{"rango":{"min":40,"max":49},"vacunados":265572,"personasINE":1316755,"porcentaje":0.2016867222831886},{"rango":{"min":50,"max":59},"vacunados":718017,"personasINE":1091780,"porcentaje":0.6576572203191119},{"rango":{"min":60,"max":69},"vacunados":352525,"personasINE":837584,"porcentaje":0.42088315918164626},{"rango":{"min":70,"max":79},"vacunados":597071,"personasINE":635292,"porcentaje":0.9398371142718623},{"rango":{"min":80,"max":null},"vacunados":446799,"personasINE":447196,"porcentaje":0.9991122460844909}]}}},{"ccaa":"C. Valenciana","dosisAdministradas":4021305,"dosisEntregadas":4657130,"dosisEntregadasModerna":447000,"dosisEntregadasPfizer":3161530,"dosisEntregadasAstrazeneca":869800,"dosisEntregadasJanssen":178800,"dosisPrimeraDosis":2462875,"dosisPautaCompletada":1703604,"porcentajeEntregadas":0.8634727825935716,"porcentajePoblacionAdministradas":0.7951402640867663,"porcentajePoblacionPrimeraDosis":0.48698894461193437,"porcentajePoblacionCompletas":0.33685684981847225,"fechaUltRegistro":1624838400000,"etarios":{"unaDosis":{"etarioTotal":{"vacunados":2462875,"personasINE":4488459,"porcentaje":0.5487128210372424},"etarioRangos":[{"rango":{"min":12,"max":19},"vacunados":2425,"personasINE":424531,"porcentaje":0.10604774803051968},{"rango":{"min":20,"max":29},"vacunados":54734,"personasINE":516126,"porcentaje":0.5032903234897627},{"rango":{"min":30,"max":39},"vacunados":80075,"personasINE":648759,"porcentaje":0.5032903234897627},{"rango":{"min":40,"max":49},"vacunados":428596,"personasINE":851588,"porcentaje":0.5032903234897627},{"rango":{"min":50,"max":59},"vacunados":635745,"personasINE":752334,"porcentaje":0.8450302658127906},{"rango":{"min":60,"max":69},"vacunados":537514,"personasINE":580728,"porcentaje":0.925586505214145},{"rango":{"min":70,"max":79},"vacunados":429032,"personasINE":437862,"porcentaje":0.9798338289232681},{"rango":{"min":80,"max":null},"vacunados":294754,"personasINE":294754,"porcentaje":1}]},"pautaCompleta":{"etarioTotal":{"vacunados":1703604,"personasINE":4488459,"porcentaje":0.3795520912633935},"etarioRangos":[{"rango":{"min":12,"max":19},"vacunados":1495,"personasINE":424531,"porcentaje":0.07800420827472361},{"rango":{"min":20,"max":29},"vacunados":40260,"personasINE":516126,"porcentaje":0.15331592272319478},{"rango":{"min":30,"max":39},"vacunados":62366,"personasINE":648759,"porcentaje":0.15331592272319478},{"rango":{"min":40,"max":49},"vacunados":130562,"personasINE":851588,"porcentaje":0.15331592272319478},{"rango":{"min":50,"max":59},"vacunados":489707,"personasINE":752334,"porcentaje":0.650917012922452},{"rango":{"min":60,"max":69},"vacunados":271319,"personasINE":580728,"porcentaje":0.4672049565373118},{"rango":{"min":70,"max":79},"vacunados":418166,"personasINE":437862,"porcentaje":0.9550177909935094},{"rango":{"min":80,"max":null},"vacunados":289729,"personasINE":289729,"porcentaje":1}]}}},{"ccaa":"Extremadura","dosisAdministradas":1003103,"dosisEntregadas":1071265,"dosisEntregadasModerna":101200,"dosisEntregadasPfizer":749465,"dosisEntregadasAstrazeneca":183000,"dosisEntregadasJanssen":37600,"dosisPrimeraDosis":616285,"dosisPautaCompletada":434112,"porcentajeEntregadas":0.9363724195227138,"porcentajePoblacionAdministradas":0.9427774963415907,"porcentajePoblacionPrimeraDosis":0.5792223025281323,"porcentajePoblacionCompletas":0.4080049850233133,"fechaUltRegistro":1624838400000,"etarios":{"unaDosis":{"etarioTotal":{"vacunados":616285,"personasINE":953437,"porcentaje":0.6463825087551668},"etarioRangos":[{"rango":{"min":12,"max":19},"vacunados":370,"personasINE":84750,"porcentaje":0.08137133780444758},{"rango":{"min":20,"max":29},"vacunados":9221,"personasINE":113320,"porcentaje":0.7744617352376892},{"rango":{"min":30,"max":39},"vacunados":28261,"personasINE":133479,"porcentaje":0.7744617352376892},{"rango":{"min":40,"max":49},"vacunados":123522,"personasINE":159494,"porcentaje":0.7744617352376892},{"rango":{"min":50,"max":59},"vacunados":154077,"personasINE":169216,"porcentaje":0.9105344648260212},{"rango":{"min":60,"max":69},"vacunados":127468,"personasINE":127468,"porcentaje":1},{"rango":{"min":70,"max":79},"vacunados":95354,"personasINE":95354,"porcentaje":1},{"rango":{"min":80,"max":null},"vacunados":78012,"personasINE":78012,"porcentaje":1}]},"pautaCompleta":{"etarioTotal":{"vacunados":434112,"personasINE":953437,"porcentaje":0.45531272648323906},"etarioRangos":[{"rango":{"min":12,"max":19},"vacunados":302,"personasINE":84750,"porcentaje":0.07106424285210025},{"rango":{"min":20,"max":29},"vacunados":8053,"personasINE":113320,"porcentaje":0.2679661930856333},{"rango":{"min":30,"max":39},"vacunados":16364,"personasINE":133479,"porcentaje":0.2679661930856333},{"rango":{"min":40,"max":49},"vacunados":42739,"personasINE":159494,"porcentaje":0.2679661930856333},{"rango":{"min":50,"max":59},"vacunados":129682,"personasINE":169216,"porcentaje":0.7663696104387292},{"rango":{"min":60,"max":69},"vacunados":69423,"personasINE":125296.99999999999,"porcentaje":0.5540675355355675},{"rango":{"min":70,"max":79},"vacunados":90928,"personasINE":91876,"porcentaje":0.989681744960599},{"rango":{"min":80,"max":null},"vacunados":76621,"personasINE":76621,"porcentaje":1}]}}},{"ccaa":"Galicia","dosisAdministradas":2692659,"dosisEntregadas":2848295,"dosisEntregadasModerna":270600,"dosisEntregadasPfizer":2017195,"dosisEntregadasAstrazeneca":464800,"dosisEntregadasJanssen":95700,"dosisPrimeraDosis":1618598,"dosisPautaCompletada":1196279,"porcentajeEntregadas":0.9453581879685917,"porcentajePoblacionAdministradas":0.9966096914708202,"porcentajePoblacionPrimeraDosis":0.5990771402525483,"porcentajePoblacionCompletas":0.4427680018535661,"fechaUltRegistro":1624838400000,"etarios":{"unaDosis":{"etarioTotal":{"vacunados":1618598,"personasINE":2454497,"porcentaje":0.6594418326850674},"etarioRangos":[{"rango":{"min":12,"max":19},"vacunados":411,"personasINE":180007,"porcentaje":0.08837523432663293},{"rango":{"min":20,"max":29},"vacunados":20413,"personasINE":230981,"porcentaje":0.7355382529257414},{"rango":{"min":30,"max":39},"vacunados":39363,"personasINE":323408,"porcentaje":0.7355382529257414},{"rango":{"min":40,"max":49},"vacunados":326006,"personasINE":443221,"porcentaje":0.7355382529257414},{"rango":{"min":50,"max":59},"vacunados":369929,"personasINE":405889,"porcentaje":0.9114043494650015},{"rango":{"min":60,"max":69},"vacunados":332759,"personasINE":346927,"porcentaje":0.9591614374205525},{"rango":{"min":70,"max":79},"vacunados":288798,"personasINE":289762,"porcentaje":0.9966731317426025},{"rango":{"min":80,"max":null},"vacunados":240919,"personasINE":240919,"porcentaje":1}]},"pautaCompleta":{"etarioTotal":{"vacunados":1196279,"personasINE":2454497,"porcentaje":0.4873825472184321},"etarioRangos":[{"rango":{"min":12,"max":19},"vacunados":300,"personasINE":180007,"porcentaje":0.07820556669163264},{"rango":{"min":20,"max":29},"vacunados":18064,"personasINE":230981,"porcentaje":0.19520735705212525},{"rango":{"min":30,"max":39},"vacunados":35499,"personasINE":323408,"porcentaje":0.19520735705212525},{"rango":{"min":40,"max":49},"vacunados":86520,"personasINE":443221,"porcentaje":0.19520735705212525},{"rango":{"min":50,"max":59},"vacunados":351830,"personasINE":405889,"porcentaje":0.8668133405931179},{"rango":{"min":60,"max":69},"vacunados":178886,"personasINE":346927,"porcentaje":0.5156300893271495},{"rango":{"min":70,"max":79},"vacunados":286346,"personasINE":289762,"porcentaje":0.9882110145567742},{"rango":{"min":80,"max":null},"vacunados":238834,"personasINE":238834,"porcentaje":1}]}}},{"ccaa":"La Rioja","dosisAdministradas":277762,"dosisEntregadas":317395,"dosisEntregadasModerna":30000,"dosisEntregadasPfizer":221195,"dosisEntregadasAstrazeneca":54900,"dosisEntregadasJanssen":11300,"dosisPrimeraDosis":163821,"dosisPautaCompletada":127440,"porcentajeEntregadas":0.8751303580711731,"porcentajePoblacionAdministradas":0.8682395893896485,"porcentajePoblacionPrimeraDosis":0.5120782460286202,"porcentajePoblacionCompletas":0.39835705845946096,"fechaUltRegistro":1624838400000,"etarios":{"unaDosis":{"etarioTotal":{"vacunados":163821,"personasINE":283970,"porcentaje":0.5768954467021165},"etarioRangos":[{"rango":{"min":12,"max":19},"vacunados":163,"personasINE":25532,"porcentaje":0.11750607393788168},{"rango":{"min":20,"max":29},"vacunados":3579,"personasINE":30458,"porcentaje":0.47243469884979317},{"rango":{"min":30,"max":39},"vacunados":5335,"personasINE":39319,"porcentaje":0.47243469884979317},{"rango":{"min":40,"max":49},"vacunados":25014,"personasINE":52947,"porcentaje":0.47243469884979317},{"rango":{"min":50,"max":59},"vacunados":41827,"personasINE":47664,"porcentaje":0.877538603558241},{"rango":{"min":60,"max":69},"vacunados":36117,"personasINE":37718,"porcentaje":0.9575534227689697},{"rango":{"min":70,"max":79},"vacunados":28481,"personasINE":28481,"porcentaje":1},{"rango":{"min":80,"max":null},"vacunados":23305,"personasINE":23305,"porcentaje":1}]},"pautaCompleta":{"etarioTotal":{"vacunados":127440,"personasINE":283970,"porcentaje":0.44877980068317075},"etarioRangos":[{"rango":{"min":12,"max":19},"vacunados":132,"personasINE":25531.999999999996,"porcentaje":0.09944842077615076},{"rango":{"min":20,"max":29},"vacunados":3029,"personasINE":30458,"porcentaje":0.17925472642453774},{"rango":{"min":30,"max":39},"vacunados":4608,"personasINE":39319,"porcentaje":0.17925472642453774},{"rango":{"min":40,"max":49},"vacunados":9491,"personasINE":52947,"porcentaje":0.17925472642453774},{"rango":{"min":50,"max":59},"vacunados":37525,"personasINE":47664,"porcentaje":0.7872818059751594},{"rango":{"min":60,"max":69},"vacunados":21354,"personasINE":37718,"porcentaje":0.5661487883769023},{"rango":{"min":70,"max":79},"vacunados":28272,"personasINE":28272,"porcentaje":1},{"rango":{"min":80,"max":null},"vacunados":23029,"personasINE":23029,"porcentaje":1}]}}},{"ccaa":"Madrid","dosisAdministradas":5202889,"dosisEntregadas":6205995,"dosisEntregadasModerna":598700,"dosisEntregadasPfizer":4201395,"dosisEntregadasAstrazeneca":1166300,"dosisEntregadasJanssen":239600,"dosisPrimeraDosis":3149242,"dosisPautaCompletada":2361435,"porcentajeEntregadas":0.8383650002940705,"porcentajePoblacionAdministradas":0.7674004349334385,"porcentajePoblacionPrimeraDosis":0.4644976436188916,"porcentajePoblacionCompletas":0.3483000014159526,"fechaUltRegistro":1624838400000,"etarios":{"unaDosis":{"etarioTotal":{"vacunados":3149242,"personasINE":5977937,"porcentaje":0.526810837919503},"etarioRangos":[{"rango":{"min":12,"max":19},"vacunados":4420,"personasINE":553542,"porcentaje":0.11585036533216607},{"rango":{"min":20,"max":29},"vacunados":86016,"personasINE":742475,"porcentaje":0.46383657912589593},{"rango":{"min":30,"max":39},"vacunados":126988,"personasINE":949640,"porcentaje":0.46383657912589593},{"rango":{"min":40,"max":49},"vacunados":540820,"personasINE":1165971,"porcentaje":0.46383657912589593},{"rango":{"min":50,"max":59},"vacunados":856312,"personasINE":972783,"porcentaje":0.8802703172238824},{"rango":{"min":60,"max":69},"vacunados":658328,"personasINE":703323,"porcentaje":0.9360251264355068},{"rango":{"min":70,"max":79},"vacunados":505193,"personasINE":526081,"porcentaje":0.9602950876385956},{"rango":{"min":80,"max":null},"vacunados":371165,"personasINE":371165,"porcentaje":1}]},"pautaCompleta":{"etarioTotal":{"vacunados":2361435,"personasINE":5977937,"porcentaje":0.39502507303104734},"etarioRangos":[{"rango":{"min":12,"max":19},"vacunados":3557,"personasINE":553542,"porcentaje":0.10255564160409442},{"rango":{"min":20,"max":29},"vacunados":76145,"personasINE":742475,"porcentaje":0.19389247245428917},{"rango":{"min":30,"max":39},"vacunados":111421,"personasINE":949640,"porcentaje":0.19389247245428917},{"rango":{"min":40,"max":49},"vacunados":226073,"personasINE":1165971,"porcentaje":0.19389247245428917},{"rango":{"min":50,"max":59},"vacunados":717545,"personasINE":972783,"porcentaje":0.7376208260218363},{"rango":{"min":60,"max":69},"vacunados":360075,"personasINE":703323.0000000001,"porcentaje":0.5119624980272222},{"rango":{"min":70,"max":79},"vacunados":499905,"personasINE":526081,"porcentaje":0.950243403582338},{"rango":{"min":80,"max":null},"vacunados":366714,"personasINE":366714,"porcentaje":1}]}}},{"ccaa":"Murcia","dosisAdministradas":1193622,"dosisEntregadas":1357795,"dosisEntregadasModerna":130000,"dosisEntregadasPfizer":914495,"dosisEntregadasAstrazeneca":259900,"dosisEntregadasJanssen":53400,"dosisPrimeraDosis":748447,"dosisPautaCompletada":491175,"porcentajeEntregadas":0.8790885221995957,"porcentajePoblacionAdministradas":0.7898237949883904,"porcentajePoblacionPrimeraDosis":0.4952499617866258,"porcentajePoblacionCompletas":0.32501219188605995,"fechaUltRegistro":1624838400000,"etarios":{"unaDosis":{"etarioTotal":{"vacunados":748447,"personasINE":1310137,"porcentaje":0.5712738438804491},"etarioRangos":[{"rango":{"min":12,"max":19},"vacunados":900,"personasINE":141894,"porcentaje":0.10151061260508104},{"rango":{"min":20,"max":29},"vacunados":17485,"personasINE":172248,"porcentaje":0.7490330779793593},{"rango":{"min":30,"max":39},"vacunados":37011,"personasINE":209003,"porcentaje":0.7490330779793593},{"rango":{"min":40,"max":49},"vacunados":190372,"personasINE":254157,"porcentaje":0.7490330779793593},{"rango":{"min":50,"max":59},"vacunados":191299,"personasINE":213256,"porcentaje":0.8970392392242188},{"rango":{"min":60,"max":69},"vacunados":136690,"personasINE":146909,"porcentaje":0.9304399322029283},{"rango":{"min":70,"max":79},"vacunados":101360,"personasINE":102899,"porcentaje":0.9850435864294114},{"rango":{"min":80,"max":null},"vacunados":73330,"personasINE":73330,"porcentaje":1}]},"pautaCompleta":{"etarioTotal":{"vacunados":491175,"personasINE":1310137,"porcentaje":0.37490354062208764},"etarioRangos":[{"rango":{"min":12,"max":19},"vacunados":778,"personasINE":141894,"porcentaje":0.09191979007013144},{"rango":{"min":20,"max":29},"vacunados":15833,"personasINE":172248,"porcentaje":0.2674213183189918},{"rango":{"min":30,"max":39},"vacunados":21647,"personasINE":209003,"porcentaje":0.2674213183189918},{"rango":{"min":40,"max":49},"vacunados":67967,"personasINE":254157,"porcentaje":0.2674213183189918},{"rango":{"min":50,"max":59},"vacunados":158480,"personasINE":213256,"porcentaje":0.7431443898413175},{"rango":{"min":60,"max":69},"vacunados":57100,"personasINE":146909,"porcentaje":0.3886759830915737},{"rango":{"min":70,"max":79},"vacunados":97383,"personasINE":102899,"porcentaje":0.9463940368711066},{"rango":{"min":80,"max":null},"vacunados":71987,"personasINE":71987,"porcentaje":1}]}}},{"ccaa":"Navarra","dosisAdministradas":584354,"dosisEntregadas":633325,"dosisEntregadasModerna":60300,"dosisEntregadasPfizer":435975,"dosisEntregadasAstrazeneca":113700,"dosisEntregadasJanssen":23350,"dosisPrimeraDosis":364733,"dosisPautaCompletada":253465,"porcentajeEntregadas":0.9226763510046185,"porcentajePoblacionAdministradas":0.88378198933147,"porcentajePoblacionPrimeraDosis":0.5516253098547029,"porcentajePoblacionCompletas":0.3833426346459527,"fechaUltRegistro":1624838400000,"etarios":{"unaDosis":{"etarioTotal":{"vacunados":364733,"personasINE":581354,"porcentaje":0.6273853796482006},"etarioRangos":[{"rango":{"min":12,"max":19},"vacunados":447,"personasINE":56388,"porcentaje":0.1289503427422314},{"rango":{"min":20,"max":29},"vacunados":8785,"personasINE":68127,"porcentaje":0.7901890705727672},{"rango":{"min":30,"max":39},"vacunados":15800,"personasINE":81341,"porcentaje":0.7901890705727672},{"rango":{"min":40,"max":49},"vacunados":85342,"personasINE":108002,"porcentaje":0.7901890705727672},{"rango":{"min":50,"max":59},"vacunados":86993,"personasINE":96694,"porcentaje":0.8996731958549652},{"rango":{"min":60,"max":69},"vacunados":69366,"personasINE":73844,"porcentaje":0.9393586479605656},{"rango":{"min":70,"max":79},"vacunados":55623,"personasINE":55792,"porcentaje":0.9969708918841411},{"rango":{"min":80,"max":null},"vacunados":42377,"personasINE":42377,"porcentaje":1}]},"pautaCompleta":{"etarioTotal":{"vacunados":253465,"personasINE":581354,"porcentaje":0.4359908076662412},"etarioRangos":[{"rango":{"min":12,"max":19},"vacunados":292,"personasINE":56388.00000000001,"porcentaje":0.1071821744682725},{"rango":{"min":20,"max":29},"vacunados":7302,"personasINE":68127,"porcentaje":0.2991796448213922},{"rango":{"min":30,"max":39},"vacunados":10220,"personasINE":81341,"porcentaje":0.2991796448213922},{"rango":{"min":40,"max":49},"vacunados":32312,"personasINE":108002,"porcentaje":0.2991796448213922},{"rango":{"min":50,"max":59},"vacunados":81411,"personasINE":96694,"porcentaje":0.8419446915010238},{"rango":{"min":60,"max":69},"vacunados":24808,"personasINE":73844,"porcentaje":0.33595146525106984},{"rango":{"min":70,"max":79},"vacunados":55277,"personasINE":55792,"porcentaje":0.9907692859191282},{"rango":{"min":80,"max":null},"vacunados":41843,"personasINE":41843,"porcentaje":1}]}}},{"ccaa":"País Vasco","dosisAdministradas":2025851,"dosisEntregadas":2197730,"dosisEntregadasModerna":208200,"dosisEntregadasPfizer":1530180,"dosisEntregadasAstrazeneca":380800,"dosisEntregadasJanssen":78550,"dosisPrimeraDosis":1244687,"dosisPautaCompletada":889652,"porcentajeEntregadas":0.9217924858831613,"porcentajePoblacionAdministradas":0.9123383700277055,"porcentajePoblacionPrimeraDosis":0.5605425615085584,"porcentajePoblacionCompletas":0.400653185042675,"fechaUltRegistro":1624838400000,"etarios":{"unaDosis":{"etarioTotal":{"vacunados":1244687,"personasINE":1983943,"porcentaje":0.6273804237319318},"etarioRangos":[{"rango":{"min":12,"max":19},"vacunados":1554,"personasINE":168606,"porcentaje":0.14107297031766353},{"rango":{"min":20,"max":29},"vacunados":28431,"personasINE":201534,"porcentaje":0.6426119685308989},{"rango":{"min":30,"max":39},"vacunados":42434,"personasINE":260542.99999999997,"porcentaje":0.6426119685308989},{"rango":{"min":40,"max":49},"vacunados":232711,"personasINE":362133,"porcentaje":0.6426119685308989},{"rango":{"min":50,"max":59},"vacunados":300056,"personasINE":339977,"porcentaje":0.8825773508207908},{"rango":{"min":60,"max":69},"vacunados":267315,"personasINE":280119,"porcentaje":0.9542908549580714},{"rango":{"min":70,"max":79},"vacunados":210244,"personasINE":213081,"porcentaje":0.9866858143147441},{"rango":{"min":80,"max":null},"vacunados":161942,"personasINE":161942,"porcentaje":1}]},"pautaCompleta":{"etarioTotal":{"vacunados":889652,"personasINE":1983943,"porcentaje":0.4484261896637151},"etarioRangos":[{"rango":{"min":12,"max":19},"vacunados":1005,"personasINE":168606,"porcentaje":0.11855071600821697},{"rango":{"min":20,"max":29},"vacunados":23892,"personasINE":201534,"porcentaje":0.19318316751027936},{"rango":{"min":30,"max":39},"vacunados":32269,"personasINE":260543,"porcentaje":0.19318316751027936},{"rango":{"min":40,"max":49},"vacunados":69958,"personasINE":362133,"porcentaje":0.19318316751027936},{"rango":{"min":50,"max":59},"vacunados":248385,"personasINE":339977,"porcentaje":0.7305935401512456},{"rango":{"min":60,"max":69},"vacunados":147203,"personasINE":280119,"porcentaje":0.5255016617937377},{"rango":{"min":70,"max":79},"vacunados":207902,"personasINE":213081,"porcentaje":0.975694688874184},{"rango":{"min":80,"max":null},"vacunados":159038,"personasINE":157950,"porcentaje":1.0068882557771446}]}}},{"ccaa":"Ceuta","dosisAdministradas":67679,"dosisEntregadas":75100,"dosisEntregadasModerna":7100,"dosisEntregadasPfizer":49950,"dosisEntregadasAstrazeneca":15100,"dosisEntregadasJanssen":2950,"dosisPrimeraDosis":42150,"dosisPautaCompletada":29406,"porcentajeEntregadas":0.901185086551265,"porcentajePoblacionAdministradas":0.8037695066625495,"porcentajePoblacionPrimeraDosis":0.5005819339208095,"porcentajePoblacionCompletas":0.34923160970048217,"fechaUltRegistro":1624838400000,"etarios":{"unaDosis":{"etarioTotal":{"vacunados":42150,"personasINE":70965,"porcentaje":0.5939547664341577},"etarioRangos":[{"rango":{"min":12,"max":19},"vacunados":109,"personasINE":9126,"porcentaje":0.2748244734202608},{"rango":{"min":20,"max":29},"vacunados":3014,"personasINE":10967,"porcentaje":0.7474292042398355},{"rango":{"min":30,"max":39},"vacunados":6673,"personasINE":11894,"porcentaje":0.7474292042398355},{"rango":{"min":40,"max":49},"vacunados":9449,"personasINE":12642,"porcentaje":0.7474292042398355},{"rango":{"min":50,"max":59},"vacunados":9575,"personasINE":11556,"porcentaje":0.8285739010038076},{"rango":{"min":60,"max":69},"vacunados":7170,"personasINE":7857,"porcentaje":0.9125620465826652},{"rango":{"min":70,"max":79},"vacunados":3794,"personasINE":4318,"porcentaje":0.8786475220009263},{"rango":{"min":80,"max":null},"vacunados":2366,"personasINE":2605,"porcentaje":0.9082533589251439}]},"pautaCompleta":{"etarioTotal":{"vacunados":29406,"personasINE":70965,"porcentaje":0.4143732826041006},"etarioRangos":[{"rango":{"min":12,"max":19},"vacunados":98,"personasINE":9126,"porcentaje":0.10659250478708854},{"rango":{"min":20,"max":29},"vacunados":1169,"personasINE":10967,"porcentaje":0.6052839740547382},{"rango":{"min":30,"max":39},"vacunados":1750,"personasINE":11894,"porcentaje":0.6052839740547382},{"rango":{"min":40,"max":49},"vacunados":7652,"personasINE":12642,"porcentaje":0.6052839740547382},{"rango":{"min":50,"max":59},"vacunados":9067,"personasINE":11556,"porcentaje":0.784614053305642},{"rango":{"min":60,"max":69},"vacunados":3622,"personasINE":7857,"porcentaje":0.46099019982181494},{"rango":{"min":70,"max":79},"vacunados":3722,"personasINE":4318,"porcentaje":0.8619731357109773},{"rango":{"min":80,"max":null},"vacunados":2326,"personasINE":2605,"porcentaje":0.8928982725527831}]}}},{"ccaa":"Melilla","dosisAdministradas":61074,"dosisEntregadas":75000,"dosisEntregadasModerna":7000,"dosisEntregadasPfizer":49950,"dosisEntregadasAstrazeneca":15100,"dosisEntregadasJanssen":2950,"dosisPrimeraDosis":37290,"dosisPautaCompletada":28736,"porcentajeEntregadas":0.81432,"porcentajePoblacionAdministradas":0.7013872938582387,"porcentajePoblacionPrimeraDosis":0.4282465891864578,"porcentajePoblacionCompletas":0.3300105654830263,"fechaUltRegistro":1624838400000,"etarios":{"unaDosis":{"etarioTotal":{"vacunados":37290,"personasINE":70927,"porcentaje":0.5257518293456652},"etarioRangos":[{"rango":{"min":12,"max":19},"vacunados":24,"personasINE":9574,"porcentaje":0.07644852021675698},{"rango":{"min":20,"max":29},"vacunados":917,"personasINE":11995,"porcentaje":0.7410431594734211},{"rango":{"min":30,"max":39},"vacunados":6624,"personasINE":12132.999999999998,"porcentaje":0.7410431594734211},{"rango":{"min":40,"max":49},"vacunados":8894,"personasINE":12002,"porcentaje":0.7410431594734211},{"rango":{"min":50,"max":59},"vacunados":8936,"personasINE":11299,"porcentaje":0.7908664483582618},{"rango":{"min":60,"max":69},"vacunados":6724,"personasINE":7827.000000000001,"porcentaje":0.8590775520633703},{"rango":{"min":70,"max":79},"vacunados":3213,"personasINE":3748,"porcentaje":0.8572572038420491},{"rango":{"min":80,"max":null},"vacunados":1958,"personasINE":2349,"porcentaje":0.833546189868029}]},"pautaCompleta":{"etarioTotal":{"vacunados":28736,"personasINE":70927,"porcentaje":0.405148955968813},"etarioRangos":[{"rango":{"min":12,"max":19},"vacunados":22,"personasINE":9574,"porcentaje":0.06986244268445185},{"rango":{"min":20,"max":29},"vacunados":838,"personasINE":11995,"porcentaje":0.6769705049158473},{"rango":{"min":30,"max":39},"vacunados":2084,"personasINE":12133,"porcentaje":0.6769705049158473},{"rango":{"min":40,"max":49},"vacunados":8125,"personasINE":12002,"porcentaje":0.6769705049158473},{"rango":{"min":50,"max":59},"vacunados":8441,"personasINE":11299,"porcentaje":0.7470572617045756},{"rango":{"min":60,"max":69},"vacunados":4275,"personasINE":7827.000000000001,"porcentaje":0.5461862782675354},{"rango":{"min":70,"max":79},"vacunados":3067,"personasINE":3748,"porcentaje":0.8183030949839915},{"rango":{"min":80,"max":null},"vacunados":1884,"personasINE":2349,"porcentaje":0.8020434227330779}]}}},{"ccaa":"Fuerzas Armadas","dosisAdministradas":131716,"dosisEntregadas":170792,"dosisEntregadasModerna":16300,"dosisEntregadasPfizer":46392,"dosisEntregadasAstrazeneca":106100,"dosisEntregadasJanssen":2000,"dosisPrimeraDosis":81805,"dosisPautaCompletada":50607,"porcentajeEntregadas":0.7712070822989368,"porcentajePoblacionAdministradas":null,"porcentajePoblacionPrimeraDosis":null,"porcentajePoblacionCompletas":null,"fechaUltRegistro":1624838400000},{"ccaa":"Sanidad Exterior","dosisAdministradas":663,"dosisEntregadas":3860,"dosisEntregadasModerna":2360,"dosisEntregadasPfizer":0,"dosisEntregadasAstrazeneca":0,"dosisEntregadasJanssen":1500,"dosisPrimeraDosis":663,"dosisPautaCompletada":8,"porcentajeEntregadas":0.1717616580310881,"porcentajePoblacionAdministradas":null,"porcentajePoblacionPrimeraDosis":null,"porcentajePoblacionCompletas":null,"fechaUltRegistro":1624838400000,"etarios":{"unaDosis":{"etarioTotal":{"vacunados":663,"personasINE":"-","porcentaje":"-"},"etarioRangos":[{"rango":{"min":12,"max":19},"vacunados":11,"personasINE":null,"porcentaje":"-"},{"rango":{"min":20,"max":29},"vacunados":171,"personasINE":null,"porcentaje":"-"},{"rango":{"min":30,"max":39},"vacunados":199,"personasINE":null,"porcentaje":"-"},{"rango":{"min":40,"max":49},"vacunados":212,"personasINE":null,"porcentaje":"-"},{"rango":{"min":50,"max":59},"vacunados":57,"personasINE":null,"porcentaje":"-"},{"rango":{"min":60,"max":69},"vacunados":12,"personasINE":null,"porcentaje":"-"},{"rango":{"min":70,"max":79},"vacunados":0,"personasINE":null,"porcentaje":"-"},{"rango":{"min":80,"max":null},"vacunados":1,"personasINE":null,"porcentaje":"-"}]},"pautaCompleta":{"etarioTotal":{"vacunados":8,"personasINE":"-","porcentaje":"-"},"etarioRangos":[{"rango":{"min":12,"max":19},"vacunados":0,"personasINE":null,"porcentaje":"-"},{"rango":{"min":20,"max":29},"vacunados":1,"personasINE":null,"porcentaje":"-"},{"rango":{"min":30,"max":39},"vacunados":3,"personasINE":null,"porcentaje":"-"},{"rango":{"min":40,"max":49},"vacunados":2,"personasINE":null,"porcentaje":"-"},{"rango":{"min":50,"max":59},"vacunados":1,"personasINE":null,"porcentaje":"-"},{"rango":{"min":60,"max":69},"vacunados":1,"personasINE":null,"porcentaje":"-"},{"rango":{"min":70,"max":79},"vacunados":0,"personasINE":null,"porcentaje":"-"},{"rango":{"min":80,"max":null},"vacunados":0,"personasINE":null,"porcentaje":"-"}]}}},{"ccaa":"Totales","dosisAdministradas":40565038,"dosisEntregadas":45248682,"dosisEntregadasModerna":4336460,"dosisEntregadasPfizer":30965397,"dosisEntregadasAstrazeneca":8266300,"dosisEntregadasJanssen":1680525,"dosisPrimeraDosis":25007416,"dosisPautaCompletada":17088342,"porcentajeEntregadas":0.8964910403357162,"porcentajePoblacionAdministradas":0.8641891350660418,"porcentajePoblacionPrimeraDosis":0.5327527907967619,"porcentajePoblacionCompletas":0.36404648487430763,"fechaUltRegistro":null,"etarios":{"unaDosis":{"etarioTotal":{"vacunados":25007416,"personasINE":42119827,"porcentaje":0.5937207671816885},"etarioRangos":[{"rango":{"min":12,"max":19},"vacunados":33919,"personasINE":3888686.0000000005,"porcentaje":0.12100961849598757},{"rango":{"min":20,"max":29},"vacunados":598349,"personasINE":4944640,"porcentaje":0.6391642296239726},{"rango":{"min":30,"max":39},"vacunados":1368645,"personasINE":6230403,"porcentaje":0.6391642296239726},{"rango":{"min":40,"max":49},"vacunados":5044116,"personasINE":7891736.999999999,"porcentaje":0.6391642296239726},{"rango":{"min":50,"max":59},"vacunados":6142191,"personasINE":7033306,"porcentaje":0.8733006924481886},{"rango":{"min":60,"max":69},"vacunados":5006898,"personasINE":5336986,"porcentaje":0.93815085893049},{"rango":{"min":70,"max":79},"vacunados":3896990,"personasINE":3960045,"porcentaje":0.9840772011429163},{"rango":{"min":80,"max":null},"vacunados":2916308,"personasINE":2916308,"porcentaje":1}]},"pautaCompleta":{"etarioTotal":{"vacunados":17088342,"personasINE":42119827,"porcentaje":0.40570779172478555},"etarioRangos":[{"rango":{"min":12,"max":19},"vacunados":23151,"personasINE":3888686.0000000005,"porcentaje":0.09837703048149107},{"rango":{"min":20,"max":29},"vacunados":486439,"personasINE":4944640,"porcentaje":0.21745073359641864},{"rango":{"min":30,"max":39},"vacunados":729312,"personasINE":6230403,"porcentaje":0.21745073359641864},{"rango":{"min":40,"max":49},"vacunados":1716064,"personasINE":7891737,"porcentaje":0.21745073359641864},{"rango":{"min":50,"max":59},"vacunados":5044107,"personasINE":7033306,"porcentaje":0.7171743984976624},{"rango":{"min":60,"max":69},"vacunados":2392908,"personasINE":5336986,"porcentaje":0.4483631772689679},{"rango":{"min":70,"max":79},"vacunados":3827225,"personasINE":3960045,"porcentaje":0.9664599770962199},{"rango":{"min":80,"max":null},"vacunados":2869136,"personasINE":2869136,"porcentaje":1}]}}}]