[{"ccaa":"Andalucía","dosisAdministradas":12651702,"dosisEntregadas":13316870,"dosisEntregadasModerna":2019500,"dosisEntregadasPfizer":9434970,"dosisEntregadasAstrazeneca":1528900,"dosisEntregadasJanssen":333500,"dosisPrimeraDosis":6777366,"dosisPautaCompletada":6573906,"porcentajeEntregadas":0.9500507251328578,"porcentajePoblacionAdministradas":1.494693724111459,"porcentajePoblacionPrimeraDosis":0.8006896167967269,"porcentajePoblacionCompletas":0.7766525042321315,"fechaUltRegistro":1632787200000,"etarios":{"unaDosis":{"etarioTotal":{"vacunados":6777366,"personasINE":7451975,"porcentaje":0.9094724552886987},"etarioRangos":[{"rango":{"min":12,"max":19},"vacunados":646776,"personasINE":752907,"porcentaje":0.8060251628131353},{"rango":{"min":20,"max":29},"vacunados":748533,"personasINE":928672,"porcentaje":0.8963782042488921},{"rango":{"min":30,"max":39},"vacunados":915900,"personasINE":1140217,"porcentaje":0.8963782042488921},{"rango":{"min":40,"max":49},"vacunados":1241586,"personasINE":1385114,"porcentaje":0.8963782042488921},{"rango":{"min":50,"max":59},"vacunados":1210300,"personasINE":1265021,"porcentaje":0.9567430105903381},{"rango":{"min":60,"max":69},"vacunados":926755,"personasINE":926755,"porcentaje":1},{"rango":{"min":70,"max":79},"vacunados":653649,"personasINE":653649,"porcentaje":1},{"rango":{"min":80,"max":null},"vacunados":433867,"personasINE":433867,"porcentaje":1}]},"pautaCompleta":{"etarioTotal":{"vacunados":6573906,"personasINE":7451975,"porcentaje":0.8821696261729273},"etarioRangos":[{"rango":{"min":12,"max":19},"vacunados":592596,"personasINE":752907,"porcentaje":0.7529418352227697},{"rango":{"min":20,"max":29},"vacunados":699236,"personasINE":928672,"porcentaje":0.8797680190944572},{"rango":{"min":30,"max":39},"vacunados":878876,"personasINE":1140217,"porcentaje":0.8797680190944572},{"rango":{"min":40,"max":49},"vacunados":1218579,"personasINE":1385114,"porcentaje":0.8797680190944572},{"rango":{"min":50,"max":59},"vacunados":1194850,"personasINE":1265021,"porcentaje":0.9445297746045322},{"rango":{"min":60,"max":69},"vacunados":914524,"personasINE":916147,"porcentaje":0.9982284502377894},{"rango":{"min":70,"max":79},"vacunados":647988,"personasINE":650381,"porcentaje":0.996320618222242},{"rango":{"min":80,"max":null},"vacunados":427257,"personasINE":427257,"porcentaje":1}]}}},{"ccaa":"Aragón","dosisAdministradas":1964518,"dosisEntregadas":2136845,"dosisEntregadasModerna":275200,"dosisEntregadasPfizer":1531845,"dosisEntregadasAstrazeneca":265100,"dosisEntregadasJanssen":64700,"dosisPrimeraDosis":1058128,"dosisPautaCompletada":1031213,"porcentajeEntregadas":0.9193544688547836,"porcentajePoblacionAdministradas":1.4777578605541937,"porcentajePoblacionPrimeraDosis":0.7959494234578088,"porcentajePoblacionCompletas":0.7757033107641017,"fechaUltRegistro":1632787200000,"etarios":{"unaDosis":{"etarioTotal":{"vacunados":1058128,"personasINE":1185134,"porcentaje":0.8928340592709347},"etarioRangos":[{"rango":{"min":12,"max":19},"vacunados":86205,"personasINE":103109,"porcentaje":0.7790737801090483},{"rango":{"min":20,"max":29},"vacunados":101592,"personasINE":130401,"porcentaje":0.8682627487287328},{"rango":{"min":30,"max":39},"vacunados":123738,"personasINE":164286,"porcentaje":0.8682627487287328},{"rango":{"min":40,"max":49},"vacunados":186627,"personasINE":214943,"porcentaje":0.8682627487287328},{"rango":{"min":50,"max":59},"vacunados":185386,"personasINE":198266,"porcentaje":0.9350367687853691},{"rango":{"min":60,"max":69},"vacunados":154219,"personasINE":156367,"porcentaje":0.9862630862010526},{"rango":{"min":70,"max":79},"vacunados":119173,"personasINE":119173,"porcentaje":1},{"rango":{"min":80,"max":null},"vacunados":101188,"personasINE":101188,"porcentaje":1}]},"pautaCompleta":{"etarioTotal":{"vacunados":1031213,"personasINE":1185134,"porcentaje":0.8701235472106952},"etarioRangos":[{"rango":{"min":12,"max":19},"vacunados":79528,"personasINE":103109,"porcentaje":0.7384912692387329},{"rango":{"min":20,"max":29},"vacunados":96300,"personasINE":130401,"porcentaje":0.8532773805148341},{"rango":{"min":30,"max":39},"vacunados":118882,"personasINE":164286,"porcentaje":0.8532773805148341},{"rango":{"min":40,"max":49},"vacunados":183406,"personasINE":214943,"porcentaje":0.8532773805148341},{"rango":{"min":50,"max":59},"vacunados":183023,"personasINE":198266,"porcentaje":0.9231184368474675},{"rango":{"min":60,"max":69},"vacunados":151942,"personasINE":156367,"porcentaje":0.9717011901488166},{"rango":{"min":70,"max":79},"vacunados":118324,"personasINE":118955,"porcentaje":0.9946954730780547},{"rango":{"min":80,"max":null},"vacunados":99808,"personasINE":99808,"porcentaje":1}]}}},{"ccaa":"Asturias","dosisAdministradas":1655251,"dosisEntregadas":1641265,"dosisEntregadasModerna":162000,"dosisEntregadasPfizer":1215365,"dosisEntregadasAstrazeneca":220900,"dosisEntregadasJanssen":43000,"dosisPrimeraDosis":870862,"dosisPautaCompletada":857152,"porcentajeEntregadas":1.0085214758128638,"porcentajePoblacionAdministradas":1.6247320334830544,"porcentajePoblacionPrimeraDosis":0.8548053365580928,"porcentajePoblacionCompletas":0.8413481169708201,"fechaUltRegistro":1632787200000,"etarios":{"unaDosis":{"etarioTotal":{"vacunados":870862,"personasINE":933927,"porcentaje":0.9324733089417053},"etarioRangos":[{"rango":{"min":12,"max":19},"vacunados":60008,"personasINE":64000,"porcentaje":0.8338789801671069},{"rango":{"min":20,"max":29},"vacunados":65969,"personasINE":79111,"porcentaje":0.8998640661584617},{"rango":{"min":30,"max":39},"vacunados":90425,"personasINE":114451,"porcentaje":0.8998640661584617},{"rango":{"min":40,"max":49},"vacunados":150271,"personasINE":166993,"porcentaje":0.8998640661584617},{"rango":{"min":50,"max":59},"vacunados":152968,"personasINE":162645,"porcentaje":0.9405023210058717},{"rango":{"min":60,"max":69},"vacunados":148036,"personasINE":149652,"porcentaje":0.9892016144121027},{"rango":{"min":70,"max":79},"vacunados":114292,"personasINE":114292,"porcentaje":1},{"rango":{"min":80,"max":null},"vacunados":88893,"personasINE":88893,"porcentaje":1}]},"pautaCompleta":{"etarioTotal":{"vacunados":857152,"personasINE":933927,"porcentaje":0.9177933607230544},"etarioRangos":[{"rango":{"min":12,"max":19},"vacunados":56762,"personasINE":64000,"porcentaje":0.7960839832640214},{"rango":{"min":20,"max":29},"vacunados":62979,"personasINE":79111,"porcentaje":0.8912828681441737},{"rango":{"min":30,"max":39},"vacunados":87914,"personasINE":114451,"porcentaje":0.8912828681441737},{"rango":{"min":40,"max":49},"vacunados":148838,"personasINE":166993,"porcentaje":0.8912828681441737},{"rango":{"min":50,"max":59},"vacunados":151873,"personasINE":162645,"porcentaje":0.9337698668880077},{"rango":{"min":60,"max":69},"vacunados":146876,"personasINE":149652,"porcentaje":0.9814502980247507},{"rango":{"min":70,"max":79},"vacunados":113818,"personasINE":113818,"porcentaje":1},{"rango":{"min":80,"max":null},"vacunados":88092,"personasINE":88092,"porcentaje":1}]}}},{"ccaa":"Baleares","dosisAdministradas":1577773,"dosisEntregadas":1891250,"dosisEntregadasModerna":305100,"dosisEntregadasPfizer":1272150,"dosisEntregadasAstrazeneca":256400,"dosisEntregadasJanssen":57600,"dosisPrimeraDosis":845967,"dosisPautaCompletada":824220,"porcentajeEntregadas":0.8342487772637145,"porcentajePoblacionAdministradas":1.3467478359735836,"porcentajePoblacionPrimeraDosis":0.7220964147282686,"porcentajePoblacionCompletas":0.7035337157919086,"fechaUltRegistro":1632787200000,"etarios":{"unaDosis":{"etarioTotal":{"vacunados":845967,"personasINE":1034867,"porcentaje":0.8174644664483456},"etarioRangos":[{"rango":{"min":12,"max":19},"vacunados":72707,"personasINE":95480,"porcentaje":0.6834901625320787},{"rango":{"min":20,"max":29},"vacunados":94282,"personasINE":137942,"porcentaje":0.8049589662999825},{"rango":{"min":30,"max":39},"vacunados":123172,"personasINE":182187,"porcentaje":0.8049589662999825},{"rango":{"min":40,"max":49},"vacunados":165960,"personasINE":206172,"porcentaje":0.8049589662999825},{"rango":{"min":50,"max":59},"vacunados":149365,"personasINE":165797,"porcentaje":0.9008908484471975},{"rango":{"min":60,"max":69},"vacunados":109950,"personasINE":117231,"porcentaje":0.9378918545435935},{"rango":{"min":70,"max":79},"vacunados":79105,"personasINE":80516,"porcentaje":0.9824755328133539},{"rango":{"min":80,"max":null},"vacunados":51426,"personasINE":51426,"porcentaje":1}]},"pautaCompleta":{"etarioTotal":{"vacunados":824220,"personasINE":1034867,"porcentaje":0.796450171857833},"etarioRangos":[{"rango":{"min":12,"max":19},"vacunados":69220,"personasINE":95480,"porcentaje":0.645321946905221},{"rango":{"min":20,"max":29},"vacunados":89017,"personasINE":137942,"porcentaje":0.7871728459732651},{"rango":{"min":30,"max":39},"vacunados":118053,"personasINE":182187,"porcentaje":0.7871728459732651},{"rango":{"min":40,"max":49},"vacunados":162293,"personasINE":206172,"porcentaje":0.7871728459732651},{"rango":{"min":50,"max":59},"vacunados":147457,"personasINE":165797,"porcentaje":0.8893827994475172},{"rango":{"min":60,"max":69},"vacunados":108783,"personasINE":117231,"porcentaje":0.9279371497300202},{"rango":{"min":70,"max":79},"vacunados":78608,"personasINE":80516,"porcentaje":0.9763028466391773},{"rango":{"min":80,"max":null},"vacunados":50789,"personasINE":50789,"porcentaje":1}]}}},{"ccaa":"Canarias","dosisAdministradas":3104349,"dosisEntregadas":3522840,"dosisEntregadasModerna":574700,"dosisEntregadasPfizer":2358690,"dosisEntregadasAstrazeneca":455800,"dosisEntregadasJanssen":133650,"dosisPrimeraDosis":1660831,"dosisPautaCompletada":1611191,"porcentajeEntregadas":0.8812063562353102,"porcentajePoblacionAdministradas":1.4266624447598109,"porcentajePoblacionPrimeraDosis":0.7632663771994971,"porcentajePoblacionCompletas":0.7404533739714847,"fechaUltRegistro":1632787200000,"etarios":{"unaDosis":{"etarioTotal":{"vacunados":1660831,"personasINE":1960774,"porcentaje":0.8470282653686758},"etarioRangos":[{"rango":{"min":12,"max":19},"vacunados":145786,"personasINE":179797,"porcentaje":0.7313305368860924},{"rango":{"min":20,"max":29},"vacunados":184111,"personasINE":251748.00000000003,"porcentaje":0.815409719429579},{"rango":{"min":30,"max":39},"vacunados":226785,"personasINE":310934,"porcentaje":0.815409719429579},{"rango":{"min":40,"max":49},"vacunados":316317,"personasINE":387924,"porcentaje":0.815409719429579},{"rango":{"min":50,"max":59},"vacunados":319773,"personasINE":350512,"porcentaje":0.91230257451956},{"rango":{"min":60,"max":69},"vacunados":223956,"personasINE":235092,"porcentaje":0.9526313102955438},{"rango":{"min":70,"max":79},"vacunados":151183,"personasINE":154531,"porcentaje":0.9783344442215478},{"rango":{"min":80,"max":null},"vacunados":92920,"personasINE":92920,"porcentaje":1}]},"pautaCompleta":{"etarioTotal":{"vacunados":1611191,"personasINE":1960774,"porcentaje":0.8217117322037114},"etarioRangos":[{"rango":{"min":12,"max":19},"vacunados":133495,"personasINE":179797,"porcentaje":0.6834850723739613},{"rango":{"min":20,"max":29},"vacunados":172066,"personasINE":251748,"porcentaje":0.8013399531867067},{"rango":{"min":30,"max":39},"vacunados":217260,"personasINE":310934,"porcentaje":0.8013399531867067},{"rango":{"min":40,"max":49},"vacunados":310859,"personasINE":387924,"porcentaje":0.8013399531867067},{"rango":{"min":50,"max":59},"vacunados":316646,"personasINE":350512,"porcentaje":0.9033813392979413},{"rango":{"min":60,"max":69},"vacunados":219281,"personasINE":235092,"porcentaje":0.9327454783659164},{"rango":{"min":70,"max":79},"vacunados":149910,"personasINE":154531,"porcentaje":0.9700966149186895},{"rango":{"min":80,"max":null},"vacunados":91674,"personasINE":91674,"porcentaje":1}]}}},{"ccaa":"Cantabria","dosisAdministradas":901126,"dosisEntregadas":992355,"dosisEntregadasModerna":114900,"dosisEntregadasPfizer":727305,"dosisEntregadasAstrazeneca":125200,"dosisEntregadasJanssen":24950,"dosisPrimeraDosis":478285,"dosisPautaCompletada":465769,"porcentajeEntregadas":0.9080681812456228,"porcentajePoblacionAdministradas":1.5459225774354313,"porcentajePoblacionPrimeraDosis":0.8205196387061356,"porcentajePoblacionCompletas":0.7990478722947993,"fechaUltRegistro":1632787200000,"etarios":{"unaDosis":{"etarioTotal":{"vacunados":478285,"personasINE":524127,"porcentaje":0.9125364653986534},"etarioRangos":[{"rango":{"min":12,"max":19},"vacunados":37992,"personasINE":43963,"porcentaje":0.7962973962973963},{"rango":{"min":20,"max":29},"vacunados":40217,"personasINE":50505,"porcentaje":0.8946700897012345},{"rango":{"min":30,"max":39},"vacunados":53959,"personasINE":70473,"porcentaje":0.8946700897012345},{"rango":{"min":40,"max":49},"vacunados":87471,"personasINE":97769,"porcentaje":0.8946700897012345},{"rango":{"min":50,"max":59},"vacunados":83977,"personasINE":89964,"porcentaje":0.9334511582410742},{"rango":{"min":60,"max":69},"vacunados":76524,"personasINE":77345,"porcentaje":0.9893852220570173},{"rango":{"min":70,"max":79},"vacunados":55874,"personasINE":55874,"porcentaje":1},{"rango":{"min":80,"max":null},"vacunados":42271,"personasINE":42271,"porcentaje":1}]},"pautaCompleta":{"etarioTotal":{"vacunados":465769,"personasINE":524127,"porcentaje":0.8886567568547318},"etarioRangos":[{"rango":{"min":12,"max":19},"vacunados":33070,"personasINE":43963,"porcentaje":0.7471735471735472},{"rango":{"min":20,"max":29},"vacunados":37736,"personasINE":50505,"porcentaje":0.8808211191686527},{"rango":{"min":30,"max":39},"vacunados":52113,"personasINE":70473,"porcentaje":0.8808211191686527},{"rango":{"min":40,"max":49},"vacunados":86117,"personasINE":97769,"porcentaje":0.8808211191686527},{"rango":{"min":50,"max":59},"vacunados":83304,"personasINE":89964,"porcentaje":0.9259703881552621},{"rango":{"min":60,"max":69},"vacunados":75987,"personasINE":77345,"porcentaje":0.9824423039627642},{"rango":{"min":70,"max":79},"vacunados":55648,"personasINE":55648,"porcentaje":1},{"rango":{"min":80,"max":null},"vacunados":41794,"personasINE":41794,"porcentaje":1}]}}},{"ccaa":"Castilla y Leon","dosisAdministradas":3707632,"dosisEntregadas":3886585,"dosisEntregadasModerna":412400,"dosisEntregadasPfizer":2890785,"dosisEntregadasAstrazeneca":481200,"dosisEntregadasJanssen":102200,"dosisPrimeraDosis":1988372,"dosisPautaCompletada":1940774,"porcentajeEntregadas":0.9539562366447666,"porcentajePoblacionAdministradas":1.5481248209750813,"porcentajePoblacionPrimeraDosis":0.8302463800430745,"porcentajePoblacionCompletas":0.8103717956105386,"fechaUltRegistro":1632787200000,"etarios":{"unaDosis":{"etarioTotal":{"vacunados":1988372,"personasINE":2176253,"porcentaje":0.9136676663972433},"etarioRangos":[{"rango":{"min":12,"max":19},"vacunados":139465,"personasINE":165342,"porcentaje":0.801252097096765},{"rango":{"min":20,"max":29},"vacunados":169069,"personasINE":211006,"porcentaje":0.8780583806994123},{"rango":{"min":30,"max":39},"vacunados":209584,"personasINE":267783,"porcentaje":0.8780583806994123},{"rango":{"min":40,"max":49},"vacunados":319003,"personasINE":363305,"porcentaje":0.8780583806994123},{"rango":{"min":50,"max":59},"vacunados":351812,"personasINE":381175,"porcentaje":0.9229671410769331},{"rango":{"min":60,"max":69},"vacunados":319874,"personasINE":319874,"porcentaje":1},{"rango":{"min":70,"max":79},"vacunados":250333,"personasINE":250333,"porcentaje":1},{"rango":{"min":80,"max":null},"vacunados":229232,"personasINE":229232,"porcentaje":1}]},"pautaCompleta":{"etarioTotal":{"vacunados":1940774,"personasINE":2176253,"porcentaje":0.8917961284832232},"etarioRangos":[{"rango":{"min":12,"max":19},"vacunados":125494,"personasINE":165342,"porcentaje":0.7585139759058984},{"rango":{"min":20,"max":29},"vacunados":160051,"personasINE":211006,"porcentaje":0.862696632306189},{"rango":{"min":30,"max":39},"vacunados":202308,"personasINE":267783,"porcentaje":0.862696632306189},{"rango":{"min":40,"max":49},"vacunados":313422,"personasINE":363305,"porcentaje":0.862696632306189},{"rango":{"min":50,"max":59},"vacunados":347373,"personasINE":381175,"porcentaje":0.91132157145668},{"rango":{"min":60,"max":69},"vacunados":316674,"personasINE":318575,"porcentaje":0.994032802322844},{"rango":{"min":70,"max":79},"vacunados":248801,"personasINE":248801,"porcentaje":1},{"rango":{"min":80,"max":null},"vacunados":226651,"personasINE":226651,"porcentaje":1}]}}},{"ccaa":"Castilla La Mancha","dosisAdministradas":2974965,"dosisEntregadas":3267320,"dosisEntregadasModerna":446800,"dosisEntregadasPfizer":2309445,"dosisEntregadasAstrazeneca":411700,"dosisEntregadasJanssen":99375,"dosisPrimeraDosis":1605574,"dosisPautaCompletada":1534646,"porcentajeEntregadas":0.9105214671351444,"porcentajePoblacionAdministradas":1.454593415577094,"porcentajePoblacionPrimeraDosis":0.7850369226601918,"porcentajePoblacionCompletas":0.7503570518785011,"fechaUltRegistro":1632787200000},{"ccaa":"Cataluña","dosisAdministradas":10897790,"dosisEntregadas":11863410,"dosisEntregadasModerna":1604900,"dosisEntregadasPfizer":8368460,"dosisEntregadasAstrazeneca":1514300,"dosisEntregadasJanssen":375750,"dosisPrimeraDosis":5886325,"dosisPautaCompletada":5692018,"porcentajeEntregadas":0.9186051902446262,"porcentajePoblacionAdministradas":1.4006579800549555,"porcentajePoblacionPrimeraDosis":0.7565504643094596,"porcentajePoblacionCompletas":0.7315768090884893,"fechaUltRegistro":1632787200000,"etarios":{"unaDosis":{"etarioTotal":{"vacunados":5886325,"personasINE":6868360,"porcentaje":0.8570204532086262},"etarioRangos":[{"rango":{"min":12,"max":19},"vacunados":506781,"personasINE":656166,"porcentaje":0.7260264502017438},{"rango":{"min":20,"max":29},"vacunados":609089,"personasINE":838935,"porcentaje":0.8490630375430509},{"rango":{"min":30,"max":39},"vacunados":758612,"personasINE":1044651.9999999999,"porcentaje":0.8490630375430509},{"rango":{"min":40,"max":49},"vacunados":1118008,"personasINE":1316755,"porcentaje":0.8490630375430509},{"rango":{"min":50,"max":59},"vacunados":1020494,"personasINE":1091780,"porcentaje":0.9347066258770081},{"rango":{"min":60,"max":69},"vacunados":797237,"personasINE":837584,"porcentaje":0.951829309060345},{"rango":{"min":70,"max":79},"vacunados":617665,"personasINE":635292,"porcentaje":0.9722537038086423},{"rango":{"min":80,"max":null},"vacunados":458439,"personasINE":458439,"porcentaje":1}]},"pautaCompleta":{"etarioTotal":{"vacunados":5692018,"personasINE":6868360,"porcentaje":0.8287302936945646},"etarioRangos":[{"rango":{"min":12,"max":19},"vacunados":457812,"personasINE":656166,"porcentaje":0.6752573202929906},{"rango":{"min":20,"max":29},"vacunados":566497,"personasINE":838934.9999999999,"porcentaje":0.8309351397944189},{"rango":{"min":30,"max":39},"vacunados":717340,"personasINE":1044652,"porcentaje":0.8309351397944189},{"rango":{"min":40,"max":49},"vacunados":1094138,"personasINE":1316755,"porcentaje":0.8309351397944189},{"rango":{"min":50,"max":59},"vacunados":1007155,"personasINE":1091780,"porcentaje":0.9224889629778893},{"rango":{"min":60,"max":69},"vacunados":783537,"personasINE":837584,"porcentaje":0.9354727406445205},{"rango":{"min":70,"max":79},"vacunados":613208,"personasINE":635292,"porcentaje":0.9652380322749224},{"rango":{"min":80,"max":null},"vacunados":452331,"personasINE":452331,"porcentaje":1}]}}},{"ccaa":"C. Valenciana","dosisAdministradas":7559988,"dosisEntregadas":8088540,"dosisEntregadasModerna":1213650,"dosisEntregadasPfizer":5797540,"dosisEntregadasAstrazeneca":863900,"dosisEntregadasJanssen":213450,"dosisPrimeraDosis":4051360,"dosisPautaCompletada":3961156,"porcentajeEntregadas":0.934654214481229,"porcentajePoblacionAdministradas":1.494850764817089,"porcentajePoblacionPrimeraDosis":0.8010830962363118,"porcentajePoblacionCompletas":0.7832468882437117,"fechaUltRegistro":1632787200000,"etarios":{"unaDosis":{"etarioTotal":{"vacunados":4051360,"personasINE":4488459,"porcentaje":0.9026171342993219},"etarioRangos":[{"rango":{"min":12,"max":19},"vacunados":361990,"personasINE":424531,"porcentaje":0.8121253337363357},{"rango":{"min":20,"max":29},"vacunados":419159,"personasINE":516126,"porcentaje":0.8814191839246208},{"rango":{"min":30,"max":39},"vacunados":505233,"personasINE":648759,"porcentaje":0.8814191839246208},{"rango":{"min":40,"max":49},"vacunados":750606,"personasINE":851588,"porcentaje":0.8814191839246208},{"rango":{"min":50,"max":59},"vacunados":713806,"personasINE":752334,"porcentaje":0.9487887028899399},{"rango":{"min":60,"max":69},"vacunados":569289,"personasINE":580728,"porcentaje":0.9803023102037443},{"rango":{"min":70,"max":79},"vacunados":434154,"personasINE":437862,"porcentaje":0.9915315784425229},{"rango":{"min":80,"max":null},"vacunados":297123,"personasINE":297123,"porcentaje":1}]},"pautaCompleta":{"etarioTotal":{"vacunados":3961156,"personasINE":4488459,"porcentaje":0.8825202591802666},"etarioRangos":[{"rango":{"min":12,"max":19},"vacunados":340824,"personasINE":424531,"porcentaje":0.7730224790070641},{"rango":{"min":20,"max":29},"vacunados":398977,"personasINE":516126.00000000006,"porcentaje":0.8691245062166212},{"rango":{"min":30,"max":39},"vacunados":488046,"personasINE":648759,"porcentaje":0.8691245062166212},{"rango":{"min":40,"max":49},"vacunados":740136,"personasINE":851588,"porcentaje":0.8691245062166212},{"rango":{"min":50,"max":59},"vacunados":707282,"personasINE":752334,"porcentaje":0.9401170224926695},{"rango":{"min":60,"max":69},"vacunados":561840,"personasINE":580728,"porcentaje":0.9674753068562219},{"rango":{"min":70,"max":79},"vacunados":431194,"personasINE":437862,"porcentaje":0.984771457673879},{"rango":{"min":80,"max":null},"vacunados":292857,"personasINE":292857,"porcentaje":1}]}}},{"ccaa":"Extremadura","dosisAdministradas":1677897,"dosisEntregadas":1682775,"dosisEntregadasModerna":218200,"dosisEntregadasPfizer":1226825,"dosisEntregadasAstrazeneca":186000,"dosisEntregadasJanssen":51750,"dosisPrimeraDosis":892371,"dosisPautaCompletada":873156,"porcentajeEntregadas":0.9971012167402059,"porcentajePoblacionAdministradas":1.5769901323982343,"porcentajePoblacionPrimeraDosis":0.8387047962052168,"porcentajePoblacionCompletas":0.8206453650279562,"fechaUltRegistro":1632787200000,"etarios":{"unaDosis":{"etarioTotal":{"vacunados":892371,"personasINE":953437,"porcentaje":0.9359517199353496},"etarioRangos":[{"rango":{"min":12,"max":19},"vacunados":74398,"personasINE":84750,"porcentaje":0.808321567243205},{"rango":{"min":20,"max":29},"vacunados":91599,"personasINE":113320.00000000001,"porcentaje":0.9149372390183956},{"rango":{"min":30,"max":39},"vacunados":112341,"personasINE":133479,"porcentaje":0.9149372390183956},{"rango":{"min":40,"max":49},"vacunados":145927,"personasINE":159494,"porcentaje":0.9149372390183956},{"rango":{"min":50,"max":59},"vacunados":161264,"personasINE":169216,"porcentaje":0.9530068078668684},{"rango":{"min":60,"max":69},"vacunados":132726,"personasINE":132726,"porcentaje":1},{"rango":{"min":70,"max":79},"vacunados":95882,"personasINE":95882,"porcentaje":1},{"rango":{"min":80,"max":null},"vacunados":78234,"personasINE":78234,"porcentaje":1}]},"pautaCompleta":{"etarioTotal":{"vacunados":873156,"personasINE":953437,"porcentaje":0.9157983170361544},"etarioRangos":[{"rango":{"min":12,"max":19},"vacunados":69490,"personasINE":84750,"porcentaje":0.7693787504412284},{"rango":{"min":20,"max":29},"vacunados":87186,"personasINE":113320,"porcentaje":0.9013693305077307},{"rango":{"min":30,"max":39},"vacunados":108907,"personasINE":133479,"porcentaje":0.9013693305077307},{"rango":{"min":40,"max":49},"vacunados":143763,"personasINE":159494,"porcentaje":0.9013693305077307},{"rango":{"min":50,"max":59},"vacunados":159910,"personasINE":169216,"porcentaje":0.9450052004538578},{"rango":{"min":60,"max":69},"vacunados":131238,"personasINE":125297,"porcentaje":1.047415341149429},{"rango":{"min":70,"max":79},"vacunados":95346,"personasINE":95346,"porcentaje":1},{"rango":{"min":80,"max":null},"vacunados":77316,"personasINE":77316,"porcentaje":1}]}}},{"ccaa":"Galicia","dosisAdministradas":4343685,"dosisEntregadas":4343319,"dosisEntregadasModerna":507400,"dosisEntregadasPfizer":3139819,"dosisEntregadasAstrazeneca":573400,"dosisEntregadasJanssen":122700,"dosisPrimeraDosis":2299216,"dosisPautaCompletada":2252703,"porcentajeEntregadas":1.0000842673540673,"porcentajePoblacionAdministradas":1.6076891161102946,"porcentajePoblacionPrimeraDosis":0.8509881676011606,"porcentajePoblacionCompletas":0.8337727286690929,"fechaUltRegistro":1632787200000,"etarios":{"unaDosis":{"etarioTotal":{"vacunados":2299216,"personasINE":2454497,"porcentaje":0.9367361214945465},"etarioRangos":[{"rango":{"min":12,"max":19},"vacunados":166001,"personasINE":180007,"porcentaje":0.8505807837008239},{"rango":{"min":20,"max":29},"vacunados":196468,"personasINE":230981,"porcentaje":0.9173053623361709},{"rango":{"min":30,"max":39},"vacunados":261570,"personasINE":323408,"porcentaje":0.9173053623361709},{"rango":{"min":40,"max":49},"vacunados":406569,"personasINE":443221,"porcentaje":0.9173053623361709},{"rango":{"min":50,"max":59},"vacunados":390055,"personasINE":405889,"porcentaje":0.9609893345224926},{"rango":{"min":60,"max":69},"vacunados":345312,"personasINE":346927,"porcentaje":0.9953448419984607},{"rango":{"min":70,"max":79},"vacunados":291118,"personasINE":291118,"porcentaje":1},{"rango":{"min":80,"max":null},"vacunados":242123,"personasINE":242123,"porcentaje":1}]},"pautaCompleta":{"etarioTotal":{"vacunados":2252703,"personasINE":2454497,"porcentaje":0.9177860066645019},"etarioRangos":[{"rango":{"min":12,"max":19},"vacunados":157033,"personasINE":180007,"porcentaje":0.8007974681900243},{"rango":{"min":20,"max":29},"vacunados":184969,"personasINE":230981,"porcentaje":0.9030370853366605},{"rango":{"min":30,"max":39},"vacunados":251495,"personasINE":323408,"porcentaje":0.9030370853366605},{"rango":{"min":40,"max":49},"vacunados":400245,"personasINE":443221,"porcentaje":0.9030370853366605},{"rango":{"min":50,"max":59},"vacunados":386561,"personasINE":405889,"porcentaje":0.9523810697013223},{"rango":{"min":60,"max":69},"vacunados":342454,"personasINE":346927,"porcentaje":0.9871067976836626},{"rango":{"min":70,"max":79},"vacunados":289571,"personasINE":289762,"porcentaje":0.999340838343192},{"rango":{"min":80,"max":null},"vacunados":240375,"personasINE":240375,"porcentaje":1}]}}},{"ccaa":"La Rioja","dosisAdministradas":472133,"dosisEntregadas":510565,"dosisEntregadasModerna":67600,"dosisEntregadasPfizer":374465,"dosisEntregadasAstrazeneca":53300,"dosisEntregadasJanssen":15200,"dosisPrimeraDosis":256777,"dosisPautaCompletada":250333,"porcentajeEntregadas":0.9247265284537718,"porcentajePoblacionAdministradas":1.4758122495420645,"porcentajePoblacionPrimeraDosis":0.8026438355307989,"porcentajePoblacionCompletas":0.7825009221228205,"fechaUltRegistro":1632787200000,"etarios":{"unaDosis":{"etarioTotal":{"vacunados":256777,"personasINE":283970,"porcentaje":0.904239884494841},"etarioRangos":[{"rango":{"min":12,"max":19},"vacunados":20762,"personasINE":25532,"porcentaje":0.7573379736029943},{"rango":{"min":20,"max":29},"vacunados":23067,"personasINE":30458,"porcentaje":0.8928928928928929},{"rango":{"min":30,"max":39},"vacunados":30486,"personasINE":39319,"porcentaje":0.8928928928928929},{"rango":{"min":40,"max":49},"vacunados":47276,"personasINE":52947,"porcentaje":0.8928928928928929},{"rango":{"min":50,"max":59},"vacunados":45238,"personasINE":47664,"porcentaje":0.9491020476670023},{"rango":{"min":60,"max":69},"vacunados":37952,"personasINE":37952,"porcentaje":1},{"rango":{"min":70,"max":79},"vacunados":28643,"personasINE":28643,"porcentaje":1},{"rango":{"min":80,"max":null},"vacunados":23353,"personasINE":23353,"porcentaje":1}]},"pautaCompleta":{"etarioTotal":{"vacunados":250333,"personasINE":283970,"porcentaje":0.881547346550692},"etarioRangos":[{"rango":{"min":12,"max":19},"vacunados":19164,"personasINE":25532,"porcentaje":0.7142622627881017},{"rango":{"min":20,"max":29},"vacunados":21755,"personasINE":30458,"porcentaje":0.8761780648573101},{"rango":{"min":30,"max":39},"vacunados":29394,"personasINE":39319,"porcentaje":0.8761780648573101},{"rango":{"min":40,"max":49},"vacunados":46391,"personasINE":52947,"porcentaje":0.8761780648573101},{"rango":{"min":50,"max":59},"vacunados":44595,"personasINE":47664,"porcentaje":0.9356117824773413},{"rango":{"min":60,"max":69},"vacunados":37353,"personasINE":37718,"porcentaje":0.9903229227424571},{"rango":{"min":70,"max":79},"vacunados":28535,"personasINE":28535,"porcentaje":1},{"rango":{"min":80,"max":null},"vacunados":23146,"personasINE":23146,"porcentaje":1}]}}},{"ccaa":"Madrid","dosisAdministradas":9666850,"dosisEntregadas":10825829,"dosisEntregadasModerna":1645800,"dosisEntregadasPfizer":7637679,"dosisEntregadasAstrazeneca":1220900,"dosisEntregadasJanssen":321450,"dosisPrimeraDosis":5277407,"dosisPautaCompletada":5098540,"porcentajeEntregadas":0.8929431639831,"porcentajePoblacionAdministradas":1.4258126387928531,"porcentajePoblacionPrimeraDosis":0.778391471953519,"porcentajePoblacionCompletas":0.7520094727228532,"fechaUltRegistro":1632787200000,"etarios":{"unaDosis":{"etarioTotal":{"vacunados":5277407,"personasINE":5977937,"porcentaje":0.8828140878701131},"etarioRangos":[{"rango":{"min":12,"max":19},"vacunados":437993,"personasINE":553542,"porcentaje":0.7806242634432136},{"rango":{"min":20,"max":29},"vacunados":579594,"personasINE":742475,"porcentaje":0.8764737716461216},{"rango":{"min":30,"max":39},"vacunados":731151,"personasINE":949640,"porcentaje":0.8764737716461216},{"rango":{"min":40,"max":49},"vacunados":1021943,"personasINE":1165971,"porcentaje":0.8764737716461216},{"rango":{"min":50,"max":59},"vacunados":936124,"personasINE":972783,"porcentaje":0.9623153365138988},{"rango":{"min":60,"max":69},"vacunados":686743,"personasINE":703323,"porcentaje":0.9764261939393423},{"rango":{"min":70,"max":79},"vacunados":510341,"personasINE":526081,"porcentaje":0.970080652979294},{"rango":{"min":80,"max":null},"vacunados":373518,"personasINE":373518,"porcentaje":1}]},"pautaCompleta":{"etarioTotal":{"vacunados":5098540,"personasINE":5977937,"porcentaje":0.8528928959940528},"etarioRangos":[{"rango":{"min":12,"max":19},"vacunados":392883,"personasINE":553542,"porcentaje":0.7242789319505707},{"rango":{"min":20,"max":29},"vacunados":537759,"personasINE":742475,"porcentaje":0.8544963811278325},{"rango":{"min":30,"max":39},"vacunados":693602,"personasINE":949640,"porcentaje":0.8544963811278325},{"rango":{"min":40,"max":49},"vacunados":996318,"personasINE":1165971,"porcentaje":0.8544963811278325},{"rango":{"min":50,"max":59},"vacunados":926459,"personasINE":972783,"porcentaje":0.9523799244024618},{"rango":{"min":60,"max":69},"vacunados":673216,"personasINE":703323,"porcentaje":0.9571932099476343},{"rango":{"min":70,"max":79},"vacunados":507890,"personasINE":526081,"porcentaje":0.965421674609043},{"rango":{"min":80,"max":null},"vacunados":370413,"personasINE":370413,"porcentaje":1}]}}},{"ccaa":"Murcia","dosisAdministradas":2191406,"dosisEntregadas":2407265,"dosisEntregadasModerna":398000,"dosisEntregadasPfizer":1687865,"dosisEntregadasAstrazeneca":253100,"dosisEntregadasJanssen":68300,"dosisPrimeraDosis":1178234,"dosisPautaCompletada":1136585,"porcentajeEntregadas":0.9103301879934282,"porcentajePoblacionAdministradas":1.450060909802541,"porcentajePoblacionPrimeraDosis":0.7796415023050439,"porcentajePoblacionCompletas":0.7520822153302131,"fechaUltRegistro":1632787200000,"etarios":{"unaDosis":{"etarioTotal":{"vacunados":1178234,"personasINE":1310137,"porcentaje":0.8993212160254996},"etarioRangos":[{"rango":{"min":12,"max":19},"vacunados":115943,"personasINE":141894,"porcentaje":0.795881519669314},{"rango":{"min":20,"max":29},"vacunados":137089,"personasINE":172248,"porcentaje":0.9043032456316371},{"rango":{"min":30,"max":39},"vacunados":163866,"personasINE":209003,"porcentaje":0.9043032456316371},{"rango":{"min":40,"max":49},"vacunados":229835,"personasINE":254157,"porcentaje":0.9043032456316371},{"rango":{"min":50,"max":59},"vacunados":206616,"personasINE":213256,"porcentaje":0.9688637130959973},{"rango":{"min":60,"max":69},"vacunados":147836,"personasINE":147836,"porcentaje":1},{"rango":{"min":70,"max":79},"vacunados":103145,"personasINE":103145,"porcentaje":1},{"rango":{"min":80,"max":null},"vacunados":73904,"personasINE":73904,"porcentaje":1}]},"pautaCompleta":{"etarioTotal":{"vacunados":1136585,"personasINE":1310137,"porcentaje":0.8675314108371872},"etarioRangos":[{"rango":{"min":12,"max":19},"vacunados":107674,"personasINE":141894,"porcentaje":0.739915702939947},{"rango":{"min":20,"max":29},"vacunados":127449,"personasINE":172248,"porcentaje":0.8803338094170139},{"rango":{"min":30,"max":39},"vacunados":155845,"personasINE":209003,"porcentaje":0.8803338094170139},{"rango":{"min":40,"max":49},"vacunados":223743,"personasINE":254157,"porcentaje":0.8803338094170139},{"rango":{"min":50,"max":59},"vacunados":203490,"personasINE":213256,"porcentaje":0.9542052744119743},{"rango":{"min":60,"max":69},"vacunados":144604,"personasINE":146909,"porcentaje":0.9843100150433262},{"rango":{"min":70,"max":79},"vacunados":100989,"personasINE":102899,"porcentaje":0.9814381092138893},{"rango":{"min":80,"max":null},"vacunados":72791,"personasINE":72791,"porcentaje":1}]}}},{"ccaa":"Navarra","dosisAdministradas":965496,"dosisEntregadas":1046175,"dosisEntregadasModerna":151500,"dosisEntregadasPfizer":734325,"dosisEntregadasAstrazeneca":136600,"dosisEntregadasJanssen":23750,"dosisPrimeraDosis":522117,"dosisPautaCompletada":509629,"porcentajeEntregadas":0.922881927019858,"porcentajePoblacionAdministradas":1.460224411181539,"porcentajePoblacionPrimeraDosis":0.7896542180318422,"porcentajePoblacionCompletas":0.7707672599845432,"fechaUltRegistro":1632787200000,"etarios":{"unaDosis":{"etarioTotal":{"vacunados":522117,"personasINE":581354,"porcentaje":0.8981051132356533},"etarioRangos":[{"rango":{"min":12,"max":19},"vacunados":46887,"personasINE":56388,"porcentaje":0.8133192420039045},{"rango":{"min":20,"max":29},"vacunados":55409,"personasINE":68127,"porcentaje":0.8781041091831633},{"rango":{"min":30,"max":39},"vacunados":63181,"personasINE":81341,"porcentaje":0.8781041091831633},{"rango":{"min":40,"max":49},"vacunados":94837,"personasINE":108002,"porcentaje":0.8781041091831633},{"rango":{"min":50,"max":59},"vacunados":91355,"personasINE":96694,"porcentaje":0.9447845781537634},{"rango":{"min":60,"max":69},"vacunados":72092,"personasINE":73844,"porcentaje":0.9762743080006501},{"rango":{"min":70,"max":79},"vacunados":55866,"personasINE":55866,"porcentaje":1},{"rango":{"min":80,"max":null},"vacunados":42490,"personasINE":42490,"porcentaje":1}]},"pautaCompleta":{"etarioTotal":{"vacunados":509629,"personasINE":581354,"porcentaje":0.8766242255149186},"etarioRangos":[{"rango":{"min":12,"max":19},"vacunados":43907,"personasINE":56388,"porcentaje":0.7659224683312049},{"rango":{"min":20,"max":29},"vacunados":52180,"personasINE":68127,"porcentaje":0.8632988277994852},{"rango":{"min":30,"max":39},"vacunados":60806,"personasINE":81341,"porcentaje":0.8632988277994852},{"rango":{"min":40,"max":49},"vacunados":93238,"personasINE":108002,"porcentaje":0.8632988277994852},{"rango":{"min":50,"max":59},"vacunados":90365,"personasINE":96694,"porcentaje":0.9345460938631146},{"rango":{"min":60,"max":69},"vacunados":71346,"personasINE":73844,"porcentaje":0.9661719300146254},{"rango":{"min":70,"max":79},"vacunados":55697,"personasINE":55792,"porcentaje":0.9982972469171207},{"rango":{"min":80,"max":null},"vacunados":42090,"personasINE":42090,"porcentaje":1}]}}},{"ccaa":"País Vasco","dosisAdministradas":3320456,"dosisEntregadas":3627870,"dosisEntregadasModerna":526100,"dosisEntregadasPfizer":2556270,"dosisEntregadasAstrazeneca":444200,"dosisEntregadasJanssen":101300,"dosisPrimeraDosis":1794307,"dosisPautaCompletada":1752402,"porcentajeEntregadas":0.9152632260803171,"porcentajePoblacionAdministradas":1.4953614134448756,"porcentajePoblacionPrimeraDosis":0.8080629442685084,"porcentajePoblacionCompletas":0.7891911025604997,"fechaUltRegistro":1632787200000,"etarios":{"unaDosis":{"etarioTotal":{"vacunados":1794307,"personasINE":1983943,"porcentaje":0.9044145925563386},"etarioRangos":[{"rango":{"min":12,"max":19},"vacunados":140199,"personasINE":168606,"porcentaje":0.780022229499737},{"rango":{"min":20,"max":29},"vacunados":157201,"personasINE":201534,"porcentaje":0.8800910162840724},{"rango":{"min":30,"max":39},"vacunados":199355,"personasINE":260543,"porcentaje":0.8800910162840724},{"rango":{"min":40,"max":49},"vacunados":318710,"personasINE":362133,"porcentaje":0.8800910162840724},{"rango":{"min":50,"max":59},"vacunados":322911,"personasINE":339977,"porcentaje":0.9498024866388021},{"rango":{"min":60,"max":69},"vacunados":278202,"personasINE":280119,"porcentaje":0.9931564799246034},{"rango":{"min":70,"max":79},"vacunados":213625,"personasINE":213625,"porcentaje":1},{"rango":{"min":80,"max":null},"vacunados":164104,"personasINE":164104,"porcentaje":1}]},"pautaCompleta":{"etarioTotal":{"vacunados":1752402,"personasINE":1983943,"porcentaje":0.8832925139482334},"etarioRangos":[{"rango":{"min":12,"max":19},"vacunados":132578,"personasINE":168606,"porcentaje":0.7370964700745284},{"rango":{"min":20,"max":29},"vacunados":148550,"personasINE":201534,"porcentaje":0.8660851123758398},{"rango":{"min":30,"max":39},"vacunados":191814,"personasINE":260542.99999999997,"porcentaje":0.8660851123758398},{"rango":{"min":40,"max":49},"vacunados":313638,"personasINE":362133,"porcentaje":0.8660851123758398},{"rango":{"min":50,"max":59},"vacunados":319431,"personasINE":339977,"porcentaje":0.9395665000867706},{"rango":{"min":60,"max":69},"vacunados":272600,"personasINE":280119,"porcentaje":0.9731578364909199},{"rango":{"min":70,"max":79},"vacunados":212017,"personasINE":213081,"porcentaje":0.9950065937366541},{"rango":{"min":80,"max":null},"vacunados":161774,"personasINE":157950,"porcentaje":1.024210193099082}]}}},{"ccaa":"Ceuta","dosisAdministradas":110613,"dosisEntregadas":140230,"dosisEntregadasModerna":22400,"dosisEntregadasPfizer":95580,"dosisEntregadasAstrazeneca":18100,"dosisEntregadasJanssen":4150,"dosisPrimeraDosis":60942,"dosisPautaCompletada":57363,"porcentajeEntregadas":0.788796976395921,"porcentajePoblacionAdministradas":1.3136623833163108,"porcentajePoblacionPrimeraDosis":0.7237595306524786,"porcentajePoblacionCompletas":0.6812546020284553,"fechaUltRegistro":1632787200000,"etarios":{"unaDosis":{"etarioTotal":{"vacunados":60942,"personasINE":70965,"porcentaje":0.8587613612344114},"etarioRangos":[{"rango":{"min":12,"max":19},"vacunados":7847,"personasINE":9126,"porcentaje":0.7988510987507979},{"rango":{"min":20,"max":29},"vacunados":8761,"personasINE":10967,"porcentaje":0.8684543584875811},{"rango":{"min":30,"max":39},"vacunados":8965,"personasINE":11894,"porcentaje":0.8684543584875811},{"rango":{"min":40,"max":49},"vacunados":10979,"personasINE":12642,"porcentaje":0.8684543584875811},{"rango":{"min":50,"max":59},"vacunados":10497,"personasINE":11556,"porcentaje":0.9083592938733126},{"rango":{"min":60,"max":69},"vacunados":7613,"personasINE":7857,"porcentaje":0.9689448899070893},{"rango":{"min":70,"max":79},"vacunados":3884,"personasINE":4318,"porcentaje":0.8994905048633627},{"rango":{"min":80,"max":null},"vacunados":2396,"personasINE":2605,"porcentaje":0.9197696737044145}]},"pautaCompleta":{"etarioTotal":{"vacunados":57363,"personasINE":70965,"porcentaje":0.8083280490382583},"etarioRangos":[{"rango":{"min":12,"max":19},"vacunados":6483,"personasINE":9126,"porcentaje":0.7187927418619495},{"rango":{"min":20,"max":29},"vacunados":7883,"personasINE":10967,"porcentaje":0.8411643727258346},{"rango":{"min":30,"max":39},"vacunados":8431,"personasINE":11894,"porcentaje":0.8411643727258346},{"rango":{"min":40,"max":49},"vacunados":10634,"personasINE":12642,"porcentaje":0.8411643727258346},{"rango":{"min":50,"max":59},"vacunados":10269,"personasINE":11556,"porcentaje":0.8886292834890965},{"rango":{"min":60,"max":69},"vacunados":7441,"personasINE":7857,"porcentaje":0.9470535827924144},{"rango":{"min":70,"max":79},"vacunados":3848,"personasINE":4318,"porcentaje":0.8911533117183882},{"rango":{"min":80,"max":null},"vacunados":2374,"personasINE":2605,"porcentaje":0.9113243761996161}]}}},{"ccaa":"Melilla","dosisAdministradas":100113,"dosisEntregadas":141100,"dosisEntregadasModerna":23500,"dosisEntregadasPfizer":96750,"dosisEntregadasAstrazeneca":15100,"dosisEntregadasJanssen":5750,"dosisPrimeraDosis":56321,"dosisPautaCompletada":53443,"porcentajeEntregadas":0.7095180722891566,"porcentajePoblacionAdministradas":1.1497197850153889,"porcentajePoblacionPrimeraDosis":0.6468027929624696,"porcentajePoblacionCompletas":0.6137512058431714,"fechaUltRegistro":1632787200000,"etarios":{"unaDosis":{"etarioTotal":{"vacunados":56321,"personasINE":70927,"porcentaje":0.7940699592538808},"etarioRangos":[{"rango":{"min":12,"max":19},"vacunados":7445,"personasINE":9574,"porcentaje":0.6985410587744894},{"rango":{"min":20,"max":29},"vacunados":8379,"personasINE":11995,"porcentaje":0.8298616897183803},{"rango":{"min":30,"max":39},"vacunados":8465,"personasINE":12133,"porcentaje":0.8298616897183803},{"rango":{"min":40,"max":49},"vacunados":9960,"personasINE":12002,"porcentaje":0.8298616897183803},{"rango":{"min":50,"max":59},"vacunados":9627,"personasINE":11299,"porcentaje":0.8520223028586601},{"rango":{"min":60,"max":69},"vacunados":7132,"personasINE":7827,"porcentaje":0.9112048038839913},{"rango":{"min":70,"max":79},"vacunados":3306,"personasINE":3748,"porcentaje":0.8820704375667022},{"rango":{"min":80,"max":null},"vacunados":2007,"personasINE":2349,"porcentaje":0.8544061302681992}]},"pautaCompleta":{"etarioTotal":{"vacunados":53443,"personasINE":70927,"porcentaje":0.7534930280429174},"etarioRangos":[{"rango":{"min":12,"max":19},"vacunados":6622,"personasINE":9574,"porcentaje":0.6290120883701542},{"rango":{"min":20,"max":29},"vacunados":7545,"personasINE":11995,"porcentaje":0.8087818696883853},{"rango":{"min":30,"max":39},"vacunados":8019,"personasINE":12133,"porcentaje":0.8087818696883853},{"rango":{"min":40,"max":49},"vacunados":9707,"personasINE":12002,"porcentaje":0.8087818696883853},{"rango":{"min":50,"max":59},"vacunados":9409,"personasINE":11299,"porcentaje":0.8327285600495619},{"rango":{"min":60,"max":69},"vacunados":6955,"personasINE":7827,"porcentaje":0.8885907755206337},{"rango":{"min":70,"max":79},"vacunados":3229,"personasINE":3748,"porcentaje":0.8615261472785486},{"rango":{"min":80,"max":null},"vacunados":1957,"personasINE":2349,"porcentaje":0.8331204767986378}]}}},{"ccaa":"Fuerzas Armadas","dosisAdministradas":172228,"dosisEntregadas":212238,"dosisEntregadasModerna":58300,"dosisEntregadasPfizer":48138,"dosisEntregadasAstrazeneca":103800,"dosisEntregadasJanssen":2000,"dosisPrimeraDosis":92404,"dosisPautaCompletada":86286,"porcentajeEntregadas":0.8114852194234774,"porcentajePoblacionAdministradas":null,"porcentajePoblacionPrimeraDosis":null,"porcentajePoblacionCompletas":null,"fechaUltRegistro":1632787200000},{"ccaa":"Sanidad Exterior","dosisAdministradas":6129,"dosisEntregadas":8715,"dosisEntregadasModerna":4780,"dosisEntregadasPfizer":0,"dosisEntregadasAstrazeneca":0,"dosisEntregadasJanssen":3935,"dosisPrimeraDosis":4566,"dosisPautaCompletada":4268,"porcentajeEntregadas":0.7032702237521514,"porcentajePoblacionAdministradas":null,"porcentajePoblacionPrimeraDosis":null,"porcentajePoblacionCompletas":null,"fechaUltRegistro":1632787200000,"etarios":{"unaDosis":{"etarioTotal":{"vacunados":4566,"personasINE":"-","porcentaje":"-"},"etarioRangos":[{"rango":{"min":12,"max":19},"vacunados":166,"personasINE":null,"porcentaje":"-"},{"rango":{"min":20,"max":29},"vacunados":1095,"personasINE":null,"porcentaje":"-"},{"rango":{"min":30,"max":39},"vacunados":1290,"personasINE":null,"porcentaje":"-"},{"rango":{"min":40,"max":49},"vacunados":1154,"personasINE":null,"porcentaje":"-"},{"rango":{"min":50,"max":59},"vacunados":595,"personasINE":null,"porcentaje":"-"},{"rango":{"min":60,"max":69},"vacunados":208,"personasINE":null,"porcentaje":"-"},{"rango":{"min":70,"max":79},"vacunados":32,"personasINE":null,"porcentaje":"-"},{"rango":{"min":80,"max":null},"vacunados":26,"personasINE":null,"porcentaje":"-"}]},"pautaCompleta":{"etarioTotal":{"vacunados":4268,"personasINE":"-","porcentaje":"-"},"etarioRangos":[{"rango":{"min":12,"max":19},"vacunados":144,"personasINE":null,"porcentaje":"-"},{"rango":{"min":20,"max":29},"vacunados":1015,"personasINE":null,"porcentaje":"-"},{"rango":{"min":30,"max":39},"vacunados":1186,"personasINE":null,"porcentaje":"-"},{"rango":{"min":40,"max":49},"vacunados":1095,"personasINE":null,"porcentaje":"-"},{"rango":{"min":50,"max":59},"vacunados":574,"personasINE":null,"porcentaje":"-"},{"rango":{"min":60,"max":69},"vacunados":198,"personasINE":null,"porcentaje":"-"},{"rango":{"min":70,"max":79},"vacunados":31,"personasINE":null,"porcentaje":"-"},{"rango":{"min":80,"max":null},"vacunados":25,"personasINE":null,"porcentaje":"-"}]}}},{"ccaa":"Totales","dosisAdministradas":70022100,"dosisEntregadas":75553361,"dosisEntregadasModerna":10752730,"dosisEntregadasPfizer":53504271,"dosisEntregadasAstrazeneca":9127900,"dosisEntregadasJanssen":2168460,"dosisPrimeraDosis":37657732,"dosisPautaCompletada":36566753,"porcentajeEntregadas":0.9267900073962295,"porcentajePoblacionAdministradas":1.4917362590541117,"porcentajePoblacionPrimeraDosis":0.8022524925436728,"porcentajePoblacionCompletas":0.779010502769493,"fechaUltRegistro":null,"etarios":{"unaDosis":{"etarioTotal":{"vacunados":37657732,"personasINE":42119827,"porcentaje":0.8940618868163918},"etarioRangos":[{"rango":{"min":12,"max":19},"vacunados":3220805,"personasINE":3888686,"porcentaje":0.7855334260937096},{"rango":{"min":20,"max":29},"vacunados":3884180,"personasINE":4944640,"porcentaje":0.8782076746855604},{"rango":{"min":30,"max":39},"vacunados":4822882,"personasINE":6230403,"porcentaje":0.8782076746855604},{"rango":{"min":40,"max":49},"vacunados":6930584,"personasINE":7891737,"porcentaje":0.8782076746855604},{"rango":{"min":50,"max":59},"vacunados":6657210,"personasINE":7033306,"porcentaje":0.9465264272591012},{"rango":{"min":60,"max":69},"vacunados":5267024,"personasINE":5336986,"porcentaje":0.9868911029558631},{"rango":{"min":70,"max":79},"vacunados":3939528,"personasINE":3960045,"porcentaje":0.994818998268959},{"rango":{"min":80,"max":null},"vacunados":2935519,"personasINE":2935519,"porcentaje":1}]},"pautaCompleta":{"etarioTotal":{"vacunados":36566753,"personasINE":42119827,"porcentaje":0.86816009476962},"etarioRangos":[{"rango":{"min":12,"max":19},"vacunados":2956777,"personasINE":3888686.0000000005,"porcentaje":0.7355512231426352},{"rango":{"min":20,"max":29},"vacunados":3637036,"personasINE":4944640,"porcentaje":0.8605100499421103},{"rango":{"min":30,"max":39},"vacunados":4610786,"personasINE":6230403,"porcentaje":0.8605100499421103},{"rango":{"min":40,"max":49},"vacunados":6790919,"personasINE":7891737,"porcentaje":0.8605100499421103},{"rango":{"min":50,"max":59},"vacunados":6574989,"personasINE":7033306,"porcentaje":0.9348361922543964},{"rango":{"min":60,"max":69},"vacunados":5185069,"personasINE":5336986,"porcentaje":0.9715350574275443},{"rango":{"min":70,"max":79},"vacunados":3911633,"personasINE":3960045,"porcentaje":0.987774886396493},{"rango":{"min":80,"max":null},"vacunados":2899544,"personasINE":2899544,"porcentaje":1}]}}}]