[{"ccaa":"Andalucía","dosisAdministradas":5855291,"dosisEntregadas":6086740,"dosisEntregadasModerna":557000,"dosisEntregadasPfizer":3983940,"dosisEntregadasAstrazeneca":1293200,"dosisEntregadasJanssen":252600,"dosisPrimeraDosis":3792569,"dosisPautaCompletada":2148113,"porcentajeEntregadas":0.9619748831065562,"porcentajePoblacionAdministradas":0.6917540984245685,"porcentajePoblacionPrimeraDosis":0.44806059157571626,"porcentajePoblacionCompletas":0.2537817457115445,"fechaUltRegistro":1623542400000,"etarios":{"unaDosis":{"etarioTotal":{"vacunados":3792569,"personasINE":7062213,"porcentaje":0.5370227434375032},"etarioRangos":[{"rango":{"min":16,"max":17},"vacunados":620,"personasINE":181921,"porcentaje":0.06851685558428111},{"rango":{"min":18,"max":24},"vacunados":42881,"personasINE":625846,"porcentaje":0.12417724425848706},{"rango":{"min":25,"max":39},"vacunados":201697,"personasINE":1624267,"porcentaje":0.38880265451074786},{"rango":{"min":40,"max":49},"vacunados":538536,"personasINE":1385114,"porcentaje":0.38880265451074786},{"rango":{"min":50,"max":59},"vacunados":1084578,"personasINE":1265021,"porcentaje":0.8573596801950323},{"rango":{"min":60,"max":69},"vacunados":851636,"personasINE":916147,"porcentaje":0.9295844444177627},{"rango":{"min":70,"max":79},"vacunados":642030,"personasINE":650381,"porcentaje":0.987159834004991},{"rango":{"min":80,"max":null},"vacunados":430591,"personasINE":430591,"porcentaje":1}]},"pautaCompleta":{"etarioTotal":{"vacunados":2148113,"personasINE":7062213,"porcentaje":0.30416995352589904},"etarioRangos":[{"rango":{"min":16,"max":17},"vacunados":469,"personasINE":181921,"porcentaje":0.040533933267928535},{"rango":{"min":18,"max":24},"vacunados":25368,"personasINE":625846,"porcentaje":0.09515369086486397},{"rango":{"min":25,"max":39},"vacunados":154555,"personasINE":1624267,"porcentaje":0.12078211612906951},{"rango":{"min":40,"max":49},"vacunados":167297,"personasINE":1385114,"porcentaje":0.12078211612906951},{"rango":{"min":50,"max":59},"vacunados":528894,"personasINE":1265021,"porcentaje":0.41809108307292925},{"rango":{"min":60,"max":69},"vacunados":220588,"personasINE":916147,"porcentaje":0.2407779537563295},{"rango":{"min":70,"max":79},"vacunados":628823,"personasINE":650381,"porcentaje":0.9668532752340551},{"rango":{"min":80,"max":null},"vacunados":422119,"personasINE":422119,"porcentaje":1}]}}},{"ccaa":"Aragón","dosisAdministradas":1005615,"dosisEntregadas":1080645,"dosisEntregadasModerna":101700,"dosisEntregadasPfizer":736245,"dosisEntregadasAstrazeneca":203200,"dosisEntregadasJanssen":39500,"dosisPrimeraDosis":656965,"dosisPautaCompletada":387424,"porcentajeEntregadas":0.9305692433685437,"porcentajePoblacionAdministradas":0.7564478772610918,"porcentajePoblacionPrimeraDosis":0.4941849312956083,"porcentajePoblacionCompletas":0.29142968472029673,"fechaUltRegistro":1623456000000,"etarios":{"unaDosis":{"etarioTotal":{"vacunados":656965,"personasINE":1132764,"porcentaje":0.579966347800601},"etarioRangos":[{"rango":{"min":16,"max":17},"vacunados":78,"personasINE":25106,"porcentaje":0.0869365328549002},{"rango":{"min":18,"max":24},"vacunados":7753,"personasINE":89180,"porcentaje":0.1490698278099853},{"rango":{"min":25,"max":39},"vacunados":34456,"personasINE":231140,"porcentaje":0.3841716175916406},{"rango":{"min":40,"max":49},"vacunados":82575,"personasINE":214943,"porcentaje":0.3841716175916406},{"rango":{"min":50,"max":59},"vacunados":166420,"personasINE":198266,"porcentaje":0.8393774020759989},{"rango":{"min":60,"max":69},"vacunados":147423,"personasINE":156367,"porcentaje":0.9428012304386475},{"rango":{"min":70,"max":79},"vacunados":117676,"personasINE":118955,"porcentaje":0.9892480349712076},{"rango":{"min":80,"max":null},"vacunados":100584,"personasINE":100584,"porcentaje":1}]},"pautaCompleta":{"etarioTotal":{"vacunados":387424,"personasINE":1132764,"porcentaje":0.34201651888654655},"etarioRangos":[{"rango":{"min":16,"max":17},"vacunados":55,"personasINE":25106,"porcentaje":0.0652949091724602},{"rango":{"min":18,"max":24},"vacunados":5823,"personasINE":89180,"porcentaje":0.09916500822012633},{"rango":{"min":25,"max":39},"vacunados":22921,"personasINE":231140,"porcentaje":0.14588518816616497},{"rango":{"min":40,"max":49},"vacunados":31357,"personasINE":214943.00000000003,"porcentaje":0.14588518816616497},{"rango":{"min":50,"max":59},"vacunados":66656,"personasINE":198266,"porcentaje":0.3361948089939778},{"rango":{"min":60,"max":69},"vacunados":47081,"personasINE":156367,"porcentaje":0.30109294160532596},{"rango":{"min":70,"max":79},"vacunados":114963,"personasINE":118955,"porcentaje":0.9664410911689294},{"rango":{"min":80,"max":null},"vacunados":98568,"personasINE":98807,"porcentaje":0.9975811430364245}]}}},{"ccaa":"Asturias","dosisAdministradas":907615,"dosisEntregadas":922185,"dosisEntregadasModerna":86800,"dosisEntregadasPfizer":649085,"dosisEntregadasAstrazeneca":155800,"dosisEntregadasJanssen":30500,"dosisPrimeraDosis":578095,"dosisPautaCompletada":354536,"porcentajeEntregadas":0.984200567131324,"porcentajePoblacionAdministradas":0.8908806969877815,"porcentajePoblacionPrimeraDosis":0.5674362769733329,"porcentajePoblacionCompletas":0.34799918334013885,"fechaUltRegistro":1623542400000,"etarios":{"unaDosis":{"etarioTotal":{"vacunados":578095,"personasINE":901209,"porcentaje":0.6414660750170049},"etarioRangos":[{"rango":{"min":16,"max":17},"vacunados":63,"personasINE":15563,"porcentaje":0.089407334945274},{"rango":{"min":18,"max":24},"vacunados":4844,"personasINE":54179,"porcentaje":0.13689056233962166},{"rango":{"min":25,"max":39},"vacunados":21232,"personasINE":155102,"porcentaje":0.42735923062643344},{"rango":{"min":40,"max":49},"vacunados":71366,"personasINE":166993,"porcentaje":0.42735923062643344},{"rango":{"min":50,"max":59},"vacunados":138780,"personasINE":162645,"porcentaje":0.8532693903901134},{"rango":{"min":60,"max":69},"vacunados":140450,"personasINE":149652,"porcentaje":0.9385106781065405},{"rango":{"min":70,"max":79},"vacunados":113072,"personasINE":113072,"porcentaje":1},{"rango":{"min":80,"max":null},"vacunados":88288,"personasINE":88288,"porcentaje":1}]},"pautaCompleta":{"etarioTotal":{"vacunados":354536,"personasINE":901209,"porcentaje":0.39340042099002565},"etarioRangos":[{"rango":{"min":16,"max":17},"vacunados":42,"personasINE":15562.999999999998,"porcentaje":0.08324258476531497},{"rango":{"min":18,"max":24},"vacunados":4510,"personasINE":54179,"porcentaje":0.12545292775077047},{"rango":{"min":25,"max":39},"vacunados":19458,"personasINE":155102,"porcentaje":0.1548208607546424},{"rango":{"min":40,"max":49},"vacunados":25854,"personasINE":166993,"porcentaje":0.1548208607546424},{"rango":{"min":50,"max":59},"vacunados":74109,"personasINE":162645,"porcentaje":0.45564880568108457},{"rango":{"min":60,"max":69},"vacunados":33229,"personasINE":149652,"porcentaje":0.2220418036511373},{"rango":{"min":70,"max":79},"vacunados":110496,"personasINE":110496,"porcentaje":1},{"rango":{"min":80,"max":null},"vacunados":86838,"personasINE":87826,"porcentaje":0.9887504839113702}]}}},{"ccaa":"Baleares","dosisAdministradas":708168,"dosisEntregadas":776730,"dosisEntregadasModerna":70000,"dosisEntregadasPfizer":492930,"dosisEntregadasAstrazeneca":178900,"dosisEntregadasJanssen":34900,"dosisPrimeraDosis":472894,"dosisPautaCompletada":266771,"porcentajeEntregadas":0.9117299447684524,"porcentajePoblacionAdministradas":0.6044746116873218,"porcentajePoblacionPrimeraDosis":0.4036505702308835,"porcentajePoblacionCompletas":0.22770909817223953,"fechaUltRegistro":1623542400000,"etarios":{"unaDosis":{"etarioTotal":{"vacunados":472894,"personasINE":986279,"porcentaje":0.4794728469327645},"etarioRangos":[{"rango":{"min":16,"max":17},"vacunados":48,"personasINE":23300,"porcentaje":0.054019734619462016},{"rango":{"min":18,"max":24},"vacunados":4637,"personasINE":85839,"porcentaje":0.10723121427629691},{"rango":{"min":25,"max":39},"vacunados":27653,"personasINE":257882,"porcentaje":0.42980133092757505},{"rango":{"min":40,"max":49},"vacunados":88613,"personasINE":206172,"porcentaje":0.42980133092757505},{"rango":{"min":50,"max":59},"vacunados":126155,"personasINE":165797,"porcentaje":0.7609003781733084},{"rango":{"min":60,"max":69},"vacunados":98248,"personasINE":117231,"porcentaje":0.8380718410659297},{"rango":{"min":70,"max":79},"vacunados":76952,"personasINE":80516,"porcentaje":0.9557355059863878},{"rango":{"min":80,"max":null},"vacunados":50588,"personasINE":50588,"porcentaje":1}]},"pautaCompleta":{"etarioTotal":{"vacunados":266771,"personasINE":986279,"porcentaje":0.27048228746632547},"etarioRangos":[{"rango":{"min":16,"max":17},"vacunados":40,"personasINE":23300,"porcentaje":0.039119747434149976},{"rango":{"min":18,"max":24},"vacunados":3358,"personasINE":85839,"porcentaje":0.08127360575767212},{"rango":{"min":25,"max":39},"vacunados":20959,"personasINE":257881.99999999997,"porcentaje":0.15216421240517625},{"rango":{"min":40,"max":49},"vacunados":31372,"personasINE":206172.00000000003,"porcentaje":0.15216421240517625},{"rango":{"min":50,"max":59},"vacunados":74876,"personasINE":165797,"porcentaje":0.45161251409856634},{"rango":{"min":60,"max":69},"vacunados":11713,"personasINE":117231,"porcentaje":0.0999138453139528},{"rango":{"min":70,"max":79},"vacunados":74882,"personasINE":80516,"porcentaje":0.9300263301704009},{"rango":{"min":80,"max":null},"vacunados":49571,"personasINE":49571,"porcentaje":1}]}}},{"ccaa":"Canarias","dosisAdministradas":1368144,"dosisEntregadas":1475730,"dosisEntregadasModerna":133000,"dosisEntregadasPfizer":945330,"dosisEntregadasAstrazeneca":332500,"dosisEntregadasJanssen":64900,"dosisPrimeraDosis":919350,"dosisPautaCompletada":514820,"porcentajeEntregadas":0.9270964200768433,"porcentajePoblacionAdministradas":0.6287565166878681,"porcentajePoblacionPrimeraDosis":0.4225047243689199,"porcentajePoblacionCompletas":0.23659529254321787,"fechaUltRegistro":1623542400000,"etarios":{"unaDosis":{"etarioTotal":{"vacunados":919350,"personasINE":1871033,"porcentaje":0.4913595858544451},"etarioRangos":[{"rango":{"min":16,"max":17},"vacunados":128,"personasINE":44352,"porcentaje":0.05313028145382217},{"rango":{"min":18,"max":24},"vacunados":8708,"personasINE":163899,"porcentaje":0.13296901821650578},{"rango":{"min":25,"max":39},"vacunados":59103,"personasINE":444486.99999999994,"porcentaje":0.37956146049226136},{"rango":{"min":40,"max":49},"vacunados":147241,"personasINE":387924,"porcentaje":0.37956146049226136},{"rango":{"min":50,"max":59},"vacunados":260938,"personasINE":350512,"porcentaje":0.7444481216049664},{"rango":{"min":60,"max":69},"vacunados":205409,"personasINE":235092,"porcentaje":0.8737387916220033},{"rango":{"min":70,"max":79},"vacunados":146733,"personasINE":154531,"porcentaje":0.9495376332256958},{"rango":{"min":80,"max":null},"vacunados":91090,"personasINE":91090,"porcentaje":1}]},"pautaCompleta":{"etarioTotal":{"vacunados":514820,"personasINE":1871033,"porcentaje":0.27515281665261915},"etarioRangos":[{"rango":{"min":16,"max":17},"vacunados":68,"personasINE":44352,"porcentaje":0.035155797167767955},{"rango":{"min":18,"max":24},"vacunados":5762,"personasINE":163899,"porcentaje":0.075999973002585},{"rango":{"min":25,"max":39},"vacunados":33781,"personasINE":444487,"porcentaje":0.14514183190521854},{"rango":{"min":40,"max":49},"vacunados":56304,"personasINE":387924,"porcentaje":0.14514183190521854},{"rango":{"min":50,"max":59},"vacunados":142210,"personasINE":350512,"porcentaje":0.4057207741817684},{"rango":{"min":60,"max":69},"vacunados":47147,"personasINE":235092,"porcentaje":0.20054701989008558},{"rango":{"min":70,"max":79},"vacunados":141467,"personasINE":154531,"porcentaje":0.9154603283483573},{"rango":{"min":80,"max":null},"vacunados":88081,"personasINE":90236,"porcentaje":0.976118178997296}]}}},{"ccaa":"Cantabria","dosisAdministradas":433775,"dosisEntregadas":476845,"dosisEntregadasModerna":44500,"dosisEntregadasPfizer":325995,"dosisEntregadasAstrazeneca":89000,"dosisEntregadasJanssen":17350,"dosisPrimeraDosis":281539,"dosisPautaCompletada":163115,"porcentajeEntregadas":0.9096771487590307,"porcentajePoblacionAdministradas":0.7441607122944562,"porcentajePoblacionPrimeraDosis":0.4829929405306182,"porcentajePoblacionCompletas":0.27983119033118603,"fechaUltRegistro":1623542400000,"etarios":{"unaDosis":{"etarioTotal":{"vacunados":281539,"personasINE":501384,"porcentaje":0.5615237023917795},"etarioRangos":[{"rango":{"min":16,"max":17},"vacunados":19,"personasINE":10791,"porcentaje":0.05455846572205524},{"rango":{"min":18,"max":24},"vacunados":1906,"personasINE":34935,"porcentaje":0.13395596649805125},{"rango":{"min":25,"max":39},"vacunados":12923,"personasINE":96472,"porcentaje":0.24593685114913724},{"rango":{"min":40,"max":49},"vacunados":24045,"personasINE":97769,"porcentaje":0.24593685114913724},{"rango":{"min":50,"max":59},"vacunados":72391,"personasINE":89964,"porcentaje":0.804666310968832},{"rango":{"min":60,"max":69},"vacunados":72700,"personasINE":77345,"porcentaje":0.9399444049389101},{"rango":{"min":70,"max":79},"vacunados":55459,"personasINE":55459,"porcentaje":1},{"rango":{"min":80,"max":null},"vacunados":42096,"personasINE":42096,"porcentaje":1}]},"pautaCompleta":{"etarioTotal":{"vacunados":163115,"personasINE":501384,"porcentaje":0.3253294879772789},"etarioRangos":[{"rango":{"min":16,"max":17},"vacunados":8,"personasINE":10791,"porcentaje":0.025933877200515244},{"rango":{"min":18,"max":24},"vacunados":906,"personasINE":34935,"porcentaje":0.07644705199436105},{"rango":{"min":25,"max":39},"vacunados":7375,"personasINE":96472,"porcentaje":0.09679959905491516},{"rango":{"min":40,"max":49},"vacunados":9464,"personasINE":97769,"porcentaje":0.09679959905491516},{"rango":{"min":50,"max":59},"vacunados":25018,"personasINE":89964,"porcentaje":0.278089013383131},{"rango":{"min":60,"max":69},"vacunados":24100,"personasINE":77345,"porcentaje":0.31159092378305},{"rango":{"min":70,"max":79},"vacunados":54726,"personasINE":54726,"porcentaje":1},{"rango":{"min":80,"max":null},"vacunados":41518,"personasINE":41518,"porcentaje":1}]}}},{"ccaa":"Castilla y Leon","dosisAdministradas":1943542,"dosisEntregadas":2167125,"dosisEntregadasModerna":211400,"dosisEntregadasPfizer":1518375,"dosisEntregadasAstrazeneca":365900,"dosisEntregadasJanssen":71450,"dosisPrimeraDosis":1216266,"dosisPautaCompletada":787526,"porcentajeEntregadas":0.896829670646594,"porcentajePoblacionAdministradas":0.811527576309502,"porcentajePoblacionPrimeraDosis":0.5078528784701606,"porcentajePoblacionCompletas":0.3288321353800005,"fechaUltRegistro":1623542400000,"etarios":{"unaDosis":{"etarioTotal":{"vacunados":1216266,"personasINE":2092873,"porcentaje":0.5811465865343955},"etarioRangos":[{"rango":{"min":16,"max":17},"vacunados":127,"personasINE":40684,"porcentaje":0.06730968965947016},{"rango":{"min":18,"max":24},"vacunados":9721,"personasINE":144422,"porcentaje":0.13110782786939798},{"rango":{"min":25,"max":39},"vacunados":49250,"personasINE":375644.99999999994,"porcentaje":0.19311047191753486},{"rango":{"min":40,"max":49},"vacunados":70158,"personasINE":363305,"porcentaje":0.19311047191753486},{"rango":{"min":50,"max":59},"vacunados":305569,"personasINE":381175,"porcentaje":0.8016501606873483},{"rango":{"min":60,"max":69},"vacunados":305127,"personasINE":318575,"porcentaje":0.9577870203248843},{"rango":{"min":70,"max":79},"vacunados":248088,"personasINE":248088,"porcentaje":1},{"rango":{"min":80,"max":null},"vacunados":228226,"personasINE":228226,"porcentaje":1}]},"pautaCompleta":{"etarioTotal":{"vacunados":787526,"personasINE":2092873,"porcentaje":0.3762894356227062},"etarioRangos":[{"rango":{"min":16,"max":17},"vacunados":113,"personasINE":40684,"porcentaje":0.047021921867859466},{"rango":{"min":18,"max":24},"vacunados":6791,"personasINE":144422,"porcentaje":0.1002249464254815},{"rango":{"min":25,"max":39},"vacunados":37649,"personasINE":375645,"porcentaje":0.1223517430258323},{"rango":{"min":40,"max":49},"vacunados":44451,"personasINE":363305,"porcentaje":0.1223517430258323},{"rango":{"min":50,"max":59},"vacunados":108820,"personasINE":381175,"porcentaje":0.2854856693119958},{"rango":{"min":60,"max":69},"vacunados":119911,"personasINE":318575,"porcentaje":0.3763980224436946},{"rango":{"min":70,"max":79},"vacunados":244870,"personasINE":245410,"porcentaje":0.9977996006682694},{"rango":{"min":80,"max":null},"vacunados":224921,"personasINE":224921,"porcentaje":1}]}}},{"ccaa":"Castilla La Mancha","dosisAdministradas":1452113,"dosisEntregadas":1576750,"dosisEntregadasModerna":147700,"dosisEntregadasPfizer":1056375,"dosisEntregadasAstrazeneca":311600,"dosisEntregadasJanssen":61075,"dosisPrimeraDosis":958119,"dosisPautaCompletada":544637,"porcentajeEntregadas":0.9209532265736483,"porcentajePoblacionAdministradas":0.7100029776733174,"porcentajePoblacionPrimeraDosis":0.4684672218796893,"porcentajePoblacionCompletas":0.26629738302119915,"fechaUltRegistro":1623542400000},{"ccaa":"Cataluña","dosisAdministradas":5228020,"dosisEntregadas":5791320,"dosisEntregadasModerna":538200,"dosisEntregadasPfizer":3832370,"dosisEntregadasAstrazeneca":1188700,"dosisEntregadasJanssen":232050,"dosisPrimeraDosis":3337366,"dosisPautaCompletada":1961535,"porcentajeEntregadas":0.9027337463652501,"porcentajePoblacionAdministradas":0.6719406350174585,"porcentajePoblacionPrimeraDosis":0.428940943096177,"porcentajePoblacionCompletas":0.2521097994095222,"fechaUltRegistro":1623542400000,"etarios":{"unaDosis":{"etarioTotal":{"vacunados":3337366,"personasINE":6531658,"porcentaje":0.5109523493116143},"etarioRangos":[{"rango":{"min":16,"max":17},"vacunados":1054,"personasINE":159864,"porcentaje":0.09590951905032391},{"rango":{"min":18,"max":24},"vacunados":53356,"personasINE":556316,"porcentaje":0.12828550694713933},{"rango":{"min":25,"max":39},"vacunados":190744,"personasINE":1486871,"porcentaje":0.32742917247323916},{"rango":{"min":40,"max":49},"vacunados":431144,"personasINE":1316755,"porcentaje":0.32742917247323916},{"rango":{"min":50,"max":59},"vacunados":873164,"personasINE":1091780,"porcentaje":0.7997618567843339},{"rango":{"min":60,"max":69},"vacunados":725337,"personasINE":837584,"porcentaje":0.8659871726298497},{"rango":{"min":70,"max":79},"vacunados":608056,"personasINE":635292,"porcentaje":0.9571283756131039},{"rango":{"min":80,"max":null},"vacunados":454511,"personasINE":454511,"porcentaje":1}]},"pautaCompleta":{"etarioTotal":{"vacunados":1961535,"personasINE":6531658,"porcentaje":0.3003119575458482},"etarioRangos":[{"rango":{"min":16,"max":17},"vacunados":662,"personasINE":159864,"porcentaje":0.0676809583042731},{"rango":{"min":18,"max":24},"vacunados":37652,"personasINE":556316,"porcentaje":0.09869047146658991},{"rango":{"min":25,"max":39},"vacunados":146740,"personasINE":1486871,"porcentaje":0.1206108957247172},{"rango":{"min":40,"max":49},"vacunados":158815,"personasINE":1316755,"porcentaje":0.1206108957247172},{"rango":{"min":50,"max":59},"vacunados":486241,"personasINE":1091780,"porcentaje":0.4453653666489586},{"rango":{"min":60,"max":69},"vacunados":95795,"personasINE":837584,"porcentaje":0.11437061834992072},{"rango":{"min":70,"max":79},"vacunados":590333,"personasINE":635292,"porcentaje":0.9292309678069297},{"rango":{"min":80,"max":null},"vacunados":445297,"personasINE":447196,"porcentaje":0.9957535398348822}]}}},{"ccaa":"C. Valenciana","dosisAdministradas":3347500,"dosisEntregadas":3682720,"dosisEntregadasModerna":338300,"dosisEntregadasPfizer":2420920,"dosisEntregadasAstrazeneca":772600,"dosisEntregadasJanssen":150900,"dosisPrimeraDosis":2179433,"dosisPautaCompletada":1282011,"porcentajeEntregadas":0.9089748881261677,"porcentajePoblacionAdministradas":0.6619075235602498,"porcentajePoblacionPrimeraDosis":0.43094342040193756,"porcentajePoblacionCompletas":0.2534944663740103,"fechaUltRegistro":1623542400000,"etarios":{"unaDosis":{"etarioTotal":{"vacunados":2179433,"personasINE":4269305,"porcentaje":0.5104889437507979},"etarioRangos":[{"rango":{"min":16,"max":17},"vacunados":233,"personasINE":103048.99999999999,"porcentaje":0.063429261352364},{"rango":{"min":18,"max":24},"vacunados":22380,"personasINE":352834,"porcentaje":0.12067971814750776},{"rango":{"min":25,"max":39},"vacunados":110347,"personasINE":914379,"porcentaje":0.22222718027966576},{"rango":{"min":40,"max":49},"vacunados":189246,"personasINE":851588,"porcentaje":0.22222718027966576},{"rango":{"min":50,"max":59},"vacunados":605757,"personasINE":752334,"porcentaje":0.8051703099952946},{"rango":{"min":60,"max":69},"vacunados":529485,"personasINE":580728,"porcentaje":0.9117607554655536},{"rango":{"min":70,"max":79},"vacunados":427731,"personasINE":437862,"porcentaje":0.9768625731394823},{"rango":{"min":80,"max":null},"vacunados":294254,"personasINE":294254,"porcentaje":1}]},"pautaCompleta":{"etarioTotal":{"vacunados":1282011,"personasINE":4269305,"porcentaje":0.3002856436820513},"etarioRangos":[{"rango":{"min":16,"max":17},"vacunados":157,"personasINE":103049,"porcentaje":0.027925313320144883},{"rango":{"min":18,"max":24},"vacunados":9853,"personasINE":352834,"porcentaje":0.06136077053388146},{"rango":{"min":25,"max":39},"vacunados":56107,"personasINE":914379,"porcentaje":0.08225456441377756},{"rango":{"min":40,"max":49},"vacunados":70047,"personasINE":851588,"porcentaje":0.08225456441377756},{"rango":{"min":50,"max":59},"vacunados":230062,"personasINE":752334,"porcentaje":0.3057976909191928},{"rango":{"min":60,"max":69},"vacunados":212319,"personasINE":580728,"porcentaje":0.3656083398768442},{"rango":{"min":70,"max":79},"vacunados":414710,"personasINE":437862,"porcentaje":0.9471248932312007},{"rango":{"min":80,"max":null},"vacunados":288756,"personasINE":288756,"porcentaje":1}]}}},{"ccaa":"Extremadura","dosisAdministradas":826272,"dosisEntregadas":868555,"dosisEntregadasModerna":80500,"dosisEntregadasPfizer":593855,"dosisEntregadasAstrazeneca":162500,"dosisEntregadasJanssen":31700,"dosisPrimeraDosis":532908,"dosisPautaCompletada":327618,"porcentajeEntregadas":0.9513179936791568,"porcentajePoblacionAdministradas":0.7765809168721046,"porcentajePoblacionPrimeraDosis":0.5008595029826493,"porcentajePoblacionCompletas":0.30791541625978514,"fechaUltRegistro":1623542400000,"etarios":{"unaDosis":{"etarioTotal":{"vacunados":532908,"personasINE":911213,"porcentaje":0.5848336228741249},"etarioRangos":[{"rango":{"min":16,"max":17},"vacunados":77,"personasINE":20953,"porcentaje":0.039204605193985914},{"rango":{"min":18,"max":24},"vacunados":2983,"personasINE":76088,"porcentaje":0.12346841130827318},{"rango":{"min":25,"max":39},"vacunados":23741,"personasINE":192284,"porcentaje":0.3472168232033807},{"rango":{"min":40,"max":49},"vacunados":55379,"personasINE":159494,"porcentaje":0.3472168232033807},{"rango":{"min":50,"max":59},"vacunados":149569,"personasINE":169216,"porcentaje":0.8838939580181543},{"rango":{"min":60,"max":69},"vacunados":127978,"personasINE":127978,"porcentaje":1},{"rango":{"min":70,"max":79},"vacunados":95219,"personasINE":95219,"porcentaje":1},{"rango":{"min":80,"max":null},"vacunados":77962,"personasINE":77962,"porcentaje":1}]},"pautaCompleta":{"etarioTotal":{"vacunados":327618,"personasINE":911213,"porcentaje":0.3595405245535347},"etarioRangos":[{"rango":{"min":16,"max":17},"vacunados":66,"personasINE":20953,"porcentaje":0.026732204815476817},{"rango":{"min":18,"max":24},"vacunados":2034,"personasINE":76088,"porcentaje":0.08680389423977034},{"rango":{"min":25,"max":39},"vacunados":16691,"personasINE":192284,"porcentaje":0.14193637378208585},{"rango":{"min":40,"max":49},"vacunados":22638,"personasINE":159494,"porcentaje":0.14193637378208585},{"rango":{"min":50,"max":59},"vacunados":66961,"personasINE":169216,"porcentaje":0.39571317133131617},{"rango":{"min":60,"max":69},"vacunados":52135,"personasINE":125296.99999999999,"porcentaje":0.4160913669122166},{"rango":{"min":70,"max":79},"vacunados":90567,"personasINE":91876,"porcentaje":0.9857525360268188},{"rango":{"min":80,"max":null},"vacunados":76526,"personasINE":76526,"porcentaje":1}]}}},{"ccaa":"Galicia","dosisAdministradas":2259388,"dosisEntregadas":2332065,"dosisEntregadasModerna":217800,"dosisEntregadasPfizer":1620565,"dosisEntregadasAstrazeneca":412900,"dosisEntregadasJanssen":80800,"dosisPrimeraDosis":1435342,"dosisPautaCompletada":911795,"porcentajeEntregadas":0.9688357743030319,"porcentajePoblacionAdministradas":0.8362469876775609,"porcentajePoblacionPrimeraDosis":0.5312502428919184,"porcentajePoblacionCompletas":0.3374744940353147,"fechaUltRegistro":1623542400000,"etarios":{"unaDosis":{"etarioTotal":{"vacunados":1435342,"personasINE":2362643,"porcentaje":0.6075153969516343},"etarioRangos":[{"rango":{"min":16,"max":17},"vacunados":49,"personasINE":44014,"porcentaje":0.04480670398376379},{"rango":{"min":18,"max":24},"vacunados":6844,"personasINE":152745,"porcentaje":0.11196927653140654},{"rango":{"min":25,"max":39},"vacunados":49914,"personasINE":445783,"porcentaje":0.3388490166305297},{"rango":{"min":40,"max":49},"vacunados":150185,"personasINE":443221,"porcentaje":0.3388490166305297},{"rango":{"min":50,"max":59},"vacunados":368890,"personasINE":405889,"porcentaje":0.9088445363141154},{"rango":{"min":60,"max":69},"vacunados":331496,"personasINE":346927,"porcentaje":0.9555209020917945},{"rango":{"min":70,"max":79},"vacunados":287572,"personasINE":289762,"porcentaje":0.9924420731496884},{"rango":{"min":80,"max":null},"vacunados":240392,"personasINE":240392,"porcentaje":1}]},"pautaCompleta":{"etarioTotal":{"vacunados":911795,"personasINE":2362643,"porcentaje":0.3859216140567999},"etarioRangos":[{"rango":{"min":16,"max":17},"vacunados":41,"personasINE":44014,"porcentaje":0.02453762807293201},{"rango":{"min":18,"max":24},"vacunados":3748,"personasINE":152745,"porcentaje":0.07548964406448877},{"rango":{"min":25,"max":39},"vacunados":33652,"personasINE":445783.00000000006,"porcentaje":0.09450364490852194},{"rango":{"min":40,"max":49},"vacunados":41886,"personasINE":443221,"porcentaje":0.09450364490852194},{"rango":{"min":50,"max":59},"vacunados":198950,"personasINE":405889,"porcentaje":0.4901586394309774},{"rango":{"min":60,"max":69},"vacunados":112131,"personasINE":346927,"porcentaje":0.3232120878455698},{"rango":{"min":70,"max":79},"vacunados":283428,"personasINE":289762,"porcentaje":0.9781406809726603},{"rango":{"min":80,"max":null},"vacunados":237959,"personasINE":237959,"porcentaje":1}]}}},{"ccaa":"La Rioja","dosisAdministradas":230094,"dosisEntregadas":256295,"dosisEntregadasModerna":23700,"dosisEntregadasPfizer":174395,"dosisEntregadasAstrazeneca":48700,"dosisEntregadasJanssen":9500,"dosisPrimeraDosis":150194,"dosisPautaCompletada":91014,"porcentajeEntregadas":0.8977701476813827,"porcentajePoblacionAdministradas":0.7192370449558319,"porcentajePoblacionPrimeraDosis":0.4694824234012891,"porcentajePoblacionCompletas":0.28449520808717343,"fechaUltRegistro":1623369600000,"etarios":{"unaDosis":{"etarioTotal":{"vacunados":150194,"personasINE":270788,"porcentaje":0.5546553023029086},"etarioRangos":[{"rango":{"min":16,"max":17},"vacunados":11,"personasINE":6286,"porcentaje":0.07468115257439774},{"rango":{"min":18,"max":24},"vacunados":1581,"personasINE":21170,"porcentaje":0.13963527281374039},{"rango":{"min":25,"max":39},"vacunados":7634,"personasINE":54670.99999999999,"porcentaje":0.22428088465824314},{"rango":{"min":40,"max":49},"vacunados":11875,"personasINE":52947,"porcentaje":0.22428088465824314},{"rango":{"min":50,"max":59},"vacunados":40792,"personasINE":47664,"porcentaje":0.855824102047667},{"rango":{"min":60,"max":69},"vacunados":36586,"personasINE":37718,"porcentaje":0.9699878042314014},{"rango":{"min":70,"max":79},"vacunados":28430,"personasINE":28430,"porcentaje":1},{"rango":{"min":80,"max":null},"vacunados":23285,"personasINE":23285,"porcentaje":1}]},"pautaCompleta":{"etarioTotal":{"vacunados":91014,"personasINE":270788,"porcentaje":0.3361079516078999},"etarioRangos":[{"rango":{"min":16,"max":17},"vacunados":10,"personasINE":6286,"porcentaje":0.03353802550779405},{"rango":{"min":18,"max":24},"vacunados":710,"personasINE":21170,"porcentaje":0.06390956814398858},{"rango":{"min":25,"max":39},"vacunados":3494,"personasINE":54671,"porcentaje":0.08697376621904923},{"rango":{"min":40,"max":49},"vacunados":4605,"personasINE":52947.00000000001,"porcentaje":0.08697376621904923},{"rango":{"min":50,"max":59},"vacunados":14896,"personasINE":47664,"porcentaje":0.3125209801946962},{"rango":{"min":60,"max":69},"vacunados":16244,"personasINE":37718,"porcentaje":0.43066970677130284},{"rango":{"min":70,"max":79},"vacunados":28079,"personasINE":28125,"porcentaje":0.9983644444444445},{"rango":{"min":80,"max":null},"vacunados":22976,"personasINE":22976,"porcentaje":1}]}}},{"ccaa":"Madrid","dosisAdministradas":4329585,"dosisEntregadas":4899735,"dosisEntregadasModerna":452200,"dosisEntregadasPfizer":3209235,"dosisEntregadasAstrazeneca":1036100,"dosisEntregadasJanssen":202200,"dosisPrimeraDosis":2796634,"dosisPautaCompletada":1738568,"porcentajeEntregadas":0.8836365640182581,"porcentajePoblacionAdministradas":0.6385924074261994,"porcentajePoblacionPrimeraDosis":0.4124897048446818,"porcentajePoblacionCompletas":0.2564301947170809,"fechaUltRegistro":1623542400000,"etarios":{"unaDosis":{"etarioTotal":{"vacunados":2796634,"personasINE":5695623,"porcentaje":0.4910145913800826},"etarioRangos":[{"rango":{"min":16,"max":17},"vacunados":493,"personasINE":135861,"porcentaje":0.07439610102644065},{"rango":{"min":18,"max":24},"vacunados":35689,"personasINE":479716,"porcentaje":0.1352393516381924},{"rango":{"min":25,"max":39},"vacunados":182271,"personasINE":1347766,"porcentaje":0.19701947990130114},{"rango":{"min":40,"max":49},"vacunados":229719,"personasINE":1165971,"porcentaje":0.19701947990130114},{"rango":{"min":50,"max":59},"vacunados":801148,"personasINE":972783,"porcentaje":0.8235629117696341},{"rango":{"min":60,"max":69},"vacunados":673659,"personasINE":703323,"porcentaje":0.9578230770215107},{"rango":{"min":70,"max":79},"vacunados":503317,"personasINE":526081,"porcentaje":0.9567290968501049},{"rango":{"min":80,"max":null},"vacunados":370338,"personasINE":370338,"porcentaje":1}]},"pautaCompleta":{"etarioTotal":{"vacunados":1738568,"personasINE":5695623,"porcentaje":0.3052463268724071},"etarioRangos":[{"rango":{"min":16,"max":17},"vacunados":393,"personasINE":135861,"porcentaje":0.05379015917751336},{"rango":{"min":18,"max":24},"vacunados":25804,"personasINE":479716,"porcentaje":0.10172982550383375},{"rango":{"min":25,"max":39},"vacunados":137108,"personasINE":1347766,"porcentaje":0.11403542626703408},{"rango":{"min":40,"max":49},"vacunados":132962,"personasINE":1165971,"porcentaje":0.11403542626703408},{"rango":{"min":50,"max":59},"vacunados":404561,"personasINE":972783,"porcentaje":0.4158800061267518},{"rango":{"min":60,"max":69},"vacunados":185284,"personasINE":703323,"porcentaje":0.2634408372824435},{"rango":{"min":70,"max":79},"vacunados":487807,"personasINE":526081,"porcentaje":0.927246944862103},{"rango":{"min":80,"max":null},"vacunados":364649,"personasINE":364649,"porcentaje":1}]}}},{"ccaa":"Murcia","dosisAdministradas":967055,"dosisEntregadas":1067335,"dosisEntregadasModerna":96900,"dosisEntregadasPfizer":694535,"dosisEntregadasAstrazeneca":230800,"dosisEntregadasJanssen":45100,"dosisPrimeraDosis":631494,"dosisPautaCompletada":370368,"porcentajeEntregadas":0.9060463678226611,"porcentajePoblacionAdministradas":0.6399036295095917,"porcentajePoblacionPrimeraDosis":0.41786175823870425,"porcentajePoblacionCompletas":0.24507378324315418,"fechaUltRegistro":1623542400000,"etarios":{"unaDosis":{"etarioTotal":{"vacunados":631494,"personasINE":1237479,"porcentaje":0.5103068415706449},"etarioRangos":[{"rango":{"min":16,"max":17},"vacunados":156,"personasINE":34712,"porcentaje":0.0664885772792773},{"rango":{"min":18,"max":24},"vacunados":7890,"personasINE":118667,"porcentaje":0.11078463050473229},{"rango":{"min":25,"max":39},"vacunados":32915,"personasINE":297108,"porcentaje":0.4187765829782379},{"rango":{"min":40,"max":49},"vacunados":106435,"personasINE":254156.99999999997,"porcentaje":0.4187765829782379},{"rango":{"min":50,"max":59},"vacunados":178630,"personasINE":213256,"porcentaje":0.8376317665153619},{"rango":{"min":60,"max":69},"vacunados":131976,"personasINE":146909,"porcentaje":0.8983520410594313},{"rango":{"min":70,"max":79},"vacunados":100363,"personasINE":102899,"porcentaje":0.9753544738044102},{"rango":{"min":80,"max":null},"vacunados":73129,"personasINE":73129,"porcentaje":1}]},"pautaCompleta":{"etarioTotal":{"vacunados":370368,"personasINE":1237479,"porcentaje":0.2992923516277852},"etarioRangos":[{"rango":{"min":16,"max":17},"vacunados":127,"personasINE":34712,"porcentaje":0.05778354555183834},{"rango":{"min":18,"max":24},"vacunados":6857,"personasINE":118667,"porcentaje":0.09627475530783419},{"rango":{"min":25,"max":39},"vacunados":28604,"personasINE":297108,"porcentaje":0.1811439385891398},{"rango":{"min":40,"max":49},"vacunados":46039,"personasINE":254156.99999999997,"porcentaje":0.1811439385891398},{"rango":{"min":50,"max":59},"vacunados":78089,"personasINE":213256,"porcentaje":0.3661749259106426},{"rango":{"min":60,"max":69},"vacunados":43442,"personasINE":146909,"porcentaje":0.29570686615523895},{"rango":{"min":70,"max":79},"vacunados":95485,"personasINE":102899,"porcentaje":0.9279487652941234},{"rango":{"min":80,"max":null},"vacunados":71725,"personasINE":71725,"porcentaje":1}]}}},{"ccaa":"Navarra","dosisAdministradas":491186,"dosisEntregadas":507015,"dosisEntregadasModerna":47400,"dosisEntregadasPfizer":338865,"dosisEntregadasAstrazeneca":101000,"dosisEntregadasJanssen":19750,"dosisPrimeraDosis":322077,"dosisPautaCompletada":196493,"porcentajeEntregadas":0.9687800163703244,"porcentajePoblacionAdministradas":0.7428739089862779,"porcentajePoblacionPrimeraDosis":0.48711201049006575,"porcentajePoblacionCompletas":0.2971776943936527,"fechaUltRegistro":1623542400000,"etarios":{"unaDosis":{"etarioTotal":{"vacunados":322077,"personasINE":552935,"porcentaje":0.5824861873457097},"etarioRangos":[{"rango":{"min":16,"max":17},"vacunados":15,"personasINE":13906.000000000002,"porcentaje":0.08246572518297082},{"rango":{"min":18,"max":24},"vacunados":4000,"personasINE":48505,"porcentaje":0.13982925599429694},{"rango":{"min":25,"max":39},"vacunados":16084,"personasINE":115026,"porcentaje":0.42015888594655654},{"rango":{"min":40,"max":49},"vacunados":45378,"personasINE":108002,"porcentaje":0.42015888594655654},{"rango":{"min":50,"max":59},"vacunados":88459,"personasINE":96694,"porcentaje":0.9148344261277845},{"rango":{"min":60,"max":69},"vacunados":70241,"personasINE":73844,"porcentaje":0.9512079518985971},{"rango":{"min":70,"max":79},"vacunados":55552,"personasINE":55792,"porcentaje":0.9956983080011471},{"rango":{"min":80,"max":null},"vacunados":42348,"personasINE":42348,"porcentaje":1}]},"pautaCompleta":{"etarioTotal":{"vacunados":196493,"personasINE":552935,"porcentaje":0.3553636503386474},"etarioRangos":[{"rango":{"min":16,"max":17},"vacunados":9,"personasINE":13906,"porcentaje":0.04446964230491702},{"rango":{"min":18,"max":24},"vacunados":2157,"personasINE":48505,"porcentaje":0.10392433015144402},{"rango":{"min":25,"max":39},"vacunados":11954,"personasINE":115026,"porcentaje":0.16550619432973462},{"rango":{"min":40,"max":49},"vacunados":17875,"personasINE":108002,"porcentaje":0.16550619432973462},{"rango":{"min":50,"max":59},"vacunados":47793,"personasINE":96694,"porcentaje":0.4942705855585662},{"rango":{"min":60,"max":69},"vacunados":20016,"personasINE":73844,"porcentaje":0.2710579058555875},{"rango":{"min":70,"max":79},"vacunados":54943,"personasINE":55792,"porcentaje":0.9847827645540579},{"rango":{"min":80,"max":null},"vacunados":41746,"personasINE":41746,"porcentaje":1}]}}},{"ccaa":"País Vasco","dosisAdministradas":1686878,"dosisEntregadas":1774370,"dosisEntregadasModerna":165000,"dosisEntregadasPfizer":1204920,"dosisEntregadasAstrazeneca":338200,"dosisEntregadasJanssen":66250,"dosisPrimeraDosis":1070689,"dosisPautaCompletada":701888,"porcentajeEntregadas":0.9506912312539099,"porcentajePoblacionAdministradas":0.7596824864985607,"porcentajePoblacionPrimeraDosis":0.4821828737980206,"porcentajePoblacionCompletas":0.31609400388380293,"fechaUltRegistro":1623542400000,"etarios":{"unaDosis":{"etarioTotal":{"vacunados":1070689,"personasINE":1898123,"porcentaje":0.5640777757816537},"etarioRangos":[{"rango":{"min":16,"max":17},"vacunados":58,"personasINE":41824,"porcentaje":0.0952516693628272},{"rango":{"min":18,"max":24},"vacunados":13366,"personasINE":140323,"porcentaje":0.14561254535228663},{"rango":{"min":25,"max":39},"vacunados":52816,"personasINE":362716,"porcentaje":0.21176749978599024},{"rango":{"min":40,"max":49},"vacunados":76688,"personasINE":362133,"porcentaje":0.21176749978599024},{"rango":{"min":50,"max":59},"vacunados":284501,"personasINE":339977,"porcentaje":0.8368242557584777},{"rango":{"min":60,"max":69},"vacunados":271568,"personasINE":280119,"porcentaje":0.9694736879683278},{"rango":{"min":70,"max":79},"vacunados":209829,"personasINE":213081,"porcentaje":0.9847381981499993},{"rango":{"min":80,"max":null},"vacunados":161863,"personasINE":161863,"porcentaje":1}]},"pautaCompleta":{"etarioTotal":{"vacunados":701888,"personasINE":1898123,"porcentaje":0.3697800405980013},"etarioRangos":[{"rango":{"min":16,"max":17},"vacunados":37,"personasINE":41824,"porcentaje":0.05463822751794075},{"rango":{"min":18,"max":24},"vacunados":7667,"personasINE":140323,"porcentaje":0.11400103662369457},{"rango":{"min":25,"max":39},"vacunados":41350,"personasINE":362716,"porcentaje":0.1299025496157489},{"rango":{"min":40,"max":49},"vacunados":47042,"personasINE":362133,"porcentaje":0.1299025496157489},{"rango":{"min":50,"max":59},"vacunados":151676,"personasINE":339977,"porcentaje":0.44613606214538043},{"rango":{"min":60,"max":69},"vacunados":87936,"personasINE":280119,"porcentaje":0.31392372527390144},{"rango":{"min":70,"max":79},"vacunados":206944,"personasINE":213081,"porcentaje":0.9711987460167729},{"rango":{"min":80,"max":null},"vacunados":159236,"personasINE":157950,"porcentaje":1.008141817030706}]}}},{"ccaa":"Ceuta","dosisAdministradas":53931,"dosisEntregadas":54620,"dosisEntregadasModerna":5000,"dosisEntregadasPfizer":33570,"dosisEntregadasAstrazeneca":13500,"dosisEntregadasJanssen":2550,"dosisPrimeraDosis":35850,"dosisPautaCompletada":21062,"porcentajeEntregadas":0.9873855730501647,"porcentajePoblacionAdministradas":0.6404954751668607,"porcentajePoblacionPrimeraDosis":0.42576185838816183,"porcentajePoblacionCompletas":0.25013657632835323,"fechaUltRegistro":1623369600000,"etarios":{"unaDosis":{"etarioTotal":{"vacunados":35850,"personasINE":66158,"porcentaje":0.541884579340367},"etarioRangos":[{"rango":{"min":16,"max":17},"vacunados":11,"personasINE":2175,"porcentaje":0.07914523149980214},{"rango":{"min":18,"max":24},"vacunados":600,"personasINE":7581,"porcentaje":0.1980601469237833},{"rango":{"min":25,"max":39},"vacunados":3451,"personasINE":17424,"porcentaje":0.7125454833096029},{"rango":{"min":40,"max":49},"vacunados":9008,"personasINE":12642,"porcentaje":0.7125454833096029},{"rango":{"min":50,"max":59},"vacunados":9659,"personasINE":11556,"porcentaje":0.8358428521979924},{"rango":{"min":60,"max":69},"vacunados":6993,"personasINE":7857.000000000001,"porcentaje":0.8900343642611683},{"rango":{"min":70,"max":79},"vacunados":3769,"personasINE":4318,"porcentaje":0.8728578045391385},{"rango":{"min":80,"max":null},"vacunados":2359,"personasINE":2605,"porcentaje":0.9055662188099808}]},"pautaCompleta":{"etarioTotal":{"vacunados":21062,"personasINE":66158,"porcentaje":0.3183590797787116},"etarioRangos":[{"rango":{"min":16,"max":17},"vacunados":7,"personasINE":2175,"porcentaje":0.059227014905685264},{"rango":{"min":18,"max":24},"vacunados":449,"personasINE":7581,"porcentaje":0.10554407713498623},{"rango":{"min":25,"max":39},"vacunados":1839,"personasINE":17424,"porcentaje":0.2840531561461794},{"rango":{"min":40,"max":49},"vacunados":3591,"personasINE":12642.000000000002,"porcentaje":0.2840531561461794},{"rango":{"min":50,"max":59},"vacunados":7235,"personasINE":11556,"porcentaje":0.6260816891658013},{"rango":{"min":60,"max":69},"vacunados":1972,"personasINE":7857,"porcentaje":0.250986381570574},{"rango":{"min":70,"max":79},"vacunados":3659,"personasINE":4318,"porcentaje":0.8473830477072719},{"rango":{"min":80,"max":null},"vacunados":2310,"personasINE":2605,"porcentaje":0.8867562380038387}]}}},{"ccaa":"Melilla","dosisAdministradas":48844,"dosisEntregadas":54520,"dosisEntregadasModerna":4900,"dosisEntregadasPfizer":33570,"dosisEntregadasAstrazeneca":13500,"dosisEntregadasJanssen":2550,"dosisPrimeraDosis":31267,"dosisPautaCompletada":19262,"porcentajeEntregadas":0.8958914159941306,"porcentajePoblacionAdministradas":0.560935274932243,"porcentajePoblacionPrimeraDosis":0.35907712802609215,"porcentajePoblacionCompletas":0.221209058753273,"fechaUltRegistro":1623542400000,"etarios":{"unaDosis":{"etarioTotal":{"vacunados":31267,"personasINE":66178,"porcentaje":0.4724681918462329},"etarioRangos":[{"rango":{"min":16,"max":17},"vacunados":7,"personasINE":2324,"porcentaje":0.038776944704779756},{"rango":{"min":18,"max":24},"vacunados":331,"personasINE":8536,"porcentaje":0.17122644116509148},{"rango":{"min":25,"max":39},"vacunados":3098,"personasINE":18093,"porcentaje":0.6599733377770372},{"rango":{"min":40,"max":49},"vacunados":7921,"personasINE":12002,"porcentaje":0.6599733377770372},{"rango":{"min":50,"max":59},"vacunados":8360,"personasINE":11299,"porcentaje":0.7398884857066997},{"rango":{"min":60,"max":69},"vacunados":6458,"personasINE":7826.999999999999,"porcentaje":0.8250926280822793},{"rango":{"min":70,"max":79},"vacunados":3153,"personasINE":3748,"porcentaje":0.8412486659551761},{"rango":{"min":80,"max":null},"vacunados":1939,"personasINE":2349,"porcentaje":0.8254576415495956}]},"pautaCompleta":{"etarioTotal":{"vacunados":19262,"personasINE":66178,"porcentaje":0.29106349542143917},"etarioRangos":[{"rango":{"min":16,"max":17},"vacunados":6,"personasINE":2324,"porcentaje":0.031279287722586695},{"rango":{"min":18,"max":24},"vacunados":267,"personasINE":8536,"porcentaje":0.09539600950643895},{"rango":{"min":25,"max":39},"vacunados":1726,"personasINE":18093,"porcentaje":0.25837360439926677},{"rango":{"min":40,"max":49},"vacunados":3101,"personasINE":12002.000000000002,"porcentaje":0.25837360439926677},{"rango":{"min":50,"max":59},"vacunados":6669,"personasINE":11299,"porcentaje":0.5902292238251172},{"rango":{"min":60,"max":69},"vacunados":2704,"personasINE":7827,"porcentaje":0.345470806183723},{"rango":{"min":70,"max":79},"vacunados":2950,"personasINE":3748,"porcentaje":0.7870864461045891},{"rango":{"min":80,"max":null},"vacunados":1839,"personasINE":2349,"porcentaje":0.7828863346104725}]}}},{"ccaa":"Fuerzas Armadas","dosisAdministradas":99307,"dosisEntregadas":138158,"dosisEntregadasModerna":12000,"dosisEntregadasPfizer":29058,"dosisEntregadasAstrazeneca":96100,"dosisEntregadasJanssen":1000,"dosisPrimeraDosis":75292,"dosisPautaCompletada":24499,"porcentajeEntregadas":0.7187929761577324,"porcentajePoblacionAdministradas":null,"porcentajePoblacionPrimeraDosis":null,"porcentajePoblacionCompletas":null,"fechaUltRegistro":1623369600000},{"ccaa":"Sanidad Exterior","dosisAdministradas":445,"dosisEntregadas":1900,"dosisEntregadasModerna":1900,"dosisEntregadasPfizer":0,"dosisEntregadasAstrazeneca":0,"dosisEntregadasJanssen":0,"dosisPrimeraDosis":445,"dosisPautaCompletada":0,"porcentajeEntregadas":0.23421052631578948,"porcentajePoblacionAdministradas":null,"porcentajePoblacionPrimeraDosis":null,"porcentajePoblacionCompletas":null,"fechaUltRegistro":1623369600000,"etarios":{"unaDosis":{"etarioTotal":{"vacunados":445,"personasINE":"-","porcentaje":"-"},"etarioRangos":[{"rango":{"min":16,"max":17},"vacunados":0,"personasINE":null,"porcentaje":"-"},{"rango":{"min":18,"max":24},"vacunados":50,"personasINE":null,"porcentaje":"-"},{"rango":{"min":25,"max":39},"vacunados":207,"personasINE":null,"porcentaje":"-"},{"rango":{"min":40,"max":49},"vacunados":141,"personasINE":null,"porcentaje":"-"},{"rango":{"min":50,"max":59},"vacunados":42,"personasINE":null,"porcentaje":"-"},{"rango":{"min":60,"max":69},"vacunados":5,"personasINE":null,"porcentaje":"-"},{"rango":{"min":70,"max":79},"vacunados":0,"personasINE":null,"porcentaje":"-"},{"rango":{"min":80,"max":null},"vacunados":0,"personasINE":null,"porcentaje":"-"}]},"pautaCompleta":{"etarioTotal":{"vacunados":0,"personasINE":"-","porcentaje":"-"},"etarioRangos":[{"rango":{"min":16,"max":17},"vacunados":0,"personasINE":null,"porcentaje":"-"},{"rango":{"min":18,"max":24},"vacunados":0,"personasINE":null,"porcentaje":"-"},{"rango":{"min":25,"max":39},"vacunados":0,"personasINE":null,"porcentaje":"-"},{"rango":{"min":40,"max":49},"vacunados":0,"personasINE":null,"porcentaje":"-"},{"rango":{"min":50,"max":59},"vacunados":0,"personasINE":null,"porcentaje":"-"},{"rango":{"min":60,"max":69},"vacunados":0,"personasINE":null,"porcentaje":"-"},{"rango":{"min":70,"max":79},"vacunados":0,"personasINE":null,"porcentaje":"-"},{"rango":{"min":80,"max":null},"vacunados":0,"personasINE":null,"porcentaje":"-"}]}}},{"ccaa":"Totales","dosisAdministradas":33242768,"dosisEntregadas":35991358,"dosisEntregadasModerna":3335900,"dosisEntregadasPfizer":23894133,"dosisEntregadasAstrazeneca":7344700,"dosisEntregadasJanssen":1416625,"dosisPrimeraDosis":21474788,"dosisPautaCompletada":12813055,"porcentajeEntregadas":0.9236319452019566,"porcentajePoblacionAdministradas":0.7081970174691095,"porcentajePoblacionPrimeraDosis":0.45749441840647637,"porcentajePoblacionCompletas":0.2729666595654026,"fechaUltRegistro":null,"etarios":{"unaDosis":{"etarioTotal":{"vacunados":21474788,"personasINE":40129822,"porcentaje":0.535132899418293},"etarioRangos":[{"rango":{"min":16,"max":17},"vacunados":3381,"personasINE":949049,"porcentaje":0.07458601171676638},{"rango":{"min":18,"max":24},"vacunados":246902,"personasINE":3310298.9999999995,"porcentaje":0.1313441813691633},{"rango":{"min":25,"max":39},"vacunados":1157717,"personasINE":8814376,"porcentaje":0.31604664473740063},{"rango":{"min":40,"max":49},"vacunados":2494157,"personasINE":7891737.000000001,"porcentaje":0.31604664473740063},{"rango":{"min":50,"max":59},"vacunados":5837506,"personasINE":7033306,"porcentaje":0.8299803819142805},{"rango":{"min":60,"max":69},"vacunados":4944295,"personasINE":5336986,"porcentaje":0.9264208300340304},{"rango":{"min":70,"max":79},"vacunados":3879820,"personasINE":3960045,"porcentaje":0.9797413918276181},{"rango":{"min":80,"max":null},"vacunados":2911010,"personasINE":2911010,"porcentaje":1}]},"pautaCompleta":{"etarioTotal":{"vacunados":12813055,"personasINE":40129822,"porcentaje":0.31929010300618826},"etarioRangos":[{"rango":{"min":16,"max":17},"vacunados":2414,"personasINE":949049,"porcentaje":0.04729421722931977},{"rango":{"min":18,"max":24},"vacunados":156558,"personasINE":3310299,"porcentaje":0.09195727525124864},{"rango":{"min":25,"max":39},"vacunados":810546,"personasINE":8814376,"porcentaje":0.12192689644877927},{"rango":{"min":40,"max":49},"vacunados":962215,"personasINE":7891737,"porcentaje":0.12192689644877927},{"rango":{"min":50,"max":59},"vacunados":2849796,"personasINE":7033306,"porcentaje":0.40518584005871494},{"rango":{"min":60,"max":69},"vacunados":1388691,"personasINE":5336986,"porcentaje":0.2602013570955592},{"rango":{"min":70,"max":79},"vacunados":3783415,"personasINE":3960045,"porcentaje":0.9553969714990612},{"rango":{"min":80,"max":null},"vacunados":2859420,"personasINE":2859420,"porcentaje":1}]}}}]