[{"ccaa":"Andalucía","dosisAdministradas":6310313,"dosisEntregadas":6664560,"dosisEntregadasModerna":612000,"dosisEntregadasPfizer":4412160,"dosisEntregadasAstrazeneca":1364600,"dosisEntregadasJanssen":275800,"dosisPrimeraDosis":4068120,"dosisPautaCompletada":2346900,"porcentajeEntregadas":0.9468461533844695,"porcentajePoblacionAdministradas":0.7455111761468105,"porcentajePoblacionPrimeraDosis":0.48061465824379274,"porcentajePoblacionCompletas":0.2772667820596141,"fechaUltRegistro":1623888000000,"etarios":{"unaDosis":{"etarioTotal":{"vacunados":4068120,"personasINE":7062213,"porcentaje":0.5760403998010255},"etarioRangos":[{"rango":{"min":16,"max":17},"vacunados":657,"personasINE":181921,"porcentaje":0.07205286923620188},{"rango":{"min":18,"max":24},"vacunados":45094,"personasINE":625846,"porcentaje":0.13467059295054323},{"rango":{"min":25,"max":39},"vacunados":218741,"personasINE":1624267,"porcentaje":0.5489966890811876},{"rango":{"min":40,"max":49},"vacunados":760423,"personasINE":1385113.9999999998,"porcentaje":0.5489966890811876},{"rango":{"min":50,"max":59},"vacunados":1105865,"personasINE":1265021,"porcentaje":0.8741870688312684},{"rango":{"min":60,"max":69},"vacunados":863658,"personasINE":916147,"porcentaje":0.9427067926871998},{"rango":{"min":70,"max":79},"vacunados":642843,"personasINE":650381,"porcentaje":0.9884098705220479},{"rango":{"min":80,"max":null},"vacunados":430839,"personasINE":430839,"porcentaje":1}]},"pautaCompleta":{"etarioTotal":{"vacunados":2346900,"personasINE":7062213,"porcentaje":0.332317929238328},"etarioRangos":[{"rango":{"min":16,"max":17},"vacunados":500,"personasINE":181921,"porcentaje":0.048960926489903266},{"rango":{"min":18,"max":24},"vacunados":30642,"personasINE":625846,"porcentaje":0.10186317889854316},{"rango":{"min":25,"max":39},"vacunados":165453,"personasINE":1624267,"porcentaje":0.1317682154681853},{"rango":{"min":40,"max":49},"vacunados":182514,"personasINE":1385114,"porcentaje":0.1317682154681853},{"rango":{"min":50,"max":59},"vacunados":676966,"personasINE":1265021,"porcentaje":0.5351421043603228},{"rango":{"min":60,"max":69},"vacunados":236774,"personasINE":916147,"porcentaje":0.25844542415136434},{"rango":{"min":70,"max":79},"vacunados":631433,"personasINE":650381,"porcentaje":0.9708663075950865},{"rango":{"min":80,"max":null},"vacunados":422618,"personasINE":422618,"porcentaje":1}]}}},{"ccaa":"Aragón","dosisAdministradas":1074735,"dosisEntregadas":1171905,"dosisEntregadasModerna":110300,"dosisEntregadasPfizer":804105,"dosisEntregadasAstrazeneca":214400,"dosisEntregadasJanssen":43100,"dosisPrimeraDosis":683345,"dosisPautaCompletada":434516,"porcentajeEntregadas":0.9170837226567,"porcentajePoblacionAdministradas":0.8084416097295679,"porcentajePoblacionPrimeraDosis":0.5140286040750991,"porcentajePoblacionCompletas":0.326853423861001,"fechaUltRegistro":1623888000000,"etarios":{"unaDosis":{"etarioTotal":{"vacunados":683345,"personasINE":1132764,"porcentaje":0.6032545172692635},"etarioRangos":[{"rango":{"min":16,"max":17},"vacunados":85,"personasINE":25106,"porcentaje":0.08897734918143081},{"rango":{"min":18,"max":24},"vacunados":7935,"personasINE":89180,"porcentaje":0.15215021199273168},{"rango":{"min":25,"max":39},"vacunados":35168,"personasINE":231140,"porcentaje":0.49244218234601733},{"rango":{"min":40,"max":49},"vacunados":105847,"personasINE":214943,"porcentaje":0.49244218234601733},{"rango":{"min":50,"max":59},"vacunados":169099,"personasINE":198266,"porcentaje":0.8528895524194768},{"rango":{"min":60,"max":69},"vacunados":146790,"personasINE":156367,"porcentaje":0.9387530617073935},{"rango":{"min":70,"max":79},"vacunados":117798,"personasINE":118955,"porcentaje":0.9902736328863856},{"rango":{"min":80,"max":null},"vacunados":100623,"personasINE":100623,"porcentaje":1}]},"pautaCompleta":{"etarioTotal":{"vacunados":434516,"personasINE":1132764,"porcentaje":0.38358916773485036},"etarioRangos":[{"rango":{"min":16,"max":17},"vacunados":59,"personasINE":25106,"porcentaje":0.07304328324736488},{"rango":{"min":18,"max":24},"vacunados":6514,"personasINE":89180,"porcentaje":0.11689019641775547},{"rango":{"min":25,"max":39},"vacunados":27018,"personasINE":231140,"porcentaje":0.17677709904486305},{"rango":{"min":40,"max":49},"vacunados":37997,"personasINE":214943,"porcentaje":0.17677709904486305},{"rango":{"min":50,"max":59},"vacunados":100532,"personasINE":198266,"porcentaje":0.5070561770550674},{"rango":{"min":60,"max":69},"vacunados":47985,"personasINE":156367,"porcentaje":0.3068742125896129},{"rango":{"min":70,"max":79},"vacunados":115696,"personasINE":118955,"porcentaje":0.9726030852002858},{"rango":{"min":80,"max":null},"vacunados":98715,"personasINE":98807,"porcentaje":0.9990688918801299}]}}},{"ccaa":"Asturias","dosisAdministradas":959757,"dosisEntregadas":991665,"dosisEntregadasModerna":93400,"dosisEntregadasPfizer":700565,"dosisEntregadasAstrazeneca":164400,"dosisEntregadasJanssen":33300,"dosisPrimeraDosis":612133,"dosisPautaCompletada":375618,"porcentajeEntregadas":0.9678238114685908,"porcentajePoblacionAdministradas":0.9420613201620756,"porcentajePoblacionPrimeraDosis":0.6008466956685617,"porcentajePoblacionCompletas":0.3686924804472783,"fechaUltRegistro":1623888000000,"etarios":{"unaDosis":{"etarioTotal":{"vacunados":612133,"personasINE":901209,"porcentaje":0.6792353383066525},"etarioRangos":[{"rango":{"min":16,"max":17},"vacunados":63,"personasINE":15563,"porcentaje":0.09003488436479079},{"rango":{"min":18,"max":24},"vacunados":4878,"personasINE":54179,"porcentaje":0.1388118786347049},{"rango":{"min":25,"max":39},"vacunados":21530,"personasINE":155102,"porcentaje":0.6150377560736079},{"rango":{"min":40,"max":49},"vacunados":102707,"personasINE":166993,"porcentaje":0.6150377560736079},{"rango":{"min":50,"max":59},"vacunados":140562,"personasINE":162645,"porcentaje":0.8642257677764457},{"rango":{"min":60,"max":69},"vacunados":140917,"personasINE":149652,"porcentaje":0.9416312511693796},{"rango":{"min":70,"max":79},"vacunados":113154,"personasINE":113154,"porcentaje":1},{"rango":{"min":80,"max":null},"vacunados":88322,"personasINE":88322,"porcentaje":1}]},"pautaCompleta":{"etarioTotal":{"vacunados":375618,"personasINE":901209,"porcentaje":0.416793440811177},"etarioRangos":[{"rango":{"min":16,"max":17},"vacunados":46,"personasINE":15563,"porcentaje":0.08414699422285388},{"rango":{"min":18,"max":24},"vacunados":4559,"personasINE":54179,"porcentaje":0.12852832329692718},{"rango":{"min":25,"max":39},"vacunados":19935,"personasINE":155102,"porcentaje":0.17327073589910955},{"rango":{"min":40,"max":49},"vacunados":28935,"personasINE":166993,"porcentaje":0.17327073589910955},{"rango":{"min":50,"max":59},"vacunados":90234,"personasINE":162645,"porcentaje":0.5547911094715484},{"rango":{"min":60,"max":69},"vacunados":33939,"personasINE":149652,"porcentaje":0.22678614385374068},{"rango":{"min":70,"max":79},"vacunados":111038,"personasINE":111038,"porcentaje":1},{"rango":{"min":80,"max":null},"vacunados":86932,"personasINE":87826,"porcentaje":0.9898207820007743}]}}},{"ccaa":"Baleares","dosisAdministradas":765389,"dosisEntregadas":857100,"dosisEntregadasModerna":77600,"dosisEntregadasPfizer":552600,"dosisEntregadasAstrazeneca":188800,"dosisEntregadasJanssen":38100,"dosisPrimeraDosis":503764,"dosisPautaCompletada":298205,"porcentajeEntregadas":0.8929984832574962,"porcentajePoblacionAdministradas":0.6533170357383382,"porcentajePoblacionPrimeraDosis":0.43000043532333,"porcentajePoblacionCompletas":0.2545403796531583,"fechaUltRegistro":1623888000000,"etarios":{"unaDosis":{"etarioTotal":{"vacunados":503764,"personasINE":986279,"porcentaje":0.5107723068219033},"etarioRangos":[{"rango":{"min":16,"max":17},"vacunados":49,"personasINE":23300,"porcentaje":0.054101282633767865},{"rango":{"min":18,"max":24},"vacunados":4644,"personasINE":85839,"porcentaje":0.1276126290318828},{"rango":{"min":25,"max":39},"vacunados":32909,"personasINE":257881.99999999997,"porcentaje":0.5399278272510332},{"rango":{"min":40,"max":49},"vacunados":111318,"personasINE":206171.99999999997,"porcentaje":0.5399278272510332},{"rango":{"min":50,"max":59},"vacunados":128448,"personasINE":165797,"porcentaje":0.7747305439784797},{"rango":{"min":60,"max":69},"vacunados":98676,"personasINE":117230.99999999999,"porcentaje":0.8417227525142668},{"rango":{"min":70,"max":79},"vacunados":77085,"personasINE":80516,"porcentaje":0.9573873515822942},{"rango":{"min":80,"max":null},"vacunados":50635,"personasINE":50635,"porcentaje":1}]},"pautaCompleta":{"etarioTotal":{"vacunados":298205,"personasINE":986279,"porcentaje":0.3023535936585895},"etarioRangos":[{"rango":{"min":16,"max":17},"vacunados":40,"personasINE":23300,"porcentaje":0.04502615361315952},{"rango":{"min":18,"max":24},"vacunados":3865,"personasINE":85839,"porcentaje":0.09269743526108841},{"rango":{"min":25,"max":39},"vacunados":23905,"personasINE":257882,"porcentaje":0.18321110529072812},{"rango":{"min":40,"max":49},"vacunados":37773,"personasINE":206172,"porcentaje":0.18321110529072812},{"rango":{"min":50,"max":59},"vacunados":93782,"personasINE":165797.00000000003,"porcentaje":0.5656435279287321},{"rango":{"min":60,"max":69},"vacunados":13623,"personasINE":117231,"porcentaje":0.11620646416050362},{"rango":{"min":70,"max":79},"vacunados":75494,"personasINE":80516,"porcentaje":0.9376273038899101},{"rango":{"min":80,"max":null},"vacunados":49723,"personasINE":49723,"porcentaje":1}]}}},{"ccaa":"Canarias","dosisAdministradas":1473850,"dosisEntregadas":1624210,"dosisEntregadasModerna":147100,"dosisEntregadasPfizer":1055310,"dosisEntregadasAstrazeneca":350900,"dosisEntregadasJanssen":70900,"dosisPrimeraDosis":967680,"dosisPautaCompletada":575382,"porcentajeEntregadas":0.9074257639098392,"porcentajePoblacionAdministradas":0.6773357132877931,"porcentajePoblacionPrimeraDosis":0.44471569225791746,"porcentajePoblacionCompletas":0.2644277079641463,"fechaUltRegistro":1623888000000,"etarios":{"unaDosis":{"etarioTotal":{"vacunados":967680,"personasINE":1871033,"porcentaje":0.5171902366232984},"etarioRangos":[{"rango":{"min":16,"max":17},"vacunados":166,"personasINE":44352,"porcentaje":0.0555097956668436},{"rango":{"min":18,"max":24},"vacunados":9098,"personasINE":163899,"porcentaje":0.14996389095744084},{"rango":{"min":25,"max":39},"vacunados":66657,"personasINE":444486.99999999994,"porcentaje":0.4582727544570586},{"rango":{"min":40,"max":49},"vacunados":177775,"personasINE":387924,"porcentaje":0.4582727544570586},{"rango":{"min":50,"max":59},"vacunados":268998,"personasINE":350512,"porcentaje":0.7674430547313644},{"rango":{"min":60,"max":69},"vacunados":206660,"personasINE":235092,"porcentaje":0.879060112636755},{"rango":{"min":70,"max":79},"vacunados":147107,"personasINE":154531,"porcentaje":0.9519578595880438},{"rango":{"min":80,"max":null},"vacunados":91219,"personasINE":91219,"porcentaje":1}]},"pautaCompleta":{"etarioTotal":{"vacunados":575382,"personasINE":1871033,"porcentaje":0.3075210324991596},"etarioRangos":[{"rango":{"min":16,"max":17},"vacunados":74,"personasINE":44352,"porcentaje":0.04007345987467892},{"rango":{"min":18,"max":24},"vacunados":6568,"personasINE":163899,"porcentaje":0.08240285992616207},{"rango":{"min":25,"max":39},"vacunados":36627,"personasINE":444487,"porcentaje":0.1775502417999402},{"rango":{"min":40,"max":49},"vacunados":68876,"personasINE":387924,"porcentaje":0.1775502417999402},{"rango":{"min":50,"max":59},"vacunados":175206,"personasINE":350512,"porcentaje":0.499857351531474},{"rango":{"min":60,"max":69},"vacunados":57575,"personasINE":235092,"porcentaje":0.24490412264134892},{"rango":{"min":70,"max":79},"vacunados":142106,"personasINE":154531,"porcentaje":0.919595420983492},{"rango":{"min":80,"max":null},"vacunados":88350,"personasINE":90236,"porcentaje":0.979099250853318}]}}},{"ccaa":"Cantabria","dosisAdministradas":465168,"dosisEntregadas":516395,"dosisEntregadasModerna":48300,"dosisEntregadasPfizer":355245,"dosisEntregadasAstrazeneca":93900,"dosisEntregadasJanssen":18950,"dosisPrimeraDosis":300867,"dosisPautaCompletada":176620,"porcentajeEntregadas":0.9007988071147087,"porcentajePoblacionAdministradas":0.798016829500519,"porcentajePoblacionPrimeraDosis":0.5161510023074086,"porcentajePoblacionCompletas":0.3029996311577358,"fechaUltRegistro":1623888000000,"etarios":{"unaDosis":{"etarioTotal":{"vacunados":300867,"personasINE":501384,"porcentaje":0.6000729979416973},"etarioRangos":[{"rango":{"min":16,"max":17},"vacunados":26,"personasINE":10791,"porcentaje":0.05524545584657221},{"rango":{"min":18,"max":24},"vacunados":1930,"personasINE":34935,"porcentaje":0.13586325565967328},{"rango":{"min":25,"max":39},"vacunados":13107,"personasINE":96472,"porcentaje":0.40025979604987266},{"rango":{"min":40,"max":49},"vacunados":39133,"personasINE":97769,"porcentaje":0.40025979604987266},{"rango":{"min":50,"max":59},"vacunados":75689,"personasINE":89964,"porcentaje":0.8413254190565115},{"rango":{"min":60,"max":69},"vacunados":73307,"personasINE":77345,"porcentaje":0.9477923589113711},{"rango":{"min":70,"max":79},"vacunados":55539,"personasINE":55539,"porcentaje":1},{"rango":{"min":80,"max":null},"vacunados":42136,"personasINE":42136,"porcentaje":1}]},"pautaCompleta":{"etarioTotal":{"vacunados":176620,"personasINE":501384,"porcentaje":0.3522649306719002},"etarioRangos":[{"rango":{"min":16,"max":17},"vacunados":8,"personasINE":10791,"porcentaje":0.03981680263346214},{"rango":{"min":18,"max":24},"vacunados":1391,"personasINE":34935,"porcentaje":0.07923542582303673},{"rango":{"min":25,"max":39},"vacunados":7644,"personasINE":96472,"porcentaje":0.10143296955067557},{"rango":{"min":40,"max":49},"vacunados":9917,"personasINE":97769,"porcentaje":0.10143296955067557},{"rango":{"min":50,"max":59},"vacunados":34749,"personasINE":89964,"porcentaje":0.3862545018007203},{"rango":{"min":60,"max":69},"vacunados":26463,"personasINE":77345,"porcentaje":0.34214234921455816},{"rango":{"min":70,"max":79},"vacunados":54889,"personasINE":54889,"porcentaje":1},{"rango":{"min":80,"max":null},"vacunados":41559,"personasINE":41559,"porcentaje":1}]}}},{"ccaa":"Castilla y Leon","dosisAdministradas":2061441,"dosisEntregadas":2331205,"dosisEntregadasModerna":227000,"dosisEntregadasPfizer":1640055,"dosisEntregadasAstrazeneca":386100,"dosisEntregadasJanssen":78050,"dosisPrimeraDosis":1298533,"dosisPautaCompletada":830670,"porcentajeEntregadas":0.8842813051619227,"porcentajePoblacionAdministradas":0.8607564016805586,"porcentajePoblacionPrimeraDosis":0.5422035326470468,"porcentajePoblacionCompletas":0.3468469484132651,"fechaUltRegistro":1623888000000,"etarios":{"unaDosis":{"etarioTotal":{"vacunados":1298533,"personasINE":2092873,"porcentaje":0.6204547528684253},"etarioRangos":[{"rango":{"min":16,"max":17},"vacunados":132,"personasINE":40684,"porcentaje":0.06880530667072883},{"rango":{"min":18,"max":24},"vacunados":9937,"personasINE":144422,"porcentaje":0.1342916849685208},{"rango":{"min":25,"max":39},"vacunados":50446,"personasINE":375645,"porcentaje":0.34387360482239443},{"rango":{"min":40,"max":49},"vacunados":124931,"personasINE":363305,"porcentaje":0.34387360482239443},{"rango":{"min":50,"max":59},"vacunados":330063,"personasINE":381175,"porcentaje":0.8659093592182069},{"rango":{"min":60,"max":69},"vacunados":306408,"personasINE":318575,"porcentaje":0.9618080514792435},{"rango":{"min":70,"max":79},"vacunados":248298,"personasINE":248298,"porcentaje":1},{"rango":{"min":80,"max":null},"vacunados":228318,"personasINE":228318,"porcentaje":1}]},"pautaCompleta":{"etarioTotal":{"vacunados":830670,"personasINE":2092873,"porcentaje":0.39690415997530665},"etarioRangos":[{"rango":{"min":16,"max":17},"vacunados":117,"personasINE":40684,"porcentaje":0.04968772070737145},{"rango":{"min":18,"max":24},"vacunados":7176,"personasINE":144422,"porcentaje":0.10544530074937773},{"rango":{"min":25,"max":39},"vacunados":39610,"personasINE":375645,"porcentaje":0.1384786887050825},{"rango":{"min":40,"max":49},"vacunados":50310,"personasINE":363305,"porcentaje":0.1384786887050825},{"rango":{"min":50,"max":59},"vacunados":139728,"personasINE":381175,"porcentaje":0.3665717846133666},{"rango":{"min":60,"max":69},"vacunados":123057,"personasINE":318575,"porcentaje":0.3862732480577572},{"rango":{"min":70,"max":79},"vacunados":245569,"personasINE":245569,"porcentaje":1},{"rango":{"min":80,"max":null},"vacunados":225103,"personasINE":225103,"porcentaje":1}]}}},{"ccaa":"Castilla La Mancha","dosisAdministradas":1550893,"dosisEntregadas":1717080,"dosisEntregadasModerna":161000,"dosisEntregadasPfizer":1160505,"dosisEntregadasAstrazeneca":328900,"dosisEntregadasJanssen":66675,"dosisPrimeraDosis":1010771,"dosisPautaCompletada":596323,"porcentajeEntregadas":0.9032153423253431,"porcentajePoblacionAdministradas":0.7583009366713915,"porcentajePoblacionPrimeraDosis":0.4942111390407198,"porcentajePoblacionCompletas":0.2915689795870471,"fechaUltRegistro":1623888000000},{"ccaa":"Cataluña","dosisAdministradas":5591334,"dosisEntregadas":6323010,"dosisEntregadasModerna":588700,"dosisEntregadasPfizer":4226660,"dosisEntregadasAstrazeneca":1254300,"dosisEntregadasJanssen":253350,"dosisPrimeraDosis":3588063,"dosisPautaCompletada":2116310,"porcentajeEntregadas":0.8842835927825513,"porcentajePoblacionAdministradas":0.7186362176416131,"porcentajePoblacionPrimeraDosis":0.46116222407386487,"porcentajePoblacionCompletas":0.27200253352010845,"fechaUltRegistro":1623888000000,"etarios":{"unaDosis":{"etarioTotal":{"vacunados":3588063,"personasINE":6531658,"porcentaje":0.5493341813058797},"etarioRangos":[{"rango":{"min":16,"max":17},"vacunados":1207,"personasINE":159864,"porcentaje":0.1000492525830643},{"rango":{"min":18,"max":24},"vacunados":55659,"personasINE":556316,"porcentaje":0.13194957733387766},{"rango":{"min":25,"max":39},"vacunados":196192,"personasINE":1486871,"porcentaje":0.48152389776382093},{"rango":{"min":40,"max":49},"vacunados":634049,"personasINE":1316755,"porcentaje":0.48152389776382093},{"rango":{"min":50,"max":59},"vacunados":899368,"personasINE":1091780,"porcentaje":0.8237630291817033},{"rango":{"min":60,"max":69},"vacunados":737727,"personasINE":837584,"porcentaje":0.8807797188102925},{"rango":{"min":70,"max":79},"vacunados":609040,"personasINE":635292,"porcentaje":0.9586772696649729},{"rango":{"min":80,"max":null},"vacunados":454821,"personasINE":454821,"porcentaje":1}]},"pautaCompleta":{"etarioTotal":{"vacunados":2116310,"personasINE":6531658,"porcentaje":0.32400808493035},"etarioRangos":[{"rango":{"min":16,"max":17},"vacunados":711,"personasINE":159864,"porcentaje":0.0727841730239648},{"rango":{"min":18,"max":24},"vacunados":40491,"personasINE":556316,"porcentaje":0.10319926880005058},{"rango":{"min":25,"max":39},"vacunados":153444,"personasINE":1486871,"porcentaje":0.1431298912857745},{"rango":{"min":40,"max":49},"vacunados":188467,"personasINE":1316755,"porcentaje":0.1431298912857745},{"rango":{"min":50,"max":59},"vacunados":559760,"personasINE":1091780,"porcentaje":0.5127040246203448},{"rango":{"min":60,"max":69},"vacunados":134615,"personasINE":837584,"porcentaje":0.16071820856176813},{"rango":{"min":70,"max":79},"vacunados":592961,"personasINE":635292,"porcentaje":0.9333676482625313},{"rango":{"min":80,"max":null},"vacunados":445861,"personasINE":447196,"porcentaje":0.9970147317954543}]}}},{"ccaa":"C. Valenciana","dosisAdministradas":3570491,"dosisEntregadas":4028350,"dosisEntregadasModerna":371100,"dosisEntregadasPfizer":2677150,"dosisEntregadasAstrazeneca":815300,"dosisEntregadasJanssen":164800,"dosisPrimeraDosis":2317863,"dosisPautaCompletada":1377972,"porcentajeEntregadas":0.8863408095125795,"porcentajePoblacionAdministradas":0.7059999568944466,"porcentajePoblacionPrimeraDosis":0.4583154468355284,"porcentajePoblacionCompletas":0.27246901689480646,"fechaUltRegistro":1623888000000,"etarios":{"unaDosis":{"etarioTotal":{"vacunados":2317863,"personasINE":4269305,"porcentaje":0.5429134250188262},"etarioRangos":[{"rango":{"min":16,"max":17},"vacunados":259,"personasINE":103049,"porcentaje":0.06444390279848314},{"rango":{"min":18,"max":24},"vacunados":22738,"personasINE":352834,"porcentaje":0.12186631582746323},{"rango":{"min":25,"max":39},"vacunados":111432,"personasINE":914379,"porcentaje":0.35947077694847746},{"rango":{"min":40,"max":49},"vacunados":306121,"personasINE":851588,"porcentaje":0.35947077694847746},{"rango":{"min":50,"max":59},"vacunados":620861,"personasINE":752334,"porcentaje":0.8252464995600358},{"rango":{"min":60,"max":69},"vacunados":533513,"personasINE":580728,"porcentaje":0.9186968770233225},{"rango":{"min":70,"max":79},"vacunados":428435,"personasINE":437862,"porcentaje":0.9784703856466193},{"rango":{"min":80,"max":null},"vacunados":294504,"personasINE":294504,"porcentaje":1}]},"pautaCompleta":{"etarioTotal":{"vacunados":1377972,"personasINE":4269305,"porcentaje":0.3227626042177825},"etarioRangos":[{"rango":{"min":16,"max":17},"vacunados":159,"personasINE":103049,"porcentaje":0.031839335211459215},{"rango":{"min":18,"max":24},"vacunados":11234,"personasINE":352834,"porcentaje":0.06644400188543263},{"rango":{"min":25,"max":39},"vacunados":60755,"personasINE":914378.9999999999,"porcentaje":0.0979675617787005},{"rango":{"min":40,"max":49},"vacunados":83428,"personasINE":851588,"porcentaje":0.0979675617787005},{"rango":{"min":50,"max":59},"vacunados":302769,"personasINE":752334,"porcentaje":0.4024396079400904},{"rango":{"min":60,"max":69},"vacunados":214863,"personasINE":580728,"porcentaje":0.3699890482291193},{"rango":{"min":70,"max":79},"vacunados":415833,"personasINE":437862,"porcentaje":0.9496896282390342},{"rango":{"min":80,"max":null},"vacunados":288931,"personasINE":288931,"porcentaje":1}]}}},{"ccaa":"Extremadura","dosisAdministradas":885610,"dosisEntregadas":941175,"dosisEntregadasModerna":87400,"dosisEntregadasPfizer":647675,"dosisEntregadasAstrazeneca":171500,"dosisEntregadasJanssen":34600,"dosisPrimeraDosis":563430,"dosisPautaCompletada":359949,"porcentajeEntregadas":0.9409620952532738,"porcentajePoblacionAdministradas":0.8323503952585887,"porcentajePoblacionPrimeraDosis":0.52954594370044,"porcentajePoblacionCompletas":0.3383020657207278,"fechaUltRegistro":1623888000000,"etarios":{"unaDosis":{"etarioTotal":{"vacunados":563430,"personasINE":911213,"porcentaje":0.6183296331373674},"etarioRangos":[{"rango":{"min":16,"max":17},"vacunados":78,"personasINE":20953,"porcentaje":0.039007465040479444},{"rango":{"min":18,"max":24},"vacunados":2968,"personasINE":76088,"porcentaje":0.1244097272784007},{"rango":{"min":25,"max":39},"vacunados":23922,"personasINE":192284,"porcentaje":0.5304776355223394},{"rango":{"min":40,"max":49},"vacunados":84608,"personasINE":159494,"porcentaje":0.5304776355223394},{"rango":{"min":50,"max":59},"vacunados":152057,"personasINE":169216,"porcentaje":0.8985970593797277},{"rango":{"min":60,"max":69},"vacunados":126538,"personasINE":126538,"porcentaje":1},{"rango":{"min":70,"max":79},"vacunados":95276,"personasINE":95276,"porcentaje":1},{"rango":{"min":80,"max":null},"vacunados":77983,"personasINE":77983,"porcentaje":1}]},"pautaCompleta":{"etarioTotal":{"vacunados":359949,"personasINE":911213,"porcentaje":0.39502180061083414},"etarioRangos":[{"rango":{"min":16,"max":17},"vacunados":70,"personasINE":20953,"porcentaje":0.028414467458731996},{"rango":{"min":18,"max":24},"vacunados":2162,"personasINE":76088,"porcentaje":0.09317467912046765},{"rango":{"min":25,"max":39},"vacunados":17916,"personasINE":192284,"porcentaje":0.16657052929890778},{"rango":{"min":40,"max":49},"vacunados":26567,"personasINE":159494,"porcentaje":0.16657052929890778},{"rango":{"min":50,"max":59},"vacunados":88539,"personasINE":169216,"porcentaje":0.5232306637670197},{"rango":{"min":60,"max":69},"vacunados":57397,"personasINE":125297,"porcentaje":0.4580875839006521},{"rango":{"min":70,"max":79},"vacunados":90728,"personasINE":91876,"porcentaje":0.9875048979058731},{"rango":{"min":80,"max":null},"vacunados":76570,"personasINE":76570,"porcentaje":1}]}}},{"ccaa":"Galicia","dosisAdministradas":2354240,"dosisEntregadas":2516755,"dosisEntregadasModerna":235400,"dosisEntregadasPfizer":1757455,"dosisEntregadasAstrazeneca":435700,"dosisEntregadasJanssen":88200,"dosisPrimeraDosis":1462402,"dosisPautaCompletada":990784,"porcentajeEntregadas":0.935426769788875,"porcentajePoblacionAdministradas":0.8713537065214213,"porcentajePoblacionPrimeraDosis":0.5412657176517006,"porcentajePoblacionCompletas":0.36670998316319486,"fechaUltRegistro":1623888000000,"etarios":{"unaDosis":{"etarioTotal":{"vacunados":1462402,"personasINE":2362643,"porcentaje":0.6189686719491688},"etarioRangos":[{"rango":{"min":16,"max":17},"vacunados":55,"personasINE":44014,"porcentaje":0.04503584405381518},{"rango":{"min":18,"max":24},"vacunados":6879,"personasINE":152745,"porcentaje":0.11437627724700135},{"rango":{"min":25,"max":39},"vacunados":50987,"personasINE":445783,"porcentaje":0.3990176458245435},{"rango":{"min":40,"max":49},"vacunados":176853,"personasINE":443221,"porcentaje":0.3990176458245435},{"rango":{"min":50,"max":59},"vacunados":367060,"personasINE":405889,"porcentaje":0.9043359144987916},{"rango":{"min":60,"max":69},"vacunados":331610,"personasINE":346927,"porcentaje":0.9558495014801385},{"rango":{"min":70,"max":79},"vacunados":288298,"personasINE":289762,"porcentaje":0.9949475776671889},{"rango":{"min":80,"max":null},"vacunados":240660,"personasINE":240660,"porcentaje":1}]},"pautaCompleta":{"etarioTotal":{"vacunados":990784,"personasINE":2362643,"porcentaje":0.41935408777373473},"etarioRangos":[{"rango":{"min":16,"max":17},"vacunados":44,"personasINE":44014,"porcentaje":0.028433009263805688},{"rango":{"min":18,"max":24},"vacunados":4343,"personasINE":152745,"porcentaje":0.08937981035615984},{"rango":{"min":25,"max":39},"vacunados":39844,"personasINE":445782.99999999994,"porcentaje":0.1218444071918975},{"rango":{"min":40,"max":49},"vacunados":54004,"personasINE":443221,"porcentaje":0.1218444071918975},{"rango":{"min":50,"max":59},"vacunados":251653,"personasINE":405889,"porcentaje":0.6200044839845377},{"rango":{"min":60,"max":69},"vacunados":117200,"personasINE":346927,"porcentaje":0.33782323082377563},{"rango":{"min":70,"max":79},"vacunados":285242,"personasINE":289762,"porcentaje":0.984400991158261},{"rango":{"min":80,"max":null},"vacunados":238454,"personasINE":238454,"porcentaje":1}]}}},{"ccaa":"La Rioja","dosisAdministradas":246380,"dosisEntregadas":278375,"dosisEntregadasModerna":25800,"dosisEntregadasPfizer":190775,"dosisEntregadasAstrazeneca":51400,"dosisEntregadasJanssen":10400,"dosisPrimeraDosis":156361,"dosisPautaCompletada":102003,"porcentajeEntregadas":0.885065110013471,"porcentajePoblacionAdministradas":0.7701444763280132,"porcentajePoblacionPrimeraDosis":0.48875947911001083,"porcentajePoblacionCompletas":0.3188450646111142,"fechaUltRegistro":1623888000000,"etarios":{"unaDosis":{"etarioTotal":{"vacunados":156361,"personasINE":270788,"porcentaje":0.5774295759043976},"etarioRangos":[{"rango":{"min":16,"max":17},"vacunados":11,"personasINE":6286,"porcentaje":0.07165800661313179},{"rango":{"min":18,"max":24},"vacunados":1517,"personasINE":21170,"porcentaje":0.13634285087157724},{"rango":{"min":25,"max":39},"vacunados":7454,"personasINE":54671.00000000001,"porcentaje":0.3514080117853703},{"rango":{"min":40,"max":49},"vacunados":18606,"personasINE":52947,"porcentaje":0.3514080117853703},{"rango":{"min":50,"max":59},"vacunados":41294,"personasINE":47664,"porcentaje":0.8663561597851628},{"rango":{"min":60,"max":69},"vacunados":35736,"personasINE":37718,"porcentaje":0.9474521448645209},{"rango":{"min":70,"max":79},"vacunados":28450,"personasINE":28450,"porcentaje":1},{"rango":{"min":80,"max":null},"vacunados":23293,"personasINE":23293,"porcentaje":1}]},"pautaCompleta":{"etarioTotal":{"vacunados":102003,"personasINE":270788,"porcentaje":0.3766895135678095},"etarioRangos":[{"rango":{"min":16,"max":17},"vacunados":10,"personasINE":6286,"porcentaje":0.04194615021256495},{"rango":{"min":18,"max":24},"vacunados":888,"personasINE":21170,"porcentaje":0.08902343106948839},{"rango":{"min":25,"max":39},"vacunados":4867,"personasINE":54671.00000000001,"porcentaje":0.12512512512512514},{"rango":{"min":40,"max":49},"vacunados":6625,"personasINE":52946.99999999999,"porcentaje":0.12512512512512514},{"rango":{"min":50,"max":59},"vacunados":21577,"personasINE":47664,"porcentaje":0.4526896609600537},{"rango":{"min":60,"max":69},"vacunados":16846,"personasINE":37718,"porcentaje":0.44663025611114054},{"rango":{"min":70,"max":79},"vacunados":28193,"personasINE":28193,"porcentaje":1},{"rango":{"min":80,"max":null},"vacunados":22997,"personasINE":22997,"porcentaje":1}]}}},{"ccaa":"Madrid","dosisAdministradas":4553362,"dosisEntregadas":5362345,"dosisEntregadasModerna":496200,"dosisEntregadasPfizer":3552045,"dosisEntregadasAstrazeneca":1093300,"dosisEntregadasJanssen":220800,"dosisPrimeraDosis":2875138,"dosisPautaCompletada":1921478,"porcentajeEntregadas":0.8491363386727262,"porcentajePoblacionAdministradas":0.671598409885237,"porcentajePoblacionPrimeraDosis":0.42406865718135756,"porcentajePoblacionCompletas":0.28340851648286813,"fechaUltRegistro":1623888000000,"etarios":{"unaDosis":{"etarioTotal":{"vacunados":2875138,"personasINE":5695623,"porcentaje":0.5047978070177749},"etarioRangos":[{"rango":{"min":16,"max":17},"vacunados":516,"personasINE":135861,"porcentaje":0.07279515379933127},{"rango":{"min":18,"max":24},"vacunados":34921,"personasINE":479716,"porcentaje":0.13134104881707953},{"rango":{"min":25,"max":39},"vacunados":177017,"personasINE":1347766,"porcentaje":0.26557521585013694},{"rango":{"min":40,"max":49},"vacunados":309653,"personasINE":1165971,"porcentaje":0.26557521585013694},{"rango":{"min":50,"max":59},"vacunados":826810,"personasINE":972783,"porcentaje":0.8499428957948484},{"rango":{"min":60,"max":69},"vacunados":651441,"personasINE":703323,"porcentaje":0.9262330394427596},{"rango":{"min":70,"max":79},"vacunados":504100,"personasINE":526081,"porcentaje":0.9582174608092671},{"rango":{"min":80,"max":null},"vacunados":370680,"personasINE":370680,"porcentaje":1}]},"pautaCompleta":{"etarioTotal":{"vacunados":1921478,"personasINE":5695623,"porcentaje":0.33736046083106275},"etarioRangos":[{"rango":{"min":16,"max":17},"vacunados":431,"personasINE":135861,"porcentaje":0.05811771965079338},{"rango":{"min":18,"max":24},"vacunados":27880,"personasINE":479716,"porcentaje":0.10772938329057122},{"rango":{"min":25,"max":39},"vacunados":145194,"personasINE":1347766,"porcentaje":0.13672638513307792},{"rango":{"min":40,"max":49},"vacunados":159419,"personasINE":1165971,"porcentaje":0.13672638513307792},{"rango":{"min":50,"max":59},"vacunados":497242,"personasINE":972783,"porcentaje":0.5111540806120173},{"rango":{"min":60,"max":69},"vacunados":229482,"personasINE":703323,"porcentaje":0.3262825188426939},{"rango":{"min":70,"max":79},"vacunados":496153,"personasINE":526081,"porcentaje":0.9431114220053566},{"rango":{"min":80,"max":null},"vacunados":365677,"personasINE":365677,"porcentaje":1}]}}},{"ccaa":"Murcia","dosisAdministradas":1043065,"dosisEntregadas":1170085,"dosisEntregadasModerna":106700,"dosisEntregadasPfizer":770585,"dosisEntregadasAstrazeneca":243600,"dosisEntregadasJanssen":49200,"dosisPrimeraDosis":683369,"dosisPautaCompletada":397644,"porcentajeEntregadas":0.8914437839985984,"porcentajePoblacionAdministradas":0.6901997087181415,"porcentajePoblacionPrimeraDosis":0.4521876246897438,"porcentajePoblacionCompletas":0.263122406536042,"fechaUltRegistro":1623888000000,"etarios":{"unaDosis":{"etarioTotal":{"vacunados":683369,"personasINE":1237479,"porcentaje":0.5522267448578926},"etarioRangos":[{"rango":{"min":16,"max":17},"vacunados":160,"personasINE":34712,"porcentaje":0.06709531714798554},{"rango":{"min":18,"max":24},"vacunados":7962,"personasINE":118667,"porcentaje":0.11152510198311726},{"rango":{"min":25,"max":39},"vacunados":33135,"personasINE":297108,"porcentaje":0.5947662271745418},{"rango":{"min":40,"max":49},"vacunados":151164,"personasINE":254157,"porcentaje":0.5947662271745418},{"rango":{"min":50,"max":59},"vacunados":182922,"personasINE":213256,"porcentaje":0.857757812206925},{"rango":{"min":60,"max":69},"vacunados":133912,"personasINE":146909,"porcentaje":0.9115302670360563},{"rango":{"min":70,"max":79},"vacunados":100890,"personasINE":102899,"porcentaje":0.9804760007385883},{"rango":{"min":80,"max":null},"vacunados":73224,"personasINE":73224,"porcentaje":1}]},"pautaCompleta":{"etarioTotal":{"vacunados":397644,"personasINE":1237479,"porcentaje":0.3213339377880352},"etarioRangos":[{"rango":{"min":16,"max":17},"vacunados":128,"personasINE":34712,"porcentaje":0.05876949783848922},{"rango":{"min":18,"max":24},"vacunados":6974,"personasINE":118667,"porcentaje":0.09816295757771584},{"rango":{"min":25,"max":39},"vacunados":29165,"personasINE":297108,"porcentaje":0.19289651671998018},{"rango":{"min":40,"max":49},"vacunados":49026,"personasINE":254157,"porcentaje":0.19289651671998018},{"rango":{"min":50,"max":59},"vacunados":97116,"personasINE":213256,"porcentaje":0.45539633117004913},{"rango":{"min":60,"max":69},"vacunados":47173,"personasINE":146909,"porcentaje":0.32110354028684424},{"rango":{"min":70,"max":79},"vacunados":96234,"personasINE":102899,"porcentaje":0.9352277475971584},{"rango":{"min":80,"max":null},"vacunados":71828,"personasINE":71828,"porcentaje":1}]}}},{"ccaa":"Navarra","dosisAdministradas":512955,"dosisEntregadas":552645,"dosisEntregadasModerna":51700,"dosisEntregadasPfizer":372795,"dosisEntregadasAstrazeneca":106600,"dosisEntregadasJanssen":21550,"dosisPrimeraDosis":332100,"dosisPautaCompletada":209218,"porcentajeEntregadas":0.9281817441576419,"porcentajePoblacionAdministradas":0.7757975308417915,"porcentajePoblacionPrimeraDosis":0.5022708814468305,"porcentajePoblacionCompletas":0.31642309326872325,"fechaUltRegistro":1623888000000,"etarios":{"unaDosis":{"etarioTotal":{"vacunados":332100,"personasINE":552935,"porcentaje":0.6006130919547505},"etarioRangos":[{"rango":{"min":16,"max":17},"vacunados":19,"personasINE":13906,"porcentaje":0.07920832903824349},{"rango":{"min":18,"max":24},"vacunados":3842,"personasINE":48505,"porcentaje":0.13724723106080364},{"rango":{"min":25,"max":39},"vacunados":15787,"personasINE":115026,"porcentaje":0.553637895594526},{"rango":{"min":40,"max":49},"vacunados":59794,"personasINE":108002,"porcentaje":0.553637895594526},{"rango":{"min":50,"max":59},"vacunados":86022,"personasINE":96694,"porcentaje":0.8896312077274702},{"rango":{"min":60,"max":69},"vacunados":68701,"personasINE":73844,"porcentaje":0.9303531769676615},{"rango":{"min":70,"max":79},"vacunados":55576,"personasINE":55792,"porcentaje":0.9961284772010324},{"rango":{"min":80,"max":null},"vacunados":42359,"personasINE":42359,"porcentaje":1}]},"pautaCompleta":{"etarioTotal":{"vacunados":209218,"personasINE":552935,"porcentaje":0.378377205277293},"etarioRangos":[{"rango":{"min":16,"max":17},"vacunados":9,"personasINE":13906,"porcentaje":0.048221832800742194},{"rango":{"min":18,"max":24},"vacunados":2339,"personasINE":48505,"porcentaje":0.11384382661311356},{"rango":{"min":25,"max":39},"vacunados":13095,"personasINE":115026,"porcentaje":0.18221884779911482},{"rango":{"min":40,"max":49},"vacunados":19680,"personasINE":108002,"porcentaje":0.18221884779911482},{"rango":{"min":50,"max":59},"vacunados":56463,"personasINE":96694,"porcentaje":0.5839348873766728},{"rango":{"min":60,"max":69},"vacunados":20805,"personasINE":73844,"porcentaje":0.281742592492281},{"rango":{"min":70,"max":79},"vacunados":55043,"personasINE":55792,"porcentaje":0.9865751362202466},{"rango":{"min":80,"max":null},"vacunados":41784,"personasINE":41784,"porcentaje":1}]}}},{"ccaa":"País Vasco","dosisAdministradas":1770547,"dosisEntregadas":1925890,"dosisEntregadasModerna":179400,"dosisEntregadasPfizer":1317240,"dosisEntregadasAstrazeneca":356900,"dosisEntregadasJanssen":72350,"dosisPrimeraDosis":1113961,"dosisPautaCompletada":746261,"porcentajeEntregadas":0.9193396299892517,"porcentajePoblacionAdministradas":0.7973626708170758,"porcentajePoblacionPrimeraDosis":0.501670341508054,"porcentajePoblacionCompletas":0.3360773049722045,"fechaUltRegistro":1623888000000,"etarios":{"unaDosis":{"etarioTotal":{"vacunados":1113961,"personasINE":1898123,"porcentaje":0.5868750339150834},"etarioRangos":[{"rango":{"min":16,"max":17},"vacunados":64,"personasINE":41824,"porcentaje":0.09357696172402244},{"rango":{"min":18,"max":24},"vacunados":13131,"personasINE":140323,"porcentaje":0.14400247025220833},{"rango":{"min":25,"max":39},"vacunados":52232,"personasINE":362716,"porcentaje":0.32865273255958444},{"rango":{"min":40,"max":49},"vacunados":119016,"personasINE":362133,"porcentaje":0.32865273255958444},{"rango":{"min":50,"max":59},"vacunados":291448,"personasINE":339977,"porcentaje":0.8572579909817429},{"rango":{"min":60,"max":69},"vacunados":266179,"personasINE":280119,"porcentaje":0.9502354356541327},{"rango":{"min":70,"max":79},"vacunados":209960,"personasINE":213081,"porcentaje":0.9853529878309187},{"rango":{"min":80,"max":null},"vacunados":161931,"personasINE":161931,"porcentaje":1}]},"pautaCompleta":{"etarioTotal":{"vacunados":746261,"personasINE":1898123,"porcentaje":0.3931573454407328},"etarioRangos":[{"rango":{"min":16,"max":17},"vacunados":41,"personasINE":41824,"porcentaje":0.06426601483719704},{"rango":{"min":18,"max":24},"vacunados":9018,"personasINE":140323,"porcentaje":0.12012979852005426},{"rango":{"min":25,"max":39},"vacunados":43573,"personasINE":362716,"porcentaje":0.14261334923909172},{"rango":{"min":40,"max":49},"vacunados":51645,"personasINE":362133,"porcentaje":0.14261334923909172},{"rango":{"min":50,"max":59},"vacunados":182899,"personasINE":339977,"porcentaje":0.5379746276954029},{"rango":{"min":60,"max":69},"vacunados":92244,"personasINE":280119,"porcentaje":0.32930290340890833},{"rango":{"min":70,"max":79},"vacunados":207430,"personasINE":213081,"porcentaje":0.9734795688024742},{"rango":{"min":80,"max":null},"vacunados":159411,"personasINE":157950,"porcentaje":1.0092497625830958}]}}},{"ccaa":"Ceuta","dosisAdministradas":57940,"dosisEntregadas":60800,"dosisEntregadasModerna":5600,"dosisEntregadasPfizer":38250,"dosisEntregadasAstrazeneca":14200,"dosisEntregadasJanssen":2750,"dosisPrimeraDosis":36412,"dosisPautaCompletada":24987,"porcentajeEntregadas":0.9529605263157894,"porcentajePoblacionAdministradas":0.6881071708510487,"porcentajePoblacionPrimeraDosis":0.4324362841737726,"porcentajePoblacionCompletas":0.2967506710054393,"fechaUltRegistro":1623888000000,"etarios":{"unaDosis":{"etarioTotal":{"vacunados":36412,"personasINE":66158,"porcentaje":0.5503793947821881},"etarioRangos":[{"rango":{"min":16,"max":17},"vacunados":11,"personasINE":2175,"porcentaje":0.07993668381480015},{"rango":{"min":18,"max":24},"vacunados":606,"personasINE":7581.000000000001,"porcentaje":0.24127640036730946},{"rango":{"min":25,"max":39},"vacunados":4204,"personasINE":17424,"porcentaje":0.7141275114697042},{"rango":{"min":40,"max":49},"vacunados":9028,"personasINE":12641.999999999998,"porcentaje":0.7141275114697042},{"rango":{"min":50,"max":59},"vacunados":9438,"personasINE":11556,"porcentaje":0.8167185877466251},{"rango":{"min":60,"max":69},"vacunados":6994,"personasINE":7857,"porcentaje":0.8901616393025328},{"rango":{"min":70,"max":79},"vacunados":3772,"personasINE":4318,"porcentaje":0.873552570634553},{"rango":{"min":80,"max":null},"vacunados":2359,"personasINE":2605,"porcentaje":0.9055662188099808}]},"pautaCompleta":{"etarioTotal":{"vacunados":24987,"personasINE":66158,"porcentaje":0.37768674990175033},"etarioRangos":[{"rango":{"min":16,"max":17},"vacunados":8,"personasINE":2175,"porcentaje":0.06700962933649915},{"rango":{"min":18,"max":24},"vacunados":508,"personasINE":7580.999999999999,"porcentaje":0.11530073461891643},{"rango":{"min":25,"max":39},"vacunados":2009,"personasINE":17424,"porcentaje":0.4439171017244107},{"rango":{"min":40,"max":49},"vacunados":5612,"personasINE":12642,"porcentaje":0.4439171017244107},{"rango":{"min":50,"max":59},"vacunados":8427,"personasINE":11556,"porcentaje":0.7292315680166147},{"rango":{"min":60,"max":69},"vacunados":2421,"personasINE":7857,"porcentaje":0.30813287514318444},{"rango":{"min":70,"max":79},"vacunados":3687,"personasINE":4318,"porcentaje":0.8538675312644743},{"rango":{"min":80,"max":null},"vacunados":2315,"personasINE":2605,"porcentaje":0.8886756238003839}]}}},{"ccaa":"Melilla","dosisAdministradas":53508,"dosisEntregadas":60700,"dosisEntregadasModerna":5500,"dosisEntregadasPfizer":38250,"dosisEntregadasAstrazeneca":14200,"dosisEntregadasJanssen":2750,"dosisPrimeraDosis":33640,"dosisPautaCompletada":23965,"porcentajeEntregadas":0.8815156507413509,"porcentajePoblacionAdministradas":0.6144976801874225,"porcentajePoblacionPrimeraDosis":0.386329183701594,"porcentajePoblacionCompletas":0.27521934861500297,"fechaUltRegistro":1623888000000,"etarios":{"unaDosis":{"etarioTotal":{"vacunados":33640,"personasINE":66178,"porcentaje":0.5083260297984225},"etarioRangos":[{"rango":{"min":16,"max":17},"vacunados":7,"personasINE":2324,"porcentaje":0.03901124648547329},{"rango":{"min":18,"max":24},"vacunados":333,"personasINE":8536,"porcentaje":0.2545183220029846},{"rango":{"min":25,"max":39},"vacunados":4605,"personasINE":18093,"porcentaje":0.7021329778370272},{"rango":{"min":40,"max":49},"vacunados":8427,"personasINE":12001.999999999998,"porcentaje":0.7021329778370272},{"rango":{"min":50,"max":59},"vacunados":8621,"personasINE":11299,"porcentaje":0.7629878750331888},{"rango":{"min":60,"max":69},"vacunados":6543,"personasINE":7827,"porcentaje":0.8359524722115753},{"rango":{"min":70,"max":79},"vacunados":3159,"personasINE":3748,"porcentaje":0.8428495197438634},{"rango":{"min":80,"max":null},"vacunados":1945,"personasINE":2349,"porcentaje":0.8280119199659429}]},"pautaCompleta":{"etarioTotal":{"vacunados":23965,"personasINE":66178,"porcentaje":0.3621294085647798},"etarioRangos":[{"rango":{"min":16,"max":17},"vacunados":6,"personasINE":2324,"porcentaje":0.03526241799437676},{"rango":{"min":18,"max":24},"vacunados":301,"personasINE":8536,"porcentaje":0.11988061681313215},{"rango":{"min":25,"max":39},"vacunados":2169,"personasINE":18093,"porcentaje":0.48766872187968674},{"rango":{"min":40,"max":49},"vacunados":5853,"personasINE":12002,"porcentaje":0.48766872187968674},{"rango":{"min":50,"max":59},"vacunados":7765,"personasINE":11299,"porcentaje":0.6872289583148952},{"rango":{"min":60,"max":69},"vacunados":3024,"personasINE":7826.999999999999,"porcentaje":0.38635492525871984},{"rango":{"min":70,"max":79},"vacunados":2984,"personasINE":3748,"porcentaje":0.7961579509071505},{"rango":{"min":80,"max":null},"vacunados":1863,"personasINE":2349,"porcentaje":0.7931034482758621}]}}},{"ccaa":"Fuerzas Armadas","dosisAdministradas":110597,"dosisEntregadas":162602,"dosisEntregadasModerna":16300,"dosisEntregadasPfizer":38202,"dosisEntregadasAstrazeneca":106100,"dosisEntregadasJanssen":2000,"dosisPrimeraDosis":76394,"dosisPautaCompletada":34759,"porcentajeEntregadas":0.6801699856090331,"porcentajePoblacionAdministradas":null,"porcentajePoblacionPrimeraDosis":null,"porcentajePoblacionCompletas":null,"fechaUltRegistro":1623888000000},{"ccaa":"Sanidad Exterior","dosisAdministradas":565,"dosisEntregadas":2900,"dosisEntregadasModerna":1900,"dosisEntregadasPfizer":0,"dosisEntregadasAstrazeneca":0,"dosisEntregadasJanssen":1000,"dosisPrimeraDosis":565,"dosisPautaCompletada":0,"porcentajeEntregadas":0.19482758620689655,"porcentajePoblacionAdministradas":null,"porcentajePoblacionPrimeraDosis":null,"porcentajePoblacionCompletas":null,"fechaUltRegistro":1623888000000,"etarios":{"unaDosis":{"etarioTotal":{"vacunados":565,"personasINE":"-","porcentaje":"-"},"etarioRangos":[{"rango":{"min":16,"max":17},"vacunados":1,"personasINE":null,"porcentaje":"-"},{"rango":{"min":18,"max":24},"vacunados":57,"personasINE":null,"porcentaje":"-"},{"rango":{"min":25,"max":39},"vacunados":266,"personasINE":null,"porcentaje":"-"},{"rango":{"min":40,"max":49},"vacunados":186,"personasINE":null,"porcentaje":"-"},{"rango":{"min":50,"max":59},"vacunados":47,"personasINE":null,"porcentaje":"-"},{"rango":{"min":60,"max":69},"vacunados":8,"personasINE":null,"porcentaje":"-"},{"rango":{"min":70,"max":79},"vacunados":0,"personasINE":null,"porcentaje":"-"},{"rango":{"min":80,"max":null},"vacunados":0,"personasINE":null,"porcentaje":"-"}]},"pautaCompleta":{"etarioTotal":{"vacunados":0,"personasINE":0,"porcentaje":"-"},"etarioRangos":[{"rango":{"min":16,"max":17},"vacunados":0,"personasINE":null,"porcentaje":"-"},{"rango":{"min":18,"max":24},"vacunados":0,"personasINE":null,"porcentaje":"-"},{"rango":{"min":25,"max":39},"vacunados":0,"personasINE":null,"porcentaje":"-"},{"rango":{"min":40,"max":49},"vacunados":0,"personasINE":null,"porcentaje":"-"},{"rango":{"min":50,"max":59},"vacunados":0,"personasINE":null,"porcentaje":"-"},{"rango":{"min":60,"max":69},"vacunados":0,"personasINE":null,"porcentaje":"-"},{"rango":{"min":70,"max":79},"vacunados":0,"personasINE":null,"porcentaje":"-"},{"rango":{"min":80,"max":null},"vacunados":0,"personasINE":null,"porcentaje":"-"}]}}},{"ccaa":"Totales","dosisAdministradas":35412140,"dosisEntregadas":39259752,"dosisEntregadasModerna":3648400,"dosisEntregadasPfizer":26307627,"dosisEntregadasAstrazeneca":7755100,"dosisEntregadasJanssen":1548625,"dosisPrimeraDosis":22684911,"dosisPautaCompletada":13939564,"porcentajeEntregadas":0.9019960187216669,"porcentajePoblacionAdministradas":0.7544128674904133,"porcentajePoblacionPrimeraDosis":0.48327462718363867,"porcentajePoblacionCompletas":0.2969655730720068,"fechaUltRegistro":null,"etarios":{"unaDosis":{"etarioTotal":{"vacunados":22684911,"personasINE":40129822,"porcentaje":0.565288104193435},"etarioRangos":[{"rango":{"min":16,"max":17},"vacunados":3704,"personasINE":949049,"porcentaje":0.07612333508242004},{"rango":{"min":18,"max":24},"vacunados":251991,"personasINE":3310299,"porcentaje":0.13569105742709411},{"rango":{"min":25,"max":39},"vacunados":1196032,"personasINE":8814376,"porcentaje":0.4440137830239401},{"rango":{"min":40,"max":49},"vacunados":3504040,"personasINE":7891737,"porcentaje":0.4440137830239401},{"rango":{"min":50,"max":59},"vacunados":5981912,"personasINE":7033306,"porcentaje":0.8505121204736436},{"rango":{"min":60,"max":69},"vacunados":4948445,"personasINE":5336986,"porcentaje":0.9271984224804037},{"rango":{"min":70,"max":79},"vacunados":3885726,"personasINE":3960045,"porcentaje":0.9812327890213369},{"rango":{"min":80,"max":null},"vacunados":2913061,"personasINE":2913061,"porcentaje":1}]},"pautaCompleta":{"etarioTotal":{"vacunados":13939564,"personasINE":40129822,"porcentaje":0.34736172016910516},"etarioRangos":[{"rango":{"min":16,"max":17},"vacunados":2569,"personasINE":949049,"porcentaje":0.0530429426465706},{"rango":{"min":18,"max":24},"vacunados":175588,"personasINE":3310299,"porcentaje":0.09916924351763529},{"rango":{"min":25,"max":39},"vacunados":874115,"personasINE":8814376,"porcentaje":0.14255315401412896},{"rango":{"min":40,"max":49},"vacunados":1124992,"personasINE":7891737,"porcentaje":0.14255315401412896},{"rango":{"min":50,"max":59},"vacunados":3560479,"personasINE":7033305.999999999,"porcentaje":0.5062312090501964},{"rango":{"min":60,"max":69},"vacunados":1532725,"personasINE":5336986,"porcentaje":0.28718924876325325},{"rango":{"min":70,"max":79},"vacunados":3805496,"personasINE":3960045,"porcentaje":0.9609729182370402},{"rango":{"min":80,"max":null},"vacunados":2863600,"personasINE":2863600,"porcentaje":1}]}}}]