[{"ccaa":"Andalucía","dosisAdministradas":10242631,"dosisEntregadas":10556340,"dosisEntregadasModerna":1193300,"dosisEntregadasPfizer":7031790,"dosisEntregadasAstrazeneca":1805800,"dosisEntregadasJanssen":525450,"dosisPrimeraDosis":5799016,"dosisPautaCompletada":4725762,"porcentajeEntregadas":0.9702824084862746,"porcentajePoblacionAdministradas":1.2100819537236553,"porcentajePoblacionPrimeraDosis":0.6851056736257254,"porcentajePoblacionCompletas":0.5583096094932063,"fechaUltRegistro":1627862400000,"etarios":{"unaDosis":{"etarioTotal":{"vacunados":5799016,"personasINE":7451975,"porcentaje":0.7781851120005099},"etarioRangos":[{"rango":{"min":12,"max":19},"vacunados":105459,"personasINE":752907,"porcentaje":0.5873106974260018},{"rango":{"min":20,"max":29},"vacunados":545419,"personasINE":928672,"porcentaje":0.8482363184546543},{"rango":{"min":30,"max":39},"vacunados":807228,"personasINE":1140217,"porcentaje":0.8482363184546543},{"rango":{"min":40,"max":49},"vacunados":1174904,"personasINE":1385114,"porcentaje":0.8482363184546543},{"rango":{"min":50,"max":59},"vacunados":1174807,"personasINE":1265021,"porcentaje":0.928685768852849},{"rango":{"min":60,"max":69},"vacunados":908194,"personasINE":916147,"porcentaje":0.9913190787068015},{"rango":{"min":70,"max":79},"vacunados":650402,"personasINE":650402,"porcentaje":1},{"rango":{"min":80,"max":null},"vacunados":432603,"personasINE":432603,"porcentaje":1}]},"pautaCompleta":{"etarioTotal":{"vacunados":4725762,"personasINE":7451975,"porcentaje":0.6341623529332828},"etarioRangos":[{"rango":{"min":12,"max":19},"vacunados":6687,"personasINE":752907,"porcentaje":0.12810658660969643},{"rango":{"min":20,"max":29},"vacunados":118969,"personasINE":928672,"porcentaje":0.7893740154240012},{"rango":{"min":30,"max":39},"vacunados":498023,"personasINE":1140217,"porcentaje":0.7893740154240012},{"rango":{"min":40,"max":49},"vacunados":1093373,"personasINE":1385114,"porcentaje":0.7893740154240012},{"rango":{"min":50,"max":59},"vacunados":1111782,"personasINE":1265021,"porcentaje":0.8788644615385831},{"rango":{"min":60,"max":69},"vacunados":827058,"personasINE":916147,"porcentaje":0.9027568719867008},{"rango":{"min":70,"max":79},"vacunados":644199,"personasINE":650381,"porcentaje":0.9904948022774342},{"rango":{"min":80,"max":null},"vacunados":425671,"personasINE":425671,"porcentaje":1}]}}},{"ccaa":"Aragón","dosisAdministradas":1647228,"dosisEntregadas":1732105,"dosisEntregadasModerna":168100,"dosisEntregadasPfizer":1213605,"dosisEntregadasAstrazeneca":285700,"dosisEntregadasJanssen":64700,"dosisPrimeraDosis":932805,"dosisPautaCompletada":805709,"porcentajeEntregadas":0.9509977743843474,"porcentajePoblacionAdministradas":1.2390846635790373,"porcentajePoblacionPrimeraDosis":0.7016784377207308,"porcentajePoblacionCompletas":0.6060737585856982,"fechaUltRegistro":1627862400000,"etarios":{"unaDosis":{"etarioTotal":{"vacunados":932805,"personasINE":1185134,"porcentaje":0.7870882111221178},"etarioRangos":[{"rango":{"min":12,"max":19},"vacunados":24170,"personasINE":103109,"porcentaje":0.5649879985582933},{"rango":{"min":20,"max":29},"vacunados":73675,"personasINE":130401,"porcentaje":0.8220318875236691},{"rango":{"min":30,"max":39},"vacunados":108054,"personasINE":164286,"porcentaje":0.8220318875236691},{"rango":{"min":40,"max":49},"vacunados":176690,"personasINE":214943,"porcentaje":0.8220318875236691},{"rango":{"min":50,"max":59},"vacunados":179275,"personasINE":198266,"porcentaje":0.9042145400623405},{"rango":{"min":60,"max":69},"vacunados":151421,"personasINE":156367,"porcentaje":0.9683692850793326},{"rango":{"min":70,"max":79},"vacunados":118596,"personasINE":118955,"porcentaje":0.9969820520364844},{"rango":{"min":80,"max":null},"vacunados":100924,"personasINE":100924,"porcentaje":1}]},"pautaCompleta":{"etarioTotal":{"vacunados":805709,"personasINE":1185134,"porcentaje":0.6798463296133602},"etarioRangos":[{"rango":{"min":12,"max":19},"vacunados":8177,"personasINE":103109,"porcentaje":0.2382803812854196},{"rango":{"min":20,"max":29},"vacunados":31072,"personasINE":130401,"porcentaje":0.7815002116840278},{"rango":{"min":30,"max":39},"vacunados":68426,"personasINE":164286,"porcentaje":0.7815002116840278},{"rango":{"min":40,"max":49},"vacunados":167978,"personasINE":214943,"porcentaje":0.7815002116840278},{"rango":{"min":50,"max":59},"vacunados":174658,"personasINE":198266,"porcentaje":0.8809276426618785},{"rango":{"min":60,"max":69},"vacunados":138539,"personasINE":156367,"porcentaje":0.8859861735532434},{"rango":{"min":70,"max":79},"vacunados":117605,"personasINE":118955,"porcentaje":0.9886511706107352},{"rango":{"min":80,"max":null},"vacunados":99254,"personasINE":99254,"porcentaje":1}]}}},{"ccaa":"Asturias","dosisAdministradas":1415818,"dosisEntregadas":1436985,"dosisEntregadasModerna":139600,"dosisEntregadasPfizer":1011785,"dosisEntregadasAstrazeneca":235900,"dosisEntregadasJanssen":49700,"dosisPrimeraDosis":777694,"dosisPautaCompletada":687458,"porcentajeEntregadas":0.985269853199581,"porcentajePoblacionAdministradas":1.3897136193736848,"porcentajePoblacionPrimeraDosis":0.7633551371046267,"porcentajePoblacionCompletas":0.6747828784119106,"fechaUltRegistro":1627862400000,"etarios":{"unaDosis":{"etarioTotal":{"vacunados":777694,"personasINE":933927,"porcentaje":0.8327139059048513},"etarioRangos":[{"rango":{"min":12,"max":19},"vacunados":11737,"personasINE":64000,"porcentaje":0.60010617992441},{"rango":{"min":20,"max":29},"vacunados":47475,"personasINE":79111,"porcentaje":0.8570419119364284},{"rango":{"min":30,"max":39},"vacunados":79015,"personasINE":114451,"porcentaje":0.8570419119364284},{"rango":{"min":40,"max":49},"vacunados":143120,"personasINE":166993,"porcentaje":0.8570419119364284},{"rango":{"min":50,"max":59},"vacunados":148548,"personasINE":162645,"porcentaje":0.9133265701374158},{"rango":{"min":60,"max":69},"vacunados":145298,"personasINE":149652,"porcentaje":0.9709058348702323},{"rango":{"min":70,"max":79},"vacunados":113852,"personasINE":113852,"porcentaje":1},{"rango":{"min":80,"max":null},"vacunados":88649,"personasINE":88649,"porcentaje":1}]},"pautaCompleta":{"etarioTotal":{"vacunados":687458,"personasINE":933927,"porcentaje":0.7360939345366394},"etarioRangos":[{"rango":{"min":12,"max":19},"vacunados":682,"personasINE":63999.99999999999,"porcentaje":0.13618839352302461},{"rango":{"min":20,"max":29},"vacunados":10774,"personasINE":79111,"porcentaje":0.8157707209284222},{"rango":{"min":30,"max":39},"vacunados":51590,"personasINE":114451,"porcentaje":0.8157707209284222},{"rango":{"min":40,"max":49},"vacunados":136228,"personasINE":166993,"porcentaje":0.8157707209284222},{"rango":{"min":50,"max":59},"vacunados":146009,"personasINE":162645,"porcentaje":0.8977158842878662},{"rango":{"min":60,"max":69},"vacunados":141557,"personasINE":149652,"porcentaje":0.9459078395210221},{"rango":{"min":70,"max":79},"vacunados":113051,"personasINE":113051,"porcentaje":1},{"rango":{"min":80,"max":null},"vacunados":87567,"personasINE":87826,"porcentaje":0.9970509871791953}]}}},{"ccaa":"Baleares","dosisAdministradas":1345722,"dosisEntregadas":1550840,"dosisEntregadasModerna":279300,"dosisEntregadasPfizer":952740,"dosisEntregadasAstrazeneca":256400,"dosisEntregadasJanssen":62400,"dosisPrimeraDosis":765878,"dosisPautaCompletada":655147,"porcentajeEntregadas":0.8677374842021098,"porcentajePoblacionAdministradas":1.1486748672477238,"porcentajePoblacionPrimeraDosis":0.6537344339900456,"porcentajePoblacionCompletas":0.5592172032951416,"fechaUltRegistro":1627862400000,"etarios":{"unaDosis":{"etarioTotal":{"vacunados":765878,"personasINE":1034867,"porcentaje":0.7400738452380837},"etarioRangos":[{"rango":{"min":12,"max":19},"vacunados":47046,"personasINE":95480,"porcentaje":0.5651215728349597},{"rango":{"min":20,"max":29},"vacunados":77954,"personasINE":137942,"porcentaje":0.75067904468114},{"rango":{"min":30,"max":39},"vacunados":107611,"personasINE":182187,"porcentaje":0.75067904468114},{"rango":{"min":40,"max":49},"vacunados":154769,"personasINE":206172,"porcentaje":0.75067904468114},{"rango":{"min":50,"max":59},"vacunados":142998,"personasINE":165797,"porcentaje":0.8624884648093754},{"rango":{"min":60,"max":69},"vacunados":106209,"personasINE":117231,"porcentaje":0.9059805000383857},{"rango":{"min":70,"max":79},"vacunados":78270,"personasINE":80516,"porcentaje":0.9721049232450693},{"rango":{"min":80,"max":null},"vacunados":51021,"personasINE":51021,"porcentaje":1}]},"pautaCompleta":{"etarioTotal":{"vacunados":655147,"personasINE":1034867,"porcentaje":0.633073622020994},"etarioRangos":[{"rango":{"min":12,"max":19},"vacunados":16282,"personasINE":95480,"porcentaje":0.334104188716997},{"rango":{"min":20,"max":29},"vacunados":46087,"personasINE":137942,"porcentaje":0.7102758861533088},{"rango":{"min":30,"max":39},"vacunados":78160,"personasINE":182187,"porcentaje":0.7102758861533088},{"rango":{"min":40,"max":49},"vacunados":146439,"personasINE":206172.00000000003,"porcentaje":0.7102758861533088},{"rango":{"min":50,"max":59},"vacunados":139264,"personasINE":165797,"porcentaje":0.8399669475322231},{"rango":{"min":60,"max":69},"vacunados":100963,"personasINE":117231,"porcentaje":0.8612312442954508},{"rango":{"min":70,"max":79},"vacunados":77658,"personasINE":80516,"porcentaje":0.9645039495255602},{"rango":{"min":80,"max":null},"vacunados":50294,"personasINE":50294,"porcentaje":1}]}}},{"ccaa":"Canarias","dosisAdministradas":2565230,"dosisEntregadas":2750280,"dosisEntregadasModerna":336900,"dosisEntregadasPfizer":1776030,"dosisEntregadasAstrazeneca":503700,"dosisEntregadasJanssen":133650,"dosisPrimeraDosis":1487018,"dosisPautaCompletada":1212024,"porcentajeEntregadas":0.9327159416495775,"porcentajePoblacionAdministradas":1.1789000860313095,"porcentajePoblacionPrimeraDosis":0.6833873173672949,"porcentajePoblacionCompletas":0.5570086104840548,"fechaUltRegistro":1627862400000,"etarios":{"unaDosis":{"etarioTotal":{"vacunados":1487018,"personasINE":1960774,"porcentaje":0.7583831690954694},"etarioRangos":[{"rango":{"min":12,"max":19},"vacunados":70722,"personasINE":179797,"porcentaje":0.5981616537172093},{"rango":{"min":20,"max":29},"vacunados":150586,"personasINE":251748,"porcentaje":0.7676091193120302},{"rango":{"min":30,"max":39},"vacunados":198322,"personasINE":310934,"porcentaje":0.7676091193120302},{"rango":{"min":40,"max":49},"vacunados":297774,"personasINE":387924,"porcentaje":0.7676091193120302},{"rango":{"min":50,"max":59},"vacunados":309893,"personasINE":350512,"porcentaje":0.8841152371388141},{"rango":{"min":60,"max":69},"vacunados":217932,"personasINE":235092,"porcentaje":0.927007299270073},{"rango":{"min":70,"max":79},"vacunados":149610,"personasINE":154531,"porcentaje":0.9681552568740253},{"rango":{"min":80,"max":null},"vacunados":92179,"personasINE":92179,"porcentaje":1}]},"pautaCompleta":{"etarioTotal":{"vacunados":1212024,"personasINE":1960774,"porcentaje":0.6181354913926848},"etarioRangos":[{"rango":{"min":12,"max":19},"vacunados":7176,"personasINE":179797,"porcentaje":0.18818421596199375},{"rango":{"min":20,"max":29},"vacunados":47375,"personasINE":251748,"porcentaje":0.7128947938255947},{"rango":{"min":30,"max":39},"vacunados":143302,"personasINE":310934,"porcentaje":0.7128947938255947},{"rango":{"min":40,"max":49},"vacunados":276549,"personasINE":387924,"porcentaje":0.7128947938255947},{"rango":{"min":50,"max":59},"vacunados":301239,"personasINE":350512,"porcentaje":0.8594256402063267},{"rango":{"min":60,"max":69},"vacunados":198309,"personasINE":235092,"porcentaje":0.8435378490123016},{"rango":{"min":70,"max":79},"vacunados":147607,"personasINE":154531,"porcentaje":0.9551934563291508},{"rango":{"min":80,"max":null},"vacunados":90467,"personasINE":90467,"porcentaje":1}]}}},{"ccaa":"Cantabria","dosisAdministradas":712797,"dosisEntregadas":765475,"dosisEntregadasModerna":74900,"dosisEntregadasPfizer":535425,"dosisEntregadasAstrazeneca":130200,"dosisEntregadasJanssen":24950,"dosisPrimeraDosis":394651,"dosisPautaCompletada":339040,"porcentajeEntregadas":0.9311825990398119,"porcentajePoblacionAdministradas":1.2228356250160832,"porcentajePoblacionPrimeraDosis":0.6770417134867602,"porcentajePoblacionCompletas":0.5816385174256525,"fechaUltRegistro":1627862400000,"etarios":{"unaDosis":{"etarioTotal":{"vacunados":394651,"personasINE":524127,"porcentaje":0.7529682691408761},"etarioRangos":[{"rango":{"min":12,"max":19},"vacunados":618,"personasINE":43963,"porcentaje":0.24334224334224333},{"rango":{"min":20,"max":29},"vacunados":12290,"personasINE":50505,"porcentaje":0.8421687856068897},{"rango":{"min":30,"max":39},"vacunados":44267,"personasINE":70473,"porcentaje":0.8421687856068897},{"rango":{"min":40,"max":49},"vacunados":82338,"personasINE":97769,"porcentaje":0.8421687856068897},{"rango":{"min":50,"max":59},"vacunados":81684,"personasINE":89964,"porcentaje":0.9079631852741097},{"rango":{"min":60,"max":69},"vacunados":75322,"personasINE":77345,"porcentaje":0.973844463119788},{"rango":{"min":70,"max":79},"vacunados":55841,"personasINE":55841,"porcentaje":1},{"rango":{"min":80,"max":null},"vacunados":42291,"personasINE":42291,"porcentaje":1}]},"pautaCompleta":{"etarioTotal":{"vacunados":339040,"personasINE":524127,"porcentaje":0.6468661221421526},"etarioRangos":[{"rango":{"min":12,"max":19},"vacunados":275,"personasINE":43963,"porcentaje":0.1074943074943075},{"rango":{"min":20,"max":29},"vacunados":5429,"personasINE":50505,"porcentaje":0.7538994977958249},{"rango":{"min":30,"max":39},"vacunados":12698,"personasINE":70473,"porcentaje":0.7538994977958249},{"rango":{"min":40,"max":49},"vacunados":73708,"personasINE":97769,"porcentaje":0.7538994977958249},{"rango":{"min":50,"max":59},"vacunados":77577,"personasINE":89964,"porcentaje":0.8623115913031879},{"rango":{"min":60,"max":69},"vacunados":72118,"personasINE":77345,"porcentaje":0.932419678065809},{"rango":{"min":70,"max":79},"vacunados":55451,"personasINE":55451,"porcentaje":1},{"rango":{"min":80,"max":null},"vacunados":41784,"personasINE":41784,"porcentaje":1}]}}},{"ccaa":"Castilla y Leon","dosisAdministradas":3084849,"dosisEntregadas":3334755,"dosisEntregadasModerna":336200,"dosisEntregadasPfizer":2371305,"dosisEntregadasAstrazeneca":514400,"dosisEntregadasJanssen":112850,"dosisPrimeraDosis":1733514,"dosisPautaCompletada":1499115,"porcentajeEntregadas":0.9250601618409748,"porcentajePoblacionAdministradas":1.2880812620724384,"porcentajePoblacionPrimeraDosis":0.7238302104706716,"porcentajePoblacionCompletas":0.6259567133404985,"fechaUltRegistro":1627862400000,"etarios":{"unaDosis":{"etarioTotal":{"vacunados":1733514,"personasINE":2176253,"porcentaje":0.7965590397807608},"etarioRangos":[{"rango":{"min":12,"max":19},"vacunados":5453,"personasINE":165341.99999999997,"porcentaje":0.42368937376188354},{"rango":{"min":20,"max":29},"vacunados":89401,"personasINE":211006,"porcentaje":0.8483780845295276},{"rango":{"min":30,"max":39},"vacunados":193554,"personasINE":267783,"porcentaje":0.8483780845295276},{"rango":{"min":40,"max":49},"vacunados":308220,"personasINE":363305,"porcentaje":0.8483780845295276},{"rango":{"min":50,"max":59},"vacunados":343717,"personasINE":381175,"porcentaje":0.9017301764281498},{"rango":{"min":60,"max":69},"vacunados":314894,"personasINE":318575,"porcentaje":0.9884454210154595},{"rango":{"min":70,"max":79},"vacunados":249462,"personasINE":249462,"porcentaje":1},{"rango":{"min":80,"max":null},"vacunados":228813,"personasINE":228813,"porcentaje":1}]},"pautaCompleta":{"etarioTotal":{"vacunados":1499115,"personasINE":2176253,"porcentaje":0.6888514340933706},"etarioRangos":[{"rango":{"min":12,"max":19},"vacunados":1424,"personasINE":165342,"porcentaje":0.13260286437352492},{"rango":{"min":20,"max":29},"vacunados":27980,"personasINE":211006,"porcentaje":0.7915167696563493},{"rango":{"min":30,"max":39},"vacunados":69688,"personasINE":267783,"porcentaje":0.7915167696563493},{"rango":{"min":40,"max":49},"vacunados":287562,"personasINE":363305,"porcentaje":0.7915167696563493},{"rango":{"min":50,"max":59},"vacunados":335690,"personasINE":381175,"porcentaje":0.88067160752935},{"rango":{"min":60,"max":69},"vacunados":303247,"personasINE":318575,"porcentaje":0.9518857411912423},{"rango":{"min":70,"max":79},"vacunados":247646,"personasINE":247646,"porcentaje":1},{"rango":{"min":80,"max":null},"vacunados":225878,"personasINE":225878,"porcentaje":1}]}}},{"ccaa":"Castilla La Mancha","dosisAdministradas":2465218,"dosisEntregadas":2619340,"dosisEntregadasModerna":267100,"dosisEntregadasPfizer":1789965,"dosisEntregadasAstrazeneca":460900,"dosisEntregadasJanssen":101375,"dosisPrimeraDosis":1394987,"dosisPautaCompletada":1144362,"porcentajeEntregadas":0.9411599868669207,"porcentajePoblacionAdministradas":1.2053553136800375,"porcentajePoblacionPrimeraDosis":0.6820715218550953,"porcentajePoblacionCompletas":0.5595297525304112,"fechaUltRegistro":1627862400000},{"ccaa":"Cataluña","dosisAdministradas":9089329,"dosisEntregadas":9713280,"dosisEntregadasModerna":966900,"dosisEntregadasPfizer":6608780,"dosisEntregadasAstrazeneca":1698100,"dosisEntregadasJanssen":439500,"dosisPrimeraDosis":5085670,"dosisPautaCompletada":4485211,"porcentajeEntregadas":0.9357630995914871,"porcentajePoblacionAdministradas":1.1682222906841597,"porcentajePoblacionPrimeraDosis":0.6536448462877414,"porcentajePoblacionCompletas":0.5764697777604695,"fechaUltRegistro":1627862400000,"etarios":{"unaDosis":{"etarioTotal":{"vacunados":5085670,"personasINE":6868360,"porcentaje":0.7404489572474361},"etarioRangos":[{"rango":{"min":12,"max":19},"vacunados":157990,"personasINE":656166,"porcentaje":0.5292460083319923},{"rango":{"min":20,"max":29},"vacunados":444003,"personasINE":838935,"porcentaje":0.7892774282231698},{"rango":{"min":30,"max":39},"vacunados":619557,"personasINE":1044652,"porcentaje":0.7892774282231698},{"rango":{"min":40,"max":49},"vacunados":1039285,"personasINE":1316755,"porcentaje":0.7892774282231698},{"rango":{"min":50,"max":59},"vacunados":975169,"personasINE":1091780,"porcentaje":0.8931918518382824},{"rango":{"min":60,"max":69},"vacunados":778670,"personasINE":837584,"porcentaje":0.929661980171541},{"rango":{"min":70,"max":79},"vacunados":614005,"personasINE":635292,"porcentaje":0.9664925734937635},{"rango":{"min":80,"max":null},"vacunados":456991,"personasINE":456991,"porcentaje":1}]},"pautaCompleta":{"etarioTotal":{"vacunados":4485211,"personasINE":6868360,"porcentaje":0.6530250307205796},"etarioRangos":[{"rango":{"min":12,"max":19},"vacunados":57721,"personasINE":656166,"porcentaje":0.26941300577517924},{"rango":{"min":20,"max":29},"vacunados":226020,"personasINE":838935,"porcentaje":0.7566540472601205},{"rango":{"min":30,"max":39},"vacunados":481370,"personasINE":1044652,"porcentaje":0.7566540472601205},{"rango":{"min":40,"max":49},"vacunados":996328,"personasINE":1316755,"porcentaje":0.7566540472601205},{"rango":{"min":50,"max":59},"vacunados":916823,"personasINE":1091780,"porcentaje":0.8397506823719064},{"rango":{"min":60,"max":69},"vacunados":751605,"personasINE":837584,"porcentaje":0.8973488032245124},{"rango":{"min":70,"max":79},"vacunados":606032,"personasINE":635292,"porcentaje":0.9539424390673895},{"rango":{"min":80,"max":null},"vacunados":449312,"personasINE":449312,"porcentaje":1}]}}},{"ccaa":"C. Valenciana","dosisAdministradas":5789802,"dosisEntregadas":6214180,"dosisEntregadasModerna":670900,"dosisEntregadasPfizer":4226230,"dosisEntregadasAstrazeneca":1009800,"dosisEntregadasJanssen":307250,"dosisPrimeraDosis":3298341,"dosisPautaCompletada":2694406,"porcentajeEntregadas":0.9317081256094931,"porcentajePoblacionAdministradas":1.1448285298653267,"porcentajePoblacionPrimeraDosis":0.6521872212598171,"porcentajePoblacionCompletas":0.5327700083423087,"fechaUltRegistro":1627862400000,"etarios":{"unaDosis":{"etarioTotal":{"vacunados":3298341,"personasINE":4488459,"porcentaje":0.7348493101975533},"etarioRangos":[{"rango":{"min":12,"max":19},"vacunados":5059,"personasINE":424531,"porcentaje":0.31522922697170846},{"rango":{"min":20,"max":29},"vacunados":162698,"personasINE":516126,"porcentaje":0.8414221431020634},{"rango":{"min":30,"max":39},"vacunados":432714,"personasINE":648759,"porcentaje":0.8414221431020634},{"rango":{"min":40,"max":49},"vacunados":716545,"personasINE":851588,"porcentaje":0.8414221431020634},{"rango":{"min":50,"max":59},"vacunados":699891,"personasINE":752334,"porcentaje":0.930292928406798},{"rango":{"min":60,"max":69},"vacunados":554057,"personasINE":580728,"porcentaje":0.954073163339808},{"rango":{"min":70,"max":79},"vacunados":431601,"personasINE":437862,"porcentaje":0.9857009742795675},{"rango":{"min":80,"max":null},"vacunados":295776,"personasINE":295776,"porcentaje":1}]},"pautaCompleta":{"etarioTotal":{"vacunados":2694406,"personasINE":4488459,"porcentaje":0.6002964491822249},"etarioRangos":[{"rango":{"min":12,"max":19},"vacunados":2733,"personasINE":424531,"porcentaje":0.10484649097313446},{"rango":{"min":20,"max":29},"vacunados":54114,"personasINE":516126,"porcentaje":0.7594223967458442},{"rango":{"min":30,"max":39},"vacunados":100680,"personasINE":648759,"porcentaje":0.7594223967458442},{"rango":{"min":40,"max":49},"vacunados":646715,"personasINE":851588,"porcentaje":0.7594223967458442},{"rango":{"min":50,"max":59},"vacunados":659137,"personasINE":752334,"porcentaje":0.8761228390581842},{"rango":{"min":60,"max":69},"vacunados":511313,"personasINE":580728,"porcentaje":0.8804689975341295},{"rango":{"min":70,"max":79},"vacunados":428149,"personasINE":437862,"porcentaje":0.9778172118155949},{"rango":{"min":80,"max":null},"vacunados":291565,"personasINE":291565,"porcentaje":1}]}}},{"ccaa":"Extremadura","dosisAdministradas":1377708,"dosisEntregadas":1390725,"dosisEntregadasModerna":135700,"dosisEntregadasPfizer":975275,"dosisEntregadasAstrazeneca":228000,"dosisEntregadasJanssen":51750,"dosisPrimeraDosis":765196,"dosisPautaCompletada":679793,"porcentajeEntregadas":0.9906401337431915,"porcentajePoblacionAdministradas":1.2948541664512818,"porcentajePoblacionPrimeraDosis":0.7191779598810888,"porcentajePoblacionCompletas":0.638911001732164,"fechaUltRegistro":1627862400000,"etarios":{"unaDosis":{"etarioTotal":{"vacunados":765196,"personasINE":953437,"porcentaje":0.8025658748296951},"etarioRangos":[{"rango":{"min":12,"max":19},"vacunados":2472,"personasINE":84750,"porcentaje":0.4734292269678786},{"rango":{"min":20,"max":29},"vacunados":53649,"personasINE":113320,"porcentaje":0.8922467302845248},{"rango":{"min":30,"max":39},"vacunados":103130,"personasINE":133479,"porcentaje":0.8922467302845248},{"rango":{"min":40,"max":49},"vacunados":142308,"personasINE":159494,"porcentaje":0.8922467302845248},{"rango":{"min":50,"max":59},"vacunados":158617,"personasINE":169216,"porcentaje":0.9373640790468987},{"rango":{"min":60,"max":69},"vacunados":131244,"personasINE":131244,"porcentaje":1},{"rango":{"min":70,"max":79},"vacunados":95694,"personasINE":95694,"porcentaje":1},{"rango":{"min":80,"max":null},"vacunados":78082,"personasINE":78082,"porcentaje":1}]},"pautaCompleta":{"etarioTotal":{"vacunados":679793,"personasINE":953437,"porcentaje":0.7129920487667251},"etarioRangos":[{"rango":{"min":12,"max":19},"vacunados":768,"personasINE":84750,"porcentaje":0.13136251323685139},{"rango":{"min":20,"max":29},"vacunados":14886,"personasINE":113320,"porcentaje":0.8619070309854916},{"rango":{"min":30,"max":39},"vacunados":72263,"personasINE":133479,"porcentaje":0.8619070309854916},{"rango":{"min":40,"max":49},"vacunados":137469,"personasINE":159494,"porcentaje":0.8619070309854916},{"rango":{"min":50,"max":59},"vacunados":156165,"personasINE":169216,"porcentaje":0.9228737235249622},{"rango":{"min":60,"max":69},"vacunados":126407,"personasINE":125296.99999999999,"porcentaje":1.0088589511321102},{"rango":{"min":70,"max":79},"vacunados":94879,"personasINE":94879,"porcentaje":1},{"rango":{"min":80,"max":null},"vacunados":76956,"personasINE":76956,"porcentaje":1}]}}},{"ccaa":"Galicia","dosisAdministradas":3523521,"dosisEntregadas":3672785,"dosisEntregadasModerna":358600,"dosisEntregadasPfizer":2586985,"dosisEntregadasAstrazeneca":595400,"dosisEntregadasJanssen":131800,"dosisPrimeraDosis":1927716,"dosisPautaCompletada":1748125,"porcentajeEntregadas":0.9593594506620997,"porcentajePoblacionAdministradas":1.3041291811183502,"porcentajePoblacionPrimeraDosis":0.7134882092397752,"porcentajePoblacionCompletas":0.6470178054118355,"fechaUltRegistro":1627862400000,"etarios":{"unaDosis":{"etarioTotal":{"vacunados":1927716,"personasINE":2454497,"porcentaje":0.7853812817860442},"etarioRangos":[{"rango":{"min":12,"max":19},"vacunados":6873,"personasINE":180007,"porcentaje":0.17646906022573286},{"rango":{"min":20,"max":29},"vacunados":40761,"personasINE":230981,"porcentaje":0.8823250703373712},{"rango":{"min":30,"max":39},"vacunados":236954,"personasINE":323408,"porcentaje":0.8823250703373712},{"rango":{"min":40,"max":49},"vacunados":391065,"personasINE":443221,"porcentaje":0.8823250703373712},{"rango":{"min":50,"max":59},"vacunados":381851,"personasINE":405889,"porcentaje":0.9407769119143411},{"rango":{"min":60,"max":69},"vacunados":339022,"personasINE":346927,"porcentaje":0.9772142266240448},{"rango":{"min":70,"max":79},"vacunados":289814,"personasINE":289814,"porcentaje":1},{"rango":{"min":80,"max":null},"vacunados":241376,"personasINE":241376,"porcentaje":1}]},"pautaCompleta":{"etarioTotal":{"vacunados":1748125,"personasINE":2454497,"porcentaje":0.7122131336888984},"etarioRangos":[{"rango":{"min":12,"max":19},"vacunados":761,"personasINE":180007,"porcentaje":0.09469177118464289},{"rango":{"min":20,"max":29},"vacunados":21872,"personasINE":230981,"porcentaje":0.8578677454362497},{"rango":{"min":30,"max":39},"vacunados":109750,"personasINE":323408,"porcentaje":0.8578677454362497},{"rango":{"min":40,"max":49},"vacunados":380225,"personasINE":443221,"porcentaje":0.8578677454362497},{"rango":{"min":50,"max":59},"vacunados":375087,"personasINE":405889,"porcentaje":0.9241122572920183},{"rango":{"min":60,"max":69},"vacunados":332555,"personasINE":346927,"porcentaje":0.9585734174624633},{"rango":{"min":70,"max":79},"vacunados":288377,"personasINE":289762,"porcentaje":0.9952202152111043},{"rango":{"min":80,"max":null},"vacunados":239498,"personasINE":239498,"porcentaje":1}]}}},{"ccaa":"La Rioja","dosisAdministradas":369960,"dosisEntregadas":406155,"dosisEntregadasModerna":40500,"dosisEntregadasPfizer":289055,"dosisEntregadasAstrazeneca":61400,"dosisEntregadasJanssen":15200,"dosisPrimeraDosis":214959,"dosisPautaCompletada":179883,"porcentajeEntregadas":0.9108837758983639,"porcentajePoblacionAdministradas":1.156435792119132,"porcentajePoblacionPrimeraDosis":0.6719274555036666,"porcentajePoblacionCompletas":0.5622854892252293,"fechaUltRegistro":1627862400000,"etarios":{"unaDosis":{"etarioTotal":{"vacunados":214959,"personasINE":283970,"porcentaje":0.7569778497728633},"etarioRangos":[{"rango":{"min":12,"max":19},"vacunados":909,"personasINE":25532,"porcentaje":0.35044979972421036},{"rango":{"min":20,"max":29},"vacunados":10674,"personasINE":30458.000000000004,"porcentaje":0.8428995032768618},{"rango":{"min":30,"max":39},"vacunados":25725,"personasINE":39319,"porcentaje":0.8428995032768618},{"rango":{"min":40,"max":49},"vacunados":44629,"personasINE":52947,"porcentaje":0.8428995032768618},{"rango":{"min":50,"max":59},"vacunados":43875,"personasINE":47664,"porcentaje":0.9205060422960725},{"rango":{"min":60,"max":69},"vacunados":37224,"personasINE":37718,"porcentaje":0.9869028050267776},{"rango":{"min":70,"max":79},"vacunados":28576,"personasINE":28576,"porcentaje":1},{"rango":{"min":80,"max":null},"vacunados":23347,"personasINE":23347,"porcentaje":1}]},"pautaCompleta":{"etarioTotal":{"vacunados":179883,"personasINE":283970,"porcentaje":0.6334577596224953},"etarioRangos":[{"rango":{"min":12,"max":19},"vacunados":291,"personasINE":25532,"porcentaje":0.149615864469105},{"rango":{"min":20,"max":29},"vacunados":4557,"personasINE":30458,"porcentaje":0.6864222713279317},{"rango":{"min":30,"max":39},"vacunados":9404,"personasINE":39319,"porcentaje":0.6864222713279317},{"rango":{"min":40,"max":49},"vacunados":36344,"personasINE":52947.00000000001,"porcentaje":0.6864222713279317},{"rango":{"min":50,"max":59},"vacunados":42537,"personasINE":47664,"porcentaje":0.8924345417925479},{"rango":{"min":60,"max":69},"vacunados":35250,"personasINE":37718,"porcentaje":0.9345670502147516},{"rango":{"min":70,"max":79},"vacunados":28421,"personasINE":28421,"porcentaje":1},{"rango":{"min":80,"max":null},"vacunados":23079,"personasINE":23079,"porcentaje":1}]}}},{"ccaa":"Madrid","dosisAdministradas":7886335,"dosisEntregadas":8346235,"dosisEntregadasModerna":983300,"dosisEntregadasPfizer":5672085,"dosisEntregadasAstrazeneca":1309400,"dosisEntregadasJanssen":381450,"dosisPrimeraDosis":4615939,"dosisPautaCompletada":3839926,"porcentajeEntregadas":0.9448973099846817,"porcentajePoblacionAdministradas":1.1631954687157073,"porcentajePoblacionPrimeraDosis":0.6808282083715838,"porcentajePoblacionCompletas":0.5663701229282844,"fechaUltRegistro":1627862400000,"etarios":{"unaDosis":{"etarioTotal":{"vacunados":4615939,"personasINE":5977937,"porcentaje":0.772162537009005},"etarioRangos":[{"rango":{"min":12,"max":19},"vacunados":101351,"personasINE":553542,"porcentaje":0.6013616620088218},{"rango":{"min":20,"max":29},"vacunados":446496,"personasINE":742475.0000000001,"porcentaje":0.8290257647917487},{"rango":{"min":30,"max":39},"vacunados":629303,"personasINE":949639.9999999999,"porcentaje":0.8290257647917487},{"rango":{"min":40,"max":49},"vacunados":966620,"personasINE":1165971,"porcentaje":0.8290257647917487},{"rango":{"min":50,"max":59},"vacunados":914078,"personasINE":972783,"porcentaje":0.9396525227106148},{"rango":{"min":60,"max":69},"vacunados":677390,"personasINE":703323,"porcentaje":0.9631278942960774},{"rango":{"min":70,"max":79},"vacunados":508138,"personasINE":526081,"porcentaje":0.9658930849051762},{"rango":{"min":80,"max":null},"vacunados":372563,"personasINE":372563,"porcentaje":1}]},"pautaCompleta":{"etarioTotal":{"vacunados":3839926,"personasINE":5977937,"porcentaje":0.6423496935481254},"etarioRangos":[{"rango":{"min":12,"max":19},"vacunados":18636,"personasINE":553542,"porcentaje":0.21151553924374558},{"rango":{"min":20,"max":29},"vacunados":157045,"personasINE":742475,"porcentaje":0.7432045908517451},{"rango":{"min":30,"max":39},"vacunados":371753,"personasINE":949640,"porcentaje":0.7432045908517451},{"rango":{"min":40,"max":49},"vacunados":866555,"personasINE":1165971,"porcentaje":0.7432045908517451},{"rango":{"min":50,"max":59},"vacunados":893404,"personasINE":972783,"porcentaje":0.9184000953964039},{"rango":{"min":60,"max":69},"vacunados":658743,"personasINE":703323,"porcentaje":0.936615182497942},{"rango":{"min":70,"max":79},"vacunados":504951,"personasINE":526081,"porcentaje":0.9598350824302722},{"rango":{"min":80,"max":null},"vacunados":368839,"personasINE":368839,"porcentaje":1}]}}},{"ccaa":"Murcia","dosisAdministradas":1718079,"dosisEntregadas":1837445,"dosisEntregadasModerna":229800,"dosisEntregadasPfizer":1259645,"dosisEntregadasAstrazeneca":259900,"dosisEntregadasJanssen":88100,"dosisPrimeraDosis":998561,"dosisPautaCompletada":782193,"porcentajeEntregadas":0.9350369670928925,"porcentajePoblacionAdministradas":1.1368588010859877,"porcentajePoblacionPrimeraDosis":0.6607512583945354,"porcentajePoblacionCompletas":0.5175798063988047,"fechaUltRegistro":1627862400000,"etarios":{"unaDosis":{"etarioTotal":{"vacunados":998561,"personasINE":1310137,"porcentaje":0.7621805963803785},"etarioRangos":[{"rango":{"min":12,"max":19},"vacunados":14565,"personasINE":141894,"porcentaje":0.6046514328177975},{"rango":{"min":20,"max":29},"vacunados":104150,"personasINE":172248.00000000003,"porcentaje":0.8553767946584198},{"rango":{"min":30,"max":39},"vacunados":142256,"personasINE":209003,"porcentaje":0.8553767946584198},{"rango":{"min":40,"max":49},"vacunados":217400,"personasINE":254157,"porcentaje":0.8553767946584198},{"rango":{"min":50,"max":59},"vacunados":200674,"personasINE":213256,"porcentaje":0.9410004876767828},{"rango":{"min":60,"max":69},"vacunados":143675,"personasINE":146909,"porcentaje":0.9779863725163196},{"rango":{"min":70,"max":79},"vacunados":102250,"personasINE":102899,"porcentaje":0.9936928444396933},{"rango":{"min":80,"max":null},"vacunados":73591,"personasINE":73591,"porcentaje":1}]},"pautaCompleta":{"etarioTotal":{"vacunados":782193,"personasINE":1310137,"porcentaje":0.5970314554890062},"etarioRangos":[{"rango":{"min":12,"max":19},"vacunados":1582,"personasINE":141894,"porcentaje":0.13293623148019135},{"rango":{"min":20,"max":29},"vacunados":22898,"personasINE":172248,"porcentaje":0.7633824761859795},{"rango":{"min":30,"max":39},"vacunados":78523,"personasINE":209003,"porcentaje":0.7633824761859795},{"rango":{"min":40,"max":49},"vacunados":194019,"personasINE":254157,"porcentaje":0.7633824761859795},{"rango":{"min":50,"max":59},"vacunados":187176,"personasINE":213256,"porcentaje":0.8777056683047605},{"rango":{"min":60,"max":69},"vacunados":126254,"personasINE":146909,"porcentaje":0.8594027595314107},{"rango":{"min":70,"max":79},"vacunados":99361,"personasINE":102899,"porcentaje":0.9656167698422725},{"rango":{"min":80,"max":null},"vacunados":72380,"personasINE":72380,"porcentaje":1}]}}},{"ccaa":"Navarra","dosisAdministradas":803355,"dosisEntregadas":842385,"dosisEntregadasModerna":89900,"dosisEntregadasPfizer":574035,"dosisEntregadasAstrazeneca":145700,"dosisEntregadasJanssen":32750,"dosisPrimeraDosis":450740,"dosisPautaCompletada":398011,"porcentajeEntregadas":0.9536672661550242,"porcentajePoblacionAdministradas":1.2150009755035187,"porcentajePoblacionPrimeraDosis":0.6817030325303957,"porcentajePoblacionCompletas":0.6019552417811938,"fechaUltRegistro":1627862400000,"etarios":{"unaDosis":{"etarioTotal":{"vacunados":450740,"personasINE":581354,"porcentaje":0.7753279413231869},"etarioRangos":[{"rango":{"min":12,"max":19},"vacunados":7938,"personasINE":56388,"porcentaje":0.5771280109207803},{"rango":{"min":20,"max":29},"vacunados":39318,"personasINE":68127,"porcentaje":0.8403270309809078},{"rango":{"min":30,"max":39},"vacunados":55303,"personasINE":81341,"porcentaje":0.8403270309809078},{"rango":{"min":40,"max":49},"vacunados":90757,"personasINE":108002,"porcentaje":0.8403270309809078},{"rango":{"min":50,"max":59},"vacunados":88956,"personasINE":96694,"porcentaje":0.9199743520797568},{"rango":{"min":60,"max":69},"vacunados":70326,"personasINE":73844,"porcentaje":0.9523590271382916},{"rango":{"min":70,"max":79},"vacunados":55726,"personasINE":55792,"porcentaje":0.9988170347003155},{"rango":{"min":80,"max":null},"vacunados":42416,"personasINE":42416,"porcentaje":1}]},"pautaCompleta":{"etarioTotal":{"vacunados":398011,"personasINE":581354,"porcentaje":0.6846276107156741},"etarioRangos":[{"rango":{"min":12,"max":19},"vacunados":1483,"personasINE":56388,"porcentaje":0.2035463179062633},{"rango":{"min":20,"max":29},"vacunados":13867,"personasINE":68127,"porcentaje":0.8054758245217681},{"rango":{"min":30,"max":39},"vacunados":42419,"personasINE":81341,"porcentaje":0.8054758245217681},{"rango":{"min":40,"max":49},"vacunados":86993,"personasINE":108002,"porcentaje":0.8054758245217681},{"rango":{"min":50,"max":59},"vacunados":87130,"personasINE":96694,"porcentaje":0.9010900366103378},{"rango":{"min":60,"max":69},"vacunados":68688,"personasINE":73844,"porcentaje":0.9301771301662966},{"rango":{"min":70,"max":79},"vacunados":55505,"personasINE":55792,"porcentaje":0.9948558933180385},{"rango":{"min":80,"max":null},"vacunados":41926,"personasINE":41926,"porcentaje":1}]}}},{"ccaa":"País Vasco","dosisAdministradas":2755034,"dosisEntregadas":2937660,"dosisEntregadasModerna":280200,"dosisEntregadasPfizer":1997010,"dosisEntregadasAstrazeneca":549600,"dosisEntregadasJanssen":110850,"dosisPrimeraDosis":1516168,"dosisPautaCompletada":1390465,"porcentajeEntregadas":0.9378328329350571,"porcentajePoblacionAdministradas":1.2407246282825881,"porcentajePoblacionPrimeraDosis":0.6828035436999889,"porcentajePoblacionCompletas":0.6261934227544738,"fechaUltRegistro":1627862400000,"etarios":{"unaDosis":{"etarioTotal":{"vacunados":1516168,"personasINE":1983943,"porcentaje":0.7642195365491852},"etarioRangos":[{"rango":{"min":12,"max":19},"vacunados":22124,"personasINE":168606,"porcentaje":0.35107227564579674},{"rango":{"min":20,"max":29},"vacunados":70753,"personasINE":201534,"porcentaje":0.8298884663921818},{"rango":{"min":30,"max":39},"vacunados":161317,"personasINE":260543.00000000003,"porcentaje":0.8298884663921818},{"rango":{"min":40,"max":49},"vacunados":300530,"personasINE":362133,"porcentaje":0.8298884663921818},{"rango":{"min":50,"max":59},"vacunados":310984,"personasINE":339977,"porcentaje":0.9147207016945264},{"rango":{"min":60,"max":69},"vacunados":273774,"personasINE":280119,"porcentaje":0.9773489124265045},{"rango":{"min":70,"max":79},"vacunados":212969,"personasINE":213081,"porcentaje":0.9994743782880688},{"rango":{"min":80,"max":null},"vacunados":163717,"personasINE":163717,"porcentaje":1}]},"pautaCompleta":{"etarioTotal":{"vacunados":1390465,"personasINE":1983943,"porcentaje":0.7008593492857406},"etarioRangos":[{"rango":{"min":12,"max":19},"vacunados":4239,"personasINE":168606,"porcentaje":0.17209503111137575},{"rango":{"min":20,"max":29},"vacunados":34683,"personasINE":201534,"porcentaje":0.809310391486001},{"rango":{"min":30,"max":39},"vacunados":112160,"personasINE":260543,"porcentaje":0.809310391486001},{"rango":{"min":40,"max":49},"vacunados":293078,"personasINE":362133,"porcentaje":0.809310391486001},{"rango":{"min":50,"max":59},"vacunados":306581,"personasINE":339977,"porcentaje":0.9017698256058498},{"rango":{"min":60,"max":69},"vacunados":267064,"personasINE":280119,"porcentaje":0.953394807206937},{"rango":{"min":70,"max":79},"vacunados":211337,"personasINE":213081,"porcentaje":0.9918153190570722},{"rango":{"min":80,"max":null},"vacunados":161323,"personasINE":157950,"porcentaje":1.021354859132637}]}}},{"ccaa":"Ceuta","dosisAdministradas":93066,"dosisEntregadas":110030,"dosisEntregadasModerna":15600,"dosisEntregadasPfizer":72180,"dosisEntregadasAstrazeneca":18100,"dosisEntregadasJanssen":4150,"dosisPrimeraDosis":51999,"dosisPautaCompletada":46642,"porcentajeEntregadas":0.8458238662183041,"porcentajePoblacionAdministradas":1.1052706586541887,"porcentajePoblacionPrimeraDosis":0.6175506520035153,"porcentajePoblacionCompletas":0.5539298353958338,"fechaUltRegistro":1627862400000,"etarios":{"unaDosis":{"etarioTotal":{"vacunados":51999,"personasINE":70965,"porcentaje":0.7327414922849292},"etarioRangos":[{"rango":{"min":12,"max":19},"vacunados":3204,"personasINE":9126,"porcentaje":0.6548737120452266},{"rango":{"min":20,"max":29},"vacunados":7182,"personasINE":10967,"porcentaje":0.8021673785793387},{"rango":{"min":30,"max":39},"vacunados":7871,"personasINE":11894,"porcentaje":0.8021673785793387},{"rango":{"min":40,"max":49},"vacunados":10141,"personasINE":12642,"porcentaje":0.8021673785793387},{"rango":{"min":50,"max":59},"vacunados":9997,"personasINE":11556,"porcentaje":0.8650917272412599},{"rango":{"min":60,"max":69},"vacunados":7394,"personasINE":7857,"porcentaje":0.9410716558482881},{"rango":{"min":70,"max":79},"vacunados":3836,"personasINE":4318,"porcentaje":0.88837424733673},{"rango":{"min":80,"max":null},"vacunados":2374,"personasINE":2605,"porcentaje":0.9113243761996161}]},"pautaCompleta":{"etarioTotal":{"vacunados":46642,"personasINE":70965,"porcentaje":0.6572535757063341},"etarioRangos":[{"rango":{"min":12,"max":19},"vacunados":1676,"personasINE":9126,"porcentaje":0.49357162396279747},{"rango":{"min":20,"max":29},"vacunados":5413,"personasINE":10967,"porcentaje":0.7662553393450403},{"rango":{"min":30,"max":39},"vacunados":7009,"personasINE":11894,"porcentaje":0.7662553393450403},{"rango":{"min":40,"max":49},"vacunados":9687,"personasINE":12642,"porcentaje":0.7662553393450403},{"rango":{"min":50,"max":59},"vacunados":9738,"personasINE":11556,"porcentaje":0.8426791277258567},{"rango":{"min":60,"max":69},"vacunados":6976,"personasINE":7857,"porcentaje":0.8878706885579738},{"rango":{"min":70,"max":79},"vacunados":3796,"personasINE":4318,"porcentaje":0.8791106993978693},{"rango":{"min":80,"max":null},"vacunados":2347,"personasINE":2605,"porcentaje":0.9009596928982726}]}}},{"ccaa":"Melilla","dosisAdministradas":85109,"dosisEntregadas":108430,"dosisEntregadasModerna":15400,"dosisEntregadasPfizer":72180,"dosisEntregadasAstrazeneca":15100,"dosisEntregadasJanssen":5750,"dosisPrimeraDosis":48723,"dosisPautaCompletada":43626,"porcentajeEntregadas":0.784921147283962,"porcentajePoblacionAdministradas":0.9774105379208967,"porcentajePoblacionPrimeraDosis":0.5595456842298682,"porcentajePoblacionCompletas":0.501010611419909,"fechaUltRegistro":1627603200000,"etarios":{"unaDosis":{"etarioTotal":{"vacunados":48723,"personasINE":70927,"porcentaje":0.6869457329366814},"etarioRangos":[{"rango":{"min":12,"max":19},"vacunados":3183,"personasINE":9574,"porcentaje":0.5893288870362651},{"rango":{"min":20,"max":29},"vacunados":7069,"personasINE":11995,"porcentaje":0.7847858690218297},{"rango":{"min":30,"max":39},"vacunados":7605,"personasINE":12133,"porcentaje":0.7847858690218297},{"rango":{"min":40,"max":49},"vacunados":9419,"personasINE":12002,"porcentaje":0.7847858690218297},{"rango":{"min":50,"max":59},"vacunados":9269,"personasINE":11299,"porcentaje":0.8203380830161962},{"rango":{"min":60,"max":69},"vacunados":6928,"personasINE":7827,"porcentaje":0.8851411779736809},{"rango":{"min":70,"max":79},"vacunados":3264,"personasINE":3748,"porcentaje":0.8708644610458911},{"rango":{"min":80,"max":null},"vacunados":1986,"personasINE":2349,"porcentaje":0.8454661558109834}]},"pautaCompleta":{"etarioTotal":{"vacunados":43626,"personasINE":70927,"porcentaje":0.6150831136238668},"etarioRangos":[{"rango":{"min":12,"max":19},"vacunados":1505,"personasINE":9574,"porcentaje":0.4362651104626928},{"rango":{"min":20,"max":29},"vacunados":5233,"personasINE":11995,"porcentaje":0.7576237293784369},{"rango":{"min":30,"max":39},"vacunados":6927,"personasINE":12133,"porcentaje":0.7576237293784369},{"rango":{"min":40,"max":49},"vacunados":9093,"personasINE":12002,"porcentaje":0.7576237293784369},{"rango":{"min":50,"max":59},"vacunados":9007,"personasINE":11299,"porcentaje":0.7971501902823259},{"rango":{"min":60,"max":69},"vacunados":6748,"personasINE":7827.000000000001,"porcentaje":0.8621438609939951},{"rango":{"min":70,"max":79},"vacunados":3187,"personasINE":3748,"porcentaje":0.8503201707577375},{"rango":{"min":80,"max":null},"vacunados":1926,"personasINE":2349,"porcentaje":0.8199233716475096}]}}},{"ccaa":"Fuerzas Armadas","dosisAdministradas":166893,"dosisEntregadas":213568,"dosisEntregadasModerna":58300,"dosisEntregadasPfizer":49368,"dosisEntregadasAstrazeneca":103900,"dosisEntregadasJanssen":2000,"dosisPrimeraDosis":90076,"dosisPautaCompletada":77978,"porcentajeEntregadas":0.7814513410248727,"porcentajePoblacionAdministradas":null,"porcentajePoblacionPrimeraDosis":null,"porcentajePoblacionCompletas":null,"fechaUltRegistro":1627862400000},{"ccaa":"Sanidad Exterior","dosisAdministradas":4070,"dosisEntregadas":6890,"dosisEntregadasModerna":4180,"dosisEntregadasPfizer":0,"dosisEntregadasAstrazeneca":0,"dosisEntregadasJanssen":2710,"dosisPrimeraDosis":3167,"dosisPautaCompletada":2627,"porcentajeEntregadas":0.590711175616836,"porcentajePoblacionAdministradas":null,"porcentajePoblacionPrimeraDosis":null,"porcentajePoblacionCompletas":null,"fechaUltRegistro":1627862400000,"etarios":{"unaDosis":{"etarioTotal":{"vacunados":3167,"personasINE":"-","porcentaje":"-"},"etarioRangos":[{"rango":{"min":12,"max":19},"vacunados":90,"personasINE":null,"porcentaje":"-"},{"rango":{"min":20,"max":29},"vacunados":809,"personasINE":null,"porcentaje":"-"},{"rango":{"min":30,"max":39},"vacunados":881,"personasINE":null,"porcentaje":"-"},{"rango":{"min":40,"max":49},"vacunados":795,"personasINE":null,"porcentaje":"-"},{"rango":{"min":50,"max":59},"vacunados":418,"personasINE":null,"porcentaje":"-"},{"rango":{"min":60,"max":69},"vacunados":137,"personasINE":null,"porcentaje":"-"},{"rango":{"min":70,"max":79},"vacunados":21,"personasINE":null,"porcentaje":"-"},{"rango":{"min":80,"max":null},"vacunados":16,"personasINE":null,"porcentaje":"-"}]},"pautaCompleta":{"etarioTotal":{"vacunados":2627,"personasINE":"-","porcentaje":"-"},"etarioRangos":[{"rango":{"min":12,"max":19},"vacunados":44,"personasINE":null,"porcentaje":"-"},{"rango":{"min":20,"max":29},"vacunados":614,"personasINE":null,"porcentaje":"-"},{"rango":{"min":30,"max":39},"vacunados":723,"personasINE":null,"porcentaje":"-"},{"rango":{"min":40,"max":49},"vacunados":701,"personasINE":null,"porcentaje":"-"},{"rango":{"min":50,"max":59},"vacunados":390,"personasINE":null,"porcentaje":"-"},{"rango":{"min":60,"max":69},"vacunados":121,"personasINE":null,"porcentaje":"-"},{"rango":{"min":70,"max":79},"vacunados":19,"personasINE":null,"porcentaje":"-"},{"rango":{"min":80,"max":null},"vacunados":15,"personasINE":null,"porcentaje":"-"}]}}},{"ccaa":"Totales","dosisAdministradas":57141754,"dosisEntregadas":60545888,"dosisEntregadasModerna":6644680,"dosisEntregadasPfizer":41065473,"dosisEntregadasAstrazeneca":10187400,"dosisEntregadasJanssen":2648335,"dosisPrimeraDosis":32352818,"dosisPautaCompletada":27437503,"porcentajeEntregadas":0.9437759670813648,"porcentajePoblacionAdministradas":1.2173360460161908,"porcentajePoblacionPrimeraDosis":0.6892377077119727,"porcentajePoblacionCompletas":0.5845228589688964,"fechaUltRegistro":null,"etarios":{"unaDosis":{"etarioTotal":{"vacunados":32352818,"personasINE":42119827,"porcentaje":0.7681137436770573},"etarioRangos":[{"rango":{"min":12,"max":19},"vacunados":609081,"personasINE":3888686,"porcentaje":0.5130646518250065},{"rango":{"min":20,"max":29},"vacunados":2536920,"personasINE":4944640,"porcentaje":0.831523782406839},{"rango":{"min":30,"max":39},"vacunados":4173866,"personasINE":6230403,"porcentaje":0.831523782406839},{"rango":{"min":40,"max":49},"vacunados":6562167,"personasINE":7891737,"porcentaje":0.831523782406839},{"rango":{"min":50,"max":59},"vacunados":6464203,"personasINE":7033306,"porcentaje":0.919084567058507},{"rango":{"min":60,"max":69},"vacunados":5160668,"personasINE":5336986,"porcentaje":0.9669630012145431},{"rango":{"min":70,"max":79},"vacunados":3919637,"personasINE":3960045,"porcentaje":0.9897960755496465},{"rango":{"min":80,"max":null},"vacunados":2926276,"personasINE":2926276,"porcentaje":1}]},"pautaCompleta":{"etarioTotal":{"vacunados":27437503,"personasINE":42119827,"porcentaje":0.651415377370852},"etarioRangos":[{"rango":{"min":12,"max":19},"vacunados":134206,"personasINE":3888685.9999999995,"porcentaje":0.18292737186124775},{"rango":{"min":20,"max":29},"vacunados":904510,"personasINE":4944640,"porcentaje":0.7730576931289018},{"rango":{"min":30,"max":39},"vacunados":2468930,"personasINE":6230403,"porcentaje":0.7730576931289018},{"rango":{"min":40,"max":49},"vacunados":6100768,"personasINE":7891737,"porcentaje":0.7730576931289018},{"rango":{"min":50,"max":59},"vacunados":6191510,"personasINE":7033306,"porcentaje":0.8803128997942077},{"rango":{"min":60,"max":69},"vacunados":4868659,"personasINE":5336986,"porcentaje":0.9122487861126112},{"rango":{"min":70,"max":79},"vacunados":3883372,"personasINE":3960045,"porcentaje":0.9806383513318662},{"rango":{"min":80,"max":null},"vacunados":2885548,"personasINE":2885548,"porcentaje":1}]}}}]