[{"ccaa":"Andalucía","dosisAdministradas":81387,"dosisEntregadas":140295,"porcentajeEntregadas":0.5801133326205495,"porcentajePoblacionAdministradas":0.00961519945097184,"porcentajePoblacionCompletas":null},{"ccaa":"Aragón","dosisAdministradas":10998,"dosisEntregadas":23715,"porcentajeEntregadas":0.4637571157495256,"porcentajePoblacionAdministradas":0.00827296107766639,"porcentajePoblacionCompletas":null},{"ccaa":"Asturias","dosisAdministradas":18943,"dosisEntregadas":23720,"porcentajeEntregadas":0.7986087689713323,"porcentajePoblacionAdministradas":0.018593735276565004,"porcentajePoblacionCompletas":null},{"ccaa":"Baleares","dosisAdministradas":4652,"dosisEntregadas":12840,"porcentajeEntregadas":0.36230529595015576,"porcentajePoblacionAdministradas":0.003970831629739583,"porcentajePoblacionCompletas":null},{"ccaa":"Canarias","dosisAdministradas":13607,"dosisEntregadas":27660,"porcentajeEntregadas":0.4919378163412871,"porcentajePoblacionAdministradas":0.006253354853415884,"porcentajePoblacionCompletas":null},{"ccaa":"Cantabria","dosisAdministradas":8474,"dosisEntregadas":11850,"porcentajeEntregadas":0.7151054852320675,"porcentajePoblacionAdministradas":0.014537531844811762,"porcentajePoblacionCompletas":null},{"ccaa":"Castilla y Leon","dosisAdministradas":36205,"dosisEntregadas":51390,"porcentajeEntregadas":0.704514496983849,"porcentajePoblacionAdministradas":0.015117427820075677,"porcentajePoblacionCompletas":null},{"ccaa":"Castilla La Mancha","dosisAdministradas":19209,"dosisEntregadas":35550,"porcentajeEntregadas":0.5403375527426161,"porcentajePoblacionAdministradas":0.00939213904023086,"porcentajePoblacionCompletas":null},{"ccaa":"Cataluña","dosisAdministradas":68405,"dosisEntregadas":120545,"porcentajeEntregadas":0.5674644323696545,"porcentajePoblacionAdministradas":0.00879187515318787,"porcentajePoblacionCompletas":null},{"ccaa":"C. Valenciana","dosisAdministradas":45674,"dosisEntregadas":61225,"porcentajeEntregadas":0.7460024499795835,"porcentajePoblacionAdministradas":0.009031206641102569,"porcentajePoblacionCompletas":null},{"ccaa":"Extremadura","dosisAdministradas":9303,"dosisEntregadas":21725,"porcentajeEntregadas":0.4282163406214039,"porcentajePoblacionAdministradas":0.00874352788144968,"porcentajePoblacionCompletas":null},{"ccaa":"Galicia","dosisAdministradas":30418,"dosisEntregadas":37555,"porcentajeEntregadas":0.8099587272001065,"porcentajePoblacionAdministradas":0.011258341139802482,"porcentajePoblacionCompletas":null},{"ccaa":"La Rioja","dosisAdministradas":3457,"dosisEntregadas":5915,"porcentajeEntregadas":0.5844463229078614,"porcentajePoblacionAdministradas":0.010806029120326088,"porcentajePoblacionCompletas":null},{"ccaa":"Madrid","dosisAdministradas":24897,"dosisEntregadas":98790,"porcentajeEntregadas":0.25201943516550257,"porcentajePoblacionAdministradas":0.00367218455526109,"porcentajePoblacionCompletas":null},{"ccaa":"Murcia","dosisAdministradas":10361,"dosisEntregadas":25685,"porcentajeEntregadas":0.40338719096749076,"porcentajePoblacionAdministradas":0.006855909441912693,"porcentajePoblacionCompletas":null},{"ccaa":"Navarra","dosisAdministradas":5468,"dosisEntregadas":11850,"porcentajeEntregadas":0.4614345991561181,"porcentajePoblacionAdministradas":0.00826984998419533,"porcentajePoblacionCompletas":null},{"ccaa":"País Vasco","dosisAdministradas":13103,"dosisEntregadas":31605,"porcentajeEntregadas":0.4145862996361335,"porcentajePoblacionAdministradas":0.005900912585611194,"porcentajePoblacionCompletas":null},{"ccaa":"Ceuta","dosisAdministradas":698,"dosisEntregadas":1005,"porcentajeEntregadas":0.6945273631840796,"porcentajePoblacionAdministradas":0.008289589320918743,"porcentajePoblacionCompletas":null},{"ccaa":"Melilla","dosisAdministradas":832,"dosisEntregadas":1005,"porcentajeEntregadas":0.8278606965174129,"porcentajePoblacionAdministradas":0.00955487160641279,"porcentajePoblacionCompletas":null},{"ccaa":"Totales","dosisAdministradas":406091,"dosisEntregadas":743925,"porcentajeEntregadas":0.5458762644083744,"porcentajePoblacionAdministradas":0.0086512782275245,"porcentajePoblacionCompletas":null}]
