[{"ccaa":"Andalucía","dosisAdministradas":2528038,"dosisEntregadas":2549950,"dosisEntregadasModerna":219200,"dosisEntregadasPfizer":1653300,"dosisEntregadasAstrazeneca":651300,"dosisEntregadasJanssen":26150,"dosisPautaCompletada":690760,"porcentajeEntregadas":0.991406890331183,"porcentajePoblacionAdministradas":0.29866673534638144,"porcentajePoblacionCompletas":0.0816075684415608,"fechaUltRegistro":1619308800000,"etarios":{"unaDosis":{"etarioTotal":{"vacunados":1837278,"personasINE":7062213,"porcentaje":0.2601561295305027},"etarioRangos":[{"rango":{"min":16,"max":17},"vacunados":322,"personasINE":181921,"porcentaje":0.0017699990655284437},{"rango":{"min":18,"max":24},"vacunados":29275,"personasINE":625846,"porcentaje":0.0467766830817805},{"rango":{"min":25,"max":49},"vacunados":335645,"personasINE":3009381,"porcentaje":0.11153290327811599},{"rango":{"min":50,"max":59},"vacunados":150912,"personasINE":1265021,"porcentaje":0.11929604330679096},{"rango":{"min":60,"max":69},"vacunados":407786,"personasINE":916147,"porcentaje":0.44510979133261364},{"rango":{"min":70,"max":79},"vacunados":490596,"personasINE":650381,"porcentaje":0.7543209288094209},{"rango":{"min":80,"max":null},"vacunados":422742,"personasINE":413516,"porcentaje":1.0223111076717708}]},"pautaCompleta":{"etarioTotal":{"vacunados":690760,"personasINE":7062213,"porcentaje":0.09781070041359557},"etarioRangos":[{"rango":{"min":16,"max":17},"vacunados":151,"personasINE":181921,"porcentaje":0.0008300306176856988},{"rango":{"min":18,"max":24},"vacunados":13012,"personasINE":625846,"porcentaje":0.02079105722494032},{"rango":{"min":25,"max":49},"vacunados":138031,"personasINE":3009381,"porcentaje":0.0458669075135385},{"rango":{"min":50,"max":59},"vacunados":73989,"personasINE":1265021,"porcentaje":0.05848835711027722},{"rango":{"min":60,"max":69},"vacunados":44846,"personasINE":916147,"porcentaje":0.04895065966487911},{"rango":{"min":70,"max":79},"vacunados":32331,"personasINE":650381,"porcentaje":0.049710861787167826},{"rango":{"min":80,"max":null},"vacunados":388400,"personasINE":413516,"porcentaje":0.9392623260043143}]}}},{"ccaa":"Aragón","dosisAdministradas":461499,"dosisEntregadas":484795,"dosisEntregadasModerna":45800,"dosisEntregadasPfizer":332595,"dosisEntregadasAstrazeneca":102300,"dosisEntregadasJanssen":4100,"dosisPautaCompletada":128024,"porcentajeEntregadas":0.9519466991202467,"porcentajePoblacionAdministradas":0.3471506877961412,"porcentajePoblacionCompletas":0.09630274313576667,"fechaUltRegistro":1619308800000,"etarios":{"unaDosis":{"etarioTotal":{"vacunados":337540,"personasINE":1132764,"porcentaje":0.29797910244322734},"etarioRangos":[{"rango":{"min":16,"max":17},"vacunados":34,"personasINE":25106,"porcentaje":0.0013542579463076555},{"rango":{"min":18,"max":24},"vacunados":5839,"personasINE":89180,"porcentaje":0.06547432159677058},{"rango":{"min":25,"max":49},"vacunados":51193,"personasINE":446083,"porcentaje":0.11476115431433163},{"rango":{"min":50,"max":59},"vacunados":27613,"personasINE":198266,"porcentaje":0.13927249251006224},{"rango":{"min":60,"max":69},"vacunados":65073,"personasINE":156367,"porcentaje":0.4161555826996745},{"rango":{"min":70,"max":79},"vacunados":89125,"personasINE":118955,"porcentaje":0.7492329031986886},{"rango":{"min":80,"max":null},"vacunados":98663,"personasINE":98807,"porcentaje":0.9985426133775948}]},"pautaCompleta":{"etarioTotal":{"vacunados":128024,"personasINE":1132764,"porcentaje":0.11301912843275387},"etarioRangos":[{"rango":{"min":16,"max":17},"vacunados":27,"personasINE":25106,"porcentaje":0.00107544013383255},{"rango":{"min":18,"max":24},"vacunados":1478,"personasINE":89180,"porcentaje":0.016573222695671675},{"rango":{"min":25,"max":49},"vacunados":22011,"personasINE":446083,"porcentaje":0.049342835301950536},{"rango":{"min":50,"max":59},"vacunados":14295,"personasINE":198266,"porcentaje":0.07210010793580342},{"rango":{"min":60,"max":69},"vacunados":12561,"personasINE":156367,"porcentaje":0.08033024870976613},{"rango":{"min":70,"max":79},"vacunados":4908,"personasINE":118955,"porcentaje":0.04125929973519398},{"rango":{"min":80,"max":null},"vacunados":72744,"personasINE":98807,"porcentaje":0.7362231420850749}]}}},{"ccaa":"Asturias","dosisAdministradas":428663,"dosisEntregadas":442895,"dosisEntregadasModerna":42200,"dosisEntregadasPfizer":319145,"dosisEntregadasAstrazeneca":78400,"dosisEntregadasJanssen":3150,"dosisPautaCompletada":127697,"porcentajeEntregadas":0.967865972747491,"porcentajePoblacionAdministradas":0.42075945440839274,"porcentajePoblacionCompletas":0.1253425652542639,"fechaUltRegistro":1619308800000,"etarios":{"unaDosis":{"etarioTotal":{"vacunados":302999,"personasINE":901209,"porcentaje":0.33621390820553276},"etarioRangos":[{"rango":{"min":16,"max":17},"vacunados":36,"personasINE":15563,"porcentaje":0.0023131786930540386},{"rango":{"min":18,"max":24},"vacunados":3734,"personasINE":54179,"porcentaje":0.06891969213163772},{"rango":{"min":25,"max":49},"vacunados":38420,"personasINE":322095,"porcentaje":0.11928157841630575},{"rango":{"min":50,"max":59},"vacunados":25184,"personasINE":162645,"porcentaje":0.1548402963509484},{"rango":{"min":60,"max":69},"vacunados":73233,"personasINE":149652,"porcentaje":0.4893553043059899},{"rango":{"min":70,"max":79},"vacunados":75821,"personasINE":109249,"porcentaje":0.6940200825636847},{"rango":{"min":80,"max":null},"vacunados":86571,"personasINE":87826,"porcentaje":0.9857103818914672}]},"pautaCompleta":{"etarioTotal":{"vacunados":127697,"personasINE":901209,"porcentaje":0.14169521165456625},"etarioRangos":[{"rango":{"min":16,"max":17},"vacunados":29,"personasINE":15563,"porcentaje":0.0018633939471824198},{"rango":{"min":18,"max":24},"vacunados":2499,"personasINE":54179,"porcentaje":0.04612488233448384},{"rango":{"min":25,"max":49},"vacunados":22126,"personasINE":322095,"porcentaje":0.06869401884537171},{"rango":{"min":50,"max":59},"vacunados":14378,"personasINE":162645,"porcentaje":0.08840111900150635},{"rango":{"min":60,"max":69},"vacunados":10999,"personasINE":149652,"porcentaje":0.07349718012455564},{"rango":{"min":70,"max":79},"vacunados":6295,"personasINE":109249,"porcentaje":0.0576206647200432},{"rango":{"min":80,"max":null},"vacunados":71371,"personasINE":87826,"porcentaje":0.8126409036048551}]}}},{"ccaa":"Baleares","dosisAdministradas":296858,"dosisEntregadas":301850,"dosisEntregadasModerna":24300,"dosisEntregadasPfizer":184050,"dosisEntregadasAstrazeneca":89900,"dosisEntregadasJanssen":3600,"dosisPautaCompletada":75111,"porcentajeEntregadas":0.9834619844293523,"porcentajePoblacionAdministradas":0.2533906139168601,"porcentajePoblacionCompletas":0.06411288360734518,"fechaUltRegistro":1619308800000,"etarios":{"unaDosis":{"etarioTotal":{"vacunados":225426,"personasINE":986279,"porcentaje":0.2285621005820868},"etarioRangos":[{"rango":{"min":16,"max":17},"vacunados":33,"personasINE":23300,"porcentaje":0.0014163090128755365},{"rango":{"min":18,"max":24},"vacunados":3742,"personasINE":85839,"porcentaje":0.04359323850464241},{"rango":{"min":25,"max":49},"vacunados":43153,"personasINE":464054,"porcentaje":0.09299133290522224},{"rango":{"min":50,"max":59},"vacunados":21098,"personasINE":165797,"porcentaje":0.12725200094090966},{"rango":{"min":60,"max":69},"vacunados":57228,"personasINE":117231,"porcentaje":0.4881643933771784},{"rango":{"min":70,"max":79},"vacunados":51563,"personasINE":80516,"porcentaje":0.6404068756520443},{"rango":{"min":80,"max":null},"vacunados":48609,"personasINE":49542,"porcentaje":0.9811674942473053}]},"pautaCompleta":{"etarioTotal":{"vacunados":75111,"personasINE":986279,"porcentaje":0.07615593559226141},"etarioRangos":[{"rango":{"min":16,"max":17},"vacunados":31,"personasINE":23300,"porcentaje":0.0013304721030042918},{"rango":{"min":18,"max":24},"vacunados":1321,"personasINE":85839,"porcentaje":0.015389275271147147},{"rango":{"min":25,"max":49},"vacunados":18139,"personasINE":464054,"porcentaje":0.039088123364953216},{"rango":{"min":50,"max":59},"vacunados":7840,"personasINE":165797,"porcentaje":0.0472867422209087},{"rango":{"min":60,"max":69},"vacunados":5171,"personasINE":117231,"porcentaje":0.04410949322278237},{"rango":{"min":70,"max":79},"vacunados":6111,"personasINE":80516,"porcentaje":0.07589795816980476},{"rango":{"min":80,"max":null},"vacunados":36498,"personasINE":49542,"porcentaje":0.7367082475475354}]}}},{"ccaa":"Canarias","dosisAdministradas":560683,"dosisEntregadas":584570,"dosisEntregadasModerna":47800,"dosisEntregadasPfizer":362670,"dosisEntregadasAstrazeneca":167400,"dosisEntregadasJanssen":6700,"dosisPautaCompletada":141830,"porcentajeEntregadas":0.9591374856732299,"porcentajePoblacionAdministradas":0.257672503805231,"porcentajePoblacionCompletas":0.06518066574997979,"fechaUltRegistro":1619308800000,"etarios":{"unaDosis":{"etarioTotal":{"vacunados":423341,"personasINE":1871033,"porcentaje":0.22626057370447233},"etarioRangos":[{"rango":{"min":16,"max":17},"vacunados":50,"personasINE":44352,"porcentaje":0.0011273448773448773},{"rango":{"min":18,"max":24},"vacunados":6035,"personasINE":163899,"porcentaje":0.03682145711688296},{"rango":{"min":25,"max":49},"vacunados":68280,"personasINE":832411,"porcentaje":0.08202678724812623},{"rango":{"min":50,"max":59},"vacunados":30128,"personasINE":350512,"porcentaje":0.08595426119505181},{"rango":{"min":60,"max":69},"vacunados":132993,"personasINE":235092,"porcentaje":0.5657061916186004},{"rango":{"min":70,"max":79},"vacunados":100443,"personasINE":154531,"porcentaje":0.6499860869340133},{"rango":{"min":80,"max":null},"vacunados":85412,"personasINE":90236,"porcentaje":0.946540183518773}]},"pautaCompleta":{"etarioTotal":{"vacunados":141830,"personasINE":1871033,"porcentaje":0.07580304569721645},"etarioRangos":[{"rango":{"min":16,"max":17},"vacunados":25,"personasINE":44352,"porcentaje":0.0005636724386724386},{"rango":{"min":18,"max":24},"vacunados":2485,"personasINE":163899,"porcentaje":0.015161776459892983},{"rango":{"min":25,"max":49},"vacunados":35468,"personasINE":832411,"porcentaje":0.04260875937487611},{"rango":{"min":50,"max":59},"vacunados":17638,"personasINE":350512,"porcentaje":0.05032067375724654},{"rango":{"min":60,"max":69},"vacunados":10018,"personasINE":235092,"porcentaje":0.042613104656900276},{"rango":{"min":70,"max":79},"vacunados":21095,"personasINE":154531,"porcentaje":0.13650982650730273},{"rango":{"min":80,"max":null},"vacunados":55101,"personasINE":90236,"porcentaje":0.6106321202180948}]}}},{"ccaa":"Cantabria","dosisAdministradas":197026,"dosisEntregadas":216895,"dosisEntregadasModerna":19900,"dosisEntregadasPfizer":150495,"dosisEntregadasAstrazeneca":44700,"dosisEntregadasJanssen":1800,"dosisPautaCompletada":56098,"porcentajeEntregadas":0.9083934622743723,"porcentajePoblacionAdministradas":0.3380070508916547,"porcentajePoblacionCompletas":0.09623866667810363,"fechaUltRegistro":1619308800000,"etarios":{"unaDosis":{"etarioTotal":{"vacunados":140929,"personasINE":501384,"porcentaje":0.281079970641265},"etarioRangos":[{"rango":{"min":16,"max":17},"vacunados":5,"personasINE":10791,"porcentaje":0.0004633490872022982},{"rango":{"min":18,"max":24},"vacunados":1590,"personasINE":34935,"porcentaje":0.045513095749248604},{"rango":{"min":25,"max":49},"vacunados":22838,"personasINE":194241,"porcentaje":0.1175755890877827},{"rango":{"min":50,"max":59},"vacunados":11486,"personasINE":89964,"porcentaje":0.12767329153883775},{"rango":{"min":60,"max":69},"vacunados":27960,"personasINE":77345,"porcentaje":0.3614971879242356},{"rango":{"min":70,"max":79},"vacunados":37073,"personasINE":53066,"porcentaje":0.6986205856857498},{"rango":{"min":80,"max":null},"vacunados":39977,"personasINE":41042,"porcentaje":0.9740509721748453}]},"pautaCompleta":{"etarioTotal":{"vacunados":56098,"personasINE":501384,"porcentaje":0.11188629872512884},"etarioRangos":[{"rango":{"min":16,"max":17},"vacunados":5,"personasINE":10791,"porcentaje":0.0004633490872022982},{"rango":{"min":18,"max":24},"vacunados":653,"personasINE":34935,"porcentaje":0.018691856304565622},{"rango":{"min":25,"max":49},"vacunados":11259,"personasINE":194241,"porcentaje":0.057964075555624196},{"rango":{"min":50,"max":59},"vacunados":5867,"personasINE":89964,"porcentaje":0.06521497487884043},{"rango":{"min":60,"max":69},"vacunados":3915,"personasINE":77345,"porcentaje":0.05061736375977762},{"rango":{"min":70,"max":79},"vacunados":1865,"personasINE":53066,"porcentaje":0.03514491388082765},{"rango":{"min":80,"max":null},"vacunados":32534,"personasINE":41042,"porcentaje":0.7927001608108767}]}}},{"ccaa":"Castilla y Leon","dosisAdministradas":957593,"dosisEntregadas":1032825,"dosisEntregadasModerna":100800,"dosisEntregadasPfizer":740325,"dosisEntregadasAstrazeneca":184300,"dosisEntregadasJanssen":7400,"dosisPautaCompletada":277383,"porcentajeEntregadas":0.9271590056398712,"porcentajePoblacionAdministradas":0.39984375247920806,"porcentajePoblacionCompletas":0.1158215020305497,"fechaUltRegistro":1619308800000,"etarios":{"unaDosis":{"etarioTotal":{"vacunados":681181,"personasINE":2092873,"porcentaje":0.3254765100414598},"etarioRangos":[{"rango":{"min":16,"max":17},"vacunados":98,"personasINE":40684,"porcentaje":0.0024088093599449415},{"rango":{"min":18,"max":24},"vacunados":7904,"personasINE":144422,"porcentaje":0.054728503967539574},{"rango":{"min":25,"max":49},"vacunados":89533,"personasINE":738950,"porcentaje":0.12116246024764869},{"rango":{"min":50,"max":59},"vacunados":56974,"personasINE":381175,"porcentaje":0.14946940381714435},{"rango":{"min":60,"max":69},"vacunados":132866,"personasINE":318575,"porcentaje":0.41706348583536057},{"rango":{"min":70,"max":79},"vacunados":168526,"personasINE":245410,"porcentaje":0.6867120329244937},{"rango":{"min":80,"max":null},"vacunados":225280,"personasINE":223657,"porcentaje":1.0072566474557023}]},"pautaCompleta":{"etarioTotal":{"vacunados":277383,"personasINE":2092873,"porcentaje":0.13253694801356794},"etarioRangos":[{"rango":{"min":16,"max":17},"vacunados":90,"personasINE":40684,"porcentaje":0.0022121718611739258},{"rango":{"min":18,"max":24},"vacunados":2745,"personasINE":144422,"porcentaje":0.019006799518078963},{"rango":{"min":25,"max":49},"vacunados":43124,"personasINE":738950,"porcentaje":0.058358481629338925},{"rango":{"min":50,"max":59},"vacunados":30715,"personasINE":381175,"porcentaje":0.08057978618744671},{"rango":{"min":60,"max":69},"vacunados":20792,"personasINE":318575,"porcentaje":0.06526563603547045},{"rango":{"min":70,"max":79},"vacunados":16298,"personasINE":245410,"porcentaje":0.06641131168249052},{"rango":{"min":80,"max":null},"vacunados":163619,"personasINE":223657,"porcentaje":0.7315621688567763}]}}},{"ccaa":"Castilla La Mancha","dosisAdministradas":653126,"dosisEntregadas":696435,"dosisEntregadasModerna":63800,"dosisEntregadasPfizer":469035,"dosisEntregadasAstrazeneca":157300,"dosisEntregadasJanssen":6300,"dosisPautaCompletada":191370,"porcentajeEntregadas":0.937813291979869,"porcentajePoblacionAdministradas":0.31934250626215943,"porcentajePoblacionCompletas":0.09356935020714142,"fechaUltRegistro":1619308800000},{"ccaa":"Cataluña","dosisAdministradas":2346565,"dosisEntregadas":2450730,"dosisEntregadasModerna":221100,"dosisEntregadasPfizer":1607030,"dosisEntregadasAstrazeneca":598600,"dosisEntregadasJanssen":24000,"dosisPautaCompletada":629558,"porcentajeEntregadas":0.9574963378258723,"porcentajePoblacionAdministradas":0.3015964698317417,"porcentajePoblacionCompletas":0.0809150696248907,"fechaUltRegistro":1619308800000,"etarios":{"unaDosis":{"etarioTotal":{"vacunados":1718003,"personasINE":6531658,"porcentaje":0.26302709051821144},"etarioRangos":[{"rango":{"min":16,"max":17},"vacunados":343,"personasINE":159864,"porcentaje":0.0021455737376770254},{"rango":{"min":18,"max":24},"vacunados":36921,"personasINE":556316,"porcentaje":0.06636695690938244},{"rango":{"min":25,"max":49},"vacunados":300876,"personasINE":2803626,"porcentaje":0.10731673910856869},{"rango":{"min":50,"max":59},"vacunados":138231,"personasINE":1091780,"porcentaje":0.12661067247980362},{"rango":{"min":60,"max":69},"vacunados":462569,"personasINE":837584,"porcentaje":0.5522658025941278},{"rango":{"min":70,"max":79},"vacunados":336785,"personasINE":635292,"porcentaje":0.5301263041247175},{"rango":{"min":80,"max":null},"vacunados":442278,"personasINE":447196,"porcentaje":0.989002584996288}]},"pautaCompleta":{"etarioTotal":{"vacunados":629558,"personasINE":6531658,"porcentaje":0.09638563439788182},"etarioRangos":[{"rango":{"min":16,"max":17},"vacunados":256,"personasINE":159864,"porcentaje":0.001601361156983436},{"rango":{"min":18,"max":24},"vacunados":17330,"personasINE":556316,"porcentaje":0.031151360018406803},{"rango":{"min":25,"max":49},"vacunados":132508,"personasINE":2803626,"porcentaje":0.04726308002565249},{"rango":{"min":50,"max":59},"vacunados":71793,"personasINE":1091780,"porcentaje":0.06575775339354083},{"rango":{"min":60,"max":69},"vacunados":55654,"personasINE":837584,"porcentaje":0.06644587289155476},{"rango":{"min":70,"max":79},"vacunados":38938,"personasINE":635292,"porcentaje":0.0612915006012983},{"rango":{"min":80,"max":null},"vacunados":313079,"personasINE":447196,"porcentaje":0.7000934713190636}]}}},{"ccaa":"C. Valenciana","dosisAdministradas":1459296,"dosisEntregadas":1498230,"dosisEntregadasModerna":131600,"dosisEntregadasPfizer":961930,"dosisEntregadasAstrazeneca":389100,"dosisEntregadasJanssen":15600,"dosisPautaCompletada":390622,"porcentajeEntregadas":0.9740133357361687,"porcentajePoblacionAdministradas":0.2885493656464162,"porcentajePoblacionCompletas":0.07723842887771527,"fechaUltRegistro":1619308800000,"etarios":{"unaDosis":{"etarioTotal":{"vacunados":1071336,"personasINE":4269305,"porcentaje":0.2509392043904102},"etarioRangos":[{"rango":{"min":16,"max":17},"vacunados":121,"personasINE":103049,"porcentaje":0.001174198682180322},{"rango":{"min":18,"max":24},"vacunados":17832,"personasINE":352834,"porcentaje":0.05053934711507394},{"rango":{"min":25,"max":49},"vacunados":202306,"personasINE":1765967,"porcentaje":0.1145581995586554},{"rango":{"min":50,"max":59},"vacunados":93033,"personasINE":752334,"porcentaje":0.12365917265469858},{"rango":{"min":60,"max":69},"vacunados":200480,"personasINE":580728,"porcentaje":0.3452218594591616},{"rango":{"min":70,"max":79},"vacunados":269414,"personasINE":437862,"porcentaje":0.6152943164741402},{"rango":{"min":80,"max":null},"vacunados":288150,"personasINE":276531,"porcentaje":1.0420169890536686}]},"pautaCompleta":{"etarioTotal":{"vacunados":390622,"personasINE":4269305,"porcentaje":0.09149545417813906},"etarioRangos":[{"rango":{"min":16,"max":17},"vacunados":109,"personasINE":103049,"porcentaje":0.001057749226096323},{"rango":{"min":18,"max":24},"vacunados":5507,"personasINE":352834,"porcentaje":0.015607906267536576},{"rango":{"min":25,"max":49},"vacunados":69709,"personasINE":1765967,"porcentaje":0.03947355754665857},{"rango":{"min":50,"max":59},"vacunados":34838,"personasINE":752334,"porcentaje":0.046306560649924104},{"rango":{"min":60,"max":69},"vacunados":24673,"personasINE":580728,"porcentaje":0.04248632750616468},{"rango":{"min":70,"max":79},"vacunados":17498,"personasINE":437862,"porcentaje":0.039962362570855656},{"rango":{"min":80,"max":null},"vacunados":238288,"personasINE":276531,"porcentaje":0.8617044743627297}]}}},{"ccaa":"Extremadura","dosisAdministradas":397417,"dosisEntregadas":397985,"dosisEntregadasModerna":36200,"dosisEntregadasPfizer":276785,"dosisEntregadasAstrazeneca":81700,"dosisEntregadasJanssen":3300,"dosisPautaCompletada":115281,"porcentajeEntregadas":0.9985728105330602,"porcentajePoblacionAdministradas":0.37351678169000185,"porcentajePoblacionCompletas":0.10834812831359782,"fechaUltRegistro":1619308800000,"etarios":{"unaDosis":{"etarioTotal":{"vacunados":282136,"personasINE":911213,"porcentaje":0.3096268380718888},"etarioRangos":[{"rango":{"min":16,"max":17},"vacunados":56,"personasINE":20953,"porcentaje":0.002672648308118169},{"rango":{"min":18,"max":24},"vacunados":2308,"personasINE":76088,"porcentaje":0.03033329828619493},{"rango":{"min":25,"max":49},"vacunados":43005,"personasINE":351778,"porcentaje":0.12225039655691942},{"rango":{"min":50,"max":59},"vacunados":24090,"personasINE":169216,"porcentaje":0.1423624243570348},{"rango":{"min":60,"max":69},"vacunados":62300,"personasINE":125297,"porcentaje":0.49721860858599964},{"rango":{"min":70,"max":79},"vacunados":73358,"personasINE":91876,"porcentaje":0.7984457312029257},{"rango":{"min":80,"max":null},"vacunados":77019,"personasINE":76005,"porcentaje":1.0133412275508191}]},"pautaCompleta":{"etarioTotal":{"vacunados":115281,"personasINE":911213,"porcentaje":0.12651377888594653},"etarioRangos":[{"rango":{"min":16,"max":17},"vacunados":41,"personasINE":20953,"porcentaje":0.00195676036844366},{"rango":{"min":18,"max":24},"vacunados":924,"personasINE":76088,"porcentaje":0.012143833455998317},{"rango":{"min":25,"max":49},"vacunados":20001,"personasINE":351778,"porcentaje":0.05685688132856517},{"rango":{"min":50,"max":59},"vacunados":13202,"personasINE":169216,"porcentaje":0.07801862708018155},{"rango":{"min":60,"max":69},"vacunados":7991,"personasINE":125297,"porcentaje":0.06377646711413681},{"rango":{"min":70,"max":79},"vacunados":5224,"personasINE":91876,"porcentaje":0.05685924506944142},{"rango":{"min":80,"max":null},"vacunados":67898,"personasINE":76005,"porcentaje":0.8933359647391619}]}}},{"ccaa":"Galicia","dosisAdministradas":985789,"dosisEntregadas":1058215,"dosisEntregadasModerna":98800,"dosisEntregadasPfizer":743065,"dosisEntregadasAstrazeneca":208000,"dosisEntregadasJanssen":8350,"dosisPautaCompletada":250284,"porcentajeEntregadas":0.9315583317189796,"porcentajePoblacionAdministradas":0.3648612286759402,"porcentajePoblacionCompletas":0.09263536898659755,"fechaUltRegistro":1619308800000,"etarios":{"unaDosis":{"etarioTotal":{"vacunados":738114,"personasINE":2362643,"porcentaje":0.3124102964349671},"etarioRangos":[{"rango":{"min":16,"max":17},"vacunados":37,"personasINE":44014,"porcentaje":0.0008406416140318989},{"rango":{"min":18,"max":24},"vacunados":5183,"personasINE":152745,"porcentaje":0.03393237094503912},{"rango":{"min":25,"max":49},"vacunados":97474,"personasINE":889004,"porcentaje":0.10964405109538315},{"rango":{"min":50,"max":59},"vacunados":66673,"personasINE":405889,"porcentaje":0.16426412147163388},{"rango":{"min":60,"max":69},"vacunados":122028,"personasINE":346927,"porcentaje":0.3517397031652192},{"rango":{"min":70,"max":79},"vacunados":215225,"personasINE":289762,"porcentaje":0.7427647517617907},{"rango":{"min":80,"max":null},"vacunados":231494,"personasINE":234302,"porcentaje":0.9880154672175226}]},"pautaCompleta":{"etarioTotal":{"vacunados":250284,"personasINE":2362643,"porcentaje":0.10593390537630949},"etarioRangos":[{"rango":{"min":16,"max":17},"vacunados":3,"personasINE":44014,"porcentaje":0.00006816013086745126},{"rango":{"min":18,"max":24},"vacunados":1623,"personasINE":152745,"porcentaje":0.010625552391240302},{"rango":{"min":25,"max":49},"vacunados":39599,"personasINE":889004,"porcentaje":0.04454310666768654},{"rango":{"min":50,"max":59},"vacunados":23952,"personasINE":405889,"porcentaje":0.05901120749761634},{"rango":{"min":60,"max":69},"vacunados":17019,"personasINE":346927,"porcentaje":0.049056429738821135},{"rango":{"min":70,"max":79},"vacunados":5121,"personasINE":289762,"porcentaje":0.01767312484038625},{"rango":{"min":80,"max":null},"vacunados":162967,"personasINE":234302,"porcentaje":0.6955425049722154}]}}},{"ccaa":"La Rioja","dosisAdministradas":111029,"dosisEntregadas":114155,"dosisEntregadasModerna":10200,"dosisEntregadasPfizer":78455,"dosisEntregadasAstrazeneca":24500,"dosisEntregadasJanssen":1000,"dosisPautaCompletada":27718,"porcentajeEntregadas":0.9726161797555954,"porcentajePoblacionAdministradas":0.3470588970785899,"porcentajePoblacionCompletas":0.08664203504691886,"fechaUltRegistro":1619222400000,"etarios":{"unaDosis":{"etarioTotal":{"vacunados":83358,"personasINE":270788,"porcentaje":0.30783491144363856},"etarioRangos":[{"rango":{"min":16,"max":17},"vacunados":9,"personasINE":6286,"porcentaje":0.0014317531021317213},{"rango":{"min":18,"max":24},"vacunados":1306,"personasINE":21170,"porcentaje":0.06169107227208313},{"rango":{"min":25,"max":49},"vacunados":13170,"personasINE":107618,"porcentaje":0.12237729747811704},{"rango":{"min":50,"max":59},"vacunados":6854,"personasINE":47664,"porcentaje":0.14379825444780128},{"rango":{"min":60,"max":69},"vacunados":17784,"personasINE":37718,"porcentaje":0.47149901903600405},{"rango":{"min":70,"max":79},"vacunados":21498,"personasINE":28125,"porcentaje":0.7643733333333333},{"rango":{"min":80,"max":null},"vacunados":22737,"personasINE":22207,"porcentaje":1.0238663484486874}]},"pautaCompleta":{"etarioTotal":{"vacunados":27718,"personasINE":270788,"porcentaje":0.10236051819135264},"etarioRangos":[{"rango":{"min":16,"max":17},"vacunados":7,"personasINE":6286,"porcentaje":0.0011135857461024498},{"rango":{"min":18,"max":24},"vacunados":392,"personasINE":21170,"porcentaje":0.018516769012753898},{"rango":{"min":25,"max":49},"vacunados":4727,"personasINE":107618,"porcentaje":0.04392387890501589},{"rango":{"min":50,"max":59},"vacunados":3418,"personasINE":47664,"porcentaje":0.07171030547163477},{"rango":{"min":60,"max":69},"vacunados":2463,"personasINE":37718,"porcentaje":0.0653003870830903},{"rango":{"min":70,"max":79},"vacunados":728,"personasINE":28125,"porcentaje":0.025884444444444446},{"rango":{"min":80,"max":null},"vacunados":15983,"personasINE":22207,"porcentaje":0.7197280136893772}]}}},{"ccaa":"Madrid","dosisAdministradas":1918782,"dosisEntregadas":2034765,"dosisEntregadasModerna":179300,"dosisEntregadasPfizer":1312665,"dosisEntregadasAstrazeneca":521900,"dosisEntregadasJanssen":20900,"dosisPautaCompletada":471507,"porcentajeEntregadas":0.942999314417144,"porcentajePoblacionAdministradas":0.2830108697960792,"porcentajePoblacionCompletas":0.06954495413493557,"fechaUltRegistro":1619308800000,"etarios":{"unaDosis":{"etarioTotal":{"vacunados":1447286,"personasINE":5695623,"porcentaje":0.254104950415433},"etarioRangos":[{"rango":{"min":16,"max":17},"vacunados":215,"personasINE":135861,"porcentaje":0.0015824997607849199},{"rango":{"min":18,"max":24},"vacunados":23298,"personasINE":479716,"porcentaje":0.04856623502238824},{"rango":{"min":25,"max":49},"vacunados":277516,"personasINE":2513737,"porcentaje":0.11039977531460132},{"rango":{"min":50,"max":59},"vacunados":113410,"personasINE":972783,"porcentaje":0.11658304061645815},{"rango":{"min":60,"max":69},"vacunados":346216,"personasINE":703323,"porcentaje":0.49225746918556623},{"rango":{"min":70,"max":79},"vacunados":326678,"personasINE":526081,"porcentaje":0.6209652125813325},{"rango":{"min":80,"max":null},"vacunados":359953,"personasINE":364122,"porcentaje":0.9885505407528246}]},"pautaCompleta":{"etarioTotal":{"vacunados":471507,"personasINE":5695623,"porcentaje":0.08278409578723872},"etarioRangos":[{"rango":{"min":16,"max":17},"vacunados":73,"personasINE":135861,"porcentaje":0.0005373138722665077},{"rango":{"min":18,"max":24},"vacunados":13971,"personasINE":479716,"porcentaje":0.029123481393157617},{"rango":{"min":25,"max":49},"vacunados":112521,"personasINE":2513737,"porcentaje":0.04476243934826913},{"rango":{"min":50,"max":59},"vacunados":52208,"personasINE":972783,"porcentaje":0.05366870103609952},{"rango":{"min":60,"max":69},"vacunados":32060,"personasINE":703323,"porcentaje":0.04558360810040337},{"rango":{"min":70,"max":79},"vacunados":13992,"personasINE":526081,"porcentaje":0.02659666477215486},{"rango":{"min":80,"max":null},"vacunados":246682,"personasINE":364122,"porcentaje":0.6774707378296285}]}}},{"ccaa":"Murcia","dosisAdministradas":405087,"dosisEntregadas":450605,"dosisEntregadasModerna":37700,"dosisEntregadasPfizer":292055,"dosisEntregadasAstrazeneca":116200,"dosisEntregadasJanssen":4650,"dosisPautaCompletada":114351,"porcentajeEntregadas":0.8989846983499962,"porcentajePoblacionAdministradas":0.2680474653118509,"porcentajePoblacionCompletas":0.0756664511719099,"fechaUltRegistro":1619222400000,"etarios":{"unaDosis":{"etarioTotal":{"vacunados":290736,"personasINE":1237479,"porcentaje":0.23494216871559032},"etarioRangos":[{"rango":{"min":16,"max":17},"vacunados":111,"personasINE":34712,"porcentaje":0.0031977414150725974},{"rango":{"min":18,"max":24},"vacunados":7075,"personasINE":118667,"porcentaje":0.05962061904320493},{"rango":{"min":25,"max":49},"vacunados":58725,"personasINE":551265,"porcentaje":0.10652771353160458},{"rango":{"min":50,"max":59},"vacunados":25491,"personasINE":213256,"porcentaje":0.11953239299245977},{"rango":{"min":60,"max":69},"vacunados":58729,"personasINE":146909,"porcentaje":0.39976448005227727},{"rango":{"min":70,"max":79},"vacunados":69593,"personasINE":102899,"porcentaje":0.6763233850669103},{"rango":{"min":80,"max":null},"vacunados":71012,"personasINE":69771,"porcentaje":1.01778675954193}]},"pautaCompleta":{"etarioTotal":{"vacunados":114351,"personasINE":1237479,"porcentaje":0.09240641659373613},"etarioRangos":[{"rango":{"min":16,"max":17},"vacunados":98,"personasINE":34712,"porcentaje":0.002823231159253284},{"rango":{"min":18,"max":24},"vacunados":2532,"personasINE":118667,"porcentaje":0.02133701871623956},{"rango":{"min":25,"max":49},"vacunados":27780,"personasINE":551265,"porcentaje":0.050393186579957006},{"rango":{"min":50,"max":59},"vacunados":13961,"personasINE":213256,"porcentaje":0.06546591889559965},{"rango":{"min":60,"max":69},"vacunados":7588,"personasINE":146909,"porcentaje":0.05165102206127603},{"rango":{"min":70,"max":79},"vacunados":2901,"personasINE":102899,"porcentaje":0.02819269380654817},{"rango":{"min":80,"max":null},"vacunados":59491,"personasINE":69771,"porcentaje":0.8526608476301042}]}}},{"ccaa":"Navarra","dosisAdministradas":206512,"dosisEntregadas":221105,"dosisEntregadasModerna":20100,"dosisEntregadasPfizer":148155,"dosisEntregadasAstrazeneca":50800,"dosisEntregadasJanssen":2050,"dosisPautaCompletada":60516,"porcentajeEntregadas":0.9339996834083354,"porcentajePoblacionAdministradas":0.3123305157161935,"porcentajePoblacionCompletas":0.09152491617475578,"fechaUltRegistro":1619136000000,"etarios":{"unaDosis":{"etarioTotal":{"vacunados":146808,"personasINE":552935,"porcentaje":0.2655067955546312},"etarioRangos":[{"rango":{"min":16,"max":17},"vacunados":5,"personasINE":13906,"porcentaje":0.00035955702574428305},{"rango":{"min":18,"max":24},"vacunados":3287,"personasINE":48505,"porcentaje":0.06776620966910628},{"rango":{"min":25,"max":49},"vacunados":26255,"personasINE":223028,"porcentaje":0.11772064494144233},{"rango":{"min":50,"max":59},"vacunados":13772,"personasINE":96694,"porcentaje":0.1424286925765818},{"rango":{"min":60,"max":69},"vacunados":28952,"personasINE":73844,"porcentaje":0.3920697687015871},{"rango":{"min":70,"max":79},"vacunados":33613,"personasINE":55792,"porcentaje":0.602469888156008},{"rango":{"min":80,"max":null},"vacunados":40924,"personasINE":41166,"porcentaje":0.9941213622892678}]},"pautaCompleta":{"etarioTotal":{"vacunados":60516,"personasINE":552935,"porcentaje":0.10944505231175454},"etarioRangos":[{"rango":{"min":16,"max":17},"vacunados":4,"personasINE":13906,"porcentaje":0.00028764562059542645},{"rango":{"min":18,"max":24},"vacunados":916,"personasINE":48505,"porcentaje":0.01888465106690032},{"rango":{"min":25,"max":49},"vacunados":12423,"personasINE":223028,"porcentaje":0.05570152626576035},{"rango":{"min":50,"max":59},"vacunados":7622,"personasINE":96694,"porcentaje":0.07882598713467226},{"rango":{"min":60,"max":69},"vacunados":4082,"personasINE":73844,"porcentaje":0.055278695628622504},{"rango":{"min":70,"max":79},"vacunados":2669,"personasINE":55792,"porcentaje":0.047838399770576426},{"rango":{"min":80,"max":null},"vacunados":32800,"personasINE":41166,"porcentaje":0.7967740368265073}]}}},{"ccaa":"País Vasco","dosisAdministradas":692328,"dosisEntregadas":773800,"dosisEntregadasModerna":70900,"dosisEntregadasPfizer":525150,"dosisEntregadasAstrazeneca":170900,"dosisEntregadasJanssen":6850,"dosisPautaCompletada":183447,"porcentajeEntregadas":0.8947118118376841,"porcentajePoblacionAdministradas":0.3117886750035127,"porcentajePoblacionCompletas":0.0826150279396029,"fechaUltRegistro":1619308800000,"etarios":{"unaDosis":{"etarioTotal":{"vacunados":512566,"personasINE":1898123,"porcentaje":0.2700383484105087},"etarioRangos":[{"rango":{"min":16,"max":17},"vacunados":10,"personasINE":41824,"porcentaje":0.00023909716908951799},{"rango":{"min":18,"max":24},"vacunados":12048,"personasINE":140323,"porcentaje":0.085859053754552},{"rango":{"min":25,"max":49},"vacunados":94187,"personasINE":724849,"porcentaje":0.12994016684854362},{"rango":{"min":50,"max":59},"vacunados":51046,"personasINE":339977,"porcentaje":0.150145451015804},{"rango":{"min":60,"max":69},"vacunados":109271,"personasINE":280119,"porcentaje":0.3900877841203203},{"rango":{"min":70,"max":79},"vacunados":89620,"personasINE":213081,"porcentaje":0.42059123056490255},{"rango":{"min":80,"max":null},"vacunados":156384,"personasINE":157950,"porcentaje":0.9900854700854701}]},"pautaCompleta":{"etarioTotal":{"vacunados":183447,"personasINE":1898123,"porcentaje":0.09664652922913847},"etarioRangos":[{"rango":{"min":16,"max":17},"vacunados":6,"personasINE":41824,"porcentaje":0.0001434583014537108},{"rango":{"min":18,"max":24},"vacunados":3346,"personasINE":140323,"porcentaje":0.023844986210386037},{"rango":{"min":25,"max":49},"vacunados":37233,"personasINE":724849,"porcentaje":0.051366560483631765},{"rango":{"min":50,"max":59},"vacunados":23067,"personasINE":339977,"porcentaje":0.06784870741256026},{"rango":{"min":60,"max":69},"vacunados":13761,"personasINE":280119,"porcentaje":0.04912555021258822},{"rango":{"min":70,"max":79},"vacunados":7047,"personasINE":213081,"porcentaje":0.03307193039266758},{"rango":{"min":80,"max":null},"vacunados":98987,"personasINE":157950,"porcentaje":0.6266983222538778}]}}},{"ccaa":"Ceuta","dosisAdministradas":19868,"dosisEntregadas":19990,"dosisEntregadasModerna":1600,"dosisEntregadasPfizer":11340,"dosisEntregadasAstrazeneca":6800,"dosisEntregadasJanssen":250,"dosisPautaCompletada":5049,"porcentajeEntregadas":0.9938969484742372,"porcentajePoblacionAdministradas":0.23595639058454668,"porcentajePoblacionCompletas":0.05996294624830764,"fechaUltRegistro":1619136000000,"etarios":{"unaDosis":{"etarioTotal":{"vacunados":14839,"personasINE":66158,"porcentaje":0.22429638139000574},"etarioRangos":[{"rango":{"min":16,"max":17},"vacunados":5,"personasINE":2175,"porcentaje":0.0022988505747126436},{"rango":{"min":18,"max":24},"vacunados":308,"personasINE":7581,"porcentaje":0.040627885503231764},{"rango":{"min":25,"max":49},"vacunados":3585,"personasINE":30066,"porcentaje":0.11923767711035721},{"rango":{"min":50,"max":59},"vacunados":1834,"personasINE":11556,"porcentaje":0.15870543440636897},{"rango":{"min":60,"max":69},"vacunados":3518,"personasINE":7857,"porcentaje":0.44775359551991856},{"rango":{"min":70,"max":79},"vacunados":3344,"personasINE":4318,"porcentaje":0.7744326076887448},{"rango":{"min":80,"max":null},"vacunados":2245,"personasINE":2605,"porcentaje":0.8618042226487524}]},"pautaCompleta":{"etarioTotal":{"vacunados":5049,"personasINE":66158,"porcentaje":0.07631730100668098},"etarioRangos":[{"rango":{"min":16,"max":17},"vacunados":0,"personasINE":2175,"porcentaje":0},{"rango":{"min":18,"max":24},"vacunados":46,"personasINE":7581,"porcentaje":0.0060678010816514975},{"rango":{"min":25,"max":49},"vacunados":842,"personasINE":30066,"porcentaje":0.028005055544468836},{"rango":{"min":50,"max":59},"vacunados":552,"personasINE":11556,"porcentaje":0.04776739356178609},{"rango":{"min":60,"max":69},"vacunados":383,"personasINE":7857,"porcentaje":0.04874634084256078},{"rango":{"min":70,"max":79},"vacunados":1164,"personasINE":4318,"porcentaje":0.269569245020843},{"rango":{"min":80,"max":null},"vacunados":2062,"personasINE":2605,"porcentaje":0.7915547024952015}]}}},{"ccaa":"Melilla","dosisAdministradas":18960,"dosisEntregadas":19890,"dosisEntregadasModerna":1500,"dosisEntregadasPfizer":11340,"dosisEntregadasAstrazeneca":6800,"dosisEntregadasJanssen":250,"dosisPautaCompletada":5010,"porcentajeEntregadas":0.9532428355957768,"porcentajePoblacionAdministradas":0.21774082410767606,"porcentajePoblacionCompletas":0.05753594561073085,"fechaUltRegistro":1619222400000,"etarios":{"unaDosis":{"etarioTotal":{"vacunados":13950,"personasINE":66178,"porcentaje":0.2107951282903684},"etarioRangos":[{"rango":{"min":16,"max":17},"vacunados":6,"personasINE":2324,"porcentaje":0.0025817555938037868},{"rango":{"min":18,"max":24},"vacunados":208,"personasINE":8536,"porcentaje":0.02436738519212746},{"rango":{"min":25,"max":49},"vacunados":3348,"personasINE":30095,"porcentaje":0.11124771556737},{"rango":{"min":50,"max":59},"vacunados":1614,"personasINE":11299,"porcentaje":0.14284449951323125},{"rango":{"min":60,"max":69},"vacunados":4179,"personasINE":7827,"porcentaje":0.5339210425450364},{"rango":{"min":70,"max":79},"vacunados":2800,"personasINE":3748,"porcentaje":0.7470651013874067},{"rango":{"min":80,"max":null},"vacunados":1795,"personasINE":2349,"porcentaje":0.7641549595572584}]},"pautaCompleta":{"etarioTotal":{"vacunados":5010,"personasINE":66178,"porcentaje":0.07570491704191726},"etarioRangos":[{"rango":{"min":16,"max":17},"vacunados":6,"personasINE":2324,"porcentaje":0.0025817555938037868},{"rango":{"min":18,"max":24},"vacunados":70,"personasINE":8536,"porcentaje":0.008200562324273665},{"rango":{"min":25,"max":49},"vacunados":862,"personasINE":30095,"porcentaje":0.028642631666389765},{"rango":{"min":50,"max":59},"vacunados":543,"personasINE":11299,"porcentaje":0.048057350207983004},{"rango":{"min":60,"max":69},"vacunados":481,"personasINE":7827,"porcentaje":0.06145394148460458},{"rango":{"min":70,"max":79},"vacunados":1552,"personasINE":3748,"porcentaje":0.41408751334044824},{"rango":{"min":80,"max":null},"vacunados":1496,"personasINE":2349,"porcentaje":0.6368667518092805}]}}},{"ccaa":"Fuerzas Armadas","dosisAdministradas":70812,"dosisEntregadas":85600,"dosisEntregadasModerna":0,"dosisEntregadasPfizer":19500,"dosisEntregadasAstrazeneca":66100,"dosisEntregadasJanssen":0,"dosisPautaCompletada":5849,"porcentajeEntregadas":0.8272429906542056,"porcentajePoblacionAdministradas":null,"porcentajePoblacionCompletas":null,"fechaUltRegistro":1619136000000},{"ccaa":"Totales","dosisAdministradas":14715931,"dosisEntregadas":15435285,"dosisEntregadasModerna":1372800,"dosisEntregadasPfizer":10199085,"dosisEntregadasAstrazeneca":3717000,"dosisEntregadasJanssen":146400,"dosisPautaCompletada":3947465,"porcentajeEntregadas":0.9533954831413868,"porcentajePoblacionAdministradas":0.3135051342138901,"porcentajePoblacionCompletas":0.08409597358329783,"fechaUltRegistro":null,"etarios":{"unaDosis":{"etarioTotal":{"vacunados":10796466,"personasINE":40129822,"porcentaje":0.2690384721865948},"etarioRangos":[{"rango":{"min":16,"max":17},"vacunados":1595,"personasINE":949049,"porcentaje":0.0016806297672722905},{"rango":{"min":18,"max":24},"vacunados":180415,"personasINE":3310299,"porcentaje":0.05450111908320064},{"rango":{"min":25,"max":49},"vacunados":1893407,"personasINE":16706113,"porcentaje":0.11333617820015943},{"rango":{"min":50,"max":59},"vacunados":913960,"personasINE":7033306,"porcentaje":0.1299474244402277},{"rango":{"min":60,"max":69},"vacunados":2411248,"personasINE":5336986,"porcentaje":0.4517995737669164},{"rango":{"min":70,"max":79},"vacunados":2559710,"personasINE":3960045,"porcentaje":0.6463840688679042},{"rango":{"min":80,"max":null},"vacunados":2836131,"personasINE":2834024,"porcentaje":1.0007434658280947}]},"pautaCompleta":{"etarioTotal":{"vacunados":3947465,"personasINE":40129822,"porcentaje":0.09836736878623584},"etarioRangos":[{"rango":{"min":16,"max":17},"vacunados":1047,"personasINE":949049,"porcentaje":0.001103209634065259},{"rango":{"min":18,"max":24},"vacunados":74705,"personasINE":3310299,"porcentaje":0.02256744783477263},{"rango":{"min":25,"max":49},"vacunados":788034,"personasINE":16706113,"porcentaje":0.04717039804531431},{"rango":{"min":50,"max":59},"vacunados":434125,"personasINE":7033306,"porcentaje":0.06172417352522413},{"rango":{"min":60,"max":69},"vacunados":289255,"personasINE":5336986,"porcentaje":0.05419819351221832},{"rango":{"min":70,"max":79},"vacunados":194474,"personasINE":3960045,"porcentaje":0.049109037902347066},{"rango":{"min":80,"max":null},"vacunados":2165825,"personasINE":2834024,"porcentaje":0.7642225330484146}]}}}]