[{"ccaa":"Andalucía","dosisAdministradas":9581359,"dosisEntregadas":9712680,"dosisEntregadasModerna":1011000,"dosisEntregadasPfizer":6419880,"dosisEntregadasAstrazeneca":1805800,"dosisEntregadasJanssen":476000,"dosisPrimeraDosis":5361032,"dosisPautaCompletada":4475153,"porcentajeEntregadas":0.9864794268935042,"porcentajePoblacionAdministradas":1.1319581480625174,"porcentajePoblacionPrimeraDosis":0.6333614943792308,"porcentajePoblacionCompletas":0.5287022333863514,"fechaUltRegistro":1626912000000,"etarios":{"unaDosis":{"etarioTotal":{"vacunados":5361032,"personasINE":7451975,"porcentaje":0.7194108944273162},"etarioRangos":[{"rango":{"min":12,"max":19},"vacunados":9282,"personasINE":752907,"porcentaje":0.3178851090589573},{"rango":{"min":20,"max":29},"vacunados":295211,"personasINE":928672.0000000001,"porcentaje":0.8355723788800056},{"rango":{"min":30,"max":39},"vacunados":747408,"personasINE":1140217,"porcentaje":0.8355723788800056},{"rango":{"min":40,"max":49},"vacunados":1157363,"personasINE":1385114,"porcentaje":0.8355723788800056},{"rango":{"min":50,"max":59},"vacunados":1166170,"personasINE":1265021,"porcentaje":0.9218582142114636},{"rango":{"min":60,"max":69},"vacunados":903470,"personasINE":916147,"porcentaje":0.9861627009639283},{"rango":{"min":70,"max":79},"vacunados":649768,"personasINE":650381,"porcentaje":0.9990574755412597},{"rango":{"min":80,"max":null},"vacunados":432360,"personasINE":432360,"porcentaje":1}]},"pautaCompleta":{"etarioTotal":{"vacunados":4475153,"personasINE":7451975,"porcentaje":0.6005324762898426},"etarioRangos":[{"rango":{"min":12,"max":19},"vacunados":5688,"personasINE":752907,"porcentaje":0.11607973536404673},{"rango":{"min":20,"max":29},"vacunados":107800,"personasINE":928672,"porcentaje":0.7558475331272372},{"rango":{"min":30,"max":39},"vacunados":378606,"personasINE":1140217,"porcentaje":0.7558475331272372},{"rango":{"min":40,"max":49},"vacunados":1046935,"personasINE":1385114,"porcentaje":0.7558475331272372},{"rango":{"min":50,"max":59},"vacunados":1101036,"personasINE":1265021,"porcentaje":0.8703697408975819},{"rango":{"min":60,"max":69},"vacunados":766371,"personasINE":916147,"porcentaje":0.836515319048144},{"rango":{"min":70,"max":79},"vacunados":643335,"personasINE":650381,"porcentaje":0.9891663501855067},{"rango":{"min":80,"max":null},"vacunados":425382,"personasINE":425382,"porcentaje":1}]}}},{"ccaa":"Aragón","dosisAdministradas":1544493,"dosisEntregadas":1614735,"dosisEntregadasModerna":153300,"dosisEntregadasPfizer":1118835,"dosisEntregadasAstrazeneca":285700,"dosisEntregadasJanssen":56900,"dosisPrimeraDosis":892007,"dosisPautaCompletada":737793,"porcentajeEntregadas":0.956499363672677,"porcentajePoblacionAdministradas":1.1618049166874156,"porcentajePoblacionPrimeraDosis":0.6709891973091439,"porcentajePoblacionCompletas":0.5549857039802436,"fechaUltRegistro":1626912000000,"etarios":{"unaDosis":{"etarioTotal":{"vacunados":892007,"personasINE":1185134,"porcentaje":0.7526634119011015},"etarioRangos":[{"rango":{"min":12,"max":19},"vacunados":15183,"personasINE":103109,"porcentaje":0.41192168771711873},{"rango":{"min":20,"max":29},"vacunados":53715,"personasINE":130401,"porcentaje":0.8103822873971239},{"rango":{"min":30,"max":39},"vacunados":100872,"personasINE":164286,"porcentaje":0.8103822873971239},{"rango":{"min":40,"max":49},"vacunados":174186,"personasINE":214943,"porcentaje":0.8103822873971239},{"rango":{"min":50,"max":59},"vacunados":177868,"personasINE":198266,"porcentaje":0.8971180131742205},{"rango":{"min":60,"max":69},"vacunados":150794,"personasINE":156367,"porcentaje":0.9643594876156734},{"rango":{"min":70,"max":79},"vacunados":118500,"personasINE":118955,"porcentaje":0.9961750241688033},{"rango":{"min":80,"max":null},"vacunados":100889,"personasINE":100889,"porcentaje":1}]},"pautaCompleta":{"etarioTotal":{"vacunados":737793,"personasINE":1185134,"porcentaje":0.6225397296845757},"etarioRangos":[{"rango":{"min":12,"max":19},"vacunados":6324,"personasINE":103109,"porcentaje":0.20596467818498324},{"rango":{"min":20,"max":29},"vacunados":26858,"personasINE":130401,"porcentaje":0.7393727639420684},{"rango":{"min":30,"max":39},"vacunados":40690,"personasINE":164286,"porcentaje":0.7393727639420684},{"rango":{"min":40,"max":49},"vacunados":158923,"personasINE":214943,"porcentaje":0.7393727639420684},{"rango":{"min":50,"max":59},"vacunados":172555,"personasINE":198266,"porcentaje":0.8703206802981852},{"rango":{"min":60,"max":69},"vacunados":115838,"personasINE":156367,"porcentaje":0.740808482608223},{"rango":{"min":70,"max":79},"vacunados":117416,"personasINE":118955,"porcentaje":0.987062334496238},{"rango":{"min":80,"max":null},"vacunados":99189,"personasINE":99189,"porcentaje":1}]}}},{"ccaa":"Asturias","dosisAdministradas":1341629,"dosisEntregadas":1346465,"dosisEntregadasModerna":126400,"dosisEntregadasPfizer":940415,"dosisEntregadasAstrazeneca":235900,"dosisEntregadasJanssen":43750,"dosisPrimeraDosis":727397,"dosisPautaCompletada":659171,"porcentajeEntregadas":0.9964083730360611,"porcentajePoblacionAdministradas":1.3168924914407765,"porcentajePoblacionPrimeraDosis":0.7139854964349656,"porcentajePoblacionCompletas":0.6470174246945378,"fechaUltRegistro":1626912000000,"etarios":{"unaDosis":{"etarioTotal":{"vacunados":727397,"personasINE":933927,"porcentaje":0.7788585189206437},"etarioRangos":[{"rango":{"min":12,"max":19},"vacunados":772,"personasINE":64000,"porcentaje":0.25723350735043166},{"rango":{"min":20,"max":29},"vacunados":20350,"personasINE":79111,"porcentaje":0.833735545801321},{"rango":{"min":30,"max":39},"vacunados":72934,"personasINE":114450.99999999999,"porcentaje":0.833735545801321},{"rango":{"min":40,"max":49},"vacunados":139228,"personasINE":166993,"porcentaje":0.833735545801321},{"rango":{"min":50,"max":59},"vacunados":147195,"personasINE":162645,"porcentaje":0.9050078391589044},{"rango":{"min":60,"max":69},"vacunados":144545,"personasINE":149652,"porcentaje":0.965874161387753},{"rango":{"min":70,"max":79},"vacunados":113767,"personasINE":113767,"porcentaje":1},{"rango":{"min":80,"max":null},"vacunados":88606,"personasINE":88606,"porcentaje":1}]},"pautaCompleta":{"etarioTotal":{"vacunados":659171,"personasINE":933927,"porcentaje":0.7058057000172391},"etarioRangos":[{"rango":{"min":12,"max":19},"vacunados":588,"personasINE":64000,"porcentaje":0.1302979358117076},{"rango":{"min":20,"max":29},"vacunados":10308,"personasINE":79111,"porcentaje":0.7875539693280557},{"rango":{"min":30,"max":39},"vacunados":44058,"personasINE":114451,"porcentaje":0.7875539693280557},{"rango":{"min":40,"max":49},"vacunados":131516,"personasINE":166993,"porcentaje":0.7875539693280557},{"rango":{"min":50,"max":59},"vacunados":144256,"personasINE":162645,"porcentaje":0.8869378093393587},{"rango":{"min":60,"max":69},"vacunados":128302,"personasINE":149652,"porcentaje":0.8573356854569267},{"rango":{"min":70,"max":79},"vacunados":112660,"personasINE":112660,"porcentaje":1},{"rango":{"min":80,"max":null},"vacunados":87483,"personasINE":87826,"porcentaje":0.9960945505886639}]}}},{"ccaa":"Baleares","dosisAdministradas":1227186,"dosisEntregadas":1327260,"dosisEntregadasModerna":155000,"dosisEntregadasPfizer":860310,"dosisEntregadasAstrazeneca":256400,"dosisEntregadasJanssen":55550,"dosisPrimeraDosis":712457,"dosisPautaCompletada":583007,"porcentajeEntregadas":0.9246010578183627,"porcentajePoblacionAdministradas":1.0474954824534823,"porcentajePoblacionPrimeraDosis":0.6081355955351191,"porcentajePoblacionCompletas":0.4976402914788446,"fechaUltRegistro":1626912000000,"etarios":{"unaDosis":{"etarioTotal":{"vacunados":712457,"personasINE":1034867,"porcentaje":0.688452719045056},"etarioRangos":[{"rango":{"min":12,"max":19},"vacunados":24738,"personasINE":95480,"porcentaje":0.4896768206927549},{"rango":{"min":20,"max":29},"vacunados":67547,"personasINE":137942,"porcentaje":0.7231340822226102},{"rango":{"min":30,"max":39},"vacunados":97269,"personasINE":182187,"porcentaje":0.7231340822226102},{"rango":{"min":40,"max":49},"vacunados":149090,"personasINE":206172,"porcentaje":0.7231340822226102},{"rango":{"min":50,"max":59},"vacunados":140293,"personasINE":165797,"porcentaje":0.8461733324487174},{"rango":{"min":60,"max":69},"vacunados":104554,"personasINE":117231,"porcentaje":0.8918630737603535},{"rango":{"min":70,"max":79},"vacunados":78027,"personasINE":80516,"porcentaje":0.969086889562323},{"rango":{"min":80,"max":null},"vacunados":50939,"personasINE":50939,"porcentaje":1}]},"pautaCompleta":{"etarioTotal":{"vacunados":583007,"personasINE":1034867,"porcentaje":0.5633641810976676},"etarioRangos":[{"rango":{"min":12,"max":19},"vacunados":3914,"personasINE":95480,"porcentaje":0.14333560481941685},{"rango":{"min":20,"max":29},"vacunados":19772,"personasINE":137942,"porcentaje":0.6829443377374231},{"rango":{"min":30,"max":39},"vacunados":62881,"personasINE":182187,"porcentaje":0.6829443377374231},{"rango":{"min":40,"max":49},"vacunados":140804,"personasINE":206172,"porcentaje":0.6829443377374231},{"rango":{"min":50,"max":59},"vacunados":136891,"personasINE":165797,"porcentaje":0.8256542639492874},{"rango":{"min":60,"max":69},"vacunados":91089,"personasINE":117231,"porcentaje":0.7770043759756379},{"rango":{"min":70,"max":79},"vacunados":77434,"personasINE":80516,"porcentaje":0.9617218937850862},{"rango":{"min":80,"max":null},"vacunados":50222,"personasINE":50222,"porcentaje":1}]}}},{"ccaa":"Canarias","dosisAdministradas":2329684,"dosisEntregadas":2489830,"dosisEntregadasModerna":264700,"dosisEntregadasPfizer":1600530,"dosisEntregadasAstrazeneca":503700,"dosisEntregadasJanssen":120900,"dosisPrimeraDosis":1358014,"dosisPautaCompletada":1094136,"porcentajeEntregadas":0.935679946020411,"porcentajePoblacionAdministradas":1.0706504555247542,"porcentajePoblacionPrimeraDosis":0.6241010831121274,"porcentajePoblacionCompletas":0.5028309448002529,"fechaUltRegistro":1626912000000,"etarios":{"unaDosis":{"etarioTotal":{"vacunados":1358014,"personasINE":1960774,"porcentaje":0.6925907830275188},"etarioRangos":[{"rango":{"min":12,"max":19},"vacunados":13033,"personasINE":179797,"porcentaje":0.4725638336749448},{"rango":{"min":20,"max":29},"vacunados":118967,"personasINE":251748,"porcentaje":0.7385596147699034},{"rango":{"min":30,"max":39},"vacunados":178394,"personasINE":310934,"porcentaje":0.7385596147699034},{"rango":{"min":40,"max":49},"vacunados":286505,"personasINE":387924,"porcentaje":0.7385596147699034},{"rango":{"min":50,"max":59},"vacunados":305115,"personasINE":350512,"porcentaje":0.8704837494864656},{"rango":{"min":60,"max":69},"vacunados":215159,"personasINE":235092,"porcentaje":0.9152119170367345},{"rango":{"min":70,"max":79},"vacunados":148920,"personasINE":154531,"porcentaje":0.9636901333712977},{"rango":{"min":80,"max":null},"vacunados":91921,"personasINE":91921,"porcentaje":1}]},"pautaCompleta":{"etarioTotal":{"vacunados":1094136,"personasINE":1960774,"porcentaje":0.5580122951446724},"etarioRangos":[{"rango":{"min":12,"max":19},"vacunados":2219,"personasINE":179797,"porcentaje":0.14594753483642373},{"rango":{"min":20,"max":29},"vacunados":36742,"personasINE":251748,"porcentaje":0.6425382291376661},{"rango":{"min":30,"max":39},"vacunados":98725,"personasINE":310934,"porcentaje":0.6425382291376661},{"rango":{"min":40,"max":49},"vacunados":249256,"personasINE":387924,"porcentaje":0.6425382291376661},{"rango":{"min":50,"max":59},"vacunados":291172,"personasINE":350512,"porcentaje":0.8307047975532935},{"rango":{"min":60,"max":69},"vacunados":178883,"personasINE":235092,"porcentaje":0.7609063685706021},{"rango":{"min":70,"max":79},"vacunados":146907,"personasINE":154531,"porcentaje":0.9506636208916011},{"rango":{"min":80,"max":null},"vacunados":90232,"personasINE":90236,"porcentaje":0.9999556717939625}]}}},{"ccaa":"Cantabria","dosisAdministradas":674442,"dosisEntregadas":715755,"dosisEntregadasModerna":67300,"dosisEntregadasPfizer":493305,"dosisEntregadasAstrazeneca":130200,"dosisEntregadasJanssen":24950,"dosisPrimeraDosis":373205,"dosisPautaCompletada":321805,"porcentajeEntregadas":0.9422805289519458,"porcentajePoblacionAdministradas":1.15703588063235,"porcentajePoblacionPrimeraDosis":0.6402501265214744,"porcentajePoblacionCompletas":0.5520710922019884,"fechaUltRegistro":1626912000000,"etarios":{"unaDosis":{"etarioTotal":{"vacunados":373205,"personasINE":524127,"porcentaje":0.7120507052679981},"etarioRangos":[{"rango":{"min":12,"max":19},"vacunados":535,"personasINE":43963,"porcentaje":0.12567072567072568},{"rango":{"min":20,"max":29},"vacunados":6347,"personasINE":50504.99999999999,"porcentaje":0.8259571029671982},{"rango":{"min":30,"max":39},"vacunados":30887,"personasINE":70473,"porcentaje":0.8259571029671982},{"rango":{"min":40,"max":49},"vacunados":80753,"personasINE":97769,"porcentaje":0.8259571029671982},{"rango":{"min":50,"max":59},"vacunados":81423,"personasINE":89964,"porcentaje":0.9050620248099239},{"rango":{"min":60,"max":69},"vacunados":75162,"personasINE":77345,"porcentaje":0.9717758096838839},{"rango":{"min":70,"max":79},"vacunados":55824,"personasINE":55824,"porcentaje":1},{"rango":{"min":80,"max":null},"vacunados":42274,"personasINE":42274,"porcentaje":1}]},"pautaCompleta":{"etarioTotal":{"vacunados":321805,"personasINE":524127,"porcentaje":0.6139828705638137},"etarioRangos":[{"rango":{"min":12,"max":19},"vacunados":191,"personasINE":43963,"porcentaje":0.10365310365310365},{"rango":{"min":20,"max":29},"vacunados":5235,"personasINE":50505,"porcentaje":0.670222667716761},{"rango":{"min":30,"max":39},"vacunados":9649,"personasINE":70473,"porcentaje":0.670222667716761},{"rango":{"min":40,"max":49},"vacunados":65527,"personasINE":97769,"porcentaje":0.670222667716761},{"rango":{"min":50,"max":59},"vacunados":76769,"personasINE":89964,"porcentaje":0.8533302209772798},{"rango":{"min":60,"max":69},"vacunados":67304,"personasINE":77345,"porcentaje":0.8701790678130454},{"rango":{"min":70,"max":79},"vacunados":55384,"personasINE":55384,"porcentaje":1},{"rango":{"min":80,"max":null},"vacunados":41746,"personasINE":41746,"porcentaje":1}]}}},{"ccaa":"Castilla y Leon","dosisAdministradas":2929743,"dosisEntregadas":3125075,"dosisEntregadasModerna":305000,"dosisEntregadasPfizer":2202825,"dosisEntregadasAstrazeneca":514400,"dosisEntregadasJanssen":102850,"dosisPrimeraDosis":1638358,"dosisPautaCompletada":1431776,"porcentajeEntregadas":0.9374952601137573,"porcentajePoblacionAdministradas":1.2233166229490946,"porcentajePoblacionPrimeraDosis":0.6840977436388219,"porcentajePoblacionCompletas":0.597839257962068,"fechaUltRegistro":1626912000000,"etarios":{"unaDosis":{"etarioTotal":{"vacunados":1638358,"personasINE":2176253,"porcentaje":0.7528343441686238},"etarioRangos":[{"rango":{"min":12,"max":19},"vacunados":1616,"personasINE":165342,"porcentaje":0.2057429646550335},{"rango":{"min":20,"max":29},"vacunados":43413,"personasINE":211006,"porcentaje":0.8388626636022075},{"rango":{"min":30,"max":39},"vacunados":156374,"personasINE":267783,"porcentaje":0.8388626636022075},{"rango":{"min":40,"max":49},"vacunados":304763,"personasINE":363305,"porcentaje":0.8388626636022075},{"rango":{"min":50,"max":59},"vacunados":341299,"personasINE":381175,"porcentaje":0.8953866334360858},{"rango":{"min":60,"max":69},"vacunados":312889,"personasINE":318575,"porcentaje":0.9821517695989955},{"rango":{"min":70,"max":79},"vacunados":249281,"personasINE":249281,"porcentaje":1},{"rango":{"min":80,"max":null},"vacunados":228723,"personasINE":228723,"porcentaje":1}]},"pautaCompleta":{"etarioTotal":{"vacunados":1431776,"personasINE":2176253,"porcentaje":0.6579088001257207},"etarioRangos":[{"rango":{"min":12,"max":19},"vacunados":1108,"personasINE":165342,"porcentaje":0.12110556097930865},{"rango":{"min":20,"max":29},"vacunados":25554,"personasINE":211006,"porcentaje":0.7017244464017837},{"rango":{"min":30,"max":39},"vacunados":49993,"personasINE":267783,"porcentaje":0.7017244464017837},{"rango":{"min":40,"max":49},"vacunados":254940,"personasINE":363305,"porcentaje":0.7017244464017837},{"rango":{"min":50,"max":59},"vacunados":333122,"personasINE":381175,"porcentaje":0.8739345445005575},{"rango":{"min":60,"max":69},"vacunados":293898,"personasINE":318575,"porcentaje":0.9225394334144236},{"rango":{"min":70,"max":79},"vacunados":247384,"personasINE":247384,"porcentaje":1},{"rango":{"min":80,"max":null},"vacunados":225777,"personasINE":225777,"porcentaje":1}]}}},{"ccaa":"Castilla La Mancha","dosisAdministradas":2315442,"dosisEntregadas":2434540,"dosisEntregadasModerna":240500,"dosisEntregadasPfizer":1643715,"dosisEntregadasAstrazeneca":460900,"dosisEntregadasJanssen":89425,"dosisPrimeraDosis":1331159,"dosisPautaCompletada":1057181,"porcentajeEntregadas":0.951079875459019,"porcentajePoblacionAdministradas":1.1321231299698173,"porcentajePoblacionPrimeraDosis":0.6508631585535255,"porcentajePoblacionCompletas":0.5169030632875371,"fechaUltRegistro":1626912000000},{"ccaa":"Cataluña","dosisAdministradas":8563950,"dosisEntregadas":9044440,"dosisEntregadasModerna":895800,"dosisEntregadasPfizer":6056540,"dosisEntregadasAstrazeneca":1698100,"dosisEntregadasJanssen":394000,"dosisPrimeraDosis":4840273,"dosisPautaCompletada":4163252,"porcentajeEntregadas":0.9468745439186949,"porcentajePoblacionAdministradas":1.100697013641448,"porcentajePoblacionPrimeraDosis":0.6221047573035028,"porcentajePoblacionCompletas":0.5350894205870872,"fechaUltRegistro":1626912000000,"etarios":{"unaDosis":{"etarioTotal":{"vacunados":4840273,"personasINE":6868360,"porcentaje":0.7047203408091597},"etarioRangos":[{"rango":{"min":12,"max":19},"vacunados":100536,"personasINE":656166,"porcentaje":0.4263560347345146},{"rango":{"min":20,"max":29},"vacunados":357685,"personasINE":838935,"porcentaje":0.7723988137504699},{"rango":{"min":30,"max":39},"vacunados":556411,"personasINE":1044651.9999999999,"porcentaje":0.7723988137504699},{"rango":{"min":40,"max":49},"vacunados":1017060,"personasINE":1316755,"porcentaje":0.7723988137504699},{"rango":{"min":50,"max":59},"vacunados":965572,"personasINE":1091780,"porcentaje":0.8844016193738665},{"rango":{"min":60,"max":69},"vacunados":773302,"personasINE":837584,"porcentaje":0.9232530707367858},{"rango":{"min":70,"max":79},"vacunados":613161,"personasINE":635292,"porcentaje":0.9651640505468352},{"rango":{"min":80,"max":null},"vacunados":456546,"personasINE":456546,"porcentaje":1}]},"pautaCompleta":{"etarioTotal":{"vacunados":4163252,"personasINE":6868360,"porcentaje":0.6061493573429465},"etarioRangos":[{"rango":{"min":12,"max":19},"vacunados":20543,"personasINE":656166.0000000001,"porcentaje":0.17830225226030622},{"rango":{"min":20,"max":29},"vacunados":149584,"personasINE":838935,"porcentaje":0.7230244046918372},{"rango":{"min":30,"max":39},"vacunados":354613,"personasINE":1044652,"porcentaje":0.7230244046918372},{"rango":{"min":40,"max":49},"vacunados":952046,"personasINE":1316755,"porcentaje":0.7230244046918372},{"rango":{"min":50,"max":59},"vacunados":903514,"personasINE":1091780,"porcentaje":0.8275604975361337},{"rango":{"min":60,"max":69},"vacunados":729281,"personasINE":837584,"porcentaje":0.8706959540774418},{"rango":{"min":70,"max":79},"vacunados":604885,"personasINE":635292,"porcentaje":0.9521369700861966},{"rango":{"min":80,"max":null},"vacunados":448786,"personasINE":448786,"porcentaje":1}]}}},{"ccaa":"C. Valenciana","dosisAdministradas":5454018,"dosisEntregadas":5757090,"dosisEntregadasModerna":573000,"dosisEntregadasPfizer":3867040,"dosisEntregadasAstrazeneca":1009800,"dosisEntregadasJanssen":307250,"dosisPrimeraDosis":3081460,"dosisPautaCompletada":2560969,"porcentajeEntregadas":0.9473567375184337,"porcentajePoblacionAdministradas":1.0784333227283127,"porcentajePoblacionPrimeraDosis":0.6093029298132837,"porcentajePoblacionCompletas":0.5063852572679819,"fechaUltRegistro":1626912000000,"etarios":{"unaDosis":{"etarioTotal":{"vacunados":3081460,"personasINE":4488459,"porcentaje":0.6865296084914667},"etarioRangos":[{"rango":{"min":12,"max":19},"vacunados":3989,"personasINE":424531.00000000006,"porcentaje":0.13395953701227994},{"rango":{"min":20,"max":29},"vacunados":69140,"personasINE":516126,"porcentaje":0.8256363405778381},{"rango":{"min":30,"max":39},"vacunados":331272,"personasINE":648759,"porcentaje":0.8256363405778381},{"rango":{"min":40,"max":49},"vacunados":703102,"personasINE":851588,"porcentaje":0.8256363405778381},{"rango":{"min":50,"max":59},"vacunados":695677,"personasINE":752334,"porcentaje":0.9246916927853852},{"rango":{"min":60,"max":69},"vacunados":551446,"personasINE":580728,"porcentaje":0.9495770825584439},{"rango":{"min":70,"max":79},"vacunados":431245,"personasINE":437862,"porcentaje":0.9848879327276631},{"rango":{"min":80,"max":null},"vacunados":295589,"personasINE":295589,"porcentaje":1}]},"pautaCompleta":{"etarioTotal":{"vacunados":2560969,"personasINE":4488459,"porcentaje":0.5705675377674164},"etarioRangos":[{"rango":{"min":12,"max":19},"vacunados":2289,"personasINE":424531.00000000006,"porcentaje":0.09940595901000919},{"rango":{"min":20,"max":29},"vacunados":51306,"personasINE":516125.99999999994,"porcentaje":0.6522649450203619},{"rango":{"min":30,"max":39},"vacunados":78828,"personasINE":648759,"porcentaje":0.6522649450203619},{"rango":{"min":40,"max":49},"vacunados":555461,"personasINE":851588,"porcentaje":0.6522649450203619},{"rango":{"min":50,"max":59},"vacunados":652182,"personasINE":752334,"porcentaje":0.866878274808795},{"rango":{"min":60,"max":69},"vacunados":501936,"personasINE":580728,"porcentaje":0.8643220233913295},{"rango":{"min":70,"max":79},"vacunados":427583,"personasINE":437862,"porcentaje":0.9765245671010501},{"rango":{"min":80,"max":null},"vacunados":291384,"personasINE":291384,"porcentaje":1}]}}},{"ccaa":"Extremadura","dosisAdministradas":1305505,"dosisEntregadas":1294675,"dosisEntregadasModerna":121900,"dosisEntregadasPfizer":899225,"dosisEntregadasAstrazeneca":228000,"dosisEntregadasJanssen":45550,"dosisPrimeraDosis":732952,"dosisPautaCompletada":635236,"porcentajeEntregadas":1.008365033695715,"porcentajePoblacionAdministradas":1.2269933749190545,"porcentajePoblacionPrimeraDosis":0.6888730783364835,"porcentajePoblacionCompletas":0.597033610373059,"fechaUltRegistro":1626912000000,"etarios":{"unaDosis":{"etarioTotal":{"vacunados":732952,"personasINE":953437,"porcentaje":0.768747174695339},"etarioRangos":[{"rango":{"min":12,"max":19},"vacunados":1255,"personasINE":84750,"porcentaje":0.3012883868690434},{"rango":{"min":20,"max":29},"vacunados":34142,"personasINE":113320,"porcentaje":0.8840583344828019},{"rango":{"min":30,"max":39},"vacunados":94478,"personasINE":133479,"porcentaje":0.8840583344828019},{"rango":{"min":40,"max":49},"vacunados":141002,"personasINE":159494,"porcentaje":0.8840583344828019},{"rango":{"min":50,"max":59},"vacunados":157725,"personasINE":169216,"porcentaje":0.9320927099092284},{"rango":{"min":60,"max":69},"vacunados":130729,"personasINE":130729,"porcentaje":1},{"rango":{"min":70,"max":79},"vacunados":95561,"personasINE":95561,"porcentaje":1},{"rango":{"min":80,"max":null},"vacunados":78060,"personasINE":78060,"porcentaje":1}]},"pautaCompleta":{"etarioTotal":{"vacunados":635236,"personasINE":953437,"porcentaje":0.6662590186871288},"etarioRangos":[{"rango":{"min":12,"max":19},"vacunados":473,"personasINE":84750,"porcentaje":0.1006530180021179},{"rango":{"min":20,"max":29},"vacunados":11406,"personasINE":113320,"porcentaje":0.8206202114186114},{"rango":{"min":30,"max":39},"vacunados":44872,"personasINE":133479,"porcentaje":0.8206202114186114},{"rango":{"min":40,"max":49},"vacunados":130884,"personasINE":159494,"porcentaje":0.8206202114186114},{"rango":{"min":50,"max":59},"vacunados":154938,"personasINE":169216,"porcentaje":0.9156226361573374},{"rango":{"min":60,"max":69},"vacunados":121036,"personasINE":125297,"porcentaje":0.9659928011045755},{"rango":{"min":70,"max":79},"vacunados":94717,"personasINE":94717,"porcentaje":1},{"rango":{"min":80,"max":null},"vacunados":76910,"personasINE":76910,"porcentaje":1}]}}},{"ccaa":"Galicia","dosisAdministradas":3352243,"dosisEntregadas":3429905,"dosisEntregadasModerna":323400,"dosisEntregadasPfizer":2395105,"dosisEntregadasAstrazeneca":595400,"dosisEntregadasJanssen":116000,"dosisPrimeraDosis":1857192,"dosisPautaCompletada":1639971,"porcentajeEntregadas":0.9773573903650392,"porcentajePoblacionAdministradas":1.2407355933169468,"porcentajePoblacionPrimeraDosis":0.6873857945332386,"porcentajePoblacionCompletas":0.606987736780295,"fechaUltRegistro":1626912000000,"etarios":{"unaDosis":{"etarioTotal":{"vacunados":1857192,"personasINE":2454497,"porcentaje":0.7566487145838842},"etarioRangos":[{"rango":{"min":12,"max":19},"vacunados":973,"personasINE":180007,"porcentaje":0.10445014957940263},{"rango":{"min":20,"max":29},"vacunados":24126,"personasINE":230981,"porcentaje":0.869796331852507},{"rango":{"min":30,"max":39},"vacunados":197342,"personasINE":323408,"porcentaje":0.869796331852507},{"rango":{"min":40,"max":49},"vacunados":385512,"personasINE":443221,"porcentaje":0.869796331852507},{"rango":{"min":50,"max":59},"vacunados":380416,"personasINE":405889,"porcentaje":0.9372414625673522},{"rango":{"min":60,"max":69},"vacunados":337955,"personasINE":346927,"porcentaje":0.9741386516471765},{"rango":{"min":70,"max":79},"vacunados":289608,"personasINE":289762,"porcentaje":0.9994685293447726},{"rango":{"min":80,"max":null},"vacunados":241260,"personasINE":241260,"porcentaje":1}]},"pautaCompleta":{"etarioTotal":{"vacunados":1639971,"personasINE":2454497,"porcentaje":0.6681495230998449},"etarioRangos":[{"rango":{"min":12,"max":19},"vacunados":421,"personasINE":180007,"porcentaje":0.08777345322775466},{"rango":{"min":20,"max":29},"vacunados":20274,"personasINE":230981,"porcentaje":0.7819823519192457},{"rango":{"min":30,"max":39},"vacunados":46587,"personasINE":323408,"porcentaje":0.7819823519192457},{"rango":{"min":40,"max":49},"vacunados":346591,"personasINE":443221,"porcentaje":0.7819823519192457},{"rango":{"min":50,"max":59},"vacunados":372096,"personasINE":405889,"porcentaje":0.91674324753812},{"rango":{"min":60,"max":69},"vacunados":326562,"personasINE":346927,"porcentaje":0.9412988899682065},{"rango":{"min":70,"max":79},"vacunados":288084,"personasINE":289762,"porcentaje":0.9942090405229119},{"rango":{"min":80,"max":null},"vacunados":239356,"personasINE":239356,"porcentaje":1}]}}},{"ccaa":"La Rioja","dosisAdministradas":351804,"dosisEntregadas":377505,"dosisEntregadasModerna":36300,"dosisEntregadasPfizer":265655,"dosisEntregadasAstrazeneca":61400,"dosisEntregadasJanssen":14150,"dosisPrimeraDosis":204194,"dosisPautaCompletada":170131,"porcentajeEntregadas":0.9319187825326817,"porcentajePoblacionAdministradas":1.0996830398169508,"porcentajePoblacionPrimeraDosis":0.638277787155298,"porcentajePoblacionCompletas":0.5318022968672831,"fechaUltRegistro":1626912000000,"etarios":{"unaDosis":{"etarioTotal":{"vacunados":204194,"personasINE":283970,"porcentaje":0.7190689157305349},"etarioRangos":[{"rango":{"min":12,"max":19},"vacunados":400,"personasINE":25532,"porcentaje":0.16563792763805896},{"rango":{"min":20,"max":29},"vacunados":5045,"personasINE":30458,"porcentaje":0.8276011860917522},{"rango":{"min":30,"max":39},"vacunados":22874,"personasINE":39319,"porcentaje":0.8276011860917522},{"rango":{"min":40,"max":49},"vacunados":43819,"personasINE":52947,"porcentaje":0.8276011860917522},{"rango":{"min":50,"max":59},"vacunados":43303,"personasINE":47664,"porcentaje":0.9085053709298422},{"rango":{"min":60,"max":69},"vacunados":36863,"personasINE":37718,"porcentaje":0.9773317779309614},{"rango":{"min":70,"max":79},"vacunados":28558,"personasINE":28558,"porcentaje":1},{"rango":{"min":80,"max":null},"vacunados":23332,"personasINE":23332,"porcentaje":1}]},"pautaCompleta":{"etarioTotal":{"vacunados":170131,"personasINE":283970,"porcentaje":0.5991161038137831},"etarioRangos":[{"rango":{"min":12,"max":19},"vacunados":186,"personasINE":25532,"porcentaje":0.11996848118720861},{"rango":{"min":20,"max":29},"vacunados":3654,"personasINE":30458,"porcentaje":0.5891363061174382},{"rango":{"min":30,"max":39},"vacunados":6928,"personasINE":39319,"porcentaje":0.5891363061174382},{"rango":{"min":40,"max":49},"vacunados":31193,"personasINE":52947,"porcentaje":0.5891363061174382},{"rango":{"min":50,"max":59},"vacunados":41821,"personasINE":47664,"porcentaje":0.8774127223900637},{"rango":{"min":60,"max":69},"vacunados":34893,"personasINE":37718,"porcentaje":0.9251020732806617},{"rango":{"min":70,"max":79},"vacunados":28392,"personasINE":28392,"porcentaje":1},{"rango":{"min":80,"max":null},"vacunados":23064,"personasINE":23064,"porcentaje":1}]}}},{"ccaa":"Madrid","dosisAdministradas":7234927,"dosisEntregadas":7649595,"dosisEntregadasModerna":825900,"dosisEntregadasPfizer":5172495,"dosisEntregadasAstrazeneca":1309400,"dosisEntregadasJanssen":341800,"dosisPrimeraDosis":4385901,"dosisPautaCompletada":3373266,"porcentajeEntregadas":0.9457921628530661,"porcentajePoblacionAdministradas":1.0671160054561373,"porcentajePoblacionPrimeraDosis":0.6468987393302073,"porcentajePoblacionCompletas":0.49754007735821004,"fechaUltRegistro":1626912000000,"etarios":{"unaDosis":{"etarioTotal":{"vacunados":4385901,"personasINE":5977937,"porcentaje":0.7336813686728382},"etarioRangos":[{"rango":{"min":12,"max":19},"vacunados":54468,"personasINE":553542,"porcentaje":0.45946597528536315},{"rango":{"min":20,"max":29},"vacunados":341142,"personasINE":742475,"porcentaje":0.8118718218549175},{"rango":{"min":30,"max":39},"vacunados":579313,"personasINE":949640,"porcentaje":0.8118718218549175},{"rango":{"min":40,"max":49},"vacunados":946619,"personasINE":1165971,"porcentaje":0.8118718218549175},{"rango":{"min":50,"max":59},"vacunados":908884,"personasINE":972783,"porcentaje":0.9343132024305524},{"rango":{"min":60,"max":69},"vacunados":675260,"personasINE":703323,"porcentaje":0.9600994137828566},{"rango":{"min":70,"max":79},"vacunados":507795,"personasINE":526081,"porcentaje":0.9652410940520566},{"rango":{"min":80,"max":null},"vacunados":372420,"personasINE":372420,"porcentaje":1}]},"pautaCompleta":{"etarioTotal":{"vacunados":3373266,"personasINE":5977937,"porcentaje":0.5642859735724883},"etarioRangos":[{"rango":{"min":12,"max":19},"vacunados":10738,"personasINE":553542,"porcentaje":0.16806491801070744},{"rango":{"min":20,"max":29},"vacunados":124784,"personasINE":742475,"porcentaje":0.5679180700034564},{"rango":{"min":30,"max":39},"vacunados":188633,"personasINE":949640,"porcentaje":0.5679180700034564},{"rango":{"min":40,"max":49},"vacunados":662176,"personasINE":1165971,"porcentaje":0.5679180700034564},{"rango":{"min":50,"max":59},"vacunados":875226,"personasINE":972783,"porcentaje":0.8997135023946758},{"rango":{"min":60,"max":69},"vacunados":639325,"personasINE":703323,"porcentaje":0.9090062460633308},{"rango":{"min":70,"max":79},"vacunados":503928,"personasINE":526081,"porcentaje":0.9578905149587231},{"rango":{"min":80,"max":null},"vacunados":368456,"personasINE":368456,"porcentaje":1}]}}},{"ccaa":"Murcia","dosisAdministradas":1601379,"dosisEntregadas":1674475,"dosisEntregadasModerna":185000,"dosisEntregadasPfizer":1141475,"dosisEntregadasAstrazeneca":259900,"dosisEntregadasJanssen":88100,"dosisPrimeraDosis":923578,"dosisPautaCompletada":738029,"porcentajeEntregadas":0.9563469147046089,"porcentajePoblacionAdministradas":1.0596380085108297,"porcentajePoblacionPrimeraDosis":0.611134748628785,"porcentajePoblacionCompletas":0.48835633524808253,"fechaUltRegistro":1626912000000,"etarios":{"unaDosis":{"etarioTotal":{"vacunados":923578,"personasINE":1310137,"porcentaje":0.7049476505128853},"etarioRangos":[{"rango":{"min":12,"max":19},"vacunados":1662,"personasINE":141894,"porcentaje":0.35529585249175605},{"rango":{"min":20,"max":29},"vacunados":61199,"personasINE":172248,"porcentaje":0.839083715970837},{"rango":{"min":30,"max":39},"vacunados":131055,"personasINE":209003,"porcentaje":0.839083715970837},{"rango":{"min":40,"max":49},"vacunados":213259,"personasINE":254156.99999999997,"porcentaje":0.839083715970837},{"rango":{"min":50,"max":59},"vacunados":198668,"personasINE":213256,"porcentaje":0.9315939528078928},{"rango":{"min":60,"max":69},"vacunados":142109,"personasINE":146909,"porcentaje":0.9673267124546489},{"rango":{"min":70,"max":79},"vacunados":102088,"personasINE":102899,"porcentaje":0.9921184851164734},{"rango":{"min":80,"max":null},"vacunados":73538,"personasINE":73538,"porcentaje":1}]},"pautaCompleta":{"etarioTotal":{"vacunados":738029,"personasINE":1310137,"porcentaje":0.563322003729381},"etarioRangos":[{"rango":{"min":12,"max":19},"vacunados":1355,"personasINE":141894,"porcentaje":0.12607983837257908},{"rango":{"min":20,"max":29},"vacunados":21717,"personasINE":172248,"porcentaje":0.7366155565260842},{"rango":{"min":30,"max":39},"vacunados":47771,"personasINE":209003,"porcentaje":0.7366155565260842},{"rango":{"min":40,"max":49},"vacunados":187216,"personasINE":254157,"porcentaje":0.7366155565260842},{"rango":{"min":50,"max":59},"vacunados":185327,"personasINE":213256,"porcentaje":0.8690353378099561},{"rango":{"min":60,"max":69},"vacunados":123159,"personasINE":146909,"porcentaje":0.8383352959995644},{"rango":{"min":70,"max":79},"vacunados":99149,"personasINE":102899,"porcentaje":0.9635564971476885},{"rango":{"min":80,"max":null},"vacunados":72335,"personasINE":72335,"porcentaje":1}]}}},{"ccaa":"Navarra","dosisAdministradas":752833,"dosisEntregadas":783035,"dosisEntregadasModerna":81200,"dosisEntregadasPfizer":527235,"dosisEntregadasAstrazeneca":145700,"dosisEntregadasJanssen":28900,"dosisPrimeraDosis":428036,"dosisPautaCompletada":366459,"porcentajeEntregadas":0.9614295657282241,"porcentajePoblacionAdministradas":1.1385910704374036,"porcentajePoblacionPrimeraDosis":0.6473653086750243,"porcentajePoblacionCompletas":0.5542357270223549,"fechaUltRegistro":1626912000000,"etarios":{"unaDosis":{"etarioTotal":{"vacunados":428036,"personasINE":581354,"porcentaje":0.7362742838270658},"etarioRangos":[{"rango":{"min":12,"max":19},"vacunados":3056,"personasINE":56388,"porcentaje":0.4026597384296975},{"rango":{"min":20,"max":29},"vacunados":27432,"personasINE":68127,"porcentaje":0.8299938890020555},{"rango":{"min":30,"max":39},"vacunados":51530,"personasINE":81341,"porcentaje":0.8299938890020555},{"rango":{"min":40,"max":49},"vacunados":89641,"personasINE":108002,"porcentaje":0.8299938890020555},{"rango":{"min":50,"max":59},"vacunados":88363,"personasINE":96694,"porcentaje":0.9138416034086914},{"rango":{"min":60,"max":69},"vacunados":69921,"personasINE":73844,"porcentaje":0.9468744921726884},{"rango":{"min":70,"max":79},"vacunados":55690,"personasINE":55792,"porcentaje":0.9981717809004875},{"rango":{"min":80,"max":null},"vacunados":42403,"personasINE":42403,"porcentaje":1}]},"pautaCompleta":{"etarioTotal":{"vacunados":366459,"personasINE":581354,"porcentaje":0.630354310798584},"etarioRangos":[{"rango":{"min":12,"max":19},"vacunados":718,"personasINE":56388,"porcentaje":0.15259735494003845},{"rango":{"min":20,"max":29},"vacunados":10396,"personasINE":68127,"porcentaje":0.7895594526027295},{"rango":{"min":30,"max":39},"vacunados":25653,"personasINE":81341,"porcentaje":0.7895594526027295},{"rango":{"min":40,"max":49},"vacunados":85274,"personasINE":108002,"porcentaje":0.7895594526027295},{"rango":{"min":50,"max":59},"vacunados":86501,"personasINE":96694,"porcentaje":0.8945849794196123},{"rango":{"min":60,"max":69},"vacunados":60549,"personasINE":73844,"porcentaje":0.8199582904501381},{"rango":{"min":70,"max":79},"vacunados":55456,"personasINE":55792,"porcentaje":0.993977631201606},{"rango":{"min":80,"max":null},"vacunados":41912,"personasINE":41912,"porcentaje":1}]}}},{"ccaa":"País Vasco","dosisAdministradas":2552997,"dosisEntregadas":2737860,"dosisEntregadasModerna":251400,"dosisEntregadasPfizer":1839060,"dosisEntregadasAstrazeneca":549600,"dosisEntregadasJanssen":97800,"dosisPrimeraDosis":1463355,"dosisPautaCompletada":1231330,"porcentajeEntregadas":0.9324790164581096,"porcentajePoblacionAdministradas":1.1497376271332995,"porcentajePoblacionPrimeraDosis":0.6590193037256407,"porcentajePoblacionCompletas":0.5545272604778014,"fechaUltRegistro":1626912000000,"etarios":{"unaDosis":{"etarioTotal":{"vacunados":1463355,"personasINE":1983943,"porcentaje":0.7375993161093842},"etarioRangos":[{"rango":{"min":12,"max":19},"vacunados":7314,"personasINE":168606,"porcentaje":0.22970813857711353},{"rango":{"min":20,"max":29},"vacunados":46294,"personasINE":201534,"porcentaje":0.8212618016032783},{"rango":{"min":30,"max":39},"vacunados":152937,"personasINE":260543,"porcentaje":0.8212618016032783},{"rango":{"min":40,"max":49},"vacunados":297406,"personasINE":362133,"porcentaje":0.8212618016032783},{"rango":{"min":50,"max":59},"vacunados":309579,"personasINE":339977,"porcentaje":0.910588069192916},{"rango":{"min":60,"max":69},"vacunados":273288,"personasINE":280119,"porcentaje":0.9756139355059814},{"rango":{"min":70,"max":79},"vacunados":212878,"personasINE":213081,"porcentaje":0.9990473106471248},{"rango":{"min":80,"max":null},"vacunados":163659,"personasINE":163659,"porcentaje":1}]},"pautaCompleta":{"etarioTotal":{"vacunados":1231330,"personasINE":1983943,"porcentaje":0.6206478714358225},"etarioRangos":[{"rango":{"min":12,"max":19},"vacunados":2443,"personasINE":168606,"porcentaje":0.15319995633491124},{"rango":{"min":20,"max":29},"vacunados":30875,"personasINE":201534,"porcentaje":0.7396094804947354},{"rango":{"min":30,"max":39},"vacunados":60834,"personasINE":260543.00000000003,"porcentaje":0.7396094804947354},{"rango":{"min":40,"max":49},"vacunados":267837,"personasINE":362133,"porcentaje":0.7396094804947354},{"rango":{"min":50,"max":59},"vacunados":303215,"personasINE":339977,"porcentaje":0.8918691558546608},{"rango":{"min":60,"max":69},"vacunados":193963,"personasINE":280119,"porcentaje":0.6924307169452982},{"rango":{"min":70,"max":79},"vacunados":210956,"personasINE":213081,"porcentaje":0.9900272666263065},{"rango":{"min":80,"max":null},"vacunados":161207,"personasINE":157949.99999999997,"porcentaje":1.0206204495093385}]}}},{"ccaa":"Ceuta","dosisAdministradas":87634,"dosisEntregadas":97940,"dosisEntregadasModerna":11700,"dosisEntregadasPfizer":63990,"dosisEntregadasAstrazeneca":18100,"dosisEntregadasJanssen":4150,"dosisPrimeraDosis":49942,"dosisPautaCompletada":42266,"porcentajeEntregadas":0.8947723095772923,"porcentajePoblacionAdministradas":1.0407591268615948,"porcentajePoblacionPrimeraDosis":0.5931213035319827,"porcentajePoblacionCompletas":0.5019595734068074,"fechaUltRegistro":1626912000000,"etarios":{"unaDosis":{"etarioTotal":{"vacunados":49942,"personasINE":70965,"porcentaje":0.7037553723666596},"etarioRangos":[{"rango":{"min":12,"max":19},"vacunados":2879,"personasINE":9126,"porcentaje":0.59596972736391},{"rango":{"min":20,"max":29},"vacunados":6536,"personasINE":10966.999999999998,"porcentaje":0.7777250435057744},{"rango":{"min":30,"max":39},"vacunados":7440,"personasINE":11894,"porcentaje":0.7777250435057744},{"rango":{"min":40,"max":49},"vacunados":9832,"personasINE":12642,"porcentaje":0.7777250435057744},{"rango":{"min":50,"max":59},"vacunados":9764,"personasINE":11556,"porcentaje":0.8449290411907234},{"rango":{"min":60,"max":69},"vacunados":7301,"personasINE":7857,"porcentaje":0.9292350770014001},{"rango":{"min":70,"max":79},"vacunados":3817,"personasINE":4318,"porcentaje":0.8839740620657712},{"rango":{"min":80,"max":null},"vacunados":2373,"personasINE":2605,"porcentaje":0.910940499040307}]},"pautaCompleta":{"etarioTotal":{"vacunados":42266,"personasINE":70965,"porcentaje":0.5955893750440358},"etarioRangos":[{"rango":{"min":12,"max":19},"vacunados":311,"personasINE":9126,"porcentaje":0.3566153004467949},{"rango":{"min":20,"max":29},"vacunados":3911,"personasINE":10967,"porcentaje":0.7431577282075621},{"rango":{"min":30,"max":39},"vacunados":6465,"personasINE":11894.000000000002,"porcentaje":0.7431577282075621},{"rango":{"min":40,"max":49},"vacunados":9395,"personasINE":12642,"porcentaje":0.7431577282075621},{"rango":{"min":50,"max":59},"vacunados":9512,"personasINE":11556,"porcentaje":0.8231221876081689},{"rango":{"min":60,"max":69},"vacunados":6558,"personasINE":7857,"porcentaje":0.8346697212676594},{"rango":{"min":70,"max":79},"vacunados":3771,"personasINE":4318,"porcentaje":0.8733209819360815},{"rango":{"min":80,"max":null},"vacunados":2343,"personasINE":2605,"porcentaje":0.8994241842610364}]}}},{"ccaa":"Melilla","dosisAdministradas":80375,"dosisEntregadas":95740,"dosisEntregadasModerna":11400,"dosisEntregadasPfizer":63990,"dosisEntregadasAstrazeneca":15100,"dosisEntregadasJanssen":5250,"dosisPrimeraDosis":48038,"dosisPautaCompletada":39263,"porcentajeEntregadas":0.8395132650929601,"porcentajePoblacionAdministradas":0.9230442372180624,"porcentajePoblacionPrimeraDosis":0.5516789930635307,"porcentajePoblacionCompletas":0.4509049565896458,"fechaUltRegistro":1626912000000,"etarios":{"unaDosis":{"etarioTotal":{"vacunados":48038,"personasINE":70927,"porcentaje":0.6772879157443569},"etarioRangos":[{"rango":{"min":12,"max":19},"vacunados":3028,"personasINE":9574,"porcentaje":0.5690704460191747},{"rango":{"min":20,"max":29},"vacunados":6826,"personasINE":11995,"porcentaje":0.7788701883019497},{"rango":{"min":30,"max":39},"vacunados":7470,"personasINE":12133,"porcentaje":0.7788701883019497},{"rango":{"min":40,"max":49},"vacunados":9348,"personasINE":12002,"porcentaje":0.7788701883019497},{"rango":{"min":50,"max":59},"vacunados":9220,"personasINE":11299,"porcentaje":0.8160014160545181},{"rango":{"min":60,"max":69},"vacunados":6905,"personasINE":7827,"porcentaje":0.8822026319151655},{"rango":{"min":70,"max":79},"vacunados":3258,"personasINE":3748,"porcentaje":0.8692636072572039},{"rango":{"min":80,"max":null},"vacunados":1983,"personasINE":2349,"porcentaje":0.8441890166028098}]},"pautaCompleta":{"etarioTotal":{"vacunados":39263,"personasINE":70927,"porcentaje":0.5535691626602},"etarioRangos":[{"rango":{"min":12,"max":19},"vacunados":306,"personasINE":9574,"porcentaje":0.2524385160483535},{"rango":{"min":20,"max":29},"vacunados":3028,"personasINE":11995,"porcentaje":0.7426262289618397},{"rango":{"min":30,"max":39},"vacunados":6473,"personasINE":12133,"porcentaje":0.7426262289618397},{"rango":{"min":40,"max":49},"vacunados":8913,"personasINE":12002,"porcentaje":0.7426262289618397},{"rango":{"min":50,"max":59},"vacunados":8905,"personasINE":11299,"porcentaje":0.7881228427294451},{"rango":{"min":60,"max":69},"vacunados":6558,"personasINE":7827,"porcentaje":0.8378689152932158},{"rango":{"min":70,"max":79},"vacunados":3162,"personasINE":3748,"porcentaje":0.843649946638207},{"rango":{"min":80,"max":null},"vacunados":1918,"personasINE":2349,"porcentaje":0.8165176670923797}]}}},{"ccaa":"Fuerzas Armadas","dosisAdministradas":164221,"dosisEntregadas":215768,"dosisEntregadasModerna":58300,"dosisEntregadasPfizer":49368,"dosisEntregadasAstrazeneca":106100,"dosisEntregadasJanssen":2000,"dosisPrimeraDosis":88741,"dosisPautaCompletada":76617,"porcentajeEntregadas":0.761099885061733,"porcentajePoblacionAdministradas":null,"porcentajePoblacionPrimeraDosis":null,"porcentajePoblacionCompletas":null,"fechaUltRegistro":1626912000000},{"ccaa":"Sanidad Exterior","dosisAdministradas":3391,"dosisEntregadas":5745,"dosisEntregadasModerna":3270,"dosisEntregadasPfizer":0,"dosisEntregadasAstrazeneca":0,"dosisEntregadasJanssen":2475,"dosisPrimeraDosis":2712,"dosisPautaCompletada":2167,"porcentajeEntregadas":0.5902523933855527,"porcentajePoblacionAdministradas":null,"porcentajePoblacionPrimeraDosis":null,"porcentajePoblacionCompletas":null,"fechaUltRegistro":null,"etarios":{"unaDosis":{"etarioTotal":{"vacunados":2712,"personasINE":"-","porcentaje":"-"},"etarioRangos":[{"rango":{"min":12,"max":19},"vacunados":65,"personasINE":null,"porcentaje":"-"},{"rango":{"min":20,"max":29},"vacunados":653,"personasINE":null,"porcentaje":"-"},{"rango":{"min":30,"max":39},"vacunados":763,"personasINE":null,"porcentaje":"-"},{"rango":{"min":40,"max":49},"vacunados":707,"personasINE":null,"porcentaje":"-"},{"rango":{"min":50,"max":59},"vacunados":370,"personasINE":null,"porcentaje":"-"},{"rango":{"min":60,"max":69},"vacunados":120,"personasINE":null,"porcentaje":"-"},{"rango":{"min":70,"max":79},"vacunados":19,"personasINE":null,"porcentaje":"-"},{"rango":{"min":80,"max":null},"vacunados":15,"personasINE":null,"porcentaje":"-"}]},"pautaCompleta":{"etarioTotal":{"vacunados":2167,"personasINE":"-","porcentaje":"-"},"etarioRangos":[{"rango":{"min":12,"max":19},"vacunados":32,"personasINE":null,"porcentaje":"-"},{"rango":{"min":20,"max":29},"vacunados":471,"personasINE":null,"porcentaje":"-"},{"rango":{"min":30,"max":39},"vacunados":562,"personasINE":null,"porcentaje":"-"},{"rango":{"min":40,"max":49},"vacunados":613,"personasINE":null,"porcentaje":"-"},{"rango":{"min":50,"max":59},"vacunados":349,"personasINE":null,"porcentaje":"-"},{"rango":{"min":60,"max":69},"vacunados":107,"personasINE":null,"porcentaje":"-"},{"rango":{"min":70,"max":79},"vacunados":19,"personasINE":null,"porcentaje":"-"},{"rango":{"min":80,"max":null},"vacunados":14,"personasINE":null,"porcentaje":"-"}]}}},{"ccaa":"Totales","dosisAdministradas":53449255,"dosisEntregadas":55930113,"dosisEntregadasModerna":5701770,"dosisEntregadasPfizer":37620993,"dosisEntregadasAstrazeneca":10189600,"dosisEntregadasJanssen":2417750,"dosisPrimeraDosis":30500003,"dosisPautaCompletada":25398978,"porcentajeEntregadas":0.9556436083009523,"porcentajePoblacionAdministradas":1.1386718150830848,"porcentajePoblacionPrimeraDosis":0.6497657221985513,"porcentajePoblacionCompletas":0.5410945462292288,"fechaUltRegistro":null,"etarios":{"unaDosis":{"etarioTotal":{"vacunados":30500003,"personasINE":42119827,"porcentaje":0.724124602885952},"etarioRangos":[{"rango":{"min":12,"max":19},"vacunados":249298,"personasINE":3888686,"porcentaje":0.3450010516438002},{"rango":{"min":20,"max":29},"vacunados":1705906,"personasINE":4944640,"porcentaje":0.8161364221843683},{"rango":{"min":30,"max":39},"vacunados":3717101,"personasINE":6230403,"porcentaje":0.8161364221843683},{"rango":{"min":40,"max":49},"vacunados":6440734,"personasINE":7891737,"porcentaje":0.8161364221843683},{"rango":{"min":50,"max":59},"vacunados":6414902,"personasINE":7033306,"porcentaje":0.9120749189641401},{"rango":{"min":60,"max":69},"vacunados":5132252,"personasINE":5336986,"porcentaje":0.9616386477311352},{"rango":{"min":70,"max":79},"vacunados":3915401,"personasINE":3960045,"porcentaje":0.9887263907354588},{"rango":{"min":80,"max":null},"vacunados":2924409,"personasINE":2924409,"porcentaje":1}]},"pautaCompleta":{"etarioTotal":{"vacunados":25398978,"personasINE":42119827,"porcentaje":0.603017149144511},"etarioRangos":[{"rango":{"min":12,"max":19},"vacunados":61334,"personasINE":3888686,"porcentaje":0.14223583516696867},{"rango":{"min":20,"max":29},"vacunados":703305,"personasINE":4944640,"porcentaje":0.7018444735297185},{"rango":{"min":30,"max":39},"vacunados":1667287,"personasINE":6230403,"porcentaje":0.7018444735297185},{"rango":{"min":40,"max":49},"vacunados":5538772,"personasINE":7891737,"porcentaje":0.7018444735297185},{"rango":{"min":50,"max":59},"vacunados":6109976,"personasINE":7033306,"porcentaje":0.8687203428942236},{"rango":{"min":60,"max":69},"vacunados":4558563,"personasINE":5336986,"porcentaje":0.8541455795462083},{"rango":{"min":70,"max":79},"vacunados":3876618,"personasINE":3960045,"porcentaje":0.9789328151574035},{"rango":{"min":80,"max":null},"vacunados":2883123,"personasINE":2883123,"porcentaje":1}]}}}]