[{"ccaa":"Andalucía","dosisAdministradas":9253259,"dosisEntregadas":9712680,"dosisEntregadasModerna":1011000,"dosisEntregadasPfizer":6419880,"dosisEntregadasAstrazeneca":1805800,"dosisEntregadasJanssen":476000,"dosisPrimeraDosis":5203465,"dosisPautaCompletada":4289840,"porcentajeEntregadas":0.9526988431617226,"porcentajePoblacionAdministradas":1.0931958526115992,"porcentajePoblacionPrimeraDosis":0.614746259367604,"porcentajePoblacionCompletas":0.5068090384552452,"fechaUltRegistro":1626652800000,"etarios":{"unaDosis":{"etarioTotal":{"vacunados":5203465,"personasINE":7451975,"porcentaje":0.6982665669168241},"etarioRangos":[{"rango":{"min":12,"max":19},"vacunados":7542,"personasINE":752907,"porcentaje":0.21588246442231487},{"rango":{"min":20,"max":29},"vacunados":200484,"personasINE":928672,"porcentaje":0.8284552751614669},{"rango":{"min":30,"max":39},"vacunados":703383,"personasINE":1140217,"porcentaje":0.8284552751614669},{"rango":{"min":40,"max":49},"vacunados":1147505,"personasINE":1385114,"porcentaje":0.8284552751614669},{"rango":{"min":50,"max":59},"vacunados":1162235,"personasINE":1265021,"porcentaje":0.9187475939134607},{"rango":{"min":60,"max":69},"vacunados":900662,"personasINE":916147,"porcentaje":0.9830976906544474},{"rango":{"min":70,"max":79},"vacunados":649432,"personasINE":650381,"porcentaje":0.9985408552832878},{"rango":{"min":80,"max":null},"vacunados":432222,"personasINE":432222,"porcentaje":1}]},"pautaCompleta":{"etarioTotal":{"vacunados":4289840,"personasINE":7451975,"porcentaje":0.5756648405288531},"etarioRangos":[{"rango":{"min":12,"max":19},"vacunados":5393,"personasINE":752907,"porcentaje":0.11263718514179387},{"rango":{"min":20,"max":29},"vacunados":104603,"personasINE":928672,"porcentaje":0.7136538941921026},{"rango":{"min":30,"max":39},"vacunados":302147,"personasINE":1140217,"porcentaje":0.7136538941921026},{"rango":{"min":40,"max":49},"vacunados":988492,"personasINE":1385114,"porcentaje":0.7136538941921026},{"rango":{"min":50,"max":59},"vacunados":1092911,"personasINE":1265021,"porcentaje":0.8639469226202569},{"rango":{"min":60,"max":69},"vacunados":728678,"personasINE":916147,"porcentaje":0.7953723583660701},{"rango":{"min":70,"max":79},"vacunados":642474,"personasINE":650381,"porcentaje":0.9878425107744537},{"rango":{"min":80,"max":null},"vacunados":425142,"personasINE":425142,"porcentaje":1}]}}},{"ccaa":"Aragón","dosisAdministradas":1484438,"dosisEntregadas":1614735,"dosisEntregadasModerna":153300,"dosisEntregadasPfizer":1118835,"dosisEntregadasAstrazeneca":285700,"dosisEntregadasJanssen":56900,"dosisPrimeraDosis":860176,"dosisPautaCompletada":704087,"porcentajeEntregadas":0.9193075024694455,"porcentajePoblacionAdministradas":1.1166300960364557,"porcentajePoblacionPrimeraDosis":0.6470451507494785,"porcentajePoblacionCompletas":0.5296312371604742,"fechaUltRegistro":1626652800000,"etarios":{"unaDosis":{"etarioTotal":{"vacunados":860176,"personasINE":1185134,"porcentaje":0.7258048456967735},"etarioRangos":[{"rango":{"min":12,"max":19},"vacunados":12145,"personasINE":103109,"porcentaje":0.2919149393026127},{"rango":{"min":20,"max":29},"vacunados":38066,"personasINE":130401,"porcentaje":0.7998399575701465},{"rango":{"min":30,"max":39},"vacunados":91578,"personasINE":164286,"porcentaje":0.7998399575701465},{"rango":{"min":40,"max":49},"vacunados":171920,"personasINE":214943,"porcentaje":0.7998399575701465},{"rango":{"min":50,"max":59},"vacunados":176798,"personasINE":198266,"porcentaje":0.8917212230034398},{"rango":{"min":60,"max":69},"vacunados":150374,"personasINE":156367,"porcentaje":0.9616734988840356},{"rango":{"min":70,"max":79},"vacunados":118431,"personasINE":118955,"porcentaje":0.9955949728889075},{"rango":{"min":80,"max":null},"vacunados":100864,"personasINE":100864,"porcentaje":1}]},"pautaCompleta":{"etarioTotal":{"vacunados":704087,"personasINE":1185134,"porcentaje":0.5940990639033223},"etarioRangos":[{"rango":{"min":12,"max":19},"vacunados":5961,"personasINE":103109,"porcentaje":0.1878896634228265},{"rango":{"min":20,"max":29},"vacunados":24501,"personasINE":130401,"porcentaje":0.6823576483067604},{"rango":{"min":30,"max":39},"vacunados":32493,"personasINE":164286,"porcentaje":0.6823576483067604},{"rango":{"min":40,"max":49},"vacunados":146668,"personasINE":214943,"porcentaje":0.6823576483067604},{"rango":{"min":50,"max":59},"vacunados":170978,"personasINE":198266,"porcentaje":0.8623667194576983},{"rango":{"min":60,"max":69},"vacunados":107048,"personasINE":156367,"porcentaje":0.6845945755818044},{"rango":{"min":70,"max":79},"vacunados":117285,"personasINE":118955,"porcentaje":0.985961077718465},{"rango":{"min":80,"max":null},"vacunados":99153,"personasINE":99153,"porcentaje":1}]}}},{"ccaa":"Asturias","dosisAdministradas":1309731,"dosisEntregadas":1346465,"dosisEntregadasModerna":126400,"dosisEntregadasPfizer":940415,"dosisEntregadasAstrazeneca":235900,"dosisEntregadasJanssen":43750,"dosisPrimeraDosis":709886,"dosisPautaCompletada":643816,"porcentajeEntregadas":0.972718191709402,"porcentajePoblacionAdministradas":1.2855826161384551,"porcentajePoblacionPrimeraDosis":0.6967973584194491,"porcentajePoblacionCompletas":0.631945535069259,"fechaUltRegistro":1626652800000,"etarios":{"unaDosis":{"etarioTotal":{"vacunados":709886,"personasINE":933927,"porcentaje":0.760108659456253},"etarioRangos":[{"rango":{"min":12,"max":19},"vacunados":709,"personasINE":64000,"porcentaje":0.16486961358091795},{"rango":{"min":20,"max":29},"vacunados":13043,"personasINE":79111,"porcentaje":0.8252980663860162},{"rango":{"min":30,"max":39},"vacunados":65120,"personasINE":114451,"porcentaje":0.8252980663860162},{"rango":{"min":40,"max":49},"vacunados":137819,"personasINE":166993,"porcentaje":0.8252980663860162},{"rango":{"min":50,"max":59},"vacunados":146570,"personasINE":162645,"porcentaje":0.9011651142057856},{"rango":{"min":60,"max":69},"vacunados":144313,"personasINE":149652,"porcentaje":0.9643238981102825},{"rango":{"min":70,"max":79},"vacunados":113732,"personasINE":113732,"porcentaje":1},{"rango":{"min":80,"max":null},"vacunados":88580,"personasINE":88580,"porcentaje":1}]},"pautaCompleta":{"etarioTotal":{"vacunados":643816,"personasINE":933927,"porcentaje":0.6893643721618499},"etarioRangos":[{"rango":{"min":12,"max":19},"vacunados":581,"personasINE":64000.00000000001,"porcentaje":0.1289833272237742},{"rango":{"min":20,"max":29},"vacunados":10204,"personasINE":79111,"porcentaje":0.7709484828705395},{"rango":{"min":30,"max":39},"vacunados":38075,"personasINE":114451,"porcentaje":0.7709484828705395},{"rango":{"min":40,"max":49},"vacunados":128743,"personasINE":166993,"porcentaje":0.7709484828705395},{"rango":{"min":50,"max":59},"vacunados":143407,"personasINE":162645,"porcentaje":0.8817178517630422},{"rango":{"min":60,"max":69},"vacunados":122801,"personasINE":149652,"porcentaje":0.8205770721406997},{"rango":{"min":70,"max":79},"vacunados":112562,"personasINE":112562,"porcentaje":1},{"rango":{"min":80,"max":null},"vacunados":87443,"personasINE":87826,"porcentaje":0.9956391045931728}]}}},{"ccaa":"Baleares","dosisAdministradas":1189682,"dosisEntregadas":1315560,"dosisEntregadasModerna":155000,"dosisEntregadasPfizer":848610,"dosisEntregadasAstrazeneca":256400,"dosisEntregadasJanssen":55550,"dosisPrimeraDosis":696109,"dosisPautaCompletada":559361,"porcentajeEntregadas":0.9043160327161057,"porcentajePoblacionAdministradas":1.0154829997703883,"porcentajePoblacionPrimeraDosis":0.5941813488706774,"porcentajePoblacionCompletas":0.47745665331959647,"fechaUltRegistro":1626652800000,"etarios":{"unaDosis":{"etarioTotal":{"vacunados":696109,"personasINE":1034867,"porcentaje":0.6726555199846936},"etarioRangos":[{"rango":{"min":12,"max":19},"vacunados":21444,"personasINE":95480,"porcentaje":0.4458250569079758},{"rango":{"min":20,"max":29},"vacunados":61498,"personasINE":137942,"porcentaje":0.716823817007159},{"rango":{"min":30,"max":39},"vacunados":92840,"personasINE":182186.99999999997,"porcentaje":0.716823817007159},{"rango":{"min":40,"max":49},"vacunados":147789,"personasINE":206172,"porcentaje":0.716823817007159},{"rango":{"min":50,"max":59},"vacunados":139601,"personasINE":165797,"porcentaje":0.8419995536710556},{"rango":{"min":60,"max":69},"vacunados":104088,"personasINE":117231,"porcentaje":0.8878880159684726},{"rango":{"min":70,"max":79},"vacunados":77951,"personasINE":80516,"porcentaje":0.9681429777932337},{"rango":{"min":80,"max":null},"vacunados":50898,"personasINE":50898,"porcentaje":1}]},"pautaCompleta":{"etarioTotal":{"vacunados":559361,"personasINE":1034867,"porcentaje":0.5405148680941609},"etarioRangos":[{"rango":{"min":12,"max":19},"vacunados":2367,"personasINE":95480,"porcentaje":0.12172507285670789},{"rango":{"min":20,"max":29},"vacunados":16791,"personasINE":137942,"porcentaje":0.6617678443241566},{"rango":{"min":30,"max":39},"vacunados":52891,"personasINE":182187,"porcentaje":0.6617678443241566},{"rango":{"min":40,"max":49},"vacunados":136438,"personasINE":206171.99999999997,"porcentaje":0.6617678443241566},{"rango":{"min":50,"max":59},"vacunados":135321,"personasINE":165797,"porcentaje":0.8161848525606615},{"rango":{"min":60,"max":69},"vacunados":88068,"personasINE":117231,"porcentaje":0.7512347416638944},{"rango":{"min":70,"max":79},"vacunados":77310,"personasINE":80516,"porcentaje":0.9601818272144667},{"rango":{"min":80,"max":null},"vacunados":50175,"personasINE":50175,"porcentaje":1}]}}},{"ccaa":"Canarias","dosisAdministradas":2218688,"dosisEntregadas":2489830,"dosisEntregadasModerna":264700,"dosisEntregadasPfizer":1600530,"dosisEntregadasAstrazeneca":503700,"dosisEntregadasJanssen":120900,"dosisPrimeraDosis":1312443,"dosisPautaCompletada":1015433,"porcentajeEntregadas":0.8911001955956832,"porcentajePoblacionAdministradas":1.019640139120716,"porcentajePoblacionPrimeraDosis":0.6031580659867497,"porcentajePoblacionCompletas":0.4666614888563718,"fechaUltRegistro":1626652800000,"etarios":{"unaDosis":{"etarioTotal":{"vacunados":1312443,"personasINE":1960774,"porcentaje":0.6693494507781111},"etarioRangos":[{"rango":{"min":12,"max":19},"vacunados":9035,"personasINE":179797,"porcentaje":0.38055118610674166},{"rango":{"min":20,"max":29},"vacunados":95803,"personasINE":251748,"porcentaje":0.7189088584361886},{"rango":{"min":30,"max":39},"vacunados":173205,"personasINE":310934,"porcentaje":0.7189088584361886},{"rango":{"min":40,"max":49},"vacunados":278882,"personasINE":387924,"porcentaje":0.7189088584361886},{"rango":{"min":50,"max":59},"vacunados":300630,"personasINE":350512,"porcentaje":0.8576881818596795},{"rango":{"min":60,"max":69},"vacunados":214166,"personasINE":235092,"porcentaje":0.910988038725265},{"rango":{"min":70,"max":79},"vacunados":148867,"personasINE":154531,"porcentaje":0.9633471601167404},{"rango":{"min":80,"max":null},"vacunados":91855,"personasINE":91855,"porcentaje":1}]},"pautaCompleta":{"etarioTotal":{"vacunados":1015433,"personasINE":1960774,"porcentaje":0.5178735540148941},"etarioRangos":[{"rango":{"min":12,"max":19},"vacunados":1342,"personasINE":179797,"porcentaje":0.1202909258464814},{"rango":{"min":20,"max":29},"vacunados":30283,"personasINE":251748,"porcentaje":0.5879708396490034},{"rango":{"min":30,"max":39},"vacunados":78958,"personasINE":310934,"porcentaje":0.5879708396490034},{"rango":{"min":40,"max":49},"vacunados":228088,"personasINE":387924,"porcentaje":0.5879708396490034},{"rango":{"min":50,"max":59},"vacunados":278151,"personasINE":350512,"porcentaje":0.7935562833797416},{"rango":{"min":60,"max":69},"vacunados":163138,"personasINE":235092,"porcentaje":0.693932588093172},{"rango":{"min":70,"max":79},"vacunados":145684,"personasINE":154531,"porcentaje":0.9427493512628534},{"rango":{"min":80,"max":null},"vacunados":89789,"personasINE":90236,"porcentaje":0.9950463229753091}]}}},{"ccaa":"Cantabria","dosisAdministradas":655346,"dosisEntregadas":715755,"dosisEntregadasModerna":67300,"dosisEntregadasPfizer":493305,"dosisEntregadasAstrazeneca":130200,"dosisEntregadasJanssen":24950,"dosisPrimeraDosis":370493,"dosisPautaCompletada":305406,"porcentajeEntregadas":0.9156010087250526,"porcentajePoblacionAdministradas":1.1242758253917877,"porcentajePoblacionPrimeraDosis":0.6355975673566019,"porcentajePoblacionCompletas":0.5239378629450768,"fechaUltRegistro":1626652800000,"etarios":{"unaDosis":{"etarioTotal":{"vacunados":370493,"personasINE":524127,"porcentaje":0.7068763868299095},"etarioRangos":[{"rango":{"min":12,"max":19},"vacunados":486,"personasINE":43963,"porcentaje":0.11980991980991981},{"rango":{"min":20,"max":29},"vacunados":6051,"personasINE":50505,"porcentaje":0.8235943908600886},{"rango":{"min":30,"max":39},"vacunados":28921,"personasINE":70473,"porcentaje":0.8235943908600886},{"rango":{"min":40,"max":49},"vacunados":80522,"personasINE":97769,"porcentaje":0.8235943908600886},{"rango":{"min":50,"max":59},"vacunados":81354,"personasINE":89964,"porcentaje":0.9042950513538749},{"rango":{"min":60,"max":69},"vacunados":75091,"personasINE":77345,"porcentaje":0.9708578447217014},{"rango":{"min":70,"max":79},"vacunados":55807,"personasINE":55807,"porcentaje":1},{"rango":{"min":80,"max":null},"vacunados":42261,"personasINE":42261,"porcentaje":1}]},"pautaCompleta":{"etarioTotal":{"vacunados":305406,"personasINE":524127,"porcentaje":0.5826946522503134},"etarioRangos":[{"rango":{"min":12,"max":19},"vacunados":177,"personasINE":43963,"porcentaje":0.10292050292050292},{"rango":{"min":20,"max":29},"vacunados":5198,"personasINE":50505,"porcentaje":0.5944624574251552},{"rango":{"min":30,"max":39},"vacunados":9294,"personasINE":70473,"porcentaje":0.5944624574251552},{"rango":{"min":40,"max":49},"vacunados":58120,"personasINE":97769,"porcentaje":0.5944624574251552},{"rango":{"min":50,"max":59},"vacunados":76067,"personasINE":89964,"porcentaje":0.8455270997287804},{"rango":{"min":60,"max":69},"vacunados":59487,"personasINE":77345,"porcentaje":0.7691124183851574},{"rango":{"min":70,"max":79},"vacunados":55340,"personasINE":55340,"porcentaje":1},{"rango":{"min":80,"max":null},"vacunados":41723,"personasINE":41723,"porcentaje":1}]}}},{"ccaa":"Castilla y Leon","dosisAdministradas":2841996,"dosisEntregadas":3125075,"dosisEntregadasModerna":305000,"dosisEntregadasPfizer":2202825,"dosisEntregadasAstrazeneca":514400,"dosisEntregadasJanssen":102850,"dosisPrimeraDosis":1587803,"dosisPautaCompletada":1391529,"porcentajeEntregadas":0.9094168939945442,"porcentajePoblacionAdministradas":1.1866777902207926,"porcentajePoblacionPrimeraDosis":0.6629884614003486,"porcentajePoblacionCompletas":0.5810340896849078,"fechaUltRegistro":1626652800000,"etarios":{"unaDosis":{"etarioTotal":{"vacunados":1587803,"personasINE":2176253,"porcentaje":0.7296040487939591},"etarioRangos":[{"rango":{"min":12,"max":19},"vacunados":1512,"personasINE":165342,"porcentaje":0.14671620712207237},{"rango":{"min":20,"max":29},"vacunados":30958,"personasINE":211006,"porcentaje":0.8327300752810999},{"rango":{"min":30,"max":39},"vacunados":122589,"personasINE":267783,"porcentaje":0.8327300752810999},{"rango":{"min":40,"max":49},"vacunados":302535,"personasINE":363305,"porcentaje":0.8327300752810999},{"rango":{"min":50,"max":59},"vacunados":340055,"personasINE":381175,"porcentaje":0.8921230405981505},{"rango":{"min":60,"max":69},"vacunados":312267,"personasINE":318575,"porcentaje":0.9801993251196736},{"rango":{"min":70,"max":79},"vacunados":249209,"personasINE":249209,"porcentaje":1},{"rango":{"min":80,"max":null},"vacunados":228678,"personasINE":228678,"porcentaje":1}]},"pautaCompleta":{"etarioTotal":{"vacunados":1391529,"personasINE":2176253,"porcentaje":0.6394150863893123},"etarioRangos":[{"rango":{"min":12,"max":19},"vacunados":1033,"personasINE":165342,"porcentaje":0.11815303830222837},{"rango":{"min":20,"max":29},"vacunados":24931,"personasINE":211006,"porcentaje":0.6133606749150163},{"rango":{"min":30,"max":39},"vacunados":46565,"personasINE":267783,"porcentaje":0.6133606749150163},{"rango":{"min":40,"max":49},"vacunados":222837,"personasINE":363305,"porcentaje":0.6133606749150163},{"rango":{"min":50,"max":59},"vacunados":331685,"personasINE":381175,"porcentaje":0.8701646225486981},{"rango":{"min":60,"max":69},"vacunados":291504,"personasINE":318575,"porcentaje":0.9150247194538178},{"rango":{"min":70,"max":79},"vacunados":247243,"personasINE":247243,"porcentaje":1},{"rango":{"min":80,"max":null},"vacunados":225731,"personasINE":225731,"porcentaje":1}]}}},{"ccaa":"Castilla La Mancha","dosisAdministradas":2244729,"dosisEntregadas":2434540,"dosisEntregadasModerna":240500,"dosisEntregadasPfizer":1643715,"dosisEntregadasAstrazeneca":460900,"dosisEntregadasJanssen":89425,"dosisPrimeraDosis":1302946,"dosisPautaCompletada":1014099,"porcentajeEntregadas":0.9220341419734324,"porcentajePoblacionAdministradas":1.0975483823019614,"porcentajePoblacionPrimeraDosis":0.6370685612948429,"porcentajePoblacionCompletas":0.495838347053937,"fechaUltRegistro":1626652800000},{"ccaa":"Cataluña","dosisAdministradas":8354853,"dosisEntregadas":9044440,"dosisEntregadasModerna":895800,"dosisEntregadasPfizer":6056540,"dosisEntregadasAstrazeneca":1698100,"dosisEntregadasJanssen":394000,"dosisPrimeraDosis":4758897,"dosisPautaCompletada":4016709,"porcentajeEntregadas":0.9237556996342504,"porcentajePoblacionAdministradas":1.0738224471783806,"porcentajePoblacionPrimeraDosis":0.6116457611414413,"porcentajePoblacionCompletas":0.516254719021798,"fechaUltRegistro":1626652800000,"etarios":{"unaDosis":{"etarioTotal":{"vacunados":4758897,"personasINE":6868360,"porcentaje":0.6928723887507352},"etarioRangos":[{"rango":{"min":12,"max":19},"vacunados":82752,"personasINE":656166,"porcentaje":0.3914284181730408},{"rango":{"min":20,"max":29},"vacunados":328383,"personasINE":838935,"porcentaje":0.7653899168789942},{"rango":{"min":30,"max":39},"vacunados":538413,"personasINE":1044651.9999999999,"porcentaje":0.7653899168789942},{"rango":{"min":40,"max":49},"vacunados":1007831,"personasINE":1316755,"porcentaje":0.7653899168789942},{"rango":{"min":50,"max":59},"vacunados":961663,"personasINE":1091780,"porcentaje":0.8808212277198703},{"rango":{"min":60,"max":69},"vacunados":770795,"personasINE":837584,"porcentaje":0.9202599381077002},{"rango":{"min":70,"max":79},"vacunados":612730,"personasINE":635292,"porcentaje":0.964485622359482},{"rango":{"min":80,"max":null},"vacunados":456330,"personasINE":456330,"porcentaje":1}]},"pautaCompleta":{"etarioTotal":{"vacunados":4016709,"personasINE":6868360,"porcentaje":0.5848134052379316},"etarioRangos":[{"rango":{"min":12,"max":19},"vacunados":17224,"personasINE":656166,"porcentaje":0.16819658257195133},{"rango":{"min":20,"max":29},"vacunados":141106,"personasINE":838935.0000000001,"porcentaje":0.6944860661246777},{"rango":{"min":30,"max":39},"vacunados":293677,"personasINE":1044652.0000000001,"porcentaje":0.6944860661246777},{"rango":{"min":40,"max":49},"vacunados":914468,"personasINE":1316755,"porcentaje":0.6944860661246777},{"rango":{"min":50,"max":59},"vacunados":894696,"personasINE":1091780,"porcentaje":0.8194837787832714},{"rango":{"min":60,"max":69},"vacunados":702976,"personasINE":837584,"porcentaje":0.8392901488089552},{"rango":{"min":70,"max":79},"vacunados":604055,"personasINE":635292,"porcentaje":0.9508304842497624},{"rango":{"min":80,"max":null},"vacunados":448507,"personasINE":448507,"porcentaje":1}]}}},{"ccaa":"C. Valenciana","dosisAdministradas":5203057,"dosisEntregadas":5757090,"dosisEntregadasModerna":573000,"dosisEntregadasPfizer":3867040,"dosisEntregadasAstrazeneca":1009800,"dosisEntregadasJanssen":307250,"dosisPrimeraDosis":2971943,"dosisPautaCompletada":2408398,"porcentajeEntregadas":0.9037650966026239,"porcentajePoblacionAdministradas":1.0288103282487895,"porcentajePoblacionPrimeraDosis":0.5876479257034263,"porcentajePoblacionCompletas":0.4762171040858726,"fechaUltRegistro":1626652800000,"etarios":{"unaDosis":{"etarioTotal":{"vacunados":2971943,"personasINE":4488459,"porcentaje":0.6621299203134082},"etarioRangos":[{"rango":{"min":12,"max":19},"vacunados":3559,"personasINE":424531,"porcentaje":0.1267403695996714},{"rango":{"min":20,"max":29},"vacunados":65414,"personasINE":516126.00000000006,"porcentaje":0.8135506841336421},{"rango":{"min":30,"max":39},"vacunados":241510,"personasINE":648759,"porcentaje":0.8135506841336421},{"rango":{"min":40,"max":49},"vacunados":692810,"personasINE":851588,"porcentaje":0.8135506841336421},{"rango":{"min":50,"max":59},"vacunados":692196,"personasINE":752334,"porcentaje":0.9200647584716363},{"rango":{"min":60,"max":69},"vacunados":550041,"personasINE":580728,"porcentaje":0.9471577055006819},{"rango":{"min":70,"max":79},"vacunados":430971,"personasINE":437862,"porcentaje":0.9842621647916466},{"rango":{"min":80,"max":null},"vacunados":295442,"personasINE":295442,"porcentaje":1}]},"pautaCompleta":{"etarioTotal":{"vacunados":2408398,"personasINE":4488459,"porcentaje":0.536575693350435},"etarioRangos":[{"rango":{"min":12,"max":19},"vacunados":2109,"personasINE":424531.00000000006,"porcentaje":0.09660625506174848},{"rango":{"min":20,"max":29},"vacunados":49861,"personasINE":516126,"porcentaje":0.49531698426938847},{"rango":{"min":30,"max":39},"vacunados":75017,"personasINE":648759,"porcentaje":0.49531698426938847},{"rango":{"min":40,"max":49},"vacunados":421806,"personasINE":851588,"porcentaje":0.49531698426938847},{"rango":{"min":50,"max":59},"vacunados":644406,"personasINE":752334,"porcentaje":0.8565424399269473},{"rango":{"min":60,"max":69},"vacunados":496816,"personasINE":580728,"porcentaje":0.8555055034370652},{"rango":{"min":70,"max":79},"vacunados":427148,"personasINE":437862,"porcentaje":0.9755311034070095},{"rango":{"min":80,"max":null},"vacunados":291235,"personasINE":291235,"porcentaje":1}]}}},{"ccaa":"Extremadura","dosisAdministradas":1256262,"dosisEntregadas":1294675,"dosisEntregadasModerna":121900,"dosisEntregadasPfizer":899225,"dosisEntregadasAstrazeneca":228000,"dosisEntregadasJanssen":45550,"dosisPrimeraDosis":719931,"dosisPautaCompletada":595941,"porcentajeEntregadas":0.9703300055998609,"porcentajePoblacionAdministradas":1.180711794411022,"porcentajePoblacionPrimeraDosis":0.6766351468579973,"porcentajePoblacionCompletas":0.5601017681607012,"fechaUltRegistro":1626652800000,"etarios":{"unaDosis":{"etarioTotal":{"vacunados":719931,"personasINE":953437,"porcentaje":0.7550902681561551},"etarioRangos":[{"rango":{"min":12,"max":19},"vacunados":901,"personasINE":84750,"porcentaje":0.23940169431697847},{"rango":{"min":20,"max":29},"vacunados":27129,"personasINE":113320,"porcentaje":0.8777320776957127},{"rango":{"min":30,"max":39},"vacunados":91098,"personasINE":133479,"porcentaje":0.8777320776957127},{"rango":{"min":40,"max":49},"vacunados":139993,"personasINE":159494,"porcentaje":0.8777320776957127},{"rango":{"min":50,"max":59},"vacunados":157061,"personasINE":169216,"porcentaje":0.9281687310892587},{"rango":{"min":60,"max":69},"vacunados":130144,"personasINE":130144,"porcentaje":1},{"rango":{"min":70,"max":79},"vacunados":95534,"personasINE":95534,"porcentaje":1},{"rango":{"min":80,"max":null},"vacunados":78071,"personasINE":78071,"porcentaje":1}]},"pautaCompleta":{"etarioTotal":{"vacunados":595941,"personasINE":953437,"porcentaje":0.6250449688862505},"etarioRangos":[{"rango":{"min":12,"max":19},"vacunados":401,"personasINE":84750,"porcentaje":0.09200494175785387},{"rango":{"min":20,"max":29},"vacunados":10426,"personasINE":113320,"porcentaje":0.7623358872434073},{"rango":{"min":30,"max":39},"vacunados":30110,"personasINE":133479,"porcentaje":0.7623358872434073},{"rango":{"min":40,"max":49},"vacunados":121588,"personasINE":159494,"porcentaje":0.7623358872434073},{"rango":{"min":50,"max":59},"vacunados":151732,"personasINE":169216,"porcentaje":0.8966764372163388},{"rango":{"min":60,"max":69},"vacunados":113761,"personasINE":125297,"porcentaje":0.9079307565225025},{"rango":{"min":70,"max":79},"vacunados":91220,"personasINE":91876,"porcentaje":0.992859941660499},{"rango":{"min":80,"max":null},"vacunados":76703,"personasINE":76703,"porcentaje":1}]}}},{"ccaa":"Galicia","dosisAdministradas":3284603,"dosisEntregadas":3429905,"dosisEntregadasModerna":323400,"dosisEntregadasPfizer":2395105,"dosisEntregadasAstrazeneca":595400,"dosisEntregadasJanssen":116000,"dosisPrimeraDosis":1816627,"dosisPautaCompletada":1610411,"porcentajeEntregadas":0.9576367275478476,"porcentajePoblacionAdministradas":1.215700607627676,"porcentajePoblacionPrimeraDosis":0.672371835419027,"porcentajePoblacionCompletas":0.5960469594743393,"fechaUltRegistro":1626652800000,"etarios":{"unaDosis":{"etarioTotal":{"vacunados":1816627,"personasINE":2454497,"porcentaje":0.740121906850976},"etarioRangos":[{"rango":{"min":12,"max":19},"vacunados":851,"personasINE":180006.99999999997,"porcentaje":0.0991380243396643},{"rango":{"min":20,"max":29},"vacunados":22899,"personasINE":230981,"porcentaje":0.8689660462839081},{"rango":{"min":30,"max":39},"vacunados":161636,"personasINE":323408,"porcentaje":0.8689660462839081},{"rango":{"min":40,"max":49},"vacunados":385144,"personasINE":443221,"porcentaje":0.8689660462839081},{"rango":{"min":50,"max":59},"vacunados":378820,"personasINE":405889,"porcentaje":0.9333093530497254},{"rango":{"min":60,"max":69},"vacunados":336579,"personasINE":346927,"porcentaje":0.9701723993808495},{"rango":{"min":70,"max":79},"vacunados":289505,"personasINE":289762,"porcentaje":0.9991130652052373},{"rango":{"min":80,"max":null},"vacunados":241193,"personasINE":241193,"porcentaje":1}]},"pautaCompleta":{"etarioTotal":{"vacunados":1610411,"personasINE":2454497,"porcentaje":0.6561063223951792},"etarioRangos":[{"rango":{"min":12,"max":19},"vacunados":399,"personasINE":180007,"porcentaje":0.08602006225620289},{"rango":{"min":20,"max":29},"vacunados":19869,"personasINE":230981,"porcentaje":0.7343514860532331},{"rango":{"min":30,"max":39},"vacunados":43892,"personasINE":323408,"porcentaje":0.7343514860532331},{"rango":{"min":40,"max":49},"vacunados":325480,"personasINE":443221,"porcentaje":0.7343514860532331},{"rango":{"min":50,"max":59},"vacunados":370385,"personasINE":405889,"porcentaje":0.9125278093271806},{"rango":{"min":60,"max":69},"vacunados":323268,"personasINE":346927,"porcentaje":0.9318040971155315},{"rango":{"min":70,"max":79},"vacunados":287831,"personasINE":289762,"porcentaje":0.9933359101607526},{"rango":{"min":80,"max":null},"vacunados":239287,"personasINE":239287,"porcentaje":1}]}}},{"ccaa":"La Rioja","dosisAdministradas":339780,"dosisEntregadas":377505,"dosisEntregadasModerna":36300,"dosisEntregadasPfizer":265655,"dosisEntregadasAstrazeneca":61400,"dosisEntregadasJanssen":14150,"dosisPrimeraDosis":194582,"dosisPautaCompletada":166153,"porcentajeEntregadas":0.9000675487741884,"porcentajePoblacionAdministradas":1.062097938821058,"porcentajePoblacionPrimeraDosis":0.6082322124070844,"porcentajePoblacionCompletas":0.5193677050707377,"fechaUltRegistro":1626652800000,"etarios":{"unaDosis":{"etarioTotal":{"vacunados":194582,"personasINE":283970,"porcentaje":0.6852202697468043},"etarioRangos":[{"rango":{"min":12,"max":19},"vacunados":346,"personasINE":25532,"porcentaje":0.13346247291352026},{"rango":{"min":20,"max":29},"vacunados":4065,"personasINE":30458,"porcentaje":0.8163257597219862},{"rango":{"min":30,"max":39},"vacunados":15340,"personasINE":39319,"porcentaje":0.8163257597219862},{"rango":{"min":40,"max":49},"vacunados":43222,"personasINE":52947,"porcentaje":0.8163257597219862},{"rango":{"min":50,"max":59},"vacunados":43045,"personasINE":47664,"porcentaje":0.9030924806982209},{"rango":{"min":60,"max":69},"vacunados":36683,"personasINE":37718,"porcentaje":0.972559520653269},{"rango":{"min":70,"max":79},"vacunados":28549,"personasINE":28549,"porcentaje":1},{"rango":{"min":80,"max":null},"vacunados":23332,"personasINE":23332,"porcentaje":1}]},"pautaCompleta":{"etarioTotal":{"vacunados":166153,"personasINE":283970,"porcentaje":0.5851075817868084},"etarioRangos":[{"rango":{"min":12,"max":19},"vacunados":176,"personasINE":25532,"porcentaje":0.11435419265874319},{"rango":{"min":20,"max":29},"vacunados":3483,"personasINE":30458,"porcentaje":0.547207584943434},{"rango":{"min":30,"max":39},"vacunados":6031,"personasINE":39319,"porcentaje":0.547207584943434},{"rango":{"min":40,"max":49},"vacunados":28973,"personasINE":52947,"porcentaje":0.547207584943434},{"rango":{"min":50,"max":59},"vacunados":41404,"personasINE":47664,"porcentaje":0.8686639812017456},{"rango":{"min":60,"max":69},"vacunados":34654,"personasINE":37718,"porcentaje":0.9187655761175035},{"rango":{"min":70,"max":79},"vacunados":28372,"personasINE":28372,"porcentaje":1},{"rango":{"min":80,"max":null},"vacunados":23060,"personasINE":23060,"porcentaje":1}]}}},{"ccaa":"Madrid","dosisAdministradas":6981292,"dosisEntregadas":7649595,"dosisEntregadasModerna":825900,"dosisEntregadasPfizer":5172495,"dosisEntregadasAstrazeneca":1309400,"dosisEntregadasJanssen":341800,"dosisPrimeraDosis":4255036,"dosisPautaCompletada":3216282,"porcentajeEntregadas":0.9126355055398357,"porcentajePoblacionAdministradas":1.0297060954399246,"porcentajePoblacionPrimeraDosis":0.627596798059201,"porcentajePoblacionCompletas":0.47438571256634327,"fechaUltRegistro":1626652800000,"etarios":{"unaDosis":{"etarioTotal":{"vacunados":4255036,"personasINE":5977937,"porcentaje":0.7117900372653643},"etarioRangos":[{"rango":{"min":12,"max":19},"vacunados":38182,"personasINE":553542,"porcentaje":0.36980369709417826},{"rango":{"min":20,"max":29},"vacunados":274570,"personasINE":742475,"porcentaje":0.7960292322879385},{"rango":{"min":30,"max":39},"vacunados":555087,"personasINE":949640,"porcentaje":0.7960292322879385},{"rango":{"min":40,"max":49},"vacunados":928147,"personasINE":1165971,"porcentaje":0.7960292322879385},{"rango":{"min":50,"max":59},"vacunados":905320,"personasINE":972783,"porcentaje":0.9306494870901322},{"rango":{"min":60,"max":69},"vacunados":673832,"personasINE":703323,"porcentaje":0.9580690521993451},{"rango":{"min":70,"max":79},"vacunados":507575,"personasINE":526081,"porcentaje":0.9648229074990353},{"rango":{"min":80,"max":null},"vacunados":372323,"personasINE":372323,"porcentaje":1}]},"pautaCompleta":{"etarioTotal":{"vacunados":3216282,"personasINE":5977937,"porcentaje":0.5380254091001628},"etarioRangos":[{"rango":{"min":12,"max":19},"vacunados":8298,"personasINE":553542,"porcentaje":0.15101787938987846},{"rango":{"min":20,"max":29},"vacunados":112127,"personasINE":742475,"porcentaje":0.4846201149085183},{"rango":{"min":30,"max":39},"vacunados":176263,"personasINE":949640,"porcentaje":0.4846201149085183},{"rango":{"min":40,"max":49},"vacunados":565053,"personasINE":1165971,"porcentaje":0.4846201149085183},{"rango":{"min":50,"max":59},"vacunados":865937,"personasINE":972783,"porcentaje":0.8901646101956963},{"rango":{"min":60,"max":69},"vacunados":616966,"personasINE":703323,"porcentaje":0.8772157316055355},{"rango":{"min":70,"max":79},"vacunados":503393,"personasINE":526081,"porcentaje":0.956873561295694},{"rango":{"min":80,"max":null},"vacunados":368245,"personasINE":368245,"porcentaje":1}]}}},{"ccaa":"Murcia","dosisAdministradas":1542518,"dosisEntregadas":1674475,"dosisEntregadasModerna":185000,"dosisEntregadasPfizer":1141475,"dosisEntregadasAstrazeneca":259900,"dosisEntregadasJanssen":88100,"dosisPrimeraDosis":887204,"dosisPautaCompletada":714617,"porcentajeEntregadas":0.921195001418355,"porcentajePoblacionAdministradas":1.0206894817604752,"porcentajePoblacionPrimeraDosis":0.5870659473509033,"porcentajePoblacionCompletas":0.47286453408467555,"fechaUltRegistro":1626652800000,"etarios":{"unaDosis":{"etarioTotal":{"vacunados":887204,"personasINE":1310137,"porcentaje":0.6771841418111235},"etarioRangos":[{"rango":{"min":12,"max":19},"vacunados":1523,"personasINE":141894,"porcentaje":0.20472806650875483},{"rango":{"min":20,"max":29},"vacunados":35264,"personasINE":172248,"porcentaje":0.8319031150037182},{"rango":{"min":30,"max":39},"vacunados":124663,"personasINE":209003,"porcentaje":0.8319031150037182},{"rango":{"min":40,"max":49},"vacunados":211434,"personasINE":254157,"porcentaje":0.8319031150037182},{"rango":{"min":50,"max":59},"vacunados":197852,"personasINE":213256,"porcentaje":0.9277675657425817},{"rango":{"min":60,"max":69},"vacunados":140952,"personasINE":146909,"porcentaje":0.9594510887692381},{"rango":{"min":70,"max":79},"vacunados":102000,"personasINE":102899,"porcentaje":0.9912632775828725},{"rango":{"min":80,"max":null},"vacunados":73516,"personasINE":73516,"porcentaje":1}]},"pautaCompleta":{"etarioTotal":{"vacunados":714617,"personasINE":1310137,"porcentaje":0.5454521168396893},"etarioRangos":[{"rango":{"min":12,"max":19},"vacunados":1332,"personasINE":141894,"porcentaje":0.12348474292880034},{"rango":{"min":20,"max":29},"vacunados":21270,"personasINE":172248,"porcentaje":0.7197008148506632},{"rango":{"min":30,"max":39},"vacunados":35141,"personasINE":209003,"porcentaje":0.7197008148506632},{"rango":{"min":40,"max":49},"vacunados":182917,"personasINE":254157,"porcentaje":0.7197008148506632},{"rango":{"min":50,"max":59},"vacunados":184263,"personasINE":213256,"porcentaje":0.8640460291855798},{"rango":{"min":60,"max":69},"vacunados":118512,"personasINE":146909,"porcentaje":0.8067034694947213},{"rango":{"min":70,"max":79},"vacunados":98897,"personasINE":102899,"porcentaje":0.9611074937560132},{"rango":{"min":80,"max":null},"vacunados":72285,"personasINE":72285,"porcentaje":1}]}}},{"ccaa":"Navarra","dosisAdministradas":732309,"dosisEntregadas":783035,"dosisEntregadasModerna":81200,"dosisEntregadasPfizer":527235,"dosisEntregadasAstrazeneca":145700,"dosisEntregadasJanssen":28900,"dosisPrimeraDosis":419469,"dosisPautaCompletada":353413,"porcentajeEntregadas":0.9352187322405767,"porcentajePoblacionAdministradas":1.1075503972341072,"porcentajePoblacionPrimeraDosis":0.6344085045757921,"porcentajePoblacionCompletas":0.5345048450008092,"fechaUltRegistro":1626652800000,"etarios":{"unaDosis":{"etarioTotal":{"vacunados":419469,"personasINE":581354,"porcentaje":0.7215379957822601},"etarioRangos":[{"rango":{"min":12,"max":19},"vacunados":2279,"personasINE":56388.00000000001,"porcentaje":0.3309554214922131},{"rango":{"min":20,"max":29},"vacunados":22547,"personasINE":68127,"porcentaje":0.8270587581711449},{"rango":{"min":30,"max":39},"vacunados":49155,"personasINE":81341,"porcentaje":0.8270587581711449},{"rango":{"min":40,"max":49},"vacunados":89324,"personasINE":108002,"porcentaje":0.8270587581711449},{"rango":{"min":50,"max":59},"vacunados":88200,"personasINE":96694,"porcentaje":0.9121558731668976},{"rango":{"min":60,"max":69},"vacunados":69887,"personasINE":73844,"porcentaje":0.9464140620768106},{"rango":{"min":70,"max":79},"vacunados":55680,"personasINE":55792,"porcentaje":0.9979925437338687},{"rango":{"min":80,"max":null},"vacunados":42397,"personasINE":42397,"porcentaje":1}]},"pautaCompleta":{"etarioTotal":{"vacunados":353413,"personasINE":581354,"porcentaje":0.6079135948148632},"etarioRangos":[{"rango":{"min":12,"max":19},"vacunados":595,"personasINE":56388,"porcentaje":0.14126557752432956},{"rango":{"min":20,"max":29},"vacunados":9624,"personasINE":68127,"porcentaje":0.7747912075702302},{"rango":{"min":30,"max":39},"vacunados":17710,"personasINE":81341,"porcentaje":0.7747912075702302},{"rango":{"min":40,"max":49},"vacunados":83679,"personasINE":108001.99999999999,"porcentaje":0.7747912075702302},{"rango":{"min":50,"max":59},"vacunados":86294,"personasINE":96694,"porcentaje":0.8924442054315677},{"rango":{"min":60,"max":69},"vacunados":58167,"personasINE":73844,"porcentaje":0.7877010996154055},{"rango":{"min":70,"max":79},"vacunados":55446,"personasINE":55792,"porcentaje":0.993798394034987},{"rango":{"min":80,"max":null},"vacunados":41898,"personasINE":41898,"porcentaje":1}]}}},{"ccaa":"País Vasco","dosisAdministradas":2489575,"dosisEntregadas":2737860,"dosisEntregadasModerna":251400,"dosisEntregadasPfizer":1839060,"dosisEntregadasAstrazeneca":549600,"dosisEntregadasJanssen":97800,"dosisPrimeraDosis":1442666,"dosisPautaCompletada":1184854,"porcentajeEntregadas":0.909314208907687,"porcentajePoblacionAdministradas":1.121175643007173,"porcentajePoblacionPrimeraDosis":0.6497020496247699,"porcentajePoblacionCompletas":0.5335968771053778,"fechaUltRegistro":1626652800000,"etarios":{"unaDosis":{"etarioTotal":{"vacunados":1442666,"personasINE":1983943,"porcentaje":0.7271710931211229},"etarioRangos":[{"rango":{"min":12,"max":19},"vacunados":4257,"personasINE":168606,"porcentaje":0.18757628985679836},{"rango":{"min":20,"max":29},"vacunados":37803,"personasINE":201534,"porcentaje":0.8184258269751721},{"rango":{"min":30,"max":39},"vacunados":145611,"personasINE":260543,"porcentaje":0.8184258269751721},{"rango":{"min":40,"max":49},"vacunados":296379,"personasINE":362133,"porcentaje":0.8184258269751721},{"rango":{"min":50,"max":59},"vacunados":309071,"personasINE":339977,"porcentaje":0.909093850466355},{"rango":{"min":60,"max":69},"vacunados":273066,"personasINE":280119,"porcentaje":0.974821415184261},{"rango":{"min":70,"max":79},"vacunados":212839,"personasINE":213081,"porcentaje":0.9988642816581488},{"rango":{"min":80,"max":null},"vacunados":163640,"personasINE":163640,"porcentaje":1}]},"pautaCompleta":{"etarioTotal":{"vacunados":1184854,"personasINE":1983943,"porcentaje":0.5972217951826237},"etarioRangos":[{"rango":{"min":12,"max":19},"vacunados":2033,"personasINE":168606,"porcentaje":0.14705211031389245},{"rango":{"min":20,"max":29},"vacunados":29636,"personasINE":201534,"porcentaje":0.6712395722013735},{"rango":{"min":30,"max":39},"vacunados":48376,"personasINE":260543.00000000003,"porcentaje":0.6712395722013735},{"rango":{"min":40,"max":49},"vacunados":243078,"personasINE":362133,"porcentaje":0.6712395722013735},{"rango":{"min":50,"max":59},"vacunados":301475,"personasINE":339977,"porcentaje":0.8867511625786451},{"rango":{"min":60,"max":69},"vacunados":188277,"personasINE":280119,"porcentaje":0.6721322009574502},{"rango":{"min":70,"max":79},"vacunados":210823,"personasINE":213081,"porcentaje":0.9894030908433882},{"rango":{"min":80,"max":null},"vacunados":161156,"personasINE":157950,"porcentaje":1.0202975625197848}]}}},{"ccaa":"Ceuta","dosisAdministradas":85623,"dosisEntregadas":97940,"dosisEntregadasModerna":11700,"dosisEntregadasPfizer":63990,"dosisEntregadasAstrazeneca":18100,"dosisEntregadasJanssen":4150,"dosisPrimeraDosis":49674,"dosisPautaCompletada":40471,"porcentajeEntregadas":0.8742393302021646,"porcentajePoblacionAdministradas":1.016876083703475,"porcentajePoblacionPrimeraDosis":0.5899384812712287,"porcentajePoblacionCompletas":0.4806417899812356,"fechaUltRegistro":1626652800000,"etarios":{"unaDosis":{"etarioTotal":{"vacunados":49674,"personasINE":70965,"porcentaje":0.6999788628196999},"etarioRangos":[{"rango":{"min":12,"max":19},"vacunados":2798,"personasINE":9126,"porcentaje":0.5868514634813532},{"rango":{"min":20,"max":29},"vacunados":6436,"personasINE":10967,"porcentaje":0.7754311026736276},{"rango":{"min":30,"max":39},"vacunados":7406,"personasINE":11894,"porcentaje":0.7754311026736276},{"rango":{"min":40,"max":49},"vacunados":9803,"personasINE":12642,"porcentaje":0.7754311026736276},{"rango":{"min":50,"max":59},"vacunados":9745,"personasINE":11556,"porcentaje":0.8432848736587054},{"rango":{"min":60,"max":69},"vacunados":7297,"personasINE":7857,"porcentaje":0.9287259768359425},{"rango":{"min":70,"max":79},"vacunados":3816,"personasINE":4318,"porcentaje":0.8837424733672997},{"rango":{"min":80,"max":null},"vacunados":2373,"personasINE":2605,"porcentaje":0.910940499040307}]},"pautaCompleta":{"etarioTotal":{"vacunados":40471,"personasINE":70965,"porcentaje":0.5702952159515254},"etarioRangos":[{"rango":{"min":12,"max":19},"vacunados":203,"personasINE":9126,"porcentaje":0.2524847269079967},{"rango":{"min":20,"max":29},"vacunados":2769,"personasINE":10967,"porcentaje":0.7349311817750356},{"rango":{"min":30,"max":39},"vacunados":6181,"personasINE":11893.999999999998,"porcentaje":0.7349311817750356},{"rango":{"min":40,"max":49},"vacunados":9291,"personasINE":12642,"porcentaje":0.7349311817750356},{"rango":{"min":50,"max":59},"vacunados":9468,"personasINE":11556,"porcentaje":0.8193146417445483},{"rango":{"min":60,"max":69},"vacunados":6449,"personasINE":7857.000000000001,"porcentaje":0.820796741758941},{"rango":{"min":70,"max":79},"vacunados":3768,"personasINE":4318,"porcentaje":0.872626215840667},{"rango":{"min":80,"max":null},"vacunados":2342,"personasINE":2605,"porcentaje":0.8990403071017274}]}}},{"ccaa":"Melilla","dosisAdministradas":78289,"dosisEntregadas":95740,"dosisEntregadasModerna":11400,"dosisEntregadasPfizer":63990,"dosisEntregadasAstrazeneca":15100,"dosisEntregadasJanssen":5250,"dosisPrimeraDosis":47809,"dosisPautaCompletada":37272,"porcentajeEntregadas":0.8177250887821182,"porcentajePoblacionAdministradas":0.8990881528779457,"porcentajePoblacionPrimeraDosis":0.5490491065276311,"porcentajePoblacionCompletas":0.42803987321420367,"fechaUltRegistro":1626652800000,"etarios":{"unaDosis":{"etarioTotal":{"vacunados":47809,"personasINE":70927,"porcentaje":0.6740592440114483},"etarioRangos":[{"rango":{"min":12,"max":19},"vacunados":2987,"personasINE":9574,"porcentaje":0.5624843684868696},{"rango":{"min":20,"max":29},"vacunados":6747,"personasINE":11995,"porcentaje":0.77662056323946},{"rango":{"min":30,"max":39},"vacunados":7419,"personasINE":12133.000000000002,"porcentaje":0.77662056323946},{"rango":{"min":40,"max":49},"vacunados":9321,"personasINE":12002,"porcentaje":0.77662056323946},{"rango":{"min":50,"max":59},"vacunados":9202,"personasINE":11299,"porcentaje":0.8144083547216567},{"rango":{"min":60,"max":69},"vacunados":6894,"personasINE":7827.000000000001,"porcentaje":0.8807972403219624},{"rango":{"min":70,"max":79},"vacunados":3256,"personasINE":3748,"porcentaje":0.8687299893276414},{"rango":{"min":80,"max":null},"vacunados":1983,"personasINE":2349,"porcentaje":0.8441890166028098}]},"pautaCompleta":{"etarioTotal":{"vacunados":37272,"personasINE":70927,"porcentaje":0.5254980472880567},"etarioRangos":[{"rango":{"min":12,"max":19},"vacunados":297,"personasINE":9574,"porcentaje":0.1373072113380575},{"rango":{"min":20,"max":29},"vacunados":1647,"personasINE":11995.000000000002,"porcentaje":0.731878020329945},{"rango":{"min":30,"max":39},"vacunados":6084,"personasINE":12133,"porcentaje":0.731878020329945},{"rango":{"min":40,"max":49},"vacunados":8784,"personasINE":12002,"porcentaje":0.731878020329945},{"rango":{"min":50,"max":59},"vacunados":8858,"personasINE":11299,"porcentaje":0.7839631825825294},{"rango":{"min":60,"max":69},"vacunados":6537,"personasINE":7827,"porcentaje":0.8351858949789192},{"rango":{"min":70,"max":79},"vacunados":3150,"personasINE":3748,"porcentaje":0.8404482390608324},{"rango":{"min":80,"max":null},"vacunados":1915,"personasINE":2349,"porcentaje":0.8152405278842061}]}}},{"ccaa":"Fuerzas Armadas","dosisAdministradas":160970,"dosisEntregadas":215768,"dosisEntregadasModerna":58300,"dosisEntregadasPfizer":49368,"dosisEntregadasAstrazeneca":106100,"dosisEntregadasJanssen":2000,"dosisPrimeraDosis":88058,"dosisPautaCompletada":74031,"porcentajeEntregadas":0.746032775944533,"porcentajePoblacionAdministradas":null,"porcentajePoblacionPrimeraDosis":null,"porcentajePoblacionCompletas":null,"fechaUltRegistro":1626652800000},{"ccaa":"Sanidad Exterior","dosisAdministradas":3022,"dosisEntregadas":5745,"dosisEntregadasModerna":3270,"dosisEntregadasPfizer":0,"dosisEntregadasAstrazeneca":0,"dosisEntregadasJanssen":2475,"dosisPrimeraDosis":2474,"dosisPautaCompletada":1885,"porcentajeEntregadas":0.5260226283724978,"porcentajePoblacionAdministradas":null,"porcentajePoblacionPrimeraDosis":null,"porcentajePoblacionCompletas":null,"fechaUltRegistro":1626652800000,"etarios":{"unaDosis":{"etarioTotal":{"vacunados":2474,"personasINE":"-","porcentaje":"-"},"etarioRangos":[{"rango":{"min":12,"max":19},"vacunados":43,"personasINE":null,"porcentaje":"-"},{"rango":{"min":20,"max":29},"vacunados":575,"personasINE":null,"porcentaje":"-"},{"rango":{"min":30,"max":39},"vacunados":709,"personasINE":null,"porcentaje":"-"},{"rango":{"min":40,"max":49},"vacunados":662,"personasINE":null,"porcentaje":"-"},{"rango":{"min":50,"max":59},"vacunados":345,"personasINE":null,"porcentaje":"-"},{"rango":{"min":60,"max":69},"vacunados":106,"personasINE":null,"porcentaje":"-"},{"rango":{"min":70,"max":79},"vacunados":19,"personasINE":null,"porcentaje":"-"},{"rango":{"min":80,"max":null},"vacunados":15,"personasINE":null,"porcentaje":"-"}]},"pautaCompleta":{"etarioTotal":{"vacunados":1885,"personasINE":"-","porcentaje":"-"},"etarioRangos":[{"rango":{"min":12,"max":19},"vacunados":24,"personasINE":null,"porcentaje":"-"},{"rango":{"min":20,"max":29},"vacunados":399,"personasINE":null,"porcentaje":"-"},{"rango":{"min":30,"max":39},"vacunados":467,"personasINE":null,"porcentaje":"-"},{"rango":{"min":40,"max":49},"vacunados":546,"personasINE":null,"porcentaje":"-"},{"rango":{"min":50,"max":59},"vacunados":323,"personasINE":null,"porcentaje":"-"},{"rango":{"min":60,"max":69},"vacunados":93,"personasINE":null,"porcentaje":"-"},{"rango":{"min":70,"max":79},"vacunados":19,"personasINE":null,"porcentaje":"-"},{"rango":{"min":80,"max":null},"vacunados":14,"personasINE":null,"porcentaje":"-"}]}}},{"ccaa":"Totales","dosisAdministradas":51710022,"dosisEntregadas":55918413,"dosisEntregadasModerna":5701770,"dosisEntregadasPfizer":37609293,"dosisEntregadasAstrazeneca":10189600,"dosisEntregadasJanssen":2417750,"dosisPrimeraDosis":29697691,"dosisPautaCompletada":24344008,"porcentajeEntregadas":0.92474051436331,"porcentajePoblacionAdministradas":1.101619556881125,"porcentajePoblacionPrimeraDosis":0.6326734341712825,"porcentajePoblacionCompletas":0.5186196847038773,"fechaUltRegistro":null,"etarios":{"unaDosis":{"etarioTotal":{"vacunados":29697691,"personasINE":42119827,"porcentaje":0.705076281533635},"etarioRangos":[{"rango":{"min":12,"max":19},"vacunados":196757,"personasINE":3888686.0000000005,"porcentaje":0.2790947369272586},{"rango":{"min":20,"max":29},"vacunados":1380023,"personasINE":4944640,"porcentaje":0.8072667652254504},{"rango":{"min":30,"max":39},"vacunados":3409066,"personasINE":6230403,"porcentaje":0.8072667652254504},{"rango":{"min":40,"max":49},"vacunados":6370737,"personasINE":7891737,"porcentaje":0.8072667652254504},{"rango":{"min":50,"max":59},"vacunados":6387036,"personasINE":7033306,"porcentaje":0.9081129130454441},{"rango":{"min":60,"max":69},"vacunados":5117132,"personasINE":5336986,"porcentaje":0.9588055880229028},{"rango":{"min":70,"max":79},"vacunados":3913472,"personasINE":3960045,"porcentaje":0.988239275058743},{"rango":{"min":80,"max":null},"vacunados":2923468,"personasINE":2923468,"porcentaje":1}]},"pautaCompleta":{"etarioTotal":{"vacunados":24344008,"personasINE":42119827,"porcentaje":0.5779702751390693},"etarioRangos":[{"rango":{"min":12,"max":19},"vacunados":51358,"personasINE":3888686,"porcentaje":0.13268751617913538},{"rango":{"min":20,"max":29},"vacunados":656092,"personasINE":4944640,"porcentaje":0.6412010435725367},{"rango":{"min":30,"max":39},"vacunados":1390624,"personasINE":6230403,"porcentaje":0.6412010435725367},{"rango":{"min":40,"max":49},"vacunados":5060190,"personasINE":7891737,"porcentaje":0.6412010435725367},{"rango":{"min":50,"max":59},"vacunados":6047432,"personasINE":7033306,"porcentaje":0.8598277964871712},{"rango":{"min":60,"max":69},"vacunados":4389192,"personasINE":5336986,"porcentaje":0.822410251778813},{"rango":{"min":70,"max":79},"vacunados":3867932,"personasINE":3960045,"porcentaje":0.9767394057390762},{"rango":{"min":80,"max":null},"vacunados":2881188,"personasINE":2881188,"porcentaje":1}]}}}]