[{"ccaa":"Andalucía","dosisAdministradas":13047168,"dosisEntregadas":13316870,"dosisEntregadasModerna":2019500,"dosisEntregadasPfizer":9434970,"dosisEntregadasAstrazeneca":1528900,"dosisEntregadasJanssen":333500,"dosisPrimeraDosis":6843321,"dosisPautaCompletada":6736604,"porcentajeEntregadas":0.9797473430318085,"porcentajePoblacionAdministradas":1.541414754080349,"porcentajePoblacionPrimeraDosis":0.8084816533601689,"porcentajePoblacionCompletas":0.7958739243640225,"fechaUltRegistro":1635292800000,"etarios":{"unaDosis":{"etarioTotal":{"vacunados":6843321,"personasINE":7451975,"porcentaje":0.9183231291033586},"etarioRangos":[{"rango":{"min":12,"max":19},"vacunados":666123,"personasINE":752907,"porcentaje":0.8246248406326453},{"rango":{"min":20,"max":29},"vacunados":765806,"personasINE":928672,"porcentaje":0.9026989836215648},{"rango":{"min":30,"max":39},"vacunados":929074,"personasINE":1140217,"porcentaje":0.9026989836215648},{"rango":{"min":40,"max":49},"vacunados":1250341,"personasINE":1385114,"porcentaje":0.9026989836215648},{"rango":{"min":50,"max":59},"vacunados":1215505,"personasINE":1265021,"porcentaje":0.9608575667913813},{"rango":{"min":60,"max":69},"vacunados":929089,"personasINE":929089,"porcentaje":1},{"rango":{"min":70,"max":79},"vacunados":653574,"personasINE":653574,"porcentaje":1},{"rango":{"min":80,"max":null},"vacunados":433809,"personasINE":433809,"porcentaje":1}]},"pautaCompleta":{"etarioTotal":{"vacunados":6736604,"personasINE":7451975,"porcentaje":0.9040024959826086},"etarioRangos":[{"rango":{"min":12,"max":19},"vacunados":648714,"personasINE":752907,"porcentaje":0.7973170290479308},{"rango":{"min":20,"max":29},"vacunados":740446,"personasINE":928672,"porcentaje":0.8926759819047385},{"rango":{"min":30,"max":39},"vacunados":906303,"personasINE":1140217,"porcentaje":0.8926759819047385},{"rango":{"min":40,"max":49},"vacunados":1236458,"personasINE":1385114,"porcentaje":0.8926759819047385},{"rango":{"min":50,"max":59},"vacunados":1205751,"personasINE":1265021,"porcentaje":0.953147022855747},{"rango":{"min":60,"max":69},"vacunados":921169,"personasINE":916147,"porcentaje":1.0054816530534947},{"rango":{"min":70,"max":79},"vacunados":649233,"personasINE":650381,"porcentaje":0.9982348807852628},{"rango":{"min":80,"max":null},"vacunados":428530,"personasINE":428530,"porcentaje":1}]}}},{"ccaa":"Aragón","dosisAdministradas":2008209,"dosisEntregadas":2136845,"dosisEntregadasModerna":275200,"dosisEntregadasPfizer":1531845,"dosisEntregadasAstrazeneca":265100,"dosisEntregadasJanssen":64700,"dosisPrimeraDosis":1066438,"dosisPautaCompletada":1047297,"porcentajeEntregadas":0.9398009682499199,"porcentajePoblacionAdministradas":1.5106232853991037,"porcentajePoblacionPrimeraDosis":0.8022004060505901,"porcentajePoblacionCompletas":0.7878020838113091,"fechaUltRegistro":1635292800000,"etarios":{"unaDosis":{"etarioTotal":{"vacunados":1066438,"personasINE":1185134,"porcentaje":0.8998459245958684},"etarioRangos":[{"rango":{"min":12,"max":19},"vacunados":88035,"personasINE":103109,"porcentaje":0.7964126041978206},{"rango":{"min":20,"max":29},"vacunados":103853,"personasINE":130401,"porcentaje":0.8738642337736051},{"rango":{"min":30,"max":39},"vacunados":125575,"personasINE":164286,"porcentaje":0.8738642337736051},{"rango":{"min":40,"max":49},"vacunados":187831,"personasINE":214943,"porcentaje":0.8738642337736051},{"rango":{"min":50,"max":59},"vacunados":186023,"personasINE":198266,"porcentaje":0.9382496242421797},{"rango":{"min":60,"max":69},"vacunados":154553,"personasINE":156367,"porcentaje":0.9883990867638313},{"rango":{"min":70,"max":79},"vacunados":119284,"personasINE":119284,"porcentaje":1},{"rango":{"min":80,"max":null},"vacunados":101284,"personasINE":101284,"porcentaje":1}]},"pautaCompleta":{"etarioTotal":{"vacunados":1047297,"personasINE":1185134,"porcentaje":0.8836950083281722},"etarioRangos":[{"rango":{"min":12,"max":19},"vacunados":85069,"personasINE":103109,"porcentaje":0.7672410487649635},{"rango":{"min":20,"max":29},"vacunados":100049,"personasINE":130401,"porcentaje":0.8615679505729426},{"rango":{"min":30,"max":39},"vacunados":122035,"personasINE":164286,"porcentaje":0.8615679505729426},{"rango":{"min":40,"max":49},"vacunados":185188,"personasINE":214943,"porcentaje":0.8615679505729426},{"rango":{"min":50,"max":59},"vacunados":183979,"personasINE":198266,"porcentaje":0.9279402418972491},{"rango":{"min":60,"max":69},"vacunados":152539,"personasINE":156367,"porcentaje":0.9755191312745016},{"rango":{"min":70,"max":79},"vacunados":118521,"personasINE":118955,"porcentaje":0.9963515615148586},{"rango":{"min":80,"max":null},"vacunados":99917,"personasINE":99917,"porcentaje":1}]}}},{"ccaa":"Asturias","dosisAdministradas":1691202,"dosisEntregadas":1650625,"dosisEntregadasModerna":162000,"dosisEntregadasPfizer":1224725,"dosisEntregadasAstrazeneca":220900,"dosisEntregadasJanssen":43000,"dosisPrimeraDosis":873593,"dosisPautaCompletada":864778,"porcentajeEntregadas":1.0245828095418401,"porcentajePoblacionAdministradas":1.6600201809215693,"porcentajePoblacionPrimeraDosis":0.8574859832898828,"porcentajePoblacionCompletas":0.8488335113233031,"fechaUltRegistro":1635292800000,"etarios":{"unaDosis":{"etarioTotal":{"vacunados":873593,"personasINE":933927,"porcentaje":0.9353975203629405},"etarioRangos":[{"rango":{"min":12,"max":19},"vacunados":60556,"personasINE":64000,"porcentaje":0.8424744978574408},{"rango":{"min":20,"max":29},"vacunados":66649,"personasINE":79111,"porcentaje":0.9022713526914302},{"rango":{"min":30,"max":39},"vacunados":90993,"personasINE":114451,"porcentaje":0.9022713526914302},{"rango":{"min":40,"max":49},"vacunados":150673,"personasINE":166993,"porcentaje":0.9022713526914302},{"rango":{"min":50,"max":59},"vacunados":153197,"personasINE":162645,"porcentaje":0.9419102954286944},{"rango":{"min":60,"max":69},"vacunados":148203,"personasINE":149652,"porcentaje":0.9903175366851095},{"rango":{"min":70,"max":79},"vacunados":114363,"personasINE":114363,"porcentaje":1},{"rango":{"min":80,"max":null},"vacunados":88959,"personasINE":88959,"porcentaje":1}]},"pautaCompleta":{"etarioTotal":{"vacunados":864778,"personasINE":933927,"porcentaje":0.9259588811545227},"etarioRangos":[{"rango":{"min":12,"max":19},"vacunados":59306,"personasINE":64000,"porcentaje":0.8187104195371061},{"rango":{"min":20,"max":29},"vacunados":64769,"personasINE":79111,"porcentaje":0.8961992418843904},{"rango":{"min":30,"max":39},"vacunados":89226,"personasINE":114451,"porcentaje":0.8961992418843904},{"rango":{"min":40,"max":49},"vacunados":149659,"personasINE":166993,"porcentaje":0.8961992418843904},{"rango":{"min":50,"max":59},"vacunados":152375,"personasINE":162645,"porcentaje":0.9368563435703526},{"rango":{"min":60,"max":69},"vacunados":147336,"personasINE":149652,"porcentaje":0.9845240959024938},{"rango":{"min":70,"max":79},"vacunados":113935,"personasINE":113935,"porcentaje":1},{"rango":{"min":80,"max":null},"vacunados":88172,"personasINE":88172,"porcentaje":1}]}}},{"ccaa":"Baleares","dosisAdministradas":1609341,"dosisEntregadas":1891250,"dosisEntregadasModerna":305100,"dosisEntregadasPfizer":1272150,"dosisEntregadasAstrazeneca":256400,"dosisEntregadasJanssen":57600,"dosisPrimeraDosis":857354,"dosisPautaCompletada":840344,"porcentajeEntregadas":0.850940383344349,"porcentajePoblacionAdministradas":1.3736934965255223,"porcentajePoblacionPrimeraDosis":0.7318160750394992,"porcentajePoblacionCompletas":0.7172967616212124,"fechaUltRegistro":1635292800000,"etarios":{"unaDosis":{"etarioTotal":{"vacunados":857354,"personasINE":1034867,"porcentaje":0.828467812772076},"etarioRangos":[{"rango":{"min":12,"max":19},"vacunados":74600,"personasINE":95480,"porcentaje":0.7044264980934015},{"rango":{"min":20,"max":29},"vacunados":97170,"personasINE":137942,"porcentaje":0.8129377413033778},{"rango":{"min":30,"max":39},"vacunados":126565,"personasINE":182187,"porcentaje":0.8129377413033778},{"rango":{"min":40,"max":49},"vacunados":167605,"personasINE":206172,"porcentaje":0.8129377413033778},{"rango":{"min":50,"max":59},"vacunados":150271,"personasINE":165797,"porcentaje":0.906355362280379},{"rango":{"min":60,"max":69},"vacunados":110374,"personasINE":117231,"porcentaje":0.941508645324189},{"rango":{"min":70,"max":79},"vacunados":79272,"personasINE":80516,"porcentaje":0.9845496547270107},{"rango":{"min":80,"max":null},"vacunados":51497,"personasINE":51497,"porcentaje":1}]},"pautaCompleta":{"etarioTotal":{"vacunados":840344,"personasINE":1034867,"porcentaje":0.8120309179826973},"etarioRangos":[{"rango":{"min":12,"max":19},"vacunados":72260,"personasINE":95480,"porcentaje":0.6753200620550667},{"rango":{"min":20,"max":29},"vacunados":93155,"personasINE":137942,"porcentaje":0.7998855324680364},{"rango":{"min":30,"max":39},"vacunados":122513,"personasINE":182187,"porcentaje":0.7998855324680364},{"rango":{"min":40,"max":49},"vacunados":164914,"personasINE":206172,"porcentaje":0.7998855324680364},{"rango":{"min":50,"max":59},"vacunados":148508,"personasINE":165797,"porcentaje":0.8957218767528966},{"rango":{"min":60,"max":69},"vacunados":109321,"personasINE":117231,"porcentaje":0.9325263795412476},{"rango":{"min":70,"max":79},"vacunados":78800,"personasINE":80516,"porcentaje":0.9786874658452979},{"rango":{"min":80,"max":null},"vacunados":50873,"personasINE":50873,"porcentaje":1}]}}},{"ccaa":"Canarias","dosisAdministradas":3160130,"dosisEntregadas":3522840,"dosisEntregadasModerna":574700,"dosisEntregadasPfizer":2358690,"dosisEntregadasAstrazeneca":455800,"dosisEntregadasJanssen":133650,"dosisPrimeraDosis":1678750,"dosisPautaCompletada":1638583,"porcentajeEntregadas":0.8970404559957307,"porcentajePoblacionAdministradas":1.4522976609778158,"porcentajePoblacionPrimeraDosis":0.77150139341309,"porcentajePoblacionCompletas":0.7530418869533887,"fechaUltRegistro":1635292800000,"etarios":{"unaDosis":{"etarioTotal":{"vacunados":1678750,"personasINE":1960774,"porcentaje":0.8561670034384381},"etarioRangos":[{"rango":{"min":12,"max":19},"vacunados":153142,"personasINE":179797,"porcentaje":0.7471161637828304},{"rango":{"min":20,"max":29},"vacunados":188085,"personasINE":251748,"porcentaje":0.8198435776079851},{"rango":{"min":30,"max":39},"vacunados":229671,"personasINE":310934,"porcentaje":0.8198435776079851},{"rango":{"min":40,"max":49},"vacunados":318037,"personasINE":387924,"porcentaje":0.8198435776079851},{"rango":{"min":50,"max":59},"vacunados":320777,"personasINE":350512,"porcentaje":0.9151669557675629},{"rango":{"min":60,"max":69},"vacunados":224548,"personasINE":235092,"porcentaje":0.9551494733976486},{"rango":{"min":70,"max":79},"vacunados":151423,"personasINE":154531,"porcentaje":0.9798875306572791},{"rango":{"min":80,"max":null},"vacunados":93067,"personasINE":93067,"porcentaje":1}]},"pautaCompleta":{"etarioTotal":{"vacunados":1638583,"personasINE":1960774,"porcentaje":0.8356817256858771},"etarioRangos":[{"rango":{"min":12,"max":19},"vacunados":143962,"personasINE":179797,"porcentaje":0.7068616235282902},{"rango":{"min":20,"max":29},"vacunados":177951,"personasINE":251748,"porcentaje":0.808289768098906},{"rango":{"min":30,"max":39},"vacunados":221903,"personasINE":310934,"porcentaje":0.808289768098906},{"rango":{"min":40,"max":49},"vacunados":313555,"personasINE":387924,"porcentaje":0.808289768098906},{"rango":{"min":50,"max":59},"vacunados":318189,"personasINE":350512,"porcentaje":0.9077834710366549},{"rango":{"min":60,"max":69},"vacunados":220789,"personasINE":235092,"porcentaje":0.9391599884300614},{"rango":{"min":70,"max":79},"vacunados":150272,"personasINE":154531,"porcentaje":0.9724391869592509},{"rango":{"min":80,"max":null},"vacunados":91962,"personasINE":91962,"porcentaje":1}]}}},{"ccaa":"Cantabria","dosisAdministradas":924246,"dosisEntregadas":989605,"dosisEntregadasModerna":114900,"dosisEntregadasPfizer":727305,"dosisEntregadasAstrazeneca":125200,"dosisEntregadasJanssen":22200,"dosisPrimeraDosis":482238,"dosisPautaCompletada":476537,"porcentajeEntregadas":0.9339544565761086,"porcentajePoblacionAdministradas":1.5855859874250522,"porcentajePoblacionPrimeraDosis":0.8273011897307452,"porcentajePoblacionCompletas":0.8175208653211072,"fechaUltRegistro":1635292800000,"etarios":{"unaDosis":{"etarioTotal":{"vacunados":482238,"personasINE":524127,"porcentaje":0.9200785305851444},"etarioRangos":[{"rango":{"min":12,"max":19},"vacunados":39245,"personasINE":43963,"porcentaje":0.8145530145530145},{"rango":{"min":20,"max":29},"vacunados":41139,"personasINE":50505,"porcentaje":0.9001421718540642},{"rango":{"min":30,"max":39},"vacunados":54659,"personasINE":70473,"porcentaje":0.9001421718540642},{"rango":{"min":40,"max":49},"vacunados":88006,"personasINE":97769,"porcentaje":0.9001421718540642},{"rango":{"min":50,"max":59},"vacunados":84278,"personasINE":89964,"porcentaje":0.9367969409986217},{"rango":{"min":60,"max":69},"vacunados":76671,"personasINE":77345,"porcentaje":0.9912857974012541},{"rango":{"min":70,"max":79},"vacunados":55922,"personasINE":55922,"porcentaje":1},{"rango":{"min":80,"max":null},"vacunados":42318,"personasINE":42318,"porcentaje":1}]},"pautaCompleta":{"etarioTotal":{"vacunados":476537,"personasINE":524127,"porcentaje":0.9092013958449002},"etarioRangos":[{"rango":{"min":12,"max":19},"vacunados":38156,"personasINE":43963,"porcentaje":0.7929709929709929},{"rango":{"min":20,"max":29},"vacunados":40049,"personasINE":50505,"porcentaje":0.8907936053350244},{"rango":{"min":30,"max":39},"vacunados":53684,"personasINE":70473,"porcentaje":0.8907936053350244},{"rango":{"min":40,"max":49},"vacunados":87092,"personasINE":97769,"porcentaje":0.8907936053350244},{"rango":{"min":50,"max":59},"vacunados":83733,"personasINE":89964,"porcentaje":0.9307389622515673},{"rango":{"min":60,"max":69},"vacunados":76260,"personasINE":77345,"porcentaje":0.9859719438877755},{"rango":{"min":70,"max":79},"vacunados":55699,"personasINE":55699,"porcentaje":1},{"rango":{"min":80,"max":null},"vacunados":41864,"personasINE":41864,"porcentaje":1}]}}},{"ccaa":"Castilla y Leon","dosisAdministradas":3795874,"dosisEntregadas":3912325,"dosisEntregadasModerna":412400,"dosisEntregadasPfizer":2916525,"dosisEntregadasAstrazeneca":481200,"dosisEntregadasJanssen":102200,"dosisPrimeraDosis":2000967,"dosisPautaCompletada":1961085,"porcentajeEntregadas":0.9702348347849424,"porcentajePoblacionAdministradas":1.584970341364506,"porcentajePoblacionPrimeraDosis":0.8355054327538562,"porcentajePoblacionCompletas":0.818852670529847,"fechaUltRegistro":1635292800000,"etarios":{"unaDosis":{"etarioTotal":{"vacunados":2000967,"personasINE":2176253,"porcentaje":0.9194551368797653},"etarioRangos":[{"rango":{"min":12,"max":19},"vacunados":143191,"personasINE":165342,"porcentaje":0.8173748613783495},{"rango":{"min":20,"max":29},"vacunados":172471,"personasINE":211006,"porcentaje":0.8816861865374823},{"rango":{"min":30,"max":39},"vacunados":211855,"personasINE":267783,"porcentaje":0.8816861865374823},{"rango":{"min":40,"max":49},"vacunados":320321,"personasINE":363305,"porcentaje":0.8816861865374823},{"rango":{"min":50,"max":59},"vacunados":352848,"personasINE":381175,"porcentaje":0.9256850527972716},{"rango":{"min":60,"max":69},"vacunados":320452,"personasINE":320452,"porcentaje":1},{"rango":{"min":70,"max":79},"vacunados":250496,"personasINE":250496,"porcentaje":1},{"rango":{"min":80,"max":null},"vacunados":229333,"personasINE":229333,"porcentaje":1}]},"pautaCompleta":{"etarioTotal":{"vacunados":1961085,"personasINE":2176253,"porcentaje":0.9011291426134737},"etarioRangos":[{"rango":{"min":12,"max":19},"vacunados":132876,"personasINE":165342,"porcentaje":0.7814706690805001},{"rango":{"min":20,"max":29},"vacunados":164895,"personasINE":211006,"porcentaje":0.8678988728478826},{"rango":{"min":30,"max":39},"vacunados":205592,"personasINE":267783,"porcentaje":0.8678988728478826},{"rango":{"min":40,"max":49},"vacunados":315312,"personasINE":363305,"porcentaje":0.8678988728478826},{"rango":{"min":50,"max":59},"vacunados":348645,"personasINE":381175,"porcentaje":0.914658621368138},{"rango":{"min":60,"max":69},"vacunados":317813,"personasINE":318575,"porcentaje":0.9976080985639174},{"rango":{"min":70,"max":79},"vacunados":249074,"personasINE":249074,"porcentaje":1},{"rango":{"min":80,"max":null},"vacunados":226878,"personasINE":226878,"porcentaje":1}]}}},{"ccaa":"Castilla La Mancha","dosisAdministradas":3032445,"dosisEntregadas":3267280,"dosisEntregadasModerna":446800,"dosisEntregadasPfizer":2330505,"dosisEntregadasAstrazeneca":394900,"dosisEntregadasJanssen":95075,"dosisPrimeraDosis":1618350,"dosisPautaCompletada":1557966,"porcentajeEntregadas":0.9281252295487378,"porcentajePoblacionAdministradas":1.4826979578246067,"porcentajePoblacionPrimeraDosis":0.791283680345547,"porcentajePoblacionCompletas":0.7617592426441935,"fechaUltRegistro":1635292800000},{"ccaa":"Cataluña","dosisAdministradas":11198984,"dosisEntregadas":11863410,"dosisEntregadasModerna":1604900,"dosisEntregadasPfizer":8368460,"dosisEntregadasAstrazeneca":1514300,"dosisEntregadasJanssen":375750,"dosisPrimeraDosis":5970002,"dosisPautaCompletada":5840382,"porcentajeEntregadas":0.9439936746685818,"porcentajePoblacionAdministradas":1.43936947840872,"porcentajePoblacionPrimeraDosis":0.767305200618111,"porcentajePoblacionCompletas":0.7506455579405844,"fechaUltRegistro":1635292800000,"etarios":{"unaDosis":{"etarioTotal":{"vacunados":5970002,"personasINE":6868360,"porcentaje":0.8692034197392099},"etarioRangos":[{"rango":{"min":12,"max":19},"vacunados":528623,"personasINE":656166,"porcentaje":0.7585164524069207},{"rango":{"min":20,"max":29},"vacunados":636346,"personasINE":838935,"porcentaje":0.8560840854980615},{"rango":{"min":30,"max":39},"vacunados":776225,"personasINE":1044652,"porcentaje":0.8560840854980615},{"rango":{"min":40,"max":49},"vacunados":1127253,"personasINE":1316755,"porcentaje":0.8560840854980615},{"rango":{"min":50,"max":59},"vacunados":1024998,"personasINE":1091780,"porcentaje":0.9388319991207019},{"rango":{"min":60,"max":69},"vacunados":799397,"personasINE":837584,"porcentaje":0.9544081548835699},{"rango":{"min":70,"max":79},"vacunados":618338,"personasINE":635292,"porcentaje":0.9733130591916788},{"rango":{"min":80,"max":null},"vacunados":458822,"personasINE":458822,"porcentaje":1}]},"pautaCompleta":{"etarioTotal":{"vacunados":5840382,"personasINE":6868360,"porcentaje":0.8503313745930615},"etarioRangos":[{"rango":{"min":12,"max":19},"vacunados":507772,"personasINE":656166,"porcentaje":0.7221512989683349},{"rango":{"min":20,"max":29},"vacunados":605838,"personasINE":838935,"porcentaje":0.8421794487205289},{"rango":{"min":30,"max":39},"vacunados":749024,"personasINE":1044651.9999999999,"porcentaje":0.8421794487205289},{"rango":{"min":40,"max":49},"vacunados":1108944,"personasINE":1316755,"porcentaje":0.8421794487205289},{"rango":{"min":50,"max":59},"vacunados":1013875,"personasINE":1091780,"porcentaje":0.9286440491674147},{"rango":{"min":60,"max":69},"vacunados":787592,"personasINE":837584,"porcentaje":0.9403140461135838},{"rango":{"min":70,"max":79},"vacunados":614262,"personasINE":635292,"porcentaje":0.9668971118792619},{"rango":{"min":80,"max":null},"vacunados":453075,"personasINE":453075,"porcentaje":1}]}}},{"ccaa":"C. Valenciana","dosisAdministradas":7683247,"dosisEntregadas":8088540,"dosisEntregadasModerna":1213650,"dosisEntregadasPfizer":5797540,"dosisEntregadasAstrazeneca":863900,"dosisEntregadasJanssen":213450,"dosisPrimeraDosis":4073308,"dosisPautaCompletada":4007821,"porcentajeEntregadas":0.9498929349425236,"porcentajePoblacionAdministradas":1.5192230006487584,"porcentajePoblacionPrimeraDosis":0.8054229159008676,"porcentajePoblacionCompletas":0.7924740471942536,"fechaUltRegistro":1635292800000,"etarios":{"unaDosis":{"etarioTotal":{"vacunados":4073308,"personasINE":4488459,"porcentaje":0.9075070085300991},"etarioRangos":[{"rango":{"min":12,"max":19},"vacunados":370349,"personasINE":424531,"porcentaje":0.8225878952038843},{"rango":{"min":20,"max":29},"vacunados":424559,"personasINE":516126,"porcentaje":0.8837278120405642},{"rango":{"min":30,"max":39},"vacunados":509170,"personasINE":648759,"porcentaje":0.8837278120405642},{"rango":{"min":40,"max":49},"vacunados":752572,"personasINE":851588,"porcentaje":0.8837278120405642},{"rango":{"min":50,"max":59},"vacunados":714826,"personasINE":752334,"porcentaje":0.9501444837000588},{"rango":{"min":60,"max":69},"vacunados":570111,"personasINE":580728,"porcentaje":0.9817177749307765},{"rango":{"min":70,"max":79},"vacunados":434449,"personasINE":437862,"porcentaje":0.9922053066948033},{"rango":{"min":80,"max":null},"vacunados":297272,"personasINE":297272,"porcentaje":1}]},"pautaCompleta":{"etarioTotal":{"vacunados":4007821,"personasINE":4488459,"porcentaje":0.8929169231578143},"etarioRangos":[{"rango":{"min":12,"max":19},"vacunados":357299,"personasINE":424531,"porcentaje":0.7940541650682198},{"rango":{"min":20,"max":29},"vacunados":409832,"personasINE":516126,"porcentaje":0.874103439691494},{"rango":{"min":30,"max":39},"vacunados":496971,"personasINE":648759,"porcentaje":0.874103439691494},{"rango":{"min":40,"max":49},"vacunados":744376,"personasINE":851588,"porcentaje":0.874103439691494},{"rango":{"min":50,"max":59},"vacunados":709450,"personasINE":752334,"porcentaje":0.9429987213126085},{"rango":{"min":60,"max":69},"vacunados":564913,"personasINE":580728,"porcentaje":0.972766940805334},{"rango":{"min":70,"max":79},"vacunados":431768,"personasINE":437862,"porcentaje":0.9860823729850957},{"rango":{"min":80,"max":null},"vacunados":293212,"personasINE":293212,"porcentaje":1}]}}},{"ccaa":"Extremadura","dosisAdministradas":1743558,"dosisEntregadas":1682775,"dosisEntregadasModerna":218200,"dosisEntregadasPfizer":1226825,"dosisEntregadasAstrazeneca":186000,"dosisEntregadasJanssen":51750,"dosisPrimeraDosis":897545,"dosisPautaCompletada":883203,"porcentajeEntregadas":1.0361206934973481,"porcentajePoblacionAdministradas":1.6387023525663378,"porcentajePoblacionPrimeraDosis":0.8435676375745192,"porcentajePoblacionCompletas":0.830088149573256,"fechaUltRegistro":1635292800000,"etarios":{"unaDosis":{"etarioTotal":{"vacunados":897545,"personasINE":953437,"porcentaje":0.9413784025583232},"etarioRangos":[{"rango":{"min":12,"max":19},"vacunados":76461,"personasINE":84750,"porcentaje":0.822696787857395},{"rango":{"min":20,"max":29},"vacunados":93228,"personasINE":113320,"porcentaje":0.9168432668313542},{"rango":{"min":30,"max":39},"vacunados":113060,"personasINE":133479,"porcentaje":0.9168432668313542},{"rango":{"min":40,"max":49},"vacunados":146231,"personasINE":159494,"porcentaje":0.9168432668313542},{"rango":{"min":50,"max":59},"vacunados":161496,"personasINE":169216,"porcentaje":0.9543778366111951},{"rango":{"min":60,"max":69},"vacunados":132867,"personasINE":132867,"porcentaje":1},{"rango":{"min":70,"max":79},"vacunados":95927,"personasINE":95927,"porcentaje":1},{"rango":{"min":80,"max":null},"vacunados":78275,"personasINE":78275,"porcentaje":1}]},"pautaCompleta":{"etarioTotal":{"vacunados":883203,"personasINE":953437,"porcentaje":0.9263359823459757},"etarioRangos":[{"rango":{"min":12,"max":19},"vacunados":73726,"personasINE":84750,"porcentaje":0.7935580656547829},{"rango":{"min":20,"max":29},"vacunados":89926,"personasINE":113320,"porcentaje":0.9051437671636551},{"rango":{"min":30,"max":39},"vacunados":110436,"personasINE":133479,"porcentaje":0.9051437671636551},{"rango":{"min":40,"max":49},"vacunados":144365,"personasINE":159494,"porcentaje":0.9051437671636551},{"rango":{"min":50,"max":59},"vacunados":160257,"personasINE":169216,"porcentaje":0.9470558339636914},{"rango":{"min":60,"max":69},"vacunados":131633,"personasINE":125297,"porcentaje":1.0505678507865313},{"rango":{"min":70,"max":79},"vacunados":95422,"personasINE":95422,"porcentaje":1},{"rango":{"min":80,"max":null},"vacunados":77438,"personasINE":77438,"porcentaje":1}]}}},{"ccaa":"Galicia","dosisAdministradas":4443895,"dosisEntregadas":4378529,"dosisEntregadasModerna":527400,"dosisEntregadasPfizer":3155029,"dosisEntregadasAstrazeneca":573400,"dosisEntregadasJanssen":122700,"dosisPrimeraDosis":2308772,"dosisPautaCompletada":2287109,"porcentajeEntregadas":1.0149287580372313,"porcentajePoblacionAdministradas":1.644778943371114,"porcentajePoblacionPrimeraDosis":0.8545250440536543,"porcentajePoblacionCompletas":0.8465071124305514,"fechaUltRegistro":1635292800000,"etarios":{"unaDosis":{"etarioTotal":{"vacunados":2308772,"personasINE":2454497,"porcentaje":0.9406293835356083},"etarioRangos":[{"rango":{"min":12,"max":19},"vacunados":168312,"personasINE":180007,"porcentaje":0.8601876344807582},{"rango":{"min":20,"max":29},"vacunados":198687,"personasINE":230981,"porcentaje":0.9202542298311678},{"rango":{"min":30,"max":39},"vacunados":263442,"personasINE":323408,"porcentaje":0.9202542298311678},{"rango":{"min":40,"max":49},"vacunados":407876,"personasINE":443221,"porcentaje":0.9202542298311678},{"rango":{"min":50,"max":59},"vacunados":390846,"personasINE":405889,"porcentaje":0.9629381431869304},{"rango":{"min":60,"max":69},"vacunados":345985,"personasINE":346927,"porcentaje":0.9972847313700001},{"rango":{"min":70,"max":79},"vacunados":291318,"personasINE":291318,"porcentaje":1},{"rango":{"min":80,"max":null},"vacunados":242306,"personasINE":242306,"porcentaje":1}]},"pautaCompleta":{"etarioTotal":{"vacunados":2287109,"personasINE":2454497,"porcentaje":0.9318035426403047},"etarioRangos":[{"rango":{"min":12,"max":19},"vacunados":164475,"personasINE":180007,"porcentaje":0.8382507652144549},{"rango":{"min":20,"max":29},"vacunados":193620,"personasINE":230981,"porcentaje":0.913830797728447},{"rango":{"min":30,"max":39},"vacunados":259483,"personasINE":323408,"porcentaje":0.913830797728447},{"rango":{"min":40,"max":49},"vacunados":405029,"personasINE":443221,"porcentaje":0.913830797728447},{"rango":{"min":50,"max":59},"vacunados":388862,"personasINE":405889,"porcentaje":0.9580501072953443},{"rango":{"min":60,"max":69},"vacunados":344822,"personasINE":346927,"porcentaje":0.9939324411187368},{"rango":{"min":70,"max":79},"vacunados":290111,"personasINE":290111,"porcentaje":1},{"rango":{"min":80,"max":null},"vacunados":240707,"personasINE":240707,"porcentaje":1}]}}},{"ccaa":"La Rioja","dosisAdministradas":483304,"dosisEntregadas":510565,"dosisEntregadasModerna":67600,"dosisEntregadasPfizer":374465,"dosisEntregadasAstrazeneca":53300,"dosisEntregadasJanssen":15200,"dosisPrimeraDosis":260232,"dosisPautaCompletada":254822,"porcentajeEntregadas":0.9466062107665038,"porcentajePoblacionAdministradas":1.5107310089586576,"porcentajePoblacionPrimeraDosis":0.813443612970986,"porcentajePoblacionCompletas":0.7965328181948899,"fechaUltRegistro":1635292800000,"etarios":{"unaDosis":{"etarioTotal":{"vacunados":260232,"personasINE":283970,"porcentaje":0.9164066626756348},"etarioRangos":[{"rango":{"min":12,"max":19},"vacunados":21930,"personasINE":25532,"porcentaje":0.7922713244467792},{"rango":{"min":20,"max":29},"vacunados":24131,"personasINE":30458,"porcentaje":0.897841237463879},{"rango":{"min":30,"max":39},"vacunados":31156,"personasINE":39319,"porcentaje":0.897841237463879},{"rango":{"min":40,"max":49},"vacunados":47538,"personasINE":52947,"porcentaje":0.897841237463879},{"rango":{"min":50,"max":59},"vacunados":45398,"personasINE":47664,"porcentaje":0.9524588788183954},{"rango":{"min":60,"max":69},"vacunados":38050,"personasINE":38050,"porcentaje":1},{"rango":{"min":70,"max":79},"vacunados":28665,"personasINE":28665,"porcentaje":1},{"rango":{"min":80,"max":null},"vacunados":23364,"personasINE":23364,"porcentaje":1}]},"pautaCompleta":{"etarioTotal":{"vacunados":254822,"personasINE":283970,"porcentaje":0.8973553544388492},"etarioRangos":[{"rango":{"min":12,"max":19},"vacunados":20855,"personasINE":25532,"porcentaje":0.7550725589336135},{"rango":{"min":20,"max":29},"vacunados":22998,"personasINE":30458,"porcentaje":0.8832039586756568},{"rango":{"min":30,"max":39},"vacunados":30226,"personasINE":39319,"porcentaje":0.8832039586756568},{"rango":{"min":40,"max":49},"vacunados":46763,"personasINE":52947,"porcentaje":0.8832039586756568},{"rango":{"min":50,"max":59},"vacunados":44774,"personasINE":47664,"porcentaje":0.9393672373279625},{"rango":{"min":60,"max":69},"vacunados":37479,"personasINE":37718,"porcentaje":0.9936635028368418},{"rango":{"min":70,"max":79},"vacunados":28561,"personasINE":28561,"porcentaje":1},{"rango":{"min":80,"max":null},"vacunados":23166,"personasINE":23166,"porcentaje":1}]}}},{"ccaa":"Madrid","dosisAdministradas":9929022,"dosisEntregadas":10831929,"dosisEntregadasModerna":1645800,"dosisEntregadasPfizer":7637679,"dosisEntregadasAstrazeneca":1227000,"dosisEntregadasJanssen":321450,"dosisPrimeraDosis":5334961,"dosisPautaCompletada":5219467,"porcentajeEntregadas":0.9166439329504468,"porcentajePoblacionAdministradas":1.4644817141522102,"porcentajePoblacionPrimeraDosis":0.7868804027441161,"porcentajePoblacionCompletas":0.7698456080690419,"fechaUltRegistro":1635292800000,"etarios":{"unaDosis":{"etarioTotal":{"vacunados":5334961,"personasINE":5977937,"porcentaje":0.8924418239937959},"etarioRangos":[{"rango":{"min":12,"max":19},"vacunados":451389,"personasINE":553542,"porcentaje":0.8026748375366174},{"rango":{"min":20,"max":29},"vacunados":595966,"personasINE":742475,"porcentaje":0.8832089305823215},{"rango":{"min":30,"max":39},"vacunados":744182,"personasINE":949640,"porcentaje":0.8832089305823215},{"rango":{"min":40,"max":49},"vacunados":1029796,"personasINE":1165971,"porcentaje":0.8832089305823215},{"rango":{"min":50,"max":59},"vacunados":940058,"personasINE":972783,"porcentaje":0.9663594038958329},{"rango":{"min":60,"max":69},"vacunados":688695,"personasINE":703323,"porcentaje":0.9792015901655428},{"rango":{"min":70,"max":79},"vacunados":510986,"personasINE":526081,"porcentaje":0.9713066999188338},{"rango":{"min":80,"max":null},"vacunados":373889,"personasINE":373889,"porcentaje":1}]},"pautaCompleta":{"etarioTotal":{"vacunados":5219467,"personasINE":5977937,"porcentaje":0.8731217809756108},"etarioRangos":[{"rango":{"min":12,"max":19},"vacunados":435822,"personasINE":553542,"porcentaje":0.7651947877032896},{"rango":{"min":20,"max":29},"vacunados":568138,"personasINE":742475,"porcentaje":0.8660884361617913},{"rango":{"min":30,"max":39},"vacunados":717382,"personasINE":949640,"porcentaje":0.8660884361617913},{"rango":{"min":40,"max":49},"vacunados":1009834,"personasINE":1165971,"porcentaje":0.8660884361617913},{"rango":{"min":50,"max":59},"vacunados":932199,"personasINE":972783,"porcentaje":0.9582805209383799},{"rango":{"min":60,"max":69},"vacunados":676365,"personasINE":703323,"porcentaje":0.9616705269129546},{"rango":{"min":70,"max":79},"vacunados":508805,"personasINE":526081,"porcentaje":0.967160950500018},{"rango":{"min":80,"max":null},"vacunados":370922,"personasINE":370922,"porcentaje":1}]}}},{"ccaa":"Murcia","dosisAdministradas":2228837,"dosisEntregadas":2407175,"dosisEntregadasModerna":398000,"dosisEntregadasPfizer":1687865,"dosisEntregadasAstrazeneca":253010,"dosisEntregadasJanssen":68300,"dosisPrimeraDosis":1190273,"dosisPautaCompletada":1158341,"porcentajeEntregadas":0.9259139863117555,"porcentajePoblacionAdministradas":1.474829131626712,"porcentajePoblacionPrimeraDosis":0.7876077501354838,"porcentajePoblacionCompletas":0.7664782355809856,"fechaUltRegistro":1635292800000,"etarios":{"unaDosis":{"etarioTotal":{"vacunados":1190273,"personasINE":1310137,"porcentaje":0.9085103313622926},"etarioRangos":[{"rango":{"min":12,"max":19},"vacunados":118723,"personasINE":141894,"porcentaje":0.8146741907017788},{"rango":{"min":20,"max":29},"vacunados":140326,"personasINE":172248,"porcentaje":0.9107441463347459},{"rango":{"min":30,"max":39},"vacunados":166842,"personasINE":209003,"porcentaje":0.9107441463347459},{"rango":{"min":40,"max":49},"vacunados":231472,"personasINE":254157,"porcentaje":0.9107441463347459},{"rango":{"min":50,"max":59},"vacunados":207384,"personasINE":213256,"porcentaje":0.9724650185692314},{"rango":{"min":60,"max":69},"vacunados":148264,"personasINE":148264,"porcentaje":1},{"rango":{"min":70,"max":79},"vacunados":103295,"personasINE":103295,"porcentaje":1},{"rango":{"min":80,"max":null},"vacunados":73967,"personasINE":73967,"porcentaje":1}]},"pautaCompleta":{"etarioTotal":{"vacunados":1158341,"personasINE":1310137,"porcentaje":0.8841373077777362},"etarioRangos":[{"rango":{"min":12,"max":19},"vacunados":114032,"personasINE":141894,"porcentaje":0.7703253448516093},{"rango":{"min":20,"max":29},"vacunados":132687,"personasINE":172248,"porcentaje":0.8902095948567225},{"rango":{"min":30,"max":39},"vacunados":160410,"personasINE":209003,"porcentaje":0.8902095948567225},{"rango":{"min":40,"max":49},"vacunados":226253,"personasINE":254157,"porcentaje":0.8902095948567225},{"rango":{"min":50,"max":59},"vacunados":204658,"personasINE":213256,"porcentaje":0.9596822598191844},{"rango":{"min":60,"max":69},"vacunados":145573,"personasINE":146909,"porcentaje":0.9909059349665439},{"rango":{"min":70,"max":79},"vacunados":101699,"personasINE":102899,"porcentaje":0.9883380790872603},{"rango":{"min":80,"max":null},"vacunados":73029,"personasINE":73029,"porcentaje":1}]}}},{"ccaa":"Navarra","dosisAdministradas":995594,"dosisEntregadas":1046175,"dosisEntregadasModerna":151500,"dosisEntregadasPfizer":734325,"dosisEntregadasAstrazeneca":136600,"dosisEntregadasJanssen":23750,"dosisPrimeraDosis":527578,"dosisPautaCompletada":520977,"porcentajeEntregadas":0.9516514923411475,"porcentajePoblacionAdministradas":1.5057448838999572,"porcentajePoblacionPrimeraDosis":0.7979134811561456,"porcentajePoblacionCompletas":0.7879300722780049,"fechaUltRegistro":1635292800000,"etarios":{"unaDosis":{"etarioTotal":{"vacunados":527578,"personasINE":581354,"porcentaje":0.907498701307637},"etarioRangos":[{"rango":{"min":12,"max":19},"vacunados":48809,"personasINE":56388,"porcentaje":0.8355717997269805},{"rango":{"min":20,"max":29},"vacunados":56925,"personasINE":68127,"porcentaje":0.8822521805151756},{"rango":{"min":30,"max":39},"vacunados":63971,"personasINE":81341,"porcentaje":0.8822521805151756},{"rango":{"min":40,"max":49},"vacunados":95285,"personasINE":108002,"porcentaje":0.8822521805151756},{"rango":{"min":50,"max":59},"vacunados":91889,"personasINE":96694,"porcentaje":0.9503071545287195},{"rango":{"min":60,"max":69},"vacunados":72290,"personasINE":73844,"porcentaje":0.978955636206056},{"rango":{"min":70,"max":79},"vacunados":55896,"personasINE":55896,"porcentaje":1},{"rango":{"min":80,"max":null},"vacunados":42513,"personasINE":42513,"porcentaje":1}]},"pautaCompleta":{"etarioTotal":{"vacunados":520977,"personasINE":581354,"porcentaje":0.8961441737736388},"etarioRangos":[{"rango":{"min":12,"max":19},"vacunados":47752,"personasINE":56388,"porcentaje":0.8098991589237747},{"rango":{"min":20,"max":29},"vacunados":55176,"personasINE":68127,"porcentaje":0.8743726968019111},{"rango":{"min":30,"max":39},"vacunados":62769,"personasINE":81341,"porcentaje":0.8743726968019111},{"rango":{"min":40,"max":49},"vacunados":94434,"personasINE":108002,"porcentaje":0.8743726968019111},{"rango":{"min":50,"max":59},"vacunados":91278,"personasINE":96694,"porcentaje":0.9439882515978241},{"rango":{"min":60,"max":69},"vacunados":71694,"personasINE":73844,"porcentaje":0.9708845674665512},{"rango":{"min":70,"max":79},"vacunados":55746,"personasINE":55792,"porcentaje":0.9991755090335532},{"rango":{"min":80,"max":null},"vacunados":42128,"personasINE":42128,"porcentaje":1}]}}},{"ccaa":"País Vasco","dosisAdministradas":3405685,"dosisEntregadas":3668820,"dosisEntregadasModerna":526100,"dosisEntregadasPfizer":2597220,"dosisEntregadasAstrazeneca":444200,"dosisEntregadasJanssen":101300,"dosisPrimeraDosis":1811861,"dosisPautaCompletada":1780379,"porcentajeEntregadas":0.9282780294481604,"porcentajePoblacionAdministradas":1.5337441409697978,"porcentajePoblacionPrimeraDosis":0.8159683567334263,"porcentajePoblacionCompletas":0.801790494410278,"fechaUltRegistro":1635292800000,"etarios":{"unaDosis":{"etarioTotal":{"vacunados":1811861,"personasINE":1983943,"porcentaje":0.9132626290170635},"etarioRangos":[{"rango":{"min":12,"max":19},"vacunados":145649,"personasINE":168606,"porcentaje":0.8094465449998511},{"rango":{"min":20,"max":29},"vacunados":163131,"personasINE":201534,"porcentaje":0.8845065210847948},{"rango":{"min":30,"max":39},"vacunados":202518,"personasINE":260543.00000000003,"porcentaje":0.8845065210847948},{"rango":{"min":40,"max":49},"vacunados":320309,"personasINE":362133,"porcentaje":0.8845065210847948},{"rango":{"min":50,"max":59},"vacunados":323808,"personasINE":339977,"porcentaje":0.9524409004138515},{"rango":{"min":60,"max":69},"vacunados":278518,"personasINE":280119,"porcentaje":0.9942845719140794},{"rango":{"min":70,"max":79},"vacunados":213744,"personasINE":213744,"porcentaje":1},{"rango":{"min":80,"max":null},"vacunados":164184,"personasINE":164184,"porcentaje":1}]},"pautaCompleta":{"etarioTotal":{"vacunados":1780379,"personasINE":1983943,"porcentaje":0.8973942295721198},"etarioRangos":[{"rango":{"min":12,"max":19},"vacunados":141990,"personasINE":168606,"porcentaje":0.7828951938630703},{"rango":{"min":20,"max":29},"vacunados":157780,"personasINE":201534,"porcentaje":0.8720497717689357},{"rango":{"min":30,"max":39},"vacunados":196871,"personasINE":260543.00000000003,"porcentaje":0.8720497717689357},{"rango":{"min":40,"max":49},"vacunados":315798,"personasINE":362133,"porcentaje":0.8720497717689357},{"rango":{"min":50,"max":59},"vacunados":320534,"personasINE":339977,"porcentaje":0.9428108372036932},{"rango":{"min":60,"max":69},"vacunados":273290,"personasINE":280119,"porcentaje":0.9756210753286996},{"rango":{"min":70,"max":79},"vacunados":212198,"personasINE":213081,"porcentaje":0.9958560359675429},{"rango":{"min":80,"max":null},"vacunados":161918,"personasINE":157950,"porcentaje":1.0251218740107628}]}}},{"ccaa":"Ceuta","dosisAdministradas":115765,"dosisEntregadas":140230,"dosisEntregadasModerna":22400,"dosisEntregadasPfizer":95580,"dosisEntregadasAstrazeneca":18100,"dosisEntregadasJanssen":4150,"dosisPrimeraDosis":62693,"dosisPautaCompletada":59948,"porcentajeEntregadas":0.8255366184126078,"porcentajePoblacionAdministradas":1.374848578418565,"porcentajePoblacionPrimeraDosis":0.7445547611695684,"porcentajePoblacionCompletas":0.7119545854017719,"fechaUltRegistro":1635292800000,"etarios":{"unaDosis":{"etarioTotal":{"vacunados":62693,"personasINE":70965,"porcentaje":0.8834354963714507},"etarioRangos":[{"rango":{"min":12,"max":19},"vacunados":8504,"personasINE":9126,"porcentaje":0.8410686605270357},{"rango":{"min":20,"max":29},"vacunados":9224,"personasINE":10967,"porcentaje":0.8830881189685177},{"rango":{"min":30,"max":39},"vacunados":9249,"personasINE":11894,"porcentaje":0.8830881189685177},{"rango":{"min":40,"max":49},"vacunados":11164,"personasINE":12642,"porcentaje":0.8830881189685177},{"rango":{"min":50,"max":59},"vacunados":10596,"personasINE":11556,"porcentaje":0.9169262720664589},{"rango":{"min":60,"max":69},"vacunados":7665,"personasINE":7857,"porcentaje":0.9755631920580374},{"rango":{"min":70,"max":79},"vacunados":3891,"personasINE":4318,"porcentaje":0.9011116257526632},{"rango":{"min":80,"max":null},"vacunados":2400,"personasINE":2605,"porcentaje":0.9213051823416507}]},"pautaCompleta":{"etarioTotal":{"vacunados":59948,"personasINE":70965,"porcentaje":0.84475445642218},"etarioRangos":[{"rango":{"min":12,"max":19},"vacunados":7620,"personasINE":9126,"porcentaje":0.768031366827756},{"rango":{"min":20,"max":29},"vacunados":8423,"personasINE":10967,"porcentaje":0.8609397247271001},{"rango":{"min":30,"max":39},"vacunados":8805,"personasINE":11894,"porcentaje":0.8609397247271001},{"rango":{"min":40,"max":49},"vacunados":10884,"personasINE":12642,"porcentaje":0.8609397247271001},{"rango":{"min":50,"max":59},"vacunados":10449,"personasINE":11556,"porcentaje":0.9042056074766355},{"rango":{"min":60,"max":69},"vacunados":7529,"personasINE":7857,"porcentaje":0.9582537864324806},{"rango":{"min":70,"max":79},"vacunados":3859,"personasINE":4318,"porcentaje":0.8937007874015748},{"rango":{"min":80,"max":null},"vacunados":2379,"personasINE":2605,"porcentaje":0.9132437619961612}]}}},{"ccaa":"Melilla","dosisAdministradas":102906,"dosisEntregadas":141100,"dosisEntregadasModerna":23500,"dosisEntregadasPfizer":96750,"dosisEntregadasAstrazeneca":15100,"dosisEntregadasJanssen":5750,"dosisPrimeraDosis":57651,"dosisPautaCompletada":55029,"porcentajeEntregadas":0.7293125442948264,"porcentajePoblacionAdministradas":1.1817952133768201,"porcentajePoblacionPrimeraDosis":0.6620768064679131,"porcentajePoblacionCompletas":0.6319651798428959,"fechaUltRegistro":1635292800000,"etarios":{"unaDosis":{"etarioTotal":{"vacunados":57651,"personasINE":70927,"porcentaje":0.8128216335105108},"etarioRangos":[{"rango":{"min":12,"max":19},"vacunados":7974,"personasINE":9574,"porcentaje":0.7283034597749062},{"rango":{"min":20,"max":29},"vacunados":8736,"personasINE":11995,"porcentaje":0.8403599400099984},{"rango":{"min":30,"max":39},"vacunados":8647,"personasINE":12133,"porcentaje":0.8403599400099984},{"rango":{"min":40,"max":49},"vacunados":10086,"personasINE":12002,"porcentaje":0.8403599400099984},{"rango":{"min":50,"max":59},"vacunados":9699,"personasINE":11299,"porcentaje":0.8583945481901053},{"rango":{"min":60,"max":69},"vacunados":7181,"personasINE":7827,"porcentaje":0.9174651846173502},{"rango":{"min":70,"max":79},"vacunados":3316,"personasINE":3748,"porcentaje":0.8847385272145144},{"rango":{"min":80,"max":null},"vacunados":2012,"personasINE":2349,"porcentaje":0.8565346956151554}]},"pautaCompleta":{"etarioTotal":{"vacunados":55029,"personasINE":70927,"porcentaje":0.7758540471188687},"etarioRangos":[{"rango":{"min":12,"max":19},"vacunados":7262,"personasINE":9574,"porcentaje":0.663859941642351},{"rango":{"min":20,"max":29},"vacunados":7963,"personasINE":11995,"porcentaje":0.8201133144475921},{"rango":{"min":30,"max":39},"vacunados":8241,"personasINE":12133,"porcentaje":0.8201133144475921},{"rango":{"min":40,"max":49},"vacunados":9843,"personasINE":12002,"porcentaje":0.8201133144475921},{"rango":{"min":50,"max":59},"vacunados":9497,"personasINE":11299,"porcentaje":0.8405168598991061},{"rango":{"min":60,"max":69},"vacunados":7015,"personasINE":7827.000000000001,"porcentaje":0.8962565478471956},{"rango":{"min":70,"max":79},"vacunados":3243,"personasINE":3748,"porcentaje":0.8652614727854856},{"rango":{"min":80,"max":null},"vacunados":1965,"personasINE":2349,"porcentaje":0.8365261813537676}]}}},{"ccaa":"Fuerzas Armadas","dosisAdministradas":173068,"dosisEntregadas":212238,"dosisEntregadasModerna":58300,"dosisEntregadasPfizer":48138,"dosisEntregadasAstrazeneca":103800,"dosisEntregadasJanssen":2000,"dosisPrimeraDosis":92858,"dosisPautaCompletada":86796,"porcentajeEntregadas":0.8154430403603502,"porcentajePoblacionAdministradas":null,"porcentajePoblacionPrimeraDosis":null,"porcentajePoblacionCompletas":null,"fechaUltRegistro":1635292800000},{"ccaa":"Sanidad Exterior","dosisAdministradas":6986,"dosisEntregadas":9050,"dosisEntregadasModerna":4910,"dosisEntregadasPfizer":0,"dosisEntregadasAstrazeneca":0,"dosisEntregadasJanssen":4140,"dosisPrimeraDosis":5249,"dosisPautaCompletada":5016,"porcentajeEntregadas":0.7719337016574586,"porcentajePoblacionAdministradas":null,"porcentajePoblacionPrimeraDosis":null,"porcentajePoblacionCompletas":null,"fechaUltRegistro":1635120000000,"etarios":{"unaDosis":{"etarioTotal":{"vacunados":5249,"personasINE":"-","porcentaje":"-"},"etarioRangos":[{"rango":{"min":12,"max":19},"vacunados":171,"personasINE":null,"porcentaje":"-"},{"rango":{"min":20,"max":29},"vacunados":1277,"personasINE":null,"porcentaje":"-"},{"rango":{"min":30,"max":39},"vacunados":1522,"personasINE":null,"porcentaje":"-"},{"rango":{"min":40,"max":49},"vacunados":1310,"personasINE":null,"porcentaje":"-"},{"rango":{"min":50,"max":59},"vacunados":688,"personasINE":null,"porcentaje":"-"},{"rango":{"min":60,"max":69},"vacunados":221,"personasINE":null,"porcentaje":"-"},{"rango":{"min":70,"max":79},"vacunados":33,"personasINE":null,"porcentaje":"-"},{"rango":{"min":80,"max":null},"vacunados":27,"personasINE":null,"porcentaje":"-"}]},"pautaCompleta":{"etarioTotal":{"vacunados":5016,"personasINE":"-","porcentaje":"-"},"etarioRangos":[{"rango":{"min":12,"max":19},"vacunados":155,"personasINE":null,"porcentaje":"-"},{"rango":{"min":20,"max":29},"vacunados":1222,"personasINE":null,"porcentaje":"-"},{"rango":{"min":30,"max":39},"vacunados":1448,"personasINE":null,"porcentaje":"-"},{"rango":{"min":40,"max":49},"vacunados":1259,"personasINE":null,"porcentaje":"-"},{"rango":{"min":50,"max":59},"vacunados":663,"personasINE":null,"porcentaje":"-"},{"rango":{"min":60,"max":69},"vacunados":211,"personasINE":null,"porcentaje":"-"},{"rango":{"min":70,"max":79},"vacunados":32,"personasINE":null,"porcentaje":"-"},{"rango":{"min":80,"max":null},"vacunados":26,"personasINE":null,"porcentaje":"-"}]}}},{"ccaa":"Totales","dosisAdministradas":71779466,"dosisEntregadas":75668176,"dosisEntregadasModerna":10772860,"dosisEntregadasPfizer":53616591,"dosisEntregadasAstrazeneca":9117110,"dosisEntregadasJanssen":2161615,"dosisPrimeraDosis":38013994,"dosisPautaCompletada":37282484,"porcentajeEntregadas":0.9486083819438175,"porcentajePoblacionAdministradas":1.5291748189177674,"porcentajePoblacionPrimeraDosis":0.8098422241158927,"porcentajePoblacionCompletas":0.7942582871751172,"fechaUltRegistro":null,"etarios":{"unaDosis":{"etarioTotal":{"vacunados":38013994,"personasINE":42119827,"porcentaje":0.9025201836655217},"etarioRangos":[{"rango":{"min":12,"max":19},"vacunados":3321636,"personasINE":3888686,"porcentaje":0.8058608917939425},{"rango":{"min":20,"max":29},"vacunados":3984692,"personasINE":4944640,"porcentaje":0.8835450294402867},{"rango":{"min":30,"max":39},"vacunados":4895514,"personasINE":6230403,"porcentaje":0.8835450294402867},{"rango":{"min":40,"max":49},"vacunados":6972705,"personasINE":7891737,"porcentaje":0.8835450294402867},{"rango":{"min":50,"max":59},"vacunados":6680365,"personasINE":7033306,"porcentaje":0.9498186201481921},{"rango":{"min":60,"max":69},"vacunados":5279006,"personasINE":5336986,"porcentaje":0.9891361903516329},{"rango":{"min":70,"max":79},"vacunados":3942592,"personasINE":3960045,"porcentaje":0.9955927268503262},{"rango":{"min":80,"max":null},"vacunados":2937484,"personasINE":2937484,"porcentaje":1}]},"pautaCompleta":{"etarioTotal":{"vacunados":37282484,"personasINE":42119827,"porcentaje":0.88515282838175},"etarioRangos":[{"rango":{"min":12,"max":19},"vacunados":3200831,"personasINE":3888686.0000000005,"porcentaje":0.7722810962982138},{"rango":{"min":20,"max":29},"vacunados":3818652,"personasINE":4944640,"porcentaje":0.8700577578801726},{"rango":{"min":30,"max":39},"vacunados":4747612,"personasINE":6230403,"porcentaje":0.8700577578801726},{"rango":{"min":40,"max":49},"vacunados":6866267,"personasINE":7891737.000000001,"porcentaje":0.8700577578801726},{"rango":{"min":50,"max":59},"vacunados":6613679,"personasINE":7033306,"porcentaje":0.9403371614998693},{"rango":{"min":60,"max":69},"vacunados":5212612,"personasINE":5336986,"porcentaje":0.9766958354397033},{"rango":{"min":70,"max":79},"vacunados":3918418,"personasINE":3960045,"porcentaje":0.9894882507648272},{"rango":{"min":80,"max":null},"vacunados":2904413,"personasINE":2904413,"porcentaje":1}]}}}]