[{"ccaa":"Andalucía","dosisAdministradas":13900081,"dosisEntregadas":14377000,"dosisEntregadasModerna":2019500,"dosisEntregadasPfizer":10486800,"dosisEntregadasAstrazeneca":1537200,"dosisEntregadasJanssen":333500,"dosisPrimeraDosis":6903661,"dosisPautaCompletada":6795375,"porcentajeEntregadas":0.9668276413716352,"porcentajePoblacionAdministradas":1.6421793554211863,"porcentajePoblacionPrimeraDosis":0.8156103242151167,"porcentajePoblacionCompletas":0.8028172308740679,"fechaUltRegistro":1638403200000,"etarios":{"unaDosis":{"etarioTotal":{"vacunados":6903661,"personasINE":7451975,"porcentaje":0.9264203113939593},"etarioRangos":[{"rango":{"min":12,"max":19},"vacunados":681951,"personasINE":752907,"porcentaje":0.8398228868750215},{"rango":{"min":20,"max":29},"vacunados":779920,"personasINE":928672,"porcentaje":0.9090147092585881},{"rango":{"min":30,"max":39},"vacunados":941611,"personasINE":1140217,"porcentaje":0.9090147092585881},{"rango":{"min":40,"max":49},"vacunados":1259089,"personasINE":1385114,"porcentaje":0.9090147092585881},{"rango":{"min":50,"max":59},"vacunados":1220060,"personasINE":1265021,"porcentaje":0.9644582975302386},{"rango":{"min":60,"max":69},"vacunados":932011,"personasINE":932011,"porcentaje":1},{"rango":{"min":70,"max":79},"vacunados":654663,"personasINE":654663,"porcentaje":1},{"rango":{"min":80,"max":null},"vacunados":434356,"personasINE":434356,"porcentaje":1}]},"pautaCompleta":{"etarioTotal":{"vacunados":6795375,"personasINE":7451975,"porcentaje":0.9118891300628357},"etarioRangos":[{"rango":{"min":12,"max":19},"vacunados":663986,"personasINE":752907,"porcentaje":0.8129156472898935},{"rango":{"min":20,"max":29},"vacunados":754932,"personasINE":928672,"porcentaje":0.8984025863575128},{"rango":{"min":30,"max":39},"vacunados":918836,"personasINE":1140217,"porcentaje":0.8984025863575128},{"rango":{"min":40,"max":49},"vacunados":1244390,"personasINE":1385114,"porcentaje":0.8984025863575128},{"rango":{"min":50,"max":59},"vacunados":1209865,"personasINE":1265021,"porcentaje":0.9563991427810289},{"rango":{"min":60,"max":69},"vacunados":923376,"personasINE":916147,"porcentaje":1.0078906551022926},{"rango":{"min":70,"max":79},"vacunados":650547,"personasINE":650547,"porcentaje":1},{"rango":{"min":80,"max":null},"vacunados":429443,"personasINE":429443,"porcentaje":1}]}}},{"ccaa":"Aragón","dosisAdministradas":2181840,"dosisEntregadas":2323016,"dosisEntregadasModerna":328490,"dosisEntregadasPfizer":1675761,"dosisEntregadasAstrazeneca":255200,"dosisEntregadasJanssen":63565,"dosisPrimeraDosis":1075919,"dosisPautaCompletada":1056486,"porcentajeEntregadas":0.9392272803975521,"porcentajePoblacionAdministradas":1.6412327148295724,"porcentajePoblacionPrimeraDosis":0.809332243109815,"porcentajePoblacionCompletas":0.7947142714220271,"fechaUltRegistro":1638403200000,"etarios":{"unaDosis":{"etarioTotal":{"vacunados":1075919,"personasINE":1185134,"porcentaje":0.9078458638432447},"etarioRangos":[{"rango":{"min":12,"max":19},"vacunados":89762,"personasINE":103109,"porcentaje":0.8143342459030222},{"rango":{"min":20,"max":29},"vacunados":106190,"personasINE":130401.00000000001,"porcentaje":0.8808753948721288},{"rango":{"min":30,"max":39},"vacunados":127814,"personasINE":164286,"porcentaje":0.8808753948721288},{"rango":{"min":40,"max":49},"vacunados":189338,"personasINE":214943,"porcentaje":0.8808753948721288},{"rango":{"min":50,"max":59},"vacunados":186835,"personasINE":198266,"porcentaje":0.9423451322970151},{"rango":{"min":60,"max":69},"vacunados":155011,"personasINE":156367,"porcentaje":0.9913280935235695},{"rango":{"min":70,"max":79},"vacunados":119499,"personasINE":119499,"porcentaje":1},{"rango":{"min":80,"max":null},"vacunados":101470,"personasINE":101470,"porcentaje":1}]},"pautaCompleta":{"etarioTotal":{"vacunados":1056486,"personasINE":1185134,"porcentaje":0.8914485619347685},"etarioRangos":[{"rango":{"min":12,"max":19},"vacunados":86813,"personasINE":103109,"porcentaje":0.7845031863252583},{"rango":{"min":20,"max":29},"vacunados":102300,"personasINE":130401,"porcentaje":0.8676300228432654},{"rango":{"min":30,"max":39},"vacunados":124130,"personasINE":164286,"porcentaje":0.8676300228432654},{"rango":{"min":40,"max":49},"vacunados":186491,"personasINE":214943,"porcentaje":0.8676300228432654},{"rango":{"min":50,"max":59},"vacunados":184656,"personasINE":198266,"porcentaje":0.9313548465193225},{"rango":{"min":60,"max":69},"vacunados":153003,"personasINE":156367,"porcentaje":0.9784865093018348},{"rango":{"min":70,"max":79},"vacunados":118826,"personasINE":118955,"porcentaje":0.9989155563028036},{"rango":{"min":80,"max":null},"vacunados":100267,"personasINE":100267,"porcentaje":1}]}}},{"ccaa":"Asturias","dosisAdministradas":1858886,"dosisEntregadas":1885585,"dosisEntregadasModerna":191040,"dosisEntregadasPfizer":1430645,"dosisEntregadasAstrazeneca":220900,"dosisEntregadasJanssen":43000,"dosisPrimeraDosis":875251,"dosisPautaCompletada":866863,"porcentajeEntregadas":0.9858404686078857,"porcentajePoblacionAdministradas":1.8246124791908784,"porcentajePoblacionPrimeraDosis":0.8591134136382197,"porcentajePoblacionCompletas":0.8508800687878884,"fechaUltRegistro":1638403200000,"etarios":{"unaDosis":{"etarioTotal":{"vacunados":875251,"personasINE":933927,"porcentaje":0.9371728197171727},"etarioRangos":[{"rango":{"min":12,"max":19},"vacunados":60795,"personasINE":64000,"porcentaje":0.8463930426868577},{"rango":{"min":20,"max":29},"vacunados":66959,"personasINE":79111,"porcentaje":0.9043073661770253},{"rango":{"min":30,"max":39},"vacunados":91335,"personasINE":114451,"porcentaje":0.9043073661770253},{"rango":{"min":40,"max":49},"vacunados":151013,"personasINE":166993,"porcentaje":0.9043073661770253},{"rango":{"min":50,"max":59},"vacunados":153395,"personasINE":162645,"porcentaje":0.9431276706938424},{"rango":{"min":60,"max":69},"vacunados":148329,"personasINE":149652,"porcentaje":0.9911594900168391},{"rango":{"min":70,"max":79},"vacunados":114415,"personasINE":114415,"porcentaje":1},{"rango":{"min":80,"max":null},"vacunados":89010,"personasINE":89010,"porcentaje":1}]},"pautaCompleta":{"etarioTotal":{"vacunados":866863,"personasINE":933927,"porcentaje":0.9281913896910572},"etarioRangos":[{"rango":{"min":12,"max":19},"vacunados":59815,"personasINE":64000,"porcentaje":0.8269140827444983},{"rango":{"min":20,"max":29},"vacunados":65418,"personasINE":79111,"porcentaje":0.89809752504596},{"rango":{"min":30,"max":39},"vacunados":89809,"personasINE":114451,"porcentaje":0.89809752504596},{"rango":{"min":40,"max":49},"vacunados":149976,"personasINE":166993,"porcentaje":0.89809752504596},{"rango":{"min":50,"max":59},"vacunados":152605,"personasINE":162645,"porcentaje":0.9382704663531003},{"rango":{"min":60,"max":69},"vacunados":147060,"personasINE":149652,"porcentaje":0.982679817175848},{"rango":{"min":70,"max":79},"vacunados":113967,"personasINE":113967,"porcentaje":1},{"rango":{"min":80,"max":null},"vacunados":88213,"personasINE":88213,"porcentaje":1}]}}},{"ccaa":"Baleares","dosisAdministradas":1738495,"dosisEntregadas":1935774,"dosisEntregadasModerna":335070,"dosisEntregadasPfizer":1318884,"dosisEntregadasAstrazeneca":225400,"dosisEntregadasJanssen":56420,"dosisPrimeraDosis":871614,"dosisPautaCompletada":853977,"porcentajeEntregadas":0.89808779330645,"porcentajePoblacionAdministradas":1.4839361423353645,"porcentajePoblacionPrimeraDosis":0.7439880567764051,"porcentajePoblacionCompletas":0.7289335517347635,"fechaUltRegistro":1638403200000,"etarios":{"unaDosis":{"etarioTotal":{"vacunados":871614,"personasINE":1034867,"porcentaje":0.8422473612551178},"etarioRangos":[{"rango":{"min":12,"max":19},"vacunados":77148,"personasINE":95480,"porcentaje":0.7257760508039611},{"rango":{"min":20,"max":29},"vacunados":100115,"personasINE":137942,"porcentaje":0.8254903672661661},{"rango":{"min":30,"max":39},"vacunados":130340,"personasINE":182187,"porcentaje":0.8254903672661661},{"rango":{"min":40,"max":49},"vacunados":170193,"personasINE":206172,"porcentaje":0.8254903672661661},{"rango":{"min":50,"max":59},"vacunados":151587,"personasINE":165797,"porcentaje":0.914292779724603},{"rango":{"min":60,"max":69},"vacunados":111062,"personasINE":117231,"porcentaje":0.9473774001757215},{"rango":{"min":70,"max":79},"vacunados":79533,"personasINE":80516,"porcentaje":0.9877912464603309},{"rango":{"min":80,"max":null},"vacunados":51636,"personasINE":51636,"porcentaje":1}]},"pautaCompleta":{"etarioTotal":{"vacunados":853977,"personasINE":1034867,"porcentaje":0.8252045915078943},"etarioRangos":[{"rango":{"min":12,"max":19},"vacunados":74427,"personasINE":95480,"porcentaje":0.6980035087210567},{"rango":{"min":20,"max":29},"vacunados":96284,"personasINE":137942,"porcentaje":0.8111479735366587},{"rango":{"min":30,"max":39},"vacunados":126063,"personasINE":182187,"porcentaje":0.8111479735366587},{"rango":{"min":40,"max":49},"vacunados":167236,"personasINE":206172,"porcentaje":0.8111479735366587},{"rango":{"min":50,"max":59},"vacunados":149774,"personasINE":165797,"porcentaje":0.9033577205860178},{"rango":{"min":60,"max":69},"vacunados":110026,"personasINE":117231,"porcentaje":0.9385401472306814},{"rango":{"min":70,"max":79},"vacunados":79078,"personasINE":80516,"porcentaje":0.9821401957374931},{"rango":{"min":80,"max":null},"vacunados":51089,"personasINE":51089,"porcentaje":1}]}}},{"ccaa":"Canarias","dosisAdministradas":3343937,"dosisEntregadas":3567300,"dosisEntregadasModerna":574700,"dosisEntregadasPfizer":2403150,"dosisEntregadasAstrazeneca":455800,"dosisEntregadasJanssen":133650,"dosisPrimeraDosis":1695234,"dosisPautaCompletada":1651388,"porcentajeEntregadas":0.9373859781907885,"porcentajePoblacionAdministradas":1.5367696530070516,"porcentajePoblacionPrimeraDosis":0.7790769281675332,"porcentajePoblacionCompletas":0.7589266675000184,"fechaUltRegistro":1638403200000,"etarios":{"unaDosis":{"etarioTotal":{"vacunados":1695234,"personasINE":1960774,"porcentaje":0.8645738876586491},"etarioRangos":[{"rango":{"min":12,"max":19},"vacunados":157170,"personasINE":179797,"porcentaje":0.7615830115830116},{"rango":{"min":20,"max":29},"vacunados":191727,"personasINE":251748,"porcentaje":0.8250327383714335},{"rango":{"min":30,"max":39},"vacunados":232472,"personasINE":310934,"porcentaje":0.8250327383714335},{"rango":{"min":40,"max":49},"vacunados":320050,"personasINE":387924,"porcentaje":0.8250327383714335},{"rango":{"min":50,"max":59},"vacunados":322199,"personasINE":350512,"porcentaje":0.9192238782124436},{"rango":{"min":60,"max":69},"vacunados":225598,"personasINE":235092,"porcentaje":0.9596158099807734},{"rango":{"min":70,"max":79},"vacunados":152503,"personasINE":154531,"porcentaje":0.9868764196180702},{"rango":{"min":80,"max":null},"vacunados":93515,"personasINE":93515,"porcentaje":1}]},"pautaCompleta":{"etarioTotal":{"vacunados":1651388,"personasINE":1960774,"porcentaje":0.8422123100367508},"etarioRangos":[{"rango":{"min":12,"max":19},"vacunados":147439,"personasINE":179797,"porcentaje":0.7185757185757186},{"rango":{"min":20,"max":29},"vacunados":180900,"personasINE":251748,"porcentaje":0.8125199781400481},{"rango":{"min":30,"max":39},"vacunados":224518,"personasINE":310934,"porcentaje":0.8125199781400481},{"rango":{"min":40,"max":49},"vacunados":315196,"personasINE":387924,"porcentaje":0.8125199781400481},{"rango":{"min":50,"max":59},"vacunados":319204,"personasINE":350512,"porcentaje":0.9106792349477336},{"rango":{"min":60,"max":69},"vacunados":221476,"personasINE":235092,"porcentaje":0.9420822486515917},{"rango":{"min":70,"max":79},"vacunados":150534,"personasINE":154531,"porcentaje":0.974134639651591},{"rango":{"min":80,"max":null},"vacunados":92121,"personasINE":92121,"porcentaje":1}]}}},{"ccaa":"Cantabria","dosisAdministradas":1009032,"dosisEntregadas":1093545,"dosisEntregadasModerna":122900,"dosisEntregadasPfizer":823245,"dosisEntregadasAstrazeneca":125200,"dosisEntregadasJanssen":22200,"dosisPrimeraDosis":486145,"dosisPautaCompletada":480272,"porcentajeEntregadas":0.9227164862900018,"porcentajePoblacionAdministradas":1.7310402209622495,"porcentajePoblacionPrimeraDosis":0.834003825666275,"porcentajePoblacionCompletas":0.8239284274452956,"fechaUltRegistro":1638403200000,"etarios":{"unaDosis":{"etarioTotal":{"vacunados":486145,"personasINE":524127,"porcentaje":0.9275328307833789},"etarioRangos":[{"rango":{"min":12,"max":19},"vacunados":40362,"personasINE":43963,"porcentaje":0.83001683001683},{"rango":{"min":20,"max":29},"vacunados":41920,"personasINE":50505,"porcentaje":0.9051539854145997},{"rango":{"min":30,"max":39},"vacunados":55372,"personasINE":70473,"porcentaje":0.9051539854145997},{"rango":{"min":40,"max":49},"vacunados":88496,"personasINE":97769,"porcentaje":0.9051539854145997},{"rango":{"min":50,"max":59},"vacunados":84597,"personasINE":89964,"porcentaje":0.9403428037881819},{"rango":{"min":60,"max":69},"vacunados":76867,"personasINE":77345,"porcentaje":0.9938198978602366},{"rango":{"min":70,"max":79},"vacunados":56058,"personasINE":56058,"porcentaje":1},{"rango":{"min":80,"max":null},"vacunados":42473,"personasINE":42473,"porcentaje":1}]},"pautaCompleta":{"etarioTotal":{"vacunados":480272,"personasINE":524127,"porcentaje":0.9163275313044358},"etarioRangos":[{"rango":{"min":12,"max":19},"vacunados":39417,"personasINE":43963,"porcentaje":0.8093852093852094},{"rango":{"min":20,"max":29},"vacunados":40878,"personasINE":50505,"porcentaje":0.8915504914645747},{"rango":{"min":30,"max":39},"vacunados":54494,"personasINE":70473,"porcentaje":0.8915504914645747},{"rango":{"min":40,"max":49},"vacunados":87166,"personasINE":97769,"porcentaje":0.8915504914645747},{"rango":{"min":50,"max":59},"vacunados":83886,"personasINE":89964,"porcentaje":0.9324396425236762},{"rango":{"min":60,"max":69},"vacunados":76438,"personasINE":77345,"porcentaje":0.9882733208352188},{"rango":{"min":70,"max":79},"vacunados":55873,"personasINE":55873,"porcentaje":1},{"rango":{"min":80,"max":null},"vacunados":42120,"personasINE":42120,"porcentaje":1}]}}},{"ccaa":"Castilla y Leon","dosisAdministradas":4163762,"dosisEntregadas":4840859,"dosisEntregadasModerna":409670,"dosisEntregadasPfizer":3867399,"dosisEntregadasAstrazeneca":466170,"dosisEntregadasJanssen":97620,"dosisPrimeraDosis":2016444,"dosisPautaCompletada":1978865,"porcentajeEntregadas":0.8601287498768297,"porcentajePoblacionAdministradas":1.7385822813140157,"porcentajePoblacionPrimeraDosis":0.8419678669582842,"porcentajePoblacionCompletas":0.8262767242970323,"fechaUltRegistro":1638316800000,"etarios":{"unaDosis":{"etarioTotal":{"vacunados":2016444,"personasINE":2176253,"porcentaje":0.9265669019181134},"etarioRangos":[{"rango":{"min":12,"max":19},"vacunados":146855,"personasINE":165342,"porcentaje":0.8328815294351819},{"rango":{"min":20,"max":29},"vacunados":175743,"personasINE":211006,"porcentaje":0.8868251193900442},{"rango":{"min":30,"max":39},"vacunados":214538,"personasINE":267783,"porcentaje":0.8868251193900442},{"rango":{"min":40,"max":49},"vacunados":322188,"personasINE":363305,"porcentaje":0.8868251193900442},{"rango":{"min":50,"max":59},"vacunados":354168,"personasINE":381175,"porcentaje":0.9291480291204827},{"rango":{"min":60,"max":69},"vacunados":321623,"personasINE":321623,"porcentaje":1},{"rango":{"min":70,"max":79},"vacunados":251638,"personasINE":251638,"porcentaje":1},{"rango":{"min":80,"max":null},"vacunados":229691,"personasINE":229691,"porcentaje":1}]},"pautaCompleta":{"etarioTotal":{"vacunados":1978865,"personasINE":2176253,"porcentaje":0.9092991485824489},"etarioRangos":[{"rango":{"min":12,"max":19},"vacunados":137337,"personasINE":165342,"porcentaje":0.8009535273878468},{"rango":{"min":20,"max":29},"vacunados":169006,"personasINE":211006,"porcentaje":0.873701160182216},{"rango":{"min":30,"max":39},"vacunados":208898,"personasINE":267783,"porcentaje":0.873701160182216},{"rango":{"min":40,"max":49},"vacunados":317420,"personasINE":363305,"porcentaje":0.873701160182216},{"rango":{"min":50,"max":59},"vacunados":349975,"personasINE":381175,"porcentaje":0.9181478323604644},{"rango":{"min":60,"max":69},"vacunados":318957,"personasINE":318575,"porcentaje":1.001199089696304},{"rango":{"min":70,"max":79},"vacunados":249780,"personasINE":249780,"porcentaje":1},{"rango":{"min":80,"max":null},"vacunados":227492,"personasINE":227492,"porcentaje":1}]}}},{"ccaa":"Castilla La Mancha","dosisAdministradas":3289838,"dosisEntregadas":3462900,"dosisEntregadasModerna":496270,"dosisEntregadasPfizer":2490795,"dosisEntregadasAstrazeneca":382100,"dosisEntregadasJanssen":93735,"dosisPrimeraDosis":1632952,"dosisPautaCompletada":1570780,"porcentajeEntregadas":0.9500239683502267,"porcentajePoblacionAdministradas":1.6085489049838624,"porcentajePoblacionPrimeraDosis":0.7984232510814234,"porcentajePoblacionCompletas":0.7680245802287381,"fechaUltRegistro":1638403200000},{"ccaa":"Cataluña","dosisAdministradas":11984025,"dosisEntregadas":12364030,"dosisEntregadasModerna":2004900,"dosisEntregadasPfizer":8469080,"dosisEntregadasAstrazeneca":1514300,"dosisEntregadasJanssen":375750,"dosisPrimeraDosis":6065937,"dosisPautaCompletada":5922099,"porcentajeEntregadas":0.969265280009835,"porcentajePoblacionAdministradas":1.5402682791123785,"porcentajePoblacionPrimeraDosis":0.7796354183334985,"porcentajePoblacionCompletas":0.7611483817384508,"fechaUltRegistro":1638403200000,"etarios":{"unaDosis":{"etarioTotal":{"vacunados":6065937,"personasINE":6868360,"porcentaje":0.8831710917890151},"etarioRangos":[{"rango":{"min":12,"max":19},"vacunados":548894,"personasINE":656166,"porcentaje":0.788938356368491},{"rango":{"min":20,"max":29},"vacunados":661868,"personasINE":838935,"porcentaje":0.8672934600590086},{"rango":{"min":30,"max":39},"vacunados":798692,"personasINE":1044652.0000000001,"porcentaje":0.8672934600590086},{"rango":{"min":40,"max":49},"vacunados":1142013,"personasINE":1316755,"porcentaje":0.8672934600590086},{"rango":{"min":50,"max":59},"vacunados":1032234,"personasINE":1091780,"porcentaje":0.9454597079997802},{"rango":{"min":60,"max":69},"vacunados":803125,"personasINE":837584,"porcentaje":0.9588590517488396},{"rango":{"min":70,"max":79},"vacunados":619564,"personasINE":635292,"porcentaje":0.9752428804392311},{"rango":{"min":80,"max":null},"vacunados":459547,"personasINE":459547,"porcentaje":1}]},"pautaCompleta":{"etarioTotal":{"vacunados":5922099,"personasINE":6868360,"porcentaje":0.8622289746023796},"etarioRangos":[{"rango":{"min":12,"max":19},"vacunados":526689,"personasINE":656166,"porcentaje":0.7507017826172468},{"rango":{"min":20,"max":29},"vacunados":629790,"personasINE":838935,"porcentaje":0.8502994102927272},{"rango":{"min":30,"max":39},"vacunados":768023,"personasINE":1044652,"porcentaje":0.8502994102927272},{"rango":{"min":40,"max":49},"vacunados":1119636,"personasINE":1316755,"porcentaje":0.8502994102927272},{"rango":{"min":50,"max":59},"vacunados":1019168,"personasINE":1091780,"porcentaje":0.9334920954771108},{"rango":{"min":60,"max":69},"vacunados":789830,"personasINE":837584,"porcentaje":0.9429860169248696},{"rango":{"min":70,"max":79},"vacunados":615198,"personasINE":635292,"porcentaje":0.9683704501237226},{"rango":{"min":80,"max":null},"vacunados":453765,"personasINE":453765,"porcentaje":1}]}}},{"ccaa":"C. Valenciana","dosisAdministradas":8168371,"dosisEntregadas":8876855,"dosisEntregadasModerna":1543650,"dosisEntregadasPfizer":6256180,"dosisEntregadasAstrazeneca":863900,"dosisEntregadasJanssen":213125,"dosisPrimeraDosis":4093220,"dosisPautaCompletada":4029904,"porcentajeEntregadas":0.920187498838271,"porcentajePoblacionAdministradas":1.6151474892102646,"porcentajePoblacionPrimeraDosis":0.8093601534241331,"porcentajePoblacionCompletas":0.7968405606648379,"fechaUltRegistro":1637798400000,"etarios":{"unaDosis":{"etarioTotal":{"vacunados":4093220,"personasINE":4488459,"porcentaje":0.9119432749636345},"etarioRangos":[{"rango":{"min":12,"max":19},"vacunados":376276,"personasINE":424531,"porcentaje":0.8309017565478197},{"rango":{"min":20,"max":29},"vacunados":428850,"personasINE":516126,"porcentaje":0.8865989187259566},{"rango":{"min":30,"max":39},"vacunados":513288,"personasINE":648759,"porcentaje":0.8865989187259566},{"rango":{"min":40,"max":49},"vacunados":755017,"personasINE":851588,"porcentaje":0.8865989187259566},{"rango":{"min":50,"max":59},"vacunados":716145,"personasINE":752334,"porcentaje":0.9518976943751046},{"rango":{"min":60,"max":69},"vacunados":571119,"personasINE":580728,"porcentaje":0.9834535272967724},{"rango":{"min":70,"max":79},"vacunados":434964,"personasINE":437862,"porcentaje":0.9933814763555641},{"rango":{"min":80,"max":null},"vacunados":297561,"personasINE":297561,"porcentaje":1}]},"pautaCompleta":{"etarioTotal":{"vacunados":4029904,"personasINE":4488459,"porcentaje":0.8978368745264244},"etarioRangos":[{"rango":{"min":12,"max":19},"vacunados":363695,"personasINE":424531,"porcentaje":0.8038986604046299},{"rango":{"min":20,"max":29},"vacunados":414913,"personasINE":516126,"porcentaje":0.8770027290191971},{"rango":{"min":30,"max":39},"vacunados":501641,"personasINE":648759,"porcentaje":0.8770027290191971},{"rango":{"min":40,"max":49},"vacunados":746845,"personasINE":851588,"porcentaje":0.8770027290191971},{"rango":{"min":50,"max":59},"vacunados":710688,"personasINE":752334,"porcentaje":0.9446442670409685},{"rango":{"min":60,"max":69},"vacunados":566263,"personasINE":580728,"porcentaje":0.9750916091526498},{"rango":{"min":70,"max":79},"vacunados":432264,"personasINE":437862,"porcentaje":0.9872151499787605},{"rango":{"min":80,"max":null},"vacunados":293595,"personasINE":293595,"porcentaje":1}]}}},{"ccaa":"Extremadura","dosisAdministradas":1871402,"dosisEntregadas":1930668,"dosisEntregadasModerna":231770,"dosisEntregadasPfizer":1464233,"dosisEntregadasAstrazeneca":185400,"dosisEntregadasJanssen":49265,"dosisPrimeraDosis":902290,"dosisPautaCompletada":888624,"porcentajeEntregadas":0.9693028526914,"porcentajePoblacionAdministradas":1.7588579559712665,"porcentajePoblacionPrimeraDosis":0.848027278528779,"porcentajePoblacionCompletas":0.8351831366360679,"fechaUltRegistro":1638403200000,"etarios":{"unaDosis":{"etarioTotal":{"vacunados":902290,"personasINE":953437,"porcentaje":0.9463551341095426},"etarioRangos":[{"rango":{"min":12,"max":19},"vacunados":78422,"personasINE":84750,"porcentaje":0.8319802329685846},{"rango":{"min":20,"max":29},"vacunados":94280,"personasINE":113320,"porcentaje":0.9194201662758473},{"rango":{"min":30,"max":39},"vacunados":113754,"personasINE":133479,"porcentaje":0.9194201662758473},{"rango":{"min":40,"max":49},"vacunados":146642,"personasINE":159494,"porcentaje":0.9194201662758473},{"rango":{"min":50,"max":59},"vacunados":161794,"personasINE":169216,"porcentaje":0.9561388993948563},{"rango":{"min":60,"max":69},"vacunados":133050,"personasINE":133050,"porcentaje":1},{"rango":{"min":70,"max":79},"vacunados":96022,"personasINE":96022,"porcentaje":1},{"rango":{"min":80,"max":null},"vacunados":78326,"personasINE":78326,"porcentaje":1}]},"pautaCompleta":{"etarioTotal":{"vacunados":888624,"personasINE":953437,"porcentaje":0.9320217277072318},"etarioRangos":[{"rango":{"min":12,"max":19},"vacunados":75845,"personasINE":84750,"porcentaje":0.8055330038828098},{"rango":{"min":20,"max":29},"vacunados":91283,"personasINE":113319.99999999999,"porcentaje":0.9078460631747902},{"rango":{"min":30,"max":39},"vacunados":111280,"personasINE":133479,"porcentaje":0.9078460631747902},{"rango":{"min":40,"max":49},"vacunados":144796,"personasINE":159494,"porcentaje":0.9078460631747902},{"rango":{"min":50,"max":59},"vacunados":160538,"personasINE":169216,"porcentaje":0.9487164334341907},{"rango":{"min":60,"max":69},"vacunados":131750,"personasINE":125296.99999999999,"porcentaje":1.051501632122078},{"rango":{"min":70,"max":79},"vacunados":95571,"personasINE":95571,"porcentaje":1},{"rango":{"min":80,"max":null},"vacunados":77561,"personasINE":77561,"porcentaje":1}]}}},{"ccaa":"Galicia","dosisAdministradas":4882275,"dosisEntregadas":5108079,"dosisEntregadasModerna":537400,"dosisEntregadasPfizer":3874579,"dosisEntregadasAstrazeneca":573400,"dosisEntregadasJanssen":122700,"dosisPrimeraDosis":2321090,"dosisPautaCompletada":2298111,"porcentajeEntregadas":0.955794732227125,"porcentajePoblacionAdministradas":1.8070325954477335,"porcentajePoblacionPrimeraDosis":0.8590841947591604,"porcentajePoblacionCompletas":0.8505791838757518,"fechaUltRegistro":1638403200000,"etarios":{"unaDosis":{"etarioTotal":{"vacunados":2321090,"personasINE":2454497,"porcentaje":0.9456479270498191},"etarioRangos":[{"rango":{"min":12,"max":19},"vacunados":171313,"personasINE":180007,"porcentaje":0.8705304765327018},{"rango":{"min":20,"max":29},"vacunados":201076,"personasINE":230981.00000000003,"porcentaje":0.9245929231692541},{"rango":{"min":30,"max":39},"vacunados":265737,"personasINE":323408,"porcentaje":0.9245929231692541},{"rango":{"min":40,"max":49},"vacunados":409799,"personasINE":443221,"porcentaje":0.9245929231692541},{"rango":{"min":50,"max":59},"vacunados":392034,"personasINE":405889,"porcentaje":0.9658650517752391},{"rango":{"min":60,"max":69},"vacunados":346896,"personasINE":346927,"porcentaje":0.9999106440259766},{"rango":{"min":70,"max":79},"vacunados":291650,"personasINE":291650,"porcentaje":1},{"rango":{"min":80,"max":null},"vacunados":242585,"personasINE":242585,"porcentaje":1}]},"pautaCompleta":{"etarioTotal":{"vacunados":2298111,"personasINE":2454497,"porcentaje":0.9362859274221969},"etarioRangos":[{"rango":{"min":12,"max":19},"vacunados":167313,"personasINE":180007,"porcentaje":0.8493902095843381},{"rango":{"min":20,"max":29},"vacunados":196193,"personasINE":230981,"porcentaje":0.9171226092626478},{"rango":{"min":30,"max":39},"vacunados":261702,"personasINE":323408,"porcentaje":0.9171226092626478},{"rango":{"min":40,"max":49},"vacunados":406488,"personasINE":443221,"porcentaje":0.9171226092626478},{"rango":{"min":50,"max":59},"vacunados":389716,"personasINE":405889,"porcentaje":0.9601541308091621},{"rango":{"min":60,"max":69},"vacunados":345498,"personasINE":346927,"porcentaje":0.9958809778426009},{"rango":{"min":70,"max":79},"vacunados":290311,"personasINE":290311,"porcentaje":1},{"rango":{"min":80,"max":null},"vacunados":240890,"personasINE":240890,"porcentaje":1}]}}},{"ccaa":"La Rioja","dosisAdministradas":533716,"dosisEntregadas":557305,"dosisEntregadasModerna":67600,"dosisEntregadasPfizer":421265,"dosisEntregadasAstrazeneca":53240,"dosisEntregadasJanssen":15200,"dosisPrimeraDosis":262296,"dosisPautaCompletada":257487,"porcentajeEntregadas":0.9576730874476275,"porcentajePoblacionAdministradas":1.6683108585432336,"porcentajePoblacionPrimeraDosis":0.8198953468744725,"porcentajePoblacionCompletas":0.8048631819801572,"fechaUltRegistro":1638403200000,"etarios":{"unaDosis":{"etarioTotal":{"vacunados":262296,"personasINE":283970,"porcentaje":0.9236750360953622},"etarioRangos":[{"rango":{"min":12,"max":19},"vacunados":22468,"personasINE":25532,"porcentaje":0.8078009061658677},{"rango":{"min":20,"max":29},"vacunados":24604,"personasINE":30458,"porcentaje":0.9030728842049597},{"rango":{"min":30,"max":39},"vacunados":31612,"personasINE":39319,"porcentaje":0.9030728842049597},{"rango":{"min":40,"max":49},"vacunados":47815,"personasINE":52947,"porcentaje":0.9030728842049597},{"rango":{"min":50,"max":59},"vacunados":45547,"personasINE":47664,"porcentaje":0.9555849278281302},{"rango":{"min":60,"max":69},"vacunados":38150,"personasINE":38150,"porcentaje":1},{"rango":{"min":70,"max":79},"vacunados":28701,"personasINE":28701,"porcentaje":1},{"rango":{"min":80,"max":null},"vacunados":23399,"personasINE":23399,"porcentaje":1}]},"pautaCompleta":{"etarioTotal":{"vacunados":257487,"personasINE":283970,"porcentaje":0.9067401486072473},"etarioRangos":[{"rango":{"min":12,"max":19},"vacunados":21718,"personasINE":25532,"porcentaje":0.7792369820736752},{"rango":{"min":20,"max":29},"vacunados":23734,"personasINE":30458,"porcentaje":0.8887000207754925},{"rango":{"min":30,"max":39},"vacunados":30811,"personasINE":39319,"porcentaje":0.8887000207754925},{"rango":{"min":40,"max":49},"vacunados":47054,"personasINE":52947,"porcentaje":0.8887000207754925},{"rango":{"min":50,"max":59},"vacunados":44898,"personasINE":47664,"porcentaje":0.9419687814702921},{"rango":{"min":60,"max":69},"vacunados":37513,"personasINE":37718,"porcentaje":0.9945649292115171},{"rango":{"min":70,"max":79},"vacunados":28576,"personasINE":28576,"porcentaje":1},{"rango":{"min":80,"max":null},"vacunados":23183,"personasINE":23183,"porcentaje":1}]}}},{"ccaa":"Madrid","dosisAdministradas":10628425,"dosisEntregadas":11464185,"dosisEntregadasModerna":1820800,"dosisEntregadasPfizer":8099835,"dosisEntregadasAstrazeneca":1222100,"dosisEntregadasJanssen":321450,"dosisPrimeraDosis":5417838,"dosisPautaCompletada":5297204,"porcentajeEntregadas":0.9270981757534443,"porcentajePoblacionAdministradas":1.5676402029060068,"porcentajePoblacionPrimeraDosis":0.7991043509863289,"porcentajePoblacionCompletas":0.7813114316932669,"fechaUltRegistro":1638403200000,"etarios":{"unaDosis":{"etarioTotal":{"vacunados":5417838,"personasINE":5977937,"porcentaje":0.9063056368777389},"etarioRangos":[{"rango":{"min":12,"max":19},"vacunados":466746,"personasINE":553542,"porcentaje":0.8319391225293781},{"rango":{"min":20,"max":29},"vacunados":617694,"personasINE":742475,"porcentaje":0.8949090500535605},{"rango":{"min":30,"max":39},"vacunados":764571,"personasINE":949639.9999999999,"porcentaje":0.8949090500535605},{"rango":{"min":40,"max":49},"vacunados":1043438,"personasINE":1165971,"porcentaje":0.8949090500535605},{"rango":{"min":50,"max":59},"vacunados":946528,"personasINE":972783,"porcentaje":0.973010424729873},{"rango":{"min":60,"max":69},"vacunados":691761,"personasINE":703323,"porcentaje":0.983560895918376},{"rango":{"min":70,"max":79},"vacunados":512317,"personasINE":526081,"porcentaje":0.9738367285646127},{"rango":{"min":80,"max":null},"vacunados":374783,"personasINE":374783,"porcentaje":1}]},"pautaCompleta":{"etarioTotal":{"vacunados":5297204,"personasINE":5977937,"porcentaje":0.8861257654605594},"etarioRangos":[{"rango":{"min":12,"max":19},"vacunados":451343,"personasINE":553542,"porcentaje":0.7937681403414256},{"rango":{"min":20,"max":29},"vacunados":589353,"personasINE":742475,"porcentaje":0.8764068746135195},{"rango":{"min":30,"max":39},"vacunados":736759,"personasINE":949640,"porcentaje":0.8764068746135195},{"rango":{"min":40,"max":49},"vacunados":1021865,"personasINE":1165971,"porcentaje":0.8764068746135195},{"rango":{"min":50,"max":59},"vacunados":937664,"personasINE":972783,"porcentaje":0.963898423389389},{"rango":{"min":60,"max":69},"vacunados":678234,"personasINE":703323,"porcentaje":0.9643279119266681},{"rango":{"min":70,"max":79},"vacunados":510161,"personasINE":526081,"porcentaje":0.9697385003450039},{"rango":{"min":80,"max":null},"vacunados":371825,"personasINE":371825,"porcentaje":1}]}}},{"ccaa":"Murcia","dosisAdministradas":2410105,"dosisEntregadas":2507175,"dosisEntregadasModerna":498000,"dosisEntregadasPfizer":1687865,"dosisEntregadasAstrazeneca":253010,"dosisEntregadasJanssen":68300,"dosisPrimeraDosis":1204219,"dosisPautaCompletada":1174864,"porcentajeEntregadas":0.9612831174529102,"porcentajePoblacionAdministradas":1.594774792539426,"porcentajePoblacionPrimeraDosis":0.7968358664444225,"porcentajePoblacionCompletas":0.7774115616796945,"fechaUltRegistro":1638403200000,"etarios":{"unaDosis":{"etarioTotal":{"vacunados":1204219,"personasINE":1310137,"porcentaje":0.9191550196658823},"etarioRangos":[{"rango":{"min":12,"max":19},"vacunados":122671,"personasINE":141894,"porcentaje":0.8352549811899123},{"rango":{"min":20,"max":29},"vacunados":143871,"personasINE":172248,"porcentaje":0.9177870371463308},{"rango":{"min":30,"max":39},"vacunados":169663,"personasINE":209003,"porcentaje":0.9177870371463308},{"rango":{"min":40,"max":49},"vacunados":233262,"personasINE":254157,"porcentaje":0.9177870371463308},{"rango":{"min":50,"max":59},"vacunados":208241,"personasINE":213256,"porcentaje":0.9764836628277751},{"rango":{"min":60,"max":69},"vacunados":148875,"personasINE":148875,"porcentaje":1},{"rango":{"min":70,"max":79},"vacunados":103559,"personasINE":103559,"porcentaje":1},{"rango":{"min":80,"max":null},"vacunados":74077,"personasINE":74077,"porcentaje":1}]},"pautaCompleta":{"etarioTotal":{"vacunados":1174864,"personasINE":1310137,"porcentaje":0.896748965947836},"etarioRangos":[{"rango":{"min":12,"max":19},"vacunados":118293,"personasINE":141894,"porcentaje":0.7964620779341415},{"rango":{"min":20,"max":29},"vacunados":137189,"personasINE":172248,"porcentaje":0.8981298960878512},{"rango":{"min":30,"max":39},"vacunados":163782,"personasINE":209003,"porcentaje":0.8981298960878512},{"rango":{"min":40,"max":49},"vacunados":228266,"personasINE":254157,"porcentaje":0.8981298960878512},{"rango":{"min":50,"max":59},"vacunados":205575,"personasINE":213256,"porcentaje":0.9639822560678246},{"rango":{"min":60,"max":69},"vacunados":145924,"personasINE":146909,"porcentaje":0.9932951691182977},{"rango":{"min":70,"max":79},"vacunados":102585,"personasINE":102899,"porcentaje":0.9969484640278331},{"rango":{"min":80,"max":null},"vacunados":73250,"personasINE":73250,"porcentaje":1}]}}},{"ccaa":"Navarra","dosisAdministradas":1084900,"dosisEntregadas":1116375,"dosisEntregadasModerna":151500,"dosisEntregadasPfizer":804525,"dosisEntregadasAstrazeneca":136600,"dosisEntregadasJanssen":23750,"dosisPrimeraDosis":532728,"dosisPautaCompletada":525192,"porcentajeEntregadas":0.9718060687493002,"porcentajePoblacionAdministradas":1.6408120424018864,"porcentajePoblacionPrimeraDosis":0.8057023852195336,"porcentajePoblacionCompletas":0.7943048743415351,"fechaUltRegistro":1638403200000,"etarios":{"unaDosis":{"etarioTotal":{"vacunados":532728,"personasINE":581354,"porcentaje":0.9163573313334045},"etarioRangos":[{"rango":{"min":12,"max":19},"vacunados":50289,"personasINE":56388,"porcentaje":0.858411496176259},{"rango":{"min":20,"max":29},"vacunados":58481,"personasINE":68127,"porcentaje":0.8878446695431567},{"rango":{"min":30,"max":39},"vacunados":64957,"personasINE":81341,"porcentaje":0.8878446695431567},{"rango":{"min":40,"max":49},"vacunados":95889,"personasINE":108002,"porcentaje":0.8878446695431567},{"rango":{"min":50,"max":59},"vacunados":92192,"personasINE":96694,"porcentaje":0.9534407512358575},{"rango":{"min":60,"max":69},"vacunados":72441,"personasINE":73844,"porcentaje":0.9810004875142192},{"rango":{"min":70,"max":79},"vacunados":55939,"personasINE":55939,"porcentaje":1},{"rango":{"min":80,"max":null},"vacunados":42540,"personasINE":42540,"porcentaje":1}]},"pautaCompleta":{"etarioTotal":{"vacunados":525192,"personasINE":581354,"porcentaje":0.9033944894160872},"etarioRangos":[{"rango":{"min":12,"max":19},"vacunados":49142,"personasINE":56388,"porcentaje":0.8286582412259457},{"rango":{"min":20,"max":29},"vacunados":56454,"personasINE":68127,"porcentaje":0.8782337364122886},{"rango":{"min":30,"max":39},"vacunados":63557,"personasINE":81341,"porcentaje":0.8782337364122886},{"rango":{"min":40,"max":49},"vacunados":94851,"personasINE":108002,"porcentaje":0.8782337364122886},{"rango":{"min":50,"max":59},"vacunados":91509,"personasINE":96694,"porcentaje":0.9463772312656421},{"rango":{"min":60,"max":69},"vacunados":71750,"personasINE":73844,"porcentaje":0.9716429229185851},{"rango":{"min":70,"max":79},"vacunados":55777,"personasINE":55792,"porcentaje":0.9997311442500717},{"rango":{"min":80,"max":null},"vacunados":42152,"personasINE":42152,"porcentaje":1}]}}},{"ccaa":"País Vasco","dosisAdministradas":3689666,"dosisEntregadas":3819750,"dosisEntregadasModerna":526100,"dosisEntregadasPfizer":2748150,"dosisEntregadasAstrazeneca":444200,"dosisEntregadasJanssen":101300,"dosisPrimeraDosis":1827444,"dosisPautaCompletada":1794290,"porcentajeEntregadas":0.9659443680869166,"porcentajePoblacionAdministradas":1.6616344757766706,"porcentajePoblacionPrimeraDosis":0.8229861328779412,"porcentajePoblacionCompletas":0.8080552883489515,"fechaUltRegistro":1638403200000,"etarios":{"unaDosis":{"etarioTotal":{"vacunados":1827444,"personasINE":1983943,"porcentaje":0.9211171893547345},"etarioRangos":[{"rango":{"min":12,"max":19},"vacunados":149922,"personasINE":168606,"porcentaje":0.8305596078081118},{"rango":{"min":20,"max":29},"vacunados":167386,"personasINE":201534,"porcentaje":0.8899713641120803},{"rango":{"min":30,"max":39},"vacunados":205693,"personasINE":260542.99999999997,"porcentaje":0.8899713641120803},{"rango":{"min":40,"max":49},"vacunados":322288,"personasINE":362133,"porcentaje":0.8899713641120803},{"rango":{"min":50,"max":59},"vacunados":324826,"personasINE":339977,"porcentaje":0.9554352206178653},{"rango":{"min":60,"max":69},"vacunados":279051,"personasINE":280119,"porcentaje":0.9961873346684802},{"rango":{"min":70,"max":79},"vacunados":213930,"personasINE":213930,"porcentaje":1},{"rango":{"min":80,"max":null},"vacunados":164348,"personasINE":164348,"porcentaje":1}]},"pautaCompleta":{"etarioTotal":{"vacunados":1794290,"personasINE":1983943,"porcentaje":0.9044060237617714},"etarioRangos":[{"rango":{"min":12,"max":19},"vacunados":146050,"personasINE":168606,"porcentaje":0.804281163476138},{"rango":{"min":20,"max":29},"vacunados":162090,"personasINE":201534,"porcentaje":0.8765122206482149},{"rango":{"min":30,"max":39},"vacunados":200028,"personasINE":260543,"porcentaje":0.8765122206482149},{"rango":{"min":40,"max":49},"vacunados":317414,"personasINE":362133,"porcentaje":0.8765122206482149},{"rango":{"min":50,"max":59},"vacunados":321245,"personasINE":339977,"porcentaje":0.9449021551457892},{"rango":{"min":60,"max":69},"vacunados":273217,"personasINE":280119,"porcentaje":0.9753604717994853},{"rango":{"min":70,"max":79},"vacunados":212232,"personasINE":213081,"porcentaje":0.996015599701522},{"rango":{"min":80,"max":null},"vacunados":162014,"personasINE":157950,"porcentaje":1.025729661285217}]}}},{"ccaa":"Ceuta","dosisAdministradas":122055,"dosisEntregadas":142225,"dosisEntregadasModerna":22270,"dosisEntregadasPfizer":97920,"dosisEntregadasAstrazeneca":18100,"dosisEntregadasJanssen":3935,"dosisPrimeraDosis":63353,"dosisPautaCompletada":60770,"porcentajeEntregadas":0.8581824573738794,"porcentajePoblacionAdministradas":1.4495498919265575,"porcentajePoblacionPrimeraDosis":0.7523930547967982,"porcentajePoblacionCompletas":0.7217168238284126,"fechaUltRegistro":1638403200000,"etarios":{"unaDosis":{"etarioTotal":{"vacunados":63353,"personasINE":70965,"porcentaje":0.8927358557035158},"etarioRangos":[{"rango":{"min":12,"max":19},"vacunados":8717,"personasINE":9126,"porcentaje":0.8577550834321145},{"rango":{"min":20,"max":29},"vacunados":9407,"personasINE":10967,"porcentaje":0.8880715076728366},{"rango":{"min":30,"max":39},"vacunados":9374,"personasINE":11894,"porcentaje":0.8880715076728366},{"rango":{"min":40,"max":49},"vacunados":11227,"personasINE":12642,"porcentaje":0.8880715076728366},{"rango":{"min":50,"max":59},"vacunados":10629,"personasINE":11556,"porcentaje":0.9197819314641744},{"rango":{"min":60,"max":69},"vacunados":7686,"personasINE":7857,"porcentaje":0.9782359679266895},{"rango":{"min":70,"max":79},"vacunados":3905,"personasINE":4318,"porcentaje":0.9043538675312645},{"rango":{"min":80,"max":null},"vacunados":2408,"personasINE":2605,"porcentaje":0.9243761996161228}]},"pautaCompleta":{"etarioTotal":{"vacunados":60770,"personasINE":70965,"porcentaje":0.8563376312266611},"etarioRangos":[{"rango":{"min":12,"max":19},"vacunados":7952,"personasINE":9126,"porcentaje":0.7874532688976019},{"rango":{"min":20,"max":29},"vacunados":8636,"personasINE":10967,"porcentaje":0.8684543584875811},{"rango":{"min":30,"max":39},"vacunados":8962,"personasINE":11894,"porcentaje":0.8684543584875811},{"rango":{"min":40,"max":49},"vacunados":10979,"personasINE":12642,"porcentaje":0.8684543584875811},{"rango":{"min":50,"max":59},"vacunados":10487,"personasINE":11556,"porcentaje":0.9074939425406715},{"rango":{"min":60,"max":69},"vacunados":7537,"personasINE":7857,"porcentaje":0.9592719867633956},{"rango":{"min":70,"max":79},"vacunados":3846,"personasINE":4318,"porcentaje":0.8906901343214451},{"rango":{"min":80,"max":null},"vacunados":2371,"personasINE":2605,"porcentaje":0.9101727447216891}]}}},{"ccaa":"Melilla","dosisAdministradas":110977,"dosisEntregadas":141100,"dosisEntregadasModerna":23500,"dosisEntregadasPfizer":96750,"dosisEntregadasAstrazeneca":15100,"dosisEntregadasJanssen":5750,"dosisPrimeraDosis":60280,"dosisPautaCompletada":57818,"porcentajeEntregadas":0.7865131112686038,"porcentajePoblacionAdministradas":1.2744843584914327,"porcentajePoblacionPrimeraDosis":0.6922688226376958,"porcentajePoblacionCompletas":0.6639946713216042,"fechaUltRegistro":1638403200000,"etarios":{"unaDosis":{"etarioTotal":{"vacunados":60280,"personasINE":70927,"porcentaje":0.8498879129245562},"etarioRangos":[{"rango":{"min":12,"max":19},"vacunados":8392,"personasINE":9574,"porcentaje":0.7740725302209254},{"rango":{"min":20,"max":29},"vacunados":9285,"personasINE":11995,"porcentaje":0.876770538243626},{"rango":{"min":30,"max":39},"vacunados":9050,"personasINE":12133,"porcentaje":0.876770538243626},{"rango":{"min":40,"max":49},"vacunados":10523,"personasINE":12002,"porcentaje":0.876770538243626},{"rango":{"min":50,"max":59},"vacunados":10078,"personasINE":11299,"porcentaje":0.8919373395875742},{"rango":{"min":60,"max":69},"vacunados":7455,"personasINE":7827,"porcentaje":0.9524722115753163},{"rango":{"min":70,"max":79},"vacunados":3410,"personasINE":3748,"porcentaje":0.9098185699039488},{"rango":{"min":80,"max":null},"vacunados":2087,"personasINE":2349,"porcentaje":0.8884631758194976}]},"pautaCompleta":{"etarioTotal":{"vacunados":57818,"personasINE":70927,"porcentaje":0.81517616704499},"etarioRangos":[{"rango":{"min":12,"max":19},"vacunados":7827,"personasINE":9574,"porcentaje":0.7102125885785744},{"rango":{"min":20,"max":29},"vacunados":8519,"personasINE":11995,"porcentaje":0.8566072321279786},{"rango":{"min":30,"max":39},"vacunados":8680,"personasINE":12133,"porcentaje":0.8566072321279786},{"rango":{"min":40,"max":49},"vacunados":10281,"personasINE":12002,"porcentaje":0.8566072321279786},{"rango":{"min":50,"max":59},"vacunados":9857,"personasINE":11299,"porcentaje":0.8723780865563324},{"rango":{"min":60,"max":69},"vacunados":7276,"personasINE":7827,"porcentaje":0.9296026574677398},{"rango":{"min":70,"max":79},"vacunados":3343,"personasINE":3748,"porcentaje":0.8919423692636073},{"rango":{"min":80,"max":null},"vacunados":2035,"personasINE":2349,"porcentaje":0.8663260962111536}]}}},{"ccaa":"Fuerzas Armadas","dosisAdministradas":177746,"dosisEntregadas":212238,"dosisEntregadasModerna":58300,"dosisEntregadasPfizer":48138,"dosisEntregadasAstrazeneca":103800,"dosisEntregadasJanssen":2000,"dosisPrimeraDosis":95248,"dosisPautaCompletada":89105,"porcentajeEntregadas":0.8374843336254583,"porcentajePoblacionAdministradas":null,"porcentajePoblacionPrimeraDosis":null,"porcentajePoblacionCompletas":null,"fechaUltRegistro":1638144000000},{"ccaa":"Sanidad Exterior","dosisAdministradas":7816,"dosisEntregadas":9915,"dosisEntregadasModerna":5540,"dosisEntregadasPfizer":0,"dosisEntregadasAstrazeneca":0,"dosisEntregadasJanssen":4375,"dosisPrimeraDosis":5982,"dosisPautaCompletada":5676,"porcentajeEntregadas":0.7883005547150782,"porcentajePoblacionAdministradas":null,"porcentajePoblacionPrimeraDosis":null,"porcentajePoblacionCompletas":null,"fechaUltRegistro":1638316800000,"etarios":{"unaDosis":{"etarioTotal":{"vacunados":5982,"personasINE":"-","porcentaje":"-"},"etarioRangos":[{"rango":{"min":12,"max":19},"vacunados":184,"personasINE":null,"porcentaje":"-"},{"rango":{"min":20,"max":29},"vacunados":1475,"personasINE":null,"porcentaje":"-"},{"rango":{"min":30,"max":39},"vacunados":1760,"personasINE":null,"porcentaje":"-"},{"rango":{"min":40,"max":49},"vacunados":1480,"personasINE":null,"porcentaje":"-"},{"rango":{"min":50,"max":59},"vacunados":757,"personasINE":null,"porcentaje":"-"},{"rango":{"min":60,"max":69},"vacunados":254,"personasINE":null,"porcentaje":"-"},{"rango":{"min":70,"max":79},"vacunados":43,"personasINE":null,"porcentaje":"-"},{"rango":{"min":80,"max":null},"vacunados":29,"personasINE":null,"porcentaje":"-"}]},"pautaCompleta":{"etarioTotal":{"vacunados":5676,"personasINE":"-","porcentaje":"-"},"etarioRangos":[{"rango":{"min":12,"max":19},"vacunados":168,"personasINE":null,"porcentaje":"-"},{"rango":{"min":20,"max":29},"vacunados":1402,"personasINE":null,"porcentaje":"-"},{"rango":{"min":30,"max":39},"vacunados":1672,"personasINE":null,"porcentaje":"-"},{"rango":{"min":40,"max":49},"vacunados":1408,"personasINE":null,"porcentaje":"-"},{"rango":{"min":50,"max":59},"vacunados":726,"personasINE":null,"porcentaje":"-"},{"rango":{"min":60,"max":69},"vacunados":232,"personasINE":null,"porcentaje":"-"},{"rango":{"min":70,"max":79},"vacunados":41,"personasINE":null,"porcentaje":"-"},{"rango":{"min":80,"max":null},"vacunados":27,"personasINE":null,"porcentaje":"-"}]}}},{"ccaa":"Totales","dosisAdministradas":77157350,"dosisEntregadas":81735879,"dosisEntregadasModerna":11968970,"dosisEntregadasPfizer":58565199,"dosisEntregadasAstrazeneca":9051120,"dosisEntregadasJanssen":2150590,"dosisPrimeraDosis":38409145,"dosisPautaCompletada":37655150,"porcentajeEntregadas":0.9439838531619633,"porcentajePoblacionAdministradas":1.6437441414571794,"porcentajePoblacionPrimeraDosis":0.8182604388581167,"porcentajePoblacionCompletas":0.8021974861525352,"fechaUltRegistro":null,"etarios":{"unaDosis":{"etarioTotal":{"vacunados":38409145,"personasINE":42119827,"porcentaje":0.9119017749052009},"etarioRangos":[{"rango":{"min":12,"max":19},"vacunados":3411755,"personasINE":3888686,"porcentaje":0.8253707044395547},{"rango":{"min":20,"max":29},"vacunados":4081161,"personasINE":4944640,"porcentaje":0.8909583530216478},{"rango":{"min":30,"max":39},"vacunados":4982220,"personasINE":6230403,"porcentaje":0.8909583530216478},{"rango":{"min":40,"max":49},"vacunados":7031209,"personasINE":7891737,"porcentaje":0.8909583530216478},{"rango":{"min":50,"max":59},"vacunados":6711052,"personasINE":7033306,"porcentaje":0.9541817176730261},{"rango":{"min":60,"max":69},"vacunados":5297746,"personasINE":5336986,"porcentaje":0.9926475355191113},{"rango":{"min":70,"max":79},"vacunados":3951371,"personasINE":3960045,"porcentaje":0.9978096208502681},{"rango":{"min":80,"max":null},"vacunados":2942631,"personasINE":2942631,"porcentaje":1}]},"pautaCompleta":{"etarioTotal":{"vacunados":37655150,"personasINE":42119827,"porcentaje":0.8940005855199737},"etarioRangos":[{"rango":{"min":12,"max":19},"vacunados":3290876,"personasINE":3888686,"porcentaje":0.7919935526145483},{"rango":{"min":20,"max":29},"vacunados":3916123,"personasINE":4944640,"porcentaje":0.8763592856680348},{"rango":{"min":30,"max":39},"vacunados":4831014,"personasINE":6230403,"porcentaje":0.8763592856680348},{"rango":{"min":40,"max":49},"vacunados":6915997,"personasINE":7891737,"porcentaje":0.8763592856680348},{"rango":{"min":50,"max":59},"vacunados":6639232,"personasINE":7033306,"porcentaje":0.9439703035812745},{"rango":{"min":60,"max":69},"vacunados":5225567,"personasINE":5336986,"porcentaje":0.9791232354741046},{"rango":{"min":70,"max":79},"vacunados":3926114,"personasINE":3960045,"porcentaje":0.9914316630240313},{"rango":{"min":80,"max":null},"vacunados":2910227,"personasINE":2910227,"porcentaje":1}]}}}]